open_time_ms,open,high,low,close
1666137600000,7.325,7.44,6.545,6.73
1666152000000,6.73,8.17,6.67,7.565
1666166400000,7.565,8.385,7.29,7.86
1666180800000,7.86,7.92,7.49,7.815
1666195200000,7.815,7.83,6.95,7.035
1666209600000,7.035,7.41,6.785,7.31
1666224000000,7.31,7.625,6.9,7.495
1666238400000,7.495,7.735,7.33,7.5
1666252800000,7.5,7.67,7.295,7.48
1666267200000,7.48,7.5,7.16,7.26
1666281600000,7.26,7.27,6.98,7.255
1666296000000,7.255,7.45,7.22,7.355
1666310400000,7.355,7.675,7.155,7.56
1666324800000,7.56,7.62,7.42,7.43
1666339200000,7.43,7.465,7.01,7.07
1666353600000,7.07,7.495,6.985,7.48
1666368000000,7.48,7.6,7.305,7.48
1666382400000,7.48,7.535,7.385,7.495
1666396800000,7.495,7.695,7.35,7.47
1666411200000,7.47,7.49,7.335,7.475
1666425600000,7.475,8.63,7.445,8.195
1666440000000,8.195,8.915,8.0,8.67
1666454400000,8.67,9.345,8.56,8.75
1666468800000,8.75,9.23,8.7,8.93
1666483200000,8.93,9.54,8.845,9.33
1666497600000,9.33,10.19,9.23,9.985
1666512000000,9.985,10.175,9.35,9.615
1666526400000,9.615,9.77,9.3,9.625
1666540800000,9.625,9.695,9.015,9.64
1666555200000,9.64,9.83,9.425,9.745
1666569600000,9.745,9.875,9.285,9.445
1666584000000,9.445,9.645,9.205,9.57
1666598400000,9.57,9.69,9.38,9.495
1666612800000,9.495,9.96,9.455,9.685
1666627200000,9.685,9.72,9.45,9.625
1666641600000,9.625,9.65,9.27,9.525
1666656000000,9.525,9.56,9.095,9.265
1666670400000,9.265,9.33,9.045,9.17
1666684800000,9.17,9.3,9.06,9.21
1666699200000,9.21,9.49,9.14,9.42
1666713600000,9.42,9.46,8.595,8.795
1666728000000,8.795,8.83,8.505,8.77
1666742400000,8.77,8.895,8.6,8.835
1666756800000,8.835,9.285,8.715,9.155
1666771200000,9.155,9.215,8.78,8.895
1666785600000,8.895,9.07,8.66,8.965
1666800000000,8.965,9.12,8.75,8.83
1666814400000,8.83,9.25,8.8,9.195
1666828800000,9.195,9.475,9.09,9.14
1666843200000,9.14,9.57,9.13,9.375
1666857600000,9.375,9.635,9.145,9.23
1666872000000,9.23,9.29,9.005,9.18
1666886400000,9.18,9.235,9.015,9.185
1666900800000,9.185,9.2,8.575,8.69
1666915200000,8.69,8.825,8.055,8.195
1666929600000,8.195,8.27,7.92,7.995
1666944000000,7.995,8.145,7.965,8.045
1666958400000,8.045,8.26,7.965,8.19
1666972800000,8.19,8.42,8.13,8.315
1666987200000,8.315,8.445,8.075,8.175
1667001600000,8.175,8.385,8.01,8.295
1667016000000,8.295,8.36,8.155,8.265
1667030400000,8.265,8.365,8.1,8.145
1667044800000,8.145,8.225,7.725,7.945
1667059200000,7.945,8.19,7.56,7.82
1667073600000,7.82,8.045,7.81,7.955
1667088000000,7.955,8.36,7.955,8.12
1667102400000,8.12,8.135,7.58,7.89
1667116800000,7.89,7.92,7.75,7.86
1667131200000,7.86,8.04,7.685,7.805
1667145600000,7.805,7.9,7.63,7.815
1667160000000,7.815,7.955,7.695,7.805
1667174400000,7.805,8.045,7.72,7.91
1667188800000,7.91,8.21,7.785,7.915
1667203200000,7.915,8.065,7.79,7.99
1667217600000,7.99,8.0,7.675,7.83
1667232000000,7.83,7.875,7.7,7.79
1667246400000,7.79,7.965,7.78,7.935
1667260800000,7.935,8.08,7.805,7.97
1667275200000,7.97,8.18,7.865,8.115
1667289600000,8.115,8.265,7.96,8.015
1667304000000,8.015,8.125,7.87,7.94
1667318400000,7.94,8.31,7.935,8.135
1667332800000,8.135,8.31,8.105,8.19
1667347200000,8.19,8.205,7.965,8.02
1667361600000,8.02,8.05,7.545,7.675
1667376000000,7.675,7.765,7.105,7.295
1667390400000,7.295,7.375,7.22,7.23
1667404800000,7.23,7.455,7.11,7.31
1667419200000,7.31,7.385,7.22,7.37
1667433600000,7.37,7.54,7.335,7.465
1667448000000,7.465,7.555,7.37,7.39
1667462400000,7.39,7.475,7.2,7.27
1667476800000,7.27,7.425,7.205,7.35
1667491200000,7.35,7.395,7.295,7.39
1667505600000,7.39,7.395,7.165,7.225
1667520000000,7.225,7.325,7.15,7.305
1667534400000,7.305,7.45,7.275,7.395
1667548800000,7.395,7.435,7.265,7.285
1667563200000,7.285,7.58,7.215,7.31
1667577600000,7.31,7.475,7.255,7.475
1667592000000,7.475,7.79,7.45,7.655
1667606400000,7.655,7.87,7.515,7.725
1667620800000,7.725,7.76,7.585,7.76
1667635200000,7.76,7.76,7.52,7.69
1667649600000,7.69,7.815,7.54,7.73
1667664000000,7.73,7.995,7.7,7.79
1667678400000,7.79,7.855,7.565,7.625
1667692800000,7.625,7.855,7.525,7.68
1667707200000,7.68,8.135,7.575,8.07
1667721600000,8.07,8.225,7.86,7.945
1667736000000,7.945,8.07,7.745,7.795
1667750400000,7.795,7.835,7.58,7.65
1667764800000,7.65,7.76,7.185,7.305
1667779200000,7.305,7.46,7.255,7.33
1667793600000,7.33,7.35,6.77,6.88
1667808000000,6.88,7.135,6.88,7.11
1667822400000,7.11,7.185,6.975,7.09
1667836800000,7.09,7.225,7.005,7.18
1667851200000,7.18,7.215,6.8,7.0
1667865600000,7.0,7.02,5.97,6.225
1667880000000,6.225,6.415,5.98,6.38
1667894400000,6.38,6.385,6.15,6.18
1667908800000,6.18,6.245,5.975,6.2
1667923200000,6.2,6.685,4.455,5.2
1667937600000,5.2,5.46,5.02,5.37
1667952000000,5.37,5.385,4.89,5.01
1667966400000,5.01,5.015,4.575,4.61
1667980800000,4.61,4.62,4.11,4.595
1667995200000,4.595,4.655,4.225,4.265
1668009600000,4.265,4.425,3.66,4.0
1668024000000,4.0,4.035,3.445,3.93
1668038400000,3.93,4.315,3.835,4.18
1668052800000,4.18,4.46,4.125,4.295
1668067200000,4.295,4.315,4.025,4.13
1668081600000,4.13,5.5,4.115,5.25
1668096000000,5.25,5.425,4.835,5.09
1668110400000,5.09,5.24,4.975,5.15
1668124800000,5.15,5.315,4.74,4.795
1668139200000,4.795,5.195,4.715,5.145
1668153600000,5.145,5.34,5.045,5.14
1668168000000,5.14,5.305,4.475,4.705
1668182400000,4.705,4.81,4.57,4.74
1668196800000,4.74,5.195,4.68,5.17
1668211200000,5.17,5.18,4.865,4.9
1668225600000,4.9,4.95,4.465,4.67
1668240000000,4.67,4.79,4.605,4.66
1668254400000,4.66,4.735,4.565,4.655
1668268800000,4.655,4.67,4.535,4.59
1668283200000,4.59,4.605,4.42,4.545
1668297600000,4.545,4.62,4.36,4.515
1668312000000,4.515,4.58,4.21,4.29
1668326400000,4.29,4.43,4.085,4.285
1668340800000,4.285,4.37,4.215,4.28
1668355200000,4.28,4.36,4.22,4.345
1668369600000,4.345,4.35,4.155,4.215
1668384000000,4.215,4.25,3.73,3.87
1668398400000,3.87,4.495,3.765,4.45
1668412800000,4.45,4.51,4.22,4.26
1668427200000,4.26,4.445,4.06,4.145
1668441600000,4.145,4.175,4.005,4.025
1668456000000,4.025,4.215,4.005,4.195
1668470400000,4.195,4.26,4.11,4.2
1668484800000,4.2,4.75,4.15,4.61
1668499200000,4.61,4.66,4.42,4.465
1668513600000,4.465,4.655,4.25,4.32
1668528000000,4.32,4.375,4.18,4.27
1668542400000,4.27,4.365,4.25,4.335
1668556800000,4.335,4.765,4.245,4.415
1668571200000,4.415,4.46,4.36,4.37
1668585600000,4.37,4.43,4.195,4.235
1668600000000,4.235,4.39,4.145,4.275
1668614400000,4.275,4.8,4.265,4.68
1668628800000,4.68,4.98,4.465,4.5
1668643200000,4.5,4.58,4.4,4.44
1668657600000,4.44,4.59,4.345,4.565
1668672000000,4.565,4.725,4.485,4.71
1668686400000,4.71,4.845,4.525,4.555
1668700800000,4.555,4.725,4.53,4.685
1668715200000,4.685,4.805,4.61,4.655
1668729600000,4.655,4.925,4.585,4.84
1668744000000,4.84,4.855,4.725,4.75
1668758400000,4.75,4.8,4.685,4.755
1668772800000,4.755,4.875,4.65,4.765
1668787200000,4.765,4.78,4.53,4.645
1668801600000,4.645,4.75,4.61,4.72
1668816000000,4.72,4.77,4.655,4.705
1668830400000,4.705,4.705,4.5,4.54
1668844800000,4.54,4.6,4.515,4.57
1668859200000,4.57,4.615,4.55,4.58
1668873600000,4.58,4.605,4.52,4.57
1668888000000,4.57,4.665,4.545,4.62
1668902400000,4.62,4.62,4.54,4.6
1668916800000,4.6,4.635,4.555,4.575
1668931200000,4.575,4.575,4.305,4.355
1668945600000,4.355,4.425,4.315,4.39
1668960000000,4.39,4.425,4.335,4.395
1668974400000,4.395,4.41,4.025,4.1
1668988800000,4.1,4.1,3.9,4.01
1669003200000,4.01,4.11,3.965,3.995
1669017600000,3.995,4.065,3.97,4.005
1669032000000,4.005,4.13,3.98,4.095
1669046400000,4.095,4.145,3.855,3.98
1669060800000,3.98,4.14,3.93,4.06
1669075200000,4.06,4.14,3.995,4.025
1669089600000,4.025,4.03,3.855,3.95
1669104000000,3.95,3.98,3.875,3.94
1669118400000,3.94,4.51,3.905,4.39
1669132800000,4.39,4.425,4.195,4.265
1669147200000,4.265,4.34,4.25,4.315
1669161600000,4.315,4.49,4.24,4.425
1669176000000,4.425,4.585,4.405,4.47
1669190400000,4.47,4.51,4.405,4.46
1669204800000,4.46,4.46,4.335,4.365
1669219200000,4.365,4.445,4.29,4.34
1669233600000,4.34,4.47,4.31,4.44
1669248000000,4.44,4.515,4.38,4.45
1669262400000,4.45,4.485,4.38,4.415
1669276800000,4.415,4.415,4.225,4.28
1669291200000,4.28,4.445,4.23,4.445
1669305600000,4.445,4.725,4.4,4.455
1669320000000,4.455,4.515,4.405,4.435
1669334400000,4.435,4.455,4.255,4.31
1669348800000,4.31,4.375,4.245,4.36
1669363200000,4.36,4.405,4.285,4.365
1669377600000,4.365,4.555,4.325,4.485
1669392000000,4.485,4.525,4.435,4.45
1669406400000,4.45,4.475,4.385,4.425
1669420800000,4.425,4.85,4.405,4.75
1669435200000,4.75,4.84,4.71,4.79
1669449600000,4.79,5.02,4.755,4.905
1669464000000,4.905,4.965,4.755,4.82
1669478400000,4.82,4.855,4.715,4.795
1669492800000,4.795,4.85,4.685,4.76
1669507200000,4.76,5.03,4.745,4.97
1669521600000,4.97,4.97,4.635,4.71
1669536000000,4.71,4.725,4.615,4.705
1669550400000,4.705,4.735,4.64,4.73
1669564800000,4.73,4.76,4.665,4.705
1669579200000,4.705,4.825,4.685,4.795
1669593600000,4.795,4.795,4.3,4.47
1669608000000,4.47,4.505,4.415,4.47
1669622400000,4.47,4.485,4.4,4.45
1669636800000,4.45,4.5,4.385,4.415
1669651200000,4.415,4.535,4.355,4.475
1669665600000,4.475,4.5,4.445,4.47
1669680000000,4.47,4.61,4.415,4.555
1669694400000,4.555,4.785,4.555,4.685
1669708800000,4.685,4.775,4.675,4.705
1669723200000,4.705,4.73,4.62,4.68
1669737600000,4.68,4.74,4.625,4.71
1669752000000,4.71,4.745,4.66,4.665
1669766400000,4.665,4.875,4.665,4.765
1669780800000,4.765,4.81,4.69,4.76
1669795200000,4.76,4.78,4.66,4.695
1669809600000,4.695,4.715,4.64,4.69
1669824000000,4.69,4.725,4.56,4.71
1669838400000,4.71,4.81,4.7,4.77
1669852800000,4.77,4.785,4.685,4.72
1669867200000,4.72,4.74,4.635,4.68
1669881600000,4.68,4.74,4.665,4.73
1669896000000,4.73,4.765,4.595,4.65
1669910400000,4.65,4.66,4.62,4.635
1669924800000,4.635,4.655,4.585,4.645
1669939200000,4.645,4.695,4.49,4.58
1669953600000,4.58,4.63,4.535,4.61
1669968000000,4.61,4.68,4.605,4.635
1669982400000,4.635,4.695,4.525,4.69
1669996800000,4.69,4.95,4.65,4.92
1670011200000,4.92,5.06,4.855,4.895
1670025600000,4.895,5.145,4.87,5.015
1670040000000,5.015,5.135,4.93,4.98
1670054400000,4.98,5.07,4.94,5.005
1670068800000,5.005,5.23,4.98,5.21
1670083200000,5.21,5.24,5.14,5.145
1670097600000,5.145,5.275,5.065,5.105
1670112000000,5.105,5.275,5.05,5.175
1670126400000,5.175,5.365,5.16,5.255
1670140800000,5.255,5.355,5.16,5.18
1670155200000,5.18,5.255,5.1,5.13
1670169600000,5.13,5.195,5.105,5.16
1670184000000,5.16,5.215,5.13,5.18
1670198400000,5.18,5.425,5.12,5.35
1670212800000,5.35,5.405,5.31,5.33
1670227200000,5.33,5.375,5.26,5.33
1670241600000,5.33,5.335,5.15,5.205
1670256000000,5.205,5.35,5.0,5.055
1670270400000,5.055,5.18,5.025,5.16
1670284800000,5.16,5.415,5.16,5.225
1670299200000,5.225,5.245,5.12,5.175
1670313600000,5.175,5.3,5.155,5.195
1670328000000,5.195,5.215,5.07,5.12
1670342400000,5.12,5.125,4.86,4.945
1670356800000,4.945,5.07,4.92,5.045
1670371200000,5.045,5.055,4.945,4.96
1670385600000,4.96,4.965,4.595,4.73
1670400000000,4.73,4.875,4.71,4.81
1670414400000,4.81,4.86,4.76,4.785
1670428800000,4.785,4.82,4.73,4.76
1670443200000,4.76,4.825,4.725,4.815
1670457600000,4.815,4.915,4.765,4.81
1670472000000,4.81,4.825,4.68,4.79
1670486400000,4.79,4.85,4.71,4.795
1670500800000,4.795,4.885,4.75,4.83
1670515200000,4.83,4.94,4.81,4.935
1670529600000,4.935,4.94,4.885,4.915
1670544000000,4.915,4.92,4.855,4.875
1670558400000,4.875,4.945,4.86,4.925
1670572800000,4.925,4.925,4.87,4.9
1670587200000,4.9,4.925,4.755,4.82
1670601600000,4.82,4.835,4.76,4.8
1670616000000,4.8,4.81,4.75,4.8
1670630400000,4.8,4.81,4.77,4.8
1670644800000,4.8,4.82,4.775,4.82
1670659200000,4.82,4.82,4.765,4.8
1670673600000,4.8,4.835,4.78,4.825
1670688000000,4.825,4.835,4.78,4.8
1670702400000,4.8,4.805,4.755,4.78
1670716800000,4.78,4.805,4.77,4.79
1670731200000,4.79,4.905,4.78,4.87
1670745600000,4.87,4.875,4.815,4.84
1670760000000,4.84,4.855,4.8,4.81
1670774400000,4.81,4.855,4.785,4.805
1670788800000,4.805,4.81,4.615,4.665
1670803200000,4.665,4.71,4.3,4.465
1670817600000,4.465,4.475,4.41,4.425
1670832000000,4.425,4.485,4.385,4.47
1670846400000,4.47,4.485,4.37,4.39
1670860800000,4.39,4.455,4.39,4.445
1670875200000,4.445,4.54,4.43,4.52
1670889600000,4.52,4.555,4.43,4.435
1670904000000,4.435,4.46,4.265,4.36
1670918400000,4.36,4.46,4.345,4.445
1670932800000,4.445,4.67,4.435,4.55
1670947200000,4.55,4.63,4.545,4.62
1670961600000,4.62,4.65,4.6,4.62
1670976000000,4.62,4.735,4.62,4.665
1670990400000,4.665,4.7,4.615,4.675
1671004800000,4.675,4.685,4.63,4.645
1671019200000,4.645,4.675,4.6,4.665
1671033600000,4.665,4.755,4.48,4.56
1671048000000,4.56,4.74,4.54,4.695
1671062400000,4.695,4.78,4.51,4.675
1671076800000,4.675,4.7,4.625,4.64
1671091200000,4.64,4.785,4.625,4.765
1671105600000,4.765,4.795,4.685,4.715
1671120000000,4.715,4.725,4.625,4.66
1671134400000,4.66,4.685,4.595,4.66
1671148800000,4.66,4.74,4.655,4.705
1671163200000,4.705,4.71,4.655,4.695
1671177600000,4.695,4.7,4.405,4.465
1671192000000,4.465,4.47,4.335,4.365
1671206400000,4.365,4.425,4.3,4.405
1671220800000,4.405,4.415,3.96,4.04
1671235200000,4.04,4.145,3.995,4.065
1671249600000,4.065,4.1,4.03,4.1
1671264000000,4.1,4.105,4.055,4.075
1671278400000,4.075,4.095,3.965,4.025
1671292800000,4.025,4.03,3.955,3.975
1671307200000,3.975,4.1,3.96,4.08
1671321600000,4.08,4.095,4.03,4.07
1671336000000,4.07,4.1,4.015,4.025
1671350400000,4.025,4.04,3.97,4.02
1671364800000,4.02,4.065,4.01,4.015
1671379200000,4.015,4.085,4.005,4.075
1671393600000,4.075,4.1,4.035,4.05
1671408000000,4.05,4.095,3.915,3.97
1671422400000,3.97,4.04,3.955,4.04
1671436800000,4.04,4.095,4.025,4.085
1671451200000,4.085,4.135,4.03,4.045
1671465600000,4.045,4.06,3.82,3.85
1671480000000,3.85,3.89,3.66,3.8
1671494400000,3.8,3.895,3.785,3.875
1671508800000,3.875,3.93,3.875,3.9
1671523200000,3.9,3.925,3.87,3.885
1671537600000,3.885,3.925,3.82,3.89
1671552000000,3.89,3.89,3.825,3.86
1671566400000,3.86,3.92,3.85,3.89
1671580800000,3.89,3.905,3.8,3.815
1671595200000,3.815,3.815,3.725,3.775
1671609600000,3.775,3.81,3.74,3.795
1671624000000,3.795,3.795,3.74,3.79
1671638400000,3.79,3.795,3.675,3.685
1671652800000,3.685,3.765,3.675,3.765
1671667200000,3.765,3.78,3.735,3.765
1671681600000,3.765,3.78,3.69,3.715
1671696000000,3.715,3.76,3.695,3.73
1671710400000,3.73,3.75,3.6,3.645
1671724800000,3.645,3.66,3.56,3.61
1671739200000,3.61,3.715,3.605,3.71
1671753600000,3.71,3.775,3.685,3.745
1671768000000,3.745,3.755,3.715,3.755
1671782400000,3.755,3.765,3.72,3.735
1671796800000,3.735,3.775,3.7,3.76
1671811200000,3.76,3.81,3.745,3.77
1671825600000,3.77,3.775,3.73,3.745
1671840000000,3.745,3.755,3.71,3.73
1671854400000,3.73,3.775,3.725,3.755
1671868800000,3.755,3.76,3.71,3.73
1671883200000,3.73,3.74,3.715,3.73
1671897600000,3.73,3.74,3.705,3.715
1671912000000,3.715,3.73,3.665,3.69
1671926400000,3.69,3.715,3.67,3.7
1671940800000,3.7,3.72,3.685,3.69
1671955200000,3.69,3.69,3.63,3.655
1671969600000,3.655,3.655,3.52,3.575
1671984000000,3.575,3.58,3.505,3.575
1671998400000,3.575,3.6,3.54,3.575
1672012800000,3.575,3.645,3.55,3.62
1672027200000,3.62,3.635,3.58,3.58
1672041600000,3.58,3.605,3.56,3.595
1672056000000,3.595,3.605,3.56,3.58
1672070400000,3.58,3.615,3.565,3.605
1672084800000,3.605,3.655,3.595,3.645
1672099200000,3.645,3.675,3.595,3.605
1672113600000,3.605,3.62,3.595,3.615
1672128000000,3.615,3.635,3.585,3.615
1672142400000,3.615,3.63,3.55,3.57
1672156800000,3.57,3.575,3.52,3.56
1672171200000,3.56,3.595,3.56,3.595
1672185600000,3.595,3.61,3.425,3.465
1672200000000,3.465,3.47,3.135,3.285
1672214400000,3.285,3.3,3.25,3.26
1672228800000,3.26,3.36,3.23,3.24
1672243200000,3.24,3.27,3.22,3.235
1672257600000,3.235,3.25,3.18,3.235
1672272000000,3.235,3.245,3.13,3.21
1672286400000,3.21,3.22,3.17,3.19
1672300800000,3.19,3.205,3.145,3.19
1672315200000,3.19,3.205,3.18,3.18
1672329600000,3.18,3.255,3.18,3.23
1672344000000,3.23,3.235,3.06,3.205
1672358400000,3.205,3.24,3.18,3.205
1672372800000,3.205,3.22,3.115,3.15
1672387200000,3.15,3.185,3.145,3.16
1672401600000,3.16,3.32,3.15,3.265
1672416000000,3.265,3.325,3.245,3.295
1672430400000,3.295,3.5,3.29,3.41
1672444800000,3.41,3.415,3.32,3.35
1672459200000,3.35,3.385,3.33,3.365
1672473600000,3.365,3.42,3.345,3.36
1672488000000,3.36,3.48,3.355,3.45
1672502400000,3.45,3.48,3.415,3.45
1672516800000,3.45,3.54,3.41,3.445
1672531200000,3.445,3.495,3.405,3.48
1672545600000,3.48,3.485,3.435,3.46
1672560000000,3.46,3.48,3.44,3.455
1672574400000,3.455,3.48,3.425,3.46
1672588800000,3.46,3.5,3.45,3.485
1672603200000,3.485,3.545,3.485,3.52
1672617600000,3.52,3.535,3.44,3.5
1672632000000,3.5,3.925,3.465,3.7
1672646400000,3.7,3.79,3.655,3.73
1672660800000,3.73,3.8,3.73,3.765
1672675200000,3.765,3.795,3.74,3.78
1672689600000,3.78,3.78,3.74,3.755
1672704000000,3.755,3.84,3.65,3.685
1672718400000,3.685,3.785,3.68,3.755
1672732800000,3.755,3.81,3.72,3.755
1672747200000,3.755,3.86,3.73,3.835
1672761600000,3.835,3.915,3.745,3.77
1672776000000,3.77,3.84,3.77,3.815
1672790400000,3.815,3.97,3.795,3.955
1672804800000,3.955,3.985,3.9,3.98
1672819200000,3.98,4.02,3.935,3.955
1672833600000,3.955,3.975,3.88,3.94
1672848000000,3.94,3.94,3.805,3.82
1672862400000,3.82,3.83,3.695,3.805
1672876800000,3.805,3.845,3.74,3.78
1672891200000,3.78,3.805,3.72,3.755
1672905600000,3.755,3.765,3.7,3.745
1672920000000,3.745,3.76,3.645,3.715
1672934400000,3.715,3.74,3.67,3.725
1672948800000,3.725,3.745,3.67,3.705
1672963200000,3.705,3.795,3.7,3.73
1672977600000,3.73,3.74,3.625,3.66
1672992000000,3.66,3.68,3.585,3.61
1673006400000,3.61,3.71,3.58,3.705
1673020800000,3.705,3.9,3.695,3.88
1673035200000,3.88,3.905,3.825,3.855
1673049600000,3.855,3.9,3.82,3.85
1673064000000,3.85,3.86,3.785,3.84
1673078400000,3.84,3.845,3.805,3.815
1673092800000,3.815,3.84,3.78,3.835
1673107200000,3.835,3.835,3.795,3.815
1673121600000,3.815,3.835,3.795,3.83
1673136000000,3.83,3.84,3.755,3.79
1673150400000,3.79,3.81,3.775,3.775
1673164800000,3.775,3.845,3.775,3.785
1673179200000,3.785,3.82,3.76,3.82
1673193600000,3.82,3.83,3.73,3.75
1673208000000,3.75,3.955,3.75,3.93
1673222400000,3.93,4.15,3.89,4.045
1673236800000,4.045,4.085,4.01,4.045
1673251200000,4.045,4.245,4.03,4.18
1673265600000,4.18,4.705,4.095,4.605
1673280000000,4.605,5.41,4.565,5.08
1673294400000,5.08,5.715,4.825,5.21
1673308800000,5.21,5.34,4.93,5.09
1673323200000,5.09,5.58,5.035,5.37
1673337600000,5.37,5.94,5.28,5.485
1673352000000,5.485,5.84,5.4,5.725
1673366400000,5.725,5.76,5.515,5.65
1673380800000,5.65,5.735,5.445,5.48
1673395200000,5.48,5.525,5.12,5.24
1673409600000,5.24,5.34,5.18,5.265
1673424000000,5.265,5.315,5.195,5.215
1673438400000,5.215,5.235,5.045,5.09
1673452800000,5.09,5.305,5.0,5.15
1673467200000,5.15,5.34,5.075,5.29
1673481600000,5.29,5.43,5.235,5.32
1673496000000,5.32,5.335,5.125,5.19
1673510400000,5.19,5.315,5.09,5.3
1673524800000,5.3,5.315,5.02,5.14
1673539200000,5.14,6.27,5.115,6.18
1673553600000,6.18,6.58,6.18,6.45
1673568000000,6.45,6.575,6.26,6.34
1673582400000,6.34,6.39,6.195,6.36
1673596800000,6.36,7.0,6.335,6.7
1673611200000,6.7,6.945,6.61,6.815
1673625600000,6.815,7.19,6.63,6.79
1673640000000,6.79,7.035,6.58,6.81
1673654400000,6.81,8.125,6.755,7.87
1673668800000,7.87,8.295,7.755,8.035
1673683200000,8.035,8.17,7.1,7.685
1673697600000,7.685,7.77,7.25,7.465
1673712000000,7.465,7.695,7.365,7.555
1673726400000,7.555,7.95,7.52,7.71
1673740800000,7.71,7.795,7.22,7.35
1673755200000,7.35,7.555,7.245,7.305
1673769600000,7.305,8.085,7.025,8.005
1673784000000,8.005,8.86,8.005,8.605
1673798400000,8.605,8.765,7.795,8.11
1673812800000,8.11,8.21,7.76,7.925
1673827200000,7.925,8.37,7.785,8.0
1673841600000,8.0,8.29,7.865,8.175
1673856000000,8.175,8.635,7.555,8.345
1673870400000,8.345,8.48,7.705,8.16
1673884800000,8.16,8.46,8.04,8.18
1673899200000,8.18,8.385,8.05,8.12
1673913600000,8.12,8.295,7.81,7.945
1673928000000,7.945,8.215,7.9,8.02
1673942400000,8.02,8.2,8.0,8.12
1673956800000,8.12,8.23,7.88,8.015
1673971200000,8.015,8.03,7.84,7.955
1673985600000,7.955,7.995,7.545,7.605
1674000000000,7.605,7.89,7.545,7.735
1674014400000,7.735,7.84,7.625,7.665
1674028800000,7.665,7.68,7.39,7.585
1674043200000,7.585,7.84,7.045,7.28
1674057600000,7.28,8.185,6.965,8.005
1674072000000,8.005,8.53,7.5,7.615
1674086400000,7.615,7.79,7.535,7.62
1674100800000,7.62,8.105,7.61,8.005
1674115200000,8.005,8.105,7.73,7.805
1674129600000,7.805,7.875,7.6,7.695
1674144000000,7.695,7.82,7.52,7.775
1674158400000,7.775,7.99,7.775,7.87
1674172800000,7.87,8.225,7.745,8.025
1674187200000,8.025,8.055,7.795,7.935
1674201600000,7.935,8.18,7.86,8.1
1674216000000,8.1,8.385,8.02,8.305
1674230400000,8.305,9.55,8.285,9.465
1674244800000,9.465,11.425,9.46,10.94
1674259200000,10.94,11.695,10.525,11.26
1674273600000,11.26,13.07,11.105,12.52
1674288000000,12.52,12.94,11.615,12.205
1674302400000,12.205,13.485,12.08,12.64
1674316800000,12.64,13.105,12.2,12.92
1674331200000,12.92,12.965,11.625,11.755
1674345600000,11.755,12.575,11.73,12.44
1674360000000,12.44,14.395,12.41,14.045
1674374400000,14.045,14.27,13.35,13.575
1674388800000,13.575,14.145,13.165,13.63
1674403200000,13.63,14.58,13.36,14.265
1674417600000,14.265,14.32,12.575,13.285
1674432000000,13.285,14.43,13.14,13.84
1674446400000,13.84,14.045,13.435,13.56
1674460800000,13.56,13.765,13.02,13.48
1674475200000,13.48,13.65,12.62,13.04
1674489600000,13.04,13.365,12.7,13.025
1674504000000,13.025,13.255,12.665,12.67
1674518400000,12.67,13.44,12.31,13.36
1674532800000,13.36,13.36,13.005,13.105
1674547200000,13.105,13.17,12.77,12.855
1674561600000,12.855,13.165,12.705,13.15
1674576000000,13.15,13.565,12.715,12.85
1674590400000,12.85,12.88,11.755,12.31
1674604800000,12.31,13.07,12.21,12.805
1674619200000,12.805,13.845,12.8,13.615
1674633600000,13.615,14.23,13.4,14.18
1674648000000,14.18,16.59,14.135,16.24
1674662400000,16.24,16.495,15.685,16.06
1674676800000,16.06,19.0,15.985,18.305
1674691200000,18.305,19.475,17.815,18.755
1674705600000,18.755,19.345,18.09,18.595
1674720000000,18.595,19.03,17.755,18.27
1674734400000,18.27,20.435,17.73,18.025
1674748800000,18.025,18.445,17.105,17.535
1674763200000,17.535,18.46,17.31,18.15
1674777600000,18.15,18.23,17.145,17.94
1674792000000,17.94,18.8,17.68,18.08
1674806400000,18.08,18.09,17.37,17.645
1674820800000,17.645,18.225,17.39,17.585
1674835200000,17.585,18.3,17.5,18.25
1674849600000,18.25,18.51,17.55,17.765
1674864000000,17.765,19.0,17.58,17.885
1674878400000,17.885,18.11,17.19,17.61
1674892800000,17.61,17.78,17.33,17.5
1674907200000,17.5,17.97,16.47,17.74
1674921600000,17.74,18.495,17.55,18.085
1674936000000,18.085,18.34,17.7,17.81
1674950400000,17.81,18.455,17.4,18.29
1674964800000,18.29,18.615,18.01,18.135
1674979200000,18.135,18.35,18.035,18.16
1674993600000,18.16,18.245,17.66,18.05
1675008000000,18.05,18.09,17.3,17.815
1675022400000,17.815,19.0,17.645,18.34
1675036800000,18.34,18.465,17.75,18.06
1675051200000,18.06,18.57,17.96,18.395
1675065600000,18.395,20.43,17.3,17.585
1675080000000,17.585,17.92,17.375,17.685
1675094400000,17.685,17.815,16.145,16.685
1675108800000,16.685,17.38,16.485,17.2
1675123200000,17.2,17.31,16.7,16.87
1675137600000,16.87,16.93,16.105,16.755
1675152000000,16.755,16.765,16.135,16.57
1675166400000,16.57,17.165,16.425,16.915
1675180800000,16.915,17.42,16.835,17.105
1675195200000,17.105,17.165,16.465,16.745
1675209600000,16.745,16.845,16.345,16.645
1675224000000,16.645,17.095,16.51,16.6
1675238400000,16.6,16.685,16.03,16.46
1675252800000,16.46,16.725,15.58,15.885
1675267200000,15.885,16.98,15.57,16.74
1675281600000,16.74,18.45,16.63,18.25
1675296000000,18.25,18.635,17.825,18.005
1675310400000,18.005,18.715,17.93,18.215
1675324800000,18.215,18.395,18.02,18.195
1675339200000,18.195,18.485,17.665,18.19
1675353600000,18.19,18.315,17.315,17.52
1675368000000,17.52,17.84,16.85,17.21
1675382400000,17.21,17.245,16.62,16.8
1675396800000,16.8,17.095,16.665,16.745
1675411200000,16.745,17.037,16.62,16.938
1675425600000,16.938,17.48,16.44,17.183
1675440000000,17.183,17.367,16.621,16.8035
1675454400000,16.8035,17.1495,16.705,17.0255
1675468800000,17.0255,17.08,16.56,16.7155
1675483200000,16.7155,16.7695,16.215,16.5485
1675497600000,16.5485,16.674,16.415,16.6285
1675512000000,16.6285,16.98,16.547,16.6505
1675526400000,16.6505,16.913,16.499,16.6025
1675540800000,16.6025,16.8885,16.385,16.4865
1675555200000,16.4865,17.077,16.32,16.517
1675569600000,16.517,16.778,16.483,16.5835
1675584000000,16.5835,16.705,16.351,16.406
1675598400000,16.406,16.47,14.737,15.431
1675612800000,15.431,15.6525,15.0,15.241
1675627200000,15.241,15.59,14.82,15.44
1675641600000,15.44,15.55,14.8615,15.0275
1675656000000,15.0275,15.1495,14.334,15.064
1675670400000,15.064,15.28,14.8155,15.087
1675684800000,15.087,15.882,14.84,15.8155
1675699200000,15.8155,15.985,15.07,15.1845
1675713600000,15.1845,15.235,14.7,14.963
1675728000000,14.963,15.4795,14.935,15.3995
1675742400000,15.3995,15.4515,15.0795,15.2485
1675756800000,15.2485,16.234,15.1285,16.0905
1675771200000,16.0905,16.143,15.45,15.473
1675785600000,15.473,16.09,15.1405,15.705
1675800000000,15.705,16.135,15.558,16.062
1675814400000,16.062,16.38,15.917,16.2205
1675828800000,16.2205,16.267,15.744,15.912
1675843200000,15.912,15.9315,15.6155,15.744
1675857600000,15.744,15.835,15.0735,15.1785
1675872000000,15.1785,15.354,14.7355,15.068
1675886400000,15.068,15.1905,14.7025,15.0885
1675900800000,15.0885,15.179,13.831,14.23
1675915200000,14.23,14.452,13.96,14.301
1675929600000,14.301,14.625,14.2315,14.4805
1675944000000,14.4805,14.7095,14.2075,14.28
1675958400000,14.28,14.3845,12.91,13.372
1675972800000,13.372,13.47,12.6085,13.322
1675987200000,13.322,13.5195,12.977,13.0595
1676001600000,13.0595,13.2,12.6455,13.153
1676016000000,13.153,13.253,12.522,12.7365
1676030400000,12.7365,13.134,12.5815,13.096
1676044800000,13.096,13.6175,12.912,13.2805
1676059200000,13.2805,13.781,12.934,13.659
1676073600000,13.659,13.8695,13.229,13.3965
1676088000000,13.3965,13.5415,13.284,13.4025
1676102400000,13.4025,13.512,13.282,13.355
1676116800000,13.355,14.5895,13.355,14.202
1676131200000,14.202,14.264,13.537,13.634
1676145600000,13.634,14.15,13.468,13.8775
1676160000000,13.8775,14.0325,13.709,13.8625
1676174400000,13.8625,14.017,13.71,13.8475
1676188800000,13.8475,14.18,13.8025,13.914
1676203200000,13.914,13.9265,13.519,13.6305
1676217600000,13.6305,13.796,13.5755,13.755
1676232000000,13.755,13.778,12.863,13.099
1676246400000,13.099,13.2655,12.9025,13.117
1676260800000,13.117,13.319,13.045,13.2235
1676275200000,13.2235,13.2275,12.309,12.823
1676289600000,12.823,13.569,12.8,13.3515
1676304000000,13.3515,13.693,13.145,13.405
1676318400000,13.405,13.846,13.321,13.729
1676332800000,13.729,14.178,13.663,13.762
1676347200000,13.762,14.0935,13.712,13.929
1676361600000,13.929,14.169,13.715,13.8605
1676376000000,13.8605,14.446,13.4815,14.158
1676390400000,14.158,14.664,14.0535,14.4515
1676404800000,14.4515,14.7745,14.261,14.737
1676419200000,14.737,14.8205,14.341,14.441
1676433600000,14.441,14.447,14.1655,14.221
1676448000000,14.221,14.4555,14.0885,14.4215
1676462400000,14.4215,15.1065,14.4215,14.7515
1676476800000,14.7515,15.085,14.625,15.01
1676491200000,15.01,16.4395,14.9695,15.948
1676505600000,15.948,16.7,15.8565,16.4205
1676520000000,16.4205,16.464,16.053,16.2715
1676534400000,16.2715,16.424,15.931,16.052
1676548800000,16.052,16.369,15.5855,16.2155
1676563200000,16.2155,16.3785,15.631,15.736
1676577600000,15.736,15.741,14.45,14.6865
1676592000000,14.6865,15.12,14.5635,14.892
1676606400000,14.892,14.961,14.11,14.277
1676620800000,14.277,14.576,14.2445,14.4805
1676635200000,14.4805,14.6985,14.3215,14.585
1676649600000,14.585,14.8275,14.306,14.764
1676664000000,14.764,14.9845,14.412,14.736
1676678400000,14.736,14.9925,14.686,14.821
1676692800000,14.821,14.868,14.4715,14.5335
1676707200000,14.5335,14.565,14.215,14.3705
1676721600000,14.3705,14.555,14.325,14.465
1676736000000,14.465,14.73,14.2455,14.2955
1676750400000,14.2955,14.489,14.103,14.4305
1676764800000,14.4305,14.5465,14.2505,14.3115
1676779200000,14.3115,14.707,14.2815,14.4305
1676793600000,14.4305,14.4845,14.2,14.399
1676808000000,14.399,14.7245,14.356,14.568
1676822400000,14.568,14.83,14.0115,14.1505
1676836800000,14.1505,14.3045,13.7055,14.078
1676851200000,14.078,14.259,13.5895,14.058
1676865600000,14.058,14.2945,14.058,14.2795
1676880000000,14.2795,14.398,14.0675,14.2035
1676894400000,14.2035,14.3435,14.04,14.241
1676908800000,14.241,14.2585,13.8705,14.124
1676923200000,14.124,14.304,14.0715,14.223
1676937600000,14.223,14.278,13.9125,13.9415
1676952000000,13.9415,14.12,13.8315,14.0325
1676966400000,14.0325,14.1535,13.5155,13.584
1676980800000,13.584,13.699,13.3255,13.484
1676995200000,13.484,13.719,13.3105,13.509
1677009600000,13.509,13.546,13.0305,13.451
1677024000000,13.451,13.4785,12.863,13.21
1677038400000,13.21,13.26,12.877,13.096
1677052800000,13.096,13.1145,12.754,12.994
1677067200000,12.994,13.49,12.8225,13.4345
1677081600000,13.4345,13.715,13.1125,13.6
1677096000000,13.6,13.983,13.4775,13.8875
1677110400000,13.8875,14.1625,13.7825,13.89
1677124800000,13.89,13.9695,13.703,13.813
1677139200000,13.813,13.8895,13.3225,13.3985
1677153600000,13.3985,13.868,13.2495,13.6135
1677168000000,13.6135,13.625,13.1905,13.474
1677182400000,13.474,13.5365,13.3105,13.445
1677196800000,13.445,13.6585,13.316,13.3685
1677211200000,13.3685,13.799,13.2505,13.529
1677225600000,13.529,13.6595,13.2865,13.381
1677240000000,13.381,13.487,12.912,13.047
1677254400000,13.047,13.047,12.4125,12.824
1677268800000,12.824,12.935,12.522,12.8375
1677283200000,12.8375,12.89,12.6305,12.7315
1677297600000,12.7315,12.784,12.532,12.641
1677312000000,12.641,12.7335,12.4125,12.4565
1677326400000,12.4565,12.5055,12.155,12.3395
1677340800000,12.3395,12.465,11.7695,11.8885
1677355200000,11.8885,12.29,11.4335,12.24
1677369600000,12.24,12.498,12.12,12.4165
1677384000000,12.4165,12.5545,12.376,12.4655
1677398400000,12.4655,12.679,12.3835,12.5065
1677412800000,12.5065,12.585,12.31,12.445
1677427200000,12.445,12.9105,12.3305,12.9055
1677441600000,12.9055,12.937,12.4905,12.636
1677456000000,12.636,12.6785,12.476,12.528
1677470400000,12.528,12.558,12.3765,12.423
1677484800000,12.423,12.52,12.31,12.4735
1677499200000,12.4735,13.066,12.4145,12.7205
1677513600000,12.7205,12.7445,12.1165,12.191
1677528000000,12.191,12.43,12.1,12.3755
1677542400000,12.3755,12.444,12.2345,12.3255
1677556800000,12.3255,12.326,11.968,11.9905
1677571200000,11.9905,12.0925,11.92,11.9925
1677585600000,11.9925,12.2865,11.9825,12.1755
1677600000000,12.1755,12.432,11.9995,12.1255
1677614400000,12.1255,12.135,11.763,11.888
1677628800000,11.888,12.716,11.8115,12.5645
1677643200000,12.5645,12.96,12.535,12.778
1677657600000,12.778,13.396,12.766,13.2625
1677672000000,13.2625,13.3595,12.833,13.0885
1677686400000,13.0885,13.089,12.7705,12.911
1677700800000,12.911,13.4915,12.8605,13.442
1677715200000,13.442,13.7165,13.0115,13.107
1677729600000,13.107,13.463,12.955,13.0075
1677744000000,13.0075,13.076,12.7295,12.8965
1677758400000,12.8965,13.0545,12.56,12.7055
1677772800000,12.7055,12.912,12.55,12.8085
1677787200000,12.8085,12.9535,12.7625,12.8495
1677801600000,12.8495,12.889,11.1765,11.5925
1677816000000,11.5925,11.8615,11.5665,11.7655
1677830400000,11.7655,11.914,11.76,11.7895
1677844800000,11.7895,11.9085,11.617,11.656
1677859200000,11.656,11.7695,11.5445,11.7055
1677873600000,11.7055,11.8255,11.5505,11.7375
1677888000000,11.7375,11.8365,11.587,11.6365
1677902400000,11.6365,11.6715,11.393,11.535
1677916800000,11.535,11.5355,11.31,11.4555
1677931200000,11.4555,11.496,11.25,11.299
1677945600000,11.299,11.3715,10.814,10.8895
1677960000000,10.8895,11.3545,10.6145,11.2575
1677974400000,11.2575,11.5415,11.0915,11.305
1677988800000,11.305,11.49,11.2025,11.2515
1678003200000,11.2515,11.368,11.0875,11.28
1678017600000,11.28,11.4285,11.232,11.342
1678032000000,11.342,11.443,11.137,11.196
1678046400000,11.196,11.4,11.0165,11.1505
1678060800000,11.1505,11.337,10.944,11.2155
1678075200000,11.2155,11.249,11.02,11.123
1678089600000,11.123,11.1955,11.0365,11.1355
1678104000000,11.1355,11.517,11.075,11.48
1678118400000,11.48,11.498,11.1855,11.2345
1678132800000,11.2345,11.335,11.127,11.2845
1678147200000,11.2845,11.716,11.21,11.463
1678161600000,11.463,11.5125,11.3435,11.37
1678176000000,11.37,11.399,11.023,11.065
1678190400000,11.065,11.244,10.702,11.1115
1678204800000,11.1115,11.162,10.881,10.9085
1678219200000,10.9085,11.144,10.816,11.121
1678233600000,11.121,11.201,10.9945,11.071
1678248000000,11.071,11.0925,10.7565,10.805
1678262400000,10.805,10.977,10.7395,10.8785
1678276800000,10.8785,10.9155,10.426,10.8135
1678291200000,10.8135,10.954,10.5285,10.6775
1678305600000,10.6775,10.8315,10.2115,10.518
1678320000000,10.518,10.697,10.412,10.6825
1678334400000,10.6825,10.7375,10.5475,10.599
1678348800000,10.599,11.0155,10.544,10.951
1678363200000,10.951,11.4645,10.893,11.2675
1678377600000,11.2675,11.482,10.7785,10.976
1678392000000,10.976,11.156,10.45,11.1115
1678406400000,11.1115,11.6615,10.7975,11.342
1678420800000,11.342,11.424,9.9105,10.195
1678435200000,10.195,10.3055,9.711,9.9775
1678449600000,9.9775,10.756,9.945,10.505
1678464000000,10.505,10.94,10.3375,10.5195
1678478400000,10.5195,10.883,10.346,10.788
1678492800000,10.788,11.0985,10.6305,10.6455
1678507200000,10.6455,10.694,9.945,10.0785
1678521600000,10.0785,10.302,9.864,10.0755
1678536000000,10.0755,10.204,9.905,9.994
1678550400000,9.994,10.412,9.9245,10.2155
1678564800000,10.2155,10.4635,10.2155,10.431
1678579200000,10.431,10.496,10.202,10.3505
1678593600000,10.3505,10.431,10.156,10.2425
1678608000000,10.2425,10.4035,10.2055,10.33
1678622400000,10.33,10.3805,10.034,10.133
1678636800000,10.133,10.82,10.073,10.4455
1678651200000,10.4455,12.121,10.431,11.875
1678665600000,11.875,12.1155,11.606,11.687
1678680000000,11.687,12.258,11.687,11.9935
1678694400000,11.9935,12.112,11.3995,11.5775
1678708800000,11.5775,12.6495,11.3805,12.299
1678723200000,12.299,12.5545,12.138,12.394
1678737600000,12.394,12.7855,12.211,12.3115
1678752000000,12.3115,12.5245,12.1645,12.4915
1678766400000,12.4915,12.835,12.0635,12.1485
1678780800000,12.1485,12.369,11.965,12.3005
1678795200000,12.3005,14.6525,12.0305,14.102
1678809600000,14.102,14.3995,13.328,13.7875
1678824000000,13.7875,13.891,13.03,13.5815
1678838400000,13.5815,14.196,13.283,13.7675
1678852800000,13.7675,14.073,13.527,13.922
1678867200000,13.922,13.9525,13.021,13.4435
1678881600000,13.4435,13.839,12.1355,12.2525
1678896000000,12.2525,12.514,11.946,12.161
1678910400000,12.161,12.429,12.1005,12.238
1678924800000,12.238,12.3915,11.824,12.2085
1678939200000,12.2085,12.3835,11.8055,12.3225
1678953600000,12.3225,12.488,12.044,12.348
1678968000000,12.348,12.3555,11.8795,12.2855
1678982400000,12.2855,12.3645,11.9745,12.3205
1678996800000,12.3205,12.4445,12.0015,12.3445
1679011200000,12.3445,12.946,12.0855,12.762
1679025600000,12.762,13.049,12.71,12.9405
1679040000000,12.9405,13.3415,12.763,13.2675
1679054400000,13.2675,13.27,12.389,12.5835
1679068800000,12.5835,12.965,12.4525,12.9265
1679083200000,12.9265,13.6855,12.794,13.5155
1679097600000,13.5155,14.171,13.3795,13.904
1679112000000,13.904,14.2345,13.7185,14.113
1679126400000,14.113,14.14,13.6055,13.9865
1679140800000,13.9865,14.024,13.074,13.18
1679155200000,13.18,13.419,12.623,13.192
1679169600000,13.192,13.379,12.679,12.791
1679184000000,12.791,13.304,12.7875,13.28
1679198400000,13.28,13.3475,12.8235,13.0525
1679212800000,13.0525,13.116,12.65,13.03
1679227200000,13.03,13.25,12.86,13.1085
1679241600000,13.1085,13.5175,13.055,13.261
1679256000000,13.261,13.433,12.823,13.023
1679270400000,13.023,13.1625,12.4295,12.5225
1679284800000,12.5225,12.953,12.363,12.911
1679299200000,12.911,12.953,12.652,12.7005
1679313600000,12.7005,12.775,12.543,12.604
1679328000000,12.604,12.6745,11.972,12.0985
1679342400000,12.0985,12.354,12.0045,12.0955
1679356800000,12.0955,12.3275,12.02,12.1855
1679371200000,12.1855,12.2385,11.66,11.7975
1679385600000,11.7975,12.1485,11.6805,12.083
1679400000000,12.083,12.531,12.0335,12.311
1679414400000,12.311,12.4705,11.9255,12.0975
1679428800000,12.0975,12.2945,12.0325,12.255
1679443200000,12.255,12.2585,11.843,12.0705
1679457600000,12.0705,12.1415,11.952,12.0085
1679472000000,12.0085,12.1555,11.9115,11.9905
1679486400000,11.9905,12.441,11.9305,12.1895
1679500800000,12.1895,12.478,11.706,12.1385
1679515200000,12.1385,13.203,11.963,13.112
1679529600000,13.112,13.2285,12.407,12.426
1679544000000,12.426,12.8005,12.375,12.638
1679558400000,12.638,12.77,12.5745,12.748
1679572800000,12.748,13.1035,12.4305,12.9155
1679587200000,12.9155,13.3325,12.8225,13.053
1679601600000,13.053,13.302,12.9485,13.2765
1679616000000,13.2765,13.2765,12.839,12.8875
1679630400000,12.8875,13.1065,12.8745,12.9605
1679644800000,12.9605,12.9835,12.0005,12.359
1679659200000,12.359,12.7195,12.3385,12.433
1679673600000,12.433,12.545,12.016,12.278
1679688000000,12.278,12.288,12.009,12.205
1679702400000,12.205,12.261,12.0935,12.186
1679716800000,12.186,12.2245,11.921,11.978
1679731200000,11.978,12.018,11.8255,11.9435
1679745600000,11.9435,12.0315,11.816,11.94
1679760000000,11.94,11.965,11.415,11.487
1679774400000,11.487,11.6235,11.475,11.587
1679788800000,11.587,11.711,11.397,11.671
1679803200000,11.671,11.791,11.5745,11.7385
1679817600000,11.7385,11.926,11.6695,11.874
1679832000000,11.874,12.0175,11.7105,11.763
1679846400000,11.763,11.9045,11.708,11.8295
1679860800000,11.8295,11.927,11.729,11.8445
1679875200000,11.8445,12.029,11.699,11.8155
1679889600000,11.8155,11.8475,11.5405,11.5985
1679904000000,11.5985,11.6945,11.5505,11.673
1679918400000,11.673,11.705,10.85,11.0905
1679932800000,11.0905,11.2105,10.8205,10.868
1679947200000,10.868,11.1345,10.858,11.125
1679961600000,11.125,11.173,10.8135,10.8845
1679976000000,10.8845,11.069,10.8845,10.9415
1679990400000,10.9415,11.111,10.79,11.048
1680004800000,11.048,11.156,10.9275,11.0965
1680019200000,11.0965,11.3345,10.933,11.2525
1680033600000,11.2525,11.291,11.084,11.2595
1680048000000,11.2595,11.3965,11.21,11.2355
1680062400000,11.2355,11.5895,11.2355,11.5475
1680076800000,11.5475,11.784,11.5235,11.6775
1680091200000,11.6775,11.714,11.441,11.5685
1680105600000,11.5685,11.693,11.426,11.6745
1680120000000,11.6745,11.7255,11.4885,11.6255
1680134400000,11.6255,11.8445,11.2315,11.425
1680148800000,11.425,11.535,11.29,11.3095
1680163200000,11.3095,11.338,11.12,11.2825
1680177600000,11.2825,11.297,11.0085,11.0625
1680192000000,11.0625,11.121,10.84,11.0495
1680206400000,11.0495,11.155,10.98,11.155
1680220800000,11.155,11.2115,11.0655,11.0955
1680235200000,11.0955,11.389,11.0425,11.2475
1680249600000,11.2475,11.4525,11.162,11.2135
1680264000000,11.2135,11.4465,11.16,11.3285
1680278400000,11.3285,11.357,11.2015,11.336
1680292800000,11.336,11.4415,11.2545,11.3775
1680307200000,11.3775,11.5615,11.325,11.3695
1680321600000,11.3695,11.4465,11.203,11.22
1680336000000,11.22,11.235,11.1205,11.18
1680350400000,11.18,11.2225,11.1325,11.173
1680364800000,11.173,11.3035,11.052,11.2295
1680379200000,11.2295,11.32,11.2235,11.262
1680393600000,11.262,11.277,11.1455,11.223
1680408000000,11.223,11.506,11.1905,11.433
1680422400000,11.433,12.2735,11.378,12.228
1680436800000,12.228,12.459,11.8405,12.1265
1680451200000,12.1265,12.562,12.028,12.072
1680465600000,12.072,12.2855,11.935,12.1565
1680480000000,12.1565,12.157,11.2275,11.4675
1680494400000,11.4675,11.573,11.3605,11.5675
1680508800000,11.5675,11.712,11.4945,11.535
1680523200000,11.535,11.6295,11.3555,11.4255
1680537600000,11.4255,11.6835,11.29,11.563
1680552000000,11.563,11.6,10.975,11.335
1680566400000,11.335,11.36,11.141,11.181
1680580800000,11.181,11.3485,11.11,11.3065
1680595200000,11.3065,11.554,11.264,11.5025
1680609600000,11.5025,11.5755,11.3505,11.4285
1680624000000,11.4285,11.498,11.3915,11.4835
1680638400000,11.4835,11.568,11.413,11.466
1680652800000,11.466,11.705,11.368,11.6555
1680667200000,11.6555,12.0395,11.6505,11.8025
1680681600000,11.8025,11.847,11.7085,11.8145
1680696000000,11.8145,11.842,11.223,11.289
1680710400000,11.289,11.555,11.2405,11.5015
1680724800000,11.5015,11.579,11.4275,11.5405
1680739200000,11.5405,11.551,11.21,11.42
1680753600000,11.42,11.672,11.343,11.476
1680768000000,11.476,11.68,11.4125,11.6515
1680782400000,11.6515,11.7025,11.3025,11.5015
1680796800000,11.5015,11.625,11.3545,11.538
1680811200000,11.538,11.5955,11.385,11.456
1680825600000,11.456,11.5,11.2505,11.3325
1680840000000,11.3325,11.3745,11.132,11.172
1680854400000,11.172,11.2415,11.022,11.089
1680868800000,11.089,11.206,11.0265,11.1585
1680883200000,11.1585,11.169,11.054,11.1175
1680897600000,11.1175,11.2005,11.064,11.156
1680912000000,11.156,11.3,11.141,11.284
1680926400000,11.284,11.2975,11.225,11.2305
1680940800000,11.2305,11.283,11.1905,11.2415
1680955200000,11.2415,11.2485,11.169,11.2085
1680969600000,11.2085,11.237,10.607,10.8115
1680984000000,10.8115,11.077,10.803,11.016
1680998400000,11.016,11.113,10.973,10.986
1681012800000,10.986,11.0145,10.8425,10.884
1681027200000,10.884,10.9875,10.884,10.9385
1681041600000,10.9385,11.057,10.9035,11.028
1681056000000,11.028,11.1045,10.9315,11.068
1681070400000,11.068,11.145,11.0085,11.0665
1681084800000,11.0665,11.11,10.886,10.9995
1681099200000,10.9995,11.0215,10.949,10.969
1681113600000,10.969,11.0485,10.9655,11.0065
1681128000000,11.0065,11.103,10.926,11.025
1681142400000,11.025,11.31,11.0,11.2315
1681156800000,11.2315,11.497,11.146,11.4495
1681171200000,11.4495,11.45,11.315,11.367
1681185600000,11.367,11.7915,11.341,11.6695
1681200000000,11.6695,11.8125,11.557,11.6545
1681214400000,11.6545,12.0795,11.557,11.9975
1681228800000,11.9975,12.116,11.766,11.8085
1681243200000,11.8085,11.816,11.6745,11.728
1681257600000,11.728,11.984,11.049,11.2025
1681272000000,11.2025,11.48,11.141,11.379
1681286400000,11.379,11.3985,11.175,11.241
1681300800000,11.241,11.4855,11.1755,11.3355
1681315200000,11.3355,11.49,11.184,11.275
1681329600000,11.275,11.4085,11.2675,11.3535
1681344000000,11.3535,11.4065,11.247,11.393
1681358400000,11.393,11.7025,11.347,11.6785
1681372800000,11.6785,11.8535,11.625,11.7385
1681387200000,11.7385,12.4735,11.7075,12.411
1681401600000,12.411,12.561,12.2225,12.308
1681416000000,12.308,12.4545,12.165,12.37
1681430400000,12.37,12.864,12.286,12.663
1681444800000,12.663,13.69,12.652,12.775
1681459200000,12.775,12.9745,12.612,12.852
1681473600000,12.852,12.898,12.168,12.2
1681488000000,12.2,12.795,12.1965,12.7275
1681502400000,12.7275,12.8815,12.631,12.684
1681516800000,12.684,12.7685,12.4135,12.658
1681531200000,12.658,12.763,12.478,12.7
1681545600000,12.7,12.889,12.6525,12.7205
1681560000000,12.7205,12.9175,12.614,12.7735
1681574400000,12.7735,12.804,12.4845,12.6645
1681588800000,12.6645,12.691,12.5495,12.5705
1681603200000,12.5705,12.5945,12.28,12.4325
1681617600000,12.4325,12.5775,12.416,12.5405
1681632000000,12.5405,12.5505,12.37,12.409
1681646400000,12.409,12.5095,12.3205,12.4605
1681660800000,12.4605,12.6765,12.37,12.485
1681675200000,12.485,12.753,12.339,12.598
1681689600000,12.598,12.855,12.2065,12.674
1681704000000,12.674,12.73,12.392,12.4365
1681718400000,12.4365,12.562,12.2255,12.355
1681732800000,12.355,12.558,12.0385,12.2125
1681747200000,12.2125,12.391,12.1825,12.3655
1681761600000,12.3655,12.394,12.2275,12.317
1681776000000,12.317,12.4305,12.0745,12.34
1681790400000,12.34,12.7105,12.3215,12.63
1681804800000,12.63,12.785,12.528,12.7205
1681819200000,12.7205,12.754,12.3735,12.5095
1681833600000,12.5095,12.5665,12.347,12.42
1681848000000,12.42,12.744,12.387,12.727
1681862400000,12.727,13.168,12.51,12.6085
1681876800000,12.6085,12.625,12.3445,12.4065
1681891200000,12.4065,12.4145,11.271,11.628
1681905600000,11.628,11.7935,11.53,11.651
1681920000000,11.651,11.685,11.375,11.529
1681934400000,11.529,11.578,11.086,11.305
1681948800000,11.305,11.4645,11.148,11.3545
1681963200000,11.3545,11.4145,11.2505,11.264
1681977600000,11.264,11.449,11.1645,11.2005
1681992000000,11.2005,11.4875,11.017,11.109
1682006400000,11.109,11.145,10.8035,10.923
1682020800000,10.923,11.13,10.8965,11.032
1682035200000,11.032,11.17,10.9455,11.134
1682049600000,11.134,11.185,10.884,11.1015
1682064000000,11.1015,11.1645,10.9115,10.9475
1682078400000,10.9475,11.109,10.8045,10.8455
1682092800000,10.8455,10.8785,9.7335,10.184
1682107200000,10.184,10.272,10.0305,10.1435
1682121600000,10.1435,10.192,9.9635,10.133
1682136000000,10.133,10.19,10.024,10.0735
1682150400000,10.0735,10.162,10.026,10.1155
1682164800000,10.1155,10.4005,10.1,10.304
1682179200000,10.304,10.4345,10.167,10.168
1682193600000,10.168,10.3465,10.164,10.322
1682208000000,10.322,10.324,10.042,10.1725
1682222400000,10.1725,10.2475,10.1475,10.2425
1682236800000,10.2425,10.335,10.1755,10.26
1682251200000,10.26,10.299,10.018,10.0875
1682265600000,10.0875,10.191,9.7065,9.906
1682280000000,9.906,10.2545,9.8675,10.21
1682294400000,10.21,10.412,10.0665,10.24
1682308800000,10.24,10.2645,9.9625,10.0695
1682323200000,10.0695,10.2435,9.966,10.232
1682337600000,10.232,10.394,10.1,10.1355
1682352000000,10.1355,10.4275,10.0085,10.251
1682366400000,10.251,10.317,10.1625,10.22
1682380800000,10.22,10.2465,9.9195,9.9295
1682395200000,9.9295,10.0405,9.8725,9.913
1682409600000,9.913,10.0135,9.856,9.9425
1682424000000,9.9425,10.042,9.753,9.832
1682438400000,9.832,10.082,9.7815,9.984
1682452800000,9.984,10.478,9.9825,10.3605
1682467200000,10.3605,10.39,10.2535,10.3145
1682481600000,10.3145,10.3765,10.217,10.2525
1682496000000,10.2525,10.6815,10.244,10.578
1682510400000,10.578,10.8815,10.578,10.717
1682524800000,10.717,10.7695,9.775,9.854
1682539200000,9.854,10.107,9.375,10.0175
1682553600000,10.0175,10.392,9.958,10.1055
1682568000000,10.1055,10.2495,10.0025,10.09
1682582400000,10.09,10.155,10.0015,10.0835
1682596800000,10.0835,10.242,9.884,10.1465
1682611200000,10.1465,10.3395,10.066,10.2555
1682625600000,10.2555,10.3055,10.052,10.17
1682640000000,10.17,10.1975,10.016,10.0815
1682654400000,10.0815,10.189,10.0725,10.174
1682668800000,10.174,10.1755,9.982,10.0185
1682683200000,10.0185,10.122,9.8505,9.991
1682697600000,9.991,10.1115,9.9615,10.057
1682712000000,10.057,10.2335,10.0525,10.154
1682726400000,10.154,10.7355,10.1,10.57
1682740800000,10.57,10.7725,10.5085,10.614
1682755200000,10.614,10.86,10.5325,10.7665
1682769600000,10.7665,10.85,10.614,10.732
1682784000000,10.732,10.7955,10.4665,10.709
1682798400000,10.709,10.821,10.688,10.726
1682812800000,10.726,10.9915,10.468,10.5475
1682827200000,10.5475,10.76,10.508,10.604
1682841600000,10.604,10.644,10.5275,10.5775
1682856000000,10.5775,10.727,10.525,10.576
1682870400000,10.576,10.69,10.384,10.515
1682884800000,10.515,10.531,10.216,10.318
1682899200000,10.318,10.346,9.9245,10.0605
1682913600000,10.0605,10.2175,9.9845,10.1795
1682928000000,10.1795,10.1995,10.0905,10.0975
1682942400000,10.0975,10.1285,9.8575,9.9875
1682956800000,9.9875,10.0375,9.76,9.834
1682971200000,9.834,9.962,9.7985,9.918
1682985600000,9.918,9.934,9.8075,9.88
1683000000000,9.88,9.9315,9.805,9.9025
1683014400000,9.9025,9.938,9.8185,9.9175
1683028800000,9.9175,9.974,9.752,9.8905
1683043200000,9.8905,9.9815,9.8235,9.9235
1683057600000,9.9235,10.004,9.8815,9.9255
1683072000000,9.9255,9.938,9.6055,9.7065
1683086400000,9.7065,9.7695,9.6625,9.723
1683100800000,9.723,9.895,9.673,9.7065
1683115200000,9.7065,9.7085,9.44,9.513
1683129600000,9.513,9.757,9.4675,9.613
1683144000000,9.613,10.145,9.6045,10.0165
1683158400000,10.0165,10.03,9.8735,9.97
1683172800000,9.97,10.011,9.8875,9.904
1683187200000,9.904,9.994,9.8545,9.8995
1683201600000,9.8995,9.928,9.682,9.6975
1683216000000,9.6975,9.7555,9.5545,9.6515
1683230400000,9.6515,9.6895,9.6,9.6775
1683244800000,9.6775,9.787,9.592,9.73
1683259200000,9.73,9.756,9.6325,9.677
1683273600000,9.677,9.7285,9.6385,9.7265
1683288000000,9.7265,9.8285,9.458,9.785
1683302400000,9.785,9.8735,9.7175,9.803
1683316800000,9.803,9.891,9.767,9.8305
1683331200000,9.8305,9.9195,9.5765,9.61
1683345600000,9.61,9.634,9.5155,9.53
1683360000000,9.53,9.531,9.218,9.387
1683374400000,9.387,9.3895,9.0,9.079
1683388800000,9.079,9.334,9.0595,9.258
1683403200000,9.258,9.3105,9.176,9.2085
1683417600000,9.2085,9.388,9.1845,9.2
1683432000000,9.2,9.32,9.1865,9.2825
1683446400000,9.2825,9.3325,9.233,9.3005
1683460800000,9.3005,9.423,9.288,9.2885
1683475200000,9.2885,9.3595,9.214,9.29
1683489600000,9.29,9.34,9.1365,9.198
1683504000000,9.198,9.2625,8.4395,8.7335
1683518400000,8.7335,8.7705,8.534,8.65
1683532800000,8.65,8.8185,8.576,8.777
1683547200000,8.777,8.8165,8.6805,8.742
1683561600000,8.742,8.7555,7.996,8.1395
1683576000000,8.1395,8.328,8.1105,8.3045
1683590400000,8.3045,8.3765,8.193,8.212
1683604800000,8.212,8.2935,8.1085,8.284
1683619200000,8.284,8.325,8.2025,8.3115
1683633600000,8.3115,8.3545,8.1975,8.2245
1683648000000,8.2245,8.3795,8.2075,8.3645
1683662400000,8.3645,8.4045,8.276,8.345
1683676800000,8.345,8.4185,8.2655,8.298
1683691200000,8.298,8.4005,8.289,8.379
1683705600000,8.379,8.402,8.294,8.389
1683720000000,8.389,8.6855,8.321,8.5825
1683734400000,8.5825,8.7475,8.007,8.6085
1683748800000,8.6085,8.7725,8.5515,8.5945
1683763200000,8.5945,8.601,8.32,8.3315
1683777600000,8.3315,8.3775,8.2325,8.2825
1683792000000,8.2825,8.3575,8.1775,8.288
1683806400000,8.288,8.4495,8.058,8.1255
1683820800000,8.1255,8.184,7.845,7.9545
1683835200000,7.9545,8.106,7.941,8.056
1683849600000,8.056,8.0865,7.729,7.773
1683864000000,7.773,8.032,7.721,7.9405
1683878400000,7.9405,8.094,7.935,7.9735
1683892800000,7.9735,8.1145,7.8775,7.9145
1683907200000,7.9145,8.1435,7.7955,8.128
1683921600000,8.128,8.342,8.096,8.295
1683936000000,8.295,8.3125,8.154,8.218
1683950400000,8.218,8.284,8.1655,8.258
1683964800000,8.258,8.3265,8.2215,8.257
1683979200000,8.257,8.2895,8.1695,8.2215
1683993600000,8.2215,8.341,8.1955,8.259
1684008000000,8.259,8.358,8.245,8.2835
1684022400000,8.2835,8.2835,8.0875,8.229
1684036800000,8.229,8.465,8.1835,8.3815
1684051200000,8.3815,8.402,8.3145,8.333
1684065600000,8.333,8.7175,8.284,8.577
1684080000000,8.577,8.684,8.388,8.404
1684094400000,8.404,8.51,8.381,8.473
1684108800000,8.473,8.5625,8.2845,8.512
1684123200000,8.512,8.71,8.486,8.706
1684137600000,8.706,9.0,8.6755,8.712
1684152000000,8.712,8.742,8.5865,8.693
1684166400000,8.693,8.7815,8.593,8.659
1684180800000,8.659,8.68,8.5305,8.5785
1684195200000,8.5785,8.6285,8.4285,8.5485
1684209600000,8.5485,8.677,8.5015,8.6625
1684224000000,8.6625,8.739,8.5465,8.5725
1684238400000,8.5725,8.604,8.4725,8.5705
1684252800000,8.5705,8.605,8.4605,8.4785
1684267200000,8.4785,8.5985,8.4505,8.532
1684281600000,8.532,8.7035,8.427,8.601
1684296000000,8.601,8.644,8.351,8.39
1684310400000,8.39,8.463,8.32,8.365
1684324800000,8.365,8.4705,8.3205,8.4125
1684339200000,8.4125,8.874,8.373,8.816
1684353600000,8.816,8.8655,8.6975,8.7115
1684368000000,8.7115,8.7255,8.5925,8.67
1684382400000,8.67,8.679,8.536,8.645
1684396800000,8.645,8.745,8.63,8.678
1684411200000,8.678,8.678,8.505,8.576
1684425600000,8.576,8.6455,8.325,8.467
1684440000000,8.467,8.641,8.437,8.521
1684454400000,8.521,8.549,8.4205,8.487
1684468800000,8.487,8.5355,8.46,8.4815
1684483200000,8.4815,8.524,8.406,8.4065
1684497600000,8.4065,8.539,8.3705,8.4955
1684512000000,8.4955,8.509,8.36,8.3945
1684526400000,8.3945,8.4515,8.3845,8.4295
1684540800000,8.4295,8.43,8.323,8.399
1684555200000,8.399,8.4225,8.355,8.3885
1684569600000,8.3885,8.433,8.3835,8.407
1684584000000,8.407,8.494,8.4055,8.4675
1684598400000,8.4675,8.5115,8.3955,8.436
1684612800000,8.436,8.456,8.4005,8.448
1684627200000,8.448,8.4885,8.4015,8.4075
1684641600000,8.4075,8.421,8.366,8.3875
1684656000000,8.3875,8.4115,8.2275,8.2975
1684670400000,8.2975,8.3385,8.13,8.216
1684684800000,8.216,8.235,8.123,8.1775
1684699200000,8.1775,8.197,8.0385,8.156
1684713600000,8.156,8.1985,7.9715,8.085
1684728000000,8.085,8.1425,8.052,8.102
1684742400000,8.102,8.1785,8.0925,8.1495
1684756800000,8.1495,8.214,8.0655,8.1705
1684771200000,8.1705,8.1865,8.09,8.1125
1684785600000,8.1125,8.1545,8.095,8.098
1684800000000,8.098,8.367,8.0085,8.3605
1684814400000,8.3605,8.3795,8.2675,8.326
1684828800000,8.326,8.4285,8.294,8.398
1684843200000,8.398,8.4175,8.327,8.3865
1684857600000,8.3865,8.462,8.314,8.374
1684872000000,8.374,8.558,8.371,8.504
1684886400000,8.504,8.5175,8.206,8.294
1684900800000,8.294,8.3245,8.1665,8.1955
1684915200000,8.1955,8.281,8.1805,8.2105
1684929600000,8.2105,8.226,7.873,8.042
1684944000000,8.042,8.095,7.987,8.046
1684958400000,8.046,8.131,8.02,8.0725
1684972800000,8.0725,8.0965,7.7345,7.9275
1684987200000,7.9275,7.98,7.891,7.8995
1685001600000,7.8995,7.993,7.8965,7.992
1685016000000,7.992,8.075,7.9065,7.935
1685030400000,7.935,8.0735,7.9325,8.0155
1685044800000,8.0155,8.0295,7.967,7.968
1685059200000,7.968,7.9915,7.8765,7.9355
1685073600000,7.9355,7.9675,7.8145,7.965
1685088000000,7.965,8.038,7.9505,8.0195
1685102400000,8.0195,8.151,7.9765,8.098
1685116800000,8.098,8.107,7.9905,8.0785
1685131200000,8.0785,8.1195,8.055,8.063
1685145600000,8.063,8.1405,8.0335,8.125
1685160000000,8.125,8.1825,8.085,8.1065
1685174400000,8.1065,8.1375,8.071,8.123
1685188800000,8.123,8.1985,8.0905,8.168
1685203200000,8.168,8.191,8.1265,8.186
1685217600000,8.186,8.26,8.145,8.228
1685232000000,8.228,8.3745,8.19,8.318
1685246400000,8.318,8.41,8.2815,8.3935
1685260800000,8.3935,8.697,8.3445,8.528
1685275200000,8.528,8.5485,8.344,8.387
1685289600000,8.387,8.4925,8.341,8.442
1685304000000,8.442,8.62,8.4185,8.514
1685318400000,8.514,8.6485,8.36,8.393
1685332800000,8.393,8.49,8.3205,8.463
1685347200000,8.463,8.4955,8.382,8.482
1685361600000,8.482,8.49,8.231,8.2785
1685376000000,8.2785,8.555,8.206,8.4935
1685390400000,8.4935,8.604,8.405,8.5045
1685404800000,8.5045,8.583,8.383,8.517
1685419200000,8.517,8.5415,8.4065,8.41
1685433600000,8.41,8.573,8.382,8.556
1685448000000,8.556,8.5985,8.388,8.4345
1685462400000,8.4345,8.586,8.3905,8.5635
1685476800000,8.5635,8.592,8.4745,8.4855
1685491200000,8.4855,8.7905,8.458,8.725
1685505600000,8.725,8.7285,8.3695,8.523
1685520000000,8.523,8.566,8.277,8.3295
1685534400000,8.3295,8.3685,8.15,8.235
1685548800000,8.235,8.307,8.1985,8.2835
1685563200000,8.2835,8.384,8.2525,8.344
1685577600000,8.344,8.4455,8.261,8.3425
1685592000000,8.3425,8.4515,8.3155,8.361
1685606400000,8.361,8.624,8.3485,8.508
1685620800000,8.508,8.6225,8.4765,8.5625
1685635200000,8.5625,8.6635,8.458,8.585
1685649600000,8.585,8.606,8.489,8.551
1685664000000,8.551,8.77,8.3525,8.737
1685678400000,8.737,9.0535,8.719,8.937
1685692800000,8.937,9.1905,8.926,9.12
1685707200000,9.12,9.15,8.9535,9.067
1685721600000,9.067,9.084,8.8835,9.0275
1685736000000,9.0275,9.1495,8.94,9.038
1685750400000,9.038,9.038,8.8755,8.916
1685764800000,8.916,8.995,8.909,8.977
1685779200000,8.977,9.1925,8.956,9.0895
1685793600000,9.0895,9.113,8.968,9.0465
1685808000000,9.0465,9.051,8.8805,8.9285
1685822400000,8.9285,9.0305,8.917,8.975
1685836800000,8.975,9.0235,8.81,9.008
1685851200000,9.008,9.152,8.959,8.974
1685865600000,8.974,9.2495,8.9505,9.18
1685880000000,9.18,9.394,9.14,9.307
1685894400000,9.307,9.422,9.241,9.324
1685908800000,9.324,9.3515,9.1545,9.1755
1685923200000,9.1755,9.2355,8.8195,8.847
1685937600000,8.847,8.942,8.7715,8.9415
1685952000000,8.9415,8.951,8.665,8.7645
1685966400000,8.7645,8.775,8.0925,8.1045
1685980800000,8.1045,8.2375,7.89,8.074
1685995200000,8.074,8.1525,7.872,8.109
1686009600000,8.109,8.12,7.9655,8.0595
1686024000000,8.0595,8.114,7.982,8.0115
1686038400000,8.0115,8.069,7.954,7.9935
1686052800000,7.9935,8.0955,7.6025,8.0265
1686067200000,8.0265,8.3515,7.9805,8.323
1686081600000,8.323,8.339,8.126,8.2295
1686096000000,8.2295,8.2325,8.022,8.1035
1686110400000,8.1035,8.1975,8.028,8.0775
1686124800000,8.0775,8.142,7.882,8.033
1686139200000,8.033,8.039,7.6905,7.768
1686153600000,7.768,7.8325,7.676,7.8035
1686168000000,7.8035,7.8085,7.6165,7.6995
1686182400000,7.6995,7.7905,7.523,7.6285
1686196800000,7.6285,7.7435,7.5615,7.7215
1686211200000,7.7215,7.802,7.67,7.7165
1686225600000,7.7165,7.8175,7.6725,7.7545
1686240000000,7.7545,7.762,7.5555,7.6585
1686254400000,7.6585,7.707,7.635,7.676
1686268800000,7.676,7.7465,7.562,7.674
1686283200000,7.674,7.699,7.5545,7.6055
1686297600000,7.6055,7.7495,7.5765,7.7175
1686312000000,7.7175,7.7795,7.595,7.6315
1686326400000,7.6315,7.663,7.265,7.2895
1686340800000,7.2895,7.444,7.2685,7.44
1686355200000,7.44,7.444,6.8725,6.9175
1686369600000,6.9175,6.9915,5.3005,6.029
1686384000000,6.029,6.092,5.9265,6.006
1686398400000,6.006,6.009,5.723,5.7595
1686412800000,5.7595,6.0485,5.6115,5.8935
1686427200000,5.8935,6.049,5.831,6.006
1686441600000,6.006,6.0345,5.8985,5.962
1686456000000,5.962,5.974,5.85,5.913
1686470400000,5.913,5.996,5.864,5.966
1686484800000,5.966,6.0305,5.873,5.886
1686499200000,5.886,6.5865,5.868,6.5325
1686513600000,6.5325,6.706,6.1945,6.242
1686528000000,6.242,6.2845,6.075,6.211
1686542400000,6.211,6.288,6.121,6.21
1686556800000,6.21,6.4605,6.1735,6.3315
1686571200000,6.3315,6.35,6.2155,6.2265
1686585600000,6.2265,6.265,6.104,6.155
1686600000000,6.155,6.293,6.14,6.25
1686614400000,6.25,6.365,6.1835,6.328
1686628800000,6.328,6.3995,6.2295,6.3595
1686643200000,6.3595,6.462,6.3195,6.3995
1686657600000,6.3995,6.545,6.0805,6.1195
1686672000000,6.1195,6.229,6.101,6.2055
1686686400000,6.2055,6.279,6.184,6.254
1686700800000,6.254,6.384,6.2155,6.3515
1686715200000,6.3515,6.3885,6.219,6.2325
1686729600000,6.2325,6.3755,6.2315,6.349
1686744000000,6.349,6.3795,6.2825,6.306
1686758400000,6.306,6.43,6.2425,6.325
1686772800000,6.325,6.3415,5.89,6.021
1686787200000,6.021,6.147,5.9975,6.128
1686801600000,6.128,6.1815,6.0285,6.082
1686816000000,6.082,6.117,5.956,6.085
1686830400000,6.085,6.141,6.023,6.0775
1686844800000,6.0775,6.2495,5.9985,6.227
1686859200000,6.227,6.294,6.149,6.224
1686873600000,6.224,6.248,6.1435,6.223
1686888000000,6.223,6.247,6.1775,6.204
1686902400000,6.204,6.26,6.074,6.1005
1686916800000,6.1005,6.1615,6.016,6.144
1686931200000,6.144,6.34,6.1325,6.27
1686945600000,6.27,6.3255,6.232,6.2955
1686960000000,6.2955,6.299,6.2155,6.2975
1686974400000,6.2975,6.8525,6.273,6.701
1686988800000,6.701,6.8315,6.673,6.766
1687003200000,6.766,7.0905,6.7465,6.9255
1687017600000,6.9255,7.0605,6.887,6.8985
1687032000000,6.8985,7.019,6.866,6.9925
1687046400000,6.9925,7.0295,6.803,6.9645
1687060800000,6.9645,7.261,6.948,7.094
1687075200000,7.094,7.1475,6.9165,6.954
1687089600000,6.954,6.983,6.846,6.884
1687104000000,6.884,6.964,6.8335,6.8655
1687118400000,6.8655,6.872,6.519,6.7275
1687132800000,6.7275,6.7495,6.652,6.6925
1687147200000,6.6925,6.8705,6.6755,6.827
1687161600000,6.827,6.95,6.794,6.9095
1687176000000,6.9095,6.953,6.808,6.838
1687190400000,6.838,7.046,6.7345,6.9225
1687204800000,6.9225,6.98,6.829,6.9335
1687219200000,6.9335,7.095,6.896,6.9285
1687233600000,6.9285,6.94,6.8125,6.8495
1687248000000,6.8495,6.853,6.743,6.8225
1687262400000,6.8225,6.852,6.645,6.7695
1687276800000,6.7695,7.2475,6.7355,7.243
1687291200000,7.243,7.297,7.126,7.212
1687305600000,7.212,7.367,7.141,7.2395
1687320000000,7.2395,7.33,7.1805,7.2515
1687334400000,7.2515,7.256,7.0845,7.221
1687348800000,7.221,7.3555,7.104,7.264
1687363200000,7.264,7.593,7.2495,7.4515
1687377600000,7.4515,7.5255,7.351,7.449
1687392000000,7.449,7.8285,7.4255,7.715
1687406400000,7.715,7.7795,7.5365,7.684
1687420800000,7.684,7.741,7.245,7.403
1687435200000,7.403,7.571,7.3055,7.4995
1687449600000,7.4995,7.746,7.4825,7.5375
1687464000000,7.5375,7.54,7.322,7.352
1687478400000,7.352,7.459,7.345,7.45
1687492800000,7.45,7.5135,7.4015,7.4495
1687507200000,7.4495,7.4525,7.284,7.393
1687521600000,7.393,7.768,7.28,7.6765
1687536000000,7.6765,8.006,7.641,7.718
1687550400000,7.718,7.811,7.582,7.6605
1687564800000,7.6605,7.746,7.537,7.7315
1687579200000,7.7315,7.743,7.5405,7.5615
1687593600000,7.5615,7.631,7.537,7.5845
1687608000000,7.5845,7.652,7.201,7.244
1687622400000,7.244,7.378,7.1385,7.34
1687636800000,7.34,7.389,7.2405,7.3395
1687651200000,7.3395,7.9635,7.3175,7.832
1687665600000,7.832,7.895,7.633,7.7255
1687680000000,7.7255,7.8045,7.585,7.6495
1687694400000,7.6495,7.6775,7.4505,7.5355
1687708800000,7.5355,7.643,7.496,7.5955
1687723200000,7.5955,7.639,7.518,7.542
1687737600000,7.542,7.56,7.31,7.4025
1687752000000,7.4025,7.6355,7.314,7.473
1687766400000,7.473,7.7345,7.4475,7.64
1687780800000,7.64,7.721,7.5585,7.6435
1687795200000,7.6435,7.6495,7.3005,7.4115
1687809600000,7.4115,7.4255,7.162,7.2825
1687824000000,7.2825,7.4835,7.2575,7.444
1687838400000,7.444,7.476,7.3175,7.457
1687852800000,7.457,7.5365,7.3705,7.502
1687867200000,7.502,7.5195,7.245,7.282
1687881600000,7.282,7.4555,7.265,7.413
1687896000000,7.413,7.457,7.3865,7.4295
1687910400000,7.4295,7.441,7.143,7.257
1687924800000,7.257,7.262,6.9285,7.011
1687939200000,7.011,7.0955,6.983,7.0515
1687953600000,7.0515,7.2305,6.9075,7.134
1687968000000,7.134,7.147,6.652,6.8435
1687982400000,6.8435,6.9975,6.7855,6.917
1687996800000,6.917,6.9835,6.873,6.948
1688011200000,6.948,7.176,6.943,7.078
1688025600000,7.078,7.577,7.0385,7.417
1688040000000,7.417,7.48,7.1815,7.218
1688054400000,7.218,7.295,7.1255,7.24
1688068800000,7.24,7.246,7.091,7.146
1688083200000,7.146,7.3895,7.042,7.355
1688097600000,7.355,7.506,7.2505,7.304
1688112000000,7.304,7.4175,7.2895,7.389
1688126400000,7.389,7.515,6.647,7.033
1688140800000,7.033,7.346,6.998,7.215
1688155200000,7.215,7.327,7.182,7.2425
1688169600000,7.2425,7.3025,7.1585,7.1885
1688184000000,7.1885,7.21,7.022,7.194
1688198400000,7.194,7.2415,7.1485,7.217
1688212800000,7.217,7.32,7.1825,7.227
1688227200000,7.227,7.2955,7.21,7.263
1688241600000,7.263,7.394,7.2335,7.3835
1688256000000,7.3835,7.4075,7.1705,7.207
1688270400000,7.207,7.4465,7.1615,7.356
1688284800000,7.356,7.3755,7.2525,7.2805
1688299200000,7.2805,7.332,7.0925,7.2185
1688313600000,7.2185,7.2915,7.1065,7.203
1688328000000,7.203,7.3545,7.1775,7.33
1688342400000,7.33,7.435,7.3085,7.419
1688356800000,7.419,7.447,7.2955,7.4025
1688371200000,7.4025,7.575,7.343,7.5135
1688385600000,7.5135,7.57,7.4025,7.5535
1688400000000,7.5535,7.6345,7.435,7.5235
1688414400000,7.5235,7.56,7.4105,7.5125
1688428800000,7.5125,8.1785,7.486,8.1425
1688443200000,8.1425,8.3275,8.035,8.086
1688457600000,8.086,8.228,8.031,8.197
1688472000000,8.197,8.276,7.843,7.9825
1688486400000,7.9825,7.984,7.623,7.689
1688500800000,7.689,7.7905,7.6425,7.6745
1688515200000,7.6745,7.7185,7.607,7.6825
1688529600000,7.6825,7.928,7.632,7.89
1688544000000,7.89,7.9565,7.31,7.466
1688558400000,7.466,7.518,7.2885,7.3555
1688572800000,7.3555,7.4675,7.305,7.3225
1688587200000,7.3225,7.4505,7.2695,7.426
1688601600000,7.426,7.505,7.3625,7.4315
1688616000000,7.4315,7.5705,7.3595,7.518
1688630400000,7.518,7.703,7.393,7.461
1688644800000,7.461,7.4735,7.068,7.259
1688659200000,7.259,7.347,7.1575,7.217
1688673600000,7.217,7.3245,7.0935,7.102
1688688000000,7.102,7.2845,7.0105,7.2275
1688702400000,7.2275,7.238,7.1175,7.1485
1688716800000,7.1485,7.2085,7.1035,7.112
1688731200000,7.112,7.2585,7.053,7.235
1688745600000,7.235,7.2515,7.1205,7.1995
1688760000000,7.1995,7.2265,7.131,7.2205
1688774400000,7.2205,7.2595,7.17,7.176
1688788800000,7.176,7.1865,7.09,7.183
1688803200000,7.183,7.25,7.1315,7.171
1688817600000,7.171,7.188,7.1105,7.143
1688832000000,7.143,7.1915,6.912,6.9315
1688846400000,6.9315,7.1025,6.884,7.054
1688860800000,7.054,7.253,7.0155,7.128
1688875200000,7.128,7.1365,7.008,7.049
1688889600000,7.049,7.1225,7.025,7.0915
1688904000000,7.0915,7.1585,7.054,7.115
1688918400000,7.115,7.128,7.065,7.085
1688932800000,7.085,7.1255,7.0065,7.088
1688947200000,7.088,7.0945,6.8295,6.9365
1688961600000,6.9365,6.967,6.8745,6.8955
1688976000000,6.8955,6.9575,6.796,6.948
1688990400000,6.948,7.1235,6.9465,7.071
1689004800000,7.071,7.2,7.0445,7.178
1689019200000,7.178,7.2015,7.0395,7.0875
1689033600000,7.0875,7.123,7.033,7.086
1689048000000,7.086,7.135,7.071,7.109
1689062400000,7.109,7.111,6.9715,6.9895
1689076800000,6.9895,7.019,6.9005,6.9565
1689091200000,6.9565,7.0015,6.92,6.9555
1689105600000,6.9555,7.086,6.9385,7.043
1689120000000,7.043,7.0975,7.023,7.05
1689134400000,7.05,7.116,7.025,7.086
1689148800000,7.086,7.0875,7.0125,7.057
1689163200000,7.057,7.1245,6.9435,6.9645
1689177600000,6.9645,6.9975,6.832,6.888
1689192000000,6.888,6.9925,6.876,6.9785
1689206400000,6.9785,7.0205,6.9525,6.982
1689220800000,6.982,7.026,6.926,6.994
1689235200000,6.994,7.062,6.981,7.0185
1689249600000,7.0185,7.3025,6.9805,7.225
1689264000000,7.225,7.7135,7.191,7.5685
1689278400000,7.5685,7.594,7.386,7.5695
1689292800000,7.5695,7.924,7.5415,7.6925
1689307200000,7.6925,7.8995,7.66,7.704
1689321600000,7.704,7.779,7.6105,7.675
1689336000000,7.675,7.831,7.586,7.7915
1689350400000,7.7915,7.994,7.0825,7.1365
1689364800000,7.1365,7.3775,7.0895,7.368
1689379200000,7.368,7.3845,7.239,7.2575
1689393600000,7.2575,7.4585,7.253,7.432
1689408000000,7.432,7.56,7.375,7.4895
1689422400000,7.4895,7.532,7.392,7.429
1689436800000,7.429,7.488,7.379,7.437
1689451200000,7.437,7.4655,7.3625,7.458
1689465600000,7.458,7.5105,7.2985,7.3865
1689480000000,7.3865,7.443,7.3795,7.4325
1689494400000,7.4325,7.6325,7.422,7.5215
1689508800000,7.5215,7.617,7.505,7.552
1689523200000,7.552,7.557,7.374,7.4245
1689537600000,7.4245,7.484,7.3475,7.4065
1689552000000,7.4065,7.6075,7.358,7.572
1689566400000,7.572,7.7775,7.562,7.6725
1689580800000,7.6725,7.745,7.391,7.6055
1689595200000,7.6055,7.8675,7.487,7.6405
1689609600000,7.6405,7.689,7.4445,7.6385
1689624000000,7.6385,7.939,7.6005,7.8155
1689638400000,7.8155,8.1895,7.7585,7.79
1689652800000,7.79,7.798,7.5445,7.647
1689667200000,7.647,7.767,7.5575,7.575
1689681600000,7.575,7.639,7.51,7.5635
1689696000000,7.5635,7.6535,7.3695,7.568
1689710400000,7.568,7.615,7.5405,7.591
1689724800000,7.591,7.714,7.5605,7.6165
1689739200000,7.6165,7.649,7.51,7.538
1689753600000,7.538,7.564,7.4305,7.5495
1689768000000,7.5495,7.6025,7.4705,7.564
1689782400000,7.564,7.6455,7.505,7.613
1689796800000,7.613,7.6315,7.522,7.5435
1689811200000,7.5435,7.632,7.486,7.534
1689825600000,7.534,7.6085,7.507,7.596
1689840000000,7.596,7.6905,7.5875,7.654
1689854400000,7.654,7.675,7.408,7.452
1689868800000,7.452,7.4845,7.3715,7.4135
1689883200000,7.4135,7.45,7.3215,7.427
1689897600000,7.427,7.526,7.352,7.4855
1689912000000,7.4855,7.4945,7.4015,7.4115
1689926400000,7.4115,7.48,7.4025,7.4435
1689940800000,7.4435,7.595,7.4435,7.502
1689955200000,7.502,7.5855,7.4665,7.5435
1689969600000,7.5435,7.5505,7.495,7.5435
1689984000000,7.5435,7.672,7.5365,7.6245
1689998400000,7.6245,7.6515,7.574,7.62
1690012800000,7.62,7.6375,7.5145,7.621
1690027200000,7.621,7.708,7.59,7.6755
1690041600000,7.6755,7.7045,7.6025,7.68
1690056000000,7.68,7.757,7.5625,7.663
1690070400000,7.663,7.794,7.5365,7.691
1690084800000,7.691,7.727,7.626,7.647
1690099200000,7.647,7.669,7.6,7.606
1690113600000,7.606,7.6285,7.5645,7.5955
1690128000000,7.5955,7.6655,7.5525,7.592
1690142400000,7.592,7.6055,7.4855,7.569
1690156800000,7.569,7.5905,7.4325,7.448
1690171200000,7.448,7.505,7.3975,7.4745
1690185600000,7.4745,7.485,7.096,7.2495
1690200000000,7.2495,7.291,7.072,7.108
1690214400000,7.108,7.1365,7.004,7.0385
1690228800000,7.0385,7.081,6.986,7.0495
1690243200000,7.0495,7.0725,6.9705,7.006
1690257600000,7.006,7.0155,6.8405,6.8855
1690272000000,6.8855,7.0385,6.876,6.987
1690286400000,6.987,7.0455,6.9165,6.9625
1690300800000,6.9625,7.0075,6.885,6.9455
1690315200000,6.9455,6.9805,6.91,6.9705
1690329600000,6.9705,7.0085,6.815,6.9635
1690344000000,6.9635,6.9925,6.9155,6.9395
1690358400000,6.9395,6.981,6.9105,6.9265
1690372800000,6.9265,7.0355,6.918,7.0065
1690387200000,7.0065,7.092,6.886,7.0635
1690401600000,7.0635,7.123,6.9885,7.0185
1690416000000,7.0185,7.09,6.945,7.0515
1690430400000,7.0515,7.109,7.042,7.0595
1690444800000,7.0595,7.142,7.0355,7.08
1690459200000,7.08,7.092,6.9715,7.0205
1690473600000,7.0205,7.0425,6.8955,6.9845
1690488000000,6.9845,7.08,6.9625,7.076
1690502400000,7.076,7.1085,7.046,7.074
1690516800000,7.074,7.078,6.9685,7.0075
1690531200000,7.0075,7.072,6.9885,7.0325
1690545600000,7.0325,7.102,7.0145,7.057
1690560000000,7.057,7.06,6.9905,7.0405
1690574400000,7.0405,7.08,7.0265,7.066
1690588800000,7.066,7.106,7.0485,7.084
1690603200000,7.084,7.1065,7.075,7.0855
1690617600000,7.0855,7.0955,7.0455,7.0585
1690632000000,7.0585,7.0905,7.0555,7.0895
1690646400000,7.0895,7.132,7.078,7.1295
1690660800000,7.1295,7.1435,7.106,7.1325
1690675200000,7.1325,7.1865,7.116,7.1655
1690689600000,7.1655,7.178,7.085,7.1025
1690704000000,7.1025,7.126,7.0585,7.0885
1690718400000,7.0885,7.114,7.043,7.0695
1690732800000,7.0695,7.1085,6.8985,6.9645
1690747200000,6.9645,7.0425,6.831,7.0135
1690761600000,7.0135,7.1,6.992,7.068
1690776000000,7.068,7.0845,7.0155,7.0255
1690790400000,7.0255,7.08,7.024,7.056
1690804800000,7.056,7.08,6.955,6.969
1690819200000,6.969,7.052,6.9575,6.988
1690833600000,6.988,7.06,6.9205,7.032
1690848000000,7.032,7.0545,6.7465,6.8505
1690862400000,6.8505,6.9095,6.831,6.9005
1690876800000,6.9005,6.9445,6.867,6.89
1690891200000,6.89,6.9725,6.84,6.964
1690905600000,6.964,7.025,6.9455,7.002
1690920000000,7.002,7.0765,6.973,7.0635
1690934400000,7.0635,7.0845,7.008,7.0195
1690948800000,7.0195,7.025,6.923,6.9405
1690963200000,6.9405,6.9815,6.927,6.967
1690977600000,6.967,6.967,6.85,6.908
1690992000000,6.908,6.9205,6.79,6.8795
1691006400000,6.8795,6.905,6.8355,6.8575
1691020800000,6.8575,6.9215,6.841,6.897
1691035200000,6.897,6.9035,6.815,6.84
1691049600000,6.84,6.8475,6.7645,6.8395
1691064000000,6.8395,6.9085,6.8055,6.871
1691078400000,6.871,6.9005,6.8005,6.8285
1691092800000,6.8285,6.852,6.7015,6.768
1691107200000,6.768,6.8065,6.737,6.788
1691121600000,6.788,6.797,6.72,6.7525
1691136000000,6.7525,6.78,6.7255,6.7635
1691150400000,6.7635,6.847,6.755,6.8105
1691164800000,6.8105,6.829,6.658,6.6925
1691179200000,6.6925,6.719,6.591,6.701
1691193600000,6.701,6.706,6.623,6.667
1691208000000,6.667,6.688,6.622,6.6795
1691222400000,6.6795,6.72,6.676,6.6975
1691236800000,6.6975,6.704,6.6545,6.6755
1691251200000,6.6755,6.709,6.6545,6.686
1691265600000,6.686,6.732,6.651,6.713
1691280000000,6.713,6.7995,6.7065,6.763
1691294400000,6.763,6.7965,6.755,6.763
1691308800000,6.763,6.8145,6.7415,6.7835
1691323200000,6.7835,6.79,6.6715,6.707
1691337600000,6.707,6.7525,6.698,6.732
1691352000000,6.732,6.761,6.6905,6.7075
1691366400000,6.7075,6.785,6.691,6.7235
1691380800000,6.7235,6.745,6.6575,6.69
1691395200000,6.69,6.716,6.663,6.697
1691409600000,6.697,6.7165,6.5605,6.604
1691424000000,6.604,6.6275,6.444,6.606
1691438400000,6.606,6.6705,6.59,6.6665
1691452800000,6.6665,6.6905,6.6115,6.6335
1691467200000,6.6335,6.673,6.6135,6.6355
1691481600000,6.6355,6.6865,6.6025,6.6835
1691496000000,6.6835,6.724,6.6335,6.6815
1691510400000,6.6815,6.7585,6.675,6.71
1691524800000,6.71,6.7735,6.6855,6.6955
1691539200000,6.6955,6.7275,6.662,6.6875
1691553600000,6.6875,6.709,6.665,6.705
1691568000000,6.705,6.758,6.7015,6.7375
1691582400000,6.7375,7.9775,6.725,7.349
1691596800000,7.349,7.4895,7.2395,7.4295
1691611200000,7.4295,7.486,7.2,7.401
1691625600000,7.401,7.6115,7.291,7.3615
1691640000000,7.3615,7.4485,7.242,7.287
1691654400000,7.287,7.4435,7.2325,7.343
1691668800000,7.343,7.478,7.286,7.3115
1691683200000,7.3115,7.341,7.26,7.322
1691697600000,7.322,7.3435,7.1155,7.1605
1691712000000,7.1605,7.166,7.032,7.066
1691726400000,7.066,7.1265,7.0465,7.081
1691740800000,7.081,7.1195,7.03,7.1175
1691755200000,7.1175,7.1445,7.057,7.0845
1691769600000,7.0845,7.1305,6.9595,7.0345
1691784000000,7.0345,7.125,7.031,7.0945
1691798400000,7.0945,7.209,7.0765,7.167
1691812800000,7.167,7.2355,7.145,7.1495
1691827200000,7.1495,7.179,7.129,7.1375
1691841600000,7.1375,7.151,7.095,7.1105
1691856000000,7.1105,7.1885,7.106,7.128
1691870400000,7.128,7.209,7.128,7.198
1691884800000,7.198,7.2485,7.1405,7.1795
1691899200000,7.1795,7.2025,7.144,7.182
1691913600000,7.182,7.2495,7.176,7.203
1691928000000,7.203,7.214,7.1,7.1335
1691942400000,7.1335,7.172,7.0535,7.163
1691956800000,7.163,7.1685,7.0205,7.05
1691971200000,7.05,7.071,6.982,7.0405
1691985600000,7.0405,7.0955,7.0385,7.0795
1692000000000,7.0795,7.109,7.069,7.0735
1692014400000,7.0735,7.1415,7.042,7.119
1692028800000,7.119,7.142,7.007,7.0495
1692043200000,7.0495,7.088,7.037,7.0735
1692057600000,7.0735,7.0785,7.009,7.0355
1692072000000,7.0355,7.037,6.8945,6.957
1692086400000,6.957,6.979,6.914,6.9195
1692100800000,6.9195,6.969,6.8965,6.9165
1692115200000,6.9165,6.9355,6.1,6.546
1692129600000,6.546,6.581,6.4705,6.5275
1692144000000,6.5275,6.543,6.4195,6.437
1692158400000,6.437,6.4545,6.3775,6.435
1692172800000,6.435,6.449,6.338,6.368
1692187200000,6.368,6.396,6.2175,6.382
1692201600000,6.382,6.4405,6.3005,6.3095
1692216000000,6.3095,6.3285,5.9115,6.181
1692230400000,6.181,6.323,6.078,6.294
1692244800000,6.294,6.305,6.2555,6.2905
1692259200000,6.2905,6.3175,6.225,6.2385
1692273600000,6.2385,6.309,6.1045,6.1945
1692288000000,6.1945,6.2915,6.127,6.235
1692302400000,6.235,6.2425,4.858,5.6725
1692316800000,5.6725,5.752,5.467,5.5185
1692331200000,5.5185,5.79,5.5015,5.7615
1692345600000,5.7615,5.814,5.715,5.7885
1692360000000,5.7885,5.873,5.7515,5.7655
1692374400000,5.7655,5.9025,5.6845,5.792
1692388800000,5.792,5.86,5.7785,5.827
1692403200000,5.827,5.9,5.8145,5.8935
1692417600000,5.8935,5.939,5.8735,5.915
1692432000000,5.915,6.061,5.902,5.982
1692446400000,5.982,5.9895,5.9245,5.986
1692460800000,5.986,6.0725,5.9455,6.0275
1692475200000,6.0275,6.0285,5.953,6.0175
1692489600000,6.0175,6.0605,6.0085,6.019
1692504000000,6.019,6.034,5.9655,6.023
1692518400000,6.023,6.0535,5.9925,6.034
1692532800000,6.034,6.0405,5.914,5.963
1692547200000,5.963,6.1815,5.9285,6.0285
1692561600000,6.0285,6.1045,6.0285,6.0635
1692576000000,6.0635,6.085,5.962,5.971
1692590400000,5.971,6.0285,5.9525,5.966
1692604800000,5.966,5.9765,5.812,5.946
1692619200000,5.946,5.966,5.7555,5.8315
1692633600000,5.8315,5.9825,5.8305,5.94
1692648000000,5.94,5.971,5.9285,5.9405
1692662400000,5.9405,5.9735,5.924,5.943
1692676800000,5.943,5.9505,5.872,5.905
1692691200000,5.905,5.9115,5.8335,5.8425
1692705600000,5.8425,5.9,5.7835,5.803
1692720000000,5.803,5.8675,5.673,5.723
1692734400000,5.723,5.885,5.6,5.84
1692748800000,5.84,5.908,5.8355,5.88
1692763200000,5.88,5.945,5.86,5.907
1692777600000,5.907,5.93,5.858,5.8665
1692792000000,5.8665,5.9805,5.8185,5.9735
1692806400000,5.9735,6.1325,5.956,6.081
1692820800000,6.081,6.101,5.9185,6.013
1692835200000,6.013,6.0525,5.9845,6.045
1692849600000,6.045,6.0505,5.9925,6.0065
1692864000000,6.0065,6.008,5.9605,5.9725
1692878400000,5.9725,5.9725,5.7885,5.7995
1692892800000,5.7995,5.841,5.7495,5.7875
1692907200000,5.7875,5.8195,5.705,5.812
1692921600000,5.812,5.8225,5.634,5.697
1692936000000,5.697,5.697,5.5915,5.642
1692950400000,5.642,5.683,5.6305,5.6505
1692964800000,5.6505,5.701,5.567,5.6325
1692979200000,5.6325,5.6655,5.5875,5.611
1692993600000,5.611,5.694,5.6,5.685
1693008000000,5.685,5.754,5.648,5.7395
1693022400000,5.7395,5.743,5.687,5.72
1693036800000,5.72,5.775,5.7155,5.7625
1693051200000,5.7625,5.7625,5.7185,5.7355
1693065600000,5.7355,5.742,5.695,5.7385
1693080000000,5.7385,5.7565,5.7125,5.722
1693094400000,5.722,5.731,5.655,5.6885
1693108800000,5.6885,5.7225,5.688,5.697
1693123200000,5.697,5.7455,5.68,5.703
1693137600000,5.703,5.7745,5.688,5.7065
1693152000000,5.7065,5.7155,5.6575,5.687
1693166400000,5.687,5.7,5.6245,5.697
1693180800000,5.697,5.698,5.5785,5.601
1693195200000,5.601,5.6205,5.524,5.613
1693209600000,5.613,5.6345,5.5385,5.6345
1693224000000,5.6345,5.746,5.6265,5.7175
1693238400000,5.7175,5.737,5.67,5.7035
1693252800000,5.7035,5.7485,5.6815,5.7285
1693267200000,5.7285,5.768,5.659,5.683
1693281600000,5.683,5.688,5.624,5.643
1693296000000,5.643,5.649,5.5735,5.599
1693310400000,5.599,5.9525,5.5925,5.84
1693324800000,5.84,5.976,5.826,5.9155
1693339200000,5.9155,5.9335,5.865,5.896
1693353600000,5.896,5.958,5.8065,5.841
1693368000000,5.841,5.909,5.8275,5.8955
1693382400000,5.8955,5.924,5.87,5.8815
1693396800000,5.8815,5.917,5.7115,5.7875
1693411200000,5.7875,5.809,5.767,5.7865
1693425600000,5.7865,5.8045,5.763,5.7785
1693440000000,5.7785,5.782,5.708,5.742
1693454400000,5.742,5.79,5.733,5.775
1693468800000,5.775,5.807,5.734,5.7765
1693483200000,5.7765,5.7785,5.61,5.672
1693497600000,5.672,5.674,5.4195,5.5275
1693512000000,5.5275,5.534,5.44,5.5095
1693526400000,5.5095,5.5525,5.502,5.533
1693540800000,5.533,5.5655,5.5195,5.538
1693555200000,5.538,5.558,5.5145,5.5475
1693569600000,5.5475,5.564,5.4535,5.5105
1693584000000,5.5105,5.54,5.378,5.4555
1693598400000,5.4555,5.544,5.444,5.5025
1693612800000,5.5025,5.551,5.4935,5.5465
1693627200000,5.5465,5.649,5.5385,5.6255
1693641600000,5.6255,5.646,5.5545,5.5635
1693656000000,5.5635,5.6445,5.558,5.597
1693670400000,5.597,5.6115,5.485,5.5315
1693684800000,5.5315,5.5855,5.518,5.5715
1693699200000,5.5715,5.5815,5.542,5.56
1693713600000,5.56,5.5675,5.544,5.5485
1693728000000,5.5485,5.5485,5.5165,5.5485
1693742400000,5.5485,5.5645,5.482,5.495
1693756800000,5.495,5.5,5.4065,5.4715
1693771200000,5.4715,5.5015,5.4355,5.46
1693785600000,5.46,5.5705,5.4495,5.5385
1693800000000,5.5385,5.571,5.508,5.5365
1693814400000,5.5365,5.5655,5.492,5.505
1693828800000,5.505,5.513,5.418,5.4845
1693843200000,5.4845,5.5765,5.4775,5.5385
1693857600000,5.5385,5.545,5.423,5.5105
1693872000000,5.5105,5.5265,5.3865,5.4405
1693886400000,5.4405,5.4975,5.437,5.4735
1693900800000,5.4735,5.506,5.4455,5.4915
1693915200000,5.4915,5.5505,5.45,5.511
1693929600000,5.511,5.552,5.4915,5.4945
1693944000000,5.4945,5.526,5.4715,5.5255
1693958400000,5.5255,5.5715,5.505,5.507
1693972800000,5.507,5.511,5.4085,5.4545
1693987200000,5.4545,5.493,5.446,5.478
1694001600000,5.478,5.5,5.4105,5.4495
1694016000000,5.4495,5.5915,5.3705,5.511
1694030400000,5.511,5.56,5.5015,5.531
1694044800000,5.531,5.6135,5.5255,5.6045
1694059200000,5.6045,5.6725,5.546,5.5695
1694073600000,5.5695,5.586,5.4825,5.505
1694088000000,5.505,5.607,5.475,5.5735
1694102400000,5.5735,5.6395,5.5605,5.5905
1694116800000,5.5905,5.656,5.582,5.6335
1694131200000,5.6335,5.6675,5.576,5.5905
1694145600000,5.5905,5.66,5.5465,5.615
1694160000000,5.615,5.615,5.4335,5.4765
1694174400000,5.4765,5.5185,5.465,5.502
1694188800000,5.502,5.5195,5.4775,5.507
1694203200000,5.507,5.518,5.4965,5.515
1694217600000,5.515,5.53,5.4705,5.504
1694232000000,5.504,5.5125,5.479,5.495
1694246400000,5.495,5.5035,5.483,5.4895
1694260800000,5.4895,5.5085,5.444,5.49
1694275200000,5.49,5.5145,5.46,5.4925
1694289600000,5.4925,5.5195,5.472,5.476
1694304000000,5.476,5.479,5.283,5.391
1694318400000,5.391,5.391,5.076,5.2675
1694332800000,5.2675,5.2865,5.2385,5.2445
1694347200000,5.2445,5.2895,5.1385,5.186
1694361600000,5.186,5.19,5.1035,5.168
1694376000000,5.168,5.2635,5.1585,5.166
1694390400000,5.166,5.1865,5.0725,5.149
1694404800000,5.149,5.1835,5.101,5.1185
1694419200000,5.1185,5.132,4.8805,4.966
1694433600000,4.966,5.0345,4.8825,5.012
1694448000000,5.012,5.0375,4.8895,4.919
1694462400000,4.919,5.01,4.894,5.0085
1694476800000,5.0085,5.1935,4.986,5.124
1694491200000,5.124,5.1495,5.041,5.0415
1694505600000,5.0415,5.213,5.006,5.133
1694520000000,5.133,5.151,5.039,5.0575
1694534400000,5.0575,5.1285,4.961,5.0205
1694548800000,5.0205,5.2525,5.0125,5.0315
1694563200000,5.0315,5.1115,5.0175,5.077
1694577600000,5.077,5.282,5.0305,5.111
1694592000000,5.111,5.243,5.105,5.2415
1694606400000,5.2415,5.3395,5.186,5.2575
1694620800000,5.2575,5.2865,5.139,5.229
1694635200000,5.229,5.233,5.174,5.1825
1694649600000,5.1825,5.3145,5.1775,5.1995
1694664000000,5.1995,5.208,5.1325,5.1765
1694678400000,5.1765,5.2095,5.141,5.203
1694692800000,5.203,5.27,5.173,5.2015
1694707200000,5.2015,5.2185,5.1545,5.199
1694721600000,5.199,5.2455,5.172,5.213
1694736000000,5.213,5.2835,5.1635,5.2355
1694750400000,5.2355,5.2555,5.171,5.1875
1694764800000,5.1875,5.225,5.149,5.1535
1694779200000,5.1535,5.1865,5.107,5.1835
1694793600000,5.1835,5.2295,5.174,5.2085
1694808000000,5.2085,5.304,5.207,5.263
1694822400000,5.263,5.36,5.2425,5.303
1694836800000,5.303,5.3405,5.2705,5.3045
1694851200000,5.3045,5.3425,5.277,5.327
1694865600000,5.327,5.34,5.2425,5.266
1694880000000,5.266,5.318,5.254,5.28
1694894400000,5.28,5.333,5.2775,5.316
1694908800000,5.316,5.316,5.154,5.2575
1694923200000,5.2575,5.2595,5.192,5.1965
1694937600000,5.1965,5.298,5.184,5.267
1694952000000,5.267,5.327,5.2655,5.287
1694966400000,5.287,5.299,5.2035,5.239
1694980800000,5.239,5.2465,5.1505,5.221
1694995200000,5.221,5.3125,5.1545,5.2815
1695009600000,5.2815,5.3045,5.2405,5.247
1695024000000,5.247,5.3595,5.2365,5.348
1695038400000,5.348,5.3735,5.296,5.2985
1695052800000,5.2985,5.309,5.145,5.1845
1695067200000,5.1845,5.2175,5.1635,5.1785
1695081600000,5.1785,5.2055,5.134,5.2035
1695096000000,5.2035,5.223,5.1735,5.1865
1695110400000,5.1865,5.2765,5.1775,5.213
1695124800000,5.213,5.2235,5.0865,5.2025
1695139200000,5.2025,5.214,5.1495,5.1795
1695153600000,5.1795,5.2275,5.139,5.22
1695168000000,5.22,5.2545,5.1505,5.169
1695182400000,5.169,5.186,5.114,5.173
1695196800000,5.173,5.1935,5.1045,5.154
1695211200000,5.154,5.1605,5.111,5.143
1695225600000,5.143,5.1865,5.0555,5.124
1695240000000,5.124,5.1865,5.1145,5.167
1695254400000,5.167,5.2395,5.152,5.2385
1695268800000,5.2385,5.24,5.136,5.158
1695283200000,5.158,5.158,5.0255,5.0735
1695297600000,5.0735,5.109,5.027,5.084
1695312000000,5.084,5.1155,5.056,5.104
1695326400000,5.104,5.105,5.0515,5.0925
1695340800000,5.0925,5.1285,5.0415,5.1215
1695355200000,5.1215,5.151,5.102,5.1265
1695369600000,5.1265,5.1435,5.1055,5.129
1695384000000,5.129,5.1455,5.094,5.118
1695398400000,5.118,5.1475,5.0885,5.124
1695412800000,5.124,5.1455,5.105,5.1285
1695427200000,5.1285,5.1735,5.1245,5.1595
1695441600000,5.1595,5.19,5.136,5.155
1695456000000,5.155,5.161,5.1105,5.119
1695470400000,5.119,5.1225,5.077,5.084
1695484800000,5.084,5.1405,5.067,5.124
1695499200000,5.124,5.1465,5.1095,5.1465
1695513600000,5.1465,5.153,5.1145,5.13
1695528000000,5.13,5.144,5.096,5.1225
1695542400000,5.1225,5.264,5.118,5.2425
1695556800000,5.2425,5.4025,5.1985,5.277
1695571200000,5.277,5.325,5.255,5.267
1695585600000,5.267,5.395,5.25,5.3145
1695600000000,5.3145,5.611,5.2795,5.393
1695614400000,5.393,5.542,5.3755,5.517
1695628800000,5.517,5.8125,5.4635,5.643
1695643200000,5.643,5.6815,5.454,5.497
1695657600000,5.497,5.6245,5.4935,5.5945
1695672000000,5.5945,5.638,5.5425,5.562
1695686400000,5.562,5.6435,5.4605,5.5755
1695700800000,5.5755,5.59,5.461,5.481
1695715200000,5.481,5.518,5.4205,5.4505
1695729600000,5.4505,5.456,5.3685,5.3895
1695744000000,5.3895,5.4465,5.299,5.357
1695758400000,5.357,5.375,5.17,5.3075
1695772800000,5.3075,5.315,5.2465,5.282
1695787200000,5.282,5.289,5.2075,5.225
1695801600000,5.225,5.3395,5.208,5.319
1695816000000,5.319,5.346,5.216,5.243
1695830400000,5.243,5.3015,5.2305,5.273
1695844800000,5.273,5.3255,5.2415,5.3185
1695859200000,5.3185,5.3785,5.2905,5.3365
1695873600000,5.3365,5.374,5.3,5.3535
1695888000000,5.3535,5.369,5.284,5.301
1695902400000,5.301,5.3695,5.267,5.345
1695916800000,5.345,5.4075,5.3065,5.3665
1695931200000,5.3665,5.3775,5.2925,5.326
1695945600000,5.326,5.4495,5.314,5.4425
1695960000000,5.4425,5.4465,5.3845,5.443
1695974400000,5.443,5.5645,5.3865,5.526
1695988800000,5.526,5.5425,5.3835,5.4695
1696003200000,5.4695,5.476,5.3415,5.3865
1696017600000,5.3865,5.422,5.3705,5.395
1696032000000,5.395,5.4175,5.312,5.3335
1696046400000,5.3335,5.4125,5.3295,5.4115
1696060800000,5.4115,5.4725,5.355,5.3595
1696075200000,5.3595,5.461,5.355,5.426
1696089600000,5.426,5.5115,5.4245,5.453
1696104000000,5.453,5.4935,5.435,5.4895
1696118400000,5.4895,5.5185,5.443,5.4625
1696132800000,5.4625,5.512,5.446,5.4685
1696147200000,5.4685,5.5915,5.454,5.5255
1696161600000,5.5255,5.623,5.483,5.559
1696176000000,5.559,5.56,5.483,5.5195
1696190400000,5.5195,5.703,5.4905,5.6705
1696204800000,5.6705,5.7475,5.617,5.7055
1696219200000,5.7055,5.7355,5.634,5.7235
1696233600000,5.7235,5.7565,5.6235,5.628
1696248000000,5.628,5.651,5.41,5.4725
1696262400000,5.4725,5.5615,5.32,5.4715
1696276800000,5.4715,5.474,5.3385,5.435
1696291200000,5.435,5.458,5.3975,5.415
1696305600000,5.415,5.42,5.3615,5.3915
1696320000000,5.3915,5.43,5.3495,5.3775
1696334400000,5.3775,5.416,5.2915,5.3535
1696348800000,5.3535,5.4005,5.335,5.3675
1696363200000,5.3675,5.3965,5.3055,5.345
1696377600000,5.345,5.345,5.101,5.225
1696392000000,5.225,5.276,5.2015,5.273
1696406400000,5.273,5.33,5.2635,5.284
1696420800000,5.284,5.313,5.234,5.2465
1696435200000,5.2465,5.326,5.243,5.2945
1696449600000,5.2945,5.338,5.289,5.3185
1696464000000,5.3185,5.362,5.278,5.292
1696478400000,5.292,5.343,5.287,5.3315
1696492800000,5.3315,5.34,5.294,5.2955
1696507200000,5.2955,5.333,5.208,5.249
1696521600000,5.249,5.2715,5.204,5.232
1696536000000,5.232,5.2595,5.2155,5.217
1696550400000,5.217,5.277,5.213,5.263
1696564800000,5.263,5.269,5.2205,5.2635
1696579200000,5.2635,5.287,5.23,5.2385
1696593600000,5.2385,5.317,5.1955,5.2945
1696608000000,5.2945,5.3495,5.288,5.3305
1696622400000,5.3305,5.369,5.312,5.3245
1696636800000,5.3245,5.359,5.292,5.292
1696651200000,5.292,5.3315,5.263,5.267
1696665600000,5.267,5.306,5.258,5.286
1696680000000,5.286,5.294,5.267,5.2835
1696694400000,5.2835,5.2845,5.2275,5.236
1696708800000,5.236,5.2735,5.229,5.273
1696723200000,5.273,5.291,5.2525,5.2815
1696737600000,5.2815,5.288,5.225,5.2455
1696752000000,5.2455,5.259,5.1845,5.2055
1696766400000,5.2055,5.247,5.1925,5.232
1696780800000,5.232,5.246,5.1915,5.2155
1696795200000,5.2155,5.2395,5.1905,5.198
1696809600000,5.198,5.209,5.1305,5.198
1696824000000,5.198,5.2195,5.163,5.1735
1696838400000,5.1735,5.181,4.8555,4.959
1696852800000,4.959,4.995,4.9185,4.98
1696867200000,4.98,4.999,4.784,4.9885
1696881600000,4.9885,5.002,4.9365,4.961
1696896000000,4.961,4.9745,4.894,4.9275
1696910400000,4.9275,4.984,4.899,4.9685
1696924800000,4.9685,4.9965,4.915,4.922
1696939200000,4.922,4.954,4.871,4.8915
1696953600000,4.8915,4.9145,4.8365,4.8815
1696968000000,4.8815,4.9335,4.8135,4.9135
1696982400000,4.9135,4.934,4.6925,4.8035
1696996800000,4.8035,4.838,4.784,4.7995
1697011200000,4.7995,4.8985,4.7905,4.8505
1697025600000,4.8505,4.863,4.751,4.7835
1697040000000,4.7835,4.79,4.732,4.773
1697054400000,4.773,4.845,4.7595,4.839
1697068800000,4.839,4.8415,4.7735,4.7995
1697083200000,4.7995,4.834,4.7915,4.823
1697097600000,4.823,4.835,4.7145,4.821
1697112000000,4.821,4.948,4.7935,4.8925
1697126400000,4.8925,4.941,4.8005,4.8125
1697140800000,4.8125,4.8485,4.7895,4.8345
1697155200000,4.8345,4.8735,4.82,4.842
1697169600000,4.842,4.8705,4.8025,4.8335
1697184000000,4.8335,4.8525,4.7925,4.8415
1697198400000,4.8415,4.8645,4.8135,4.843
1697212800000,4.843,4.8915,4.841,4.849
1697227200000,4.849,4.9855,4.844,4.893
1697241600000,4.893,4.9235,4.8865,4.9175
1697256000000,4.9175,4.9555,4.914,4.9545
1697270400000,4.9545,4.968,4.93,4.9315
1697284800000,4.9315,4.9365,4.9005,4.934
1697299200000,4.934,4.964,4.9155,4.956
1697313600000,4.956,4.966,4.9365,4.941
1697328000000,4.941,4.962,4.884,4.8905
1697342400000,4.8905,4.9075,4.881,4.901
1697356800000,4.901,4.932,4.8895,4.89
1697371200000,4.89,4.909,4.853,4.8795
1697385600000,4.8795,4.9155,4.875,4.905
1697400000000,4.905,4.9395,4.8905,4.9245
1697414400000,4.9245,4.963,4.9035,4.9405
1697428800000,4.9405,5.023,4.9245,4.983
1697443200000,4.983,5.0665,4.9725,5.0665
1697457600000,5.0665,5.239,4.9555,4.964
1697472000000,4.964,5.055,4.9625,5.018
1697486400000,5.018,5.0865,4.998,5.0555
1697500800000,5.0555,5.1525,5.0235,5.0885
1697515200000,5.0885,5.13,5.008,5.0365
1697529600000,5.0365,5.0905,5.0255,5.0435
1697544000000,5.0435,5.0545,4.846,5.0295
1697558400000,5.0295,5.0375,4.957,4.9995
1697572800000,4.9995,5.017,4.973,5.003
1697587200000,5.003,5.019,4.916,4.9645
1697601600000,4.9645,5.0435,4.95,4.9765
1697616000000,4.9765,5.023,4.946,4.9825
1697630400000,4.9825,4.9935,4.88,4.906
1697644800000,4.906,4.945,4.903,4.9305
1697659200000,4.9305,4.9445,4.8885,4.9365
1697673600000,4.9365,4.9365,4.7815,4.9085
1697688000000,4.9085,5.0,4.902,4.9875
1697702400000,4.9875,5.0065,4.952,4.966
1697716800000,4.966,5.0455,4.944,5.0105
1697731200000,5.0105,5.045,4.9375,4.961
1697745600000,4.961,4.9635,4.885,4.9065
1697760000000,4.9065,5.002,4.8835,4.9995
1697774400000,4.9995,5.0905,4.9815,5.059
1697788800000,5.059,5.2045,5.059,5.1195
1697803200000,5.1195,5.1765,5.059,5.069
1697817600000,5.069,5.101,5.0405,5.0595
1697832000000,5.0595,5.078,5.028,5.048
1697846400000,5.048,5.128,5.036,5.071
1697860800000,5.071,5.1485,5.061,5.144
1697875200000,5.144,5.224,5.113,5.206
1697889600000,5.206,5.818,5.1785,5.7875
1697904000000,5.7875,5.8735,5.644,5.7265
1697918400000,5.7265,5.7405,5.4965,5.5455
1697932800000,5.5455,5.613,5.4515,5.553
1697947200000,5.553,6.2805,5.5465,6.0205
1697961600000,6.0205,6.255,5.8025,6.06
1697976000000,6.06,6.177,5.843,5.9555
1697990400000,5.9555,6.0575,5.912,5.9565
1698004800000,5.9565,6.162,5.872,6.153
1698019200000,6.153,6.3945,6.015,6.1155
1698033600000,6.1155,6.256,5.9545,6.0625
1698048000000,6.0625,6.0815,5.891,5.9505
1698062400000,5.9505,5.9735,5.768,5.9485
1698076800000,5.9485,6.053,5.9015,6.033
1698091200000,6.033,6.3505,5.9435,6.1995
1698105600000,6.1995,6.6355,6.095,6.207
1698120000000,6.207,6.346,6.0085,6.0995
1698134400000,6.0995,6.392,6.083,6.3125
1698148800000,6.3125,6.465,5.895,6.0265
1698163200000,6.0265,6.2515,5.9465,6.21
1698177600000,6.21,6.3135,6.0915,6.2945
1698192000000,6.2945,6.619,6.233,6.365
1698206400000,6.365,6.5645,6.248,6.328
1698220800000,6.328,6.485,6.2765,6.3585
1698235200000,6.3585,6.75,6.354,6.6155
1698249600000,6.6155,6.7875,6.447,6.6835
1698264000000,6.6835,7.02,6.6,6.916
1698278400000,6.916,6.973,6.7175,6.818
1698292800000,6.818,6.862,6.629,6.797
1698307200000,6.797,6.8395,6.5105,6.5705
1698321600000,6.5705,6.671,6.255,6.3575
1698336000000,6.3575,6.4535,6.33,6.428
1698350400000,6.428,6.592,6.405,6.5275
1698364800000,6.5275,6.5335,6.3045,6.4195
1698379200000,6.4195,6.4405,6.2915,6.303
1698393600000,6.303,6.514,6.3015,6.43
1698408000000,6.43,6.689,6.3955,6.683
1698422400000,6.683,6.7845,6.3565,6.4975
1698436800000,6.4975,6.6055,6.488,6.563
1698451200000,6.563,6.8165,6.547,6.769
1698465600000,6.769,6.8295,6.719,6.7905
1698480000000,6.7905,6.7965,6.6515,6.696
1698494400000,6.696,6.8405,6.556,6.7865
1698508800000,6.7865,6.8625,6.7345,6.761
1698523200000,6.761,6.8525,6.75,6.839
1698537600000,6.839,6.8935,6.6685,6.762
1698552000000,6.762,6.84,6.7355,6.757
1698566400000,6.757,6.8,6.6725,6.6905
1698580800000,6.6905,6.8165,6.652,6.783
1698595200000,6.783,6.8385,6.7375,6.7795
1698609600000,6.7795,6.891,6.698,6.731
1698624000000,6.731,6.9875,6.692,6.7185
1698638400000,6.7185,6.788,6.6675,6.692
1698652800000,6.692,6.974,6.6715,6.866
1698667200000,6.866,6.9225,6.743,6.801
1698681600000,6.801,6.9265,6.6845,6.882
1698696000000,6.882,6.9175,6.838,6.8735
1698710400000,6.8735,7.4455,6.8595,7.189
1698724800000,7.189,7.257,7.088,7.133
1698739200000,7.133,7.2,6.972,7.134
1698753600000,7.134,7.1925,6.715,6.859
1698768000000,6.859,7.0045,6.808,6.9255
1698782400000,6.9255,7.049,6.812,7.0385
1698796800000,7.0385,7.2265,6.969,6.996
1698811200000,6.996,7.1105,6.8335,6.905
1698825600000,6.905,7.0735,6.8165,6.8715
1698840000000,6.8715,7.0255,6.685,6.7105
1698854400000,6.7105,7.3175,6.6625,7.1495
1698868800000,7.1495,7.3,7.033,7.107
1698883200000,7.107,7.205,7.042,7.146
1698897600000,7.146,7.18,6.893,7.0055
1698912000000,7.0055,7.0475,6.915,7.009
1698926400000,7.009,7.0615,6.669,6.6835
1698940800000,6.6835,6.771,6.472,6.76
1698955200000,6.76,6.7685,6.615,6.6805
1698969600000,6.6805,6.6805,6.3675,6.4675
1698984000000,6.4675,6.586,6.3715,6.5625
1698998400000,6.5625,6.6275,6.4515,6.5195
1699012800000,6.5195,6.716,6.466,6.69
1699027200000,6.69,6.7135,6.531,6.687
1699041600000,6.687,6.739,6.6615,6.7
1699056000000,6.7,6.752,6.6555,6.7275
1699070400000,6.7275,6.8865,6.684,6.849
1699084800000,6.849,6.9925,6.8155,6.889
1699099200000,6.889,6.956,6.851,6.9015
1699113600000,6.9015,6.989,6.8775,6.96
1699128000000,6.96,7.145,6.9335,6.952
1699142400000,6.952,7.116,6.892,7.1015
1699156800000,7.1015,7.113,6.9875,7.0885
1699171200000,7.0885,7.1525,7.0235,7.078
1699185600000,7.078,7.104,6.741,6.863
1699200000000,6.863,6.975,6.8385,6.902
1699214400000,6.902,6.9535,6.7205,6.8695
1699228800000,6.8695,7.044,6.8375,6.9885
1699243200000,6.9885,7.0175,6.811,6.9285
1699257600000,6.9285,7.143,6.8695,7.071
1699272000000,7.071,7.4475,7.027,7.298
1699286400000,7.298,7.3855,7.19,7.3805
1699300800000,7.3805,7.4555,7.3215,7.409
1699315200000,7.409,7.676,7.303,7.453
1699329600000,7.453,7.4625,7.2765,7.3095
1699344000000,7.3095,7.356,7.106,7.1405
1699358400000,7.1405,7.2665,6.998,7.08
1699372800000,7.08,7.32,7.0035,7.28
1699387200000,7.28,7.342,7.2165,7.2645
1699401600000,7.2645,7.273,7.1445,7.1625
1699416000000,7.1625,7.215,7.094,7.2
1699430400000,7.2,7.356,7.173,7.2055
1699444800000,7.2055,7.308,7.1485,7.2295
1699459200000,7.2295,7.422,7.2175,7.343
1699473600000,7.343,7.5295,7.3135,7.418
1699488000000,7.418,7.547,7.352,7.528
1699502400000,7.528,7.6275,7.4185,7.432
1699516800000,7.432,7.5845,7.423,7.509
1699531200000,7.509,7.7545,7.385,7.4
1699545600000,7.4,7.4555,6.2145,6.947
1699560000000,6.947,7.3465,6.8165,7.294
1699574400000,7.294,7.59,7.264,7.443
1699588800000,7.443,7.558,7.33,7.3825
1699603200000,7.3825,7.463,7.2285,7.4455
1699617600000,7.4455,7.4515,7.065,7.1655
1699632000000,7.1655,7.4285,7.1605,7.3005
1699646400000,7.3005,7.541,7.2625,7.493
1699660800000,7.493,7.9475,7.378,7.383
1699675200000,7.383,7.4215,7.185,7.3475
1699689600000,7.3475,7.404,7.2705,7.3335
1699704000000,7.3335,7.698,7.282,7.565
1699718400000,7.565,7.857,7.565,7.8265
1699732800000,7.8265,7.828,7.5275,7.679
1699747200000,7.679,7.6915,7.2175,7.5955
1699761600000,7.5955,8.0965,7.4685,8.0375
1699776000000,8.0375,8.474,7.987,8.1755
1699790400000,8.1755,8.244,7.958,8.028
1699804800000,8.028,8.139,7.8485,7.912
1699819200000,7.912,7.965,7.7185,7.82
1699833600000,7.82,8.025,7.6055,7.645
1699848000000,7.645,7.7325,7.515,7.6215
1699862400000,7.6215,7.7835,7.483,7.5345
1699876800000,7.5345,7.729,7.3755,7.6715
1699891200000,7.6715,7.7095,7.4505,7.6575
1699905600000,7.6575,7.6905,7.2295,7.3175
1699920000000,7.3175,7.369,7.1105,7.1835
1699934400000,7.1835,7.276,7.161,7.2495
1699948800000,7.2495,7.3295,6.984,7.0805
1699963200000,7.0805,7.3645,7.0565,7.26
1699977600000,7.26,7.3315,6.75,7.059
1699992000000,7.059,7.1525,7.033,7.1265
1700006400000,7.1265,7.2105,7.073,7.0755
1700020800000,7.0755,7.276,7.072,7.254
1700035200000,7.254,7.715,7.2535,7.6095
1700049600000,7.6095,7.651,7.4455,7.5945
1700064000000,7.5945,7.7665,7.568,7.761
1700078400000,7.761,7.774,7.612,7.692
1700092800000,7.692,7.85,7.653,7.75
1700107200000,7.75,8.2875,7.71,7.921
1700121600000,7.921,7.994,7.6235,7.694
1700136000000,7.694,7.727,7.405,7.501
1700150400000,7.501,7.5695,7.1635,7.3705
1700164800000,7.3705,7.429,7.183,7.2815
1700179200000,7.2815,7.5655,7.2645,7.512
1700193600000,7.512,7.675,7.4465,7.472
1700208000000,7.472,7.5385,7.207,7.33
1700222400000,7.33,7.3975,6.9265,6.973
1700236800000,6.973,7.29,6.937,7.187
1700251200000,7.187,7.314,7.122,7.26
1700265600000,7.26,7.2605,6.9665,6.9855
1700280000000,6.9855,7.049,6.7005,6.9215
1700294400000,6.9215,6.9865,6.874,6.925
1700308800000,6.925,7.0465,6.775,7.043
1700323200000,7.043,7.097,6.9905,7.056
1700337600000,7.056,7.0765,6.9725,7.071
1700352000000,7.071,7.0735,6.825,6.9855
1700366400000,6.9855,7.072,6.9375,7.0475
1700380800000,7.0475,7.104,6.9385,6.988
1700395200000,6.988,7.0675,6.937,7.0485
1700409600000,7.0485,7.186,7.0105,7.183
1700424000000,7.183,7.242,7.102,7.2115
1700438400000,7.2115,7.2755,7.1415,7.173
1700452800000,7.173,7.2995,7.147,7.2915
1700467200000,7.2915,7.485,7.22,7.3285
1700481600000,7.3285,7.5155,7.234,7.431
1700496000000,7.431,7.477,7.254,7.313
1700510400000,7.313,7.357,7.1185,7.2025
1700524800000,7.2025,7.427,7.1375,7.2825
1700539200000,7.2825,7.503,7.228,7.2465
1700553600000,7.2465,7.422,7.2305,7.288
1700568000000,7.288,7.3385,6.9235,7.158
1700582400000,7.158,7.2905,6.8525,7.0755
1700596800000,7.0755,7.2005,6.7245,6.776
1700611200000,6.776,7.1255,6.7565,7.119
1700625600000,7.119,7.191,7.072,7.1315
1700640000000,7.1315,7.24,7.1275,7.151
1700654400000,7.151,7.2555,7.089,7.1495
1700668800000,7.1495,7.438,7.112,7.3565
1700683200000,7.3565,7.449,7.305,7.3165
1700697600000,7.3165,7.3495,7.2455,7.273
1700712000000,7.273,7.314,7.242,7.285
1700726400000,7.285,7.4165,7.245,7.315
1700740800000,7.315,7.337,7.1315,7.169
1700755200000,7.169,7.335,7.16,7.207
1700769600000,7.207,7.2645,7.1985,7.2245
1700784000000,7.2245,7.357,7.203,7.2905
1700798400000,7.2905,7.335,7.252,7.32
1700812800000,7.32,7.4415,7.287,7.3475
1700827200000,7.3475,7.424,7.256,7.4
1700841600000,7.4,7.444,7.263,7.342
1700856000000,7.342,7.5005,7.328,7.444
1700870400000,7.444,7.619,7.3805,7.535
1700884800000,7.535,7.548,7.4175,7.4685
1700899200000,7.4685,7.481,7.3095,7.348
1700913600000,7.348,7.3875,7.3205,7.374
1700928000000,7.374,7.3975,7.342,7.367
1700942400000,7.367,7.4115,7.3335,7.41
1700956800000,7.41,7.4145,7.3145,7.348
1700971200000,7.348,7.511,7.3175,7.397
1700985600000,7.397,7.418,7.3235,7.342
1701000000000,7.342,7.3755,7.207,7.2555
1701014400000,7.2555,7.2845,7.02,7.2225
1701028800000,7.2225,7.329,7.2085,7.2735
1701043200000,7.2735,7.3785,7.1005,7.1745
1701057600000,7.1745,7.2245,7.041,7.1285
1701072000000,7.1285,7.1555,6.96,7.014
1701086400000,7.014,7.035,6.8515,6.8625
1701100800000,6.8625,6.996,6.8225,6.8815
1701115200000,6.8815,6.9685,6.8315,6.9535
1701129600000,6.9535,7.0,6.8715,6.885
1701144000000,6.885,6.9035,6.7225,6.8
1701158400000,6.8,6.903,6.761,6.9005
1701172800000,6.9005,6.961,6.8535,6.951
1701187200000,6.951,7.0765,6.9295,7.0445
1701201600000,7.0445,7.07,6.9885,7.03
1701216000000,7.03,7.0585,6.9815,7.023
1701230400000,7.023,7.0805,6.9915,7.04
1701244800000,7.04,7.1455,6.9815,7.0165
1701259200000,7.0165,7.0395,6.8625,6.946
1701273600000,6.946,7.0195,6.8815,6.993
1701288000000,6.993,7.0455,6.9595,7.025
1701302400000,7.025,7.065,6.973,7.0565
1701316800000,7.0565,7.072,6.997,7.001
1701331200000,7.001,7.1245,6.928,7.0945
1701345600000,7.0945,7.107,6.959,7.014
1701360000000,7.014,7.0235,6.934,6.942
1701374400000,6.942,6.9865,6.936,6.977
1701388800000,6.977,7.0655,6.9115,7.04
1701403200000,7.04,7.074,7.017,7.045
1701417600000,7.045,7.115,7.0355,7.0545
1701432000000,7.0545,7.0645,6.977,7.0295
1701446400000,7.0295,7.109,7.0125,7.0675
1701460800000,7.0675,7.0805,7.03,7.061
1701475200000,7.061,7.126,7.0335,7.109
1701489600000,7.109,7.2015,7.086,7.1675
1701504000000,7.1675,7.306,7.1675,7.217
1701518400000,7.217,7.3505,7.204,7.2885
1701532800000,7.2885,7.3935,7.2485,7.366
1701547200000,7.366,7.418,7.293,7.348
1701561600000,7.348,7.5235,7.3305,7.4565
1701576000000,7.4565,7.467,7.331,7.3645
1701590400000,7.3645,7.3775,7.266,7.3565
1701604800000,7.3565,7.3795,7.2225,7.282
1701619200000,7.282,7.315,7.241,7.2755
1701633600000,7.2755,7.3945,7.255,7.31
1701648000000,7.31,7.4835,7.2685,7.4305
1701662400000,7.4305,7.6565,7.424,7.561
1701676800000,7.561,7.63,6.82,7.265
1701691200000,7.265,7.4275,7.171,7.2465
1701705600000,7.2465,7.6645,7.2355,7.49
1701720000000,7.49,7.8675,7.447,7.7765
1701734400000,7.7765,7.8695,7.526,7.688
1701748800000,7.688,7.6885,7.4065,7.4805
1701763200000,7.4805,7.5085,7.348,7.4105
1701777600000,7.4105,7.4835,7.324,7.4735
1701792000000,7.4735,7.7375,7.416,7.6935
1701806400000,7.6935,7.7565,7.618,7.711
1701820800000,7.711,7.889,7.5665,7.6265
1701835200000,7.6265,7.6805,7.4285,7.56
1701849600000,7.56,7.768,7.4085,7.5605
1701864000000,7.5605,7.674,7.464,7.5645
1701878400000,7.5645,7.623,7.5155,7.611
1701892800000,7.611,7.6265,7.3295,7.3865
1701907200000,7.3865,7.492,7.3685,7.4325
1701921600000,7.4325,7.704,7.4205,7.6115
1701936000000,7.6115,7.6985,7.319,7.6005
1701950400000,7.6005,7.82,7.55,7.8015
1701964800000,7.8015,8.221,7.7405,7.8465
1701979200000,7.8465,8.029,7.833,7.9465
1701993600000,7.9465,8.059,7.8375,8.023
1702008000000,8.023,8.3255,8.006,8.133
1702022400000,8.133,8.5425,8.112,8.4445
1702036800000,8.4445,8.5575,8.3255,8.4205
1702051200000,8.4205,8.6595,8.362,8.4825
1702065600000,8.4825,8.558,8.364,8.5045
1702080000000,8.5045,8.808,8.503,8.611
1702094400000,8.611,8.6785,8.5315,8.649
1702108800000,8.649,8.785,8.3855,8.647
1702123200000,8.647,8.75,8.467,8.562
1702137600000,8.562,8.5875,8.34,8.4665
1702152000000,8.4665,8.5055,8.1215,8.255
1702166400000,8.255,8.3835,8.255,8.3275
1702180800000,8.3275,8.3675,8.154,8.2385
1702195200000,8.2385,8.241,7.966,8.1665
1702209600000,8.1665,8.2285,8.093,8.153
1702224000000,8.153,8.4395,8.1235,8.4045
1702238400000,8.4045,8.4875,8.368,8.4395
1702252800000,8.4395,8.4585,7.244,7.89
1702267200000,7.89,7.952,7.7035,7.751
1702281600000,7.751,7.9065,7.671,7.8935
1702296000000,7.8935,7.96,7.6565,7.778
1702310400000,7.778,7.824,7.459,7.669
1702324800000,7.669,7.819,7.6145,7.798
1702339200000,7.798,8.1515,7.7945,8.0185
1702353600000,8.0185,8.397,7.8595,8.3765
1702368000000,8.3765,8.4,8.044,8.054
1702382400000,8.054,9.158,8.0375,9.0295
1702396800000,9.0295,9.053,8.639,8.849
1702411200000,8.849,9.2275,8.726,9.116
1702425600000,9.116,9.12,8.565,8.723
1702440000000,8.723,8.7555,8.211,8.316
1702454400000,8.316,8.393,8.1735,8.1965
1702468800000,8.1965,8.4565,8.1755,8.3495
1702483200000,8.3495,8.5885,8.2,8.574
1702497600000,8.574,8.696,8.4675,8.5805
1702512000000,8.5805,8.6865,8.4135,8.4705
1702526400000,8.4705,8.497,8.2485,8.4265
1702540800000,8.4265,8.5785,8.317,8.5745
1702555200000,8.5745,8.5885,7.825,8.2505
1702569600000,8.2505,8.5025,8.23,8.3155
1702584000000,8.3155,8.506,8.2375,8.424
1702598400000,8.424,8.431,8.2895,8.312
1702612800000,8.312,8.3315,8.1545,8.1735
1702627200000,8.1735,8.262,8.1335,8.218
1702641600000,8.218,8.398,8.065,8.3085
1702656000000,8.3085,8.349,8.161,8.2525
1702670400000,8.2525,8.3815,8.046,8.2235
1702684800000,8.2235,8.381,8.0925,8.3655
1702699200000,8.3655,8.5225,8.239,8.2925
1702713600000,8.2925,8.3595,8.225,8.327
1702728000000,8.327,8.4375,8.2885,8.414
1702742400000,8.414,8.5435,8.2675,8.3225
1702756800000,8.3225,8.4055,8.154,8.18
1702771200000,8.18,8.3035,8.0985,8.187
1702785600000,8.187,8.252,8.0355,8.07
1702800000000,8.07,8.22,8.052,8.19
1702814400000,8.19,8.2095,7.9815,8.159
1702828800000,8.159,8.377,8.1165,8.3285
1702843200000,8.3285,8.368,7.993,8.0475
1702857600000,8.0475,8.1055,7.7585,7.8955
1702872000000,7.8955,7.9495,7.7715,7.8075
1702886400000,7.8075,7.893,7.4755,7.7255
1702900800000,7.7255,7.847,7.615,7.724
1702915200000,7.724,7.8395,7.691,7.765
1702929600000,7.765,7.939,7.6955,7.89
1702944000000,7.89,8.0185,7.8465,7.9245
1702958400000,7.9245,7.9865,7.886,7.958
1702972800000,7.958,7.984,7.816,7.8875
1702987200000,7.8875,8.0,7.757,7.868
1703001600000,7.868,8.0345,7.6845,7.9005
1703016000000,7.9005,8.1145,7.882,8.09
1703030400000,8.09,8.149,7.942,7.997
1703044800000,7.997,8.314,7.983,8.292
1703059200000,8.292,8.306,8.127,8.2085
1703073600000,8.2085,8.32,8.143,8.2605
1703088000000,8.2605,8.336,8.1635,8.168
1703102400000,8.168,8.181,7.988,8.1135
1703116800000,8.1135,8.163,8.02,8.126
1703131200000,8.126,8.2525,8.1145,8.22
1703145600000,8.22,8.4585,8.1795,8.4245
1703160000000,8.4245,8.551,8.294,8.471
1703174400000,8.471,8.5805,8.401,8.5665
1703188800000,8.5665,8.7185,8.5145,8.5275
1703203200000,8.5275,8.6635,8.4595,8.54
1703217600000,8.54,8.5585,8.305,8.398
1703232000000,8.398,8.756,8.369,8.611
1703246400000,8.611,8.938,8.495,8.803
1703260800000,8.803,8.812,8.587,8.6525
1703275200000,8.6525,9.435,8.6525,9.2705
1703289600000,9.2705,10.1565,9.2375,9.484
1703304000000,9.484,9.4995,9.19,9.211
1703318400000,9.211,9.465,9.163,9.3775
1703332800000,9.3775,9.435,9.174,9.2025
1703347200000,9.2025,9.3185,9.064,9.107
1703361600000,9.107,9.3195,8.961,9.3145
1703376000000,9.3145,9.3645,9.1265,9.282
1703390400000,9.282,9.64,9.1925,9.4755
1703404800000,9.4755,9.888,9.3665,9.454
1703419200000,9.454,9.698,9.3555,9.364
1703433600000,9.364,9.625,9.364,9.5415
1703448000000,9.5415,9.566,9.0415,9.319
1703462400000,9.319,9.3865,9.136,9.2125
1703476800000,9.2125,9.5285,9.2115,9.386
1703491200000,9.386,9.572,9.242,9.5565
1703505600000,9.5565,10.5575,9.514,10.3275
1703520000000,10.3275,10.6945,10.195,10.6705
1703534400000,10.6705,10.6755,10.2435,10.4235
1703548800000,10.4235,10.581,10.2165,10.322
1703563200000,10.322,10.5125,9.956,10.1475
1703577600000,10.1475,10.231,9.9555,10.098
1703592000000,10.098,10.237,9.8515,9.915
1703606400000,9.915,10.493,9.166,10.429
1703620800000,10.429,10.922,10.3345,10.7485
1703635200000,10.7485,10.9965,10.209,10.3685
1703649600000,10.3685,10.3985,10.0805,10.116
1703664000000,10.116,10.3215,10.0805,10.1835
1703678400000,10.1835,10.403,10.096,10.2595
1703692800000,10.2595,10.3045,10.09,10.2025
1703707200000,10.2025,10.2835,9.9935,10.149
1703721600000,10.149,10.3965,10.05,10.179
1703736000000,10.179,10.2225,9.91,10.037
1703750400000,10.037,10.076,9.97,10.027
1703764800000,10.027,10.0415,9.53,9.752
1703779200000,9.752,9.829,9.6235,9.7455
1703793600000,9.7455,9.7465,9.5615,9.629
1703808000000,9.629,9.928,9.4265,9.838
1703822400000,9.838,10.0275,9.7605,9.799
1703836800000,9.799,10.1075,9.7965,10.0405
1703851200000,10.0405,10.105,9.681,9.777
1703865600000,9.777,9.8305,9.543,9.708
1703880000000,9.708,9.734,9.393,9.692
1703894400000,9.692,9.8295,9.649,9.6795
1703908800000,9.6795,9.745,9.61,9.6225
1703923200000,9.6225,9.638,9.4355,9.5505
1703937600000,9.5505,9.6765,9.4485,9.564
1703952000000,9.564,9.635,9.4525,9.53
1703966400000,9.53,9.5585,9.35,9.394
1703980800000,9.394,9.506,9.3025,9.3695
1703995200000,9.3695,9.6375,9.347,9.6365
1704009600000,9.6365,9.703,9.5285,9.5595
1704024000000,9.5595,9.7265,9.509,9.619
1704038400000,9.619,9.79,9.592,9.6285
1704052800000,9.6285,9.6445,9.1605,9.398
1704067200000,9.398,9.521,9.311,9.332
1704081600000,9.332,9.385,9.231,9.3585
1704096000000,9.3585,9.5135,9.3405,9.484
1704110400000,9.484,9.7235,9.4625,9.6865
1704124800000,9.6865,10.0005,9.6715,9.998
1704139200000,9.998,10.0415,9.8655,9.9465
1704153600000,9.9465,10.142,9.878,10.0175
1704168000000,10.0175,10.2495,9.9815,10.176
1704182400000,10.176,10.3845,10.0885,10.2905
1704196800000,10.2905,10.376,9.997,10.118
1704211200000,10.118,10.307,10.0415,10.1335
1704225600000,10.1335,10.282,10.042,10.2635
1704240000000,10.2635,10.4095,10.115,10.1435
1704254400000,10.1435,10.262,10.04,10.0825
1704268800000,10.0825,10.223,9.6205,9.7265
1704283200000,9.7265,9.73,7.574,9.075
1704297600000,9.075,9.158,8.716,8.895
1704312000000,8.895,9.2275,8.889,9.06
1704326400000,9.06,9.139,8.796,9.0565
1704340800000,9.0565,9.695,8.968,9.444
1704355200000,9.444,10.3225,9.3515,10.2145
1704369600000,10.2145,10.967,10.07,10.906
1704384000000,10.906,11.0,10.5935,10.803
1704398400000,10.803,11.1305,10.2845,10.3275
1704412800000,10.3275,10.9835,10.0395,10.512
1704427200000,10.512,10.7675,10.3355,10.5225
1704441600000,10.5225,10.845,10.15,10.3815
1704456000000,10.3815,10.8,10.086,10.1325
1704470400000,10.1325,10.272,9.5075,9.5605
1704484800000,9.5605,9.683,9.4005,9.6455
1704499200000,9.6455,9.7095,9.3245,9.3945
1704513600000,9.3945,9.418,8.8555,9.107
1704528000000,9.107,9.2775,9.0365,9.138
1704542400000,9.138,9.2645,9.025,9.157
1704556800000,9.157,9.2205,8.942,9.026
1704571200000,9.026,9.0985,8.9045,9.053
1704585600000,9.053,9.2145,9.013,9.0805
1704600000000,9.0805,9.2985,9.0785,9.1495
1704614400000,9.1495,9.2215,8.85,8.9285
1704628800000,8.9285,9.1845,8.7405,8.8355
1704643200000,8.8355,8.9575,8.6595,8.873
1704657600000,8.873,8.8955,8.3745,8.4755
1704672000000,8.4755,8.5375,7.7875,7.9815
1704686400000,7.9815,8.3145,7.9445,8.2095
1704700800000,8.2095,8.3785,8.1705,8.351
1704715200000,8.351,8.695,8.35,8.6155
1704729600000,8.6155,8.863,8.444,8.8505
1704744000000,8.8505,8.8615,8.65,8.8105
1704758400000,8.8105,8.85,8.5595,8.6285
1704772800000,8.6285,8.78,8.565,8.5965
1704787200000,8.5965,8.5965,8.256,8.387
1704801600000,8.387,8.433,7.981,8.111
1704816000000,8.111,8.213,7.9965,8.0945
1704830400000,8.0945,8.3495,7.9325,8.2805
1704844800000,8.2805,8.597,8.217,8.317
1704859200000,8.317,8.384,8.1845,8.2345
1704873600000,8.2345,8.5575,8.1875,8.3245
1704888000000,8.3245,8.3505,7.97,8.3335
1704902400000,8.3335,8.46,8.1855,8.388
1704916800000,8.388,9.094,8.133,8.8845
1704931200000,8.8845,9.1895,8.7515,9.1425
1704945600000,9.1425,9.3375,8.876,9.3095
1704960000000,9.3095,9.6305,9.2385,9.4325
1704974400000,9.4325,9.5155,9.0015,9.1315
1704988800000,9.1315,9.3785,8.9035,9.3775
1705003200000,9.3775,9.624,9.2145,9.4505
1705017600000,9.4505,9.6905,9.2815,9.4485
1705032000000,9.4485,9.941,9.4245,9.569
1705046400000,9.569,9.661,9.463,9.5695
1705060800000,9.5695,9.935,9.4595,9.4935
1705075200000,9.4935,9.7575,9.035,9.4165
1705089600000,9.4165,9.506,8.402,9.0215
1705104000000,9.0215,9.067,8.651,8.792
1705118400000,8.792,9.332,8.7795,9.1605
1705132800000,9.1605,9.612,9.1555,9.586
1705147200000,9.586,10.42,9.5815,10.286
1705161600000,10.286,10.4155,10.0035,10.099
1705176000000,10.099,10.109,9.9275,10.002
1705190400000,10.002,10.0705,9.6015,9.767
1705204800000,9.767,9.7755,9.5185,9.689
1705219200000,9.689,9.856,9.562,9.617
1705233600000,9.617,10.04,9.58,9.994
1705248000000,9.994,10.0555,9.67,9.716
1705262400000,9.716,10.0,9.6085,9.6795
1705276800000,9.6795,10.192,9.565,10.059
1705291200000,10.059,10.3425,9.96,10.1885
1705305600000,10.1885,10.4375,10.0675,10.2675
1705320000000,10.2675,10.278,9.702,9.7625
1705334400000,9.7625,9.931,9.692,9.7375
1705348800000,9.7375,9.785,9.376,9.5105
1705363200000,9.5105,9.598,9.445,9.5635
1705377600000,9.5635,9.5835,9.3725,9.5375
1705392000000,9.5375,9.5975,9.352,9.431
1705406400000,9.431,9.5015,9.151,9.384
1705420800000,9.384,9.4245,9.2405,9.313
1705435200000,9.313,9.491,9.299,9.435
1705449600000,9.435,9.4885,9.3065,9.3155
1705464000000,9.3155,9.418,9.1175,9.16
1705478400000,9.16,9.374,9.12,9.358
1705492800000,9.358,9.395,9.174,9.232
1705507200000,9.232,9.3565,9.1525,9.31
1705521600000,9.31,9.4,9.2075,9.3415
1705536000000,9.3415,9.357,9.1815,9.2165
1705550400000,9.2165,9.4445,9.13,9.3865
1705564800000,9.3865,9.519,9.195,9.2335
1705579200000,9.2335,9.2335,8.9925,9.149
1705593600000,9.149,9.162,8.634,8.731
1705608000000,8.731,8.862,8.6885,8.7185
1705622400000,8.7185,8.7495,8.392,8.538
1705636800000,8.538,8.6745,8.527,8.613
1705651200000,8.613,8.6775,8.581,8.664
1705665600000,8.664,8.668,8.4225,8.4335
1705680000000,8.4335,8.585,8.091,8.5765
1705694400000,8.5765,8.62,8.5065,8.5815
1705708800000,8.5815,8.594,8.45,8.537
1705723200000,8.537,8.5665,8.4465,8.491
1705737600000,8.491,8.544,8.3985,8.476
1705752000000,8.476,8.488,8.3295,8.376
1705766400000,8.376,8.4455,8.331,8.4435
1705780800000,8.4435,8.5745,8.427,8.569
1705795200000,8.569,8.6185,8.4745,8.605
1705809600000,8.605,8.6055,8.5,8.555
1705824000000,8.555,8.648,8.5185,8.5685
1705838400000,8.5685,8.6835,8.5545,8.6025
1705852800000,8.6025,8.6175,8.5085,8.5915
1705867200000,8.5915,8.5915,8.417,8.4465
1705881600000,8.4465,8.525,8.2305,8.3375
1705896000000,8.3375,8.43,8.21,8.338
1705910400000,8.338,8.3435,8.0385,8.1535
1705924800000,8.1535,8.293,7.9745,8.1695
1705939200000,8.1695,8.234,7.8995,8.0605
1705953600000,8.0605,8.238,7.961,8.0495
1705968000000,8.0495,8.335,8.018,8.2625
1705982400000,8.2625,8.349,8.0835,8.144
1705996800000,8.144,8.183,7.6015,7.742
1706011200000,7.742,7.8355,7.491,7.793
1706025600000,7.793,8.535,7.7375,8.3905
1706040000000,8.3905,8.8185,8.32,8.739
1706054400000,8.739,8.744,8.5065,8.5625
1706068800000,8.5625,8.725,8.5125,8.609
1706083200000,8.609,8.681,8.419,8.575
1706097600000,8.575,8.6925,8.4385,8.469
1706112000000,8.469,8.653,8.396,8.5285
1706126400000,8.5285,8.5955,8.4135,8.572
1706140800000,8.572,8.637,8.3525,8.378
1706155200000,8.378,8.445,8.2065,8.375
1706169600000,8.375,8.463,8.2615,8.428
1706184000000,8.428,8.506,8.192,8.248
1706198400000,8.248,8.448,8.245,8.395
1706212800000,8.395,8.4635,8.295,8.3315
1706227200000,8.3315,8.5745,8.2405,8.5315
1706241600000,8.5315,8.539,8.419,8.4375
1706256000000,8.4375,8.7225,8.4235,8.6715
1706270400000,8.6715,8.6865,8.5225,8.648
1706284800000,8.648,8.866,8.634,8.8555
1706299200000,8.8555,8.879,8.6075,8.718
1706313600000,8.718,8.8065,8.6995,8.8015
1706328000000,8.8015,8.8815,8.6645,8.8565
1706342400000,8.8565,9.0655,8.7005,8.9565
1706356800000,8.9565,9.1485,8.9495,9.103
1706371200000,9.103,9.1565,8.9825,9.072
1706385600000,9.072,9.35,9.0575,9.1195
1706400000000,9.1195,9.1735,9.0655,9.151
1706414400000,9.151,9.228,9.019,9.0365
1706428800000,9.0365,9.17,8.985,9.0325
1706443200000,9.0325,9.0485,8.8645,8.881
1706457600000,8.881,8.946,8.746,8.796
1706472000000,8.796,8.8985,8.723,8.8645
1706486400000,8.8645,9.213,8.832,9.0785
1706500800000,9.0785,9.3545,9.035,9.1805
1706515200000,9.1805,9.1935,9.0405,9.0765
1706529600000,9.0765,9.107,8.901,9.1015
1706544000000,9.1015,9.4555,9.0545,9.2465
1706558400000,9.2465,9.279,9.182,9.213
1706572800000,9.213,9.2765,9.1245,9.1515
1706587200000,9.1515,9.1785,9.061,9.1445
1706601600000,9.1445,9.287,9.099,9.2635
1706616000000,9.2635,9.39,9.033,9.3845
1706630400000,9.3845,9.511,9.253,9.3815
1706644800000,9.3815,9.3995,9.0035,9.063
1706659200000,9.063,9.086,8.828,8.954
1706673600000,8.954,9.0055,8.886,8.9985
1706688000000,8.9985,9.097,8.8385,8.911
1706702400000,8.911,8.9565,8.683,8.932
1706716800000,8.932,9.201,8.906,9.084
1706731200000,9.084,9.1015,8.778,8.8445
1706745600000,8.8445,8.986,8.585,8.7375
1706760000000,8.7375,9.0565,8.7035,8.969
1706774400000,8.969,9.228,8.932,9.065
1706788800000,9.065,9.1935,9.0135,9.086
1706803200000,9.086,9.1875,8.959,9.1535
1706817600000,9.1535,9.238,9.0835,9.229
1706832000000,9.229,9.4865,9.219,9.3325
1706846400000,9.3325,9.5125,9.3005,9.3845
1706860800000,9.3845,9.3875,9.2795,9.294
1706875200000,9.294,9.405,9.1235,9.378
1706889600000,9.378,9.4295,9.2095,9.2665
1706904000000,9.2665,9.4455,9.2075,9.405
1706918400000,9.405,9.742,9.405,9.5425
1706932800000,9.5425,9.6975,9.508,9.6305
1706947200000,9.6305,9.6455,9.4625,9.5845
1706961600000,9.5845,9.6995,9.424,9.47
1706976000000,9.47,9.4905,9.3125,9.3525
1706990400000,9.3525,9.359,9.1325,9.155
1707004800000,9.155,9.171,8.984,9.039
1707019200000,9.039,9.04,8.855,8.9215
1707033600000,8.9215,9.037,8.889,9.014
1707048000000,9.014,9.058,8.969,9.04
1707062400000,9.04,9.04,8.808,8.9305
1707076800000,8.9305,8.9755,8.778,8.8315
1707091200000,8.8315,9.0,8.7,8.958
1707105600000,8.958,8.9825,8.8765,8.9375
1707120000000,8.9375,9.076,8.9305,8.996
1707134400000,8.996,9.0235,8.694,8.7415
1707148800000,8.7415,8.7905,8.6505,8.696
1707163200000,8.696,8.7145,8.5235,8.663
1707177600000,8.663,8.724,8.5845,8.6545
1707192000000,8.6545,8.6995,8.5895,8.6495
1707206400000,8.6495,8.708,8.455,8.573
1707220800000,8.573,8.6475,8.491,8.619
1707235200000,8.619,8.66,8.5645,8.6565
1707249600000,8.6565,8.687,8.585,8.593
1707264000000,8.593,8.6885,8.5625,8.5955
1707278400000,8.5955,8.612,8.515,8.5535
1707292800000,8.5535,8.641,8.475,8.575
1707307200000,8.575,8.6765,8.55,8.6355
1707321600000,8.6355,8.744,8.613,8.705
1707336000000,8.705,8.856,8.705,8.787
1707350400000,8.787,8.9385,8.7865,8.8855
1707364800000,8.8855,8.9285,8.819,8.828
1707379200000,8.828,8.879,8.787,8.798
1707393600000,8.798,8.922,8.7535,8.8925
1707408000000,8.8925,8.9085,8.698,8.768
1707422400000,8.768,8.818,8.751,8.7615
1707436800000,8.7615,8.981,8.706,8.8995
1707451200000,8.8995,8.948,8.7935,8.914
1707465600000,8.914,8.9625,8.8465,8.951
1707480000000,8.951,9.1195,8.8715,8.9865
1707494400000,8.9865,9.1645,8.9245,9.088
1707508800000,9.088,9.163,9.0525,9.093
1707523200000,9.093,9.2635,9.0375,9.239
1707537600000,9.239,9.2595,9.1035,9.1695
1707552000000,9.1695,9.205,8.9825,9.088
1707566400000,9.088,9.17,9.059,9.0835
1707580800000,9.0835,9.1795,9.0175,9.138
1707595200000,9.138,9.1755,9.0645,9.08
1707609600000,9.08,9.266,9.049,9.204
1707624000000,9.204,9.2805,9.129,9.1635
1707638400000,9.1635,9.257,9.1115,9.1505
1707652800000,9.1505,9.1985,8.971,9.064
1707667200000,9.064,9.13,8.99,9.072
1707681600000,9.072,9.1055,8.9645,9.047
1707696000000,9.047,9.21,8.8845,9.0905
1707710400000,9.0905,9.19,8.9,9.007
1707724800000,9.007,9.014,8.758,8.83
1707739200000,8.83,9.139,8.7695,9.1095
1707753600000,9.1095,9.3035,9.036,9.1275
1707768000000,9.1275,9.231,9.08,9.168
1707782400000,9.168,9.263,8.986,9.021
1707796800000,9.021,9.1565,9.021,9.1345
1707811200000,9.1345,9.299,9.0975,9.193
1707825600000,9.193,9.266,8.8525,9.1245
1707840000000,9.1245,9.1575,8.989,9.0815
1707854400000,9.0815,9.261,9.0785,9.2115
1707868800000,9.2115,9.217,9.0615,9.1585
1707883200000,9.1585,9.4415,9.1055,9.363
1707897600000,9.363,9.5115,9.343,9.5015
1707912000000,9.5015,9.519,9.3025,9.456
1707926400000,9.456,9.5065,9.333,9.4785
1707940800000,9.4785,9.595,9.4325,9.452
1707955200000,9.452,10.2695,9.4175,10.0525
1707969600000,10.0525,10.088,9.6695,9.954
1707984000000,9.954,10.3485,9.806,10.3375
1707998400000,10.3375,10.806,10.141,10.6335
1708012800000,10.6335,10.7175,10.3355,10.384
1708027200000,10.384,10.476,10.0945,10.1755
1708041600000,10.1755,10.352,10.0315,10.156
1708056000000,10.156,10.328,9.9915,10.015
1708070400000,10.015,10.156,9.913,10.0615
1708084800000,10.0615,10.1595,9.619,9.887
1708099200000,9.887,9.951,9.7405,9.7645
1708113600000,9.7645,9.815,9.677,9.8135
1708128000000,9.8135,9.838,9.5615,9.6985
1708142400000,9.6985,9.724,9.614,9.704
1708156800000,9.704,9.733,9.47,9.554
1708171200000,9.554,9.561,9.21,9.412
1708185600000,9.412,9.543,9.3565,9.5395
1708200000000,9.5395,9.7285,9.5175,9.705
1708214400000,9.705,9.771,9.522,9.5535
1708228800000,9.5535,9.7735,9.5475,9.7705
1708243200000,9.7705,9.8025,9.647,9.6955
1708257600000,9.6955,9.7295,9.5235,9.6335
1708272000000,9.6335,9.806,9.564,9.654
1708286400000,9.654,9.795,9.5725,9.7005
1708300800000,9.7005,9.886,9.698,9.8585
1708315200000,9.8585,10.027,9.7455,10.0095
1708329600000,10.0095,10.201,9.8105,10.198
1708344000000,10.198,10.2705,9.844,9.926
1708358400000,9.926,10.008,9.7125,9.972
1708372800000,9.972,10.159,9.9325,10.128
1708387200000,10.128,10.1705,9.8055,9.807
1708401600000,9.807,10.114,9.75,10.0115
1708416000000,10.0115,10.0345,9.6305,9.9075
1708430400000,9.9075,10.035,9.0515,9.4685
1708444800000,9.4685,9.5385,9.1965,9.524
1708459200000,9.524,9.7535,9.4725,9.641
1708473600000,9.641,9.8705,9.413,9.4515
1708488000000,9.4515,9.468,9.188,9.2315
1708502400000,9.2315,9.3115,8.9935,9.111
1708516800000,9.111,9.3075,9.005,9.134
1708531200000,9.134,9.235,8.8545,9.048
1708545600000,9.048,9.2495,8.988,9.2435
1708560000000,9.2435,9.2465,8.938,9.067
1708574400000,9.067,9.3085,9.015,9.299
1708588800000,9.299,9.441,9.257,9.34
1708603200000,9.34,9.4255,9.1165,9.3905
1708617600000,9.3905,9.453,9.2255,9.382
1708632000000,9.382,9.509,9.2005,9.234
1708646400000,9.234,9.35,9.0755,9.156
1708660800000,9.156,9.2825,9.062,9.146
1708675200000,9.146,9.195,9.022,9.186
1708689600000,9.186,9.1985,8.9885,9.064
1708704000000,9.064,9.218,8.8865,9.1825
1708718400000,9.1825,9.2535,8.987,9.123
1708732800000,9.123,9.302,9.0355,9.2685
1708747200000,9.2685,9.43,9.26,9.427
1708761600000,9.427,9.4815,9.3395,9.4135
1708776000000,9.4135,9.4265,9.336,9.379
1708790400000,9.379,9.502,9.3705,9.4665
1708804800000,9.4665,9.4955,9.434,9.4805
1708819200000,9.4805,9.547,9.3055,9.43
1708833600000,9.43,9.4855,9.36,9.4645
1708848000000,9.4645,9.5365,9.323,9.483
1708862400000,9.483,9.728,9.483,9.5945
1708876800000,9.5945,9.6975,9.5685,9.678
1708891200000,9.678,9.7265,9.58,9.6685
1708905600000,9.6685,9.683,9.5225,9.639
1708920000000,9.639,9.744,9.5315,9.59
1708934400000,9.59,9.6605,9.3265,9.455
1708948800000,9.455,10.276,9.343,10.0135
1708963200000,10.0135,10.179,9.896,10.1595
1708977600000,10.1595,10.4105,10.039,10.159
1708992000000,10.159,10.4135,10.0365,10.1355
1709006400000,10.1355,10.2575,9.9545,9.982
1709020800000,9.982,10.1255,9.95,10.107
1709035200000,10.107,10.11,9.787,9.8585
1709049600000,9.8585,9.9415,9.7265,9.906
1709064000000,9.906,10.054,9.818,9.957
1709078400000,9.957,10.088,9.894,9.993
1709092800000,9.993,10.2395,9.9605,10.2305
1709107200000,10.2305,12.49,10.095,12.0135
1709121600000,12.0135,12.5305,11.169,11.337
1709136000000,11.337,13.0275,10.5215,12.055
1709150400000,12.055,12.4655,11.826,12.401
1709164800000,12.401,13.1675,11.948,12.4255
1709179200000,12.4255,12.5105,11.9225,12.136
1709193600000,12.136,12.4065,11.8495,11.878
1709208000000,11.878,12.0665,11.754,11.9465
1709222400000,11.9465,12.378,11.474,12.3065
1709236800000,12.3065,12.6,11.32,11.7235
1709251200000,11.7235,11.9,11.6075,11.831
1709265600000,11.831,11.93,11.5395,11.627
1709280000000,11.627,11.8735,11.485,11.549
1709294400000,11.549,11.7525,11.5065,11.5685
1709308800000,11.5685,11.74,11.461,11.7075
1709323200000,11.7075,12.0215,11.591,11.8695
1709337600000,11.8695,12.0665,11.502,11.868
1709352000000,11.868,12.153,11.6825,12.1405
1709366400000,12.1405,12.1805,11.703,12.0055
1709380800000,12.0055,12.2705,11.9015,12.0745
1709395200000,12.0745,12.147,11.866,11.994
1709409600000,11.994,12.168,11.824,12.1615
1709424000000,12.1615,12.4055,12.0405,12.226
1709438400000,12.226,12.2915,10.563,11.3945
1709452800000,11.3945,11.6175,11.266,11.538
1709467200000,11.538,11.7755,11.4825,11.7105
1709481600000,11.7105,11.8375,11.636,11.6945
1709496000000,11.6945,11.749,11.542,11.616
1709510400000,11.616,11.795,11.352,11.5945
1709524800000,11.5945,11.9765,11.4935,11.918
1709539200000,11.918,12.3775,11.7995,12.336
1709553600000,12.336,12.6755,11.8,11.9585
1709568000000,11.9585,12.185,11.56,12.0325
1709582400000,12.0325,12.2295,11.9325,12.101
1709596800000,12.101,12.356,11.9135,12.1415
1709611200000,12.1415,13.034,11.9855,12.242
1709625600000,12.242,12.511,12.152,12.419
1709640000000,12.419,13.054,12.3945,12.7765
1709654400000,12.7765,13.729,11.37,12.4405
1709668800000,12.4405,13.911,12.349,13.675
1709683200000,13.675,13.8435,12.88,12.9875
1709697600000,12.9875,14.571,12.9205,14.3635
1709712000000,14.3635,14.402,13.656,13.708
1709726400000,13.708,13.7275,13.09,13.461
1709740800000,13.461,13.509,13.204,13.3765
1709755200000,13.3765,13.864,13.275,13.699
1709769600000,13.699,13.8505,13.42,13.59
1709784000000,13.59,13.7,13.1385,13.2855
1709798400000,13.2855,13.808,13.2695,13.597
1709812800000,13.597,13.989,13.413,13.53
1709827200000,13.53,13.85,13.153,13.35
1709841600000,13.35,13.4005,13.2,13.2645
1709856000000,13.2645,13.5875,13.2645,13.4385
1709870400000,13.4385,13.447,13.1855,13.1855
1709884800000,13.1855,13.473,13.0385,13.3015
1709899200000,13.3015,13.4475,12.605,12.8595
1709913600000,12.8595,13.087,12.6275,13.05
1709928000000,13.05,13.352,12.996,13.242
1709942400000,13.242,13.758,13.222,13.6705
1709956800000,13.6705,13.816,13.502,13.531
1709971200000,13.531,13.7185,13.338,13.5005
1709985600000,13.5005,13.591,13.335,13.3875
1710000000000,13.3875,13.4135,13.0865,13.124
1710014400000,13.124,13.2615,13.124,13.1715
1710028800000,13.1715,13.297,13.0285,13.249
1710043200000,13.249,13.4505,13.1685,13.4395
1710057600000,13.4395,13.4505,12.8865,13.0955
1710072000000,13.0955,13.0955,12.4515,12.666
1710086400000,12.666,12.7925,12.6535,12.726
1710100800000,12.726,12.7825,12.41,12.7555
1710115200000,12.7555,12.8415,12.0675,12.8415
1710129600000,12.8415,13.3615,12.7625,13.2495
1710144000000,13.2495,13.592,13.2085,13.364
1710158400000,13.364,13.519,13.11,13.149
1710172800000,13.149,13.595,13.0285,13.4005
1710187200000,13.4005,13.5435,13.3725,13.491
1710201600000,13.491,13.7455,13.45,13.5145
1710216000000,13.5145,13.6785,13.233,13.342
1710230400000,13.342,13.3735,12.9935,13.146
1710244800000,13.146,13.374,12.94,13.092
1710259200000,13.092,13.298,12.5,13.2945
1710273600000,13.2945,13.403,13.0665,13.391
1710288000000,13.391,13.4235,13.243,13.307
1710302400000,13.307,13.8105,13.2265,13.7005
1710316800000,13.7005,13.777,13.3,13.3165
1710331200000,13.3165,13.3575,12.8505,13.011
1710345600000,13.011,13.124,12.9535,13.0545
1710360000000,13.0545,13.2185,12.9595,13.1645
1710374400000,13.1645,13.6605,13.1535,13.272
1710388800000,13.272,13.292,13.0695,13.2265
1710403200000,13.2265,14.5095,13.205,14.2895
1710417600000,14.2895,14.3305,13.2605,13.6035
1710432000000,13.6035,14.2115,13.3795,14.061
1710446400000,14.061,14.441,13.8605,14.3215
1710460800000,14.3215,14.827,12.86,13.724
1710475200000,13.724,13.775,12.993,13.317
1710489600000,13.317,13.3765,12.068,12.635
1710504000000,12.635,13.159,12.585,12.8605
1710518400000,12.8605,13.9085,12.7215,13.5575
1710532800000,13.5575,15.233,13.3555,15.1365
1710547200000,15.1365,15.7105,14.924,15.4985
1710561600000,15.4985,15.5185,14.7505,14.9535
1710576000000,14.9535,15.61,14.9045,15.086
1710590400000,15.086,15.1855,14.185,14.695
1710604800000,14.695,14.722,13.203,13.251
1710619200000,13.251,13.4975,12.9255,13.3195
1710633600000,13.3195,14.0175,13.281,13.92
1710648000000,13.92,14.3135,13.2365,13.8875
1710662400000,13.8875,15.7745,13.8845,14.2285
1710676800000,14.2285,14.3165,13.6455,13.986
1710691200000,13.986,14.2415,13.7645,13.978
1710705600000,13.978,14.3135,13.823,14.0405
1710720000000,14.0405,14.627,13.725,14.4
1710734400000,14.4,14.981,14.249,14.7785
1710748800000,14.7785,15.1145,14.1745,14.8805
1710763200000,14.8805,15.2195,14.18,15.1655
1710777600000,15.1655,15.458,14.384,14.696
1710792000000,14.696,15.054,14.2795,14.4375
1710806400000,14.4375,14.982,13.548,14.7005
1710820800000,14.7005,15.191,13.85,15.184
1710835200000,15.184,15.693,14.1315,15.612
1710849600000,15.612,16.6,15.2855,16.5425
1710864000000,16.5425,16.765,16.0,16.612
1710878400000,16.612,16.612,15.0185,15.4625
1710892800000,15.4625,15.8645,14.5215,14.6455
1710907200000,14.6455,15.181,14.0205,14.978
1710921600000,14.978,15.4805,14.741,15.085
1710936000000,15.085,15.2235,14.5525,14.6385
1710950400000,14.6385,15.4495,14.331,15.2045
1710964800000,15.2045,15.9585,15.177,15.6025
1710979200000,15.6025,16.3955,15.2695,15.329
1710993600000,15.329,15.4275,14.926,15.2135
1711008000000,15.2135,15.6415,15.0425,15.067
1711022400000,15.067,15.2215,14.801,14.9595
1711036800000,14.9595,15.4945,14.766,15.0765
1711051200000,15.0765,15.3085,14.7925,15.041
1711065600000,15.041,15.659,14.803,15.534
1711080000000,15.534,16.054,15.5295,15.978
1711094400000,15.978,16.2,15.7515,15.8125
1711108800000,15.8125,16.6625,15.6885,16.477
1711123200000,16.477,17.0085,15.9205,16.822
1711137600000,16.822,16.925,15.9055,16.2715
1711152000000,16.2715,16.2905,15.4885,15.5275
1711166400000,15.5275,16.1475,15.4885,15.809
1711180800000,15.809,16.107,15.605,15.9425
1711195200000,15.9425,16.021,15.796,15.8555
1711209600000,15.8555,16.119,15.7185,16.053
1711224000000,16.053,16.3565,15.957,16.159
1711238400000,16.159,16.39,15.8015,16.188
1711252800000,16.188,16.6855,15.947,16.589
1711267200000,16.589,16.862,16.466,16.592
1711281600000,16.592,16.73,16.1155,16.171
1711296000000,16.171,16.342,15.883,16.192
1711310400000,16.192,16.462,16.0875,16.354
1711324800000,16.354,16.55,16.109,16.4185
1711339200000,16.4185,16.4425,16.0945,16.156
1711353600000,16.156,16.414,15.979,16.002
1711368000000,16.002,16.6265,15.7625,16.621
1711382400000,16.621,16.7345,16.2455,16.381
1711396800000,16.381,17.4105,16.32,17.364
1711411200000,17.364,17.58,17.0375,17.217
1711425600000,17.217,18.1145,17.214,17.969
1711440000000,17.969,18.555,17.861,18.292
1711454400000,18.292,19.06,18.065,18.8
1711468800000,18.8,19.368,18.372,18.7565
1711483200000,18.7565,18.92,18.06,18.097
1711497600000,18.097,18.8385,17.943,18.687
1711512000000,18.687,18.8455,18.312,18.723
1711526400000,18.723,18.9,17.9025,18.0905
1711540800000,18.0905,18.376,17.474,17.62
1711555200000,17.62,18.0975,17.5075,17.8145
1711569600000,17.8145,18.2065,17.6705,17.7165
1711584000000,17.7165,18.0805,17.3235,18.019
1711598400000,18.019,18.319,17.9075,18.194
1711612800000,18.194,18.2395,17.825,17.9335
1711627200000,17.9335,17.9425,17.5155,17.582
1711641600000,17.582,17.5965,17.0385,17.0455
1711656000000,17.0455,17.439,16.946,17.398
1711670400000,17.398,17.408,17.077,17.1765
1711684800000,17.1765,17.2615,16.79,16.8895
1711699200000,16.8895,17.3155,16.877,17.2215
1711713600000,17.2215,17.419,16.8445,17.016
1711728000000,17.016,17.144,16.7915,16.9065
1711742400000,16.9065,17.3415,16.866,17.235
1711756800000,17.235,17.7295,17.142,17.6215
1711771200000,17.6215,17.6685,16.9415,17.02
1711785600000,17.02,17.0925,16.8705,17.0695
1711800000000,17.0695,17.101,16.845,16.938
1711814400000,16.938,17.0265,16.8115,16.939
1711828800000,16.939,17.058,16.532,16.6305
1711843200000,16.6305,16.638,16.4065,16.523
1711857600000,16.523,16.7735,16.455,16.596
1711872000000,16.596,16.6115,16.4105,16.4695
1711886400000,16.4695,16.84,16.419,16.706
1711900800000,16.706,17.036,16.664,16.938
1711915200000,16.938,17.2305,16.869,17.103
1711929600000,17.103,17.59,16.786,17.3105
1711944000000,17.3105,17.899,16.2145,17.644
1711958400000,17.644,17.923,17.147,17.596
1711972800000,17.596,17.8305,16.881,17.356
1711987200000,17.356,17.5395,16.442,16.764
1712001600000,16.764,16.9395,16.6025,16.7075
1712016000000,16.7075,16.7085,15.172,15.767
1712030400000,15.767,15.8365,15.453,15.519
1712044800000,15.519,15.5735,14.7585,15.176
1712059200000,15.176,15.346,14.9035,14.9445
1712073600000,14.9445,15.1905,14.8685,15.0265
1712088000000,15.0265,15.112,14.65,14.721
1712102400000,14.721,14.7275,13.679,14.122
1712116800000,14.122,14.935,14.098,14.6925
1712131200000,14.6925,14.959,14.558,14.6045
1712145600000,14.6045,14.633,14.201,14.336
1712160000000,14.336,14.546,14.0575,14.108
1712174400000,14.108,14.2405,13.85,14.156
1712188800000,14.156,14.3905,13.9095,13.9785
1712203200000,13.9785,14.3325,13.85,14.204
1712217600000,14.204,14.4165,14.164,14.2965
1712232000000,14.2965,14.5975,14.2625,14.482
1712246400000,14.482,14.7525,14.3045,14.331
1712260800000,14.331,14.347,13.916,14.1635
1712275200000,14.1635,14.169,13.617,13.7875
1712289600000,13.7875,13.7875,13.009,13.0545
1712304000000,13.0545,13.2955,12.619,12.707
1712318400000,12.707,13.3105,12.6225,13.2635
1712332800000,13.2635,13.2995,13.09,13.157
1712347200000,13.157,13.3225,13.1085,13.1525
1712361600000,13.1525,13.389,13.0395,13.266
1712376000000,13.266,13.444,13.176,13.269
1712390400000,13.269,13.535,13.228,13.2545
1712404800000,13.2545,13.2585,12.891,13.0775
1712419200000,13.0775,13.2465,12.9785,13.1075
1712433600000,13.1075,13.419,13.0895,13.2205
1712448000000,13.2205,13.785,13.104,13.7765
1712462400000,13.7765,13.838,13.5295,13.591
1712476800000,13.591,13.823,13.573,13.8205
1712491200000,13.8205,13.85,13.561,13.6075
1712505600000,13.6075,13.761,13.358,13.398
1712520000000,13.398,13.6555,13.361,13.645
1712534400000,13.645,13.6655,13.2455,13.4305
1712548800000,13.4305,13.7945,13.3375,13.683
1712563200000,13.683,14.1995,13.666,14.186
1712577600000,14.186,14.376,14.037,14.1155
1712592000000,14.1155,14.25,14.015,14.1355
1712606400000,14.1355,14.42,14.1,14.279
1712620800000,14.279,14.317,13.9155,13.9555
1712635200000,13.9555,14.139,13.658,13.7735
1712649600000,13.7735,13.9645,13.5535,13.9365
1712664000000,13.9365,13.983,13.077,13.257
1712678400000,13.257,13.2685,12.8615,13.073
1712692800000,13.073,13.1335,12.688,12.742
1712707200000,12.742,12.8235,12.2165,12.4935
1712721600000,12.4935,12.6585,12.1635,12.2665
1712736000000,12.2665,12.319,12.079,12.1855
1712750400000,12.1855,12.213,11.545,12.0015
1712764800000,12.0015,12.3505,11.964,12.2565
1712779200000,12.2565,12.406,12.153,12.232
1712793600000,12.232,12.2665,12.081,12.233
1712808000000,12.233,12.5235,12.119,12.3835
1712822400000,12.3835,12.5465,12.0825,12.141
1712836800000,12.141,12.39,11.8655,12.0795
1712851200000,12.0795,12.1505,11.7285,11.937
1712865600000,11.937,12.0315,11.7745,11.863
1712880000000,11.863,12.2235,11.851,12.1645
1712894400000,12.1645,12.2265,11.923,11.96
1712908800000,11.96,12.0045,11.841,11.9505
1712923200000,11.9505,12.0235,11.1625,11.292
1712937600000,11.292,11.334,8.24,9.6475
1712952000000,9.6475,9.9945,9.613,9.7745
1712966400000,9.7745,9.7965,9.3115,9.5955
1712980800000,9.5955,10.1495,9.5495,9.8985
1712995200000,9.8985,10.4115,9.844,10.2055
1713009600000,10.2055,10.3305,9.8855,9.901
1713024000000,9.901,9.9415,8.2355,8.6075
1713038400000,8.6075,8.862,7.2615,8.768
1713052800000,8.768,8.9165,8.3965,8.881
1713067200000,8.881,9.48,8.793,9.4635
1713081600000,9.4635,9.4775,9.046,9.1325
1713096000000,9.1325,9.377,9.016,9.194
1713110400000,9.194,9.508,8.877,9.275
1713124800000,9.275,9.7575,9.066,9.573
1713139200000,9.573,9.6005,9.181,9.233
1713153600000,9.233,9.936,9.12,9.7195
1713168000000,9.7195,9.892,9.6165,9.7775
1713182400000,9.7775,9.9505,9.2575,9.49
1713196800000,9.49,9.533,8.792,9.1395
1713211200000,9.1395,9.1995,8.9195,9.12
1713225600000,9.12,9.251,8.8475,8.936
1713240000000,8.936,9.1945,8.579,9.146
1713254400000,9.146,9.1905,8.694,9.149
1713268800000,9.149,9.149,8.673,8.7
1713283200000,8.7,9.15,8.651,9.009
1713297600000,9.009,9.374,8.98,9.243
1713312000000,9.243,9.413,9.1195,9.181
1713326400000,9.181,9.41,9.1375,9.2935
1713340800000,9.2935,9.3675,9.006,9.0235
1713355200000,9.0235,9.223,8.836,9.003
1713369600000,9.003,9.645,8.883,9.3695
1713384000000,9.3695,9.4455,9.1135,9.136
1713398400000,9.136,9.279,8.808,9.118
1713412800000,9.118,9.2265,8.8975,8.964
1713427200000,8.964,9.4805,8.888,9.381
1713441600000,9.381,9.7335,9.2305,9.491
1713456000000,9.491,9.539,9.1975,9.415
1713470400000,9.415,9.5385,9.35,9.489
1713484800000,9.489,9.489,8.5925,9.0515
1713499200000,9.0515,9.598,9.0295,9.4305
1713513600000,9.4305,9.6815,9.381,9.564
1713528000000,9.564,9.606,9.379,9.526
1713542400000,9.526,9.6355,9.3655,9.6235
1713556800000,9.6235,9.6235,9.2385,9.4055
1713571200000,9.4055,9.5425,9.2665,9.53
1713585600000,9.53,9.823,9.5125,9.7955
1713600000000,9.7955,9.81,9.523,9.5625
1713614400000,9.5625,9.8735,9.513,9.855
1713628800000,9.855,10.2145,9.767,10.2
1713643200000,10.2,10.277,10.1295,10.2335
1713657600000,10.2335,10.274,10.045,10.117
1713672000000,10.117,10.1785,10.0125,10.103
1713686400000,10.103,10.17,9.956,10.022
1713700800000,10.022,10.045,9.805,9.9055
1713715200000,9.9055,9.914,9.6615,9.814
1713729600000,9.814,10.0365,9.779,9.9975
1713744000000,9.9975,10.2505,9.862,10.1845
1713758400000,10.1845,10.395,10.144,10.3155
1713772800000,10.3155,10.3415,10.1155,10.139
1713787200000,10.139,10.223,9.9625,10.1075
1713801600000,10.1075,10.243,10.001,10.1585
1713816000000,10.1585,10.273,10.108,10.173
1713830400000,10.173,10.289,9.9515,9.96
1713844800000,9.96,10.0475,9.7655,9.825
1713859200000,9.825,10.006,9.805,9.8845
1713873600000,9.8845,10.037,9.8435,9.876
1713888000000,9.876,9.959,9.7225,9.8175
1713902400000,9.8175,9.8475,9.6545,9.765
1713916800000,9.765,9.8385,9.5475,9.6965
1713931200000,9.6965,10.017,9.6825,9.8995
1713945600000,9.8995,9.9375,9.7505,9.862
1713960000000,9.862,9.91,9.2695,9.3065
1713974400000,9.3065,9.4285,9.1455,9.257
1713988800000,9.257,9.295,9.0475,9.1445
1714003200000,9.1445,9.226,8.893,8.966
1714017600000,8.966,9.0935,8.8245,8.9365
1714032000000,8.9365,9.011,8.75,8.863
1714046400000,8.863,9.137,8.751,9.1235
1714060800000,9.1235,9.1905,9.076,9.125
1714075200000,9.125,9.2285,9.0015,9.0235
1714089600000,9.0235,9.1045,8.8495,8.9415
1714104000000,8.9415,9.065,8.865,8.8915
1714118400000,8.8915,8.977,8.812,8.8655
1714132800000,8.8655,9.016,8.7195,8.877
1714147200000,8.877,8.9225,8.8405,8.8675
1714161600000,8.8675,9.0205,8.777,8.8455
1714176000000,8.8455,8.916,8.346,8.7655
1714190400000,8.7655,8.9335,8.749,8.771
1714204800000,8.771,8.91,8.657,8.734
1714219200000,8.734,8.8865,8.7145,8.843
1714233600000,8.843,9.104,8.7925,9.031
1714248000000,9.031,9.0555,8.9115,8.9945
1714262400000,8.9945,9.2325,8.987,9.1455
1714276800000,9.1455,9.206,9.0825,9.13
1714291200000,9.13,9.1485,8.9605,8.9875
1714305600000,8.9875,9.1305,8.969,9.063
1714320000000,9.063,9.202,9.029,9.1375
1714334400000,9.1375,9.1935,8.926,8.9845
1714348800000,8.9845,9.0825,8.815,8.829
1714363200000,8.829,9.158,8.7745,8.8655
1714377600000,8.8655,9.002,8.792,8.8475
1714392000000,8.8475,9.18,8.783,9.141
1714406400000,9.141,9.184,8.8525,8.917
1714420800000,8.917,9.19,8.7845,9.1005
1714435200000,9.1005,9.274,8.988,9.086
1714449600000,9.086,9.099,8.8635,8.9305
1714464000000,8.9305,8.959,8.5,8.5535
1714478400000,8.5535,8.576,8.229,8.333
1714492800000,8.333,8.3525,8.12,8.209
1714507200000,8.209,8.783,8.209,8.6965
1714521600000,8.6965,8.794,8.4885,8.6
1714536000000,8.6,8.6685,8.1225,8.32
1714550400000,8.32,8.4545,8.208,8.4545
1714564800000,8.4545,8.7515,8.447,8.5995
1714579200000,8.5995,8.8975,8.4185,8.6555
1714593600000,8.6555,8.969,8.6065,8.926
1714608000000,8.926,8.934,8.4925,8.6165
1714622400000,8.6165,8.675,8.4625,8.519
1714636800000,8.519,8.886,8.4975,8.8585
1714651200000,8.8585,8.956,8.775,8.9275
1714665600000,8.9275,8.931,8.781,8.8535
1714680000000,8.8535,8.9345,8.7495,8.844
1714694400000,8.844,9.105,8.8295,8.9915
1714708800000,8.9915,9.0465,8.8845,8.9115
1714723200000,8.9115,8.946,8.7785,8.8045
1714737600000,8.8045,9.1515,8.792,9.1205
1714752000000,9.1205,9.175,8.9535,8.9805
1714766400000,8.9805,9.188,8.977,9.058
1714780800000,9.058,9.1655,8.9815,9.064
1714795200000,9.064,9.1485,9.0425,9.0665
1714809600000,9.0665,9.297,9.061,9.168
1714824000000,9.168,9.2255,9.0375,9.1285
1714838400000,9.1285,9.187,9.0505,9.184
1714852800000,9.184,9.2325,9.0935,9.113
1714867200000,9.113,9.1505,8.9265,9.031
1714881600000,9.031,9.0775,8.956,9.041
1714896000000,9.041,9.134,9.02,9.069
1714910400000,9.069,9.2615,9.0,9.2315
1714924800000,9.2315,9.2995,9.144,9.183
1714939200000,9.183,9.262,9.14,9.2365
1714953600000,9.2365,9.4265,9.167,9.2195
1714968000000,9.2195,9.4375,9.1825,9.426
1714982400000,9.426,9.572,9.242,9.3145
1714996800000,9.3145,9.334,9.004,9.1565
1715011200000,9.1565,9.1775,8.9775,9.0865
1715025600000,9.0865,9.1425,8.986,8.9915
1715040000000,8.9915,9.0865,8.8455,8.936
1715054400000,8.936,8.979,8.862,8.9415
1715068800000,8.9415,9.118,8.921,8.956
1715083200000,8.956,9.15,8.932,9.041
1715097600000,9.041,9.0845,8.8865,8.937
1715112000000,8.937,8.9865,8.745,8.773
1715126400000,8.773,8.8045,8.6205,8.7725
1715140800000,8.7725,8.7925,8.5595,8.599
1715155200000,8.599,8.6585,8.5095,8.5435
1715169600000,8.5435,8.766,8.482,8.676
1715184000000,8.676,8.7775,8.596,8.673
1715198400000,8.673,8.709,8.4755,8.574
1715212800000,8.574,8.6805,8.54,8.6455
1715227200000,8.6455,8.723,8.552,8.582
1715241600000,8.582,8.6135,8.371,8.509
1715256000000,8.509,8.6965,8.4495,8.656
1715270400000,8.656,8.7405,8.601,8.7355
1715284800000,8.7355,8.898,8.699,8.805
1715299200000,8.805,8.8425,8.7455,8.796
1715313600000,8.796,8.899,8.779,8.8705
1715328000000,8.8705,8.904,8.82,8.891
1715342400000,8.891,8.9225,8.4595,8.5395
1715356800000,8.5395,8.5795,8.391,8.448
1715371200000,8.448,8.48,8.3555,8.4485
1715385600000,8.4485,8.5615,8.4245,8.4465
1715400000000,8.4465,8.4825,8.423,8.442
1715414400000,8.442,8.4545,8.2895,8.3635
1715428800000,8.3635,8.5195,8.3555,8.471
1715443200000,8.471,8.505,8.4445,8.465
1715457600000,8.465,8.47,8.358,8.382
1715472000000,8.382,8.4355,8.3685,8.389
1715486400000,8.389,8.4435,8.3165,8.3515
1715500800000,8.3515,8.4775,8.321,8.4195
1715515200000,8.4195,8.4965,8.397,8.4695
1715529600000,8.4695,8.511,8.3665,8.3975
1715544000000,8.3975,8.401,8.3055,8.3435
1715558400000,8.3435,8.43,7.9385,8.053
1715572800000,8.053,8.3015,7.9015,8.293
1715587200000,8.293,8.448,8.2195,8.2575
1715601600000,8.2575,8.5435,8.1855,8.4545
1715616000000,8.4545,8.523,8.203,8.3035
1715630400000,8.3035,8.311,8.1515,8.176
1715644800000,8.176,8.2425,8.0565,8.102
1715659200000,8.102,8.2395,7.95,8.1535
1715673600000,8.1535,8.1565,7.988,8.0015
1715688000000,8.0015,8.059,7.785,7.915
1715702400000,7.915,7.929,7.76,7.8905
1715716800000,7.8905,7.9145,7.7565,7.789
1715731200000,7.789,7.889,7.7095,7.8885
1715745600000,7.8885,7.9225,7.8335,7.908
1715760000000,7.908,8.0085,7.812,7.8705
1715774400000,7.8705,8.357,7.8375,8.2875
1715788800000,8.2875,8.542,8.2515,8.535
1715803200000,8.535,8.5675,8.4505,8.4765
1715817600000,8.4765,8.5475,8.401,8.537
1715832000000,8.537,8.5905,8.475,8.561
1715846400000,8.561,8.583,8.436,8.484
1715860800000,8.484,8.486,8.0925,8.2725
1715875200000,8.2725,8.3645,8.207,8.326
1715889600000,8.326,8.3935,8.263,8.3735
1715904000000,8.3735,8.394,8.2855,8.316
1715918400000,8.316,8.6055,8.2745,8.586
1715932800000,8.586,8.617,8.465,8.5015
1715947200000,8.5015,8.6645,8.417,8.6465
1715961600000,8.6465,8.7045,8.513,8.558
1715976000000,8.558,8.6445,8.541,8.5755
1715990400000,8.5755,8.6825,8.5245,8.6775
1716004800000,8.6775,8.684,8.602,8.64
1716019200000,8.64,8.7255,8.622,8.6385
1716033600000,8.6385,8.6495,8.4285,8.532
1716048000000,8.532,8.637,8.526,8.5865
1716062400000,8.5865,8.6295,8.5435,8.579
1716076800000,8.579,8.6895,8.537,8.623
1716091200000,8.623,8.623,8.504,8.5435
1716105600000,8.5435,8.57,8.3755,8.446
1716120000000,8.446,8.4475,8.1925,8.248
1716134400000,8.248,8.2495,8.1125,8.1605
1716148800000,8.1605,8.1925,8.0705,8.107
1716163200000,8.107,8.1985,8.0065,8.142
1716177600000,8.142,8.402,8.1265,8.312
1716192000000,8.312,8.403,8.2225,8.2705
1716206400000,8.2705,8.4515,8.2125,8.4445
1716220800000,8.4445,9.029,8.425,8.999
1716235200000,8.999,9.1195,8.824,9.109
1716249600000,9.109,9.217,8.8955,9.004
1716264000000,9.004,9.124,8.961,9.0855
1716278400000,9.0855,9.3895,9.063,9.3175
1716292800000,9.3175,9.425,9.201,9.239
1716307200000,9.239,9.4475,9.0855,9.1675
1716321600000,9.1675,9.386,9.1635,9.3245
1716336000000,9.3245,9.3835,9.177,9.2305
1716350400000,9.2305,9.2795,9.033,9.225
1716364800000,9.225,9.2815,9.0945,9.095
1716379200000,9.095,9.284,8.912,9.236
1716393600000,9.236,9.257,8.9835,9.1015
1716408000000,9.1015,9.1625,8.9765,9.0095
1716422400000,9.0095,9.133,8.924,9.112
1716436800000,9.112,9.121,9.0065,9.04
1716451200000,9.04,9.152,8.9225,9.145
1716465600000,9.145,9.1945,8.579,8.7465
1716480000000,8.7465,8.774,8.525,8.6725
1716494400000,8.6725,8.9515,8.2525,8.931
1716508800000,8.931,9.19,8.9075,9.096
1716523200000,9.096,9.201,8.7235,8.8925
1716537600000,8.8925,8.905,8.6925,8.8875
1716552000000,8.8875,9.1975,8.857,8.957
1716566400000,8.957,9.013,8.755,8.9
1716580800000,8.9,8.9745,8.878,8.959
1716595200000,8.959,9.1215,8.9025,9.1215
1716609600000,9.1215,9.178,8.951,9.042
1716624000000,9.042,9.171,9.0185,9.078
1716638400000,9.078,9.1365,8.9765,9.0985
1716652800000,9.0985,9.112,9.0115,9.0675
1716667200000,9.0675,9.1245,9.0105,9.095
1716681600000,9.095,9.189,9.006,9.1475
1716696000000,9.1475,9.155,9.01,9.1055
1716710400000,9.1055,9.13,8.975,9.0265
1716724800000,9.0265,9.2235,8.928,9.136
1716739200000,9.136,9.1875,9.096,9.129
1716753600000,9.129,9.1465,8.933,9.0495
1716768000000,9.0495,9.2975,9.041,9.2675
1716782400000,9.2675,9.3325,9.0845,9.145
1716796800000,9.145,9.4215,9.129,9.3295
1716811200000,9.3295,9.707,9.291,9.6935
1716825600000,9.6935,9.7475,9.405,9.4775
1716840000000,9.4775,9.7045,9.469,9.667
1716854400000,9.667,9.68,9.371,9.4525
1716868800000,9.4525,9.47,9.221,9.295
1716883200000,9.295,9.5405,9.2775,9.495
1716897600000,9.495,9.73,9.339,9.677
1716912000000,9.677,9.6965,9.386,9.465
1716926400000,9.465,9.4975,9.316,9.367
1716940800000,9.367,9.406,9.23,9.3635
1716955200000,9.3635,9.553,9.3505,9.375
1716969600000,9.375,9.417,9.2385,9.289
1716984000000,9.289,9.3535,9.126,9.144
1716998400000,9.144,9.2025,9.051,9.099
1717012800000,9.099,9.176,9.0715,9.0965
1717027200000,9.0965,9.312,9.0925,9.296
1717041600000,9.296,9.318,8.894,8.9375
1717056000000,8.9375,9.175,8.8545,9.136
1717070400000,9.136,9.3715,9.1175,9.3115
1717084800000,9.3115,9.4995,9.3075,9.353
1717099200000,9.353,9.353,9.1785,9.187
1717113600000,9.187,9.25,9.0725,9.2215
1717128000000,9.2215,9.246,9.076,9.17
1717142400000,9.17,9.2045,9.052,9.183
1717156800000,9.183,9.281,9.03,9.0675
1717171200000,9.0675,9.2125,8.9755,9.167
1717185600000,9.167,9.2565,9.1415,9.15
1717200000000,9.15,9.179,9.1025,9.1315
1717214400000,9.1315,9.1325,9.0505,9.0885
1717228800000,9.0885,9.111,9.051,9.0685
1717243200000,9.0685,9.138,9.0475,9.0935
1717257600000,9.0935,9.114,9.028,9.05
1717272000000,9.05,9.119,9.0435,9.082
1717286400000,9.082,9.169,9.063,9.082
1717300800000,9.082,9.1345,9.014,9.0195
1717315200000,9.0195,9.059,8.933,9.0405
1717329600000,9.0405,9.0905,8.955,9.042
1717344000000,9.042,9.054,8.802,8.9575
1717358400000,8.9575,8.9655,8.8805,8.926
1717372800000,8.926,9.0815,8.806,9.0505
1717387200000,9.0505,9.175,8.983,9.0955
1717401600000,9.0955,9.1615,9.0175,9.029
1717416000000,9.029,9.1445,8.912,9.039
1717430400000,9.039,9.0575,8.9335,9.0
1717444800000,9.0,9.0265,8.8965,8.9285
1717459200000,8.9285,9.0295,8.89,8.9925
1717473600000,8.9925,8.999,8.857,8.8845
1717488000000,8.8845,8.9175,8.7705,8.813
1717502400000,8.813,9.097,8.766,9.0725
1717516800000,9.0725,9.2465,9.0585,9.1245
1717531200000,9.1245,9.1745,9.084,9.161
1717545600000,9.161,9.2935,9.161,9.2135
1717560000000,9.2135,9.35,9.1745,9.2595
1717574400000,9.2595,9.2895,9.179,9.2545
1717588800000,9.2545,9.326,9.1855,9.301
1717603200000,9.301,9.362,9.252,9.351
1717617600000,9.351,9.3855,9.2695,9.3155
1717632000000,9.3155,9.326,9.219,9.2215
1717646400000,9.2215,9.239,9.118,9.1615
1717660800000,9.1615,9.2235,9.122,9.216
1717675200000,9.216,9.2895,9.1865,9.241
1717689600000,9.241,9.2515,9.0105,9.02
1717704000000,9.02,9.153,8.9275,9.1045
1717718400000,9.1045,9.121,9.0075,9.05
1717732800000,9.05,9.2135,9.043,9.1625
1717747200000,9.1625,9.279,9.0995,9.2665
1717761600000,9.2665,9.405,9.066,9.344
1717776000000,9.344,9.3485,7.8,8.483
1717790400000,8.483,8.634,8.4355,8.5945
1717804800000,8.5945,8.5955,8.476,8.513
1717819200000,8.513,8.564,8.445,8.529
1717833600000,8.529,8.529,8.162,8.18
1717848000000,8.18,8.24,8.0195,8.1755
1717862400000,8.1755,8.1975,8.0225,8.1415
1717876800000,8.1415,8.156,8.0355,8.129
1717891200000,8.129,8.2045,8.033,8.1035
1717905600000,8.1035,8.281,8.074,8.25
1717920000000,8.25,8.351,8.2335,8.3125
1717934400000,8.3125,8.5075,8.2805,8.4905
1717948800000,8.4905,8.625,8.4325,8.5
1717963200000,8.5,8.6105,8.4885,8.592
1717977600000,8.592,8.6235,8.446,8.4635
1717992000000,8.4635,8.4805,8.203,8.2185
1718006400000,8.2185,8.488,8.213,8.461
1718020800000,8.461,8.533,8.3205,8.484
1718035200000,8.484,8.5015,8.3255,8.341
1718049600000,8.341,8.3465,8.238,8.269
1718064000000,8.269,8.3535,8.0435,8.1495
1718078400000,8.1495,8.159,7.882,7.9745
1718092800000,7.9745,8.1365,7.9285,8.107
1718107200000,8.107,8.129,7.7635,7.8535
1718121600000,7.8535,8.032,7.7205,8.008
1718136000000,8.008,8.017,7.939,7.9635
1718150400000,7.9635,8.0735,7.811,8.038
1718164800000,8.038,8.075,7.9755,8.0285
1718179200000,8.0285,8.1035,7.981,8.016
1718193600000,8.016,8.55,8.012,8.4725
1718208000000,8.4725,8.5415,8.1055,8.161
1718222400000,8.161,8.295,8.115,8.24
1718236800000,8.24,8.255,7.8945,8.0305
1718251200000,8.0305,8.097,7.94,7.9775
1718265600000,7.9775,8.0515,7.929,7.9515
1718280000000,7.9515,8.08,7.8,7.8325
1718294400000,7.8325,7.9585,7.775,7.9075
1718308800000,7.9075,7.9435,7.7905,7.8875
1718323200000,7.8875,8.031,7.8275,7.96
1718337600000,7.96,8.0925,7.9585,8.0715
1718352000000,8.0715,8.106,8.0025,8.048
1718366400000,8.048,8.0885,7.8085,7.854
1718380800000,7.854,7.8725,7.3675,7.4825
1718395200000,7.4825,7.7205,7.4675,7.6865
1718409600000,7.6865,7.756,7.636,7.756
1718424000000,7.756,7.9,7.7435,7.86
1718438400000,7.86,7.8855,7.7795,7.811
1718452800000,7.811,7.9205,7.788,7.9115
1718467200000,7.9115,7.94,7.8565,7.899
1718481600000,7.899,7.92,7.836,7.876
1718496000000,7.876,7.9235,7.7445,7.7765
1718510400000,7.7765,7.89,7.7285,7.841
1718524800000,7.841,7.894,7.7865,7.8135
1718539200000,7.8135,7.894,7.8085,7.88
1718553600000,7.88,7.885,7.821,7.8685
1718568000000,7.8685,7.958,7.8435,7.8945
1718582400000,7.8945,7.933,7.6925,7.716
1718596800000,7.716,7.7615,7.5725,7.639
1718611200000,7.639,7.67,7.37,7.537
1718625600000,7.537,7.5745,7.4115,7.44
1718640000000,7.44,7.7555,7.1825,7.6045
1718654400000,7.6045,7.61,7.4225,7.4375
1718668800000,7.4375,7.4625,6.272,6.856
1718683200000,6.856,6.995,6.8055,6.955
1718697600000,6.955,6.988,6.6605,6.748
1718712000000,6.748,6.7795,6.489,6.706
1718726400000,6.706,6.7085,6.486,6.6795
1718740800000,6.6795,6.888,6.6355,6.819
1718755200000,6.819,7.0795,6.7365,7.0265
1718769600000,7.0265,7.11,6.9965,7.0105
1718784000000,7.0105,7.0255,6.8715,6.907
1718798400000,6.907,6.974,6.7665,6.831
1718812800000,6.831,6.9805,6.8105,6.943
1718827200000,6.943,6.994,6.851,6.902
1718841600000,6.902,7.0605,6.8575,6.916
1718856000000,6.916,7.151,6.872,7.125
1718870400000,7.125,7.1755,7.0135,7.049
1718884800000,7.049,7.0745,6.741,6.797
1718899200000,6.797,7.116,6.7055,6.9785
1718913600000,6.9785,7.0075,6.8975,6.905
1718928000000,6.905,7.005,6.841,6.977
1718942400000,6.977,7.013,6.904,6.9525
1718956800000,6.9525,7.042,6.832,6.9305
1718971200000,6.9305,6.996,6.7895,6.9735
1718985600000,6.9735,6.9865,6.7915,6.894
1719000000000,6.894,6.975,6.856,6.933
1719014400000,6.933,6.936,6.8255,6.8515
1719028800000,6.8515,6.8755,6.807,6.828
1719043200000,6.828,6.882,6.802,6.865
1719057600000,6.865,6.938,6.8395,6.918
1719072000000,6.918,6.9355,6.8745,6.9085
1719086400000,6.9085,6.913,6.837,6.8525
1719100800000,6.8525,6.9825,6.841,6.975
1719115200000,6.975,6.987,6.939,6.9595
1719129600000,6.9595,6.987,6.8895,6.915
1719144000000,6.915,6.9175,6.73,6.7775
1719158400000,6.7775,6.7855,6.676,6.771
1719172800000,6.771,6.79,6.642,6.741
1719187200000,6.741,6.7985,6.688,6.7705
1719201600000,6.7705,6.777,6.525,6.5835
1719216000000,6.5835,6.7395,6.355,6.6565
1719230400000,6.6565,6.8695,6.647,6.7355
1719244800000,6.7355,6.861,6.6765,6.7165
1719259200000,6.7165,6.959,6.6435,6.945
1719273600000,6.945,7.012,6.8935,6.9545
1719288000000,6.9545,6.9855,6.8895,6.8975
1719302400000,6.8975,7.0375,6.8405,7.024
1719316800000,7.024,7.1005,6.9935,7.047
1719331200000,7.047,7.0565,6.9335,7.0145
1719345600000,7.0145,7.02,6.93,6.945
1719360000000,6.945,7.024,6.885,6.895
1719374400000,6.895,6.9025,6.813,6.8685
1719388800000,6.8685,6.8745,6.8005,6.8245
1719403200000,6.8245,6.895,6.7745,6.7925
1719417600000,6.7925,6.883,6.703,6.881
1719432000000,6.881,6.9505,6.8285,6.8425
1719446400000,6.8425,6.8555,6.7685,6.8245
1719460800000,6.8245,6.841,6.729,6.7595
1719475200000,6.7595,6.9175,6.737,6.896
1719489600000,6.896,7.091,6.895,7.0215
1719504000000,7.0215,7.089,6.9905,7.0805
1719518400000,7.0805,7.086,7.0175,7.03
1719532800000,7.03,7.0995,6.964,7.0115
1719547200000,7.0115,7.0355,6.9735,7.0295
1719561600000,7.0295,7.088,6.99,7.061
1719576000000,7.061,7.125,6.9695,7.0285
1719590400000,7.0285,7.0435,6.8825,6.93
1719604800000,6.93,6.9625,6.832,6.851
1719619200000,6.851,7.0205,6.837,6.9935
1719633600000,6.9935,7.048,6.913,7.0185
1719648000000,7.0185,7.0245,6.9675,7.002
1719662400000,7.002,7.0135,6.9275,6.983
1719676800000,6.983,6.9835,6.907,6.961
1719691200000,6.961,6.9805,6.885,6.897
1719705600000,6.897,6.944,6.802,6.843
1719720000000,6.843,6.9655,6.787,6.9165
1719734400000,6.9165,6.967,6.8745,6.888
1719748800000,6.888,6.954,6.8475,6.9415
1719763200000,6.9415,6.9925,6.9,6.983
1719777600000,6.983,7.084,6.9485,7.0705
1719792000000,7.0705,7.237,7.0525,7.1795
1719806400000,7.1795,7.2095,7.106,7.14
1719820800000,7.14,7.147,7.054,7.075
1719835200000,7.075,7.141,7.0,7.074
1719849600000,7.074,7.222,7.0625,7.158
1719864000000,7.158,7.1695,7.038,7.052
1719878400000,7.052,7.0815,6.998,7.0235
1719892800000,7.0235,7.07,6.948,6.9635
1719907200000,6.9635,6.9805,6.922,6.9425
1719921600000,6.9425,7.003,6.8515,6.8965
1719936000000,6.8965,6.9545,6.839,6.9465
1719950400000,6.9465,6.99,6.943,6.9565
1719964800000,6.9565,6.9945,6.678,6.7855
1719979200000,6.7855,6.8345,6.7405,6.816
1719993600000,6.816,6.8405,6.656,6.751
1720008000000,6.751,6.784,6.64,6.7215
1720022400000,6.7215,6.759,6.5565,6.587
1720036800000,6.587,6.637,6.547,6.595
1720051200000,6.595,6.65,6.266,6.4095
1720065600000,6.4095,6.4445,6.2585,6.282
1720080000000,6.282,6.3055,6.1725,6.2525
1720094400000,6.2525,6.2645,6.0255,6.207
1720108800000,6.207,6.2725,6.1345,6.1985
1720123200000,6.1985,6.286,5.9275,5.9685
1720137600000,5.9685,5.9785,5.149,5.3095
1720152000000,5.3095,5.5105,5.2075,5.417
1720166400000,5.417,5.6415,5.24,5.6215
1720180800000,5.6215,5.7595,5.556,5.6335
1720195200000,5.6335,5.675,5.5335,5.5775
1720209600000,5.5775,5.618,5.5365,5.545
1720224000000,5.545,5.693,5.4675,5.5345
1720238400000,5.5345,5.6755,5.4795,5.6725
1720252800000,5.6725,5.7115,5.575,5.6825
1720267200000,5.6825,5.8095,5.6305,5.7745
1720281600000,5.7745,6.015,5.742,6.002
1720296000000,6.002,6.0565,5.955,5.973
1720310400000,5.973,5.9935,5.846,5.921
1720324800000,5.921,5.93,5.8075,5.8705
1720339200000,5.8705,5.9225,5.8355,5.889
1720353600000,5.889,5.922,5.6355,5.729
1720368000000,5.729,5.839,5.715,5.7725
1720382400000,5.7725,5.7905,5.5485,5.5795
1720396800000,5.5795,5.5905,5.318,5.4855
1720411200000,5.4855,5.6355,5.4675,5.583
1720425600000,5.583,5.977,5.569,5.9395
1720440000000,5.9395,5.97,5.6195,5.6905
1720454400000,5.6905,5.851,5.6075,5.8245
1720468800000,5.8245,5.8645,5.768,5.8315
1720483200000,5.8315,5.9085,5.739,5.8425
1720497600000,5.8425,5.932,5.8245,5.8815
1720512000000,5.8815,5.957,5.862,5.8665
1720526400000,5.8665,5.9325,5.797,5.9205
1720540800000,5.9205,5.979,5.8875,5.9605
1720555200000,5.9605,6.0555,5.9475,6.0195
1720569600000,6.0195,6.0415,5.9345,6.0225
1720584000000,6.0225,6.2485,6.0215,6.1455
1720598400000,6.1455,6.153,6.0185,6.0665
1720612800000,6.0665,6.1485,5.9875,6.105
1720627200000,6.105,6.1645,6.064,6.1015
1720641600000,6.1015,6.1585,6.0705,6.14
1720656000000,6.14,6.224,6.0575,6.1055
1720670400000,6.1055,6.203,6.091,6.1915
1720684800000,6.1915,6.2995,6.1715,6.2885
1720699200000,6.2885,6.3945,6.102,6.131
1720713600000,6.131,6.196,6.0825,6.1395
1720728000000,6.1395,6.1485,6.007,6.0265
1720742400000,6.0265,6.112,5.9205,6.0075
1720756800000,6.0075,6.042,5.949,5.98
1720771200000,5.98,6.0125,5.898,5.957
1720785600000,5.957,6.0915,5.9315,6.078
1720800000000,6.078,6.1375,6.0425,6.0485
1720814400000,6.0485,6.1045,5.9905,6.102
1720828800000,6.102,6.1855,6.095,6.1665
1720843200000,6.1665,6.31,6.1515,6.2945
1720857600000,6.2945,6.2995,6.2025,6.226
1720872000000,6.226,6.292,6.206,6.278
1720886400000,6.278,6.33,6.246,6.288
1720900800000,6.288,6.4085,6.26,6.3415
1720915200000,6.3415,6.4695,6.322,6.4355
1720929600000,6.4355,6.6685,6.43,6.5885
1720944000000,6.5885,6.7045,6.566,6.6345
1720958400000,6.6345,6.636,6.498,6.571
1720972800000,6.571,6.593,6.526,6.5695
1720987200000,6.5695,6.67,6.5555,6.6275
1721001600000,6.6275,6.7895,6.604,6.724
1721016000000,6.724,6.7495,6.6375,6.718
1721030400000,6.718,6.7855,6.6365,6.6875
1721044800000,6.6875,6.7675,6.662,6.7315
1721059200000,6.7315,6.7875,6.6755,6.7295
1721073600000,6.7295,6.997,6.7215,6.984
1721088000000,6.984,7.07,6.904,7.0535
1721102400000,7.0535,7.088,6.682,6.7125
1721116800000,6.7125,6.82,6.606,6.78
1721131200000,6.78,7.075,6.744,7.0375
1721145600000,7.0375,7.1655,6.9845,7.081
1721160000000,7.081,7.125,7.0165,7.0615
1721174400000,7.0615,7.1905,7.0445,7.098
1721188800000,7.098,7.349,7.0675,7.316
1721203200000,7.316,7.3695,7.073,7.119
1721217600000,7.119,7.372,7.099,7.21
1721232000000,7.21,7.2685,7.072,7.2445
1721246400000,7.2445,7.2545,7.042,7.0535
1721260800000,7.0535,7.1415,7.0055,7.0905
1721275200000,7.0905,7.125,6.954,6.994
1721289600000,6.994,7.0835,6.9185,7.034
1721304000000,7.034,7.099,6.863,6.8825
1721318400000,6.8825,7.015,6.82,6.92
1721332800000,6.92,7.001,6.887,6.994
1721347200000,6.994,7.124,6.842,7.092
1721361600000,7.092,7.2305,7.014,7.0465
1721376000000,7.0465,7.089,6.9295,7.0235
1721390400000,7.0235,7.351,6.9755,7.292
1721404800000,7.292,7.44,7.286,7.414
1721419200000,7.414,7.489,7.401,7.449
1721433600000,7.449,7.4855,7.3765,7.438
1721448000000,7.438,7.4765,7.3755,7.414
1721462400000,7.414,7.426,7.3155,7.3175
1721476800000,7.3175,7.422,7.2455,7.3905
1721491200000,7.3905,7.464,7.341,7.388
1721505600000,7.388,7.43,7.345,7.3545
1721520000000,7.3545,7.455,7.332,7.3855
1721534400000,7.3855,7.4,7.2485,7.3
1721548800000,7.3,7.3975,7.3,7.352
1721563200000,7.352,7.4455,7.2675,7.349
1721577600000,7.349,7.435,7.062,7.3135
1721592000000,7.3135,7.5525,7.288,7.4845
1721606400000,7.4845,7.6505,7.4635,7.496
1721620800000,7.496,7.525,7.307,7.343
1721635200000,7.343,7.438,7.3025,7.4195
1721649600000,7.4195,7.4695,7.267,7.2995
1721664000000,7.2995,7.382,7.274,7.374
1721678400000,7.374,7.3955,7.142,7.2085
1721692800000,7.2085,7.3245,7.1835,7.2335
1721707200000,7.2335,7.2525,6.999,7.071
1721721600000,7.071,7.358,7.063,7.2675
1721736000000,7.2675,7.2835,7.0665,7.1195
1721750400000,7.1195,7.1385,6.912,7.082
1721764800000,7.082,7.164,7.0615,7.138
1721779200000,7.138,7.194,6.991,7.0155
1721793600000,7.0155,7.0345,6.9145,7.0325
1721808000000,7.0325,7.0885,7.006,7.076
1721822400000,7.076,7.1545,6.988,6.9885
1721836800000,6.9885,7.102,6.923,6.944
1721851200000,6.944,6.9945,6.7585,6.8035
1721865600000,6.8035,6.832,6.508,6.5745
1721880000000,6.5745,6.6945,6.5315,6.6185
1721894400000,6.6185,6.672,6.587,6.622
1721908800000,6.622,6.698,6.493,6.6375
1721923200000,6.6375,6.6925,6.4355,6.5215
1721937600000,6.5215,6.661,6.4085,6.614
1721952000000,6.614,6.7845,6.5995,6.733
1721966400000,6.733,6.8575,6.7185,6.809
1721980800000,6.809,6.8575,6.7795,6.8155
1721995200000,6.8155,6.9255,6.7635,6.899
1722009600000,6.899,6.974,6.885,6.9515
1722024000000,6.9515,6.983,6.8905,6.9755
1722038400000,6.9755,7.0945,6.9685,7.0915
1722052800000,7.0915,7.3565,7.0915,7.248
1722067200000,7.248,7.2775,7.134,7.214
1722081600000,7.214,7.2975,7.1015,7.1485
1722096000000,7.1485,7.182,7.0285,7.1155
1722110400000,7.1155,7.2385,6.983,7.1325
1722124800000,7.1325,7.1375,6.9995,7.001
1722139200000,7.001,7.0135,6.8885,6.9495
1722153600000,6.9495,7.0305,6.917,6.9875
1722168000000,6.9875,7.007,6.8915,6.9225
1722182400000,6.9225,6.9365,6.8655,6.8885
1722196800000,6.8885,6.894,6.7765,6.842
1722211200000,6.842,7.0895,6.826,6.9885
1722225600000,6.9885,7.0675,6.9585,7.04
1722240000000,7.04,7.054,6.965,6.9975
1722254400000,6.9975,7.0205,6.764,6.807
1722268800000,6.807,6.827,6.7095,6.8105
1722283200000,6.8105,6.857,6.741,6.753
1722297600000,6.753,6.8485,6.6805,6.7825
1722312000000,6.7825,6.874,6.7455,6.8175
1722326400000,6.8175,6.8315,6.735,6.769
1722340800000,6.769,6.831,6.6865,6.761
1722355200000,6.761,6.779,6.542,6.5875
1722369600000,6.5875,6.62,6.4915,6.5855
1722384000000,6.5855,6.6675,6.5405,6.617
1722398400000,6.617,6.661,6.525,6.6015
1722412800000,6.6015,6.605,6.5195,6.557
1722427200000,6.557,6.6885,6.543,6.5675
1722441600000,6.5675,6.6365,6.4505,6.4985
1722456000000,6.4985,6.4985,6.3775,6.4055
1722470400000,6.4055,6.4645,6.3655,6.3935
1722484800000,6.3935,6.411,6.2285,6.307
1722499200000,6.307,6.375,6.3005,6.3655
1722513600000,6.3655,6.4395,6.179,6.198
1722528000000,6.198,6.227,6.0315,6.2035
1722542400000,6.2035,6.4345,6.169,6.4045
1722556800000,6.4045,6.442,6.2655,6.3675
1722571200000,6.3675,6.38,6.136,6.2425
1722585600000,6.2425,6.3215,6.1855,6.277
1722600000000,6.277,6.329,5.8975,6.0685
1722614400000,6.0685,6.0935,5.9625,6.023
1722628800000,6.023,6.07,5.9145,6.0055
1722643200000,6.0055,6.025,5.818,5.933
1722657600000,5.933,5.986,5.9145,5.922
1722672000000,5.922,5.9445,5.876,5.9385
1722686400000,5.9385,6.019,5.723,5.739
1722700800000,5.739,5.7485,5.471,5.476
1722715200000,5.476,5.6085,5.45,5.5735
1722729600000,5.5735,5.6295,5.5205,5.5765
1722744000000,5.5765,5.6005,5.5135,5.52
1722758400000,5.52,5.599,5.488,5.5515
1722772800000,5.5515,5.5935,5.3325,5.3375
1722787200000,5.3375,5.471,5.107,5.433
1722801600000,5.433,5.4855,5.3125,5.3375
1722816000000,5.3375,5.3915,4.5275,4.6495
1722830400000,4.6495,4.858,4.291,4.8055
1722844800000,4.8055,4.8155,4.3995,4.5575
1722859200000,4.5575,5.074,4.403,5.061
1722873600000,5.061,5.1105,4.8545,4.9465
1722888000000,4.9465,5.0835,4.929,4.978
1722902400000,4.978,5.302,4.9665,5.166
1722916800000,5.166,5.2715,5.131,5.2595
1722931200000,5.2595,5.2595,5.086,5.1425
1722945600000,5.1425,5.305,5.0245,5.2235
1722960000000,5.2235,5.2545,5.1735,5.205
1722974400000,5.205,5.252,5.1015,5.1285
1722988800000,5.1285,5.2695,5.057,5.232
1723003200000,5.232,5.293,5.2175,5.269
1723017600000,5.269,5.3275,5.1835,5.192
1723032000000,5.192,5.277,4.9375,5.083
1723046400000,5.083,5.141,4.9555,5.0255
1723060800000,5.0255,5.1265,4.9955,5.0755
1723075200000,5.0755,5.3425,4.976,5.2765
1723089600000,5.2765,5.4235,5.252,5.258
1723104000000,5.258,5.3185,5.244,5.2865
1723118400000,5.2865,5.506,5.2475,5.4875
1723132800000,5.4875,5.539,5.4555,5.489
1723147200000,5.489,5.763,5.4825,5.761
1723161600000,5.761,5.806,5.6965,5.7275
1723176000000,5.7275,5.788,5.6485,5.7585
1723190400000,5.7585,5.8865,5.685,5.6975
1723204800000,5.6975,5.803,5.6205,5.6515
1723219200000,5.6515,5.765,5.64,5.685
1723233600000,5.685,5.764,5.668,5.7405
1723248000000,5.7405,5.8235,5.702,5.727
1723262400000,5.727,5.826,5.681,5.81
1723276800000,5.81,6.0395,5.784,5.919
1723291200000,5.919,6.284,5.8725,6.2495
1723305600000,6.2495,6.3755,6.196,6.3135
1723320000000,6.3135,6.359,6.234,6.2685
1723334400000,6.2685,6.282,6.128,6.132
1723348800000,6.132,6.2105,6.12,6.1835
1723363200000,6.1835,6.226,6.1155,6.143
1723377600000,6.143,6.154,5.929,6.0105
1723392000000,6.0105,6.022,5.858,5.8725
1723406400000,5.8725,5.8825,5.723,5.7235
1723420800000,5.7235,5.871,5.7175,5.8305
1723435200000,5.8305,5.987,5.778,5.948
1723449600000,5.948,6.667,5.947,6.666
1723464000000,6.666,6.843,6.3835,6.541
1723478400000,6.541,6.573,6.3725,6.3875
1723492800000,6.3875,6.486,6.2955,6.4325
1723507200000,6.4325,6.4875,6.2455,6.2465
1723521600000,6.2465,6.308,6.2035,6.2475
1723536000000,6.2475,6.2705,6.1405,6.2435
1723550400000,6.2435,6.562,6.225,6.5375
1723564800000,6.5375,6.936,6.5065,6.919
1723579200000,6.919,6.926,6.7645,6.788
1723593600000,6.788,6.965,6.769,6.857
1723608000000,6.857,6.8825,6.738,6.8265
1723622400000,6.8265,6.85,6.7215,6.7545
1723636800000,6.7545,6.8335,6.596,6.6445
1723651200000,6.6445,6.7005,6.573,6.6625
1723665600000,6.6625,6.713,6.609,6.6775
1723680000000,6.6775,6.752,6.614,6.6915
1723694400000,6.6915,6.6975,6.526,6.595
1723708800000,6.595,6.6505,6.4575,6.5
1723723200000,6.5,6.577,6.3605,6.3675
1723737600000,6.3675,6.407,6.0865,6.239
1723752000000,6.239,6.273,6.1965,6.2235
1723766400000,6.2235,6.503,6.206,6.2105
1723780800000,6.2105,6.2885,6.174,6.2505
1723795200000,6.2505,6.257,6.052,6.065
1723809600000,6.065,6.1435,5.84,5.874
1723824000000,5.874,6.003,5.778,5.95
1723838400000,5.95,5.984,5.9055,5.911
1723852800000,5.911,5.9685,5.8755,5.916
1723867200000,5.916,5.9255,5.861,5.897
1723881600000,5.897,5.9635,5.8545,5.874
1723896000000,5.874,5.9105,5.788,5.788
1723910400000,5.788,5.895,5.786,5.8595
1723924800000,5.8595,5.8925,5.785,5.816
1723939200000,5.816,5.9015,5.7865,5.8045
1723953600000,5.8045,5.8845,5.7905,5.8305
1723968000000,5.8305,5.883,5.803,5.881
1723982400000,5.881,5.983,5.812,5.839
1723996800000,5.839,5.8925,5.8105,5.8715
1724011200000,5.8715,5.918,5.7535,5.777
1724025600000,5.777,5.8945,5.72,5.847
1724040000000,5.847,5.9095,5.819,5.8945
1724054400000,5.8945,6.0405,5.773,5.8555
1724068800000,5.8555,6.0095,5.846,5.9485
1724083200000,5.9485,6.0275,5.817,6.0115
1724097600000,6.0115,6.05,5.9545,6.0425
1724112000000,6.0425,6.226,6.027,6.1225
1724126400000,6.1225,6.4515,6.091,6.246
1724140800000,6.246,6.2735,6.1005,6.1085
1724155200000,6.1085,6.164,5.947,6.0175
1724169600000,6.0175,6.1095,5.9705,6.096
1724184000000,6.096,6.1275,6.031,6.051
1724198400000,6.051,6.11,6.003,6.0885
1724212800000,6.0885,6.233,6.074,6.2235
1724227200000,6.2235,6.2525,6.1265,6.1765
1724241600000,6.1765,6.2555,6.0565,6.1035
1724256000000,6.1035,6.3045,6.076,6.296
1724270400000,6.296,6.3695,6.2655,6.3535
1724284800000,6.3535,6.374,6.2325,6.322
1724299200000,6.322,6.4245,6.312,6.3835
1724313600000,6.3835,6.4075,6.3295,6.3635
1724328000000,6.3635,6.4555,6.336,6.36
1724342400000,6.36,6.4145,6.3435,6.403
1724356800000,6.403,6.5075,6.3805,6.5015
1724371200000,6.5015,6.658,6.483,6.6475
1724385600000,6.6475,6.829,6.615,6.804
1724400000000,6.804,6.932,6.766,6.778
1724414400000,6.778,6.9455,6.7215,6.8895
1724428800000,6.8895,7.187,6.87,7.0775
1724443200000,7.0775,7.1995,7.0715,7.0895
1724457600000,7.0895,7.1645,7.0375,7.0725
1724472000000,7.0725,7.158,7.0725,7.115
1724486400000,7.115,7.2425,7.055,7.182
1724500800000,7.182,7.3035,7.166,7.242
1724515200000,7.242,7.39,7.2355,7.2605
1724529600000,7.2605,7.285,7.051,7.15
1724544000000,7.15,7.196,6.951,7.0445
1724558400000,7.0445,7.056,6.823,6.8485
1724572800000,6.8485,7.1095,6.8165,7.057
1724587200000,7.057,7.3985,7.0285,7.3005
1724601600000,7.3005,7.422,7.2565,7.369
1724616000000,7.369,7.4705,7.299,7.333
1724630400000,7.333,7.376,7.1465,7.245
1724644800000,7.245,7.281,7.1295,7.1715
1724659200000,7.1715,7.234,7.095,7.1655
1724673600000,7.1655,7.2215,7.0685,7.117
1724688000000,7.117,7.1905,6.9575,6.9925
1724702400000,6.9925,7.0585,6.942,7.007
1724716800000,7.007,7.2785,7.007,7.2425
1724731200000,7.2425,7.35,7.1975,7.229
1724745600000,7.229,7.298,7.008,7.067
1724760000000,7.067,7.2495,6.992,7.2255
1724774400000,7.2255,7.5625,7.166,7.2475
1724788800000,7.2475,7.2695,6.702,6.8285
1724803200000,6.8285,6.8595,6.63,6.8385
1724817600000,6.8385,6.8425,6.5415,6.5445
1724832000000,6.5445,6.968,6.49,6.9105
1724846400000,6.9105,7.2875,6.866,6.88
1724860800000,6.88,7.024,6.622,6.801
1724875200000,6.801,6.8965,6.5975,6.7295
1724889600000,6.7295,6.811,6.6225,6.657
1724904000000,6.657,6.949,6.586,6.799
1724918400000,6.799,7.038,6.655,6.9645
1724932800000,6.9645,7.27,6.836,7.133
1724947200000,7.133,7.175,6.685,6.7725
1724961600000,6.7725,6.799,6.64,6.789
1724976000000,6.789,6.9935,6.7105,6.789
1724990400000,6.789,6.9895,6.633,6.912
1725004800000,6.912,7.028,6.7305,6.7325
1725019200000,6.7325,6.8155,6.379,6.4005
1725033600000,6.4005,6.8785,6.353,6.69
1725048000000,6.69,6.7895,6.6,6.7085
1725062400000,6.7085,6.796,6.6655,6.77
1725076800000,6.77,6.795,6.6625,6.718
1725091200000,6.718,6.779,6.65,6.709
1725105600000,6.709,6.709,6.5655,6.636
1725120000000,6.636,6.6385,6.3755,6.4365
1725134400000,6.4365,6.533,6.4175,6.4825
1725148800000,6.4825,6.5065,6.3655,6.432
1725163200000,6.432,6.448,6.323,6.3865
1725177600000,6.3865,6.399,6.268,6.3035
1725192000000,6.3035,6.317,6.1085,6.2915
1725206400000,6.2915,6.398,6.1555,6.3905
1725220800000,6.3905,6.4035,6.091,6.1595
1725235200000,6.1595,6.3365,6.129,6.2725
1725249600000,6.2725,6.2865,6.118,6.1435
1725264000000,6.1435,6.343,6.12,6.253
1725278400000,6.253,6.3025,6.104,6.223
1725292800000,6.223,6.383,6.2185,6.2875
1725307200000,6.2875,6.4545,6.2755,6.352
1725321600000,6.352,6.474,6.3115,6.347
1725336000000,6.347,6.3655,6.252,6.335
1725350400000,6.335,6.3465,6.2155,6.276
1725364800000,6.276,6.312,6.053,6.065
1725379200000,6.065,6.288,6.0475,6.193
1725393600000,6.193,6.2065,6.1025,6.127
1725408000000,6.127,6.159,5.8115,6.1115
1725422400000,6.1115,6.194,6.076,6.151
1725436800000,6.151,6.1835,6.052,6.098
1725451200000,6.098,6.2675,6.053,6.2485
1725465600000,6.2485,6.3255,6.127,6.17
1725480000000,6.17,6.1945,6.1065,6.1175
1725494400000,6.1175,6.139,5.864,5.883
1725508800000,5.883,5.96,5.8425,5.8915
1725523200000,5.8915,5.918,5.825,5.8535
1725537600000,5.8535,5.9055,5.667,5.7465
1725552000000,5.7465,5.795,5.6685,5.724
1725566400000,5.724,5.7915,5.699,5.77
1725580800000,5.77,5.878,5.7405,5.84
1725595200000,5.84,5.87,5.7225,5.7625
1725609600000,5.7625,5.796,5.7045,5.758
1725624000000,5.758,5.9095,5.6505,5.801
1725638400000,5.801,5.8065,5.657,5.6815
1725652800000,5.6815,5.7065,5.478,5.701
1725667200000,5.701,5.803,5.694,5.7805
1725681600000,5.7805,5.864,5.768,5.858
1725696000000,5.858,5.891,5.8465,5.8745
1725710400000,5.8745,5.9635,5.857,5.9005
1725724800000,5.9005,5.9155,5.8145,5.885
1725739200000,5.885,5.8905,5.785,5.847
1725753600000,5.847,5.904,5.7955,5.904
1725768000000,5.904,6.0255,5.891,6.007
1725782400000,6.007,6.0385,5.9375,5.938
1725796800000,5.938,5.9535,5.846,5.86
1725811200000,5.86,5.993,5.834,5.949
1725825600000,5.949,6.105,5.927,6.0355
1725840000000,6.0355,6.118,6.0105,6.075
1725854400000,6.075,6.1285,6.0125,6.124
1725868800000,6.124,6.2085,6.1095,6.148
1725883200000,6.148,6.1725,6.062,6.145
1725897600000,6.145,6.2975,6.136,6.293
1725912000000,6.293,6.417,6.256,6.296
1725926400000,6.296,6.3055,6.193,6.2025
1725940800000,6.2025,6.2255,6.154,6.2
1725955200000,6.2,6.2295,6.1425,6.2215
1725969600000,6.2215,6.2445,6.117,6.1685
1725984000000,6.1685,6.3315,6.167,6.2845
1725998400000,6.2845,6.3255,6.2275,6.27
1726012800000,6.27,6.299,6.132,6.146
1726027200000,6.146,6.1465,6.014,6.1315
1726041600000,6.1315,6.147,6.0345,6.09
1726056000000,6.09,6.211,5.954,6.0755
1726070400000,6.0755,6.154,6.053,6.089
1726084800000,6.089,6.1355,6.0775,6.0885
1726099200000,6.0885,6.227,6.0785,6.15
1726113600000,6.15,6.2035,6.1305,6.168
1726128000000,6.168,6.1895,6.1185,6.1295
1726142400000,6.1295,6.218,6.038,6.063
1726156800000,6.063,6.1545,6.053,6.1515
1726171200000,6.1515,6.1855,6.1085,6.1725
1726185600000,6.1725,6.193,6.1275,6.135
1726200000000,6.135,6.1535,6.0935,6.1405
1726214400000,6.1405,6.167,6.105,6.117
1726228800000,6.117,6.289,6.0855,6.2695
1726243200000,6.2695,6.2975,6.21,6.262
1726257600000,6.262,6.3435,6.258,6.303
1726272000000,6.303,6.353,6.2775,6.3445
1726286400000,6.3445,6.355,6.2345,6.2465
1726300800000,6.2465,6.2595,6.0995,6.1335
1726315200000,6.1335,6.166,6.0975,6.1205
1726329600000,6.1205,6.1395,5.98,6.0185
1726344000000,6.0185,6.0635,6.004,6.058
1726358400000,6.058,6.165,6.0405,6.1085
1726372800000,6.1085,6.1305,6.0795,6.1235
1726387200000,6.1235,6.137,6.088,6.1145
1726401600000,6.1145,6.1575,6.075,6.127
1726416000000,6.127,6.1405,6.015,6.0665
1726430400000,6.0665,6.0885,5.822,5.8695
1726444800000,5.8695,5.8825,5.7395,5.762
1726459200000,5.762,5.8435,5.7215,5.831
1726473600000,5.831,5.8715,5.7515,5.7775
1726488000000,5.7775,5.7855,5.653,5.7155
1726502400000,5.7155,5.804,5.687,5.7375
1726516800000,5.7375,5.754,5.666,5.7385
1726531200000,5.7385,5.766,5.6835,5.7505
1726545600000,5.7505,5.8795,5.749,5.8515
1726560000000,5.8515,5.9085,5.8365,5.8635
1726574400000,5.8635,6.0075,5.8275,5.986
1726588800000,5.986,5.9985,5.871,5.915
1726603200000,5.915,5.957,5.898,5.9355
1726617600000,5.9355,5.9865,5.864,5.952
1726632000000,5.952,5.9615,5.8975,5.9375
1726646400000,5.9375,5.942,5.7315,5.7975
1726660800000,5.7975,5.844,5.7035,5.7235
1726675200000,5.7235,6.028,5.6945,5.9355
1726689600000,5.9355,6.2265,5.894,6.223
1726704000000,6.223,6.4055,6.223,6.3685
1726718400000,6.3685,6.394,6.298,6.357
1726732800000,6.357,6.513,6.281,6.509
1726747200000,6.509,6.7225,6.4845,6.695
1726761600000,6.695,6.953,6.689,6.8465
1726776000000,6.8465,6.8785,6.7805,6.806
1726790400000,6.806,6.8215,6.7025,6.796
1726804800000,6.796,7.278,6.766,7.1255
1726819200000,7.1255,7.266,7.0415,7.124
1726833600000,7.124,7.477,7.0965,7.188
1726848000000,7.188,7.323,7.1265,7.255
1726862400000,7.255,7.4055,7.226,7.3025
1726876800000,7.3025,7.554,7.2255,7.31
1726891200000,7.31,7.3895,7.1875,7.3745
1726905600000,7.3745,7.83,7.355,7.6955
1726920000000,7.6955,8.3895,7.6935,8.0775
1726934400000,8.0775,8.302,8.0185,8.1545
1726948800000,8.1545,8.294,8.0505,8.239
1726963200000,8.239,8.245,7.8705,7.9045
1726977600000,7.9045,7.9405,7.797,7.8325
1726992000000,7.8325,7.9785,7.8075,7.9515
1727006400000,7.9515,8.0665,7.845,7.875
1727020800000,7.875,8.066,7.8295,8.003
1727035200000,8.003,8.0135,7.7385,7.9595
1727049600000,7.9595,8.1225,7.6615,7.9755
1727064000000,7.9755,8.1095,7.7265,7.794
1727078400000,7.794,7.838,7.6645,7.806
1727092800000,7.806,7.9395,7.7495,7.88
1727107200000,7.88,7.9465,7.8235,7.911
1727121600000,7.911,7.968,7.7595,7.952
1727136000000,7.952,7.952,7.71,7.915
1727150400000,7.915,7.9415,7.7805,7.8425
1727164800000,7.8425,8.061,7.795,7.9875
1727179200000,7.9875,8.1015,7.6805,7.8015
1727193600000,7.8015,8.2785,7.8015,8.19
1727208000000,8.19,8.385,8.1145,8.1515
1727222400000,8.1515,8.4775,8.055,8.24
1727236800000,8.24,8.281,8.015,8.182
1727251200000,8.182,8.298,8.1565,8.23
1727265600000,8.23,8.2515,7.964,8.003
1727280000000,8.003,8.1065,7.927,8.0085
1727294400000,8.0085,8.0855,7.9325,8.008
1727308800000,8.008,8.1955,7.8545,8.1825
1727323200000,8.1825,8.6355,8.165,8.4015
1727337600000,8.4015,8.422,8.237,8.284
1727352000000,8.284,8.4,8.188,8.298
1727366400000,8.298,8.37,8.028,8.149
1727380800000,8.149,8.177,7.999,8.0615
1727395200000,8.0615,8.277,8.028,8.2615
1727409600000,8.2615,8.4715,8.2115,8.247
1727424000000,8.247,8.2875,8.067,8.1595
1727438400000,8.1595,8.31,8.0595,8.292
1727452800000,8.292,8.369,8.1805,8.316
1727467200000,8.316,8.584,8.308,8.499
1727481600000,8.499,8.5415,8.276,8.313
1727496000000,8.313,8.342,8.126,8.146
1727510400000,8.146,8.188,7.957,8.136
1727524800000,8.136,8.1385,7.988,8.0925
1727539200000,8.0925,8.1375,8.0415,8.053
1727553600000,8.053,8.0835,7.921,8.063
1727568000000,8.063,8.102,7.9685,8.045
1727582400000,8.045,8.0485,7.815,7.838
1727596800000,7.838,7.934,7.7365,7.933
1727611200000,7.933,8.103,7.8,8.026
1727625600000,8.026,8.2915,7.999,8.2295
1727640000000,8.2295,8.248,8.027,8.0755
1727654400000,8.0755,8.1155,7.838,7.937
1727668800000,7.937,8.081,7.8615,8.0605
1727683200000,8.0605,8.0785,7.739,7.9045
1727697600000,7.9045,7.984,7.817,7.835
1727712000000,7.835,7.951,7.794,7.88
1727726400000,7.88,7.9505,7.5585,7.6625
1727740800000,7.6625,7.986,7.604,7.9515
1727755200000,7.9515,8.291,7.9355,8.186
1727769600000,8.186,8.3695,8.152,8.251
1727784000000,8.251,8.3175,7.5475,7.9735
1727798400000,7.9735,8.0665,7.232,7.5755
1727812800000,7.5755,7.7255,7.401,7.5435
1727827200000,7.5435,7.7015,7.463,7.616
1727841600000,7.616,7.977,7.522,7.8035
1727856000000,7.8035,7.8745,7.4865,7.6
1727870400000,7.6,7.907,7.4855,7.768
1727884800000,7.768,7.894,7.4685,7.609
1727899200000,7.609,7.8795,7.5495,7.7845
1727913600000,7.7845,8.229,7.6155,8.189
1727928000000,8.189,8.3575,8.047,8.1365
1727942400000,8.1365,8.5355,7.883,8.3595
1727956800000,8.3595,8.75,8.124,8.3605
1727971200000,8.3605,8.382,8.072,8.37
1727985600000,8.37,8.584,8.278,8.556
1728000000000,8.556,8.6245,8.182,8.257
1728014400000,8.257,8.67,8.2445,8.6155
1728028800000,8.6155,9.054,8.5855,8.8855
1728043200000,8.8855,9.3035,8.7275,9.2565
1728057600000,9.2565,9.283,9.0755,9.147
1728072000000,9.147,9.1595,9.0415,9.0865
1728086400000,9.0865,9.1145,8.872,8.994
1728100800000,8.994,9.215,8.8915,9.0375
1728115200000,9.0375,9.099,8.8505,8.9095
1728129600000,8.9095,9.15,8.9085,8.9285
1728144000000,8.9285,8.9475,8.7315,8.7505
1728158400000,8.7505,8.7505,8.584,8.602
1728172800000,8.602,8.837,8.5855,8.706
1728187200000,8.706,8.8115,8.6305,8.732
1728201600000,8.732,8.8575,8.557,8.583
1728216000000,8.583,8.9965,8.5415,8.7375
1728230400000,8.7375,8.817,8.4875,8.5035
1728244800000,8.5035,8.7095,8.474,8.6955
1728259200000,8.6955,9.113,8.6565,8.7935
1728273600000,8.7935,8.91,8.7,8.738
1728288000000,8.738,8.986,8.5,8.617
1728302400000,8.617,8.826,8.411,8.6
1728316800000,8.6,9.3255,8.551,9.0155
1728331200000,9.0155,9.058,8.6365,8.67
1728345600000,8.67,9.148,8.6695,9.045
1728360000000,9.045,9.1175,8.8125,8.943
1728374400000,8.943,9.2565,8.881,9.201
1728388800000,9.201,9.231,8.773,9.1075
1728403200000,9.1075,9.4895,9.004,9.3595
1728417600000,9.3595,9.565,9.263,9.3265
1728432000000,9.3265,9.454,9.143,9.246
1728446400000,9.246,9.403,9.1475,9.1985
1728460800000,9.1985,9.2395,9.0475,9.1215
1728475200000,9.1215,9.289,9.042,9.169
1728489600000,9.169,9.192,8.8375,8.845
1728504000000,8.845,8.8475,8.501,8.5535
1728518400000,8.5535,8.5535,8.3605,8.4505
1728532800000,8.4505,8.5105,8.2735,8.295
1728547200000,8.295,8.3545,8.1055,8.317
1728561600000,8.317,8.355,8.0025,8.0655
1728576000000,8.0655,8.124,7.861,8.0925
1728590400000,8.0925,8.1825,8.064,8.101
1728604800000,8.101,8.1385,8.0115,8.026
1728619200000,8.026,8.113,7.929,8.071
1728633600000,8.071,8.33,8.061,8.274
1728648000000,8.274,8.489,8.22,8.4785
1728662400000,8.4785,8.4995,8.2945,8.3855
1728676800000,8.3855,8.598,8.3685,8.509
1728691200000,8.509,8.5575,8.395,8.4795
1728705600000,8.4795,8.576,8.426,8.4765
1728720000000,8.4765,8.685,8.453,8.624
1728734400000,8.624,9.2755,8.5535,9.1495
1728748800000,9.1495,9.6955,9.1495,9.5845
1728763200000,9.5845,9.955,9.555,9.9245
1728777600000,9.9245,10.217,9.8005,10.0665
1728792000000,10.0665,10.4125,10.0445,10.104
1728806400000,10.104,10.159,9.873,9.9705
1728820800000,9.9705,10.156,9.7335,9.8145
1728835200000,9.8145,9.9945,9.666,9.8745
1728849600000,9.8745,10.362,9.845,10.1845
1728864000000,10.1845,10.444,9.8855,10.138
1728878400000,10.138,10.224,9.9625,10.0185
1728892800000,10.0185,10.2995,9.932,10.18
1728907200000,10.18,10.3015,9.962,10.0165
1728921600000,10.0165,10.17,9.947,10.0785
1728936000000,10.0785,10.2815,10.034,10.1725
1728950400000,10.1725,10.571,9.95,10.2715
1728964800000,10.2715,10.429,10.051,10.2515
1728979200000,10.2515,10.6835,10.0,10.0895
1728993600000,10.0895,10.604,10.0335,10.297
1729008000000,10.297,10.7385,10.2915,10.4665
1729022400000,10.4665,10.565,10.168,10.46
1729036800000,10.46,10.4735,10.1965,10.252
1729051200000,10.252,10.3945,10.1085,10.203
1729065600000,10.203,10.385,10.001,10.003
1729080000000,10.003,10.0765,9.7535,9.789
1729094400000,9.789,9.93,9.684,9.825
1729108800000,9.825,10.2245,9.817,10.033
1729123200000,10.033,10.157,9.9505,10.045
1729137600000,10.045,10.2845,9.9675,10.1065
1729152000000,10.1065,10.142,9.8415,9.869
1729166400000,9.869,10.1965,9.8655,10.0595
1729180800000,10.0595,10.124,9.7285,9.9025
1729195200000,9.9025,9.9835,9.8705,9.9365
1729209600000,9.9365,10.026,9.796,9.8075
1729224000000,9.8075,10.015,9.7595,10.002
1729238400000,10.002,10.02,9.7955,9.836
1729252800000,9.836,9.9965,9.82,9.925
1729267200000,9.925,10.1895,9.85,9.9745
1729281600000,9.9745,10.0695,9.9405,10.015
1729296000000,10.015,10.0185,9.846,9.9185
1729310400000,9.9185,9.936,9.789,9.8235
1729324800000,9.8235,9.855,9.705,9.7435
1729339200000,9.7435,9.8035,9.6285,9.747
1729353600000,9.747,9.7745,9.6555,9.726
1729368000000,9.726,9.784,9.6815,9.719
1729382400000,9.719,9.7955,9.697,9.754
1729396800000,9.754,9.8545,9.6915,9.774
1729411200000,9.774,9.99,9.701,9.966
1729425600000,9.966,10.189,9.8515,10.1385
1729440000000,10.1385,10.171,9.811,9.8255
1729454400000,9.8255,10.095,9.825,9.9915
1729468800000,9.9915,10.034,9.8545,9.9755
1729483200000,9.9755,10.298,9.943,10.1445
1729497600000,10.1445,10.2955,9.9275,9.9775
1729512000000,9.9775,10.1255,9.7755,10.1195
1729526400000,10.1195,10.239,9.9565,10.0455
1729540800000,10.0455,10.3145,10.035,10.1045
1729555200000,10.1045,11.2355,10.0115,11.138
1729569600000,11.138,11.1725,10.764,11.036
1729584000000,11.036,11.1475,10.77,10.899
1729598400000,10.899,11.08,10.411,10.4535
1729612800000,10.4535,10.46,10.1275,10.282
1729627200000,10.282,10.425,10.2485,10.3945
1729641600000,10.3945,10.634,10.226,10.512
1729656000000,10.512,10.6195,10.3825,10.448
1729670400000,10.448,10.4545,9.8675,9.915
1729684800000,9.915,10.015,9.7855,9.9085
1729699200000,9.9085,10.0175,9.63,9.8235
1729713600000,9.8235,10.062,9.8085,9.924
1729728000000,9.924,10.1045,9.8095,10.076
1729742400000,10.076,10.2905,9.985,10.1065
1729756800000,10.1065,10.2155,9.891,9.9265
1729771200000,9.9265,10.4,9.904,10.237
1729785600000,10.237,10.3255,10.1565,10.2605
1729800000000,10.2605,10.4325,10.167,10.1845
1729814400000,10.1845,10.237,9.994,10.0175
1729828800000,10.0175,10.055,9.7665,9.964
1729843200000,9.964,10.0365,9.846,9.9825
1729857600000,9.9825,10.0435,9.7735,9.826
1729872000000,9.826,9.8775,9.302,9.432
1729886400000,9.432,9.5015,8.39,8.936
1729900800000,8.936,8.9385,8.7045,8.885
1729915200000,8.885,9.1605,8.81,9.1135
1729929600000,9.1135,9.317,9.101,9.248
1729944000000,9.248,9.268,8.906,9.015
1729958400000,9.015,9.304,8.958,9.249
1729972800000,9.249,9.319,9.217,9.2995
1729987200000,9.2995,9.3805,9.213,9.353
1730001600000,9.353,9.358,9.0945,9.1725
1730016000000,9.1725,9.2435,9.0985,9.186
1730030400000,9.186,9.304,9.152,9.2185
1730044800000,9.2185,9.258,9.0635,9.094
1730059200000,9.094,9.265,9.073,9.1955
1730073600000,9.1955,9.203,8.705,8.7255
1730088000000,8.7255,9.169,8.706,9.098
1730102400000,9.098,9.266,8.963,8.9985
1730116800000,8.9985,9.0975,8.8125,8.8545
1730131200000,8.8545,9.1095,8.725,9.006
1730145600000,9.006,9.3015,9.003,9.21
1730160000000,9.21,9.814,9.19,9.7715
1730174400000,9.7715,9.842,9.5,9.6265
1730188800000,9.6265,9.794,9.536,9.7855
1730203200000,9.7855,10.1855,9.778,9.9515
1730217600000,9.9515,10.1145,9.8245,9.86
1730232000000,9.86,10.1045,9.7265,10.0405
1730246400000,10.0405,10.2235,9.994,10.1025
1730260800000,10.1025,10.1425,9.9365,9.9455
1730275200000,9.9455,9.9915,9.7505,9.7835
1730289600000,9.7835,9.9745,9.6555,9.736
1730304000000,9.736,9.832,9.7135,9.734
1730318400000,9.734,9.9,9.677,9.7925
1730332800000,9.7925,9.805,9.6255,9.6665
1730347200000,9.6665,9.731,9.589,9.632
1730361600000,9.632,9.6335,9.3875,9.4215
1730376000000,9.4215,9.4665,9.2005,9.4605
1730390400000,9.4605,9.464,9.1275,9.1435
1730404800000,9.1435,9.2385,9.081,9.0905
1730419200000,9.0905,9.184,8.936,9.038
1730433600000,9.038,9.08,8.794,8.8385
1730448000000,8.8385,9.048,8.818,8.998
1730462400000,8.998,9.296,8.6765,8.733
1730476800000,8.733,9.0025,8.711,8.928
1730491200000,8.928,8.957,8.7305,8.9305
1730505600000,8.9305,8.9605,8.822,8.839
1730520000000,8.839,8.8665,8.761,8.8175
1730534400000,8.8175,8.8195,8.6685,8.6905
1730548800000,8.6905,8.716,8.5595,8.638
1730563200000,8.638,8.7135,8.53,8.5735
1730577600000,8.5735,8.6505,8.553,8.629
1730592000000,8.629,8.657,8.087,8.208
1730606400000,8.208,8.3365,8.1505,8.2625
1730620800000,8.2625,8.2655,8.042,8.056
1730635200000,8.056,8.112,7.833,7.9645
1730649600000,7.9645,8.094,7.8735,8.081
1730664000000,8.081,8.2575,8.049,8.1905
1730678400000,8.1905,8.3495,8.086,8.2305
1730692800000,8.2305,8.336,8.1165,8.13
1730707200000,8.13,8.315,8.05,8.2565
1730721600000,8.2565,8.3355,8.0685,8.119
1730736000000,8.119,8.1425,7.9735,8.0845
1730750400000,8.0845,8.0865,7.7285,8.0545
1730764800000,8.0545,8.183,8.035,8.173
1730779200000,8.173,8.2335,8.1365,8.211
1730793600000,8.211,8.276,8.15,8.2485
1730808000000,8.2485,8.63,8.2195,8.5145
1730822400000,8.5145,8.637,8.3035,8.341
1730836800000,8.341,8.538,8.3115,8.458
1730851200000,8.458,9.2335,8.4435,9.19
1730865600000,9.19,9.465,9.0725,9.2305
1730880000000,9.2305,9.4455,9.0135,9.3425
1730894400000,9.3425,9.379,9.156,9.2415
1730908800000,9.2415,9.364,9.158,9.336
1730923200000,9.336,9.7305,9.303,9.563
1730937600000,9.563,9.849,9.4685,9.7135
1730952000000,9.7135,9.7975,9.4335,9.55
1730966400000,9.55,9.8995,9.5385,9.786
1730980800000,9.786,9.962,9.5115,9.83
1730995200000,9.83,9.8695,9.6115,9.7995
1731009600000,9.7995,9.905,9.657,9.826
1731024000000,9.826,10.1195,9.468,9.552
1731038400000,9.552,9.7855,9.539,9.714
1731052800000,9.714,9.748,9.5555,9.6845
1731067200000,9.6845,9.824,9.594,9.6585
1731081600000,9.6585,9.767,9.426,9.687
1731096000000,9.687,9.799,9.521,9.7215
1731110400000,9.7215,9.8075,9.551,9.571
1731124800000,9.571,9.9855,9.571,9.8675
1731139200000,9.8675,10.05,9.8585,9.9215
1731153600000,9.9215,9.9575,9.6415,9.75
1731168000000,9.75,9.917,9.609,9.862
1731182400000,9.862,10.6035,9.816,10.446
1731196800000,10.446,10.7405,10.202,10.733
1731211200000,10.733,11.385,10.6705,11.0595
1731225600000,11.0595,11.522,11.0255,11.315
1731240000000,11.315,11.352,10.714,10.923
1731254400000,10.923,11.2035,10.8,10.9725
1731268800000,10.9725,11.0575,10.2275,10.9155
1731283200000,10.9155,11.4635,10.8595,11.4165
1731297600000,11.4165,11.435,10.554,10.826
1731312000000,10.826,11.4075,10.679,11.402
1731326400000,11.402,12.1015,11.1145,11.89
1731340800000,11.89,12.6495,11.8365,12.228
1731355200000,12.228,14.153,12.107,13.738
1731369600000,13.738,13.7795,12.38,12.8495
1731384000000,12.8495,13.235,12.638,12.809
1731398400000,12.809,13.235,11.532,12.257
1731412800000,12.257,12.627,11.991,12.486
1731427200000,12.486,12.544,12.133,12.364
1731441600000,12.364,12.564,12.0745,12.373
1731456000000,12.373,12.4855,11.53,11.548
1731470400000,11.548,11.936,11.2215,11.888
1731484800000,11.888,12.387,11.7055,12.2175
1731499200000,12.2175,13.0915,11.6,12.616
1731513600000,12.616,12.6565,11.685,11.755
1731528000000,11.755,11.857,11.386,11.729
1731542400000,11.729,11.7545,11.3435,11.707
1731556800000,11.707,12.3535,11.6065,12.018
1731571200000,12.018,12.0865,11.502,11.715
1731585600000,11.715,11.802,11.0655,11.5255
1731600000000,11.5255,11.66,11.368,11.5445
1731614400000,11.5445,11.56,11.0005,11.2425
1731628800000,11.2425,11.512,11.018,11.477
1731643200000,11.477,11.8245,11.1445,11.685
1731657600000,11.685,12.1365,11.555,12.011
1731672000000,12.011,12.219,11.341,11.508
1731686400000,11.508,11.772,11.4485,11.6145
1731700800000,11.6145,11.9905,11.5765,11.879
1731715200000,11.879,12.536,11.7345,12.5225
1731729600000,12.5225,12.5365,12.105,12.157
1731744000000,12.157,12.7595,12.0725,12.4845
1731758400000,12.4845,12.5465,11.831,11.9515
1731772800000,11.9515,12.541,11.857,12.382
1731787200000,12.382,12.482,12.168,12.3165
1731801600000,12.3165,12.473,11.568,11.9205
1731816000000,11.9205,12.6615,11.719,12.5165
1731830400000,12.5165,12.732,12.277,12.2885
1731844800000,12.2885,12.656,12.0935,12.16
1731859200000,12.16,12.2125,11.6935,11.8045
1731873600000,11.8045,11.91,11.5155,11.791
1731888000000,11.791,12.1655,11.7125,12.14
1731902400000,12.14,12.2515,11.837,12.0995
1731916800000,12.0995,12.1345,11.65,11.7805
1731931200000,11.7805,12.119,11.6165,12.0435
1731945600000,12.0435,12.284,11.5465,11.747
1731960000000,11.747,12.14,11.6845,12.0555
1731974400000,12.0555,12.35,11.8615,11.8825
1731988800000,11.8825,11.9125,11.699,11.72
1732003200000,11.72,11.8285,11.599,11.8085
1732017600000,11.8085,12.028,11.502,11.792
1732032000000,11.792,12.05,11.712,11.8495
1732046400000,11.8495,11.911,11.424,11.8175
1732060800000,11.8175,11.83,11.113,11.2785
1732075200000,11.2785,11.852,11.193,11.796
1732089600000,11.796,13.475,11.791,12.73
1732104000000,12.73,12.7895,11.9705,12.181
1732118400000,12.181,12.2785,11.4545,11.546
1732132800000,11.546,12.191,11.5055,11.786
1732147200000,11.786,11.9335,11.223,11.4245
1732161600000,11.4245,11.8405,11.314,11.615
1732176000000,11.615,11.7745,11.366,11.6245
1732190400000,11.6245,12.3635,11.608,11.982
1732204800000,11.982,12.259,11.927,12.013
1732219200000,12.013,12.1255,11.882,12.081
1732233600000,12.081,12.2785,11.7845,12.075
1732248000000,12.075,12.2415,11.864,11.878
1732262400000,11.878,12.077,11.61,12.0325
1732276800000,12.0325,12.16,11.65,12.02
1732291200000,12.02,12.1445,11.7975,12.011
1732305600000,12.011,12.519,11.9365,12.49
1732320000000,12.49,12.774,12.3125,12.5815
1732334400000,12.5815,12.918,12.503,12.8355
1732348800000,12.8355,12.9,12.453,12.6075
1732363200000,12.6075,13.243,12.562,13.0625
1732377600000,13.0625,13.194,12.307,12.8085
1732392000000,12.8085,13.0805,12.344,12.755
1732406400000,12.755,13.373,12.66,13.33
1732420800000,13.33,13.389,12.776,12.956
1732435200000,12.956,13.0035,11.9855,12.0145
1732449600000,12.0145,12.1415,11.541,11.682
1732464000000,11.682,12.1205,11.608,11.9895
1732478400000,11.9895,12.5575,11.947,12.53
1732492800000,12.53,12.568,11.8555,12.2865
1732507200000,12.2865,12.551,12.257,12.4835
1732521600000,12.4835,12.857,12.401,12.647
1732536000000,12.647,12.833,11.93,12.6245
1732550400000,12.6245,12.7895,11.9275,12.115
1732564800000,12.115,12.291,11.68,11.8365
1732579200000,11.8365,12.1285,11.7215,11.9915
1732593600000,11.9915,12.082,11.7045,11.7695
1732608000000,11.7695,11.7775,10.924,11.2725
1732622400000,11.2725,11.725,11.153,11.421
1732636800000,11.421,11.8225,11.3515,11.6515
1732651200000,11.6515,12.036,11.6095,12.008
1732665600000,12.008,12.1155,11.7435,11.9365
1732680000000,11.9365,12.1125,11.7835,12.05
1732694400000,12.05,12.3075,11.96,12.2135
1732708800000,12.2135,12.4185,12.0235,12.353
1732723200000,12.353,12.5135,12.2155,12.4755
1732737600000,12.4755,12.744,12.4405,12.671
1732752000000,12.671,13.0125,12.556,12.9535
1732766400000,12.9535,13.069,12.567,12.618
1732780800000,12.618,12.787,12.3505,12.535
1732795200000,12.535,12.6525,12.2395,12.2655
1732809600000,12.2655,12.783,12.2605,12.6885
1732824000000,12.6885,12.9855,12.5125,12.7855
1732838400000,12.7855,12.9275,12.65,12.768
1732852800000,12.768,12.866,12.5685,12.63
1732867200000,12.63,13.2555,12.628,13.195
1732881600000,13.195,13.2815,12.927,13.017
1732896000000,13.017,13.191,12.888,13.146
1732910400000,13.146,13.364,13.0875,13.296
1732924800000,13.296,13.499,13.101,13.2095
1732939200000,13.2095,13.262,12.991,13.139
1732953600000,13.139,13.236,12.823,12.951
1732968000000,12.951,13.305,12.9505,13.267
1732982400000,13.267,13.689,13.2655,13.477
1732996800000,13.477,13.558,13.3185,13.4025
1733011200000,13.4025,13.5485,12.904,13.066
1733025600000,13.066,13.4285,13.0315,13.3785
1733040000000,13.3785,13.5085,13.273,13.4705
1733054400000,13.4705,13.9275,13.407,13.792
1733068800000,13.792,13.831,13.441,13.512
1733083200000,13.512,13.559,13.271,13.472
1733097600000,13.472,13.646,12.7625,12.8645
1733112000000,12.8645,13.205,12.666,13.014
1733126400000,13.014,13.0525,12.293,12.4885
1733140800000,12.4885,13.175,12.422,13.098
1733155200000,13.098,13.1505,12.4755,12.8355
1733169600000,12.8355,13.815,12.8035,13.738
1733184000000,13.738,14.378,13.6815,13.978
1733198400000,13.978,14.385,13.7815,14.192
1733212800000,14.192,14.497,13.951,14.276
1733227200000,14.276,14.6775,13.0375,13.95
1733241600000,13.95,14.129,13.5305,13.9815
1733256000000,13.9815,14.7665,13.9465,14.526
1733270400000,14.526,14.649,14.0845,14.3795
1733284800000,14.3795,14.6035,14.129,14.5305
1733299200000,14.5305,14.8835,14.411,14.775
1733313600000,14.775,14.8135,14.254,14.514
1733328000000,14.514,14.6155,13.681,14.5175
1733342400000,14.5175,14.752,13.863,14.15
1733356800000,14.15,14.1925,13.065,13.515
1733371200000,13.515,14.1895,13.468,14.07
1733385600000,14.07,14.1995,13.892,14.122
1733400000000,14.122,14.4555,14.006,14.256
1733414400000,14.256,14.3615,13.778,13.8305
1733428800000,13.8305,13.953,13.235,13.644
1733443200000,13.644,14.236,13.475,14.132
1733457600000,14.132,14.3995,14.0455,14.39
1733472000000,14.39,14.486,13.801,14.3605
1733486400000,14.3605,14.6045,13.7375,14.524
1733500800000,14.524,14.6645,14.42,14.593
1733515200000,14.593,14.786,14.447,14.6925
1733529600000,14.6925,15.3375,14.4245,15.1365
1733544000000,15.1365,15.2505,14.8625,14.9965
1733558400000,14.9965,15.1215,14.8465,14.9735
1733572800000,14.9735,15.047,14.692,14.7795
1733587200000,14.7795,14.79,14.475,14.5435
1733601600000,14.5435,14.727,14.5345,14.5815
1733616000000,14.5815,14.657,14.4175,14.5445
1733630400000,14.5445,14.6,14.2265,14.495
1733644800000,14.495,14.509,14.066,14.2955
1733659200000,14.2955,14.5725,14.1585,14.527
1733673600000,14.527,14.5715,14.203,14.295
1733688000000,14.295,14.579,14.18,14.529
1733702400000,14.529,14.5335,13.803,13.959
1733716800000,13.959,14.12,13.64,13.8555
1733731200000,13.8555,13.856,13.1565,13.1955
1733745600000,13.1955,13.68,13.091,13.2925
1733760000000,13.2925,13.407,13.138,13.175
1733774400000,13.175,13.2015,10.3115,11.9395
1733788800000,11.9395,12.186,11.046,11.4935
1733803200000,11.4935,11.878,11.2455,11.797
1733817600000,11.797,11.9985,11.6035,11.752
1733832000000,11.752,11.7815,10.9765,11.0035
1733846400000,11.0035,11.3275,10.6445,11.315
1733860800000,11.315,11.699,11.2515,11.6235
1733875200000,11.6235,11.681,11.1585,11.577
1733889600000,11.577,11.68,11.4645,11.4765
1733904000000,11.4765,11.95,11.469,11.8445
1733918400000,11.8445,12.6495,11.839,12.6045
1733932800000,12.6045,12.943,12.5665,12.8595
1733947200000,12.8595,12.9615,12.7575,12.8805
1733961600000,12.8805,14.137,12.849,13.92
1733976000000,13.92,13.9725,13.715,13.9335
1733990400000,13.9335,14.109,13.572,13.7085
1734004800000,13.7085,13.82,13.4445,13.681
1734019200000,13.681,13.9755,13.393,13.4835
1734033600000,13.4835,13.75,13.4185,13.67
1734048000000,13.67,13.9765,13.4885,13.9095
1734062400000,13.9095,13.9345,13.3965,13.731
1734076800000,13.731,14.4885,13.6475,14.423
1734091200000,14.423,14.554,13.994,14.2365
1734105600000,14.2365,14.3495,13.948,14.071
1734120000000,14.071,14.3,14.019,14.219
1734134400000,14.219,14.715,14.176,14.269
1734148800000,14.269,14.287,14.013,14.128
1734163200000,14.128,14.198,13.9165,13.9405
1734177600000,13.9405,13.9715,13.4675,13.6305
1734192000000,13.6305,13.654,13.1485,13.29
1734206400000,13.29,13.473,13.146,13.4165
1734220800000,13.4165,13.5005,13.186,13.2465
1734235200000,13.2465,13.464,13.038,13.136
1734249600000,13.136,13.422,13.1065,13.3
1734264000000,13.3,13.7645,13.2465,13.5845
1734278400000,13.5845,13.662,13.38,13.507
1734292800000,13.507,13.7595,13.1715,13.6615
1734307200000,13.6615,14.2415,13.5615,13.646
1734321600000,13.646,13.907,13.557,13.8415
1734336000000,13.8415,13.877,13.2165,13.2475
1734350400000,13.2475,13.807,13.235,13.686
1734364800000,13.686,14.15,13.5895,14.049
1734379200000,14.049,14.1925,13.8615,13.9205
1734393600000,13.9205,14.2,13.493,14.168
1734408000000,14.168,14.377,13.9155,14.0955
1734422400000,14.0955,14.1825,13.834,13.902
1734436800000,13.902,13.939,13.1625,13.251
1734451200000,13.251,13.4585,13.013,13.187
1734465600000,13.187,13.413,12.7,12.925
1734480000000,12.925,12.9835,12.675,12.827
1734494400000,12.827,12.841,12.4525,12.569
1734508800000,12.569,12.963,12.5025,12.931
1734523200000,12.931,12.952,12.592,12.821
1734537600000,12.821,12.9725,12.4265,12.431
1734552000000,12.431,12.5195,11.542,11.823
1734566400000,11.823,12.081,11.2425,12.0535
1734580800000,12.0535,12.1025,11.863,11.9655
1734595200000,11.9655,12.5875,11.843,12.537
1734609600000,12.537,12.7445,12.1135,12.3335
1734624000000,12.3335,12.476,11.2815,11.657
1734638400000,11.657,11.859,11.205,11.369
1734652800000,11.369,11.908,11.1455,11.731
1734667200000,11.731,11.7895,11.1955,11.3895
1734681600000,11.3895,11.3955,9.942,9.9625
1734696000000,9.9625,10.792,9.957,10.6345
1734710400000,10.6345,10.896,10.505,10.7975
1734724800000,10.7975,10.94,10.4575,10.8605
1734739200000,10.8605,10.864,10.024,10.242
1734753600000,10.242,11.237,10.218,11.0795
1734768000000,11.0795,11.1135,10.467,10.613
1734782400000,10.613,10.6165,9.721,9.9085
1734796800000,9.9085,9.916,9.254,9.497
1734811200000,9.497,9.6125,9.2635,9.523
1734825600000,9.523,9.5835,9.179,9.3605
1734840000000,9.3605,9.454,9.0375,9.432
1734854400000,9.432,9.671,9.3925,9.4985
1734868800000,9.4985,9.56,9.156,9.2345
1734883200000,9.2345,9.4485,9.072,9.107
1734897600000,9.107,9.3825,8.969,9.2195
1734912000000,9.2195,9.4445,8.867,9.406
1734926400000,9.406,9.4565,9.004,9.085
1734940800000,9.085,9.3745,9.0405,9.176
1734955200000,9.176,9.289,8.9725,8.9955
1734969600000,8.9955,9.4725,8.983,9.3675
1734984000000,9.3675,9.8295,9.364,9.6945
1734998400000,9.6945,9.6945,9.2815,9.466
1735012800000,9.466,9.6005,9.3595,9.4055
1735027200000,9.4055,9.46,9.2625,9.433
1735041600000,9.433,9.9395,9.3505,9.8355
1735056000000,9.8355,9.9015,9.6115,9.626
1735070400000,9.626,9.8415,9.501,9.8085
1735084800000,9.8085,9.911,9.709,9.732
1735099200000,9.732,9.883,9.6065,9.6245
1735113600000,9.6245,9.863,9.502,9.533
1735128000000,9.533,9.791,9.4675,9.629
1735142400000,9.629,9.6895,9.471,9.652
1735156800000,9.652,9.6945,9.4705,9.549
1735171200000,9.549,9.6595,9.311,9.34
1735185600000,9.34,9.34,9.175,9.211
1735200000000,9.211,9.2345,8.9205,8.963
1735214400000,8.963,9.0255,8.848,8.927
1735228800000,8.927,9.09,8.8655,8.9505
1735243200000,8.9505,8.9605,8.736,8.8145
1735257600000,8.8145,9.0485,8.727,8.983
1735272000000,8.983,9.1,8.817,8.909
1735286400000,8.909,9.3065,8.9085,9.154
1735300800000,9.154,9.172,8.7005,8.75
1735315200000,8.75,8.968,8.65,8.8205
1735329600000,8.8205,8.83,8.65,8.737
1735344000000,8.737,8.771,8.6115,8.737
1735358400000,8.737,8.796,8.662,8.67
1735372800000,8.67,9.0225,8.6665,8.993
1735387200000,8.993,9.146,8.9005,9.0195
1735401600000,9.0195,9.182,9.003,9.113
1735416000000,9.113,9.2685,9.0715,9.187
1735430400000,9.187,9.194,9.0835,9.1685
1735444800000,9.1685,9.223,9.073,9.217
1735459200000,9.217,9.231,9.06,9.07
1735473600000,9.07,9.163,8.983,9.0935
1735488000000,9.0935,9.1,8.9205,8.9415
1735502400000,8.9415,9.0005,8.787,8.8735
1735516800000,8.8735,9.232,8.8285,9.1195
1735531200000,9.1195,9.3175,9.04,9.155
1735545600000,9.155,9.2425,8.9065,9.009
1735560000000,9.009,9.12,8.709,8.76
1735574400000,8.76,9.105,8.6645,9.0835
1735588800000,9.0835,9.136,8.7405,8.8725
1735603200000,8.8725,8.8835,8.6805,8.7275
1735617600000,8.7275,8.805,8.6435,8.707
1735632000000,8.707,8.9835,8.707,8.8365
1735646400000,8.8365,9.042,8.79,8.922
1735660800000,8.922,8.9565,8.655,8.773
1735675200000,8.773,8.811,8.675,8.71
1735689600000,8.71,8.8,8.6645,8.7075
1735704000000,8.7075,8.7285,8.664,8.6755
1735718400000,8.6755,8.6985,8.4115,8.5285
1735732800000,8.5285,8.814,8.526,8.8065
1735747200000,8.8065,8.9495,8.708,8.9025
1735761600000,8.9025,9.0355,8.9025,9.02
1735776000000,9.02,9.191,9.006,9.163
1735790400000,9.163,9.29,9.109,9.2185
1735804800000,9.2185,9.4225,9.1625,9.355
1735819200000,9.355,9.439,9.215,9.2675
1735833600000,9.2675,9.365,9.2045,9.2525
1735848000000,9.2525,9.3235,9.1625,9.2895
1735862400000,9.2895,9.352,9.1655,9.321
1735876800000,9.321,9.3225,9.1505,9.1805
1735891200000,9.1805,9.488,9.179,9.4865
1735905600000,9.4865,9.7725,9.445,9.7535
1735920000000,9.7535,9.8795,9.707,9.868
1735934400000,9.868,9.8735,9.6965,9.805
1735948800000,9.805,9.822,9.6365,9.749
1735963200000,9.749,9.9685,9.6825,9.82
1735977600000,9.82,9.82,9.632,9.798
1735992000000,9.798,9.993,9.686,9.715
1736006400000,9.715,9.8815,9.68,9.879
1736020800000,9.879,10.0785,9.854,9.99
1736035200000,9.99,10.0325,9.818,9.88
1736049600000,9.88,9.983,9.8395,9.8875
1736064000000,9.8875,9.9085,9.7305,9.841
1736078400000,9.841,9.921,9.715,9.871
1736092800000,9.871,9.9955,9.822,9.992
1736107200000,9.992,10.169,9.9365,10.086
1736121600000,10.086,10.133,9.8435,10.1165
1736136000000,10.1165,10.146,9.902,9.945
1736150400000,9.945,9.9825,9.7855,9.956
1736164800000,9.956,10.197,9.843,10.174
1736179200000,10.174,10.333,9.967,10.105
1736193600000,10.105,10.173,9.9915,10.1715
1736208000000,10.1715,10.3425,10.1135,10.2545
1736222400000,10.2545,10.479,10.1285,10.3025
1736236800000,10.3025,10.4785,10.223,10.427
1736251200000,10.427,10.6495,9.85,9.9715
1736265600000,9.9715,10.0615,9.6125,9.692
1736280000000,9.692,9.772,9.506,9.6455
1736294400000,9.6455,9.708,9.3385,9.426
1736308800000,9.426,9.484,9.007,9.196
1736323200000,9.196,9.414,9.151,9.191
1736337600000,9.191,9.272,9.0135,9.0915
1736352000000,9.0915,9.1165,8.6265,8.9225
1736366400000,8.9225,9.0765,8.8145,9.0075
1736380800000,9.0075,9.1265,8.902,8.916
1736395200000,8.916,8.9615,8.631,8.663
1736409600000,8.663,8.883,8.6405,8.7935
1736424000000,8.7935,8.924,8.5045,8.853
1736438400000,8.853,8.92,8.5345,8.554
1736452800000,8.554,8.682,8.442,8.64
1736467200000,8.64,8.7955,8.6375,8.721
1736481600000,8.721,9.0115,8.6865,8.9845
1736496000000,8.9845,9.2055,8.9555,9.088
1736510400000,9.088,9.171,8.802,9.016
1736524800000,9.016,9.236,8.8215,9.2075
1736539200000,9.2075,9.241,9.076,9.133
1736553600000,9.133,9.224,8.8935,8.9265
1736568000000,8.9265,8.9895,8.86,8.909
1736582400000,8.909,9.017,8.8365,9.0
1736596800000,9.0,9.065,8.869,9.0045
1736611200000,9.0045,9.112,8.957,8.9945
1736625600000,8.9945,9.2605,8.9825,9.1185
1736640000000,9.1185,9.155,8.9485,9.0035
1736654400000,9.0035,9.046,8.89,8.952
1736668800000,8.952,8.9715,8.8295,8.937
1736683200000,8.937,9.111,8.885,9.065
1736697600000,9.065,9.093,8.9825,9.018
1736712000000,9.018,9.0485,8.7115,8.826
1736726400000,8.826,9.0815,8.508,8.5445
1736740800000,8.5445,8.706,8.3655,8.462
1736755200000,8.462,8.4695,8.116,8.1275
1736769600000,8.1275,8.368,7.88,8.2505
1736784000000,8.2505,8.284,7.977,8.098
1736798400000,8.098,8.501,8.0165,8.4685
1736812800000,8.4685,8.5575,8.4015,8.5105
1736827200000,8.5105,8.6465,8.5025,8.5435
1736841600000,8.5435,8.9355,8.5435,8.8105
1736856000000,8.8105,8.84,8.6685,8.718
1736870400000,8.718,8.899,8.6355,8.8345
1736884800000,8.8345,9.112,8.772,9.0125
1736899200000,9.0125,9.0805,8.8975,9.043
1736913600000,9.043,9.081,8.9365,9.0425
1736928000000,9.0425,9.092,8.7305,8.8075
1736942400000,8.8075,9.4045,8.75,9.304
1736956800000,9.304,9.3735,9.131,9.3175
1736971200000,9.3175,9.5195,9.2645,9.4665
1736985600000,9.4665,9.496,9.222,9.3485
1737000000000,9.3485,9.395,9.2875,9.3085
1737014400000,9.3085,9.3395,9.114,9.3245
1737028800000,9.3245,9.505,9.0205,9.2755
1737043200000,9.2755,9.446,9.269,9.43
1737057600000,9.43,9.4765,9.152,9.2315
1737072000000,9.2315,9.613,9.2315,9.551
1737086400000,9.551,9.66,9.4535,9.4705
1737100800000,9.4705,9.7385,9.4465,9.671
1737115200000,9.671,9.727,9.532,9.691
1737129600000,9.691,9.7665,9.5615,9.653
1737144000000,9.653,9.8375,9.616,9.7515
1737158400000,9.7515,9.869,9.4525,9.4875
1737172800000,9.4875,9.5415,9.133,9.183
1737187200000,9.183,9.292,9.0525,9.271
1737201600000,9.271,9.3845,9.1245,9.282
1737216000000,9.282,9.3635,9.0935,9.2725
1737230400000,9.2725,9.3485,9.115,9.321
1737244800000,9.321,9.5095,9.3015,9.348
1737259200000,9.348,9.5385,9.216,9.281
1737273600000,9.281,9.2825,8.6675,8.7385
1737288000000,8.7385,9.481,8.7215,9.342
1737302400000,9.342,9.5615,9.278,9.476
1737316800000,9.476,9.5155,8.384,8.5
1737331200000,8.5,8.5835,8.2065,8.406
1737345600000,8.406,9.2765,8.3285,9.042
1737360000000,9.042,9.135,8.7955,8.9005
1737374400000,8.9005,8.9095,8.528,8.7575
1737388800000,8.7575,8.8535,8.2825,8.623
1737403200000,8.623,8.662,8.3745,8.547
1737417600000,8.547,8.5845,8.282,8.358
1737432000000,8.358,8.3585,8.1525,8.248
1737446400000,8.248,8.478,8.1185,8.46
1737460800000,8.46,8.572,8.347,8.477
1737475200000,8.477,8.876,8.4565,8.7825
1737489600000,8.7825,8.8495,8.6745,8.7405
1737504000000,8.7405,8.967,8.716,8.8695
1737518400000,8.8695,8.91,8.6295,8.6365
1737532800000,8.6365,8.747,8.5545,8.7275
1737547200000,8.7275,8.7535,8.508,8.56
1737561600000,8.56,8.6705,8.498,8.5605
1737576000000,8.5605,8.6325,8.444,8.4985
1737590400000,8.4985,8.5055,8.2735,8.3665
1737604800000,8.3665,8.3895,8.2505,8.376
1737619200000,8.376,8.388,8.204,8.2915
1737633600000,8.2915,8.5255,8.182,8.449
1737648000000,8.449,8.58,8.1745,8.1975
1737662400000,8.1975,8.4295,8.0785,8.3325
1737676800000,8.3325,8.368,7.9855,8.0945
1737691200000,8.0945,8.464,8.051,8.334
1737705600000,8.334,8.543,8.3015,8.504
1737720000000,8.504,8.5745,8.419,8.5075
1737734400000,8.5075,8.569,8.382,8.4025
1737748800000,8.4025,8.444,8.145,8.2055
1737763200000,8.2055,8.2215,8.039,8.1735
1737777600000,8.1735,8.176,8.036,8.0965
1737792000000,8.0965,8.173,8.0465,8.1485
1737806400000,8.1485,8.2215,8.0535,8.178
1737820800000,8.178,8.2545,8.116,8.1985
1737835200000,8.1985,8.262,8.082,8.0955
1737849600000,8.0955,8.2775,8.0725,8.2305
1737864000000,8.2305,8.436,8.2205,8.308
1737878400000,8.308,8.351,8.122,8.2075
1737892800000,8.2075,8.226,8.16,8.1875
1737907200000,8.1875,8.275,8.1505,8.2335
1737921600000,8.2335,8.244,7.8015,7.816
1737936000000,7.816,7.8205,7.317,7.4075
1737950400000,7.4075,7.4175,6.851,7.0885
1737964800000,7.0885,7.17,6.9115,7.085
1737979200000,7.085,7.487,7.064,7.446
1737993600000,7.446,7.473,7.201,7.3175
1738008000000,7.3175,7.762,7.316,7.6205
1738022400000,7.6205,7.708,7.502,7.6435
1738036800000,7.6435,7.756,7.6365,7.658
1738051200000,7.658,7.678,7.585,7.624
1738065600000,7.624,7.696,7.486,7.5905
1738080000000,7.5905,7.598,7.391,7.445
1738094400000,7.445,7.4675,7.1245,7.209
1738108800000,7.209,7.3965,7.152,7.3535
1738123200000,7.3535,7.53,7.33,7.497
1738137600000,7.497,7.5275,7.369,7.437
1738152000000,7.437,7.5085,7.2315,7.296
1738166400000,7.296,7.5455,7.176,7.451
1738180800000,7.451,7.6735,7.3565,7.4255
1738195200000,7.4255,7.634,7.355,7.6135
1738209600000,7.6135,7.638,7.5115,7.579
1738224000000,7.579,7.694,7.515,7.688
1738238400000,7.688,7.908,7.6295,7.8465
1738252800000,7.8465,8.0145,7.8255,7.8925
1738267200000,7.8925,7.959,7.8135,7.8325
1738281600000,7.8325,7.924,7.682,7.739
1738296000000,7.739,8.086,7.666,7.9745
1738310400000,7.9745,8.219,7.8375,8.118
1738324800000,8.118,8.401,8.0725,8.3865
1738339200000,8.3865,8.3885,7.8945,7.924
1738353600000,7.924,7.9335,7.7775,7.809
1738368000000,7.809,7.8545,7.6955,7.72
1738382400000,7.72,7.7405,7.606,7.616
1738396800000,7.616,7.6375,7.3425,7.4135
1738411200000,7.4135,7.496,7.3285,7.42
1738425600000,7.42,7.448,7.1995,7.23
1738440000000,7.23,7.28,7.006,7.0485
1738454400000,7.0485,7.1885,6.8525,6.873
1738468800000,6.873,7.1005,6.8615,6.9685
1738483200000,6.9685,7.1105,6.8735,6.905
1738497600000,6.905,7.0465,6.8405,6.9185
1738512000000,6.9185,6.922,6.225,6.425
1738526400000,6.425,6.4595,5.8195,6.149
1738540800000,6.149,6.159,4.5525,5.1645
1738555200000,5.1645,5.831,5.0705,5.7755
1738569600000,5.7755,5.929,5.5485,5.742
1738584000000,5.742,6.201,5.5685,6.124
1738598400000,6.124,6.34,6.048,6.33
1738612800000,6.33,6.5055,6.18,6.4955
1738627200000,6.4955,6.5715,6.246,6.2595
1738641600000,6.2595,6.2955,5.84,5.8615
1738656000000,5.8615,6.1665,5.8275,6.074
1738670400000,6.074,6.331,6.074,6.1695
1738684800000,6.1695,6.3705,6.0935,6.094
1738699200000,6.094,6.159,5.825,6.0765
1738713600000,6.0765,6.1715,6.006,6.127
1738728000000,6.127,6.2325,6.054,6.11
1738742400000,6.11,6.26,6.08,6.2365
1738756800000,6.2365,6.2665,6.0845,6.1385
1738771200000,6.1385,6.156,5.8735,6.0505
1738785600000,6.0505,6.084,5.8685,5.9645
1738800000000,5.9645,6.05,5.8895,6.0105
1738814400000,6.0105,6.148,5.9925,6.0465
1738828800000,6.0465,6.1285,5.965,6.012
1738843200000,6.012,6.032,5.703,5.7595
1738857600000,5.7595,5.849,5.6665,5.7185
1738872000000,5.7185,5.832,5.6755,5.725
1738886400000,5.725,6.0195,5.718,5.9175
1738900800000,5.9175,5.939,5.703,5.706
1738915200000,5.706,5.9225,5.6785,5.888
1738929600000,5.888,6.2425,5.825,6.014
1738944000000,6.014,6.0355,5.7845,5.788
1738958400000,5.788,5.7965,5.5235,5.706
1738972800000,5.706,5.769,5.63,5.6425
1738987200000,5.6425,5.6515,5.5055,5.591
1739001600000,5.591,5.659,5.531,5.5915
1739016000000,5.5915,5.7575,5.5355,5.667
1739030400000,5.667,5.8485,5.615,5.8275
1739044800000,5.8275,5.8885,5.779,5.838
1739059200000,5.838,5.9785,5.7665,5.967
1739073600000,5.967,5.967,5.845,5.8915
1739088000000,5.8915,5.947,5.874,5.877
1739102400000,5.877,5.912,5.7415,5.901
1739116800000,5.901,5.958,5.8065,5.827
1739131200000,5.827,5.921,5.5915,5.899
1739145600000,5.899,6.1005,5.664,5.9175
1739160000000,5.9175,6.1335,5.896,6.0655
1739174400000,6.0655,6.36,6.057,6.209
1739188800000,6.209,6.389,6.0845,6.2095
1739203200000,6.2095,6.2935,6.1675,6.193
1739217600000,6.193,6.241,6.1215,6.186
1739232000000,6.186,6.3755,6.177,6.2895
1739246400000,6.2895,6.3965,6.1465,6.323
1739260800000,6.323,6.361,6.099,6.1425
1739275200000,6.1425,6.1525,5.8375,5.957
1739289600000,5.957,6.021,5.801,5.8175
1739304000000,5.8175,5.9355,5.801,5.8825
1739318400000,5.8825,5.9825,5.8285,5.881
1739332800000,5.881,5.941,5.8255,5.901
1739347200000,5.901,6.0455,5.884,6.0055
1739361600000,6.0055,6.13,5.733,5.906
1739376000000,5.906,6.136,5.8305,6.007
1739390400000,6.007,6.2415,5.9755,6.1485
1739404800000,6.1485,6.2965,6.0985,6.259
1739419200000,6.259,6.2705,6.0665,6.08
1739433600000,6.08,6.2115,6.0675,6.1675
1739448000000,6.1675,6.19,5.94,6.0585
1739462400000,6.0585,6.144,5.9645,6.06
1739476800000,6.06,6.198,6.0575,6.132
1739491200000,6.132,6.26,6.077,6.242
1739505600000,6.242,6.247,6.1415,6.189
1739520000000,6.189,6.3145,6.119,6.1555
1739534400000,6.1555,6.269,6.056,6.1475
1739548800000,6.1475,6.2775,6.0435,6.171
1739563200000,6.171,6.198,6.016,6.0995
1739577600000,6.0995,6.1765,6.0165,6.168
1739592000000,6.168,6.257,6.1125,6.1405
1739606400000,6.1405,6.163,6.0305,6.063
1739620800000,6.063,6.141,5.957,5.9825
1739635200000,5.9825,6.1875,5.9605,6.0075
1739649600000,6.0075,6.056,5.971,6.002
1739664000000,6.002,6.0415,5.914,5.9705
1739678400000,5.9705,6.0145,5.867,5.8865
1739692800000,5.8865,5.996,5.8565,5.991
1739707200000,5.991,6.0075,5.8375,5.894
1739721600000,5.894,5.916,5.7595,5.8335
1739736000000,5.8335,5.8585,5.7625,5.8105
1739750400000,5.8105,5.9175,5.8,5.9015
1739764800000,5.9015,5.921,5.755,5.833
1739779200000,5.833,6.1155,5.8075,6.028
1739793600000,6.028,6.1535,5.985,5.998
1739808000000,5.998,6.049,5.797,5.915
1739822400000,5.915,6.059,5.869,5.9305
1739836800000,5.9305,5.949,5.8265,5.8835
1739851200000,5.8835,5.928,5.4855,5.545
1739865600000,5.545,5.6305,5.4775,5.587
1739880000000,5.587,5.675,5.408,5.438
1739894400000,5.438,5.5405,5.335,5.511
1739908800000,5.511,5.6375,5.481,5.6275
1739923200000,5.6275,5.859,5.5795,5.8065
1739937600000,5.8065,6.2555,5.7445,6.1795
1739952000000,6.1795,6.503,6.164,6.464
1739966400000,6.464,6.615,6.367,6.4275
1739980800000,6.4275,6.5695,6.3855,6.4215
1739995200000,6.4215,6.492,6.2245,6.319
1740009600000,6.319,6.7725,6.2685,6.717
1740024000000,6.717,7.05,6.5315,6.55
1740038400000,6.55,6.691,6.4505,6.571
1740052800000,6.571,6.5825,6.168,6.1775
1740067200000,6.1775,6.388,6.1305,6.293
1740081600000,6.293,6.3665,6.22,6.318
1740096000000,6.318,6.4315,6.212,6.3505
1740110400000,6.3505,6.445,6.32,6.341
1740124800000,6.341,6.4925,6.3185,6.3495
1740139200000,6.3495,6.432,6.0315,6.159
1740153600000,6.159,6.3075,5.887,5.911
1740168000000,5.911,6.059,5.9025,5.976
1740182400000,5.976,6.035,5.913,5.9545
1740196800000,5.9545,6.1045,5.9425,6.0475
1740211200000,6.0475,6.076,5.9135,6.0515
1740225600000,6.0515,6.1035,5.9935,6.0835
1740240000000,6.0835,6.1575,6.055,6.0615
1740254400000,6.0615,6.087,6.016,6.022
1740268800000,6.022,6.151,5.996,6.0015
1740283200000,6.0015,6.225,5.9535,6.203
1740297600000,6.203,6.23,6.1135,6.139
1740312000000,6.139,6.203,6.0555,6.0695
1740326400000,6.0695,6.1735,6.061,6.0975
1740340800000,6.0975,6.1525,6.043,6.1105
1740355200000,6.1105,6.1475,5.775,5.7905
1740369600000,5.7905,5.856,5.7295,5.8125
1740384000000,5.8125,5.826,5.7045,5.787
1740398400000,5.787,5.8545,5.6255,5.7035
1740412800000,5.7035,5.752,5.533,5.604
1740427200000,5.604,5.7185,5.2655,5.4015
1740441600000,5.4015,5.486,5.2695,5.326
1740456000000,5.326,5.433,5.0245,5.2395
1740470400000,5.2395,5.4535,5.1675,5.421
1740484800000,5.421,5.5445,5.2695,5.481
1740499200000,5.481,5.703,5.4525,5.6955
1740513600000,5.6955,5.7895,5.6255,5.6305
1740528000000,5.6305,5.642,5.5145,5.5785
1740542400000,5.5785,5.685,5.576,5.6385
1740556800000,5.6385,5.748,5.569,5.6455
1740571200000,5.6455,5.7935,5.52,5.7685
1740585600000,5.7685,5.8525,5.5665,5.6795
1740600000000,5.6795,5.9495,5.667,5.8995
1740614400000,5.8995,6.4895,5.8995,6.2555
1740628800000,6.2555,6.486,6.051,6.1305
1740643200000,6.1305,6.205,6.0855,6.1045
1740657600000,6.1045,6.2975,6.087,6.2275
1740672000000,6.2275,6.25,6.0715,6.094
1740686400000,6.094,6.152,6.0145,6.146
1740700800000,6.146,6.167,5.761,5.776
1740715200000,5.776,5.8295,5.627,5.706
1740729600000,5.706,5.9615,5.621,5.9085
1740744000000,5.9085,6.2775,5.843,6.1915
1740758400000,6.1915,6.473,6.1645,6.3795
1740772800000,6.3795,6.481,6.308,6.454
1740787200000,6.454,6.4965,6.349,6.411
1740801600000,6.411,6.4745,6.358,6.419
1740816000000,6.419,6.606,6.405,6.516
1740830400000,6.516,6.5485,6.302,6.3915
1740844800000,6.3915,6.4515,6.331,6.3675
1740859200000,6.3675,6.4435,6.221,6.302
1740873600000,6.302,6.302,6.2015,6.2225
1740888000000,6.2225,6.2765,6.201,6.211
1740902400000,6.211,6.2935,6.179,6.223
1740916800000,6.223,6.4625,6.1515,6.2965
1740931200000,6.2965,6.8045,6.278,6.649
1740945600000,6.649,6.7525,6.5615,6.7525
1740960000000,6.7525,6.7785,6.3455,6.402
1740974400000,6.402,6.442,6.167,6.3955
1740988800000,6.3955,6.407,6.268,6.3305
1741003200000,6.3305,6.433,6.1895,6.213
1741017600000,6.213,6.2505,5.7545,5.789
1741032000000,5.789,5.8455,5.614,5.729
1741046400000,5.729,5.769,5.327,5.511
1741060800000,5.511,5.543,5.422,5.452
1741075200000,5.452,5.507,5.374,5.4075
1741089600000,5.4075,5.5495,5.224,5.351
1741104000000,5.351,5.5285,5.0325,5.512
1741118400000,5.512,5.5935,5.387,5.4485
1741132800000,5.4485,5.624,5.393,5.4355
1741147200000,5.4355,5.513,5.4165,5.4945
1741161600000,5.4945,5.9895,5.49,5.8285
1741176000000,5.8285,5.9545,5.751,5.8975
1741190400000,5.8975,6.442,5.809,6.35
1741204800000,6.35,6.543,6.1255,6.203
1741219200000,6.203,6.3005,6.105,6.2425
1741233600000,6.2425,6.2845,6.147,6.171
1741248000000,6.171,6.258,6.135,6.2325
1741262400000,6.2325,6.2455,6.017,6.129
1741276800000,6.129,6.146,5.9085,5.957
1741291200000,5.957,6.0795,5.9385,5.993
1741305600000,5.993,6.2025,5.804,6.032
1741320000000,6.032,6.2505,6.0195,6.098
1741334400000,6.098,6.2215,6.0565,6.2005
1741348800000,6.2005,6.347,6.138,6.187
1741363200000,6.187,6.3725,6.056,6.246
1741377600000,6.246,6.379,6.151,6.162
1741392000000,6.162,6.21,6.029,6.0725
1741406400000,6.0725,6.1315,5.9825,5.997
1741420800000,5.997,6.007,5.849,5.859
1741435200000,5.859,5.976,5.82,5.832
1741449600000,5.832,5.987,5.7665,5.978
1741464000000,5.978,5.9805,5.8645,5.947
1741478400000,5.947,5.9915,5.9115,5.918
1741492800000,5.918,6.1405,5.9075,6.048
1741507200000,6.048,6.068,5.9225,5.959
1741521600000,5.959,6.09,5.8745,5.931
1741536000000,5.931,6.025,5.619,5.793
1741550400000,5.793,5.8345,5.573,5.6095
1741564800000,5.6095,5.7445,5.501,5.594
1741579200000,5.594,5.6825,5.508,5.5335
1741593600000,5.5335,5.752,5.363,5.622
1741608000000,5.622,5.6655,5.2855,5.3505
1741622400000,5.3505,5.364,5.0045,5.1945
1741636800000,5.1945,5.2465,5.063,5.19
1741651200000,5.19,5.3115,5.009,5.2175
1741665600000,5.2175,5.453,5.203,5.438
1741680000000,5.438,5.661,5.412,5.517
1741694400000,5.517,5.622,5.329,5.489
1741708800000,5.489,5.613,5.389,5.572
1741723200000,5.572,5.578,5.263,5.305
1741737600000,5.305,5.362,5.087,5.102
1741752000000,5.102,5.184,5.054,5.179
1741766400000,5.179,5.267,5.107,5.181
1741780800000,5.181,5.301,5.004,5.104
1741795200000,5.104,5.154,5.051,5.11
1741809600000,5.11,5.209,5.096,5.198
1741824000000,5.198,5.217,5.1,5.118
1741838400000,5.118,5.141,5.02,5.121
1741852800000,5.121,5.206,5.054,5.174
1741867200000,5.174,5.207,5.026,5.101
1741881600000,5.101,5.132,4.895,4.989
1741896000000,4.989,5.178,4.963,5.146
1741910400000,5.146,5.209,5.118,5.149
1741924800000,5.149,5.167,5.108,5.134
1741939200000,5.134,5.247,5.126,5.215
1741953600000,5.215,5.321,5.134,5.249
1741968000000,5.249,5.326,5.198,5.223
1741982400000,5.223,5.251,5.158,5.205
1741996800000,5.205,5.305,5.177,5.288
1742011200000,5.288,5.355,5.264,5.279
1742025600000,5.279,5.378,5.267,5.303
1742040000000,5.303,5.355,5.285,5.315
1742054400000,5.315,5.372,5.305,5.35
1742068800000,5.35,5.436,5.334,5.344
1742083200000,5.344,5.381,5.284,5.345
1742097600000,5.345,5.386,5.308,5.323
1742112000000,5.323,5.332,5.153,5.167
1742126400000,5.167,5.241,5.126,5.168
1742140800000,5.168,5.274,5.084,5.132
1742155200000,5.132,5.188,5.101,5.14
1742169600000,5.14,5.388,5.14,5.353
1742184000000,5.353,5.388,5.25,5.345
1742198400000,5.345,5.423,5.311,5.367
1742212800000,5.367,5.446,5.336,5.383
1742227200000,5.383,5.445,5.339,5.382
1742241600000,5.382,5.427,5.331,5.343
1742256000000,5.343,5.345,5.219,5.237
1742270400000,5.237,5.332,5.214,5.328
1742284800000,5.328,5.469,5.322,5.368
1742299200000,5.368,5.459,5.301,5.382
1742313600000,5.382,5.399,5.206,5.286
1742328000000,5.286,5.455,5.26,5.426
1742342400000,5.426,5.546,5.355,5.536
1742356800000,5.536,5.565,5.432,5.496
1742371200000,5.496,5.657,5.468,5.604
1742385600000,5.604,5.633,5.502,5.595
1742400000000,5.595,5.609,5.477,5.565
1742414400000,5.565,5.615,5.522,5.599
1742428800000,5.599,5.627,5.477,5.498
1742443200000,5.498,5.522,5.472,5.479
1742457600000,5.479,5.523,5.403,5.42
1742472000000,5.42,5.533,5.404,5.46
1742486400000,5.46,5.545,5.453,5.541
1742500800000,5.541,5.637,5.54,5.624
1742515200000,5.624,5.684,5.544,5.558
1742529600000,5.558,5.625,5.464,5.485
1742544000000,5.485,5.512,5.397,5.491
1742558400000,5.491,5.554,5.444,5.491
1742572800000,5.491,5.634,5.463,5.63
1742587200000,5.63,5.74,5.604,5.614
1742601600000,5.614,5.669,5.584,5.655
1742616000000,5.655,5.72,5.649,5.681
1742630400000,5.681,5.797,5.676,5.761
1742644800000,5.761,5.811,5.706,5.769
1742659200000,5.769,5.813,5.738,5.748
1742673600000,5.748,5.754,5.656,5.672
1742688000000,5.672,5.674,5.62,5.644
1742702400000,5.644,5.659,5.584,5.642
1742716800000,5.642,5.662,5.603,5.618
1742731200000,5.618,5.667,5.603,5.65
1742745600000,5.65,5.695,5.61,5.676
1742760000000,5.676,5.717,5.626,5.71
1742774400000,5.71,5.79,5.607,5.713
1742788800000,5.713,5.927,5.711,5.781
1742803200000,5.781,5.866,5.777,5.833
1742817600000,5.833,5.917,5.789,5.853
1742832000000,5.853,5.925,5.795,5.914
1742846400000,5.914,6.049,5.906,6.028
1742860800000,6.028,6.1,5.898,5.924
1742875200000,5.924,5.994,5.913,5.966
1742889600000,5.966,5.989,5.915,5.962
1742904000000,5.962,5.993,5.818,5.846
1742918400000,5.846,5.908,5.827,5.877
1742932800000,5.877,5.95,5.859,5.91
1742947200000,5.91,5.948,5.849,5.864
1742961600000,5.864,5.984,5.856,5.978
1742976000000,5.978,6.051,5.945,6.03
1742990400000,6.03,6.034,5.816,5.894
1743004800000,5.894,5.914,5.785,5.869
1743019200000,5.869,5.946,5.824,5.942
1743033600000,5.942,6.038,5.909,6.027
1743048000000,6.027,6.077,5.975,5.991
1743062400000,5.991,6.035,5.86,5.871
1743076800000,5.871,5.978,5.823,5.941
1743091200000,5.941,5.968,5.898,5.905
1743105600000,5.905,6.022,5.901,5.956
1743120000000,5.956,5.958,5.843,5.868
1743134400000,5.868,5.879,5.546,5.579
1743148800000,5.579,5.643,5.461,5.506
1743163200000,5.506,5.562,5.424,5.534
1743177600000,5.534,5.575,5.5,5.506
1743192000000,5.506,5.58,5.478,5.544
1743206400000,5.544,5.592,5.452,5.545
1743220800000,5.545,5.547,5.421,5.455
1743235200000,5.455,5.503,5.306,5.337
1743249600000,5.337,5.391,5.289,5.301
1743264000000,5.301,5.312,5.157,5.213
1743278400000,5.213,5.231,5.146,5.224
1743292800000,5.224,5.313,5.16,5.272
1743307200000,5.272,5.316,5.255,5.293
1743321600000,5.293,5.351,5.279,5.312
1743336000000,5.312,5.323,5.224,5.29
1743350400000,5.29,5.404,5.251,5.35
1743364800000,5.35,5.365,5.218,5.294
1743379200000,5.294,5.347,5.202,5.227
1743393600000,5.227,5.281,5.091,5.131
1743408000000,5.131,5.222,5.066,5.193
1743422400000,5.193,5.422,5.163,5.34
1743436800000,5.34,5.365,5.255,5.259
1743451200000,5.259,5.294,5.223,5.262
1743465600000,5.262,5.341,5.247,5.296
1743480000000,5.296,5.332,5.271,5.292
1743494400000,5.292,5.41,5.283,5.342
1743508800000,5.342,5.454,5.263,5.42
1743523200000,5.42,5.442,5.337,5.375
1743537600000,5.375,5.441,5.33,5.399
1743552000000,5.399,5.399,5.202,5.277
1743566400000,5.277,5.303,5.186,5.262
1743580800000,5.262,5.337,5.246,5.3
1743595200000,5.3,5.446,5.225,5.411
1743609600000,5.411,5.449,5.332,5.411
1743624000000,5.411,5.509,5.015,5.094
1743638400000,5.094,5.274,5.078,5.255
1743652800000,5.255,5.324,5.172,5.215
1743667200000,5.215,5.279,5.116,5.138
1743681600000,5.138,5.164,4.953,4.999
1743696000000,4.999,5.057,4.937,5.004
1743710400000,5.004,5.091,4.981,5.055
1743724800000,5.055,5.071,4.952,4.983
1743739200000,4.983,5.077,4.922,5.072
1743753600000,5.072,5.095,4.732,4.779
1743768000000,4.779,4.945,4.733,4.824
1743782400000,4.824,4.898,4.756,4.887
1743796800000,4.887,4.945,4.87,4.903
1743811200000,4.903,4.94,4.828,4.832
1743825600000,4.832,4.901,4.823,4.887
1743840000000,4.887,4.932,4.878,4.891
1743854400000,4.891,4.898,4.778,4.798
1743868800000,4.798,4.831,4.787,4.813
1743883200000,4.813,4.888,4.798,4.881
1743897600000,4.881,4.911,4.829,4.856
1743912000000,4.856,4.86,4.712,4.747
1743926400000,4.747,4.805,4.727,4.763
1743940800000,4.763,4.775,4.618,4.641
1743955200000,4.641,4.65,4.349,4.401
1743969600000,4.401,4.431,4.238,4.344
1743984000000,4.344,4.433,4.125,4.223
1743998400000,4.223,4.278,3.887,4.01
1744012800000,4.01,4.282,3.987,4.191
1744027200000,4.191,4.565,4.144,4.333
1744041600000,4.333,4.481,4.313,4.394
1744056000000,4.394,4.5,4.394,4.409
1744070400000,4.409,4.566,4.363,4.48
1744084800000,4.48,4.514,4.371,4.401
1744099200000,4.401,4.68,4.385,4.674
1744113600000,4.674,4.711,4.553,4.557
1744128000000,4.557,4.561,4.313,4.342
1744142400000,4.342,4.405,4.304,4.353
1744156800000,4.353,4.406,4.174,4.306
1744171200000,4.306,4.423,4.295,4.387
1744185600000,4.387,4.413,4.231,4.247
1744200000000,4.247,4.402,4.219,4.357
1744214400000,4.357,4.79,4.348,4.779
1744228800000,4.779,4.828,4.714,4.729
1744243200000,4.729,4.732,4.584,4.626
1744257600000,4.626,4.659,4.568,4.586
1744272000000,4.586,4.615,4.522,4.556
1744286400000,4.556,4.634,4.434,4.463
1744300800000,4.463,4.593,4.444,4.566
1744315200000,4.566,4.629,4.565,4.608
1744329600000,4.608,4.762,4.608,4.73
1744344000000,4.73,4.752,4.704,4.721
1744358400000,4.721,4.786,4.688,4.744
1744372800000,4.744,4.83,4.715,4.801
1744387200000,4.801,4.866,4.764,4.815
1744401600000,4.815,4.836,4.781,4.785
1744416000000,4.785,4.796,4.746,4.789
1744430400000,4.789,4.856,4.761,4.839
1744444800000,4.839,4.889,4.834,4.854
1744459200000,4.854,4.99,4.824,4.956
1744473600000,4.956,4.982,4.91,4.92
1744488000000,4.92,4.988,4.91,4.962
1744502400000,4.962,5.006,4.915,4.957
1744516800000,4.957,4.964,4.898,4.908
1744531200000,4.908,5.197,4.886,5.003
1744545600000,5.003,5.041,4.902,4.934
1744560000000,4.934,5.053,4.814,4.881
1744574400000,4.881,4.915,4.749,4.82
1744588800000,4.82,4.988,4.805,4.905
1744603200000,4.905,4.977,4.804,4.851
1744617600000,4.851,4.996,4.826,4.957
1744632000000,4.957,4.994,4.804,4.817
1744646400000,4.817,4.892,4.769,4.87
1744660800000,4.87,4.898,4.781,4.807
1744675200000,4.807,4.826,4.729,4.801
1744689600000,4.801,4.809,4.638,4.734
1744704000000,4.734,4.772,4.682,4.701
1744718400000,4.701,4.776,4.62,4.683
1744732800000,4.683,4.707,4.608,4.664
1744747200000,4.664,4.693,4.606,4.619
1744761600000,4.619,4.7,4.581,4.684
1744776000000,4.684,4.729,4.64,4.7
1744790400000,4.7,4.702,4.558,4.624
1744804800000,4.624,4.717,4.539,4.644
1744819200000,4.644,4.701,4.487,4.661
1744833600000,4.661,4.699,4.596,4.618
1744848000000,4.618,4.668,4.605,4.632
1744862400000,4.632,4.725,4.618,4.694
1744876800000,4.694,4.694,4.602,4.604
1744891200000,4.604,4.635,4.511,4.58
1744905600000,4.58,4.686,4.56,4.611
1744920000000,4.611,4.656,4.577,4.589
1744934400000,4.589,4.616,4.547,4.574
1744948800000,4.574,4.629,4.561,4.624
1744963200000,4.624,4.709,4.613,4.705
1744977600000,4.705,4.802,4.664,4.715
1744992000000,4.715,4.763,4.708,4.74
1745006400000,4.74,4.747,4.671,4.693
1745020800000,4.693,4.757,4.682,4.733
1745035200000,4.733,4.761,4.633,4.754
1745049600000,4.754,4.824,4.754,4.81
1745064000000,4.81,4.854,4.791,4.845
1745078400000,4.845,4.935,4.824,4.897
1745092800000,4.897,4.958,4.895,4.915
1745107200000,4.915,4.937,4.892,4.913
1745121600000,4.913,4.946,4.855,4.893
1745136000000,4.893,4.942,4.87,4.928
1745150400000,4.928,5.023,4.901,4.964
1745164800000,4.964,5.077,4.956,5.041
1745179200000,5.041,5.075,5.015,5.067
1745193600000,5.067,5.178,5.062,5.123
1745208000000,5.123,5.19,5.094,5.186
1745222400000,5.186,5.24,5.128,5.154
1745236800000,5.154,5.202,4.987,5.059
1745251200000,5.059,5.081,4.958,5.011
1745265600000,5.011,5.017,4.903,4.915
1745280000000,4.915,4.961,4.837,4.869
1745294400000,4.869,4.883,4.76,4.866
1745308800000,4.866,4.959,4.827,4.939
1745323200000,4.939,5.188,4.93,5.11
1745337600000,5.11,5.136,5.061,5.122
1745352000000,5.122,5.303,5.094,5.263
1745366400000,5.263,5.341,5.22,5.282
1745380800000,5.282,5.354,5.245,5.32
1745395200000,5.32,5.391,5.301,5.355
1745409600000,5.355,5.397,5.205,5.322
1745424000000,5.322,5.385,5.276,5.33
1745438400000,5.33,5.401,5.318,5.35
1745452800000,5.35,5.488,5.258,5.271
1745467200000,5.271,5.332,5.226,5.25
1745481600000,5.25,5.291,5.16,5.285
1745496000000,5.285,5.605,5.257,5.496
1745510400000,5.496,5.543,5.382,5.458
1745524800000,5.458,5.511,5.415,5.493
1745539200000,5.493,5.556,5.334,5.457
1745553600000,5.457,5.637,5.418,5.569
1745568000000,5.569,5.613,5.521,5.578
1745582400000,5.578,5.608,5.474,5.508
1745596800000,5.508,5.573,5.465,5.52
1745611200000,5.52,5.58,5.502,5.542
1745625600000,5.542,5.643,5.542,5.563
1745640000000,5.563,5.654,5.508,5.574
1745654400000,5.574,5.682,5.489,5.564
1745668800000,5.564,5.612,5.491,5.593
1745683200000,5.593,5.639,5.537,5.613
1745697600000,5.613,5.644,5.582,5.614
1745712000000,5.614,5.658,5.47,5.534
1745726400000,5.534,5.55,5.428,5.508
1745740800000,5.508,5.564,5.492,5.552
1745755200000,5.552,5.56,5.365,5.395
1745769600000,5.395,5.45,5.308,5.449
1745784000000,5.449,5.464,5.356,5.367
1745798400000,5.367,5.465,5.239,5.442
1745812800000,5.442,5.621,5.437,5.579
1745827200000,5.579,5.66,5.521,5.61
1745841600000,5.61,5.643,5.438,5.488
1745856000000,5.488,5.6,5.397,5.586
1745870400000,5.586,5.588,5.514,5.524
1745884800000,5.524,5.672,5.516,5.572
1745899200000,5.572,5.615,5.468,5.594
1745913600000,5.594,5.677,5.527,5.567
1745928000000,5.567,5.611,5.505,5.542
1745942400000,5.542,5.623,5.519,5.539
1745956800000,5.539,5.549,5.374,5.423
1745971200000,5.423,5.457,5.338,5.414
1745985600000,5.414,5.433,5.349,5.374
1746000000000,5.374,5.44,5.35,5.423
1746014400000,5.423,5.43,5.142,5.268
1746028800000,5.268,5.389,5.233,5.36
1746043200000,5.36,5.41,5.321,5.342
1746057600000,5.342,5.445,5.341,5.38
1746072000000,5.38,5.425,5.344,5.378
1746086400000,5.378,5.552,5.376,5.55
1746100800000,5.55,5.567,5.466,5.493
1746115200000,5.493,5.584,5.489,5.54
1746129600000,5.54,5.552,5.482,5.501
1746144000000,5.501,5.58,5.488,5.521
1746158400000,5.521,5.535,5.419,5.439
1746172800000,5.439,5.541,5.417,5.417
1746187200000,5.417,5.496,5.392,5.454
1746201600000,5.454,5.524,5.374,5.401
1746216000000,5.401,5.442,5.377,5.439
1746230400000,5.439,5.454,5.379,5.411
1746244800000,5.411,5.414,5.335,5.36
1746259200000,5.36,5.369,5.212,5.217
1746273600000,5.217,5.258,5.206,5.22
1746288000000,5.22,5.252,5.13,5.241
1746302400000,5.241,5.25,5.176,5.179
1746316800000,5.179,5.213,5.123,5.151
1746331200000,5.151,5.195,5.13,5.147
1746345600000,5.147,5.183,5.098,5.158
1746360000000,5.158,5.175,5.08,5.109
1746374400000,5.109,5.128,5.068,5.12
1746388800000,5.12,5.16,5.064,5.096
1746403200000,5.096,5.177,5.043,5.154
1746417600000,5.154,5.205,5.131,5.154
1746432000000,5.154,5.171,5.052,5.077
1746446400000,5.077,5.104,5.007,5.04
1746460800000,5.04,5.107,5.032,5.038
1746475200000,5.038,5.053,4.963,4.969
1746489600000,4.969,4.971,4.837,4.93
1746504000000,4.93,4.932,4.869,4.878
1746518400000,4.878,4.884,4.702,4.734
1746532800000,4.734,4.795,4.668,4.686
1746547200000,4.686,4.771,4.654,4.695
1746561600000,4.695,4.776,4.581,4.758
1746576000000,4.758,4.812,4.708,4.759
1746590400000,4.759,4.799,4.702,4.765
1746604800000,4.765,4.82,4.74,4.765
1746619200000,4.765,4.79,4.692,4.71
1746633600000,4.71,4.779,4.641,4.728
1746648000000,4.728,4.811,4.705,4.788
1746662400000,4.788,4.977,4.78,4.972
1746676800000,4.972,5.065,4.972,5.033
1746691200000,5.033,5.129,5.032,5.079
1746705600000,5.079,5.248,5.057,5.176
1746720000000,5.176,5.319,5.16,5.311
1746734400000,5.311,5.498,5.275,5.485
1746748800000,5.485,5.633,5.478,5.552
1746763200000,5.552,5.734,5.511,5.687
1746777600000,5.687,5.856,5.592,5.693
1746792000000,5.693,5.722,5.503,5.541
1746806400000,5.541,5.578,5.445,5.501
1746820800000,5.501,5.587,5.473,5.583
1746835200000,5.583,5.694,5.501,5.651
1746849600000,5.651,5.798,5.582,5.781
1746864000000,5.781,5.854,5.64,5.669
1746878400000,5.669,5.81,5.669,5.716
1746892800000,5.716,5.882,5.706,5.78
1746907200000,5.78,6.083,5.735,6.079
1746921600000,6.079,6.2795,5.906,6.173
1746936000000,6.173,6.223,5.804,5.847
1746950400000,5.847,6.03,5.833,6.013
1746964800000,6.013,6.022,5.791,5.844
1746979200000,5.844,5.929,5.775,5.869
1746993600000,5.869,5.962,5.838,5.888
1747008000000,5.888,5.992,5.8,5.963
1747022400000,5.963,6.163,5.902,6.033
1747036800000,6.033,6.085,5.943,5.982
1747051200000,5.982,6.118,5.803,5.859
1747065600000,5.859,5.99,5.603,5.82
1747080000000,5.82,5.901,5.768,5.849
1747094400000,5.849,5.854,5.508,5.525
1747108800000,5.525,5.694,5.507,5.672
1747123200000,5.672,5.799,5.639,5.752
1747137600000,5.752,5.846,5.697,5.842
1747152000000,5.842,6.257,5.834,6.184
1747166400000,6.184,6.239,6.126,6.139
1747180800000,6.139,6.189,5.989,6.022
1747195200000,6.022,6.128,5.982,6.016
1747209600000,6.016,6.038,5.888,5.957
1747224000000,5.957,5.972,5.773,5.807
1747238400000,5.807,5.839,5.726,5.791
1747252800000,5.791,5.807,5.683,5.736
1747267200000,5.736,5.828,5.691,5.733
1747281600000,5.733,5.795,5.475,5.483
1747296000000,5.483,5.606,5.436,5.51
1747310400000,5.51,5.563,5.349,5.553
1747324800000,5.553,5.65,5.318,5.369
1747339200000,5.369,5.399,5.19,5.31
1747353600000,5.31,5.424,5.274,5.41
1747368000000,5.41,5.427,5.334,5.387
1747382400000,5.387,5.447,5.279,5.402
1747396800000,5.402,5.429,5.325,5.376
1747411200000,5.376,5.405,5.291,5.352
1747425600000,5.352,5.357,5.211,5.254
1747440000000,5.254,5.275,5.044,5.172
1747454400000,5.172,5.208,5.086,5.118
1747468800000,5.118,5.158,5.046,5.114
1747483200000,5.114,5.159,5.037,5.118
1747497600000,5.118,5.132,5.028,5.06
1747512000000,5.06,5.139,5.015,5.076
1747526400000,5.076,5.094,5.029,5.059
1747540800000,5.059,5.207,5.057,5.2
1747555200000,5.2,5.257,5.167,5.168
1747569600000,5.168,5.323,5.133,5.302
1747584000000,5.302,5.314,5.003,5.012
1747598400000,5.012,5.207,4.886,5.185
1747612800000,5.185,5.224,4.933,4.94
1747627200000,4.94,4.973,4.825,4.948
1747641600000,4.948,5.016,4.916,4.977
1747656000000,4.977,5.12,4.941,5.098
1747670400000,5.098,5.194,5.072,5.167
1747684800000,5.167,5.214,5.111,5.213
1747699200000,5.213,5.296,5.18,5.252
1747713600000,5.252,5.256,5.143,5.148
1747728000000,5.148,5.16,5.059,5.089
1747742400000,5.089,5.096,5.033,5.086
1747756800000,5.086,5.131,4.987,5.109
1747771200000,5.109,5.176,5.091,5.145
1747785600000,5.145,5.19,5.07,5.172
1747800000000,5.172,5.249,5.132,5.135
1747814400000,5.135,5.203,5.104,5.19
1747828800000,5.19,5.269,5.143,5.259
1747843200000,5.259,5.391,5.109,5.207
1747857600000,5.207,5.334,5.166,5.269
1747872000000,5.269,5.379,5.264,5.366
1747886400000,5.366,5.406,5.327,5.393
1747900800000,5.393,5.497,5.385,5.445
1747915200000,5.445,5.724,5.364,5.659
1747929600000,5.659,5.735,5.637,5.704
1747944000000,5.704,5.775,5.653,5.713
1747958400000,5.713,5.99,5.712,5.987
1747972800000,5.987,5.992,5.752,5.769
1747987200000,5.769,5.905,5.586,5.625
1748001600000,5.625,5.74,5.449,5.57
1748016000000,5.57,5.63,5.491,5.532
1748030400000,5.532,5.535,5.308,5.333
1748044800000,5.333,5.396,5.302,5.366
1748059200000,5.366,5.447,5.352,5.402
1748073600000,5.402,5.44,5.34,5.41
1748088000000,5.41,5.439,5.344,5.393
1748102400000,5.393,5.412,5.347,5.388
1748116800000,5.388,5.411,5.281,5.31
1748131200000,5.31,5.341,5.174,5.245
1748145600000,5.245,5.251,5.155,5.177
1748160000000,5.177,5.178,5.1,5.127
1748174400000,5.127,5.147,5.001,5.054
1748188800000,5.054,5.156,5.007,5.135
1748203200000,5.135,5.277,5.101,5.263
1748217600000,5.263,5.375,5.244,5.337
1748232000000,5.337,5.48,5.332,5.433
1748246400000,5.433,5.457,5.336,5.383
1748260800000,5.383,5.434,5.314,5.38
1748275200000,5.38,5.4,5.234,5.285
1748289600000,5.285,5.353,5.249,5.289
1748304000000,5.289,5.331,5.177,5.268
1748318400000,5.268,5.419,5.235,5.397
1748332800000,5.397,5.476,5.397,5.437
1748347200000,5.437,5.519,5.341,5.42
1748361600000,5.42,5.468,5.391,5.416
1748376000000,5.416,5.448,5.352,5.364
1748390400000,5.364,5.43,5.332,5.396
1748404800000,5.396,5.406,5.312,5.348
1748419200000,5.348,5.416,5.26,5.414
1748433600000,5.414,5.479,5.228,5.247
1748448000000,5.247,5.361,5.235,5.24
1748462400000,5.24,5.416,5.228,5.392
1748476800000,5.392,5.576,5.359,5.495
1748491200000,5.495,5.509,5.351,5.373
1748505600000,5.373,5.422,5.334,5.418
1748520000000,5.418,5.421,5.246,5.296
1748534400000,5.296,5.329,5.16,5.183
1748548800000,5.183,5.26,5.133,5.157
1748563200000,5.157,5.183,4.836,4.973
1748577600000,4.973,5.017,4.862,4.952
1748592000000,4.952,5.112,4.922,5.08
1748606400000,5.08,5.169,4.975,4.978
1748620800000,4.978,5.012,4.861,4.972
1748635200000,4.972,4.993,4.684,4.738
1748649600000,4.738,4.743,4.52,4.627
1748664000000,4.627,4.708,4.581,4.643
1748678400000,4.643,4.685,4.586,4.605
1748692800000,4.605,4.757,4.59,4.692
1748707200000,4.692,4.779,4.676,4.77
1748721600000,4.77,4.818,4.721,4.726
1748736000000,4.726,4.767,4.686,4.722
1748750400000,4.722,4.773,4.709,4.741
1748764800000,4.741,4.744,4.626,4.69
1748779200000,4.69,4.772,4.644,4.77
1748793600000,4.77,4.823,4.694,4.766
1748808000000,4.766,4.827,4.744,4.808
1748822400000,4.808,4.827,4.705,4.72
1748836800000,4.72,4.791,4.687,4.761
1748851200000,4.761,4.791,4.653,4.688
1748865600000,4.688,4.765,4.678,4.749
1748880000000,4.749,4.814,4.712,4.736
1748894400000,4.736,4.909,4.732,4.888
1748908800000,4.888,4.974,4.878,4.886
1748923200000,4.886,4.959,4.857,4.907
1748937600000,4.907,4.949,4.876,4.931
1748952000000,4.931,5.029,4.914,4.992
1748966400000,4.992,5.044,4.975,5.02
1748980800000,5.02,5.022,4.908,4.937
1748995200000,4.937,5.014,4.911,4.991
1749009600000,4.991,5.001,4.926,4.946
1749024000000,4.946,4.994,4.909,4.914
1749038400000,4.914,4.934,4.826,4.93
1749052800000,4.93,4.942,4.839,4.841
1749067200000,4.841,4.844,4.752,4.791
1749081600000,4.791,4.838,4.766,4.814
1749096000000,4.814,4.835,4.744,4.779
1749110400000,4.779,4.827,4.742,4.786
1749124800000,4.786,4.865,4.721,4.804
1749139200000,4.804,4.809,4.575,4.619
1749153600000,4.619,4.632,4.44,4.48
1749168000000,4.48,4.58,4.456,4.575
1749182400000,4.575,4.622,4.557,4.594
1749196800000,4.594,4.635,4.573,4.596
1749211200000,4.596,4.723,4.596,4.676
1749225600000,4.676,4.686,4.583,4.598
1749240000000,4.598,4.645,4.589,4.612
1749254400000,4.612,4.739,4.601,4.727
1749268800000,4.727,4.773,4.708,4.756
1749283200000,4.756,4.764,4.709,4.715
1749297600000,4.715,4.756,4.712,4.731
1749312000000,4.731,4.75,4.677,4.722
1749326400000,4.722,4.77,4.722,4.751
1749340800000,4.751,4.754,4.712,4.715
1749355200000,4.715,4.724,4.678,4.685
1749369600000,4.685,4.748,4.586,4.712
1749384000000,4.712,4.754,4.677,4.733
1749398400000,4.733,4.782,4.721,4.744
1749412800000,4.744,4.765,4.695,4.708
1749427200000,4.708,4.725,4.664,4.688
1749441600000,4.688,4.703,4.635,4.665
1749456000000,4.665,4.783,4.644,4.764
1749470400000,4.764,4.786,4.715,4.765
1749484800000,4.765,4.852,4.765,4.842
1749499200000,4.842,4.962,4.828,4.952
1749513600000,4.952,4.989,4.933,4.936
1749528000000,4.936,4.944,4.872,4.904
1749542400000,4.904,5.078,4.886,5.071
1749556800000,5.071,5.137,4.964,5.038
1749571200000,5.038,5.1,4.999,5.059
1749585600000,5.059,5.141,5.024,5.139
1749600000000,5.139,5.156,5.048,5.104
1749614400000,5.104,5.141,5.06,5.117
1749628800000,5.117,5.207,5.007,5.024
1749643200000,5.024,5.254,5.005,5.221
1749657600000,5.221,5.23,5.073,5.083
1749672000000,5.083,5.121,4.941,5.016
1749686400000,5.016,5.07,4.966,4.967
1749700800000,4.967,4.982,4.894,4.904
1749715200000,4.904,4.938,4.839,4.858
1749729600000,4.858,4.943,4.827,4.841
1749744000000,4.841,4.922,4.735,4.758
1749758400000,4.758,4.776,4.675,4.694
1749772800000,4.694,4.699,4.339,4.45
1749787200000,4.45,4.455,4.381,4.446
1749801600000,4.446,4.556,4.388,4.439
1749816000000,4.439,4.456,4.351,4.432
1749830400000,4.432,4.481,4.388,4.423
1749844800000,4.423,4.504,4.415,4.494
1749859200000,4.494,4.519,4.463,4.5
1749873600000,4.5,4.541,4.473,4.507
1749888000000,4.507,4.542,4.487,4.531
1749902400000,4.531,4.54,4.454,4.477
1749916800000,4.477,4.489,4.305,4.413
1749931200000,4.413,4.478,4.384,4.456
1749945600000,4.456,4.508,4.452,4.501
1749960000000,4.501,4.541,4.461,4.478
1749974400000,4.478,4.501,4.428,4.491
1749988800000,4.491,4.551,4.475,4.523
1750003200000,4.523,4.531,4.475,4.49
1750017600000,4.49,4.542,4.433,4.536
1750032000000,4.536,4.592,4.492,4.558
1750046400000,4.558,4.664,4.554,4.658
1750060800000,4.658,4.68,4.619,4.669
1750075200000,4.669,4.715,4.645,4.694
1750089600000,4.694,4.831,4.691,4.806
1750104000000,4.806,4.899,4.67,4.682
1750118400000,4.682,4.755,4.582,4.707
1750132800000,4.707,4.71,4.617,4.632
1750147200000,4.632,4.638,4.537,4.559
1750161600000,4.559,4.587,4.442,4.469
1750176000000,4.469,4.543,4.379,4.509
1750190400000,4.509,4.528,4.393,4.441
1750204800000,4.441,4.488,4.425,4.484
1750219200000,4.484,4.533,4.448,4.464
1750233600000,4.464,4.482,4.322,4.381
1750248000000,4.381,4.389,4.264,4.358
1750262400000,4.358,4.404,4.316,4.352
1750276800000,4.352,4.481,4.34,4.454
1750291200000,4.454,4.504,4.415,4.456
1750305600000,4.456,4.488,4.423,4.429
1750320000000,4.429,4.463,4.411,4.434
1750334400000,4.434,4.457,4.38,4.386
1750348800000,4.386,4.419,4.307,4.354
1750363200000,4.354,4.415,4.351,4.385
1750377600000,4.385,4.404,4.345,4.365
1750392000000,4.365,4.441,4.314,4.433
1750406400000,4.433,4.464,4.41,4.441
1750420800000,4.441,4.476,4.329,4.355
1750435200000,4.355,4.363,4.168,4.304
1750449600000,4.304,4.341,4.2,4.268
1750464000000,4.268,4.44,4.262,4.422
1750478400000,4.422,4.585,4.419,4.537
1750492800000,4.537,4.687,4.526,4.538
1750507200000,4.538,4.568,4.339,4.382
1750521600000,4.382,4.397,4.269,4.273
1750536000000,4.273,4.316,4.056,4.162
1750550400000,4.162,4.219,4.01,4.035
1750564800000,4.035,4.092,4.018,4.026
1750579200000,4.026,4.041,3.95,4.023
1750593600000,4.023,4.042,3.801,3.858
1750608000000,3.858,3.888,3.811,3.838
1750622400000,3.838,3.942,3.74,3.926
1750636800000,3.926,3.977,3.898,3.921
1750651200000,3.921,4.017,3.917,3.987
1750665600000,3.987,4.029,3.965,4.024
1750680000000,4.024,4.09,3.972,3.981
1750694400000,3.981,4.126,3.868,4.107
1750708800000,4.107,4.353,4.107,4.313
1750723200000,4.313,4.365,4.289,4.314
1750737600000,4.314,4.437,4.275,4.334
1750752000000,4.334,4.357,4.245,4.271
1750766400000,4.271,4.88,4.256,4.675
1750780800000,4.675,5.139,4.671,4.884
1750795200000,4.884,4.965,4.803,4.956
1750809600000,4.956,4.979,4.838,4.87
1750824000000,4.87,5.085,4.763,4.802
1750838400000,4.802,4.806,4.722,4.773
1750852800000,4.773,4.808,4.634,4.655
1750867200000,4.655,4.939,4.649,4.889
1750881600000,4.889,4.936,4.812,4.888
1750896000000,4.888,4.99,4.792,4.826
1750910400000,4.826,4.891,4.753,4.876
1750924800000,4.876,4.888,4.744,4.766
1750939200000,4.766,4.774,4.641,4.73
1750953600000,4.73,4.964,4.701,4.942
1750968000000,4.942,5.026,4.848,4.874
1750982400000,4.874,5.049,4.8,5.045
1750996800000,5.045,5.224,5.038,5.133
1751011200000,5.133,5.296,4.982,5.038
1751025600000,5.038,5.048,4.805,4.843
1751040000000,4.843,4.924,4.808,4.835
1751054400000,4.835,4.897,4.816,4.833
1751068800000,4.833,4.949,4.795,4.82
1751083200000,4.82,4.823,4.721,4.785
1751097600000,4.785,4.825,4.729,4.734
1751112000000,4.734,4.791,4.728,4.788
1751126400000,4.788,4.833,4.774,4.81
1751140800000,4.81,4.864,4.793,4.845
1751155200000,4.845,4.849,4.706,4.757
1751169600000,4.757,4.814,4.739,4.795
1751184000000,4.795,4.884,4.769,4.863
1751198400000,4.863,4.883,4.744,4.752
1751212800000,4.752,4.847,4.751,4.84
1751227200000,4.84,5.009,4.799,4.95
1751241600000,4.95,4.957,4.869,4.894
1751256000000,4.894,4.949,4.824,4.929
1751270400000,4.929,4.935,4.796,4.808
1751284800000,4.808,4.843,4.763,4.805
1751299200000,4.805,4.901,4.796,4.895
1751313600000,4.895,4.938,4.862,4.889
1751328000000,4.889,4.954,4.825,4.827
1751342400000,4.827,4.827,4.672,4.717
1751356800000,4.717,4.717,4.634,4.646
1751371200000,4.646,4.701,4.598,4.635
1751385600000,4.635,4.647,4.522,4.53
1751400000000,4.53,4.582,4.482,4.487
1751414400000,4.487,4.493,4.419,4.434
1751428800000,4.434,4.553,4.41,4.539
1751443200000,4.539,4.602,4.524,4.55
1751457600000,4.55,4.677,4.514,4.671
1751472000000,4.671,4.816,4.657,4.804
1751486400000,4.804,4.849,4.734,4.738
1751500800000,4.738,4.769,4.708,4.709
1751515200000,4.709,4.839,4.703,4.832
1751529600000,4.832,4.856,4.764,4.786
1751544000000,4.786,4.848,4.634,4.661
1751558400000,4.661,4.748,4.661,4.745
1751572800000,4.745,4.788,4.72,4.734
1751587200000,4.734,4.769,4.663,4.683
1751601600000,4.683,4.721,4.521,4.526
1751616000000,4.526,4.564,4.496,4.524
1751630400000,4.524,4.538,4.338,4.343
1751644800000,4.343,4.396,4.314,4.361
1751659200000,4.361,4.425,4.357,4.399
1751673600000,4.399,4.434,4.37,4.401
1751688000000,4.401,4.431,4.37,4.407
1751702400000,4.407,4.456,4.381,4.45
1751716800000,4.45,4.451,4.39,4.396
1751731200000,4.396,4.431,4.342,4.404
1751745600000,4.404,4.436,4.382,4.418
1751760000000,4.418,4.431,4.384,4.391
1751774400000,4.391,4.419,4.367,4.399
1751788800000,4.399,4.435,4.377,4.431
1751803200000,4.431,4.49,4.415,4.483
1751817600000,4.483,4.499,4.432,4.453
1751832000000,4.453,4.531,4.443,4.464
1751846400000,4.464,4.51,4.439,4.471
1751860800000,4.471,4.493,4.428,4.473
1751875200000,4.473,4.499,4.437,4.463
1751889600000,4.463,4.49,4.41,4.443
1751904000000,4.443,4.493,4.407,4.464
1751918400000,4.464,4.464,4.395,4.449
1751932800000,4.449,4.46,4.359,4.371
1751947200000,4.371,4.402,4.345,4.397
1751961600000,4.397,4.446,4.362,4.428
1751976000000,4.428,4.45,4.358,4.372
1751990400000,4.372,4.477,4.361,4.446
1752004800000,4.446,4.475,4.434,4.47
1752019200000,4.47,4.472,4.397,4.418
1752033600000,4.418,4.518,4.417,4.507
1752048000000,4.507,4.549,4.487,4.538
1752062400000,4.538,4.575,4.493,4.532
1752076800000,4.532,4.649,4.509,4.629
1752091200000,4.629,4.685,4.583,4.638
1752105600000,4.638,4.651,4.583,4.595
1752120000000,4.595,4.636,4.558,4.605
1752134400000,4.605,4.628,4.583,4.603
1752148800000,4.603,4.624,4.562,4.579
1752163200000,4.579,4.732,4.57,4.686
1752177600000,4.686,4.911,4.686,4.879
1752192000000,4.879,4.941,4.774,4.922
1752206400000,4.922,5.031,4.892,4.909
1752220800000,4.909,5.011,4.909,4.939
1752235200000,4.939,5.058,4.924,4.948
1752249600000,4.948,5.08,4.914,5.073
1752264000000,5.073,5.09,4.804,4.883
1752278400000,4.883,4.928,4.775,4.906
1752292800000,4.906,4.914,4.779,4.878
1752307200000,4.878,4.947,4.844,4.896
1752321600000,4.896,4.913,4.67,4.721
1752336000000,4.721,4.801,4.699,4.789
1752350400000,4.789,4.809,4.723,4.801
1752364800000,4.801,4.899,4.784,4.898
1752379200000,4.898,4.982,4.867,4.98
1752393600000,4.98,5.029,4.899,4.947
1752408000000,4.947,5.056,4.917,4.999
1752422400000,4.999,5.044,4.963,4.994
1752436800000,4.994,5.025,4.902,4.936
1752451200000,4.936,5.178,4.918,5.144
1752465600000,5.144,5.208,5.065,5.151
1752480000000,5.151,5.204,5.079,5.122
1752494400000,5.122,5.143,4.965,5.004
1752508800000,5.004,5.049,4.939,4.957
1752523200000,4.957,4.998,4.889,4.969
1752537600000,4.969,4.993,4.796,4.84
1752552000000,4.84,4.904,4.805,4.845
1752566400000,4.845,4.87,4.791,4.841
1752580800000,4.841,4.95,4.776,4.896
1752595200000,4.896,5.082,4.892,4.93
1752609600000,4.93,5.117,4.911,5.098
1752624000000,5.098,5.177,5.03,5.086
1752638400000,5.086,5.234,5.05,5.229
1752652800000,5.229,5.244,5.137,5.177
1752667200000,5.177,5.227,5.115,5.175
1752681600000,5.175,5.313,5.147,5.267
1752696000000,5.267,5.376,5.16,5.2
1752710400000,5.2,5.269,5.041,5.095
1752724800000,5.095,5.227,5.072,5.195
1752739200000,5.195,5.292,5.166,5.177
1752753600000,5.177,5.279,5.107,5.232
1752768000000,5.232,5.265,5.13,5.167
1752782400000,5.167,5.366,5.084,5.291
1752796800000,5.291,5.448,5.261,5.417
1752811200000,5.417,5.579,5.404,5.444
1752825600000,5.444,5.548,5.391,5.505
1752840000000,5.505,5.588,5.276,5.317
1752854400000,5.317,5.407,5.241,5.332
1752868800000,5.332,5.396,5.198,5.319
1752883200000,5.319,5.395,5.163,5.381
1752897600000,5.381,5.437,5.29,5.292
1752912000000,5.292,5.304,5.209,5.216
1752926400000,5.216,5.246,5.151,5.185
1752940800000,5.185,5.328,5.163,5.314
1752955200000,5.314,5.363,5.25,5.322
1752969600000,5.322,5.366,5.25,5.316
1752984000000,5.316,5.368,5.256,5.339
1752998400000,5.339,5.484,5.338,5.444
1753012800000,5.444,5.483,5.382,5.441
1753027200000,5.441,5.519,5.357,5.393
1753041600000,5.393,5.399,5.207,5.312
1753056000000,5.312,5.467,5.224,5.463
1753070400000,5.463,5.546,5.38,5.529
1753084800000,5.529,5.556,5.426,5.489
1753099200000,5.489,5.546,5.414,5.49
1753113600000,5.49,5.514,5.319,5.345
1753128000000,5.345,5.456,5.319,5.408
1753142400000,5.408,5.485,5.239,5.342
1753156800000,5.342,5.353,5.169,5.258
1753171200000,5.258,5.329,5.156,5.304
1753185600000,5.304,5.34,5.141,5.293
1753200000000,5.293,5.457,5.274,5.313
1753214400000,5.313,5.483,5.3,5.476
1753228800000,5.476,5.491,5.373,5.404
1753243200000,5.404,5.563,5.392,5.51
1753257600000,5.51,5.658,5.319,5.355
1753272000000,5.355,5.355,4.999,5.108
1753286400000,5.108,5.108,4.857,4.87
1753300800000,4.87,4.894,4.689,4.81
1753315200000,4.81,4.865,4.77,4.773
1753329600000,4.773,4.784,4.451,4.623
1753344000000,4.623,4.697,4.571,4.676
1753358400000,4.676,4.784,4.578,4.744
1753372800000,4.744,4.751,4.626,4.696
1753387200000,4.696,4.758,4.604,4.624
1753401600000,4.624,4.69,4.509,4.589
1753416000000,4.589,4.688,4.548,4.648
1753430400000,4.648,4.746,4.635,4.73
1753444800000,4.73,4.76,4.573,4.63
1753459200000,4.63,4.681,4.602,4.651
1753473600000,4.651,4.758,4.647,4.75
1753488000000,4.75,4.793,4.723,4.78
1753502400000,4.78,4.79,4.753,4.759
1753516800000,4.759,4.805,4.758,4.775
1753531200000,4.775,4.833,4.754,4.832
1753545600000,4.832,4.848,4.781,4.847
1753560000000,4.847,4.861,4.794,4.803
1753574400000,4.803,4.869,4.79,4.836
1753588800000,4.836,4.867,4.807,4.823
1753603200000,4.823,4.846,4.753,4.813
1753617600000,4.813,4.851,4.778,4.82
1753632000000,4.82,4.881,4.816,4.859
1753646400000,4.859,4.917,4.824,4.9
1753660800000,4.9,4.938,4.847,4.9
1753675200000,4.9,4.981,4.867,4.949
1753689600000,4.949,4.985,4.878,4.906
1753704000000,4.906,4.929,4.707,4.734
1753718400000,4.734,4.769,4.652,4.701
1753732800000,4.701,4.711,4.603,4.65
1753747200000,4.65,4.684,4.562,4.649
1753761600000,4.649,4.773,4.621,4.761
1753776000000,4.761,4.771,4.637,4.681
1753790400000,4.681,4.741,4.563,4.581
1753804800000,4.581,4.587,4.471,4.49
1753819200000,4.49,4.589,4.447,4.582
1753833600000,4.582,4.591,4.503,4.553
1753848000000,4.553,4.585,4.506,4.531
1753862400000,4.531,4.569,4.394,4.42
1753876800000,4.42,4.521,4.395,4.479
1753891200000,4.479,4.538,4.244,4.458
1753905600000,4.458,4.504,4.407,4.488
1753920000000,4.488,4.597,4.471,4.581
1753934400000,4.581,4.619,4.552,4.59
1753948800000,4.59,4.623,4.559,4.579
1753963200000,4.579,4.587,4.384,4.458
1753977600000,4.458,4.538,4.377,4.4
1753992000000,4.4,4.437,4.292,4.316
1754006400000,4.316,4.381,4.212,4.367
1754020800000,4.367,4.368,4.252,4.286
1754035200000,4.286,4.294,4.186,4.293
1754049600000,4.293,4.344,4.165,4.287
1754064000000,4.287,4.32,4.183,4.291
1754078400000,4.291,4.303,4.104,4.226
1754092800000,4.226,4.269,4.221,4.25
1754107200000,4.25,4.281,4.146,4.242
1754121600000,4.242,4.245,4.142,4.191
1754136000000,4.191,4.2,4.105,4.119
1754150400000,4.119,4.166,4.043,4.105
1754164800000,4.105,4.162,4.078,4.117
1754179200000,4.117,4.173,4.056,4.164
1754193600000,4.164,4.197,4.144,4.189
1754208000000,4.189,4.244,4.18,4.214
1754222400000,4.214,4.222,4.176,4.219
1754236800000,4.219,4.245,4.196,4.219
1754251200000,4.219,4.251,4.209,4.222
1754265600000,4.222,4.295,4.219,4.262
1754280000000,4.262,4.278,4.221,4.269
1754294400000,4.269,4.279,4.234,4.244
1754308800000,4.244,4.326,4.237,4.291
1754323200000,4.291,4.348,4.28,4.289
1754337600000,4.289,4.366,4.283,4.364
1754352000000,4.364,4.376,4.298,4.298
1754366400000,4.298,4.319,4.203,4.215
1754380800000,4.215,4.339,4.205,4.333
1754395200000,4.333,4.338,4.192,4.212
1754409600000,4.212,4.317,4.205,4.236
1754424000000,4.236,4.292,4.169,4.285
1754438400000,4.285,4.287,4.173,4.19
1754452800000,4.19,4.304,4.162,4.286
1754467200000,4.286,4.287,4.227,4.237
1754481600000,4.237,4.281,4.17,4.278
1754496000000,4.278,4.287,4.224,4.25
1754510400000,4.25,4.257,4.226,4.245
1754524800000,4.245,4.274,4.21,4.216
1754539200000,4.216,4.28,4.214,4.244
1754553600000,4.244,4.337,4.235,4.32
1754568000000,4.32,4.353,4.305,4.335
1754582400000,4.335,4.38,4.256,4.38
1754596800000,4.38,4.426,4.368,4.414
1754611200000,4.414,4.564,4.348,4.519
1754625600000,4.519,4.696,4.48,4.649
1754640000000,4.649,4.715,4.621,4.679
1754654400000,4.679,4.686,4.572,4.599
1754668800000,4.599,4.699,4.584,4.67
1754683200000,4.67,4.694,4.638,4.638
1754697600000,4.638,4.756,4.622,4.744
1754712000000,4.744,4.839,4.724,4.838
1754726400000,4.838,4.869,4.806,4.82
1754740800000,4.82,4.844,4.751,4.802
1754755200000,4.802,4.831,4.778,4.8
1754769600000,4.8,4.848,4.774,4.781
1754784000000,4.781,4.851,4.77,4.818
1754798400000,4.818,4.849,4.677,4.682
1754812800000,4.682,4.728,4.606,4.608
1754827200000,4.608,4.722,4.582,4.706
1754841600000,4.706,4.733,4.68,4.706
1754856000000,4.706,4.71,4.635,4.696
1754870400000,4.696,4.816,4.668,4.79
1754884800000,4.79,4.836,4.712,4.723
1754899200000,4.723,4.757,4.593,4.609
1754913600000,4.609,4.705,4.548,4.693
1754928000000,4.693,4.763,4.571,4.606
1754942400000,4.606,4.627,4.503,4.522
1754956800000,4.522,4.616,4.514,4.56
1754971200000,4.56,4.603,4.516,4.603
1754985600000,4.603,4.607,4.482,4.549
1755000000000,4.549,4.76,4.523,4.753
1755014400000,4.753,4.846,4.735,4.843
1755028800000,4.843,4.903,4.793,4.819
1755043200000,4.819,4.847,4.725,4.836
1755057600000,4.836,4.862,4.732,4.824
1755072000000,4.824,5.003,4.817,4.965
1755086400000,4.965,5.018,4.861,4.941
1755100800000,4.941,5.074,4.909,4.987
1755115200000,4.987,5.092,4.957,5.048
1755129600000,5.048,5.141,4.997,5.138
1755144000000,5.138,5.149,4.957,4.987
1755158400000,4.987,5.028,4.878,4.934
1755172800000,4.934,4.979,4.623,4.767
1755187200000,4.767,4.815,4.68,4.758
1755201600000,4.758,4.758,4.644,4.719
1755216000000,4.719,4.836,4.704,4.816
1755230400000,4.816,4.846,4.739,4.811
1755244800000,4.811,4.845,4.735,4.744
1755259200000,4.744,4.809,4.55,4.58
1755273600000,4.58,4.642,4.531,4.576
1755288000000,4.576,4.719,4.563,4.66
1755302400000,4.66,4.722,4.652,4.664
1755316800000,4.664,4.694,4.64,4.682
1755331200000,4.682,4.705,4.621,4.626
1755345600000,4.626,4.736,4.608,4.706
1755360000000,4.706,4.723,4.67,4.701
1755374400000,4.701,4.755,4.696,4.739
1755388800000,4.739,4.757,4.701,4.748
1755403200000,4.748,4.828,4.744,4.779
1755417600000,4.779,4.866,4.773,4.86
1755432000000,4.86,4.93,4.796,4.928
1755446400000,4.928,4.947,4.787,4.817
1755460800000,4.817,4.857,4.782,4.785
1755475200000,4.785,4.793,4.569,4.624
1755489600000,4.624,4.657,4.561,4.589
1755504000000,4.589,4.613,4.544,4.588
1755518400000,4.588,4.658,4.552,4.603
1755532800000,4.603,4.642,4.553,4.614
1755547200000,4.614,4.671,4.561,4.57
1755561600000,4.57,4.625,4.426,4.455
1755576000000,4.455,4.479,4.397,4.429
1755590400000,4.429,4.51,4.397,4.498
1755604800000,4.498,4.498,4.337,4.35
1755619200000,4.35,4.369,4.301,4.337
1755633600000,4.337,4.364,4.283,4.296
1755648000000,4.296,4.343,4.268,4.311
1755662400000,4.311,4.361,4.311,4.334
1755676800000,4.334,4.393,4.306,4.357
1755691200000,4.357,4.448,4.267,4.408
1755705600000,4.408,4.504,4.406,4.5
1755720000000,4.5,4.512,4.457,4.49
1755734400000,4.49,4.503,4.425,4.444
1755748800000,4.444,4.464,4.408,4.447
1755763200000,4.447,4.462,4.418,4.448
1755777600000,4.448,4.456,4.345,4.354
1755792000000,4.354,4.432,4.337,4.396
1755806400000,4.396,4.449,4.378,4.415
1755820800000,4.415,4.472,4.375,4.397
1755835200000,4.397,4.437,4.379,4.422
1755849600000,4.422,4.447,4.34,4.341
1755864000000,4.341,4.59,4.273,4.547
1755878400000,4.547,4.743,4.547,4.727
1755892800000,4.727,4.815,4.722,4.798
1755907200000,4.798,4.807,4.603,4.615
1755921600000,4.615,4.749,4.615,4.665
1755936000000,4.665,4.706,4.642,4.69
1755950400000,4.69,4.773,4.679,4.726
1755964800000,4.726,4.774,4.706,4.764
1755979200000,4.764,4.771,4.719,4.759
1755993600000,4.759,4.779,4.683,4.7
1756008000000,4.7,4.705,4.61,4.618
1756022400000,4.618,4.642,4.545,4.567
1756036800000,4.567,4.641,4.557,4.603
1756051200000,4.603,4.805,4.564,4.651
1756065600000,4.651,4.666,4.554,4.621
1756080000000,4.621,4.659,4.522,4.601
1756094400000,4.601,4.612,4.417,4.43
1756108800000,4.43,4.455,4.363,4.41
1756123200000,4.41,4.465,4.379,4.406
1756137600000,4.406,4.441,4.29,4.302
1756152000000,4.302,4.325,4.198,4.251
1756166400000,4.251,4.32,4.225,4.299
1756180800000,4.299,4.341,4.281,4.321
1756195200000,4.321,4.354,4.296,4.316
1756209600000,4.316,4.393,4.274,4.317
1756224000000,4.317,4.425,4.309,4.417
1756238400000,4.417,4.427,4.346,4.372
1756252800000,4.372,4.426,4.341,4.399
1756267200000,4.399,4.437,4.364,4.374
1756281600000,4.374,4.407,4.342,4.376
1756296000000,4.376,4.42,4.332,4.408
1756310400000,4.408,4.427,4.356,4.382
1756324800000,4.382,4.429,4.34,4.364
1756339200000,4.364,4.394,4.327,4.391
1756353600000,4.391,4.425,4.38,4.412
1756368000000,4.412,4.44,4.395,4.426
1756382400000,4.426,4.484,4.408,4.42
1756396800000,4.42,4.446,4.366,4.372
1756411200000,4.372,4.474,4.367,4.468
1756425600000,4.468,4.47,4.381,4.419
1756440000000,4.419,4.438,4.303,4.313
1756454400000,4.313,4.325,4.247,4.275
1756468800000,4.275,4.375,4.215,4.24
1756483200000,4.24,4.267,4.183,4.237
1756497600000,4.237,4.275,4.199,4.261
1756512000000,4.261,4.299,4.182,4.282
1756526400000,4.282,4.328,4.272,4.321
1756540800000,4.321,4.324,4.284,4.301
1756555200000,4.301,4.307,4.241,4.299
1756569600000,4.299,4.301,4.267,4.299
1756584000000,4.299,4.338,4.286,4.326
1756598400000,4.326,4.369,4.323,4.367
1756612800000,4.367,4.369,4.321,4.324
1756627200000,4.324,4.356,4.307,4.331
1756641600000,4.331,4.331,4.28,4.321
1756656000000,4.321,4.321,4.285,4.285
1756670400000,4.285,4.317,4.246,4.252
1756684800000,4.252,4.253,4.159,4.188
1756699200000,4.188,4.314,4.139,4.313
1756713600000,4.313,4.459,4.265,4.269
1756728000000,4.269,4.292,4.212,4.22
1756742400000,4.22,4.233,4.181,4.231
1756756800000,4.231,4.232,4.104,4.21
1756771200000,4.21,4.289,4.18,4.285
1756785600000,4.285,4.31,4.255,4.26
1756800000000,4.26,4.317,4.258,4.309
1756814400000,4.309,4.357,4.222,4.25
1756828800000,4.25,4.316,4.244,4.285
1756843200000,4.285,4.349,4.281,4.335
1756857600000,4.335,4.341,4.293,4.324
1756872000000,4.324,4.329,4.258,4.284
1756886400000,4.284,4.326,4.276,4.315
1756900800000,4.315,4.38,4.303,4.364
1756915200000,4.364,4.387,4.347,4.386
1756929600000,4.386,4.414,4.367,4.371
1756944000000,4.371,4.382,4.318,4.322
1756958400000,4.322,4.337,4.263,4.285
1756972800000,4.285,4.305,4.271,4.272
1756987200000,4.272,4.291,4.211,4.221
1757001600000,4.221,4.239,4.198,4.206
1757016000000,4.206,4.279,4.202,4.239
1757030400000,4.239,4.283,4.235,4.278
1757044800000,4.278,4.334,4.267,4.331
1757059200000,4.331,4.333,4.296,4.31
1757073600000,4.31,4.357,4.228,4.255
1757088000000,4.255,4.267,4.228,4.259
1757102400000,4.259,4.279,4.236,4.246
1757116800000,4.246,4.259,4.23,4.24
1757131200000,4.24,4.24,4.212,4.221
1757145600000,4.221,4.226,4.201,4.219
1757160000000,4.219,4.228,4.183,4.196
1757174400000,4.196,4.222,4.175,4.18
1757188800000,4.18,4.214,4.179,4.201
1757203200000,4.201,4.24,4.2,4.237
1757217600000,4.237,4.259,4.225,4.231
1757232000000,4.231,4.257,4.221,4.257
1757246400000,4.257,4.276,4.245,4.263
1757260800000,4.263,4.27,4.231,4.251
1757275200000,4.251,4.288,4.246,4.272
1757289600000,4.272,4.353,4.254,4.342
1757304000000,4.342,4.353,4.302,4.314
1757318400000,4.314,4.383,4.313,4.344
1757332800000,4.344,4.439,4.341,4.438
1757347200000,4.438,4.441,4.361,4.375
1757361600000,4.375,4.416,4.359,4.405
1757376000000,4.405,4.445,4.365,4.43
1757390400000,4.43,4.515,4.413,4.491
1757404800000,4.491,4.534,4.49,4.503
1757419200000,4.503,4.531,4.352,4.372
1757433600000,4.372,4.4,4.351,4.386
1757448000000,4.386,4.402,4.364,4.391
1757462400000,4.391,4.429,4.362,4.422
1757476800000,4.422,4.428,4.377,4.414
1757491200000,4.414,4.424,4.371,4.388
1757505600000,4.388,4.494,4.388,4.46
1757520000000,4.46,4.485,4.413,4.436
1757534400000,4.436,4.489,4.433,4.482
1757548800000,4.482,4.546,4.471,4.541
1757563200000,4.541,4.549,4.498,4.529
1757577600000,4.529,4.546,4.486,4.491
1757592000000,4.491,4.553,4.426,4.453
1757606400000,4.453,4.495,4.449,4.485
1757620800000,4.485,4.528,4.474,4.526
1757635200000,4.526,4.561,4.512,4.557
1757649600000,4.557,4.594,4.524,4.548
1757664000000,4.548,4.55,4.48,4.483
1757678400000,4.483,4.543,4.469,4.508
1757692800000,4.508,4.608,4.506,4.603
1757707200000,4.603,4.63,4.582,4.623
1757721600000,4.623,4.662,4.597,4.639
1757736000000,4.639,4.677,4.617,4.654
1757750400000,4.654,4.737,4.65,4.733
1757764800000,4.733,4.748,4.613,4.666
1757779200000,4.666,4.684,4.567,4.615
1757793600000,4.615,4.667,4.611,4.665
1757808000000,4.665,4.668,4.566,4.573
1757822400000,4.573,4.642,4.542,4.597
1757836800000,4.597,4.617,4.532,4.539
1757851200000,4.539,4.558,4.452,4.486
1757865600000,4.486,4.554,4.477,4.527
1757880000000,4.527,4.575,4.511,4.526
1757894400000,4.526,4.588,4.482,4.575
1757908800000,4.575,4.607,4.465,4.475
1757923200000,4.475,4.475,4.36,4.407
1757937600000,4.407,4.408,4.316,4.344
1757952000000,4.344,4.378,4.312,4.369
1757966400000,4.369,4.392,4.361,4.377
1757980800000,4.377,4.386,4.349,4.357
1757995200000,4.357,4.418,4.32,4.404
1758009600000,4.404,4.43,4.384,4.403
1758024000000,4.403,4.429,4.343,4.415
1758038400000,4.415,4.448,4.389,4.439
1758052800000,4.439,4.475,4.435,4.442
1758067200000,4.442,4.464,4.414,4.416
1758081600000,4.416,4.458,4.38,4.447
1758096000000,4.447,4.449,4.385,4.415
1758110400000,4.415,4.429,4.371,4.378
1758124800000,4.378,4.467,4.35,4.46
1758139200000,4.46,4.61,4.429,4.574
1758153600000,4.574,4.638,4.556,4.635
1758168000000,4.635,4.643,4.552,4.586
1758182400000,4.586,4.652,4.578,4.608
1758196800000,4.608,4.679,4.596,4.671
1758211200000,4.671,4.745,4.671,4.693
1758225600000,4.693,4.739,4.665,4.687
1758240000000,4.687,4.78,4.675,4.678
1758254400000,4.678,4.722,4.612,4.647
1758268800000,4.647,4.693,4.576,4.596
1758283200000,4.596,4.651,4.561,4.595
1758297600000,4.595,4.621,4.539,4.551
1758312000000,4.551,4.577,4.514,4.546
1758326400000,4.546,4.59,4.535,4.559
1758340800000,4.559,4.698,4.549,4.698
1758355200000,4.698,4.73,4.575,4.631
1758369600000,4.631,4.687,4.596,4.657
1758384000000,4.657,4.721,4.589,4.603
1758398400000,4.603,4.651,4.595,4.615
1758412800000,4.615,4.645,4.58,4.636
1758427200000,4.636,4.697,4.611,4.685
1758441600000,4.685,4.701,4.565,4.608
1758456000000,4.608,4.655,4.6,4.61
1758470400000,4.61,4.661,4.568,4.66
1758484800000,4.66,4.66,4.606,4.61
1758499200000,4.61,4.634,4.384,4.46
1758513600000,4.46,4.473,4.121,4.275
1758528000000,4.275,4.302,4.224,4.274
1758542400000,4.274,4.297,4.217,4.227
1758556800000,4.227,4.247,4.188,4.195
1758571200000,4.195,4.302,4.193,4.301
1758585600000,4.301,4.321,4.204,4.285
1758600000000,4.285,4.367,4.249,4.333
1758614400000,4.333,4.368,4.313,4.332
1758628800000,4.332,4.337,4.286,4.309
1758643200000,4.309,4.352,4.243,4.253
1758657600000,4.253,4.318,4.251,4.292
1758672000000,4.292,4.333,4.245,4.247
1758686400000,4.247,4.318,4.196,4.306
1758700800000,4.306,4.347,4.29,4.334
1758715200000,4.334,4.343,4.275,4.289
1758729600000,4.289,4.321,4.252,4.268
1758744000000,4.268,4.282,4.219,4.231
1758758400000,4.231,4.236,4.151,4.184
1758772800000,4.184,4.193,4.108,4.127
1758787200000,4.127,4.163,4.093,4.107
1758801600000,4.107,4.136,4.007,4.093
1758816000000,4.093,4.094,3.908,3.988
1758830400000,3.988,3.992,3.893,3.929
1758844800000,3.929,3.989,3.917,3.983
1758859200000,3.983,3.998,3.932,3.961
1758873600000,3.961,3.986,3.895,3.936
1758888000000,3.936,4.012,3.902,4.011
1758902400000,4.011,4.111,4.004,4.075
1758916800000,4.075,4.118,4.064,4.104
1758931200000,4.104,4.114,4.071,4.079
1758945600000,4.079,4.122,4.076,4.105
1758960000000,4.105,4.118,4.052,4.088
1758974400000,4.088,4.127,4.07,4.123
1758988800000,4.123,4.189,4.096,4.184
1759003200000,4.184,4.264,4.178,4.215
1759017600000,4.215,4.221,4.138,4.171
1759032000000,4.171,4.171,4.093,4.106
1759046400000,4.106,4.111,4.055,4.079
1759060800000,4.079,4.151,4.056,4.14
1759075200000,4.14,4.171,4.138,4.153
1759089600000,4.153,4.251,4.146,4.226
1759104000000,4.226,4.248,4.215,4.24
1759118400000,4.24,4.266,4.225,4.254
1759132800000,4.254,4.303,4.208,4.25
1759147200000,4.25,4.312,4.185,4.275
1759161600000,4.275,4.297,4.228,4.293
1759176000000,4.293,4.33,4.276,4.279
1759190400000,4.279,4.288,4.219,4.247
1759204800000,4.247,4.266,4.232,4.232
1759219200000,4.232,4.289,4.193,4.283
1759233600000,4.283,4.298,4.2,4.246
1759248000000,4.246,4.338,4.207,4.328
1759262400000,4.328,4.403,4.324,4.398
1759276800000,4.398,4.497,4.392,4.414
1759291200000,4.414,4.454,4.369,4.437
1759305600000,4.437,4.619,4.43,4.605
1759320000000,4.605,4.648,4.553,4.648
1759334400000,4.648,4.797,4.619,4.772
1759348800000,4.772,4.874,4.757,4.874
1759363200000,4.874,4.907,4.812,4.906
1759377600000,4.906,4.992,4.84,4.853
1759392000000,4.853,5.139,4.853,5.11
1759406400000,5.11,5.146,4.921,5.022
1759420800000,5.022,5.194,4.997,5.189
1759435200000,5.189,5.23,5.139,5.223
1759449600000,5.223,5.238,5.092,5.118
1759464000000,5.118,5.184,5.067,5.132
1759478400000,5.132,5.183,5.091,5.178
1759492800000,5.178,5.4,5.157,5.38
1759507200000,5.38,5.451,5.217,5.416
1759521600000,5.416,5.436,5.359,5.367
1759536000000,5.367,5.462,5.344,5.436
1759550400000,5.436,5.538,5.414,5.53
1759564800000,5.53,5.552,5.107,5.151
1759579200000,5.151,5.218,5.109,5.135
1759593600000,5.135,5.238,5.124,5.237
1759608000000,5.237,5.249,5.181,5.196
1759622400000,5.196,5.312,5.196,5.266
1759636800000,5.266,5.596,5.264,5.588
1759651200000,5.588,5.651,5.439,5.532
1759665600000,5.532,5.54,5.371,5.494
1759680000000,5.494,5.554,5.396,5.402
1759694400000,5.402,5.518,5.386,5.454
1759708800000,5.454,5.485,5.324,5.435
1759723200000,5.435,5.441,5.311,5.356
1759737600000,5.356,5.359,5.249,5.293
1759752000000,5.293,5.406,5.29,5.386
1759766400000,5.386,5.495,5.308,5.418
1759780800000,5.418,5.43,5.266,5.274
1759795200000,5.274,5.344,5.219,5.257
1759809600000,5.257,5.407,5.211,5.342
1759824000000,5.342,5.453,5.292,5.424
1759838400000,5.424,5.475,5.208,5.249
1759852800000,5.249,5.357,5.183,5.292
1759867200000,5.292,5.365,5.261,5.309
1759881600000,5.309,5.373,5.212,5.216
1759896000000,5.216,5.37,5.172,5.286
1759910400000,5.286,5.294,5.169,5.19
1759924800000,5.19,5.277,5.13,5.208
1759939200000,5.208,5.313,5.174,5.212
1759953600000,5.212,5.23,5.158,5.168
1759968000000,5.168,5.169,4.979,5.055
1759982400000,5.055,5.089,5.02,5.039
1759996800000,5.039,5.042,4.938,4.943
1760011200000,4.943,4.965,4.801,4.912
1760025600000,4.912,5.013,4.864,5.01
1760040000000,5.01,5.05,4.986,5.001
1760054400000,5.001,5.117,5.0,5.085
1760068800000,5.085,5.102,4.94,4.959
1760083200000,4.959,4.977,4.923,4.952
1760097600000,4.952,5.062,4.76,4.88
1760112000000,4.88,4.92,4.741,4.771
1760126400000,4.771,4.809,1.696,3.672
1760140800000,3.672,3.936,3.501,3.871
1760155200000,3.871,4.056,3.849,3.971
1760169600000,3.971,4.113,3.833,3.876
1760184000000,3.876,3.876,3.671,3.836
1760198400000,3.836,3.876,3.627,3.656
1760212800000,3.656,3.686,3.532,3.637
1760227200000,3.637,3.643,3.498,3.546
1760241600000,3.546,3.653,3.532,3.616
1760256000000,3.616,3.627,3.521,3.575
1760270400000,3.575,3.904,3.51,3.887
1760284800000,3.887,3.978,3.823,3.967
1760299200000,3.967,4.025,3.835,3.901
1760313600000,3.901,3.921,3.794,3.833
1760328000000,3.833,3.898,3.8,3.822
1760342400000,3.822,3.862,3.633,3.715
1760356800000,3.715,3.839,3.683,3.798
1760371200000,3.798,3.923,3.765,3.911
1760385600000,3.911,3.964,3.881,3.923
1760400000000,3.923,3.944,3.766,3.794
1760414400000,3.794,3.805,3.572,3.612
1760428800000,3.612,3.661,3.556,3.624
1760443200000,3.624,3.667,3.524,3.661
1760457600000,3.661,3.714,3.599,3.646
1760472000000,3.646,3.699,3.623,3.681
1760486400000,3.681,3.701,3.608,3.662
1760500800000,3.662,3.702,3.626,3.7
1760515200000,3.7,3.756,3.599,3.625
1760529600000,3.625,3.631,3.468,3.487
1760544000000,3.487,3.533,3.468,3.487
1760558400000,3.487,3.521,3.412,3.518
1760572800000,3.518,3.579,3.446,3.468
1760587200000,3.468,3.515,3.458,3.486
1760601600000,3.486,3.537,3.3,3.533
1760616000000,3.533,3.564,3.344,3.357
1760630400000,3.357,3.418,3.266,3.298
1760644800000,3.298,3.324,3.237,3.292
1760659200000,3.292,3.339,3.245,3.265
1760673600000,3.265,3.268,3.007,3.025
1760688000000,3.025,3.131,2.953,3.117
1760702400000,3.117,3.175,3.069,3.173
1760716800000,3.173,3.223,3.144,3.155
1760731200000,3.155,3.208,3.146,3.186
1760745600000,3.186,3.23,3.171,3.191
1760760000000,3.191,3.198,3.114,3.122
1760774400000,3.122,3.192,3.119,3.181
1760788800000,3.181,3.19,3.114,3.156
1760803200000,3.156,3.211,3.128,3.196
1760817600000,3.196,3.218,3.177,3.201
1760832000000,3.201,3.204,3.149,3.169
1760846400000,3.169,3.192,3.156,3.17
1760860800000,3.17,3.232,3.121,3.19
1760875200000,3.19,3.258,3.155,3.233
1760889600000,3.233,3.249,3.174,3.199
1760904000000,3.199,3.227,3.177,3.19
1760918400000,3.19,3.259,3.124,3.25
1760932800000,3.25,3.328,3.231,3.274
1760947200000,3.274,3.333,3.251,3.322
1760961600000,3.322,3.357,3.282,3.282
1760976000000,3.282,3.283,3.197,3.265
1760990400000,3.265,3.284,3.247,3.257
1761004800000,3.257,3.263,3.159,3.17
1761019200000,3.17,3.176,3.11,3.152
1761033600000,3.152,3.17,3.113,3.158
1761048000000,3.158,3.361,3.147,3.349
1761062400000,3.349,3.378,3.283,3.311
1761076800000,3.311,3.317,3.199,3.215
1761091200000,3.215,3.306,3.202,3.223
1761105600000,3.223,3.251,3.173,3.23
1761120000000,3.23,3.37,3.196,3.317
1761134400000,3.317,3.383,3.266,3.301
1761148800000,3.301,3.324,3.191,3.216
1761163200000,3.216,3.224,3.081,3.184
1761177600000,3.184,3.212,3.157,3.189
1761192000000,3.189,3.253,3.176,3.22
1761206400000,3.22,3.262,3.204,3.207
1761220800000,3.207,3.296,3.175,3.275
1761235200000,3.275,3.319,3.262,3.282
1761249600000,3.282,3.282,3.21,3.24
1761264000000,3.24,3.259,3.164,3.178
1761278400000,3.178,3.261,3.16,3.229
1761292800000,3.229,3.263,3.202,3.233
1761307200000,3.233,3.303,3.187,3.24
1761321600000,3.24,3.289,3.21,3.276
1761336000000,3.276,3.316,3.275,3.3
1761350400000,3.3,3.327,3.271,3.273
1761364800000,3.273,3.302,3.24,3.266
1761379200000,3.266,3.307,3.255,3.299
1761393600000,3.299,3.324,3.284,3.289
1761408000000,3.289,3.316,3.278,3.313
1761422400000,3.313,3.315,3.296,3.31
1761436800000,3.31,3.318,3.275,3.285
1761451200000,3.285,3.333,3.285,3.324
1761465600000,3.324,3.443,3.322,3.436
1761480000000,3.436,3.588,3.436,3.58
1761494400000,3.58,3.621,3.503,3.558
1761508800000,3.558,3.605,3.516,3.583
1761523200000,3.583,3.618,3.558,3.586
1761537600000,3.586,3.644,3.487,3.531
1761552000000,3.531,3.543,3.459,3.5
1761566400000,3.5,3.507,3.411,3.468
1761580800000,3.468,3.54,3.468,3.481
1761595200000,3.481,3.482,3.424,3.456
1761609600000,3.456,3.469,3.406,3.425
1761624000000,3.425,3.507,3.403,3.456
1761638400000,3.456,3.502,3.439,3.45
1761652800000,3.45,3.509,3.388,3.447
1761667200000,3.447,3.486,3.405,3.419
1761681600000,3.419,3.419,3.298,3.352
1761696000000,3.352,3.368,3.326,3.326
1761710400000,3.326,3.364,3.324,3.356
1761724800000,3.356,3.425,3.325,3.417
1761739200000,3.417,3.439,3.342,3.357
1761753600000,3.357,3.484,3.297,3.449
1761768000000,3.449,3.506,3.382,3.4
1761782400000,3.4,3.447,3.375,3.406
1761796800000,3.406,3.464,3.273,3.452
1761811200000,3.452,3.46,3.346,3.349
1761825600000,3.349,3.357,3.172,3.189
1761840000000,3.189,3.204,3.066,3.075
1761854400000,3.075,3.204,3.062,3.199
1761868800000,3.199,3.264,3.182,3.219
1761883200000,3.219,3.274,3.219,3.231
1761897600000,3.231,3.284,3.202,3.279
1761912000000,3.279,3.306,3.247,3.286
1761926400000,3.286,3.295,3.188,3.286
1761940800000,3.286,3.296,3.242,3.255
1761955200000,3.255,3.297,3.237,3.285
1761969600000,3.285,3.293,3.226,3.282
1761984000000,3.282,3.304,3.266,3.286
1761998400000,3.286,3.336,3.271,3.311
1762012800000,3.311,3.333,3.298,3.311
1762027200000,3.311,3.333,3.272,3.328
1762041600000,3.328,3.333,3.288,3.292
1762056000000,3.292,3.398,3.287,3.386
1762070400000,3.386,3.423,3.339,3.389
1762084800000,3.389,3.415,3.276,3.284
1762099200000,3.284,3.315,3.242,3.283
1762113600000,3.283,3.38,3.275,3.369
1762128000000,3.369,3.381,3.131,3.145
1762142400000,3.145,3.18,3.068,3.128
1762156800000,3.128,3.163,3.062,3.102
1762171200000,3.102,3.13,2.763,2.84
1762185600000,2.84,2.949,2.811,2.817
1762200000000,2.817,2.821,2.723,2.775
1762214400000,2.775,2.842,2.743,2.784
1762228800000,2.784,2.814,2.626,2.643
1762243200000,2.643,2.78,2.626,2.738
1762257600000,2.738,2.756,2.631,2.674
1762272000000,2.674,2.692,2.502,2.549
1762286400000,2.549,2.589,2.38,2.557
1762300800000,2.557,2.623,2.413,2.616
1762315200000,2.616,2.635,2.575,2.606
1762329600000,2.606,2.632,2.553,2.623
1762344000000,2.623,2.658,2.6,2.654
1762358400000,2.654,2.68,2.617,2.661
1762372800000,2.661,2.704,2.652,2.675
1762387200000,2.675,2.689,2.612,2.671
1762401600000,2.671,2.686,2.598,2.619
1762416000000,2.619,2.657,2.604,2.636
1762430400000,2.636,2.701,2.602,2.686
1762444800000,2.686,2.738,2.635,2.708
1762459200000,2.708,2.765,2.675,2.735
1762473600000,2.735,3.046,2.721,2.989
1762488000000,2.989,3.168,2.987,3.167
1762502400000,3.167,3.167,2.899,2.919
1762516800000,2.919,3.138,2.828,3.122
1762531200000,3.122,3.238,3.041,3.176
1762545600000,3.176,3.275,3.144,3.162
1762560000000,3.162,3.239,3.106,3.128
1762574400000,3.128,3.165,3.053,3.109
1762588800000,3.109,3.167,3.077,3.141
1762603200000,3.141,3.165,3.005,3.022
1762617600000,3.022,3.084,2.974,3.056
1762632000000,3.056,3.098,3.037,3.078
1762646400000,3.078,3.08,2.948,2.968
1762660800000,2.968,3.03,2.966,3.026
1762675200000,3.026,3.048,2.932,3.026
1762689600000,3.026,3.133,3.021,3.115
1762704000000,3.115,3.251,3.093,3.249
1762718400000,3.249,3.255,3.189,3.232
1762732800000,3.232,3.263,3.189,3.248
1762747200000,3.248,3.274,3.207,3.226
1762761600000,3.226,3.325,3.201,3.27
1762776000000,3.27,3.286,3.175,3.227
1762790400000,3.227,3.292,3.177,3.257
1762804800000,3.257,3.347,3.228,3.296
1762819200000,3.296,3.374,3.255,3.328
1762833600000,3.328,3.336,3.158,3.162
1762848000000,3.162,3.229,3.143,3.192
1762862400000,3.192,3.263,3.16,3.201
1762876800000,3.201,3.232,3.113,3.122
1762891200000,3.122,3.131,3.066,3.088
1762905600000,3.088,3.139,3.051,3.134
1762920000000,3.134,3.139,3.093,3.097
1762934400000,3.097,3.199,3.095,3.139
1762948800000,3.139,3.163,3.035,3.072
1762963200000,3.072,3.09,2.986,3.016
1762977600000,3.016,3.077,3.004,3.033
1762992000000,3.033,3.085,2.974,3.057
1763006400000,3.057,3.131,3.035,3.088
1763020800000,3.088,3.109,3.05,3.082
1763035200000,3.082,3.164,3.039,3.067
1763049600000,3.067,3.076,2.862,2.878
1763064000000,2.878,2.998,2.86,2.977
1763078400000,2.977,3.0,2.908,2.926
1763092800000,2.926,2.967,2.808,2.944
1763107200000,2.944,2.946,2.874,2.883
1763121600000,2.883,3.108,2.831,3.098
1763136000000,3.098,3.132,3.024,3.039
1763150400000,3.039,3.041,2.864,2.918
1763164800000,2.918,2.979,2.912,2.955
1763179200000,2.955,3.026,2.952,2.959
1763193600000,2.959,2.965,2.888,2.898
1763208000000,2.898,2.957,2.888,2.93
1763222400000,2.93,2.969,2.903,2.944
1763236800000,2.944,2.946,2.893,2.923
1763251200000,2.923,2.942,2.856,2.94
1763265600000,2.94,2.974,2.907,2.95
1763280000000,2.95,2.961,2.875,2.884
1763294400000,2.884,2.906,2.829,2.835
1763308800000,2.835,2.857,2.74,2.805
1763323200000,2.805,2.843,2.762,2.829
1763337600000,2.829,2.896,2.809,2.892
1763352000000,2.892,2.913,2.855,2.908
1763366400000,2.908,2.924,2.884,2.915
1763380800000,2.915,2.951,2.81,2.851
1763395200000,2.851,2.881,2.698,2.715
1763409600000,2.715,2.752,2.677,2.751
1763424000000,2.751,2.82,2.71,2.805
1763438400000,2.805,2.852,2.77,2.811
1763452800000,2.811,2.909,2.81,2.876
1763467200000,2.876,2.967,2.828,2.938
1763481600000,2.938,2.96,2.901,2.933
1763496000000,2.933,2.945,2.887,2.91
1763510400000,2.91,2.927,2.863,2.87
1763524800000,2.87,2.879,2.804,2.875
1763539200000,2.875,2.907,2.85,2.899
1763553600000,2.899,2.904,2.803,2.809
1763568000000,2.809,2.83,2.709,2.733
1763582400000,2.733,2.884,2.726,2.884
1763596800000,2.884,2.975,2.87,2.962
1763611200000,2.962,3.0,2.933,2.966
1763625600000,2.966,3.036,2.948,3.025
1763640000000,3.025,3.057,2.947,2.953
1763654400000,2.953,2.955,2.739,2.777
1763668800000,2.777,2.849,2.729,2.74
1763683200000,2.74,2.824,2.709,2.713
1763697600000,2.713,2.726,2.391,2.541
1763712000000,2.541,2.583,2.448,2.462
1763726400000,2.462,2.54,2.408,2.463
1763740800000,2.463,2.547,2.43,2.445
1763755200000,2.445,2.445,2.329,2.391
1763769600000,2.391,2.408,2.355,2.372
1763784000000,2.372,2.375,2.277,2.341
1763798400000,2.341,2.344,2.292,2.331
1763812800000,2.331,2.349,2.283,2.318
1763827200000,2.318,2.343,2.295,2.312
1763841600000,2.312,2.366,2.304,2.325
1763856000000,2.325,2.357,2.305,2.344
1763870400000,2.344,2.371,2.322,2.341
1763884800000,2.341,2.362,2.33,2.347
1763899200000,2.347,2.368,2.317,2.349
1763913600000,2.349,2.366,2.311,2.349
1763928000000,2.349,2.376,2.325,2.336
1763942400000,2.336,2.385,2.304,2.364
1763956800000,2.364,2.373,2.301,2.306
1763971200000,2.306,2.307,2.233,2.265
1763985600000,2.265,2.291,2.231,2.264
1764000000000,2.264,2.371,2.261,2.35
1764014400000,2.35,2.388,2.34,2.341
1764028800000,2.341,2.363,2.296,2.306
1764043200000,2.306,2.323,2.257,2.26
1764057600000,2.26,2.276,2.24,2.255
1764072000000,2.255,2.276,2.191,2.224
1764086400000,2.224,2.297,2.196,2.231
1764100800000,2.231,2.313,2.227,2.292
1764115200000,2.292,2.298,2.247,2.26
1764129600000,2.26,2.287,2.256,2.283
1764144000000,2.283,2.283,2.221,2.23
1764158400000,2.23,2.232,2.146,2.165
1764172800000,2.165,2.29,2.164,2.272
1764187200000,2.272,2.292,2.251,2.27
1764201600000,2.27,2.298,2.238,2.239
1764216000000,2.239,2.269,2.226,2.261
1764230400000,2.261,2.284,2.245,2.253
1764244800000,2.253,2.317,2.243,2.304
1764259200000,2.304,2.348,2.303,2.316
1764273600000,2.316,2.317,2.261,2.264
1764288000000,2.264,2.271,2.204,2.218
1764302400000,2.218,2.221,2.172,2.191
1764316800000,2.191,2.247,2.158,2.174
1764331200000,2.174,2.227,2.154,2.196
1764345600000,2.196,2.197,2.104,2.127
1764360000000,2.127,2.156,2.107,2.154
1764374400000,2.154,2.158,2.12,2.129
1764388800000,2.129,2.142,2.101,2.114
1764403200000,2.114,2.117,2.06,2.076
1764417600000,2.076,2.077,2.014,2.035
1764432000000,2.035,2.035,1.969,2.02
1764446400000,2.02,2.047,2.011,2.037
1764460800000,2.037,2.038,2.006,2.033
1764475200000,2.033,2.052,2.007,2.032
1764489600000,2.032,2.034,2.003,2.008
1764504000000,2.008,2.042,1.997,2.025
1764518400000,2.025,2.054,2.02,2.028
1764532800000,2.028,2.035,1.976,1.982
1764547200000,1.982,1.984,1.833,1.849
1764561600000,1.849,1.862,1.813,1.831
1764576000000,1.831,1.856,1.819,1.839
1764590400000,1.839,1.88,1.808,1.84
1764604800000,1.84,1.855,1.811,1.836
1764619200000,1.836,1.875,1.836,1.867
1764633600000,1.867,1.875,1.837,1.865
1764648000000,1.865,1.954,1.854,1.94
1764662400000,1.94,1.944,1.872,1.888
1764676800000,1.888,2.005,1.888,2.002
1764691200000,2.002,2.005,1.966,1.976
1764705600000,1.976,1.981,1.945,1.968
1764720000000,1.968,2.003,1.965,1.985
1764734400000,1.985,2.018,1.981,2.009
1764748800000,2.009,2.031,1.985,1.997
1764763200000,1.997,2.019,1.951,1.988
1764777600000,1.988,2.012,1.973,2.005
1764792000000,2.005,2.041,1.994,2.018
1764806400000,2.018,2.036,2.003,2.01
1764820800000,2.01,2.016,1.986,1.991
1764835200000,1.991,2.014,1.982,1.991
1764849600000,1.991,2.01,1.96,1.994
1764864000000,1.994,2.005,1.912,1.951
1764878400000,1.951,1.96,1.928,1.934
1764892800000,1.934,1.953,1.921,1.925
1764907200000,1.925,1.93,1.89,1.905
1764921600000,1.905,1.906,1.835,1.847
1764936000000,1.847,1.859,1.804,1.815
1764950400000,1.815,1.815,1.71,1.737
1764964800000,1.737,1.755,1.715,1.746
1764979200000,1.746,1.747,1.701,1.737
1764993600000,1.737,1.738,1.704,1.727
1765008000000,1.727,1.729,1.686,1.715
1765022400000,1.715,1.771,1.705,1.755
1765036800000,1.755,1.815,1.753,1.763
1765051200000,1.763,1.775,1.743,1.755
1765065600000,1.755,1.758,1.737,1.746
1765080000000,1.746,1.749,1.72,1.727
1765094400000,1.727,1.735,1.703,1.71
1765108800000,1.71,1.743,1.657,1.723
1765123200000,1.723,1.773,1.704,1.759
1765137600000,1.759,1.763,1.669,1.706
1765152000000,1.706,1.746,1.681,1.739
1765166400000,1.739,1.772,1.739,1.762
1765180800000,1.762,1.786,1.756,1.761
1765195200000,1.761,1.799,1.753,1.768
1765209600000,1.768,1.8,1.753,1.777
1765224000000,1.777,1.81,1.777,1.789
1765238400000,1.789,1.796,1.749,1.775
1765252800000,1.775,1.791,1.73,1.788
1765267200000,1.788,1.792,1.726,1.749
1765281600000,1.749,1.832,1.744,1.83
1765296000000,1.83,1.921,1.829,1.895
1765310400000,1.895,1.912,1.853,1.885
1765324800000,1.885,1.889,1.835,1.84
1765339200000,1.84,1.847,1.814,1.824
1765353600000,1.824,1.827,1.776,1.786
1765368000000,1.786,1.807,1.768,1.793
1765382400000,1.793,1.859,1.786,1.855
1765396800000,1.855,1.912,1.766,1.776
1765411200000,1.776,1.779,1.689,1.693
1765425600000,1.693,1.74,1.684,1.708
1765440000000,1.708,1.711,1.694,1.705
1765454400000,1.705,1.717,1.681,1.696
1765468800000,1.696,1.736,1.679,1.711
1765483200000,1.711,1.758,1.706,1.723
1765497600000,1.723,1.734,1.697,1.718
1765512000000,1.718,1.733,1.702,1.709
1765526400000,1.709,1.728,1.688,1.708
1765540800000,1.708,1.716,1.611,1.622
1765555200000,1.622,1.649,1.597,1.621
1765569600000,1.621,1.64,1.62,1.631
1765584000000,1.631,1.666,1.624,1.664
1765598400000,1.664,1.671,1.641,1.659
1765612800000,1.659,1.688,1.651,1.68
1765627200000,1.68,1.688,1.652,1.688
1765641600000,1.688,1.708,1.682,1.695
1765656000000,1.695,1.705,1.674,1.697
1765670400000,1.697,1.7,1.679,1.686
1765684800000,1.686,1.689,1.662,1.676
1765699200000,1.676,1.694,1.65,1.668
1765713600000,1.668,1.677,1.635,1.638
1765728000000,1.638,1.649,1.621,1.628
1765742400000,1.628,1.638,1.595,1.613
1765756800000,1.613,1.67,1.613,1.649
1765771200000,1.649,1.67,1.64,1.644
1765785600000,1.644,1.662,1.635,1.64
1765800000000,1.64,1.662,1.542,1.552
1765814400000,1.552,1.574,1.521,1.556
1765828800000,1.556,1.574,1.534,1.571
1765843200000,1.571,1.588,1.552,1.567
1765857600000,1.567,1.569,1.537,1.552
1765872000000,1.552,1.597,1.55,1.595
1765886400000,1.595,1.604,1.55,1.6
1765900800000,1.6,1.606,1.58,1.598
1765915200000,1.598,1.603,1.583,1.59
1765929600000,1.59,1.599,1.576,1.582
1765944000000,1.582,1.585,1.554,1.572
1765958400000,1.572,1.572,1.543,1.56
1765972800000,1.56,1.641,1.546,1.56
1765987200000,1.56,1.572,1.487,1.513
1766001600000,1.513,1.529,1.476,1.5
1766016000000,1.5,1.503,1.47,1.479
1766030400000,1.479,1.488,1.458,1.486
1766044800000,1.486,1.503,1.483,1.492
1766059200000,1.492,1.566,1.489,1.544
1766073600000,1.544,1.549,1.414,1.419
1766088000000,1.419,1.469,1.418,1.449
1766102400000,1.449,1.502,1.422,1.489
1766116800000,1.489,1.525,1.474,1.515
1766131200000,1.515,1.525,1.508,1.516
1766145600000,1.516,1.583,1.512,1.569
1766160000000,1.569,1.66,1.567,1.63
1766174400000,1.63,1.662,1.621,1.636
1766188800000,1.636,1.648,1.621,1.635
1766203200000,1.635,1.659,1.619,1.656
1766217600000,1.656,1.698,1.628,1.637
1766232000000,1.637,1.64,1.597,1.598
1766246400000,1.598,1.611,1.591,1.599
1766260800000,1.599,1.63,1.599,1.61
1766275200000,1.61,1.615,1.592,1.609
1766289600000,1.609,1.634,1.605,1.624
1766304000000,1.624,1.656,1.612,1.617
1766318400000,1.617,1.624,1.554,1.565
1766332800000,1.565,1.587,1.556,1.575
1766347200000,1.575,1.592,1.548,1.573
1766361600000,1.573,1.612,1.554,1.585
1766376000000,1.585,1.636,1.58,1.636
1766390400000,1.636,1.648,1.609,1.642
1766404800000,1.642,1.651,1.62,1.646
1766419200000,1.646,1.665,1.604,1.609
1766433600000,1.609,1.63,1.599,1.619
1766448000000,1.619,1.634,1.591,1.597
1766462400000,1.597,1.641,1.581,1.593
1766476800000,1.593,1.608,1.566,1.602
1766491200000,1.602,1.602,1.555,1.582
1766505600000,1.582,1.626,1.578,1.611
1766520000000,1.611,1.629,1.598,1.611
1766534400000,1.611,1.622,1.569,1.592
1766548800000,1.592,1.603,1.566,1.579
1766563200000,1.579,1.588,1.562,1.565
1766577600000,1.565,1.611,1.552,1.592
1766592000000,1.592,1.618,1.579,1.616
1766606400000,1.616,1.644,1.61,1.639
1766620800000,1.639,1.659,1.617,1.649
1766635200000,1.649,1.688,1.642,1.671
1766649600000,1.671,1.678,1.63,1.642
1766664000000,1.642,1.662,1.634,1.656
1766678400000,1.656,1.658,1.627,1.648
1766692800000,1.648,1.653,1.588,1.592
1766707200000,1.592,1.697,1.589,1.673
1766721600000,1.673,1.719,1.659,1.667
1766736000000,1.667,1.692,1.663,1.689
1766750400000,1.689,1.709,1.659,1.67
1766764800000,1.67,1.692,1.643,1.686
1766779200000,1.686,1.702,1.668,1.678
1766793600000,1.678,1.717,1.673,1.715
1766808000000,1.715,1.717,1.692,1.696
1766822400000,1.696,1.737,1.688,1.73
1766836800000,1.73,1.752,1.71,1.737
1766851200000,1.737,1.741,1.714,1.721
1766865600000,1.721,1.76,1.711,1.754
1766880000000,1.754,1.756,1.73,1.744
1766894400000,1.744,1.752,1.738,1.746
1766908800000,1.746,1.756,1.722,1.73
1766923200000,1.73,1.741,1.714,1.727
1766937600000,1.727,1.74,1.701,1.702
1766952000000,1.702,1.725,1.694,1.724
1766966400000,1.724,1.775,1.712,1.764
1766980800000,1.764,1.806,1.746,1.755
1766995200000,1.755,1.761,1.713,1.72
1767009600000,1.72,1.723,1.684,1.705
1767024000000,1.705,1.715,1.678,1.682
1767038400000,1.682,1.69,1.671,1.675
1767052800000,1.675,1.72,1.667,1.682
1767067200000,1.682,1.693,1.667,1.684
1767081600000,1.684,1.732,1.684,1.729
1767096000000,1.729,1.754,1.702,1.75
1767110400000,1.75,1.753,1.704,1.72
1767124800000,1.72,1.72,1.695,1.716
1767139200000,1.716,1.734,1.701,1.725
1767153600000,1.725,1.74,1.687,1.701
1767168000000,1.701,1.703,1.682,1.7
1767182400000,1.7,1.705,1.683,1.703
1767196800000,1.703,1.708,1.643,1.655
1767211200000,1.655,1.676,1.642,1.659
1767225600000,1.659,1.668,1.651,1.661
1767240000000,1.661,1.685,1.653,1.676
1767254400000,1.676,1.707,1.665,1.706
1767268800000,1.706,1.776,1.699,1.776
1767283200000,1.776,1.858,1.773,1.849
1767297600000,1.849,1.875,1.825,1.862
1767312000000,1.862,1.875,1.831,1.872
1767326400000,1.872,1.885,1.839,1.847
1767340800000,1.847,1.872,1.839,1.845
1767355200000,1.845,1.857,1.806,1.844
1767369600000,1.844,1.894,1.832,1.884
1767384000000,1.884,1.909,1.872,1.904
1767398400000,1.904,1.932,1.883,1.927
1767412800000,1.927,1.928,1.854,1.86
1767427200000,1.86,1.867,1.845,1.865
1767441600000,1.865,1.897,1.859,1.887
1767456000000,1.887,1.917,1.883,1.903
1767470400000,1.903,1.919,1.89,1.9
1767484800000,1.9,1.922,1.894,1.917
1767499200000,1.917,1.927,1.894,1.917
1767513600000,1.917,1.917,1.897,1.913
1767528000000,1.913,1.926,1.905,1.924
1767542400000,1.924,1.957,1.902,1.918
1767556800000,1.918,1.951,1.914,1.939
1767571200000,1.939,1.978,1.932,1.942
1767585600000,1.942,1.947,1.896,1.917
1767600000000,1.917,1.927,1.896,1.917
1767614400000,1.917,1.962,1.901,1.956
1767628800000,1.956,1.987,1.916,1.961
1767643200000,1.961,1.979,1.942,1.963
1767657600000,1.963,1.977,1.93,1.965
1767672000000,1.965,1.982,1.9259,1.9328
1767686400000,1.9328,1.9614,1.9232,1.9604
1767700800000,1.9604,2.0095,1.9118,1.9311
1767715200000,1.9311,1.9353,1.863,1.905
1767729600000,1.905,1.9808,1.9049,1.9589
1767744000000,1.9589,1.9597,1.9033,1.9185
1767758400000,1.9185,1.954,1.8892,1.9511
1767772800000,1.9511,1.9595,1.909,1.9341
1767787200000,1.9341,1.939,1.8645,1.8772
1767801600000,1.8772,1.8972,1.8681,1.8866
1767816000000,1.8866,1.8942,1.8615,1.8846
1767830400000,1.8846,1.8952,1.8511,1.8599
1767844800000,1.8599,1.8749,1.8098,1.8456
1767859200000,1.8456,1.8562,1.7945,1.8108
1767873600000,1.8108,1.8199,1.7658,1.8192
1767888000000,1.8192,1.8378,1.8022,1.8099
1767902400000,1.8099,1.8397,1.7938,1.8167
1767916800000,1.8167,1.832,1.7924,1.8306
1767931200000,1.8306,1.8376,1.8014,1.813
1767945600000,1.813,1.8176,1.7749,1.7884
1767960000000,1.7884,1.8334,1.768,1.8174
1767974400000,1.8174,1.8417,1.7955,1.799
1767988800000,1.799,1.8354,1.797,1.8237
1768003200000,1.8237,1.8245,1.8043,1.8069
1768017600000,1.8069,1.8288,1.7972,1.8254
1768032000000,1.8254,1.8377,1.8152,1.8284
1768046400000,1.8284,1.8387,1.8173,1.8187
1768060800000,1.8187,1.8301,1.8045,1.8282
1768075200000,1.8282,1.8325,1.8027,1.8127
1768089600000,1.8127,1.8241,1.806,1.8136
1768104000000,1.8136,1.8228,1.7804,1.8031
1768118400000,1.8031,1.8087,1.793,1.8034
1768132800000,1.8034,1.818,1.7835,1.7886
1768147200000,1.7886,1.8149,1.7832,1.7862
1768161600000,1.7862,1.7862,1.7425,1.7688
1768176000000,1.7688,1.8211,1.7445,1.7878
1768190400000,1.7878,1.8029,1.7586,1.761
1768204800000,1.761,1.7716,1.7372,1.764
1768219200000,1.764,1.7779,1.7265,1.7741
1768233600000,1.7741,1.8087,1.7579,1.7692
1768248000000,1.7692,1.7848,1.7445,1.7649
1768262400000,1.7649,1.7891,1.762,1.783
1768276800000,1.783,1.8116,1.78,1.7928
1768291200000,1.7928,1.8128,1.7873,1.8051
1768305600000,1.8051,1.9124,1.8003,1.9108
1768320000000,1.9108,2.0031,1.902,1.9143
1768334400000,1.9143,1.9973,1.8902,1.9729
1768348800000,1.9729,1.988,1.948,1.964
1768363200000,1.964,1.9676,1.9255,1.9386
1768377600000,1.9386,1.9583,1.9264,1.9299
1768392000000,1.9299,1.9565,1.9038,1.9478
1768406400000,1.9478,1.9699,1.8929,1.9402
1768420800000,1.9402,1.9489,1.9191,1.9329
1768435200000,1.9329,1.9482,1.8771,1.884
1768449600000,1.884,1.9279,1.8808,1.9154
1768464000000,1.9154,1.9231,1.9021,1.9088
1768478400000,1.9088,1.9284,1.8309,1.8594
1768492800000,1.8594,1.8644,1.762,1.7831
1768507200000,1.7831,1.813,1.7773,1.8007
1768521600000,1.8007,1.8091,1.7835,1.7941
1768536000000,1.7941,1.8102,1.7784,1.8006
1768550400000,1.8006,1.8091,1.785,1.7927
1768564800000,1.7927,1.7957,1.7477,1.7541
1768579200000,1.7541,1.7721,1.7458,1.7698
1768593600000,1.7698,1.7998,1.7639,1.7879
1768608000000,1.7879,1.8081,1.7853,1.8069
1768622400000,1.8069,1.863,1.799,1.8504
1768636800000,1.8504,1.8875,1.8352,1.8395
1768651200000,1.8395,1.9075,1.839,1.8966
1768665600000,1.8966,1.9066,1.8782,1.8961
1768680000000,1.8961,1.8998,1.8596,1.8636
1768694400000,1.8636,1.8811,1.8302,1.8312
1768708800000,1.8312,1.8316,1.8136,1.8239
1768723200000,1.8239,1.8258,1.8102,1.8173
1768737600000,1.8173,1.8313,1.7848,1.8214
1768752000000,1.8214,1.8516,1.8105,1.8291
1768766400000,1.8291,1.8457,1.717,1.7223
1768780800000,1.7223,1.7223,1.5101,1.6471
1768795200000,1.6471,1.6471,1.6049,1.6064
1768809600000,1.6064,1.625,1.5912,1.5992
1768824000000,1.5992,1.6002,1.5733,1.5837
1768838400000,1.5837,1.628,1.581,1.6154
1768852800000,1.6154,1.6281,1.5901,1.6114
1768867200000,1.6114,1.6173,1.5967,1.6022
1768881600000,1.6022,1.614,1.577,1.5836
1768896000000,1.5836,1.6292,1.5611,1.583
1768910400000,1.583,1.6015,1.562,1.575
1768924800000,1.575,1.5843,1.5373,1.5457
1768939200000,1.5457,1.5659,1.516,1.532
1768953600000,1.532,1.5946,1.5304,1.5755
1768968000000,1.5755,1.5916,1.5718,1.5811
1768982400000,1.5811,1.592,1.5561,1.5595
1768996800000,1.5595,1.6027,1.5367,1.5762
1769011200000,1.5762,1.5939,1.505,1.593
1769025600000,1.593,1.5971,1.5456,1.5567
1769040000000,1.5567,1.5835,1.5567,1.5668
1769054400000,1.5668,1.5808,1.5507,1.5592
1769068800000,1.5592,1.5832,1.5531,1.5597
1769083200000,1.5597,1.5762,1.5154,1.5336
1769097600000,1.5336,1.5689,1.5289,1.5601
1769112000000,1.5601,1.5601,1.5314,1.5475
1769126400000,1.5475,1.5972,1.5427,1.5972
1769140800000,1.5972,1.6176,1.5726,1.5854
1769155200000,1.5854,1.5861,1.5639,1.5751
1769169600000,1.5751,1.5829,1.5404,1.576
1769184000000,1.576,1.6109,1.5503,1.5577
1769198400000,1.5577,1.5616,1.532,1.5521
1769212800000,1.5521,1.5652,1.5405,1.5594
1769227200000,1.5594,1.5633,1.5463,1.5483
1769241600000,1.5483,1.5592,1.5469,1.5529
1769256000000,1.5529,1.563,1.5397,1.5425
1769270400000,1.5425,1.5554,1.5333,1.5444
1769284800000,1.5444,1.5582,1.5434,1.5445
1769299200000,1.5445,1.565,1.535,1.5399
1769313600000,1.5399,1.5614,1.5344,1.5489
1769328000000,1.5489,1.5841,1.5362,1.5651
1769342400000,1.5651,1.5792,1.52,1.5323
1769356800000,1.5323,1.5323,1.4466,1.4569
1769371200000,1.4569,1.4902,1.448,1.4865
1769385600000,1.4865,1.5335,1.48,1.5133
1769400000000,1.5133,1.5416,1.5131,1.5333
1769414400000,1.5333,1.5512,1.5263,1.5348
1769428800000,1.5348,1.5901,1.5315,1.5623
1769443200000,1.5623,1.569,1.5284,1.5421
1769457600000,1.5421,1.5589,1.5345,1.5486
1769472000000,1.5486,1.5642,1.5448,1.551
1769486400000,1.551,1.5835,1.5363,1.5489
1769500800000,1.5489,1.5546,1.5276,1.5306
1769515200000,1.5306,1.5509,1.5225,1.5499
1769529600000,1.5499,1.5739,1.5312,1.5624
1769544000000,1.5624,1.5983,1.5608,1.5912
1769558400000,1.5912,1.6076,1.5784,1.6034
1769572800000,1.6034,1.6264,1.5895,1.5956
1769587200000,1.5956,1.6022,1.5819,1.5956
1769601600000,1.5956,1.5985,1.5705,1.585
1769616000000,1.585,1.6126,1.5794,1.6069
1769630400000,1.6069,1.6279,1.5929,1.6107
1769644800000,1.6107,1.6152,1.5487,1.5562
1769659200000,1.5562,1.5629,1.5438,1.5572
1769673600000,1.5572,1.5634,1.5467,1.5503
1769688000000,1.5503,1.5612,1.4582,1.4867
1769702400000,1.4867,1.511,1.4409,1.4644
1769716800000,1.4644,1.4947,1.4619,1.4922
1769731200000,1.4922,1.5058,1.434,1.4538
1769745600000,1.4538,1.4825,1.4198,1.446
1769760000000,1.446,1.4744,1.443,1.4686
1769774400000,1.4686,1.4843,1.4438,1.4542
1769788800000,1.4542,1.482,1.4125,1.4683
1769803200000,1.4683,1.4683,1.4382,1.451
1769817600000,1.451,1.4533,1.4279,1.4331
1769832000000,1.4331,1.4374,1.3995,1.413
1769846400000,1.413,1.4156,1.3624,1.3638
1769860800000,1.3638,1.3704,1.2728,1.2905
1769875200000,1.2905,1.3157,1.1379,1.2235
1769889600000,1.2235,1.2797,1.2116,1.2734
1769904000000,1.2734,1.2848,1.2531,1.2749
1769918400000,1.2749,1.2984,1.264,1.2932
1769932800000,1.2932,1.2935,1.2629,1.2759
1769947200000,1.2759,1.2847,1.223,1.2435
1769961600000,1.2435,1.2688,1.2279,1.2413
1769976000000,1.2413,1.2585,1.204,1.2347
1769990400000,1.2347,1.2729,1.1956,1.2474
1770004800000,1.2474,1.2649,1.2087,1.2391
1770019200000,1.2391,1.2704,1.2364,1.2611
1770033600000,1.2611,1.2965,1.2603,1.2852
1770048000000,1.2852,1.2913,1.2728,1.2736
1770062400000,1.2736,1.2864,1.2652,1.2781
1770076800000,1.2781,1.2803,1.2466,1.2717
1770091200000,1.2717,1.2836,1.2591,1.2723
1770105600000,1.2723,1.2877,1.2522,1.268
1770120000000,1.268,1.2871,1.2458,1.2849
1770134400000,1.2849,1.2851,1.1941,1.2513
1770148800000,1.2513,1.3021,1.2384,1.2471
1770163200000,1.2471,1.2767,1.2382,1.2694
1770177600000,1.2694,1.2805,1.2539,1.2746
1770192000000,1.2746,1.2778,1.2492,1.2613
1770206400000,1.2613,1.264,1.2015,1.2198
1770220800000,1.2198,1.2486,1.2001,1.2458
1770235200000,1.2458,1.2478,1.1942,1.2191
1770249600000,1.2191,1.2367,1.202,1.2046
1770264000000,1.2046,1.2204,1.1893,1.1953
1770278400000,1.1953,1.2096,1.1408,1.1576
1770292800000,1.1576,1.185,1.0777,1.1072
1770307200000,1.1072,1.1322,1.0704,1.0778
1770321600000,1.0778,1.0858,1.0164,1.0302
1770336000000,1.0302,1.0536,0.8982,1.0227
1770350400000,1.0227,1.0694,1.0167,1.0291
1770364800000,1.0291,1.0733,1.0213,1.0689
1770379200000,1.0689,1.1111,1.0604,1.1084
1770393600000,1.1084,1.1643,1.1019,1.1372
1770408000000,1.1372,1.1539,1.1201,1.1376
1770422400000,1.1376,1.1418,1.1188,1.1376
1770436800000,1.1376,1.1471,1.0853,1.0975
1770451200000,1.0975,1.1045,1.0795,1.0859
1770465600000,1.0859,1.1232,1.0847,1.1105
1770480000000,1.1105,1.1461,1.1079,1.1213
1770494400000,1.1213,1.13,1.1074,1.1116
1770508800000,1.1116,1.1118,1.0897,1.0902
1770523200000,1.0902,1.0966,1.0832,1.0889
1770537600000,1.0889,1.1063,1.0792,1.0928
1770552000000,1.0928,1.0955,1.0662,1.0715
1770566400000,1.0715,1.0821,1.048,1.075
1770580800000,1.075,1.0894,1.0532,1.0672
1770595200000,1.0672,1.0787,1.0571,1.0737
1770609600000,1.0737,1.0746,1.0559,1.0583
1770624000000,1.0583,1.0603,1.0161,1.0272
1770638400000,1.0272,1.0507,1.0073,1.0279
1770652800000,1.0279,1.0697,1.02,1.0556
1770667200000,1.0556,1.0578,1.0374,1.041
1770681600000,1.041,1.0469,1.0123,1.0197
1770696000000,1.0197,1.0314,0.9963,1.0006
1770710400000,1.0006,1.007,0.9881,0.9907
1770724800000,0.9907,1.0122,0.9782,0.9873
1770739200000,0.9873,0.9932,0.9696,0.984
1770753600000,0.984,0.9933,0.978,0.988
1770768000000,0.988,1.0101,0.9858,0.9972
1770782400000,0.9972,1.0026,0.96,0.9618
1770796800000,0.9618,0.9663,0.9468,0.9613
1770811200000,0.9613,0.9938,0.9196,0.9298
1770825600000,0.9298,0.9457,0.9227,0.9261
1770840000000,0.9261,0.9472,0.9145,0.9224
1770854400000,0.9224,0.9619,0.9224,0.9536
1770868800000,0.9536,0.9605,0.9424,0.9596
1770883200000,0.9596,0.9619,0.9404,0.9496
1770897600000,0.9496,0.9499,0.9124,0.9136
1770912000000,0.9136,0.9227,0.8905,0.9066
1770926400000,0.9066,0.9271,0.8926,0.9235
1770940800000,0.9235,0.9252,0.9109,0.9159
1770955200000,0.9159,0.9204,0.8956,0.9149
1770969600000,0.9149,0.9267,0.9062,0.9109
1770984000000,0.9109,0.9477,0.9072,0.9348
1770998400000,0.9348,0.957,0.9342,0.9488
1771012800000,0.9488,0.9549,0.9363,0.9396
1771027200000,0.9396,0.9554,0.9351,0.9469
1771041600000,0.9469,0.9587,0.9417,0.9558
1771056000000,0.9558,0.9673,0.9551,0.9637
1771070400000,0.9637,0.9752,0.9487,0.9746
1771084800000,0.9746,1.0073,0.9618,1.0037
1771099200000,1.0037,1.0058,0.9823,0.9869
1771113600000,0.9869,0.9875,0.9578,0.9746
1771128000000,0.9746,0.9865,0.9683,0.9843
1771142400000,0.9843,0.9872,0.9532,0.9624
1771156800000,0.9624,0.9634,0.9209,0.9272
1771171200000,0.9272,0.9289,0.9042,0.9151
1771185600000,0.9151,0.9339,0.9112,0.933
1771200000000,0.933,0.9381,0.9223,0.926
1771214400000,0.926,0.9345,0.913,0.9159
1771228800000,0.9159,0.9238,0.9012,0.9106
1771243200000,0.9106,0.9352,0.8961,0.9006
1771257600000,0.9006,0.9187,0.8982,0.9154
1771272000000,0.9154,0.9374,0.912,0.9286
1771286400000,0.9286,0.9373,0.9196,0.9285
1771300800000,0.9285,0.934,0.9163,0.9299
1771315200000,0.9299,0.937,0.916,0.9361
1771329600000,0.9361,0.9471,0.9079,0.9256
1771344000000,0.9256,0.9396,0.9065,0.9218
1771358400000,0.9218,0.9226,0.9129,0.9161
1771372800000,0.9161,0.9238,0.9053,0.9226
1771387200000,0.9226,0.9275,0.916,0.9229
1771401600000,0.9229,0.9289,0.899,0.9049
1771416000000,0.9049,0.9112,0.8813,0.9007
1771430400000,0.9007,0.9055,0.8683,0.8751
1771444800000,0.8751,0.8826,0.8673,0.8778
1771459200000,0.8778,0.8882,0.8705,0.8862
1771473600000,0.8862,0.8915,0.881,0.8853
1771488000000,0.8853,0.8853,0.8538,0.8623
1771502400000,0.8623,0.869,0.8402,0.8468
1771516800000,0.8468,0.8626,0.8371,0.8598
1771531200000,0.8598,0.8659,0.853,0.8659
1771545600000,0.8659,0.8737,0.8642,0.8665
1771560000000,0.8665,0.8707,0.8568,0.86
1771574400000,0.86,0.8739,0.8596,0.8622
1771588800000,0.8622,0.8864,0.8434,0.8816
1771603200000,0.8816,0.8873,0.8576,0.874
1771617600000,0.874,0.8852,0.8705,0.8826
1771632000000,0.8826,0.8858,0.8745,0.8808
1771646400000,0.8808,0.8937,0.879,0.8844
1771660800000,0.8844,0.9082,0.8842,0.9019
1771675200000,0.9019,0.9053,0.8925,0.8979
1771689600000,0.8979,0.8982,0.8884,0.8931
1771704000000,0.8931,0.8933,0.8836,0.885
1771718400000,0.885,0.885,0.8547,0.8604
1771732800000,0.8604,0.8621,0.8516,0.8577
1771747200000,0.8577,0.8604,0.8456,0.8533
1771761600000,0.8533,0.8533,0.821,0.8332
1771776000000,0.8332,0.8366,0.8242,0.831
1771790400000,0.831,0.8419,0.8251,0.8403
1771804800000,0.8403,0.842,0.788,0.8053
1771819200000,0.8053,0.8476,0.8011,0.8388
1771833600000,0.8388,0.8641,0.8371,0.8581
1771848000000,0.8581,0.8654,0.8189,0.8219
1771862400000,0.8219,0.8267,0.8017,0.8094
1771876800000,0.8094,0.819,0.8066,0.8092
1771891200000,0.8092,0.8207,0.7965,0.8103
1771905600000,0.8103,0.814,0.7964,0.8026
1771920000000,0.8026,0.8125,0.7987,0.8117
1771934400000,0.8117,0.8267,0.799,0.8263
1771948800000,0.8263,0.8369,0.8205,0.8263
1771963200000,0.8263,0.8285,0.8169,0.8228
1771977600000,0.8228,0.8679,0.8202,0.8449
1771992000000,0.8449,0.8505,0.8322,0.8472
1772006400000,0.8472,0.8724,0.8442,0.8709
1772020800000,0.8709,0.9583,0.8707,0.9536
1772035200000,0.9536,1.0565,0.9536,1.056
1772049600000,1.056,1.111,0.9912,1.004
1772064000000,1.004,1.0099,0.9682,0.9786
1772078400000,0.9786,0.9831,0.9507,0.9608
1772092800000,0.9608,0.9721,0.9497,0.9547
1772107200000,0.9547,0.9926,0.9526,0.9718
1772121600000,0.9718,0.974,0.9268,0.9672
1772136000000,0.9672,0.9719,0.9519,0.9649
1772150400000,0.9649,0.9853,0.9625,0.9841
1772164800000,0.9841,1.0151,0.9834,1.012
1772179200000,1.012,1.0254,0.9619,0.9712
1772193600000,0.9712,0.9728,0.9409,0.9548
1772208000000,0.9548,0.9549,0.927,0.9322
1772222400000,0.9322,0.9426,0.9153,0.9348
1772236800000,0.9348,0.9426,0.9233,0.9249
1772251200000,0.9249,0.9258,0.8771,0.8939
1772265600000,0.8939,0.894,0.8646,0.865
1772280000000,0.865,0.9014,0.8649,0.8914
1772294400000,0.8914,0.9525,0.8832,0.942
1772308800000,0.942,0.973,0.9373,0.9615
1772323200000,0.9615,0.9788,0.9374,0.9606
1772337600000,0.9606,0.9676,0.9499,0.9654
1772352000000,0.9654,0.9661,0.9374,0.942
1772366400000,0.942,0.9535,0.9267,0.9383
1772380800000,0.9383,0.9465,0.9172,0.9193
1772395200000,0.9193,0.9369,0.9053,0.9274
1772409600000,0.9274,0.9597,0.9274,0.9534
1772424000000,0.9534,0.9601,0.922,0.926
1772438400000,0.926,0.9431,0.9131,0.9305
1772452800000,0.9305,0.9872,0.9172,0.9747
1772467200000,0.9747,0.9853,0.9456,0.9738
1772481600000,0.9738,0.9895,0.9622,0.969
1772496000000,0.969,0.9876,0.9515,0.9706
1772510400000,0.9706,0.991,0.964,0.9895
1772524800000,0.9895,1.005,0.9514,0.9577
1772539200000,0.9577,0.9799,0.9456,0.9643
1772553600000,0.9643,1.0363,0.958,1.0035
1772568000000,1.0035,1.0191,0.9815,1.0116
1772582400000,1.0116,1.0269,0.9924,1.0106
1772596800000,1.0106,1.0146,0.9849,0.9972
1772611200000,0.9972,1.0292,0.9863,0.9985
1772625600000,0.9985,1.0241,0.9843,1.0241
1772640000000,1.0241,1.0268,0.9946,1.0191
1772654400000,1.0191,1.0246,0.992,1.0072
1772668800000,1.0072,1.0184,1.0004,1.0033
1772683200000,1.0033,1.0109,0.9863,0.9961
1772697600000,0.9961,1.0194,0.9949,0.9993
1772712000000,0.9993,1.0188,0.99,0.9967
1772726400000,0.9967,0.9993,0.9633,0.9867
1772740800000,0.9867,1.0089,0.9845,0.9952
1772755200000,0.9952,1.0144,0.9906,1.0075
1772769600000,1.0075,1.0239,0.9936,1.0214
1772784000000,1.0214,1.0222,0.9882,0.9932
1772798400000,0.9932,1.0038,0.9485,0.9532
1772812800000,0.9532,0.9622,0.9381,0.9539
1772827200000,0.9539,0.9624,0.9476,0.9566
1772841600000,0.9566,0.9639,0.9499,0.9558
1772856000000,0.9558,0.9611,0.9463,0.9521
1772870400000,0.9521,0.9577,0.9446,0.9513
1772884800000,0.9513,0.9523,0.9357,0.94
1772899200000,0.94,0.9515,0.9302,0.9354
1772913600000,0.9354,0.9421,0.9304,0.938
1772928000000,0.938,0.9389,0.9218,0.9278
1772942400000,0.9278,0.9353,0.9195,0.9331
1772956800000,0.9331,0.953,0.925,0.9497
1772971200000,0.9497,0.9608,0.9274,0.9309
1772985600000,0.9309,0.9453,0.9236,0.941
1773000000000,0.941,0.9467,0.9102,0.9277
1773014400000,0.9277,0.9573,0.9269,0.9421
1773028800000,0.9421,0.9647,0.9381,0.9451
1773043200000,0.9451,0.954,0.937,0.9441
1773057600000,0.9441,0.97,0.9441,0.9658
1773072000000,0.9658,0.9845,0.9564,0.9696
1773086400000,0.9696,0.9728,0.9512,0.9555
1773100800000,0.9555,0.9784,0.9539,0.9577
1773115200000,0.9577,0.9741,0.9568,0.9707
1773129600000,0.9707,0.984,0.9642,0.9775
1773144000000,0.9775,0.999,0.9626,0.9899
1773158400000,0.9899,0.9971,0.9555,0.9587
1773172800000,0.9587,0.9624,0.9451,0.9521
1773187200000,0.9521,0.954,0.9411,0.9459
1773201600000,0.9459,0.9488,0.9342,0.9402
1773216000000,0.9402,0.9467,0.9383,0.9427
1773230400000,0.9427,0.9753,0.9332,0.94
1773244800000,0.94,0.9544,0.9318,0.9417
1773259200000,0.9417,0.9496,0.935,0.9435
1773273600000,0.9435,0.9454,0.9244,0.9273
1773288000000,0.9273,0.9317,0.9188,0.926
1773302400000,0.926,0.9345,0.9192,0.9214
1773316800000,0.9214,0.9255,0.9016,0.9108
1773331200000,0.9108,0.9189,0.9022,0.9109
1773345600000,0.9109,0.9199,0.903,0.9161
1773360000000,0.9161,0.9488,0.9088,0.9476
1773374400000,0.9476,0.9495,0.9241,0.9257
1773388800000,0.9257,0.9361,0.9144,0.9336
1773403200000,0.9336,0.9743,0.9333,0.9623
1773417600000,0.9623,0.9711,0.93,0.9384
1773432000000,0.9384,0.9483,0.919,0.9332
1773446400000,0.9332,0.9333,0.9206,0.9277
1773460800000,0.9277,0.9336,0.9067,0.9106
1773475200000,0.9106,0.9155,0.9071,0.9147
1773489600000,0.9147,0.9175,0.9045,0.9093
1773504000000,0.9093,0.9171,0.9077,0.9113
1773518400000,0.9113,0.9212,0.9092,0.9196
1773532800000,0.9196,0.9365,0.9094,0.9266
1773547200000,0.9266,0.9305,0.9153,0.9256
1773561600000,0.9256,0.9302,0.9206,0.9275
1773576000000,0.9275,0.934,0.9154,0.9186
1773590400000,0.9186,0.9309,0.9168,0.9247
1773604800000,0.9247,0.9395,0.9213,0.9343
1773619200000,0.9343,0.9615,0.9273,0.9512
1773633600000,0.9512,1.0071,0.9512,0.9904
1773648000000,0.9904,1.0016,0.9731,0.9804
1773662400000,0.9804,1.0175,0.9797,0.989
1773676800000,0.989,1.0142,0.985,1.0051
1773691200000,1.0051,1.0283,1.0027,1.0188
1773705600000,1.0188,1.0217,0.9882,0.9955
1773720000000,0.9955,1.0003,0.9805,0.9979
1773734400000,0.9979,1.004,0.9917,0.9927
1773748800000,0.9927,0.9993,0.9827,0.9908
1773763200000,0.9908,1.0008,0.9906,0.9921
1773777600000,0.9921,1.0129,0.9912,1.0041
1773792000000,1.0041,1.0163,0.9964,1.0102
1773806400000,1.0102,1.0167,0.9989,1.0034
1773820800000,1.0034,1.0148,0.9802,0.9831
1773835200000,0.9831,0.9841,0.9381,0.9503
1773849600000,0.9503,0.9651,0.9427,0.952
1773864000000,0.952,0.9907,0.9427,0.9893
1773878400000,0.9893,0.9951,0.9719,0.9791
1773892800000,0.9791,0.9866,0.9567,0.9649
1773907200000,0.9649,0.9727,0.9582,0.9645
1773921600000,0.9645,0.9657,0.9212,0.9376
1773936000000,0.9376,0.9461,0.9319,0.9447
1773950400000,0.9447,0.9496,0.9363,0.9482
1773964800000,0.9482,0.9678,0.9457,0.9607
1773979200000,0.9607,1.0259,0.9585,0.9867
1773993600000,0.9867,1.0122,0.9816,0.9937
1774008000000,0.9937,1.0214,0.9764,1.0046
1774022400000,1.0046,1.0103,0.9848,0.9974
1774036800000,0.9974,1.0051,0.9838,0.99
1774051200000,0.99,0.996,0.9836,0.9846
1774065600000,0.9846,1.0136,0.9796,1.0059
1774080000000,1.0059,1.025,0.992,0.9965
1774094400000,0.9965,1.0107,0.9951,1.0093
1774108800000,1.0093,1.0166,0.9943,1.0
1774123200000,1.0,1.0023,0.9653,0.9716
1774137600000,0.9716,0.9834,0.9561,0.9747
1774152000000,0.9747,0.986,0.9615,0.9618
1774166400000,0.9618,0.9621,0.9316,0.9338
1774180800000,0.9338,0.9394,0.924,0.9294
1774195200000,0.9294,0.9328,0.9111,0.9155
1774209600000,0.9155,0.9326,0.9138,0.9278
1774224000000,0.9278,0.9538,0.9262,0.9486
1774238400000,0.9486,0.9499,0.9055,0.9151
1774252800000,0.9151,0.9683,0.9046,0.9409
1774267200000,0.9409,0.9825,0.9349,0.9747
1774281600000,0.9747,1.017,0.9727,1.0039
1774296000000,1.0039,1.078,1.0026,1.0683
1774310400000,1.0683,1.0733,1.036,1.0559
1774324800000,1.0559,1.0858,1.0373,1.0558
1774339200000,1.0558,1.08,1.0483,1.0546
1774353600000,1.0546,1.0576,1.0225,1.0323
1774368000000,1.0323,1.0623,1.029,1.0529
1774382400000,1.0529,1.1242,1.0494,1.1143
1774396800000,1.1143,1.118,1.0572,1.0613
1774411200000,1.0613,1.0763,1.0488,1.0638
1774425600000,1.0638,1.0857,1.0611,1.0787
1774440000000,1.0787,1.0842,1.0627,1.0672
1774454400000,1.0672,1.0873,1.0655,1.0757
1774468800000,1.0757,1.0759,1.053,1.057
1774483200000,1.057,1.0665,1.0342,1.0383
1774497600000,1.0383,1.0429,1.0245,1.0308
1774512000000,1.0308,1.0353,1.0236,1.0292
1774526400000,1.0292,1.0577,1.024,1.0345
1774540800000,1.0345,1.0389,1.0261,1.0296
1774555200000,1.0296,1.0427,1.0134,1.0326
1774569600000,1.0326,1.0374,1.0163,1.0207
1774584000000,1.0207,1.0234,1.0077,1.0233
1774598400000,1.0233,1.0242,0.9804,0.9871
1774612800000,0.9871,1.0029,0.9764,0.9931
1774627200000,0.9931,0.9941,0.9702,0.9752
1774641600000,0.9752,0.9858,0.9727,0.9749
1774656000000,0.9749,0.9783,0.9432,0.9456
1774670400000,0.9456,0.9533,0.9443,0.9528
1774684800000,0.9528,0.9563,0.9451,0.9504
1774699200000,0.9504,0.9664,0.9455,0.9524
1774713600000,0.9524,0.955,0.9371,0.9419
1774728000000,0.9419,0.9464,0.9225,0.93
1774742400000,0.93,0.9447,0.9231,0.9382
1774756800000,0.9382,0.9382,0.9272,0.9293
1774771200000,0.9293,0.9315,0.9202,0.9254
1774785600000,0.9254,0.9265,0.914,0.9182
1774800000000,0.9182,0.9216,0.9101,0.9145
1774814400000,0.9145,0.9279,0.8912,0.9213
1774828800000,0.9213,0.9475,0.9155,0.9432
1774843200000,0.9432,0.9484,0.9302,0.9445
1774857600000,0.9445,0.9503,0.9316,0.9346
1774872000000,0.9346,0.9366,0.9119,0.9136
1774886400000,0.9136,0.9156,0.8878,0.8936
1774900800000,0.8936,0.9036,0.8815,0.8901
1774915200000,0.8901,0.9074,0.884,0.9008
1774929600000,0.9008,0.912,0.8984,0.9067
1774944000000,0.9067,0.9149,0.8891,0.8995
1774958400000,0.8995,0.905,0.8712,0.8821
1774972800000,0.8821,0.904,0.8805,0.8969
1774987200000,0.8969,0.9006,0.8861,0.8918
1775001600000,0.8918,0.8995,0.8866,0.8971
1775016000000,0.8971,0.9162,0.8943,0.9084
1775030400000,0.9084,0.9111,0.8949,0.8993
1775044800000,0.8993,0.9114,0.8923,0.9066
1775059200000,0.9066,0.917,0.8981,0.8994
1775073600000,0.8994,0.9021,0.8853,0.8897
1775088000000,0.8897,0.896,0.8605,0.8634
1775102400000,0.8634,0.869,0.8555,0.8674
1775116800000,0.8674,0.8674,0.8543,0.8625
1775131200000,0.8625,0.8692,0.8463,0.8489
1775145600000,0.8489,0.8573,0.8429,0.8519
1775160000000,0.8519,0.8592,0.8489,0.8583
1775174400000,0.8583,0.867,0.854,0.8645
1775188800000,0.8645,0.8722,0.8591,0.8633
1775203200000,0.8633,0.8719,0.8623,0.8671
1775217600000,0.8671,0.8724,0.8484,0.8489
1775232000000,0.8489,0.8524,0.8409,0.8493
1775246400000,0.8493,0.8524,0.8452,0.8475
1775260800000,0.8475,0.8486,0.8372,0.8437
1775275200000,0.8437,0.8459,0.8404,0.8427
1775289600000,0.8427,0.8451,0.8379,0.8444
1775304000000,0.8444,0.853,0.8405,0.8468
1775318400000,0.8468,0.8528,0.8414,0.8467
1775332800000,0.8467,0.8502,0.8462,0.8494
1775347200000,0.8494,0.8494,0.844,0.8447
1775361600000,0.8447,0.845,0.8269,0.8327
1775376000000,0.8327,0.837,0.8301,0.8335
1775390400000,0.8335,0.8425,0.8245,0.8356
1775404800000,0.8356,0.8396,0.8302,0.8337
1775419200000,0.8337,0.8496,0.829,0.8496
1775433600000,0.8496,0.8576,0.8426,0.8525
1775448000000,0.8525,0.8586,0.8488,0.8574
1775462400000,0.8574,0.88,0.8571,0.8738
1775476800000,0.8738,0.8793,0.8566,0.864
1775491200000,0.864,0.8642,0.8535,0.855
1775505600000,0.855,0.8583,0.8303,0.8375
1775520000000,0.8375,0.8405,0.8274,0.8338
1775534400000,0.8338,0.8367,0.8247,0.8336
1775548800000,0.8336,0.8391,0.8271,0.8288
1775563200000,0.8288,0.8345,0.8189,0.8209
1775577600000,0.8209,0.836,0.8164,0.8358
1775592000000,0.8358,0.8799,0.8316,0.8713
1775606400000,0.8713,0.8744,0.8595,0.8671
1775620800000,0.8671,0.8844,0.867,0.8765
1775635200000,0.8765,0.8769,0.8584,0.862
1775649600000,0.862,0.8647,0.8368,0.8437
1775664000000,0.8437,0.849,0.8346,0.8398
1775678400000,0.8398,0.8445,0.8269,0.8309
1775692800000,0.8309,0.8317,0.8122,0.8196
1775707200000,0.8196,0.8298,0.8186,0.8252
1775721600000,0.8252,0.829,0.8191,0.8236
1775736000000,0.8236,0.8506,0.8217,0.8471
1775750400000,0.8471,0.8537,0.8401,0.8468
1775764800000,0.8468,0.87,0.8423,0.8456
1775779200000,0.8456,0.8502,0.8326,0.8345
1775793600000,0.8345,0.8477,0.8329,0.8343
1775808000000,0.8343,0.8393,0.8307,0.8341
1775822400000,0.8341,0.8654,0.833,0.8582
1775836800000,0.8582,0.8742,0.8565,0.8723
1775851200000,0.8723,0.8769,0.8627,0.8674
1775865600000,0.8674,0.8681,0.8549,0.8558
1775880000000,0.8558,0.8573,0.8456,0.8514
1775894400000,0.8514,0.8573,0.8425,0.854
1775908800000,0.854,0.8569,0.8443,0.8561
1775923200000,0.8561,0.8799,0.856,0.879
1775937600000,0.879,0.8795,0.8568,0.8628
1775952000000,0.8628,0.863,0.8256,0.8297
1775966400000,0.8297,0.8308,0.8238,0.8271
1775980800000,0.8271,0.8272,0.8148,0.8227
1775995200000,0.8227,0.8279,0.8152,0.82
1776009600000,0.82,0.8284,0.8159,0.8206
1776024000000,0.8206,0.8263,0.8051,0.8101
1776038400000,0.8101,0.8211,0.8098,0.8194
1776052800000,0.8194,0.8243,0.8106,0.8167
1776067200000,0.8167,0.825,0.8144,0.8238
1776081600000,0.8238,0.8506,0.821,0.8485
1776096000000,0.8485,0.8642,0.8461,0.8571
1776110400000,0.8571,0.8762,0.8423,0.8728
1776124800000,0.8728,0.8758,0.866,0.8701
1776139200000,0.8701,0.8745,0.8616,0.8636
1776153600000,0.8636,0.8696,0.857,0.8585
1776168000000,0.8585,0.8764,0.8557,0.8735
1776182400000,0.8735,0.8817,0.8473,0.8551
1776196800000,0.8551,0.8621,0.8525,0.8589
1776211200000,0.8589,0.8664,0.8588,0.8654
1776225600000,0.8654,0.8722,0.8516,0.8541
1776240000000,0.8541,0.8811,0.8538,0.8765
1776254400000,0.8765,0.9029,0.8748,0.9025
1776268800000,0.9025,0.9338,0.8933,0.8987
1776283200000,0.8987,0.9026,0.8884,0.8948
1776297600000,0.8948,0.9093,0.8759,0.9074
1776312000000,0.9074,0.9313,0.9035,0.925
1776326400000,0.925,0.9341,0.9176,0.927
1776340800000,0.927,0.9878,0.9129,0.9867
1776355200000,0.9867,1.0073,0.9604,0.9899
1776369600000,0.9899,1.0049,0.9788,1.0003
1776384000000,1.0003,1.0033,0.971,0.9795
1776398400000,0.9795,1.0025,0.9621,1.001
1776412800000,1.001,1.0152,0.9676,0.971
1776427200000,0.971,1.0124,0.9703,0.9954
1776441600000,0.9954,1.0132,0.993,1.0049
1776456000000,1.0049,1.0166,0.9891,0.9965
1776470400000,0.9965,1.0016,0.9769,0.9814
1776484800000,0.9814,0.9895,0.9764,0.9811
1776499200000,0.9811,0.9839,0.9482,0.9504
1776513600000,0.9504,0.9539,0.9353,0.9437
1776528000000,0.9437,0.9501,0.9326,0.9368
1776542400000,0.9368,0.9457,0.9338,0.935
1776556800000,0.935,0.9372,0.9201,0.9255
1776571200000,0.9255,0.9355,0.9196,0.9301
1776585600000,0.9301,0.9446,0.9261,0.941
1776600000000,0.941,0.9607,0.9267,0.9367
1776614400000,0.9367,0.9385,0.9185,0.9271
1776628800000,0.9271,0.9324,0.908,0.9098
1776643200000,0.9098,0.9269,0.9088,0.923
1776657600000,0.923,0.9342,0.9117,0.9255
1776672000000,0.9255,0.9419,0.9232,0.9281
1776686400000,0.9281,0.9449,0.924,0.9423
1776700800000,0.9423,0.9486,0.9351,0.9417
1776715200000,0.9417,0.9507,0.9327,0.9348
1776729600000,0.9348,0.9393,0.9235,0.9268
1776744000000,0.9268,0.9383,0.9252,0.9339
1776758400000,0.9339,0.9489,0.9323,0.944
1776772800000,0.944,0.9447,0.9295,0.9412
1776787200000,0.9412,0.9442,0.9164,0.9201
1776801600000,0.9201,0.9387,0.9197,0.9387
1776816000000,0.9387,0.9448,0.9298,0.942
1776830400000,0.942,0.9619,0.9377,0.953
1776844800000,0.953,1.0043,0.9526,0.9844
1776859200000,0.9844,0.9856,0.9631,0.9715
1776873600000,0.9715,0.9761,0.948,0.9547
1776888000000,0.9547,0.9609,0.9434,0.9443
1776902400000,0.9443,0.9488,0.9305,0.9379
1776916800000,0.9379,0.9576,0.9363,0.9476
1776931200000,0.9476,0.9511,0.9375,0.9453
1776945600000,0.9453,0.9608,0.9434,0.9568
1776960000000,0.9568,0.9577,0.9235,0.9327
1776974400000,0.9327,0.9547,0.9322,0.9513
1776988800000,0.9513,0.9581,0.9403,0.945
1777003200000,0.945,0.9494,0.9404,0.9454
1777017600000,0.9454,0.9639,0.9432,0.9621
1777032000000,0.9621,0.9668,0.9507,0.9642
1777046400000,0.9642,0.9693,0.9558,0.9693
1777060800000,0.9693,0.9874,0.966,0.9866
1777075200000,0.9866,0.9962,0.9795,0.9914
1777089600000,0.9914,0.9962,0.9678,0.9709
1777104000000,0.9709,0.9803,0.9672,0.9695
1777118400000,0.9695,0.9696,0.9579,0.9602
1777132800000,0.9602,0.9643,0.9552,0.9599
1777147200000,0.9599,0.9677,0.9581,0.9667
1777161600000,0.9667,0.9674,0.9571,0.9621
1777176000000,0.9621,0.9809,0.9603,0.9796
1777190400000,0.9796,1.0018,0.9766,0.9901
1777204800000,0.9901,0.9924,0.9754,0.9916
1777219200000,0.9916,0.9936,0.9824,0.9858
1777233600000,0.9858,0.9931,0.9778,0.9824
1777248000000,0.9824,0.9937,0.9775,0.9868
1777262400000,0.9868,0.9869,0.9484,0.9516
1777276800000,0.9516,0.9586,0.9474,0.9574
1777291200000,0.9574,0.9682,0.9387,0.9454
1777305600000,0.9454,0.9552,0.9428,0.9494
1777320000000,0.9494,0.9675,0.9494,0.9658
1777334400000,0.9658,0.9775,0.9588,0.975
1777348800000,0.975,0.9945,0.9543,0.9582
1777363200000,0.9582,0.9715,0.9556,0.9594
1777377600000,0.9594,0.973,0.9553,0.9638
1777392000000,0.9638,0.9724,0.9591,0.9703
1777406400000,0.9703,0.9732,0.9601,0.9656
1777420800000,0.9656,0.9918,0.9626,0.9912
1777435200000,0.9912,1.0104,0.9881,1.0006
1777449600000,1.0006,1.0086,0.9752,0.9925
1777464000000,0.9925,0.9934,0.9652,0.968
1777478400000,0.968,0.9836,0.9454,0.9705
1777492800000,0.9705,0.9989,0.9683,0.9897
1777507200000,0.9897,1.0372,0.9866,1.0362
1777521600000,1.0362,1.0362,0.9895,1.0084
1777536000000,1.0084,1.0129,0.9919,0.9995
1777550400000,0.9995,1.0143,0.9787,0.9957
1777564800000,0.9957,1.0043,0.983,0.9877
1777579200000,0.9877,0.9983,0.9864,0.9931
1777593600000,0.9931,1.0332,0.9925,1.0281
