open_time_ms,open,high,low,close
1631692800000,54.09,54.32,52.265,52.345
1631707200000,52.345,53.615,51.55,53.27
1631721600000,53.27,55.44,52.29,55.11
1631736000000,55.11,58.225,54.865,57.945
1631750400000,57.945,62.26,57.255,59.31
1631764800000,59.31,61.125,58.4,60.5
1631779200000,60.5,62.645,59.2,60.93
1631793600000,60.93,65.98,58.39,65.435
1631808000000,65.435,68.0,64.02,65.565
1631822400000,65.565,68.5,62.09,67.645
1631836800000,67.645,68.985,65.005,67.25
1631851200000,67.25,67.255,62.38,62.775
1631865600000,62.775,64.265,60.185,62.135
1631880000000,62.135,67.745,61.335,64.035
1631894400000,64.035,66.7,62.95,65.11
1631908800000,65.11,70.875,64.485,70.01
1631923200000,70.01,73.82,68.845,71.71
1631937600000,71.71,75.555,71.27,73.9
1631952000000,73.9,74.15,70.785,71.78
1631966400000,71.78,73.335,69.3,71.225
1631980800000,71.225,71.77,67.875,68.445
1631995200000,68.445,69.88,67.335,69.145
1632009600000,69.145,71.5,66.21,70.075
1632024000000,70.075,72.885,68.03,72.635
1632038400000,72.635,73.885,69.335,70.405
1632052800000,70.405,75.255,69.8,75.02
1632067200000,75.02,76.285,71.31,71.87
1632081600000,71.87,73.265,68.05,70.085
1632096000000,70.085,70.45,62.875,64.73
1632110400000,64.73,67.44,60.96,63.365
1632124800000,63.365,65.25,59.025,60.31
1632139200000,60.31,63.19,54.73,61.59
1632153600000,61.59,63.935,57.11,60.86
1632168000000,60.86,61.775,56.15,57.42
1632182400000,57.42,59.775,52.23,57.77
1632196800000,57.77,61.39,55.39,61.39
1632211200000,61.39,64.56,60.17,63.93
1632225600000,63.93,66.06,62.115,65.595
1632240000000,65.595,66.31,60.48,60.995
1632254400000,60.995,63.34,55.18,58.98
1632268800000,58.98,64.99,57.68,63.03
1632283200000,63.03,64.825,61.54,64.42
1632297600000,64.42,65.565,60.8,61.34
1632312000000,61.34,68.075,60.9,67.755
1632326400000,67.755,71.645,66.285,70.015
1632340800000,70.015,74.685,69.12,73.98
1632355200000,73.98,77.38,72.9,74.385
1632369600000,74.385,78.98,73.075,78.625
1632384000000,78.625,79.56,74.05,75.195
1632398400000,75.195,77.5,73.4,73.67
1632412800000,73.67,76.4,72.805,75.635
1632427200000,75.635,77.72,73.49,76.465
1632441600000,76.465,78.845,73.425,73.945
1632456000000,73.945,74.7,71.43,73.95
1632470400000,73.95,74.91,66.52,70.025
1632484800000,70.025,74.75,68.565,73.27
1632499200000,73.27,74.3,70.8,71.87
1632513600000,71.87,75.015,71.695,72.355
1632528000000,72.355,72.71,69.36,70.67
1632542400000,70.67,72.0,69.545,69.855
1632556800000,69.855,72.36,67.75,70.505
1632571200000,70.505,72.155,69.36,70.315
1632585600000,70.315,70.425,68.165,69.14
1632600000000,69.14,69.2,67.515,68.355
1632614400000,68.355,68.51,64.37,65.32
1632628800000,65.32,66.36,61.6,62.95
1632643200000,62.95,69.19,61.945,67.25
1632657600000,67.25,70.55,67.25,70.01
1632672000000,70.01,71.5,67.935,68.275
1632686400000,68.275,69.275,65.255,66.815
1632700800000,66.815,70.85,65.435,68.705
1632715200000,68.705,70.355,68.2,68.29
1632729600000,68.29,71.0,68.125,70.785
1632744000000,70.785,72.72,69.04,69.84
1632758400000,69.84,70.21,67.39,68.355
1632772800000,68.355,68.775,66.28,66.36
1632787200000,66.36,68.95,65.855,68.545
1632801600000,68.545,69.5,66.31,66.515
1632816000000,66.515,67.455,65.64,67.105
1632830400000,67.105,67.645,63.81,63.975
1632844800000,63.975,64.565,61.805,63.17
1632859200000,63.17,64.48,61.12,61.59
1632873600000,61.59,65.09,61.33,64.84
1632888000000,64.84,66.15,64.455,65.675
1632902400000,65.675,65.82,64.305,65.165
1632916800000,65.165,68.495,62.08,67.395
1632931200000,67.395,69.555,62.655,63.145
1632945600000,63.145,65.575,62.51,65.5
1632960000000,65.5,68.84,65.0,67.55
1632974400000,67.55,68.025,66.005,66.1
1632988800000,66.1,66.245,64.28,65.07
1633003200000,65.07,66.8,64.72,65.555
1633017600000,65.555,66.98,64.7,65.315
1633032000000,65.315,66.935,64.87,66.735
1633046400000,66.735,66.925,65.07,65.395
1633060800000,65.395,65.6,63.115,64.885
1633075200000,64.885,69.505,64.845,68.51
1633089600000,68.51,69.6,65.81,67.2
1633104000000,67.2,69.46,67.005,68.535
1633118400000,68.535,68.565,66.365,67.765
1633132800000,67.765,68.175,65.935,66.2
1633147200000,66.2,67.44,65.87,67.035
1633161600000,67.035,67.115,66.1,66.83
1633176000000,66.83,70.95,66.705,70.21
1633190400000,70.21,73.5,70.05,72.685
1633204800000,72.685,72.685,66.6,69.16
1633219200000,69.16,70.87,67.53,70.335
1633233600000,70.335,71.445,69.69,70.205
1633248000000,70.205,70.85,68.81,70.26
1633262400000,70.26,71.745,69.465,70.025
1633276800000,70.025,70.97,68.885,69.865
1633291200000,69.865,69.99,67.705,68.78
1633305600000,68.78,68.835,65.91,66.34
1633320000000,66.34,67.68,65.045,67.505
1633334400000,67.505,67.66,65.6,66.0
1633348800000,66.0,68.03,63.0,65.895
1633363200000,65.895,67.38,65.74,66.455
1633377600000,66.455,66.62,64.345,65.285
1633392000000,65.285,65.71,64.32,65.045
1633406400000,65.045,66.52,64.735,66.02
1633420800000,66.02,66.87,65.45,65.78
1633435200000,65.78,65.875,63.0,63.615
1633449600000,63.615,64.17,62.7,63.895
1633464000000,63.895,66.23,63.895,64.655
1633478400000,64.655,65.815,63.0,63.185
1633492800000,63.185,63.185,61.2,61.86
1633507200000,61.86,61.86,58.02,60.125
1633521600000,60.125,62.725,59.77,62.18
1633536000000,62.18,63.095,61.32,61.625
1633550400000,61.625,61.775,59.43,60.105
1633564800000,60.105,60.235,57.38,58.63
1633579200000,58.63,61.495,58.405,61.29
1633593600000,61.29,61.99,59.62,60.65
1633608000000,60.65,61.035,58.55,59.595
1633622400000,59.595,60.81,58.65,60.41
1633636800000,60.41,62.33,60.0,61.51
1633651200000,61.51,63.675,61.205,62.52
1633665600000,62.52,64.0,62.1,63.455
1633680000000,63.455,64.99,62.82,64.195
1633694400000,64.195,64.28,62.08,62.89
1633708800000,62.89,63.195,61.58,62.07
1633723200000,62.07,62.09,59.75,60.53
1633737600000,60.53,61.47,59.755,61.215
1633752000000,61.215,61.48,60.835,61.36
1633766400000,61.36,61.505,60.145,61.065
1633780800000,61.065,62.09,61.065,61.3
1633795200000,61.3,61.365,60.24,60.485
1633809600000,60.485,61.18,59.6,60.66
1633824000000,60.66,60.84,59.2,60.21
1633838400000,60.21,61.05,60.105,60.415
1633852800000,60.415,60.47,59.545,59.85
1633867200000,59.85,60.29,59.32,59.74
1633881600000,59.74,60.015,58.55,59.165
1633896000000,59.165,59.285,54.67,56.455
1633910400000,56.455,57.58,55.605,57.3
1633924800000,57.3,59.07,57.17,58.48
1633939200000,58.48,59.215,57.08,57.51
1633953600000,57.51,57.87,56.24,56.58
1633968000000,56.58,56.83,54.445,54.58
1633982400000,54.58,55.41,53.74,55.38
1633996800000,55.38,55.38,52.045,53.245
1634011200000,53.245,54.365,52.535,53.13
1634025600000,53.13,53.71,51.02,52.85
1634040000000,52.85,54.8,51.43,54.495
1634054400000,54.495,54.865,53.35,53.585
1634068800000,53.585,54.88,52.935,54.41
1634083200000,54.41,56.87,53.77,55.855
1634097600000,55.855,57.065,54.3,55.53
1634112000000,55.53,56.575,54.735,55.505
1634126400000,55.505,55.775,54.19,54.325
1634140800000,54.325,54.75,53.3,53.785
1634155200000,53.785,55.325,53.625,55.055
1634169600000,55.055,56.825,54.975,55.85
1634184000000,55.85,56.625,55.8,56.475
1634198400000,56.475,58.375,56.475,57.87
1634212800000,57.87,58.5,56.2,57.015
1634227200000,57.015,57.37,55.805,56.31
1634241600000,56.31,56.4,55.66,56.255
1634256000000,56.255,56.665,54.73,55.7
1634270400000,55.7,57.245,55.085,56.87
1634284800000,56.87,57.245,54.255,55.4
1634299200000,55.4,55.535,54.76,55.2
1634313600000,55.2,56.74,54.95,56.375
1634328000000,56.375,56.84,55.615,56.405
1634342400000,56.405,56.92,55.74,56.765
1634356800000,56.765,57.54,56.46,56.79
1634371200000,56.79,59.905,56.705,59.905
1634385600000,59.905,62.16,58.82,59.88
1634400000000,59.88,60.445,58.385,58.535
1634414400000,58.535,58.77,57.355,57.63
1634428800000,57.63,58.225,56.97,58.145
1634443200000,58.145,58.58,57.605,57.835
1634457600000,57.835,58.415,57.715,57.935
1634472000000,57.935,57.975,56.035,56.37
1634486400000,56.37,57.07,55.555,55.935
1634500800000,55.935,56.215,52.765,56.035
1634515200000,56.035,56.485,55.335,55.665
1634529600000,55.665,56.17,55.35,55.43
1634544000000,55.43,55.67,54.3,54.77
1634558400000,54.77,55.415,54.155,54.97
1634572800000,54.97,55.575,54.485,55.095
1634587200000,55.095,55.8,55.02,55.55
1634601600000,55.55,56.49,55.2,56.405
1634616000000,56.405,56.465,55.41,55.72
1634630400000,55.72,56.045,55.31,55.93
1634644800000,55.93,58.275,55.775,56.715
1634659200000,56.715,57.445,56.18,56.21
1634673600000,56.21,57.07,55.915,56.875
1634688000000,56.875,57.985,56.8,57.01
1634702400000,57.01,57.7,56.87,57.165
1634716800000,57.165,57.495,56.97,57.49
1634731200000,57.49,59.07,57.455,59.04
1634745600000,59.04,61.555,58.73,61.09
1634760000000,61.09,61.715,58.97,59.725
1634774400000,59.725,63.095,59.28,62.0
1634788800000,62.0,62.735,60.745,62.735
1634803200000,62.735,64.465,60.575,61.68
1634817600000,61.68,62.485,58.82,60.1
1634832000000,60.1,60.68,59.36,60.005
1634846400000,60.005,61.48,59.635,61.45
1634860800000,61.45,65.34,61.42,64.615
1634875200000,64.615,66.38,63.615,65.215
1634889600000,65.215,66.18,64.28,64.97
1634904000000,64.97,68.81,64.605,67.53
1634918400000,67.53,67.67,64.57,65.39
1634932800000,65.39,65.595,63.81,65.5
1634947200000,65.5,69.22,64.545,66.955
1634961600000,66.955,66.99,65.46,66.63
1634976000000,66.63,67.995,64.67,66.3
1634990400000,66.3,66.925,65.4,66.01
1635004800000,66.01,66.59,64.805,65.075
1635019200000,65.075,65.95,65.0,65.535
1635033600000,65.535,66.77,65.535,66.385
1635048000000,66.385,67.65,65.35,65.52
1635062400000,65.52,66.73,65.35,66.025
1635076800000,66.025,66.025,62.925,63.04
1635091200000,63.04,63.915,62.005,63.12
1635105600000,63.12,64.8,63.1,64.545
1635120000000,64.545,66.245,64.4,66.115
1635134400000,66.115,66.68,65.62,66.305
1635148800000,66.305,67.025,65.54,66.16
1635163200000,66.16,68.2,65.26,68.065
1635177600000,68.065,68.1,66.43,66.67
1635192000000,66.67,69.95,66.67,69.82
1635206400000,69.82,73.035,69.57,71.075
1635220800000,71.075,71.65,69.905,71.415
1635235200000,71.415,72.48,69.68,69.99
1635249600000,69.99,70.475,68.5,69.445
1635264000000,69.445,71.71,69.165,71.26
1635278400000,71.26,71.29,67.63,68.65
1635292800000,68.65,69.48,67.245,68.25
1635307200000,68.25,69.815,65.6,65.715
1635321600000,65.715,65.715,55.925,62.105
1635336000000,62.105,63.28,61.435,62.035
1635350400000,62.035,63.385,60.635,62.365
1635364800000,62.365,62.985,61.4,61.51
1635379200000,61.51,63.29,61.46,62.625
1635393600000,62.625,62.945,61.605,61.62
1635408000000,61.62,64.5,61.62,63.41
1635422400000,63.41,64.505,63.06,63.465
1635436800000,63.465,64.03,61.775,64.02
1635451200000,64.02,64.995,63.32,64.315
1635465600000,64.315,66.03,63.505,65.34
1635480000000,65.34,65.61,63.76,64.27
1635494400000,64.27,64.945,63.825,64.57
1635508800000,64.57,65.655,63.94,65.52
1635523200000,65.52,66.215,65.065,65.5
1635537600000,65.5,65.685,64.55,64.885
1635552000000,64.885,64.995,63.1,63.5
1635566400000,63.5,64.065,63.35,63.8
1635580800000,63.8,63.875,63.05,63.29
1635595200000,63.29,63.295,61.845,62.64
1635609600000,62.64,62.915,62.165,62.685
1635624000000,62.685,63.025,61.005,62.27
1635638400000,62.27,63.615,62.155,62.88
1635652800000,62.88,63.71,62.79,63.305
1635667200000,63.305,63.325,60.705,61.125
1635681600000,61.125,62.755,60.105,61.92
1635696000000,61.92,63.34,61.805,62.74
1635710400000,62.74,64.515,62.535,64.515
1635724800000,64.515,64.64,62.205,62.86
1635739200000,62.86,63.995,62.48,63.905
1635753600000,63.905,64.375,63.385,63.54
1635768000000,63.54,66.895,63.19,66.12
1635782400000,66.12,66.3,63.885,64.935
1635796800000,64.935,65.095,63.985,64.98
1635811200000,64.98,65.575,64.375,65.535
1635825600000,65.535,65.935,65.185,65.285
1635840000000,65.285,66.74,65.135,66.215
1635854400000,66.215,66.555,65.39,65.905
1635868800000,65.905,68.075,65.24,67.875
1635883200000,67.875,67.875,66.85,67.765
1635897600000,67.765,71.9,67.155,70.68
1635912000000,70.68,72.055,70.11,71.2
1635926400000,71.2,72.635,70.425,71.4
1635940800000,71.4,71.56,68.255,71.45
1635955200000,71.45,75.035,71.215,74.47
1635969600000,74.47,75.59,73.555,75.585
1635984000000,75.585,80.48,74.94,78.535
1635998400000,78.535,81.085,76.36,76.625
1636012800000,76.625,78.69,76.005,76.18
1636027200000,76.18,77.59,74.115,74.55
1636041600000,74.55,78.8,74.005,76.965
1636056000000,76.965,79.68,75.785,79.015
1636070400000,79.015,81.09,77.145,78.12
1636084800000,78.12,78.765,77.555,78.15
1636099200000,78.15,78.23,76.025,76.265
1636113600000,76.265,77.93,74.12,74.53
1636128000000,74.53,75.925,74.47,74.745
1636142400000,74.745,74.875,72.01,74.235
1636156800000,74.235,75.145,73.415,75.015
1636171200000,75.015,75.64,74.29,75.065
1636185600000,75.065,76.465,73.21,73.41
1636200000000,73.41,75.29,72.4,75.29
1636214400000,75.29,77.275,75.035,77.1
1636228800000,77.1,78.765,76.65,78.765
1636243200000,78.765,84.855,78.1,84.71
1636257600000,84.71,85.725,82.81,83.75
1636272000000,83.75,84.315,82.255,83.295
1636286400000,83.295,85.585,82.89,84.135
1636300800000,84.135,88.875,83.98,88.26
1636315200000,88.26,88.885,85.55,87.545
1636329600000,87.545,90.245,83.625,89.595
1636344000000,89.595,95.475,89.5,93.075
1636358400000,93.075,94.295,91.155,92.73
1636372800000,92.73,96.99,92.285,93.58
1636387200000,93.58,94.42,89.845,90.19
1636401600000,90.19,92.28,89.0,91.28
1636416000000,91.28,91.625,89.295,89.82
1636430400000,89.82,91.21,87.385,90.085
1636444800000,90.085,90.19,87.84,89.105
1636459200000,89.105,91.2,87.125,88.245
1636473600000,88.245,89.245,87.115,88.765
1636488000000,88.765,90.82,87.86,88.295
1636502400000,88.295,93.4,87.975,92.55
1636516800000,92.55,94.045,91.275,91.435
1636531200000,91.435,93.415,90.395,90.53
1636545600000,90.53,92.03,87.49,90.77
1636560000000,90.77,91.37,85.11,85.535
1636574400000,85.535,87.59,78.0,85.29
1636588800000,85.29,87.3,83.72,87.29
1636603200000,87.29,89.085,86.115,88.75
1636617600000,88.75,89.5,87.51,89.19
1636632000000,89.19,89.225,86.24,87.48
1636646400000,87.48,88.64,86.755,88.545
1636660800000,88.545,89.41,87.45,87.82
1636675200000,87.82,90.015,86.14,89.55
1636689600000,89.55,89.56,85.365,86.105
1636704000000,86.105,86.595,82.595,83.19
1636718400000,83.19,84.165,82.0,82.42
1636732800000,82.42,84.89,81.245,83.535
1636747200000,83.535,85.9,83.535,84.895
1636761600000,84.895,86.475,84.89,86.035
1636776000000,86.035,87.935,85.575,87.885
1636790400000,87.885,88.635,86.225,88.18
1636804800000,88.18,93.615,86.61,92.565
1636819200000,92.565,96.68,92.15,96.18
1636833600000,96.18,98.72,95.78,97.51
1636848000000,97.51,98.62,94.675,95.595
1636862400000,95.595,99.825,95.285,97.29
1636876800000,97.29,97.975,95.215,95.35
1636891200000,95.35,96.82,93.5,94.005
1636905600000,94.005,94.355,91.77,93.33
1636920000000,93.33,95.53,92.2,95.44
1636934400000,95.44,101.735,94.205,99.625
1636948800000,99.625,99.905,97.205,98.8
1636963200000,98.8,99.725,97.075,97.365
1636977600000,97.365,98.665,96.05,97.05
1636992000000,97.05,99.935,93.615,96.19
1637006400000,96.19,96.695,92.0,93.955
1637020800000,93.955,93.955,87.815,89.435
1637035200000,89.435,91.535,88.105,90.61
1637049600000,90.61,91.285,83.01,89.085
1637064000000,89.085,93.5,87.295,90.565
1637078400000,90.565,96.17,90.44,95.55
1637092800000,95.55,101.885,90.88,97.735
1637107200000,97.735,99.395,91.605,94.66
1637121600000,94.66,98.295,93.115,97.425
1637136000000,97.425,100.345,93.95,100.205
1637150400000,100.205,104.87,99.63,104.015
1637164800000,104.015,109.84,102.95,107.78
1637179200000,107.78,108.48,103.45,107.505
1637193600000,107.505,110.355,104.575,106.635
1637208000000,106.635,107.165,102.31,103.79
1637222400000,103.79,106.085,102.115,102.44
1637236800000,102.44,104.055,96.635,97.505
1637251200000,97.505,101.98,92.0,99.755
1637265600000,99.755,104.9,96.68,100.67
1637280000000,100.67,102.43,95.875,97.38
1637294400000,97.38,103.435,97.15,102.29
1637308800000,102.29,108.0,102.12,107.4
1637323200000,107.4,110.835,107.055,108.94
1637337600000,108.94,110.6,106.79,109.23
1637352000000,109.23,112.14,107.355,111.755
1637366400000,111.755,118.775,111.505,117.335
1637380800000,117.335,119.735,116.1,119.03
1637395200000,119.03,120.085,114.55,116.62
1637409600000,116.62,122.38,115.99,117.55
1637424000000,117.55,129.53,117.36,128.915
1637438400000,128.915,129.785,125.085,125.845
1637452800000,125.845,134.08,123.225,132.28
1637467200000,132.28,138.1,130.4,137.29
1637481600000,137.29,138.755,133.155,137.65
1637496000000,137.65,147.73,133.61,133.72
1637510400000,133.72,139.96,127.395,131.45
1637524800000,131.45,135.74,128.245,128.64
1637539200000,128.64,137.465,125.88,136.06
1637553600000,136.06,138.035,129.5,132.0
1637568000000,132.0,138.0,131.78,134.89
1637582400000,134.89,139.94,128.92,139.38
1637596800000,139.38,145.18,135.585,136.31
1637611200000,136.31,140.89,133.465,134.92
1637625600000,134.92,136.49,131.53,134.185
1637640000000,134.185,134.9,130.0,131.285
1637654400000,131.285,132.44,126.81,127.86
1637668800000,127.86,132.1,124.675,129.735
1637683200000,129.735,131.615,127.01,129.64
1637697600000,129.64,130.52,121.605,123.955
1637712000000,123.955,124.835,118.7,119.835
1637726400000,119.835,123.175,118.205,119.22
1637740800000,119.22,121.065,116.08,118.415
1637755200000,118.415,119.915,112.895,117.055
1637769600000,117.055,118.715,113.225,115.375
1637784000000,115.375,120.225,114.21,115.215
1637798400000,115.215,127.0,114.315,125.97
1637812800000,125.97,126.055,119.525,122.36
1637827200000,122.36,129.33,120.62,127.285
1637841600000,127.285,129.96,124.5,125.81
1637856000000,125.81,126.365,119.75,121.115
1637870400000,121.115,121.5,118.185,119.31
1637884800000,119.31,119.98,115.095,115.775
1637899200000,115.775,117.2,111.0,112.745
1637913600000,112.745,112.775,102.535,102.825
1637928000000,102.825,112.365,101.12,109.05
1637942400000,109.05,111.44,107.56,109.54
1637956800000,109.54,111.0,103.645,104.455
1637971200000,104.455,108.705,103.255,107.975
1637985600000,107.975,110.145,105.69,106.585
1638000000000,106.585,109.855,106.135,107.68
1638014400000,107.68,109.53,107.635,109.17
1638028800000,109.17,117.68,108.54,116.43
1638043200000,116.43,117.94,109.935,113.565
1638057600000,113.565,113.835,103.91,105.94
1638072000000,105.94,111.0,104.45,109.43
1638086400000,109.43,110.465,106.7,108.555
1638100800000,108.555,110.415,105.5,106.24
1638115200000,106.24,107.235,100.21,106.285
1638129600000,106.285,112.985,106.285,110.555
1638144000000,110.555,114.75,110.55,113.505
1638158400000,113.505,114.16,111.755,113.16
1638172800000,113.16,113.285,109.22,110.02
1638187200000,110.02,113.27,109.16,111.115
1638201600000,111.115,117.79,110.69,114.64
1638216000000,114.64,120.635,114.075,120.575
1638230400000,120.575,122.455,115.74,118.125
1638244800000,118.125,119.925,114.0,117.1
1638259200000,117.1,121.235,115.7,118.205
1638273600000,118.205,123.995,116.84,119.18
1638288000000,119.18,124.935,117.23,122.13
1638302400000,122.13,122.525,119.08,120.215
1638316800000,120.215,127.375,119.815,125.37
1638331200000,125.37,126.795,123.155,126.235
1638345600000,126.235,126.56,121.18,122.035
1638360000000,122.035,125.31,121.44,123.76
1638374400000,123.76,127.055,122.67,123.88
1638388800000,123.88,124.0,117.35,119.79
1638403200000,119.79,119.855,113.685,116.19
1638417600000,116.19,118.0,115.825,117.6
1638432000000,117.6,118.375,116.665,117.985
1638446400000,117.985,119.205,112.06,112.48
1638460800000,112.48,113.62,110.26,111.755
1638475200000,111.755,113.415,107.01,107.95
1638489600000,107.95,109.55,105.405,106.59
1638504000000,106.59,109.62,105.09,108.545
1638518400000,108.545,111.97,107.73,111.175
1638532800000,111.175,113.075,106.35,107.18
1638547200000,107.18,107.9,101.765,102.685
1638561600000,102.685,108.85,99.485,108.44
1638576000000,108.44,108.795,95.465,96.02
1638590400000,96.02,100.08,74.695,92.69
1638604800000,92.69,95.025,85.325,86.52
1638619200000,86.52,95.72,85.735,93.3
1638633600000,93.3,93.63,89.515,92.145
1638648000000,92.145,94.045,90.2,93.025
1638662400000,93.025,95.25,88.435,91.005
1638676800000,91.005,92.69,88.325,91.35
1638691200000,91.35,92.215,88.445,91.31
1638705600000,91.31,91.84,82.61,84.39
1638720000000,84.39,86.655,83.805,84.745
1638734400000,84.745,86.55,82.42,86.395
1638748800000,86.395,86.55,80.355,84.79
1638763200000,84.79,86.515,78.76,80.38
1638777600000,80.38,82.485,76.895,81.625
1638792000000,81.625,87.15,80.695,87.15
1638806400000,87.15,94.44,86.45,90.92
1638820800000,90.92,94.86,89.455,93.245
1638835200000,93.245,95.625,92.14,94.625
1638849600000,94.625,96.53,93.27,95.905
1638864000000,95.905,96.365,92.265,93.16
1638878400000,93.16,94.7,90.215,93.99
1638892800000,93.99,94.5,91.045,92.43
1638907200000,92.43,92.87,87.96,89.595
1638921600000,89.595,90.53,87.22,87.45
1638936000000,87.45,91.665,87.405,90.58
1638950400000,90.58,91.28,86.09,87.735
1638964800000,87.735,92.955,86.78,91.375
1638979200000,91.375,91.735,89.62,91.295
1638993600000,91.295,93.355,90.105,93.27
1639008000000,93.27,94.62,91.175,93.83
1639022400000,93.83,94.16,90.94,93.09
1639036800000,93.09,93.09,89.005,89.55
1639051200000,89.55,90.3,86.42,88.045
1639065600000,88.045,88.335,83.275,84.39
1639080000000,84.39,87.28,83.11,85.345
1639094400000,85.345,90.715,85.3,90.375
1639108800000,90.375,91.82,84.225,84.945
1639123200000,84.945,88.965,84.805,88.0
1639137600000,88.0,89.905,85.0,85.495
1639152000000,85.495,85.645,82.55,84.37
1639166400000,84.37,85.475,80.0,80.695
1639180800000,80.695,82.49,78.605,81.48
1639195200000,81.48,83.195,81.37,82.2
1639209600000,82.2,83.935,81.645,82.85
1639224000000,82.85,83.745,82.065,83.745
1639238400000,83.745,87.005,83.005,83.12
1639252800000,83.12,86.495,82.51,86.495
1639267200000,86.495,86.495,83.86,85.03
1639281600000,85.03,85.495,83.655,85.39
1639296000000,85.39,85.505,82.905,84.495
1639310400000,84.495,86.24,84.455,84.985
1639324800000,84.985,88.395,84.67,87.31
1639339200000,87.31,88.82,86.42,87.99
1639353600000,87.99,89.835,86.345,88.295
1639368000000,88.295,88.38,84.245,84.585
1639382400000,84.585,86.28,83.615,84.365
1639396800000,84.365,84.8,78.0,78.695
1639411200000,78.695,81.33,75.515,77.71
1639425600000,77.71,80.765,77.15,79.005
1639440000000,79.005,80.94,78.045,78.93
1639454400000,78.93,79.63,76.34,79.205
1639468800000,79.205,81.15,78.555,80.845
1639483200000,80.845,82.295,79.57,80.485
1639497600000,80.485,81.835,78.26,79.57
1639512000000,79.57,87.335,79.56,87.23
1639526400000,87.23,90.37,86.845,90.185
1639540800000,90.185,91.74,89.44,90.62
1639555200000,90.62,92.67,90.62,90.62
1639569600000,90.62,91.04,85.825,86.19
1639584000000,86.19,99.86,86.06,98.97
1639598400000,98.97,106.2,98.71,101.105
1639612800000,101.105,107.235,101.04,104.93
1639627200000,104.93,105.19,101.71,102.9
1639641600000,102.9,108.295,102.125,107.81
1639656000000,107.81,110.48,105.025,106.83
1639670400000,106.83,107.04,101.4,101.82
1639684800000,101.82,106.36,98.0,98.195
1639699200000,98.195,105.24,98.125,102.13
1639713600000,102.13,105.27,99.5,104.895
1639728000000,104.895,105.655,101.775,104.9
1639742400000,104.9,111.415,100.765,109.92
1639756800000,109.92,116.0,109.43,112.755
1639771200000,112.755,113.755,108.745,110.805
1639785600000,110.805,111.675,105.375,109.0
1639800000000,109.0,112.115,107.55,111.725
1639814400000,111.725,116.945,111.695,115.92
1639828800000,115.92,117.36,113.275,115.26
1639843200000,115.26,115.655,113.0,113.675
1639857600000,113.675,116.295,112.785,115.75
1639872000000,115.75,116.69,113.37,115.17
1639886400000,115.17,116.045,113.26,113.65
1639900800000,113.65,114.055,110.15,111.355
1639915200000,111.355,113.12,110.345,111.0
1639929600000,111.0,111.355,106.7,108.31
1639944000000,108.31,111.3,107.08,107.68
1639958400000,107.68,109.8,103.815,105.035
1639972800000,105.035,105.985,102.84,104.76
1639987200000,104.76,105.54,101.645,104.36
1640001600000,104.36,108.69,101.055,103.955
1640016000000,103.955,112.705,103.19,112.395
1640030400000,112.395,116.24,111.32,113.355
1640044800000,113.355,115.72,110.44,114.405
1640059200000,114.405,119.115,113.845,118.14
1640073600000,118.14,119.885,117.7,119.42
1640088000000,119.42,120.155,116.26,117.095
1640102400000,117.095,118.2,116.555,117.525
1640116800000,117.525,123.795,117.395,123.12
1640131200000,123.12,127.115,121.54,125.325
1640145600000,125.325,125.92,123.775,124.445
1640160000000,124.445,124.67,121.6,122.8
1640174400000,122.8,124.22,118.91,122.7
1640188800000,122.7,123.645,118.045,119.855
1640203200000,119.855,121.105,115.485,116.605
1640217600000,116.605,124.755,116.105,122.855
1640232000000,122.855,123.645,117.24,117.61
1640246400000,117.61,119.555,117.255,118.58
1640260800000,118.58,121.965,117.695,121.01
1640275200000,121.01,125.535,119.36,122.795
1640289600000,122.795,123.075,120.37,121.42
1640304000000,121.42,122.41,119.395,119.97
1640318400000,119.97,121.54,118.63,121.155
1640332800000,121.155,124.165,120.765,121.96
1640347200000,121.96,124.595,119.895,123.02
1640361600000,123.02,123.235,119.3,119.715
1640376000000,119.715,120.51,113.07,114.7
1640390400000,114.7,116.615,111.56,113.235
1640404800000,113.235,116.8,113.045,116.08
1640419200000,116.08,116.195,113.39,115.495
1640433600000,115.495,117.36,115.425,116.255
1640448000000,116.255,116.655,112.625,114.525
1640462400000,114.525,116.725,114.175,115.13
1640476800000,115.13,115.945,109.0,109.785
1640491200000,109.785,112.305,109.635,112.045
1640505600000,112.045,112.995,110.795,111.945
1640520000000,111.945,114.795,111.105,114.27
1640534400000,114.27,117.975,113.625,117.845
1640548800000,117.845,117.9,113.695,115.125
1640563200000,115.125,116.56,113.925,116.33
1640577600000,116.33,117.7,115.155,117.52
1640592000000,117.52,118.37,115.125,117.12
1640606400000,117.12,119.445,116.155,118.49
1640620800000,118.49,120.885,117.2,117.47
1640635200000,117.47,118.245,112.84,113.81
1640649600000,113.81,113.81,108.555,111.22
1640664000000,111.22,113.865,107.6,112.73
1640678400000,112.73,116.5,112.305,116.405
1640692800000,116.405,116.575,110.775,114.13
1640707200000,114.13,114.425,104.235,107.035
1640721600000,107.035,110.845,106.5,107.02
1640736000000,107.02,110.475,106.28,110.245
1640750400000,110.245,110.375,106.54,107.18
1640764800000,107.18,108.16,105.205,107.005
1640779200000,107.005,107.995,102.275,107.47
1640793600000,107.47,108.25,104.805,105.385
1640808000000,105.385,107.105,102.63,103.06
1640822400000,103.06,103.69,98.24,98.7
1640836800000,98.7,103.645,98.695,102.955
1640851200000,102.955,104.25,101.695,104.22
1640865600000,104.22,105.375,102.34,103.035
1640880000000,103.035,104.845,103.035,103.52
1640894400000,103.52,103.8,100.625,101.765
1640908800000,101.765,102.77,100.2,102.47
1640923200000,102.47,104.39,102.35,103.75
1640937600000,103.75,107.6,103.38,105.835
1640952000000,105.835,107.69,105.595,107.225
1640966400000,107.225,108.895,102.425,102.745
1640980800000,102.745,111.94,102.55,109.345
1640995200000,109.345,111.955,108.84,109.585
1641009600000,109.585,110.99,107.95,110.215
1641024000000,110.215,110.61,108.72,109.09
1641038400000,109.09,110.495,108.98,109.395
1641052800000,109.395,114.5,109.25,112.545
1641067200000,112.545,114.375,112.005,114.045
1641081600000,114.045,117.455,113.4,117.22
1641096000000,117.22,117.34,114.59,115.9
1641110400000,115.9,116.475,115.05,115.76
1641124800000,115.76,116.275,113.46,114.225
1641139200000,114.225,115.94,112.045,112.37
1641153600000,112.37,113.89,111.915,113.095
1641168000000,113.095,114.085,110.735,110.915
1641182400000,110.915,112.995,110.69,111.855
1641196800000,111.855,112.58,110.2,111.79
1641211200000,111.79,113.585,110.64,110.79
1641225600000,110.79,111.225,107.28,108.02
1641240000000,108.02,109.105,105.945,108.135
1641254400000,108.135,108.46,105.05,105.685
1641268800000,105.685,106.56,105.1,106.365
1641283200000,106.365,107.73,105.87,107.595
1641297600000,107.595,109.38,106.315,107.99
1641312000000,107.99,108.865,103.26,103.845
1641326400000,103.845,105.885,102.805,103.31
1641340800000,103.31,106.205,102.5,105.81
1641355200000,105.81,106.355,105.0,105.855
1641369600000,105.855,106.62,104.635,105.0
1641384000000,105.0,105.49,103.875,105.22
1641398400000,105.22,105.275,97.715,98.275
1641412800000,98.275,99.63,90.225,97.37
1641427200000,97.37,97.975,92.535,92.56
1641441600000,92.56,95.41,91.91,95.105
1641456000000,95.105,95.22,91.17,91.685
1641470400000,91.685,95.095,91.02,94.115
1641484800000,94.115,96.9,93.64,96.375
1641499200000,96.375,96.635,94.585,95.12
1641513600000,95.12,95.37,87.225,87.57
1641528000000,87.57,89.425,84.675,88.345
1641542400000,88.345,90.9,87.825,89.975
1641556800000,89.975,91.755,85.91,87.0
1641571200000,87.0,89.62,85.625,88.67
1641585600000,88.67,89.0,86.0,86.585
1641600000000,86.585,88.89,85.9,87.14
1641614400000,87.14,88.665,87.09,88.605
1641628800000,88.605,89.59,86.3,86.9
1641643200000,86.9,87.28,82.67,83.175
1641657600000,83.175,83.905,79.12,80.2
1641672000000,80.2,85.61,80.0,83.855
1641686400000,83.855,86.325,82.39,84.965
1641700800000,84.965,85.77,84.535,84.915
1641715200000,84.915,85.77,83.23,85.475
1641729600000,85.475,86.72,83.4,86.62
1641744000000,86.62,91.685,86.465,91.3
1641758400000,91.3,91.675,87.65,89.24
1641772800000,89.24,90.945,87.205,89.22
1641787200000,89.22,90.685,88.475,89.0
1641801600000,89.0,89.18,86.455,86.895
1641816000000,86.895,87.155,80.085,83.17
1641830400000,83.17,85.725,81.105,83.0
1641844800000,83.0,84.9,82.69,84.38
1641859200000,84.38,86.58,83.165,86.295
1641873600000,86.295,86.535,85.595,86.33
1641888000000,86.33,87.245,84.895,85.38
1641902400000,85.38,86.99,84.165,86.735
1641916800000,86.735,90.95,86.71,89.645
1641931200000,89.645,90.08,88.66,89.51
1641945600000,89.51,89.885,88.685,89.22
1641960000000,89.22,92.015,89.0,90.505
1641974400000,90.505,95.2,90.21,94.79
1641988800000,94.79,96.805,94.185,95.625
1642003200000,95.625,96.04,93.605,94.515
1642017600000,94.515,96.65,93.885,96.065
1642032000000,96.065,96.445,92.745,93.455
1642046400000,93.455,94.69,93.205,94.685
1642060800000,94.685,95.4,93.515,93.97
1642075200000,93.97,97.345,92.22,93.475
1642089600000,93.475,94.5,90.16,91.065
1642104000000,91.065,91.79,89.05,89.61
1642118400000,89.61,90.38,88.57,89.83
1642132800000,89.83,91.75,89.83,90.295
1642147200000,90.295,90.415,87.19,88.31
1642161600000,88.31,90.835,87.24,90.335
1642176000000,90.335,90.73,89.54,90.2
1642190400000,90.2,90.56,89.405,90.375
1642204800000,90.375,91.65,89.865,90.88
1642219200000,90.88,91.02,89.87,90.365
1642233600000,90.365,90.745,89.835,90.6
1642248000000,90.6,92.84,89.445,92.81
1642262400000,92.81,94.23,92.355,94.23
1642276800000,94.23,94.35,92.84,92.975
1642291200000,92.975,93.825,91.82,92.14
1642305600000,92.14,93.96,91.81,93.505
1642320000000,93.505,94.275,92.1,93.275
1642334400000,93.275,94.84,92.565,93.915
1642348800000,93.915,94.435,92.095,92.375
1642363200000,92.375,92.895,92.125,92.25
1642377600000,92.25,92.52,89.735,89.735
1642392000000,89.735,90.13,88.325,89.06
1642406400000,89.06,89.845,88.44,88.63
1642420800000,88.63,89.175,87.74,88.15
1642435200000,88.15,88.4,85.875,87.5
1642449600000,87.5,87.97,85.325,86.625
1642464000000,86.625,87.355,85.88,85.985
1642478400000,85.985,87.12,85.555,86.92
1642492800000,86.92,86.955,84.41,85.96
1642507200000,85.96,86.22,83.585,84.29
1642521600000,84.29,84.88,83.825,84.725
1642536000000,84.725,86.635,84.195,85.985
1642550400000,85.985,86.335,84.025,84.515
1642564800000,84.515,85.0,81.16,81.525
1642579200000,81.525,83.33,81.05,83.02
1642593600000,83.02,85.4,83.02,84.325
1642608000000,84.325,84.825,82.895,84.27
1642622400000,84.27,84.27,82.555,82.555
1642636800000,82.555,83.71,82.155,83.48
1642651200000,83.48,84.765,83.33,84.69
1642665600000,84.69,85.19,84.21,85.08
1642680000000,85.08,87.495,84.125,87.2
1642694400000,87.2,87.695,85.82,85.985
1642708800000,85.985,86.105,78.6,79.24
1642723200000,79.24,80.325,73.835,74.715
1642737600000,74.715,76.54,74.7,76.38
1642752000000,76.38,77.04,75.165,75.43
1642766400000,75.43,75.525,71.29,74.065
1642780800000,74.065,74.905,72.19,72.22
1642795200000,72.22,72.855,63.825,66.035
1642809600000,66.035,67.45,65.115,66.42
1642824000000,66.42,66.77,58.805,58.92
1642838400000,58.92,61.145,52.685,58.815
1642852800000,58.815,62.13,57.11,57.265
1642867200000,57.265,60.205,56.38,57.24
1642881600000,57.24,61.285,56.76,59.82
1642896000000,59.82,61.98,59.0,60.28
1642910400000,60.28,63.795,60.0,63.69
1642924800000,63.69,66.78,63.0,64.26
1642939200000,64.26,64.94,61.71,62.925
1642953600000,62.925,64.15,60.39,60.81
1642968000000,60.81,65.27,60.28,64.805
1642982400000,64.805,64.805,61.15,61.98
1642996800000,61.98,62.265,59.1,59.175
1643011200000,59.175,60.77,56.13,56.915
1643025600000,56.915,58.56,55.155,57.925
1643040000000,57.925,62.75,56.46,61.13
1643054400000,61.13,63.87,60.815,63.015
1643068800000,63.015,64.245,61.66,62.685
1643083200000,62.685,62.835,61.615,62.67
1643097600000,62.67,65.07,62.02,63.62
1643112000000,63.62,66.715,63.34,65.545
1643126400000,65.545,70.45,65.375,68.845
1643140800000,68.845,69.1,66.61,67.93
1643155200000,67.93,69.195,66.11,68.635
1643169600000,68.635,69.845,67.06,68.34
1643184000000,68.34,69.215,67.68,68.885
1643198400000,68.885,72.39,68.175,69.89
1643212800000,69.89,73.41,66.7,69.43
1643227200000,69.43,69.475,64.33,65.77
1643241600000,65.77,66.55,61.175,61.95
1643256000000,61.95,63.26,61.565,62.915
1643270400000,62.915,65.035,62.67,64.9
1643284800000,64.9,67.79,64.78,66.525
1643299200000,66.525,66.795,63.91,63.985
1643313600000,63.985,64.79,61.1,64.64
1643328000000,64.64,66.19,62.935,65.61
1643342400000,65.61,66.055,64.275,64.57
1643356800000,64.57,64.635,62.28,62.6
1643371200000,62.6,65.205,61.655,65.02
1643385600000,65.02,66.35,64.56,65.62
1643400000000,65.62,67.38,65.31,66.98
1643414400000,66.98,68.3,66.79,67.525
1643428800000,67.525,69.35,67.405,69.35
1643443200000,69.35,69.6,68.28,69.17
1643457600000,69.17,71.605,68.77,71.365
1643472000000,71.365,72.76,69.54,72.165
1643486400000,72.165,73.61,70.94,71.81
1643500800000,71.81,72.185,70.025,70.49
1643515200000,70.49,72.35,70.47,72.015
1643529600000,72.015,72.31,70.26,70.9
1643544000000,70.9,70.91,68.53,69.56
1643558400000,69.56,69.795,66.985,67.16
1643572800000,67.16,69.0,66.83,67.895
1643587200000,67.895,68.29,64.56,65.18
1643601600000,65.18,65.46,64.22,65.29
1643616000000,65.29,66.79,65.22,66.44
1643630400000,66.44,69.42,65.035,68.905
1643644800000,68.905,70.565,68.64,69.725
1643659200000,69.725,70.13,69.01,69.82
1643673600000,69.82,70.88,69.045,69.76
1643688000000,69.76,71.425,68.46,69.65
1643702400000,69.65,72.0,69.205,70.31
1643716800000,70.31,71.06,69.04,70.21
1643731200000,70.21,72.985,70.21,70.93
1643745600000,70.93,73.75,70.875,73.265
1643760000000,73.265,74.865,73.01,73.625
1643774400000,73.625,73.625,72.395,72.735
1643788800000,72.735,73.2,72.205,73.105
1643803200000,73.105,74.49,70.47,70.755
1643817600000,70.755,72.32,68.6,71.735
1643832000000,71.735,71.735,67.375,67.77
1643846400000,67.77,69.185,67.17,67.745
1643860800000,67.745,68.515,66.955,67.68
1643875200000,67.68,67.92,64.985,66.355
1643889600000,66.355,68.73,65.065,68.41
1643904000000,68.41,68.51,66.0,66.155
1643918400000,66.155,68.725,65.575,68.45
1643932800000,68.45,68.45,67.355,67.85
1643947200000,67.85,70.545,67.67,69.62
1643961600000,69.62,72.42,69.62,71.295
1643976000000,71.295,74.68,69.635,73.33
1643990400000,73.33,76.8,73.33,76.49
1644004800000,76.49,77.99,75.405,77.705
1644019200000,77.705,78.545,76.41,78.255
1644033600000,78.255,80.885,78.03,78.66
1644048000000,78.66,79.465,78.275,78.64
1644062400000,78.64,79.525,77.315,78.855
1644076800000,78.855,79.015,74.86,76.255
1644091200000,76.255,77.725,75.77,77.02
1644105600000,77.02,78.945,76.99,78.125
1644120000000,78.125,78.45,76.91,77.645
1644134400000,77.645,78.13,76.775,77.0
1644148800000,77.0,77.97,74.005,75.54
1644163200000,75.54,76.865,75.38,76.31
1644177600000,76.31,79.19,75.59,78.885
1644192000000,78.885,80.915,77.405,80.8
1644206400000,80.8,83.465,80.38,82.41
1644220800000,82.41,82.65,80.95,82.245
1644235200000,82.245,85.1,81.57,84.815
1644249600000,84.815,85.41,82.57,84.445
1644264000000,84.445,85.1,82.66,83.14
1644278400000,83.14,83.93,81.62,83.795
1644292800000,83.795,93.47,83.78,90.15
1644307200000,90.15,91.465,84.935,86.56
1644321600000,86.56,86.565,82.745,84.595
1644336000000,84.595,86.375,82.72,85.415
1644350400000,85.415,87.98,85.09,86.28
1644364800000,86.28,88.875,84.38,86.525
1644379200000,86.525,88.135,85.635,87.9
1644393600000,87.9,89.3,87.405,88.745
1644408000000,88.745,90.585,88.14,89.69
1644422400000,89.69,91.98,88.995,91.52
1644436800000,91.52,91.835,89.44,89.99
1644451200000,89.99,90.05,87.565,88.775
1644465600000,88.775,89.945,88.045,89.79
1644480000000,89.79,91.07,89.23,90.44
1644494400000,90.44,92.625,85.095,91.725
1644508800000,91.725,95.07,90.035,90.825
1644523200000,90.825,93.405,89.435,91.095
1644537600000,91.095,92.635,87.805,89.1
1644552000000,89.1,89.875,87.33,89.8
1644566400000,89.8,91.13,88.235,89.9
1644580800000,89.9,91.445,89.15,90.645
1644595200000,90.645,91.015,84.225,84.83
1644609600000,84.83,85.085,79.965,81.75
1644624000000,81.75,84.675,80.53,83.13
1644638400000,83.13,83.95,79.51,81.24
1644652800000,81.24,82.64,79.855,81.86
1644667200000,81.86,81.875,78.765,80.015
1644681600000,80.015,84.725,79.58,81.93
1644696000000,81.93,83.335,79.505,81.28
1644710400000,81.28,82.67,80.465,82.1
1644724800000,82.1,83.165,81.63,83.065
1644739200000,83.065,83.18,81.725,82.16
1644753600000,82.16,82.31,80.895,80.955
1644768000000,80.955,81.175,77.47,78.255
1644782400000,78.255,79.635,77.64,77.865
1644796800000,77.865,78.345,76.095,77.26
1644811200000,77.26,78.965,76.86,78.905
1644825600000,78.905,79.605,77.335,78.05
1644840000000,78.05,82.155,77.4,80.54
1644854400000,80.54,81.96,78.89,80.07
1644868800000,80.07,82.695,79.275,81.825
1644883200000,81.825,84.995,81.405,84.135
1644897600000,84.135,85.37,83.805,85.04
1644912000000,85.04,89.17,84.98,88.07
1644926400000,88.07,89.315,87.18,88.615
1644940800000,88.615,90.635,88.025,90.07
1644955200000,90.07,93.69,89.3,92.91
1644969600000,92.91,94.595,91.705,93.795
1644984000000,93.795,97.345,92.58,96.915
1644998400000,96.915,97.325,93.175,94.765
1645012800000,94.765,95.085,91.34,93.535
1645027200000,93.535,96.24,91.66,96.015
1645041600000,96.015,96.96,94.265,95.245
1645056000000,95.245,98.74,94.675,94.68
1645070400000,94.68,95.79,93.45,94.615
1645084800000,94.615,94.69,91.815,92.805
1645099200000,92.805,93.68,89.715,91.07
1645113600000,91.07,91.61,86.675,88.305
1645128000000,88.305,89.41,86.115,88.155
1645142400000,88.155,89.84,86.33,89.625
1645156800000,89.625,89.855,88.115,88.545
1645171200000,88.545,89.575,86.495,86.77
1645185600000,86.77,87.67,83.015,83.39
1645200000000,83.39,85.67,82.32,85.1
1645214400000,85.1,85.315,82.9,83.705
1645228800000,83.705,85.11,83.2,83.985
1645243200000,83.985,86.22,83.9,85.89
1645257600000,85.89,86.23,82.31,82.965
1645272000000,82.965,84.065,80.76,83.94
1645286400000,83.94,85.4,82.66,83.035
1645300800000,83.035,85.355,82.84,85.045
1645315200000,85.045,85.7,83.235,83.38
1645329600000,83.38,83.77,79.035,80.07
1645344000000,80.07,80.09,78.25,79.68
1645358400000,79.68,80.285,76.55,78.735
1645372800000,78.735,79.58,78.215,79.055
1645387200000,79.055,79.085,76.495,77.3
1645401600000,77.3,81.745,76.68,79.865
1645416000000,79.865,82.285,79.82,82.18
1645430400000,82.18,82.62,76.2,77.295
1645444800000,77.295,79.795,74.58,77.99
1645459200000,77.99,79.07,73.64,74.98
1645473600000,74.98,75.345,69.305,69.99
1645488000000,69.99,71.0,67.105,67.68
1645502400000,67.68,70.0,67.37,68.875
1645516800000,68.875,72.47,68.785,72.185
1645531200000,72.185,74.455,71.26,72.985
1645545600000,72.985,73.425,71.365,73.1
1645560000000,73.1,75.0,71.815,74.4
1645574400000,74.4,76.865,74.125,75.055
1645588800000,75.055,78.57,74.775,78.485
1645603200000,78.485,82.43,77.905,81.305
1645617600000,81.305,81.915,79.19,79.915
1645632000000,79.915,81.355,75.89,76.595
1645646400000,76.595,77.545,73.16,73.32
1645660800000,73.32,74.54,65.625,67.25
1645675200000,67.25,68.67,64.36,67.05
1645689600000,67.05,69.605,65.05,67.24
1645704000000,67.24,71.515,65.6,70.93
1645718400000,70.93,76.87,68.94,76.855
1645732800000,76.855,80.025,73.675,76.38
1645747200000,76.38,77.825,74.575,75.965
1645761600000,75.965,76.24,74.385,75.455
1645776000000,75.455,75.815,72.625,75.76
1645790400000,75.76,78.995,75.085,78.16
1645804800000,78.16,78.765,76.34,77.055
1645819200000,77.055,81.97,76.505,80.965
1645833600000,80.965,83.96,80.195,80.59
1645848000000,80.59,81.365,78.41,79.915
1645862400000,79.915,81.06,77.6,78.87
1645876800000,78.87,81.71,78.505,80.76
1645891200000,80.76,83.33,80.04,82.43
1645905600000,82.43,84.895,80.635,81.725
1645920000000,81.725,82.175,77.54,78.505
1645934400000,78.505,79.675,77.055,79.16
1645948800000,79.16,81.465,78.31,81.07
1645963200000,81.07,82.245,77.925,80.295
1645977600000,80.295,80.365,73.23,73.76
1645992000000,73.76,75.75,72.97,74.95
1646006400000,74.95,75.4,72.745,73.44
1646020800000,73.44,75.24,71.74,74.805
1646035200000,74.805,76.105,74.305,74.985
1646049600000,74.985,82.54,73.735,81.81
1646064000000,81.81,82.285,78.525,80.12
1646078400000,80.12,85.96,80.05,84.615
1646092800000,84.615,89.745,84.52,86.64
1646107200000,86.64,88.55,85.67,86.465
1646121600000,86.465,87.92,83.605,85.805
1646136000000,85.805,90.855,85.65,86.315
1646150400000,86.315,87.8,84.57,86.09
1646164800000,86.09,87.34,84.98,86.82
1646179200000,86.82,89.96,84.36,88.91
1646193600000,88.91,89.205,85.355,85.805
1646208000000,85.805,87.045,85.055,85.82
1646222400000,85.82,86.475,82.455,83.87
1646236800000,83.87,84.745,82.25,83.04
1646251200000,83.04,84.605,82.77,83.37
1646265600000,83.37,84.285,80.855,81.585
1646280000000,81.585,83.755,80.95,83.02
1646294400000,83.02,83.36,81.6,82.005
1646308800000,82.005,82.69,77.35,78.38
1646323200000,78.38,79.015,77.0,78.055
1646337600000,78.055,79.92,77.68,78.51
1646352000000,78.51,78.585,74.84,78.205
1646366400000,78.205,78.275,76.63,77.48
1646380800000,77.48,81.665,76.565,80.83
1646395200000,80.83,82.2,78.07,78.325
1646409600000,78.325,80.68,77.475,78.59
1646424000000,78.59,79.125,74.92,75.71
1646438400000,75.71,75.775,73.26,74.995
1646452800000,74.995,77.24,73.96,77.125
1646467200000,77.125,77.85,76.335,77.05
1646481600000,77.05,78.105,75.815,76.735
1646496000000,76.735,78.635,76.695,77.625
1646510400000,77.625,78.055,76.305,76.66
1646524800000,76.66,77.04,75.125,75.53
1646539200000,75.53,76.5,74.735,75.85
1646553600000,75.85,75.85,73.52,75.08
1646568000000,75.08,75.97,74.31,74.95
1646582400000,74.95,75.54,72.53,72.94
1646596800000,72.94,74.535,71.98,72.45
1646611200000,72.45,72.91,70.335,71.145
1646625600000,71.145,72.5,70.695,71.635
1646640000000,71.635,74.635,71.49,74.4
1646654400000,74.4,76.46,74.365,75.035
1646668800000,75.035,75.74,70.54,70.905
1646683200000,70.905,72.855,70.49,71.67
1646697600000,71.67,73.92,71.32,72.985
1646712000000,72.985,73.525,71.28,72.095
1646726400000,72.095,73.355,71.825,72.505
1646740800000,72.505,74.51,71.165,72.27
1646755200000,72.27,76.56,71.79,74.405
1646769600000,74.405,74.69,72.255,73.005
1646784000000,73.005,79.95,72.325,79.89
1646798400000,79.89,80.4,77.625,78.675
1646812800000,78.675,79.375,77.9,78.78
1646827200000,78.78,79.46,77.245,79.03
1646841600000,79.03,79.595,76.4,77.13
1646856000000,77.13,77.975,76.3,77.605
1646870400000,77.605,79.02,75.36,75.445
1646884800000,75.445,75.635,72.525,73.115
1646899200000,73.115,73.605,72.63,72.945
1646913600000,72.945,74.315,70.96,72.82
1646928000000,72.82,73.09,71.955,73.015
1646942400000,73.015,74.35,72.845,73.9
1646956800000,73.9,76.475,71.825,75.24
1646971200000,75.24,75.79,72.635,75.435
1646985600000,75.435,76.92,74.215,76.495
1647000000000,76.495,76.91,73.255,73.445
1647014400000,73.445,73.54,71.315,71.42
1647028800000,71.42,72.25,70.71,71.21
1647043200000,71.21,73.52,71.005,72.455
1647057600000,72.455,73.335,72.03,72.505
1647072000000,72.505,72.63,71.635,71.915
1647086400000,71.915,72.325,71.37,71.86
1647100800000,71.86,72.47,71.225,71.255
1647115200000,71.255,71.545,70.65,70.885
1647129600000,70.885,71.81,70.435,71.22
1647144000000,71.22,71.96,71.08,71.745
1647158400000,71.745,71.94,70.9,71.12
1647172800000,71.12,71.25,69.425,70.56
1647187200000,70.56,70.81,70.0,70.005
1647201600000,70.005,70.07,67.155,67.945
1647216000000,67.945,68.195,67.09,67.915
1647230400000,67.915,70.005,67.91,69.885
1647244800000,69.885,71.48,68.65,68.685
1647259200000,68.685,69.03,66.435,67.255
1647273600000,67.255,67.75,65.505,66.03
1647288000000,66.03,69.1,66.03,68.905
1647302400000,68.905,69.395,66.575,66.73
1647316800000,66.73,67.445,65.895,66.425
1647331200000,66.425,67.7,66.08,67.3
1647345600000,67.3,70.205,66.785,69.865
1647360000000,69.865,72.26,69.515,71.77
1647374400000,71.77,71.89,69.695,69.81
1647388800000,69.81,72.17,68.21,68.405
1647403200000,68.405,69.54,68.03,69.47
1647417600000,69.47,71.275,69.44,70.99
1647432000000,70.99,71.71,69.945,71.32
1647446400000,71.32,74.425,69.285,73.74
1647460800000,73.74,74.685,72.655,74.07
1647475200000,74.07,77.505,73.16,76.32
1647489600000,76.32,76.975,75.39,76.81
1647504000000,76.81,80.63,76.355,79.4
1647518400000,79.4,81.765,79.175,79.915
1647532800000,79.915,80.92,79.255,79.82
1647547200000,79.82,80.18,78.24,79.425
1647561600000,79.425,81.5,77.835,78.7
1647576000000,78.7,80.4,78.505,79.615
1647590400000,79.615,80.28,77.12,77.545
1647604800000,77.545,81.395,76.4,81.195
1647619200000,81.195,86.69,81.175,86.6
1647633600000,86.6,86.975,85.18,85.655
1647648000000,85.655,88.57,85.655,87.685
1647662400000,87.685,88.365,81.5,86.225
1647676800000,86.225,87.68,85.525,87.03
1647691200000,87.03,90.67,86.685,90.1
1647705600000,90.1,92.3,89.68,91.105
1647720000000,91.105,91.855,88.575,89.475
1647734400000,89.475,89.915,87.605,88.145
1647748800000,88.145,89.47,87.92,89.13
1647763200000,89.13,89.38,86.155,86.33
1647777600000,86.33,87.41,85.61,87.11
1647792000000,87.11,88.8,84.28,87.165
1647806400000,87.165,87.94,84.43,84.81
1647820800000,84.81,85.34,82.9,85.015
1647835200000,85.015,88.375,84.48,88.18
1647849600000,88.18,92.45,87.625,90.28
1647864000000,90.28,91.67,87.43,88.295
1647878400000,88.295,88.37,85.635,86.705
1647892800000,86.705,87.815,86.015,86.2
1647907200000,86.2,89.61,84.86,87.755
1647921600000,87.755,89.84,87.32,88.145
1647936000000,88.145,89.14,87.69,89.02
1647950400000,89.02,89.02,85.75,85.82
1647964800000,85.82,86.61,84.52,84.73
1647979200000,84.73,86.435,83.55,83.81
1647993600000,83.81,85.035,82.03,83.405
1648008000000,83.405,85.67,82.9,85.085
1648022400000,85.085,85.235,83.61,84.17
1648036800000,84.17,86.94,83.34,86.58
1648051200000,86.58,87.075,83.78,84.3
1648065600000,84.3,86.395,84.065,85.965
1648080000000,85.965,86.715,83.585,83.99
1648094400000,83.99,85.845,83.99,85.27
1648108800000,85.27,87.255,84.83,86.315
1648123200000,86.315,88.31,84.36,88.035
1648137600000,88.035,88.285,86.22,86.76
1648152000000,86.76,87.8,86.315,87.555
1648166400000,87.555,87.77,85.61,86.295
1648180800000,86.295,86.895,85.095,85.395
1648195200000,85.395,87.03,83.63,86.77
1648209600000,86.77,87.33,84.225,84.685
1648224000000,84.685,85.165,82.21,84.035
1648238400000,84.035,84.5,82.93,83.515
1648252800000,83.515,84.075,82.37,83.675
1648267200000,83.675,85.145,83.435,84.975
1648281600000,84.975,85.3,84.155,84.545
1648296000000,84.545,86.49,83.885,85.865
1648310400000,85.865,86.71,85.18,86.07
1648324800000,86.07,86.475,85.305,85.905
1648339200000,85.905,86.945,85.58,85.825
1648353600000,85.825,86.44,85.385,85.97
1648368000000,85.97,86.25,85.19,85.405
1648382400000,85.405,85.86,84.35,85.785
1648396800000,85.785,86.29,85.465,85.945
1648411200000,85.945,90.105,85.515,89.94
1648425600000,89.94,92.0,88.61,91.78
1648440000000,91.78,92.575,90.36,91.085
1648454400000,91.085,91.775,90.425,91.22
1648468800000,91.22,94.85,90.705,92.75
1648483200000,92.75,96.235,91.73,95.165
1648497600000,95.165,95.345,88.67,89.53
1648512000000,89.53,94.61,89.27,93.36
1648526400000,93.36,95.38,92.63,92.64
1648540800000,92.64,94.69,92.63,94.58
1648555200000,94.58,96.635,92.545,92.81
1648569600000,92.81,94.31,90.7,93.545
1648584000000,93.545,93.795,90.14,92.73
1648598400000,92.73,92.75,89.4,92.62
1648612800000,92.62,94.265,91.64,93.99
1648627200000,93.99,94.16,92.01,93.115
1648641600000,93.115,97.72,91.055,97.145
1648656000000,97.145,100.71,95.165,95.94
1648670400000,95.94,97.47,94.91,95.635
1648684800000,95.635,102.13,94.91,98.835
1648699200000,98.835,100.155,97.425,99.955
1648713600000,99.955,100.94,98.765,99.32
1648728000000,99.32,100.95,95.295,97.485
1648742400000,97.485,98.27,93.55,94.47
1648756800000,94.47,97.56,94.43,97.45
1648771200000,97.45,98.445,90.16,92.285
1648785600000,92.285,94.45,91.57,94.32
1648800000000,94.32,95.265,92.815,92.925
1648814400000,92.925,97.8,91.89,96.725
1648828800000,96.725,99.83,96.725,99.145
1648843200000,99.145,99.145,95.525,96.86
1648857600000,96.86,99.15,96.06,97.55
1648872000000,97.55,101.15,96.905,100.8
1648886400000,100.8,102.795,100.305,101.73
1648900800000,101.73,103.77,98.15,99.22
1648915200000,99.22,101.255,96.265,97.81
1648929600000,97.81,98.565,95.7,96.26
1648944000000,96.26,97.56,94.405,97.385
1648958400000,97.385,100.165,97.295,98.655
1648972800000,98.655,99.64,97.045,98.65
1648987200000,98.65,99.21,97.14,97.795
1649001600000,97.795,98.35,95.71,96.62
1649016000000,96.62,99.955,96.48,98.105
1649030400000,98.105,98.165,95.805,96.575
1649044800000,96.575,97.735,96.08,97.37
1649059200000,97.37,97.475,94.51,96.31
1649073600000,96.31,96.62,91.75,92.33
1649088000000,92.33,94.615,90.73,94.155
1649102400000,94.155,96.23,93.44,96.165
1649116800000,96.165,97.52,95.73,96.71
1649131200000,96.71,97.33,94.845,96.23
1649145600000,96.23,96.9,94.895,96.78
1649160000000,96.78,97.78,93.02,93.565
1649174400000,93.565,94.39,91.8,92.985
1649188800000,92.985,93.355,90.505,91.03
1649203200000,91.03,91.09,86.08,89.175
1649217600000,89.175,90.97,88.565,89.855
1649232000000,89.855,90.12,86.07,87.2
1649246400000,87.2,88.015,83.205,85.11
1649260800000,85.11,86.89,82.95,85.88
1649275200000,85.88,86.61,82.55,82.915
1649289600000,82.915,84.445,81.015,83.28
1649304000000,83.28,84.86,82.79,84.63
1649318400000,84.63,85.795,83.68,85.57
1649332800000,85.57,85.95,81.335,82.97
1649347200000,82.97,88.58,82.835,86.72
1649361600000,86.72,88.495,85.705,87.505
1649376000000,87.505,89.13,86.925,88.725
1649390400000,88.725,89.785,86.8,88.065
1649404800000,88.065,89.185,86.155,86.325
1649419200000,86.325,89.94,85.355,89.545
1649433600000,89.545,90.505,85.785,86.62
1649448000000,86.62,87.005,82.655,83.63
1649462400000,83.63,85.495,82.7,83.29
1649476800000,83.29,84.55,82.905,84.5
1649491200000,84.5,84.59,83.205,83.885
1649505600000,83.885,84.415,81.9,82.38
1649520000000,82.38,83.965,82.2,83.06
1649534400000,83.06,84.695,82.66,84.505
1649548800000,84.505,84.835,83.82,84.425
1649563200000,84.425,84.47,83.14,83.265
1649577600000,83.265,83.66,82.49,83.57
1649592000000,83.57,84.205,83.135,83.96
1649606400000,83.96,85.615,83.875,84.685
1649620800000,84.685,85.115,80.48,80.94
1649635200000,80.94,81.485,78.05,79.18
1649649600000,79.18,80.135,78.63,80.08
1649664000000,80.08,80.29,75.055,75.81
1649678400000,75.81,77.015,74.425,75.285
1649692800000,75.285,76.48,73.47,74.06
1649707200000,74.06,74.805,72.64,74.285
1649721600000,74.285,75.865,73.81,74.935
1649736000000,74.935,77.61,74.86,77.29
1649750400000,77.29,78.645,76.735,78.55
1649764800000,78.55,79.44,75.535,76.425
1649779200000,76.425,77.39,74.18,74.295
1649793600000,74.295,76.635,74.17,76.26
1649808000000,76.26,77.69,76.05,76.91
1649822400000,76.91,77.735,76.545,77.41
1649836800000,77.41,77.975,76.235,76.385
1649851200000,76.385,80.19,75.72,79.715
1649865600000,79.715,80.45,78.765,80.02
1649880000000,80.02,80.64,79.17,80.1
1649894400000,80.1,81.48,79.635,81.015
1649908800000,81.015,81.79,80.365,80.94
1649923200000,80.94,81.345,78.88,79.19
1649937600000,79.19,80.94,76.665,76.915
1649952000000,76.915,77.365,76.14,76.75
1649966400000,76.75,77.505,76.315,76.815
1649980800000,76.815,78.35,76.575,78.34
1649995200000,78.34,78.51,77.145,78.075
1650009600000,78.075,78.385,77.39,78.015
1650024000000,78.015,78.09,74.65,76.435
1650038400000,76.435,77.11,75.955,76.72
1650052800000,76.72,77.5,76.645,77.36
1650067200000,77.36,77.555,76.42,76.53
1650081600000,76.53,77.28,76.505,76.93
1650096000000,76.93,77.775,76.66,77.29
1650110400000,77.29,78.315,76.62,76.875
1650124800000,76.875,77.52,76.675,77.32
1650139200000,77.32,78.215,77.245,77.715
1650153600000,77.715,77.795,76.79,77.18
1650168000000,77.18,77.865,77.16,77.595
1650182400000,77.595,78.045,77.52,77.735
1650196800000,77.735,78.705,77.64,78.44
1650211200000,78.44,78.66,76.98,77.67
1650225600000,77.67,77.855,75.01,75.36
1650240000000,75.36,76.4,75.185,75.785
1650254400000,75.785,75.945,71.635,72.74
1650268800000,72.74,73.6,72.255,73.025
1650283200000,73.025,74.91,73.025,74.45
1650297600000,74.45,76.995,73.41,76.3
1650312000000,76.3,77.935,76.255,77.74
1650326400000,77.74,78.385,76.755,76.84
1650340800000,76.84,77.805,76.78,77.485
1650355200000,77.485,78.845,77.145,78.12
1650369600000,78.12,81.145,78.025,80.16
1650384000000,80.16,80.455,78.705,79.62
1650398400000,79.62,80.34,78.9,80.27
1650412800000,80.27,80.38,78.795,79.645
1650427200000,79.645,79.9,78.33,79.025
1650441600000,79.025,81.075,78.885,81.03
1650456000000,81.03,81.295,77.725,78.265
1650470400000,78.265,78.92,77.36,77.955
1650484800000,77.955,79.135,77.69,78.18
1650499200000,78.18,79.13,78.075,78.89
1650513600000,78.89,79.225,77.75,78.62
1650528000000,78.62,79.885,77.85,79.415
1650542400000,79.415,80.14,78.57,78.905
1650556800000,78.905,79.085,76.05,76.18
1650571200000,76.18,76.675,74.0,75.0
1650585600000,75.0,76.245,74.5,75.81
1650600000000,75.81,77.14,75.81,76.67
1650614400000,76.67,76.745,74.95,75.805
1650628800000,75.805,76.335,73.465,73.705
1650643200000,73.705,74.96,73.26,74.19
1650657600000,74.19,74.525,73.64,73.995
1650672000000,73.995,74.38,73.365,73.775
1650686400000,73.775,74.185,72.87,73.99
1650700800000,73.99,74.4,73.66,73.9
1650715200000,73.9,74.205,73.18,74.06
1650729600000,74.06,74.315,73.19,73.525
1650744000000,73.525,73.78,72.265,72.78
1650758400000,72.78,73.41,72.74,73.175
1650772800000,73.175,73.43,72.845,73.035
1650787200000,73.035,73.13,72.465,72.685
1650801600000,72.685,72.805,71.84,72.36
1650816000000,72.36,72.62,70.68,72.37
1650830400000,72.37,72.585,71.43,71.445
1650844800000,71.445,71.665,69.475,70.4
1650859200000,70.4,70.63,67.555,67.74
1650873600000,67.74,69.21,67.24,69.2
1650888000000,69.2,70.34,68.87,69.355
1650902400000,69.355,71.88,69.13,71.805
1650916800000,71.805,72.985,71.62,72.83
1650931200000,72.83,73.14,71.71,71.985
1650945600000,71.985,72.75,71.735,72.105
1650960000000,72.105,72.64,71.055,71.38
1650974400000,71.38,71.74,67.83,68.1
1650988800000,68.1,69.455,67.605,68.27
1651003200000,68.27,69.695,67.49,68.64
1651017600000,68.64,70.1,68.24,69.215
1651032000000,69.215,70.675,68.92,70.675
1651046400000,70.675,70.895,69.415,70.225
1651060800000,70.225,71.96,69.76,70.435
1651075200000,70.435,70.68,68.48,68.745
1651089600000,68.745,69.945,68.715,69.815
1651104000000,69.815,70.275,69.18,69.355
1651118400000,69.355,70.06,69.02,69.685
1651132800000,69.685,70.71,69.635,70.125
1651147200000,70.125,70.35,67.16,67.72
1651161600000,67.72,68.55,67.16,67.715
1651176000000,67.715,68.185,66.53,67.18
1651190400000,67.18,67.705,66.17,66.65
1651204800000,66.65,67.94,66.125,67.69
1651219200000,67.69,67.815,65.115,65.69
1651233600000,65.69,66.475,65.0,65.38
1651248000000,65.38,65.69,62.04,62.56
1651262400000,62.56,63.72,62.51,63.345
1651276800000,63.345,64.605,63.245,63.795
1651291200000,63.795,64.46,63.19,63.28
1651305600000,63.28,63.39,62.485,62.86
1651320000000,62.86,62.985,60.02,60.365
1651334400000,60.365,60.75,58.6,59.595
1651348800000,59.595,59.69,54.89,56.905
1651363200000,56.905,58.79,56.22,58.635
1651377600000,58.635,60.09,57.72,58.45
1651392000000,58.45,59.735,58.225,58.415
1651406400000,58.415,60.485,57.54,60.38
1651420800000,60.38,61.09,56.8,57.525
1651435200000,57.525,59.425,57.32,58.7
1651449600000,58.7,60.325,58.43,58.735
1651464000000,58.735,60.605,58.62,59.4
1651478400000,59.4,59.685,56.595,56.99
1651492800000,56.99,61.58,56.72,61.29
1651507200000,61.29,62.39,59.37,59.65
1651521600000,59.65,61.24,58.98,60.32
1651536000000,60.32,61.855,59.78,61.595
1651550400000,61.595,62.495,60.73,61.15
1651564800000,61.15,61.825,60.29,61.325
1651579200000,61.325,61.57,60.15,60.405
1651593600000,60.405,60.645,58.055,58.565
1651608000000,58.565,60.025,58.115,59.585
1651622400000,59.585,60.72,59.245,60.0
1651636800000,60.0,61.13,59.245,61.075
1651651200000,61.075,62.11,60.78,61.74
1651665600000,61.74,61.935,60.165,60.645
1651680000000,60.645,67.585,60.525,67.235
1651694400000,67.235,67.415,65.99,67.205
1651708800000,67.205,69.425,66.73,68.54
1651723200000,68.54,68.745,66.68,67.09
1651737600000,67.09,67.275,65.315,65.615
1651752000000,65.615,66.4,57.63,58.35
1651766400000,58.35,59.27,56.435,58.435
1651780800000,58.435,59.825,57.88,58.97
1651795200000,58.97,59.385,57.8,58.345
1651809600000,58.345,59.115,56.835,57.715
1651824000000,57.715,58.195,55.92,56.435
1651838400000,56.435,58.085,55.065,56.715
1651852800000,56.715,57.6,56.175,57.2
1651867200000,57.2,57.585,56.38,56.94
1651881600000,56.94,57.28,55.755,55.94
1651896000000,55.94,56.24,55.055,56.05
1651910400000,56.05,57.035,56.025,56.645
1651924800000,56.645,57.395,56.245,57.195
1651939200000,57.195,57.48,56.835,56.92
1651953600000,56.92,56.93,53.07,54.995
1651968000000,54.995,55.45,52.31,53.43
1651982400000,53.43,54.75,53.24,53.86
1651996800000,53.86,54.685,53.015,54.045
1652011200000,54.045,54.2,51.275,51.975
1652025600000,51.975,53.195,50.585,52.77
1652040000000,52.77,52.88,51.07,51.595
1652054400000,51.595,53.025,49.91,50.79
1652068800000,50.79,51.895,49.875,50.21
1652083200000,50.21,51.12,47.31,49.385
1652097600000,49.385,50.495,46.67,47.33
1652112000000,47.33,47.915,42.14,43.92
1652126400000,43.92,46.54,41.05,41.185
1652140800000,41.185,43.9,39.905,41.98
1652155200000,41.98,49.0,41.79,46.185
1652169600000,46.185,48.255,46.12,47.92
1652184000000,47.92,50.29,45.42,47.265
1652198400000,47.265,48.625,45.49,45.69
1652212800000,45.69,45.935,42.175,44.52
1652227200000,44.52,46.235,43.27,43.59
1652241600000,43.59,44.11,32.14,36.47
1652256000000,36.47,41.48,35.78,37.56
1652270400000,37.56,40.2,25.885,34.315
1652284800000,34.315,34.915,29.875,30.535
1652299200000,30.535,32.19,27.39,31.115
1652313600000,31.115,33.65,28.55,28.64
1652328000000,28.64,29.98,23.335,28.225
1652342400000,28.225,30.0,27.13,28.165
1652356800000,28.165,34.04,27.545,30.64
1652371200000,30.64,33.08,29.325,30.205
1652385600000,30.205,30.895,28.09,30.21
1652400000000,30.21,34.59,29.575,33.68
1652414400000,33.68,36.095,33.005,33.62
1652428800000,33.62,36.27,33.555,36.25
1652443200000,36.25,37.98,34.565,35.47
1652457600000,35.47,36.085,32.835,33.33
1652472000000,33.33,34.68,31.65,32.18
1652486400000,32.18,33.485,31.935,32.605
1652500800000,32.605,32.79,31.155,31.705
1652515200000,31.705,33.27,30.145,30.58
1652529600000,30.58,30.98,29.255,29.695
1652544000000,29.695,32.47,29.36,31.205
1652558400000,31.205,34.305,31.155,33.92
1652572800000,33.92,34.45,31.835,32.395
1652587200000,32.395,34.22,31.915,33.34
1652601600000,33.34,35.23,32.85,34.805
1652616000000,34.805,35.33,33.755,34.425
1652630400000,34.425,35.485,34.22,35.125
1652644800000,35.125,37.035,34.9,36.545
1652659200000,36.545,36.545,33.925,34.12
1652673600000,34.12,34.565,32.38,33.305
1652688000000,33.305,34.105,31.39,32.755
1652702400000,32.755,33.94,31.995,32.645
1652716800000,32.645,33.495,31.95,32.88
1652731200000,32.88,34.05,32.335,32.52
1652745600000,32.52,34.5,32.45,34.17
1652760000000,34.17,34.8,33.335,33.815
1652774400000,33.815,34.725,33.775,34.11
1652788800000,34.11,35.77,33.225,33.415
1652803200000,33.415,33.99,32.135,33.305
1652817600000,33.305,34.69,33.095,34.39
1652832000000,34.39,35.165,33.15,33.24
1652846400000,33.24,33.995,33.085,33.525
1652860800000,33.525,33.62,32.765,33.08
1652875200000,33.08,33.22,30.165,30.465
1652889600000,30.465,31.275,30.01,31.01
1652904000000,31.01,31.04,29.34,29.56
1652918400000,29.56,30.065,28.455,29.77
1652932800000,29.77,30.065,28.705,29.4
1652947200000,29.4,29.44,27.46,29.245
1652961600000,29.245,31.9,28.62,31.15
1652976000000,31.15,31.28,29.545,29.565
1652990400000,29.565,30.59,28.875,30.37
1653004800000,30.37,31.51,29.625,29.655
1653019200000,29.655,30.47,29.275,30.005
1653033600000,30.005,31.96,29.885,31.325
1653048000000,31.325,31.73,28.52,28.695
1653062400000,28.695,29.45,27.755,29.365
1653076800000,29.365,29.475,28.67,28.745
1653091200000,28.745,29.52,28.145,29.455
1653105600000,29.455,29.805,28.915,29.5
1653120000000,29.5,29.695,28.75,29.055
1653134400000,29.055,30.005,28.555,29.93
1653148800000,29.93,30.59,29.425,29.57
1653163200000,29.57,30.105,29.12,29.895
1653177600000,29.895,30.29,29.265,29.675
1653192000000,29.675,30.02,28.935,29.585
1653206400000,29.585,30.92,29.51,30.14
1653220800000,30.14,32.695,30.125,31.485
1653235200000,31.485,31.89,30.835,31.04
1653249600000,31.04,32.45,30.8,31.685
1653264000000,31.685,32.245,30.815,31.21
1653278400000,31.21,32.495,30.89,32.08
1653292800000,32.08,32.6,31.32,32.195
1653307200000,32.195,32.54,30.87,31.925
1653321600000,31.925,33.165,29.82,29.85
1653336000000,29.85,30.515,28.465,29.03
1653350400000,29.03,29.55,28.775,29.205
1653364800000,29.205,29.645,29.005,29.28
1653379200000,29.28,29.28,28.145,28.595
1653393600000,28.595,28.975,26.84,28.735
1653408000000,28.735,28.995,27.785,28.445
1653422400000,28.445,29.44,28.32,29.045
1653436800000,29.045,29.655,28.505,29.51
1653451200000,29.51,29.52,28.19,28.36
1653465600000,28.36,28.81,27.54,27.735
1653480000000,27.735,28.6,27.61,27.95
1653494400000,27.95,28.055,27.055,27.345
1653508800000,27.345,27.805,27.145,27.225
1653523200000,27.225,28.005,27.145,27.63
1653537600000,27.63,27.64,25.235,25.555
1653552000000,25.555,25.605,23.135,24.16
1653566400000,24.16,25.245,22.775,24.835
1653580800000,24.835,25.665,24.02,24.065
1653595200000,24.065,24.63,23.335,23.405
1653609600000,23.405,23.665,21.865,22.835
1653624000000,22.835,23.205,21.65,22.48
1653638400000,22.48,22.72,21.42,22.325
1653652800000,22.325,23.9,22.075,22.94
1653667200000,22.94,23.13,21.295,22.12
1653681600000,22.12,23.8,21.965,22.55
1653696000000,22.55,23.675,22.17,22.775
1653710400000,22.775,23.54,22.615,22.98
1653724800000,22.98,23.065,22.28,22.68
1653739200000,22.68,24.985,22.41,24.56
1653753600000,24.56,25.785,23.96,25.43
1653768000000,25.43,25.53,24.62,24.735
1653782400000,24.735,24.985,23.705,24.27
1653796800000,24.27,24.835,23.885,24.695
1653811200000,24.695,26.5,24.605,26.045
1653825600000,26.045,27.12,25.905,26.045
1653840000000,26.045,26.275,25.215,25.285
1653854400000,25.285,26.39,25.265,26.125
1653868800000,26.125,27.78,25.3,27.035
1653883200000,27.035,28.435,26.575,27.94
1653897600000,27.94,28.11,26.515,26.855
1653912000000,26.855,27.285,26.085,26.94
1653926400000,26.94,27.405,26.645,26.81
1653940800000,26.81,28.36,26.7,27.665
1653955200000,27.665,29.11,27.51,28.405
1653969600000,28.405,28.45,26.385,27.08
1653984000000,27.08,27.37,26.44,27.18
1653998400000,27.18,27.28,25.53,26.995
1654012800000,26.995,27.375,25.875,26.06
1654027200000,26.06,26.775,26.015,26.395
1654041600000,26.395,27.04,25.66,25.875
1654056000000,25.875,26.01,25.2,25.505
1654070400000,25.505,26.1,25.395,25.7
1654084800000,25.7,26.78,24.64,24.685
1654099200000,24.685,24.985,23.98,24.26
1654113600000,24.26,24.31,23.18,23.67
1654128000000,23.67,23.675,22.655,22.84
1654142400000,22.84,23.75,22.76,23.635
1654156800000,23.635,24.14,23.29,24.075
1654171200000,24.075,24.535,23.2,24.28
1654185600000,24.28,24.695,23.955,24.265
1654200000000,24.265,24.895,24.145,24.62
1654214400000,24.62,24.685,24.01,24.12
1654228800000,24.12,24.29,23.71,23.95
1654243200000,23.95,24.075,22.57,22.76
1654257600000,22.76,23.03,22.475,22.765
1654272000000,22.765,23.17,22.665,22.81
1654286400000,22.81,23.415,22.77,22.99
1654300800000,22.99,23.13,22.11,22.355
1654315200000,22.355,23.28,22.31,23.205
1654329600000,23.205,23.42,22.97,23.035
1654344000000,23.035,23.595,22.645,23.355
1654358400000,23.355,23.48,23.07,23.145
1654372800000,23.145,24.685,23.095,24.565
1654387200000,24.565,24.64,23.915,24.245
1654401600000,24.245,25.12,23.91,24.725
1654416000000,24.725,25.21,24.335,24.51
1654430400000,24.51,24.66,24.04,24.645
1654444800000,24.645,24.945,24.27,24.735
1654459200000,24.735,25.09,24.11,24.165
1654473600000,24.165,26.53,24.025,26.475
1654488000000,26.475,27.775,26.315,27.205
1654502400000,27.205,27.675,26.84,26.93
1654516800000,26.93,27.205,26.065,26.56
1654531200000,26.56,26.605,25.51,25.99
1654545600000,25.99,26.255,25.155,25.99
1654560000000,25.99,26.19,23.1,23.94
1654574400000,23.94,24.01,23.45,23.915
1654588800000,23.915,24.21,23.315,23.63
1654603200000,23.63,24.625,23.4,24.325
1654617600000,24.325,25.67,24.05,25.16
1654632000000,25.16,25.87,24.115,24.565
1654646400000,24.565,25.445,23.725,23.935
1654660800000,23.935,24.615,23.8,24.49
1654675200000,24.49,24.835,24.305,24.52
1654689600000,24.52,25.06,24.06,24.6
1654704000000,24.6,24.72,23.83,24.1
1654718400000,24.1,24.745,24.045,24.495
1654732800000,24.495,24.595,23.695,24.045
1654747200000,24.045,24.645,23.945,24.625
1654761600000,24.625,25.275,24.465,24.645
1654776000000,24.645,25.045,24.455,24.76
1654790400000,24.76,25.39,24.14,24.23
1654804800000,24.23,24.535,24.02,24.405
1654819200000,24.405,24.85,23.745,24.605
1654833600000,24.605,24.745,24.245,24.28
1654848000000,24.28,24.38,23.675,23.98
1654862400000,23.98,24.15,22.635,22.95
1654876800000,22.95,23.0,22.185,22.395
1654891200000,22.395,22.68,21.89,22.06
1654905600000,22.06,22.575,21.97,22.495
1654920000000,22.495,23.03,22.37,22.93
1654934400000,22.93,22.975,21.125,21.345
1654948800000,21.345,21.54,19.74,20.03
1654963200000,20.03,20.67,19.59,20.34
1654977600000,20.34,20.59,19.66,19.885
1654992000000,19.885,20.165,18.215,18.51
1655006400000,18.51,18.905,17.885,18.835
1655020800000,18.835,19.16,18.09,18.365
1655035200000,18.365,19.35,17.5,19.0
1655049600000,19.0,19.225,18.35,18.485
1655064000000,18.485,18.69,17.175,17.265
1655078400000,17.265,17.475,15.59,16.365
1655092800000,16.365,17.135,15.41,15.6
1655107200000,15.6,15.715,14.58,14.975
1655121600000,14.975,16.025,14.63,15.81
1655136000000,15.81,16.905,15.57,16.105
1655150400000,16.105,17.13,15.305,16.095
1655164800000,16.095,16.595,14.65,16.29
1655179200000,16.29,17.295,15.795,17.08
1655193600000,17.08,17.14,15.96,16.23
1655208000000,16.23,17.04,15.77,16.695
1655222400000,16.695,16.82,15.955,16.115
1655236800000,16.115,16.815,15.535,16.54
1655251200000,16.54,16.79,15.69,15.705
1655265600000,15.705,15.72,15.005,15.205
1655280000000,15.205,15.795,14.515,15.65
1655294400000,15.65,16.34,15.505,15.835
1655308800000,15.835,17.79,14.79,17.035
1655323200000,17.035,18.46,16.85,18.285
1655337600000,18.285,18.715,17.655,17.7
1655352000000,17.7,17.99,16.86,16.89
1655366400000,16.89,17.14,15.98,16.255
1655380800000,16.255,16.785,15.74,16.285
1655395200000,16.285,16.875,15.765,16.09
1655409600000,16.09,16.435,15.485,15.77
1655424000000,15.77,16.485,15.47,15.885
1655438400000,15.885,16.71,15.825,16.325
1655452800000,16.325,16.54,16.08,16.265
1655467200000,16.265,16.41,15.86,16.085
1655481600000,16.085,16.18,15.77,16.065
1655496000000,16.065,16.295,15.895,15.975
1655510400000,15.975,16.295,15.61,15.755
1655524800000,15.755,15.96,14.83,14.96
1655539200000,14.96,15.38,14.565,15.14
1655553600000,15.14,15.19,14.865,14.935
1655568000000,14.935,15.19,14.145,14.2
1655582400000,14.2,15.105,13.77,14.805
1655596800000,14.805,15.05,14.1,14.175
1655611200000,14.175,14.405,13.715,14.05
1655625600000,14.05,15.375,13.965,15.21
1655640000000,15.21,15.53,14.79,15.45
1655654400000,15.45,15.91,15.05,15.585
1655668800000,15.585,16.365,15.55,16.165
1655683200000,16.165,16.28,15.34,15.61
1655697600000,15.61,15.82,15.315,15.745
1655712000000,15.745,17.845,15.71,17.665
1655726400000,17.665,17.69,16.98,17.385
1655740800000,17.385,17.49,16.605,16.735
1655755200000,16.735,17.29,16.5,17.09
1655769600000,17.09,17.38,16.605,17.085
1655784000000,17.085,17.86,16.825,17.425
1655798400000,17.425,18.205,17.36,17.54
1655812800000,17.54,18.48,17.515,18.0
1655827200000,18.0,18.12,16.815,16.865
1655841600000,16.865,17.375,16.6,16.88
1655856000000,16.88,16.895,16.07,16.17
1655870400000,16.17,16.72,16.0,16.04
1655884800000,16.04,16.98,15.955,16.735
1655899200000,16.735,17.4,16.48,16.53
1655913600000,16.53,16.745,16.19,16.37
1655928000000,16.37,16.495,16.0,16.065
1655942400000,16.065,16.98,16.01,16.63
1655956800000,16.63,17.66,16.595,17.335
1655971200000,17.335,18.11,17.175,17.755
1655985600000,17.755,18.025,17.05,17.35
1656000000000,17.35,18.235,17.055,17.905
1656014400000,17.905,18.425,17.7,18.285
1656028800000,18.285,20.055,17.975,19.545
1656043200000,19.545,19.91,18.96,19.245
1656057600000,19.245,19.83,19.02,19.58
1656072000000,19.58,20.05,19.0,19.24
1656086400000,19.24,19.49,18.79,19.45
1656100800000,19.45,20.935,19.44,20.475
1656115200000,20.475,21.7,20.265,21.09
1656129600000,21.09,21.455,20.815,21.37
1656144000000,21.37,21.49,20.62,20.665
1656158400000,20.665,20.8,19.83,19.9
1656172800000,19.9,20.745,19.845,20.355
1656187200000,20.355,21.54,20.22,21.345
1656201600000,21.345,22.065,20.82,21.015
1656216000000,21.015,21.42,20.75,21.035
1656230400000,21.035,21.575,20.945,21.45
1656244800000,21.45,21.71,20.64,20.945
1656259200000,20.945,20.98,20.08,20.375
1656273600000,20.375,20.83,19.575,19.725
1656288000000,19.725,20.285,19.665,20.155
1656302400000,20.155,20.99,20.065,20.85
1656316800000,20.85,21.38,20.81,20.875
1656331200000,20.875,20.97,19.705,19.965
1656345600000,19.965,20.09,19.145,19.27
1656360000000,19.27,19.695,19.215,19.32
1656374400000,19.32,19.835,18.71,19.115
1656388800000,19.115,19.74,18.965,19.585
1656403200000,19.585,20.145,19.425,19.585
1656417600000,19.585,20.545,19.1,19.135
1656432000000,19.135,19.405,18.52,18.775
1656446400000,18.775,18.9,17.98,18.09
1656460800000,18.09,18.685,18.01,18.38
1656475200000,18.38,18.63,17.785,18.305
1656489600000,18.305,18.455,17.475,17.75
1656504000000,17.75,17.89,17.245,17.665
1656518400000,17.665,17.915,17.16,17.86
1656532800000,17.86,18.31,17.44,17.77
1656547200000,17.77,17.79,17.015,17.315
1656561600000,17.315,17.42,16.36,16.495
1656576000000,16.495,16.5,15.835,16.1
1656590400000,16.1,16.55,15.755,16.39
1656604800000,16.39,16.67,16.01,16.245
1656619200000,16.245,17.195,15.93,16.975
1656633600000,16.975,17.65,16.675,16.675
1656648000000,16.675,16.735,15.78,16.375
1656662400000,16.375,16.595,15.755,16.005
1656676800000,16.005,16.425,15.825,15.975
1656691200000,15.975,16.52,15.905,16.47
1656705600000,16.47,16.665,16.02,16.1
1656720000000,16.1,16.33,15.935,15.985
1656734400000,15.985,16.5,15.955,16.19
1656748800000,16.19,16.385,15.975,16.255
1656763200000,16.255,16.485,16.125,16.23
1656777600000,16.23,16.59,16.155,16.385
1656792000000,16.385,16.615,16.275,16.31
1656806400000,16.31,16.465,16.095,16.28
1656820800000,16.28,16.59,15.95,16.095
1656835200000,16.095,16.17,15.945,16.095
1656849600000,16.095,16.165,15.815,15.92
1656864000000,15.92,16.545,15.89,16.45
1656878400000,16.45,16.905,16.365,16.625
1656892800000,16.625,16.835,16.285,16.325
1656907200000,16.325,17.115,16.315,16.635
1656921600000,16.635,17.28,16.605,17.215
1656936000000,17.215,17.67,17.025,17.265
1656950400000,17.265,17.645,17.125,17.415
1656964800000,17.415,18.075,17.305,17.91
1656979200000,17.91,18.14,17.58,17.875
1656993600000,17.875,18.24,17.655,17.91
1657008000000,17.91,17.92,16.905,16.99
1657022400000,16.99,17.075,16.645,17.0
1657036800000,17.0,17.97,16.725,17.8
1657051200000,17.8,18.64,17.695,18.015
1657065600000,18.015,18.425,17.765,18.08
1657080000000,18.08,18.795,18.005,18.57
1657094400000,18.57,18.95,18.245,18.295
1657108800000,18.295,18.61,18.11,18.375
1657123200000,18.375,19.38,18.325,18.965
1657137600000,18.965,19.47,18.775,19.16
1657152000000,19.16,19.62,19.015,19.405
1657166400000,19.405,19.415,18.825,19.315
1657180800000,19.315,19.62,19.23,19.445
1657195200000,19.445,20.09,19.06,19.84
1657209600000,19.84,20.615,19.8,20.465
1657224000000,20.465,20.48,19.99,20.165
1657238400000,20.165,21.18,19.905,20.725
1657252800000,20.725,20.855,19.815,20.09
1657267200000,20.09,20.2,19.425,19.75
1657281600000,19.75,20.425,19.405,20.315
1657296000000,20.315,20.44,19.865,20.08
1657310400000,20.08,20.33,19.65,19.705
1657324800000,19.705,20.12,19.56,19.775
1657339200000,19.775,20.095,19.69,20.015
1657353600000,20.015,20.195,19.7,19.795
1657368000000,19.795,19.98,19.685,19.875
1657382400000,19.875,20.27,19.825,20.03
1657396800000,20.03,20.17,19.815,19.88
1657411200000,19.88,19.975,19.265,19.42
1657425600000,19.42,19.71,19.265,19.63
1657440000000,19.63,19.645,19.055,19.18
1657454400000,19.18,19.29,18.83,18.945
1657468800000,18.945,19.245,18.75,19.245
1657483200000,19.245,19.43,18.995,19.145
1657497600000,19.145,19.165,18.53,18.655
1657512000000,18.655,18.685,18.165,18.355
1657526400000,18.355,18.75,18.325,18.38
1657540800000,18.38,18.675,18.055,18.285
1657555200000,18.285,18.51,18.21,18.315
1657569600000,18.315,18.365,17.3,17.335
1657584000000,17.335,17.675,17.225,17.505
1657598400000,17.505,17.79,17.255,17.425
1657612800000,17.425,17.81,17.31,17.675
1657627200000,17.675,18.05,17.55,17.87
1657641600000,17.87,18.045,17.005,17.115
1657656000000,17.115,17.385,16.7,16.735
1657670400000,16.735,17.145,16.69,16.975
1657684800000,16.975,17.41,16.905,17.39
1657699200000,17.39,17.62,17.31,17.57
1657713600000,17.57,17.875,16.335,17.395
1657728000000,17.395,18.265,17.265,17.895
1657742400000,17.895,18.93,17.72,18.825
1657756800000,18.825,18.96,18.505,18.775
1657771200000,18.775,19.03,18.355,18.4
1657785600000,18.4,18.465,17.85,17.93
1657800000000,17.93,18.84,17.76,18.695
1657814400000,18.695,19.995,18.59,19.68
1657828800000,19.68,19.84,19.435,19.75
1657843200000,19.75,20.285,19.455,19.85
1657857600000,19.85,20.03,19.595,19.85
1657872000000,19.85,20.2,19.735,19.765
1657886400000,19.765,20.12,19.22,19.24
1657900800000,19.24,19.955,19.075,19.91
1657915200000,19.91,20.14,19.28,19.345
1657929600000,19.345,19.495,19.08,19.3
1657944000000,19.3,19.32,18.67,18.775
1657958400000,18.775,19.175,18.72,19.055
1657972800000,19.055,20.225,18.99,20.175
1657987200000,20.175,21.52,20.155,20.99
1658001600000,20.99,21.45,20.785,21.24
1658016000000,21.24,21.65,20.815,21.16
1658030400000,21.16,22.12,21.09,21.625
1658044800000,21.625,21.77,21.15,21.515
1658059200000,21.515,21.615,21.105,21.205
1658073600000,21.205,21.58,20.655,21.035
1658088000000,21.035,21.205,20.555,20.595
1658102400000,20.595,22.0,20.57,21.88
1658116800000,21.88,24.075,21.655,23.78
1658131200000,23.78,24.36,23.4,23.59
1658145600000,23.59,24.155,23.27,24.035
1658160000000,24.035,24.09,22.21,22.49
1658174400000,22.49,24.29,22.325,23.96
1658188800000,23.96,24.775,23.175,23.375
1658203200000,23.375,23.85,23.005,23.265
1658217600000,23.265,24.41,23.12,24.11
1658232000000,24.11,25.37,23.985,25.3
1658246400000,25.3,26.3,24.8,24.94
1658260800000,24.94,25.44,24.47,24.72
1658275200000,24.72,25.505,24.47,25.325
1658289600000,25.325,25.97,24.93,24.945
1658304000000,24.945,25.645,24.54,25.255
1658318400000,25.255,26.355,24.875,25.46
1658332800000,25.46,25.56,24.165,24.26
1658347200000,24.26,24.515,23.385,23.58
1658361600000,23.58,24.035,22.77,22.875
1658376000000,22.875,23.735,22.635,23.495
1658390400000,23.495,23.89,23.25,23.71
1658404800000,23.71,24.35,23.575,24.11
1658419200000,24.11,25.45,24.07,25.285
1658433600000,25.285,25.425,24.685,25.005
1658448000000,25.005,25.41,24.515,24.845
1658462400000,24.845,25.275,24.555,25.16
1658476800000,25.16,25.495,24.905,25.44
1658491200000,25.44,25.535,24.05,24.235
1658505600000,24.235,24.55,23.605,23.725
1658520000000,23.725,23.94,23.565,23.61
1658534400000,23.61,24.235,23.295,24.065
1658548800000,24.065,24.645,24.055,24.395
1658563200000,24.395,24.63,23.335,23.365
1658577600000,23.365,23.695,23.16,23.55
1658592000000,23.55,23.645,22.8,23.235
1658606400000,23.235,23.795,23.07,23.595
1658620800000,23.595,23.915,23.29,23.325
1658635200000,23.325,24.215,23.22,24.01
1658649600000,24.01,24.25,23.73,24.015
1658664000000,24.015,24.12,23.605,24.045
1658678400000,24.045,24.1,23.765,23.915
1658692800000,23.915,24.475,23.685,23.785
1658707200000,23.785,23.83,21.81,21.985
1658721600000,21.985,22.455,21.84,22.12
1658736000000,22.12,22.37,21.93,22.23
1658750400000,22.23,22.235,21.735,21.975
1658764800000,21.975,22.115,21.235,21.62
1658779200000,21.62,22.035,20.87,20.9
1658793600000,20.9,20.96,20.275,20.77
1658808000000,20.77,20.94,20.49,20.55
1658822400000,20.55,20.825,20.48,20.705
1658836800000,20.705,20.91,19.84,19.865
1658851200000,19.865,20.305,19.53,19.68
1658865600000,19.68,20.725,19.565,20.695
1658880000000,20.695,20.735,20.175,20.22
1658894400000,20.22,21.17,20.205,21.095
1658908800000,21.095,21.28,20.77,20.795
1658923200000,20.795,21.415,20.71,21.24
1658937600000,21.24,23.375,20.915,22.81
1658952000000,22.81,23.485,22.8,23.385
1658966400000,23.385,23.62,22.82,22.925
1658980800000,22.925,23.13,22.67,22.775
1658995200000,22.775,23.265,22.61,23.22
1659009600000,23.22,24.37,22.385,24.115
1659024000000,24.115,24.46,23.82,23.99
1659038400000,23.99,24.71,23.99,24.195
1659052800000,24.195,24.825,24.025,24.71
1659067200000,24.71,25.2,24.335,24.425
1659081600000,24.425,24.765,23.64,23.91
1659096000000,23.91,25.37,23.46,25.005
1659110400000,25.005,25.02,23.775,24.48
1659124800000,24.48,25.075,24.235,24.465
1659139200000,24.465,24.9,24.12,24.28
1659153600000,24.28,24.62,23.885,24.485
1659168000000,24.485,24.735,24.1,24.53
1659182400000,24.53,25.835,24.425,25.665
1659196800000,25.665,25.82,24.615,24.71
1659211200000,24.71,24.84,23.95,24.22
1659225600000,24.22,24.66,24.005,24.46
1659240000000,24.46,24.875,24.4,24.505
1659254400000,24.505,25.025,24.095,24.8
1659268800000,24.8,24.865,24.3,24.635
1659283200000,24.635,25.24,24.105,24.645
1659297600000,24.645,24.715,23.525,23.695
1659312000000,23.695,24.32,23.595,24.095
1659326400000,24.095,24.265,23.325,23.8
1659340800000,23.8,23.87,23.105,23.41
1659355200000,23.41,23.94,22.94,23.695
1659369600000,23.695,23.725,22.95,23.15
1659384000000,23.15,23.72,23.085,23.56
1659398400000,23.56,23.8,22.33,22.44
1659412800000,22.44,22.72,22.225,22.68
1659427200000,22.68,22.815,22.27,22.675
1659441600000,22.675,23.27,22.23,23.145
1659456000000,23.145,23.97,22.915,23.105
1659470400000,23.105,23.325,22.73,22.82
1659484800000,22.82,23.055,22.265,23.03
1659499200000,23.03,23.615,22.955,23.395
1659513600000,23.395,23.96,23.395,23.92
1659528000000,23.92,24.19,23.68,23.785
1659542400000,23.785,24.09,23.65,23.985
1659556800000,23.985,24.03,22.935,23.035
1659571200000,23.035,24.005,22.925,23.59
1659585600000,23.59,23.91,23.255,23.475
1659600000000,23.475,23.565,23.155,23.37
1659614400000,23.37,23.72,23.045,23.39
1659628800000,23.39,23.545,22.865,23.14
1659643200000,23.14,23.45,23.015,23.35
1659657600000,23.35,24.08,23.1,24.025
1659672000000,24.025,24.135,23.73,23.84
1659686400000,23.84,24.665,23.705,24.655
1659700800000,24.655,24.755,24.055,24.14
1659715200000,24.14,24.3,23.895,24.155
1659729600000,24.155,24.985,24.08,24.95
1659744000000,24.95,25.435,24.7,24.975
1659758400000,24.975,25.265,24.86,25.195
1659772800000,25.195,26.01,25.195,25.435
1659787200000,25.435,26.025,25.435,25.765
1659801600000,25.765,26.895,25.745,26.54
1659816000000,26.54,26.95,26.135,26.625
1659830400000,26.625,26.63,25.81,26.185
1659844800000,26.185,26.375,25.93,26.115
1659859200000,26.115,26.48,25.82,26.44
1659873600000,26.44,28.29,26.435,27.975
1659888000000,27.975,28.08,27.645,27.775
1659902400000,27.775,28.54,27.59,27.885
1659916800000,27.885,28.265,27.545,28.16
1659931200000,28.16,28.65,27.995,28.38
1659945600000,28.38,30.14,28.18,29.735
1659960000000,29.735,30.935,28.715,29.03
1659974400000,29.03,29.065,28.325,28.59
1659988800000,28.59,28.98,27.81,27.915
1660003200000,27.915,28.4,27.6,28.025
1660017600000,28.025,28.805,27.99,28.47
1660032000000,28.47,28.475,27.17,27.37
1660046400000,27.37,28.29,26.9,27.11
1660060800000,27.11,27.55,27.035,27.33
1660075200000,27.33,27.82,27.275,27.4
1660089600000,27.4,27.89,26.59,27.515
1660104000000,27.515,27.795,27.14,27.405
1660118400000,27.405,28.485,27.38,28.055
1660132800000,28.055,30.24,28.03,29.51
1660147200000,29.51,29.575,28.525,28.675
1660161600000,28.675,29.19,28.59,29.16
1660176000000,29.16,29.65,28.865,29.57
1660190400000,29.57,30.0,29.345,29.605
1660204800000,29.605,29.73,29.235,29.515
1660219200000,29.515,30.1,28.74,28.8
1660233600000,28.8,29.045,28.555,28.895
1660248000000,28.895,29.27,28.265,28.52
1660262400000,28.52,29.245,28.05,28.96
1660276800000,28.96,29.11,28.635,28.815
1660291200000,28.815,29.17,28.165,28.38
1660305600000,28.38,29.165,28.35,29.0
1660320000000,29.0,29.325,28.73,29.155
1660334400000,29.155,29.43,28.955,29.315
1660348800000,29.315,30.375,29.06,30.095
1660363200000,30.095,30.15,29.525,29.55
1660377600000,29.55,29.71,29.285,29.565
1660392000000,29.565,29.715,29.135,29.525
1660406400000,29.525,29.64,28.845,29.005
1660420800000,29.005,29.31,28.93,29.13
1660435200000,29.13,29.47,28.655,29.3
1660449600000,29.3,29.85,29.25,29.67
1660464000000,29.67,29.705,29.07,29.2
1660478400000,29.2,29.2,28.47,28.865
1660492800000,28.865,28.905,27.825,28.26
1660507200000,28.26,28.445,27.98,28.155
1660521600000,28.155,29.27,27.95,28.895
1660536000000,28.895,29.045,27.355,27.695
1660550400000,27.695,27.885,27.345,27.575
1660564800000,27.575,28.12,27.32,28.09
1660579200000,28.09,28.12,27.46,27.64
1660593600000,27.64,27.96,27.055,27.87
1660608000000,27.87,28.105,27.23,27.79
1660622400000,27.79,27.9,27.365,27.825
1660636800000,27.825,28.395,27.62,27.995
1660651200000,27.995,28.105,27.315,27.625
1660665600000,27.625,27.71,26.91,27.31
1660680000000,27.31,27.56,27.01,27.095
1660694400000,27.095,27.64,27.045,27.615
1660708800000,27.615,28.195,27.175,27.275
1660723200000,27.275,27.555,27.045,27.14
1660737600000,27.14,27.175,25.915,26.105
1660752000000,26.105,26.66,26.045,26.145
1660766400000,26.145,26.335,25.235,25.535
1660780800000,25.535,25.885,25.315,25.84
1660795200000,25.84,25.98,25.64,25.86
1660809600000,25.86,26.16,25.6,26.095
1660824000000,26.095,26.265,25.385,25.715
1660838400000,25.715,25.75,25.01,25.265
1660852800000,25.265,25.475,23.765,24.195
1660867200000,24.195,24.415,23.02,23.185
1660881600000,23.185,23.32,21.22,22.32
1660896000000,22.32,22.645,21.925,22.605
1660910400000,22.605,22.93,22.275,22.795
1660924800000,22.795,23.29,22.465,22.925
1660939200000,22.925,23.03,22.105,22.43
1660953600000,22.43,22.995,22.425,22.765
1660968000000,22.765,23.075,22.59,22.94
1660982400000,22.94,22.97,22.65,22.71
1660996800000,22.71,22.905,22.565,22.775
1661011200000,22.775,22.81,21.735,21.83
1661025600000,21.83,22.395,21.62,22.285
1661040000000,22.285,22.665,22.22,22.39
1661054400000,22.39,22.94,22.13,22.88
1661068800000,22.88,23.21,22.74,23.11
1661083200000,23.11,23.2,22.655,22.84
1661097600000,22.84,23.095,22.705,23.005
1661112000000,23.005,23.565,22.5,22.96
1661126400000,22.96,22.975,22.6,22.655
1661140800000,22.655,22.86,21.955,21.96
1661155200000,21.96,22.365,21.615,22.085
1661169600000,22.085,22.36,21.815,22.33
1661184000000,22.33,22.435,21.815,22.075
1661198400000,22.075,22.61,21.95,22.55
1661212800000,22.55,22.885,22.46,22.56
1661227200000,22.56,22.725,21.805,22.41
1661241600000,22.41,22.89,22.41,22.855
1661256000000,22.855,23.74,22.62,23.315
1661270400000,23.315,23.43,23.01,23.295
1661284800000,23.295,23.675,23.165,23.49
1661299200000,23.49,23.605,22.795,23.02
1661313600000,23.02,23.365,22.825,23.01
1661328000000,23.01,23.26,22.945,23.215
1661342400000,23.215,23.525,22.905,23.46
1661356800000,23.46,23.67,23.175,23.45
1661371200000,23.45,23.525,22.945,23.005
1661385600000,23.005,23.3,22.96,23.01
1661400000000,23.01,23.625,22.99,23.525
1661414400000,23.525,23.645,23.26,23.435
1661428800000,23.435,23.49,22.635,22.88
1661443200000,22.88,23.06,22.74,23.03
1661457600000,23.03,23.23,22.84,22.97
1661472000000,22.97,23.09,22.665,22.96
1661486400000,22.96,23.05,22.345,22.545
1661500800000,22.545,22.625,21.93,22.235
1661515200000,22.235,23.21,21.51,21.78
1661529600000,21.78,21.86,21.255,21.495
1661544000000,21.495,21.66,20.315,20.64
1661558400000,20.64,20.88,20.375,20.515
1661572800000,20.515,20.745,19.95,20.73
1661587200000,20.73,20.775,20.465,20.64
1661601600000,20.64,20.65,19.91,20.175
1661616000000,20.175,20.4,19.91,20.22
1661630400000,20.22,20.25,19.76,20.03
1661644800000,20.03,20.23,19.785,19.805
1661659200000,19.805,20.2,19.61,20.1
1661673600000,20.1,20.45,19.925,20.105
1661688000000,20.105,20.16,19.66,20.025
1661702400000,20.025,20.265,19.77,19.795
1661716800000,19.795,19.905,18.035,18.51
1661731200000,18.51,18.65,17.835,18.155
1661745600000,18.155,18.245,17.46,18.02
1661760000000,18.02,18.175,17.795,18.045
1661774400000,18.045,19.345,17.975,19.04
1661788800000,19.04,19.25,18.81,18.99
1661803200000,18.99,19.465,18.93,19.32
1661817600000,19.32,19.655,19.0,19.5
1661832000000,19.5,20.525,19.46,20.28
1661846400000,20.28,20.64,20.06,20.16
1661860800000,20.16,20.245,18.995,19.375
1661875200000,19.375,19.96,18.85,19.585
1661889600000,19.585,19.805,19.225,19.385
1661904000000,19.385,19.965,19.385,19.79
1661918400000,19.79,20.05,19.575,19.6
1661932800000,19.6,19.91,19.325,19.78
1661947200000,19.78,19.975,19.25,19.545
1661961600000,19.545,19.61,19.125,19.385
1661976000000,19.385,19.47,18.97,19.125
1661990400000,19.125,19.395,18.83,19.075
1662004800000,19.075,19.265,18.775,18.94
1662019200000,18.94,19.31,18.8,19.22
1662033600000,19.22,19.265,18.32,18.535
1662048000000,18.535,18.9,18.435,18.86
1662062400000,18.86,19.46,18.82,19.3
1662076800000,19.3,19.43,18.91,19.255
1662091200000,19.255,19.6,19.115,19.23
1662105600000,19.23,19.26,18.91,19.165
1662120000000,19.165,19.65,19.03,19.54
1662134400000,19.54,19.585,18.665,18.815
1662148800000,18.815,18.93,18.675,18.85
1662163200000,18.85,18.99,18.61,18.74
1662177600000,18.74,18.97,18.535,18.72
1662192000000,18.72,18.935,18.68,18.81
1662206400000,18.81,18.975,18.71,18.775
1662220800000,18.775,18.9,18.675,18.74
1662235200000,18.74,18.885,18.715,18.88
1662249600000,18.88,19.11,18.845,18.905
1662264000000,18.905,18.945,18.76,18.785
1662278400000,18.785,18.995,18.71,18.965
1662292800000,18.965,19.16,18.775,18.96
1662307200000,18.96,19.045,18.86,18.95
1662321600000,18.95,19.04,18.82,19.01
1662336000000,19.01,19.14,18.935,19.05
1662350400000,19.05,19.08,18.695,18.74
1662364800000,18.74,18.805,18.425,18.55
1662379200000,18.55,18.865,18.49,18.75
1662393600000,18.75,18.845,18.605,18.67
1662408000000,18.67,19.475,18.655,19.43
1662422400000,19.43,20.485,19.43,19.9
1662436800000,19.9,20.12,19.84,19.98
1662451200000,19.98,20.295,19.785,20.17
1662465600000,20.17,20.245,19.415,19.97
1662480000000,19.97,19.995,18.27,18.43
1662494400000,18.43,18.54,18.12,18.185
1662508800000,18.185,18.305,17.82,18.24
1662523200000,18.24,18.465,18.135,18.385
1662537600000,18.385,18.55,18.21,18.27
1662552000000,18.27,18.685,18.115,18.6
1662566400000,18.6,18.9,18.51,18.685
1662580800000,18.685,19.295,18.685,18.985
1662595200000,18.985,19.15,18.83,18.925
1662609600000,18.925,19.15,18.55,18.785
1662624000000,18.785,19.0,18.695,18.75
1662638400000,18.75,19.115,18.39,18.965
1662652800000,18.965,19.055,18.69,19.055
1662667200000,19.055,19.14,18.885,19.115
1662681600000,19.115,19.97,19.09,19.835
1662696000000,19.835,20.18,19.775,20.02
1662710400000,20.02,20.265,19.985,20.09
1662724800000,20.09,20.445,20.055,20.29
1662739200000,20.29,20.425,20.035,20.3
1662753600000,20.3,20.845,20.11,20.405
1662768000000,20.405,21.175,20.23,20.545
1662782400000,20.545,20.85,20.22,20.285
1662796800000,20.285,20.515,20.24,20.365
1662811200000,20.365,20.48,20.035,20.17
1662825600000,20.17,20.465,20.1,20.375
1662840000000,20.375,20.81,20.2,20.43
1662854400000,20.43,20.745,20.235,20.325
1662868800000,20.325,20.465,19.925,20.38
1662883200000,20.38,20.45,20.245,20.38
1662897600000,20.38,20.615,20.295,20.465
1662912000000,20.465,20.945,20.395,20.515
1662926400000,20.515,20.9,20.115,20.66
1662940800000,20.66,21.005,20.05,20.31
1662955200000,20.31,20.825,20.215,20.765
1662969600000,20.765,21.73,20.645,21.465
1662984000000,21.465,21.89,21.03,21.125
1662998400000,21.125,21.5,20.815,21.38
1663012800000,21.38,21.63,21.135,21.37
1663027200000,21.37,21.48,20.745,21.475
1663041600000,21.475,21.76,21.165,21.645
1663056000000,21.645,21.78,21.32,21.555
1663070400000,21.555,21.635,19.55,19.64
1663084800000,19.64,19.855,18.91,19.285
1663099200000,19.285,19.4,18.75,18.855
1663113600000,18.855,19.285,18.705,19.175
1663128000000,19.175,19.295,18.745,18.965
1663142400000,18.965,19.225,18.8,18.905
1663156800000,18.905,19.27,18.725,19.035
1663171200000,19.035,19.05,18.425,18.94
1663185600000,18.94,19.21,18.72,19.105
1663200000000,19.105,19.14,18.46,18.625
1663214400000,18.625,19.355,18.43,19.165
1663228800000,19.165,19.17,18.75,18.965
1663243200000,18.965,19.11,18.14,18.385
1663257600000,18.385,18.62,18.29,18.395
1663272000000,18.395,18.535,18.075,18.185
1663286400000,18.185,18.28,17.88,18.14
1663300800000,18.14,18.295,18.11,18.165
1663315200000,18.165,18.175,17.575,18.1
1663329600000,18.1,18.135,17.59,17.98
1663344000000,17.98,17.98,17.51,17.89
1663358400000,17.89,18.25,17.88,18.045
1663372800000,18.045,18.51,18.035,18.215
1663387200000,18.215,18.42,18.065,18.215
1663401600000,18.215,18.295,18.085,18.13
1663416000000,18.13,18.45,18.07,18.345
1663430400000,18.345,18.57,18.33,18.395
1663444800000,18.395,18.52,18.33,18.46
1663459200000,18.46,18.75,18.27,18.38
1663473600000,18.38,18.58,18.36,18.41
1663488000000,18.41,18.52,18.09,18.185
1663502400000,18.185,18.285,18.0,18.06
1663516800000,18.06,18.125,17.64,17.895
1663531200000,17.895,17.915,16.19,16.685
1663545600000,16.685,17.04,16.365,16.64
1663560000000,16.64,16.96,16.475,16.675
1663574400000,16.675,16.92,16.485,16.83
1663588800000,16.83,17.355,16.805,17.05
1663603200000,17.05,17.28,16.89,17.19
1663617600000,17.19,17.345,17.135,17.26
1663632000000,17.26,17.375,16.965,17.12
1663646400000,17.12,17.42,16.97,17.065
1663660800000,17.065,17.145,16.75,16.875
1663675200000,16.875,17.06,16.57,17.0
1663689600000,17.0,17.03,16.61,16.82
1663704000000,16.82,16.875,16.555,16.635
1663718400000,16.635,16.92,16.575,16.825
1663732800000,16.825,16.93,16.45,16.62
1663747200000,16.62,16.985,16.565,16.91
1663761600000,16.91,17.085,16.775,16.86
1663776000000,16.86,17.93,16.85,17.02
1663790400000,17.02,17.025,16.165,16.52
1663804800000,16.52,16.77,16.38,16.685
1663819200000,16.685,17.18,16.68,17.165
1663833600000,17.165,17.695,17.115,17.595
1663848000000,17.595,17.63,17.11,17.29
1663862400000,17.29,17.845,17.14,17.64
1663876800000,17.64,17.87,17.51,17.665
1663891200000,17.665,18.02,17.52,17.885
1663905600000,17.885,18.23,17.775,17.835
1663920000000,17.835,17.88,17.26,17.36
1663934400000,17.36,17.605,17.135,17.435
1663948800000,17.435,17.485,17.185,17.485
1663963200000,17.485,18.08,17.48,17.955
1663977600000,17.955,18.135,17.775,17.985
1663992000000,17.985,18.175,17.825,17.87
1664006400000,17.87,18.08,17.755,17.95
1664020800000,17.95,18.1,17.8,17.835
1664035200000,17.835,17.93,17.795,17.87
1664049600000,17.87,17.895,17.525,17.585
1664064000000,17.585,17.81,17.555,17.795
1664078400000,17.795,17.86,17.645,17.775
1664092800000,17.775,17.79,17.665,17.765
1664107200000,17.765,17.795,17.395,17.565
1664121600000,17.565,17.645,17.355,17.48
1664136000000,17.48,17.49,17.115,17.31
1664150400000,17.31,17.49,17.1,17.245
1664164800000,17.245,17.32,16.96,17.205
1664179200000,17.205,17.475,17.095,17.2
1664193600000,17.2,17.475,17.12,17.38
1664208000000,17.38,17.575,17.185,17.445
1664222400000,17.445,17.575,17.305,17.555
1664236800000,17.555,18.035,17.49,17.96
1664251200000,17.96,18.27,17.805,18.115
1664265600000,18.115,18.165,17.96,18.015
1664280000000,18.015,18.46,17.825,17.88
1664294400000,17.88,17.925,17.025,17.125
1664308800000,17.125,17.335,17.055,17.28
1664323200000,17.28,17.365,16.745,16.99
1664337600000,16.99,17.095,16.72,17.0
1664352000000,17.0,17.09,16.755,16.945
1664366400000,16.945,17.28,16.94,17.245
1664380800000,17.245,17.36,17.1,17.295
1664395200000,17.295,17.44,17.195,17.25
1664409600000,17.25,17.38,17.115,17.27
1664424000000,17.27,17.33,17.05,17.115
1664438400000,17.115,17.295,17.075,17.18
1664452800000,17.18,17.21,16.875,17.13
1664467200000,17.13,17.275,17.02,17.245
1664481600000,17.245,17.37,17.125,17.335
1664496000000,17.335,17.43,17.155,17.25
1664510400000,17.25,17.56,17.21,17.505
1664524800000,17.505,17.59,17.275,17.31
1664539200000,17.31,17.725,17.105,17.38
1664553600000,17.38,17.52,17.155,17.21
1664568000000,17.21,17.33,17.005,17.185
1664582400000,17.185,17.29,17.105,17.275
1664596800000,17.275,17.29,17.15,17.245
1664611200000,17.245,17.275,17.115,17.205
1664625600000,17.205,17.255,17.12,17.175
1664640000000,17.175,17.175,16.915,16.985
1664654400000,16.985,17.055,16.86,16.94
1664668800000,16.94,17.065,16.925,16.975
1664683200000,16.975,17.16,16.97,16.985
1664697600000,16.985,17.02,16.58,16.795
1664712000000,16.795,16.815,16.645,16.73
1664726400000,16.73,16.935,16.71,16.865
1664740800000,16.865,16.875,16.43,16.525
1664755200000,16.525,16.765,16.32,16.605
1664769600000,16.605,16.715,16.43,16.645
1664784000000,16.645,16.85,16.565,16.815
1664798400000,16.815,17.085,16.685,16.88
1664812800000,16.88,17.075,16.87,16.97
1664827200000,16.97,17.3,16.97,17.14
1664841600000,17.14,17.255,17.055,17.215
1664856000000,17.215,17.39,17.125,17.345
1664870400000,17.345,17.455,17.225,17.305
1664884800000,17.305,17.535,17.25,17.38
1664899200000,17.38,17.415,17.175,17.38
1664913600000,17.38,17.54,17.345,17.43
1664928000000,17.43,17.445,17.265,17.295
1664942400000,17.295,17.465,17.24,17.31
1664956800000,17.31,17.325,17.03,17.09
1664971200000,17.09,17.12,16.935,17.075
1664985600000,17.075,17.36,17.04,17.22
1665000000000,17.22,17.38,17.18,17.37
1665014400000,17.37,17.66,17.34,17.52
1665028800000,17.52,17.6,17.31,17.425
1665043200000,17.425,17.425,17.255,17.36
1665057600000,17.36,17.46,17.135,17.24
1665072000000,17.24,17.32,17.055,17.11
1665086400000,17.11,17.135,16.965,17.03
1665100800000,17.03,17.14,17.02,17.075
1665115200000,17.075,17.115,16.97,17.055
1665129600000,17.055,17.15,17.025,17.06
1665144000000,17.06,17.08,16.73,16.85
1665158400000,16.85,16.855,16.69,16.81
1665172800000,16.81,16.91,16.79,16.88
1665187200000,16.88,16.98,16.865,16.915
1665201600000,16.915,16.945,16.82,16.885
1665216000000,16.885,16.9,16.83,16.885
1665230400000,16.885,16.895,16.78,16.825
1665244800000,16.825,16.885,16.765,16.785
1665259200000,16.785,16.82,16.53,16.77
1665273600000,16.77,16.8,16.7,16.725
1665288000000,16.725,16.9,16.71,16.85
1665302400000,16.85,16.975,16.81,16.915
1665316800000,16.915,16.97,16.885,16.97
1665331200000,16.97,16.98,16.84,16.94
1665345600000,16.94,16.99,16.78,16.89
1665360000000,16.89,17.225,16.86,16.96
1665374400000,16.96,17.01,16.825,16.855
1665388800000,16.855,16.865,16.485,16.695
1665403200000,16.695,16.795,16.6,16.675
1665417600000,16.675,16.69,16.52,16.575
1665432000000,16.575,16.61,16.155,16.195
1665446400000,16.195,16.195,15.58,15.88
1665460800000,15.88,16.065,15.85,16.01
1665475200000,16.01,16.065,15.93,16.05
1665489600000,16.05,16.305,15.835,16.2
1665504000000,16.2,16.215,15.875,15.935
1665518400000,15.935,16.0,15.84,15.945
1665532800000,15.945,16.095,15.875,15.91
1665547200000,15.91,16.095,15.905,15.99
1665561600000,15.99,16.165,15.975,16.07
1665576000000,16.07,16.1,15.86,16.025
1665590400000,16.025,16.035,15.81,15.98
1665604800000,15.98,16.045,15.92,15.93
1665619200000,15.93,15.975,15.335,15.585
1665633600000,15.585,15.61,14.925,15.155
1665648000000,15.155,15.225,14.46,14.985
1665662400000,14.985,15.405,14.395,15.275
1665676800000,15.275,15.74,15.22,15.625
1665691200000,15.625,15.795,15.62,15.65
1665705600000,15.65,16.35,15.61,16.125
1665720000000,16.125,16.345,16.06,16.125
1665734400000,16.125,16.285,16.07,16.135
1665748800000,16.135,16.395,15.905,15.91
1665763200000,15.91,15.94,15.66,15.71
1665777600000,15.71,15.775,15.53,15.665
1665792000000,15.665,15.745,15.59,15.695
1665806400000,15.695,15.76,15.625,15.71
1665820800000,15.71,15.73,15.495,15.715
1665835200000,15.715,15.735,15.575,15.68
1665849600000,15.68,15.74,15.585,15.62
1665864000000,15.62,15.625,15.35,15.415
1665878400000,15.415,15.565,15.405,15.49
1665892800000,15.49,15.6,15.48,15.58
1665907200000,15.58,15.73,15.56,15.595
1665921600000,15.595,15.655,15.53,15.6
1665936000000,15.6,15.865,15.54,15.865
1665950400000,15.865,15.87,15.585,15.74
1665964800000,15.74,15.8,15.635,15.72
1665979200000,15.72,15.965,15.675,15.885
1665993600000,15.885,16.16,15.81,16.035
1666008000000,16.035,16.265,15.955,16.08
1666022400000,16.08,16.16,15.955,16.01
1666036800000,16.01,16.27,16.005,16.17
1666051200000,16.17,16.35,16.045,16.225
1666065600000,16.225,16.335,16.17,16.29
1666080000000,16.29,16.3,15.925,16.05
1666094400000,16.05,16.155,15.765,15.88
1666108800000,15.88,16.025,15.565,15.77
1666123200000,15.77,15.93,15.75,15.86
1666137600000,15.86,15.915,15.625,15.64
1666152000000,15.64,15.75,15.46,15.56
1666166400000,15.56,15.63,15.405,15.54
1666180800000,15.54,15.66,15.415,15.625
1666195200000,15.625,15.625,15.43,15.585
1666209600000,15.585,15.635,14.99,15.045
1666224000000,15.045,15.185,14.85,15.14
1666238400000,15.14,15.395,15.13,15.235
1666252800000,15.235,15.335,15.13,15.3
1666267200000,15.3,15.385,15.15,15.26
1666281600000,15.26,15.45,15.045,15.32
1666296000000,15.32,15.37,15.105,15.13
1666310400000,15.13,15.15,14.75,15.085
1666324800000,15.085,15.12,14.91,14.985
1666339200000,14.985,14.985,14.69,14.74
1666353600000,14.74,15.3,14.555,15.295
1666368000000,15.295,15.59,15.225,15.51
1666382400000,15.51,15.725,15.415,15.68
1666396800000,15.68,15.87,15.545,15.64
1666411200000,15.64,15.675,15.47,15.63
1666425600000,15.63,15.84,15.625,15.785
1666440000000,15.785,15.915,15.655,15.68
1666454400000,15.68,15.715,15.55,15.655
1666468800000,15.655,15.765,15.625,15.67
1666483200000,15.67,15.88,15.6,15.765
1666497600000,15.765,15.84,15.67,15.78
1666512000000,15.78,15.855,15.615,15.67
1666526400000,15.67,15.775,15.585,15.635
1666540800000,15.635,16.055,15.615,16.015
1666555200000,16.015,16.405,15.95,16.295
1666569600000,16.295,16.48,16.055,16.075
1666584000000,16.075,16.125,15.855,15.94
1666598400000,15.94,16.09,15.87,16.06
1666612800000,16.06,16.08,15.635,15.8
1666627200000,15.8,15.845,15.625,15.755
1666641600000,15.755,15.835,15.685,15.745
1666656000000,15.745,15.88,15.585,15.835
1666670400000,15.835,15.875,15.725,15.75
1666684800000,15.75,15.765,15.58,15.685
1666699200000,15.685,16.43,15.615,16.325
1666713600000,16.325,17.055,16.325,16.815
1666728000000,16.815,16.865,16.39,16.625
1666742400000,16.625,17.04,16.62,16.945
1666756800000,16.945,17.225,16.94,17.095
1666771200000,17.095,17.34,16.96,17.06
1666785600000,17.06,17.325,16.83,17.125
1666800000000,17.125,17.22,16.855,16.985
1666814400000,16.985,17.16,16.905,16.995
1666828800000,16.995,17.18,16.865,17.11
1666843200000,17.11,17.505,17.04,17.19
1666857600000,17.19,17.235,16.91,17.0
1666872000000,17.0,17.37,16.815,17.215
1666886400000,17.215,17.42,17.155,17.335
1666900800000,17.335,17.365,16.84,16.88
1666915200000,16.88,17.11,16.71,17.025
1666929600000,17.025,17.18,16.915,17.175
1666944000000,17.175,17.465,17.085,17.26
1666958400000,17.26,17.765,17.12,17.58
1666972800000,17.58,18.24,17.565,18.165
1666987200000,18.165,18.385,18.095,18.31
1667001600000,18.31,18.8,18.255,18.73
1667016000000,18.73,18.765,18.32,18.47
1667030400000,18.47,18.885,18.295,18.375
1667044800000,18.375,18.685,18.315,18.51
1667059200000,18.51,18.815,18.35,18.445
1667073600000,18.445,18.515,18.155,18.28
1667088000000,18.28,18.43,18.15,18.395
1667102400000,18.395,18.815,18.305,18.77
1667116800000,18.77,18.785,18.285,18.495
1667131200000,18.495,18.5,17.965,18.08
1667145600000,18.08,18.285,17.995,18.2
1667160000000,18.2,18.35,17.905,18.24
1667174400000,18.24,18.73,18.175,18.71
1667188800000,18.71,18.92,18.455,18.68
1667203200000,18.68,19.52,18.425,19.345
1667217600000,19.345,19.805,18.96,19.145
1667232000000,19.145,19.275,18.815,18.855
1667246400000,18.855,19.485,18.81,19.26
1667260800000,19.26,19.485,19.095,19.1
1667275200000,19.1,19.46,18.94,19.35
1667289600000,19.35,19.52,19.025,19.09
1667304000000,19.09,19.205,18.7,18.81
1667318400000,18.81,18.885,18.57,18.615
1667332800000,18.615,18.725,18.565,18.615
1667347200000,18.615,18.625,18.225,18.385
1667361600000,18.385,18.4,17.94,18.105
1667376000000,18.105,18.23,17.645,17.855
1667390400000,17.855,18.195,17.73,18.055
1667404800000,18.055,18.77,17.66,17.85
1667419200000,17.85,17.955,17.4,17.9
1667433600000,17.9,18.755,17.795,18.68
1667448000000,18.68,18.845,18.46,18.52
1667462400000,18.52,18.855,18.135,18.255
1667476800000,18.255,18.48,18.02,18.265
1667491200000,18.265,18.45,18.255,18.34
1667505600000,18.34,18.34,17.915,18.03
1667520000000,18.03,18.545,17.865,18.54
1667534400000,18.54,19.215,18.435,19.17
1667548800000,19.17,19.255,18.82,18.835
1667563200000,18.835,19.685,18.625,19.045
1667577600000,19.045,19.265,18.895,19.26
1667592000000,19.26,19.41,19.18,19.365
1667606400000,19.365,19.855,19.285,19.645
1667620800000,19.645,19.695,19.44,19.615
1667635200000,19.615,19.62,19.18,19.435
1667649600000,19.435,20.255,19.2,19.935
1667664000000,19.935,20.58,19.61,19.845
1667678400000,19.845,19.875,19.3,19.6
1667692800000,19.6,19.74,19.115,19.425
1667707200000,19.425,19.615,19.3,19.5
1667721600000,19.5,19.57,19.31,19.41
1667736000000,19.41,19.445,19.195,19.235
1667750400000,19.235,19.295,18.845,18.975
1667764800000,18.975,19.015,18.17,18.22
1667779200000,18.22,18.625,18.16,18.51
1667793600000,18.51,18.665,17.735,17.76
1667808000000,17.76,18.435,17.71,18.315
1667822400000,18.315,18.585,17.945,18.585
1667836800000,18.585,18.785,18.32,18.745
1667851200000,18.745,18.845,17.735,18.065
1667865600000,18.065,18.14,17.155,17.235
1667880000000,17.235,17.41,16.11,16.805
1667894400000,16.805,16.925,16.45,16.54
1667908800000,16.54,16.925,16.225,16.65
1667923200000,16.65,17.925,14.73,15.81
1667937600000,15.81,16.22,15.255,15.995
1667952000000,15.995,16.125,14.99,15.44
1667966400000,15.44,15.865,15.105,15.375
1667980800000,15.375,15.43,14.205,14.795
1667995200000,14.795,14.905,13.7,13.845
1668009600000,13.845,14.13,12.67,13.055
1668024000000,13.055,13.27,11.935,12.86
1668038400000,12.86,13.735,12.62,13.445
1668052800000,13.445,14.66,13.33,14.36
1668067200000,14.36,14.425,13.795,14.17
1668081600000,14.17,15.825,14.135,15.58
1668096000000,15.58,15.93,15.01,15.47
1668110400000,15.47,15.715,15.21,15.395
1668124800000,15.395,15.44,14.675,14.86
1668139200000,14.86,15.12,14.565,14.955
1668153600000,14.955,15.09,14.75,14.875
1668168000000,14.875,15.115,13.75,14.11
1668182400000,14.11,14.15,13.57,13.905
1668196800000,13.905,14.15,13.645,14.105
1668211200000,14.105,14.13,13.43,13.58
1668225600000,13.58,13.665,12.88,13.42
1668240000000,13.42,13.52,13.175,13.335
1668254400000,13.335,13.445,13.135,13.39
1668268800000,13.39,13.435,13.27,13.335
1668283200000,13.335,13.335,12.96,13.09
1668297600000,13.09,13.345,13.0,13.295
1668312000000,13.295,13.335,12.785,12.97
1668326400000,12.97,13.08,12.645,12.995
1668340800000,12.995,13.335,12.92,13.155
1668355200000,13.155,13.255,12.91,13.04
1668369600000,13.04,13.215,12.655,13.01
1668384000000,13.01,13.105,12.175,12.32
1668398400000,12.32,13.295,12.015,13.135
1668412800000,13.135,13.55,13.125,13.33
1668427200000,13.33,13.595,12.955,13.125
1668441600000,13.125,13.17,12.805,12.86
1668456000000,12.86,13.19,12.83,13.125
1668470400000,13.125,13.4,12.99,13.285
1668484800000,13.285,13.34,13.04,13.305
1668499200000,13.305,13.48,13.26,13.365
1668513600000,13.365,13.805,13.325,13.53
1668528000000,13.53,13.985,13.32,13.605
1668542400000,13.605,13.65,13.415,13.505
1668556800000,13.505,13.7,13.38,13.7
1668571200000,13.7,13.71,13.405,13.405
1668585600000,13.405,13.435,13.135,13.18
1668600000000,13.18,13.265,12.845,12.955
1668614400000,12.955,13.125,12.445,13.045
1668628800000,13.045,13.115,12.94,13.04
1668643200000,13.04,13.24,13.01,13.1
1668657600000,13.1,13.345,12.895,13.155
1668672000000,13.155,13.21,12.95,13.05
1668686400000,13.05,13.065,12.645,12.81
1668700800000,12.81,13.105,12.775,12.985
1668715200000,12.985,13.035,12.835,12.87
1668729600000,12.87,13.285,12.85,13.24
1668744000000,13.24,13.28,13.11,13.12
1668758400000,13.12,13.2,13.01,13.175
1668772800000,13.175,13.24,13.0,13.14
1668787200000,13.14,13.21,12.86,12.95
1668801600000,12.95,13.02,12.89,12.99
1668816000000,12.99,12.99,12.645,12.82
1668830400000,12.82,12.83,12.49,12.685
1668844800000,12.685,12.77,12.62,12.76
1668859200000,12.76,12.875,12.685,12.825
1668873600000,12.825,12.9,12.775,12.805
1668888000000,12.805,12.96,12.79,12.88
1668902400000,12.88,13.045,12.84,12.955
1668916800000,12.955,13.135,12.95,13.01
1668931200000,13.01,13.025,12.53,12.61
1668945600000,12.61,12.805,12.515,12.735
1668960000000,12.735,12.74,12.43,12.545
1668974400000,12.545,12.57,11.995,12.18
1668988800000,12.18,12.19,11.7,11.86
1669003200000,11.86,12.09,11.815,11.88
1669017600000,11.88,11.98,11.75,11.845
1669032000000,11.845,12.08,11.81,12.01
1669046400000,12.01,12.04,11.52,11.71
1669060800000,11.71,12.04,11.645,11.81
1669075200000,11.81,12.045,11.755,11.87
1669089600000,11.87,11.875,11.47,11.62
1669104000000,11.62,11.625,11.43,11.52
1669118400000,11.52,12.365,11.47,12.31
1669132800000,12.31,12.345,12.11,12.205
1669147200000,12.205,12.38,12.17,12.345
1669161600000,12.345,12.825,12.34,12.76
1669176000000,12.76,12.84,12.625,12.715
1669190400000,12.715,12.885,12.665,12.79
1669204800000,12.79,12.8,12.47,12.53
1669219200000,12.53,12.82,12.405,12.71
1669233600000,12.71,13.05,12.655,13.045
1669248000000,13.045,13.37,12.935,13.345
1669262400000,13.345,13.39,13.1,13.105
1669276800000,13.105,13.12,12.855,12.89
1669291200000,12.89,12.945,12.755,12.85
1669305600000,12.85,12.95,12.8,12.87
1669320000000,12.87,12.955,12.85,12.95
1669334400000,12.95,12.95,12.55,12.61
1669348800000,12.61,12.72,12.51,12.71
1669363200000,12.71,12.85,12.605,12.8
1669377600000,12.8,13.03,12.725,12.835
1669392000000,12.835,12.94,12.71,12.89
1669406400000,12.89,12.975,12.8,12.81
1669420800000,12.81,13.23,12.81,12.995
1669435200000,12.995,13.02,12.85,12.915
1669449600000,12.915,13.1,12.91,13.055
1669464000000,13.055,13.165,12.91,12.98
1669478400000,12.98,13.035,12.68,12.76
1669492800000,12.76,12.795,12.61,12.76
1669507200000,12.76,12.945,12.685,12.895
1669521600000,12.895,13.01,12.89,12.91
1669536000000,12.91,13.035,12.885,12.975
1669550400000,12.975,13.21,12.965,13.175
1669564800000,13.175,13.25,13.08,13.185
1669579200000,13.185,13.235,12.825,12.855
1669593600000,12.855,12.975,11.975,12.22
1669608000000,12.22,12.37,12.165,12.365
1669622400000,12.365,12.39,12.22,12.285
1669636800000,12.285,12.475,12.19,12.235
1669651200000,12.235,12.61,12.095,12.385
1669665600000,12.385,12.535,12.365,12.44
1669680000000,12.44,12.49,12.265,12.35
1669694400000,12.35,12.555,12.345,12.49
1669708800000,12.49,12.725,12.49,12.615
1669723200000,12.615,12.63,12.415,12.475
1669737600000,12.475,12.48,12.345,12.41
1669752000000,12.41,12.565,12.395,12.455
1669766400000,12.455,13.105,12.455,12.665
1669780800000,12.665,13.05,12.665,13.01
1669795200000,13.01,13.16,12.83,12.95
1669809600000,12.95,12.965,12.76,12.84
1669824000000,12.84,13.035,12.51,12.925
1669838400000,12.925,13.195,12.9,13.13
1669852800000,13.13,13.315,13.015,13.125
1669867200000,13.125,13.19,12.99,12.99
1669881600000,12.99,13.085,12.97,13.08
1669896000000,13.08,13.145,12.84,13.07
1669910400000,13.07,13.085,12.885,12.925
1669924800000,12.925,12.96,12.785,12.89
1669939200000,12.89,13.065,12.77,12.93
1669953600000,12.93,13.085,12.825,13.05
1669968000000,13.05,13.225,13.035,13.155
1669982400000,13.155,13.245,12.87,13.13
1669996800000,13.13,13.4,13.04,13.385
1670011200000,13.385,13.7,13.325,13.57
1670025600000,13.57,13.735,13.44,13.46
1670040000000,13.46,13.51,13.295,13.335
1670054400000,13.335,13.56,13.28,13.49
1670068800000,13.49,13.64,13.485,13.585
1670083200000,13.585,13.895,13.565,13.84
1670097600000,13.84,13.84,13.385,13.4
1670112000000,13.4,13.775,13.395,13.635
1670126400000,13.635,13.755,13.585,13.715
1670140800000,13.715,13.77,13.56,13.595
1670155200000,13.595,13.75,13.595,13.705
1670169600000,13.705,13.735,13.57,13.675
1670184000000,13.675,13.95,13.675,13.91
1670198400000,13.91,14.195,13.84,14.125
1670212800000,14.125,14.315,14.09,14.165
1670227200000,14.165,14.345,14.105,14.145
1670241600000,14.145,14.145,13.705,13.81
1670256000000,13.81,13.85,13.315,13.545
1670270400000,13.545,13.625,13.41,13.6
1670284800000,13.6,13.675,13.54,13.59
1670299200000,13.59,13.635,13.47,13.63
1670313600000,13.63,13.67,13.42,13.575
1670328000000,13.575,13.625,13.47,13.58
1670342400000,13.58,13.61,13.46,13.515
1670356800000,13.515,13.685,13.48,13.66
1670371200000,13.66,13.7,13.525,13.55
1670385600000,13.55,13.585,12.98,13.05
1670400000000,13.05,13.25,12.985,13.185
1670414400000,13.185,13.29,13.15,13.225
1670428800000,13.225,13.245,13.13,13.195
1670443200000,13.195,13.28,13.11,13.255
1670457600000,13.255,13.33,13.21,13.265
1670472000000,13.265,13.285,13.145,13.25
1670486400000,13.25,13.265,13.045,13.175
1670500800000,13.175,13.275,13.145,13.245
1670515200000,13.245,13.53,13.23,13.47
1670529600000,13.47,13.51,13.355,13.41
1670544000000,13.41,13.515,13.38,13.405
1670558400000,13.405,13.53,13.39,13.485
1670572800000,13.485,13.59,13.435,13.535
1670587200000,13.535,13.615,13.35,13.535
1670601600000,13.535,13.545,13.395,13.425
1670616000000,13.425,13.47,13.35,13.45
1670630400000,13.45,13.455,13.33,13.38
1670644800000,13.38,13.455,13.365,13.415
1670659200000,13.415,13.43,13.345,13.41
1670673600000,13.41,13.495,13.375,13.49
1670688000000,13.49,13.61,13.445,13.53
1670702400000,13.53,13.55,13.43,13.485
1670716800000,13.485,13.5,13.44,13.45
1670731200000,13.45,13.455,13.405,13.415
1670745600000,13.415,13.425,13.365,13.415
1670760000000,13.415,13.445,13.41,13.435
1670774400000,13.435,13.495,13.4,13.425
1670788800000,13.425,13.425,12.915,12.975
1670803200000,12.975,13.0,12.505,12.7
1670817600000,12.7,12.765,12.68,12.715
1670832000000,12.715,12.86,12.695,12.835
1670846400000,12.835,12.835,12.675,12.765
1670860800000,12.765,12.845,12.695,12.84
1670875200000,12.84,13.06,12.815,12.995
1670889600000,12.995,13.04,12.82,12.84
1670904000000,12.84,12.94,12.545,12.705
1670918400000,12.705,13.175,12.675,13.16
1670932800000,13.16,14.345,13.005,13.795
1670947200000,13.795,13.86,13.47,13.515
1670961600000,13.515,13.77,13.48,13.75
1670976000000,13.75,13.87,13.72,13.76
1670990400000,13.76,13.815,13.625,13.68
1671004800000,13.68,13.81,13.595,13.75
1671019200000,13.75,14.025,13.705,14.0
1671033600000,14.0,14.18,13.545,13.655
1671048000000,13.655,13.815,13.565,13.71
1671062400000,13.71,13.895,13.46,13.81
1671076800000,13.81,13.82,13.545,13.555
1671091200000,13.555,13.665,13.44,13.615
1671105600000,13.615,13.62,13.425,13.47
1671120000000,13.47,13.48,13.155,13.3
1671134400000,13.3,13.32,13.065,13.175
1671148800000,13.175,13.29,13.075,13.225
1671163200000,13.225,13.275,13.115,13.25
1671177600000,13.25,13.26,12.565,12.705
1671192000000,12.705,12.73,12.415,12.525
1671206400000,12.525,12.56,12.325,12.555
1671220800000,12.555,12.615,11.57,11.825
1671235200000,11.825,11.91,11.51,11.765
1671249600000,11.765,11.97,11.695,11.97
1671264000000,11.97,11.995,11.845,11.88
1671278400000,11.88,11.915,11.795,11.9
1671292800000,11.9,11.905,11.76,11.805
1671307200000,11.805,11.985,11.78,11.945
1671321600000,11.945,11.97,11.865,11.955
1671336000000,11.955,12.025,11.875,11.895
1671350400000,11.895,11.915,11.775,11.875
1671364800000,11.875,11.92,11.825,11.83
1671379200000,11.83,11.965,11.805,11.93
1671393600000,11.93,12.025,11.87,11.92
1671408000000,11.92,12.105,11.635,11.79
1671422400000,11.79,11.89,11.775,11.83
1671436800000,11.83,12.06,11.825,11.965
1671451200000,11.965,12.015,11.85,11.88
1671465600000,11.88,11.92,11.575,11.69
1671480000000,11.69,11.71,11.1,11.385
1671494400000,11.385,11.79,11.31,11.72
1671508800000,11.72,11.995,11.705,11.93
1671523200000,11.93,12.025,11.885,11.955
1671537600000,11.955,12.06,11.785,11.925
1671552000000,11.925,11.945,11.81,11.925
1671566400000,11.925,11.995,11.88,11.945
1671580800000,11.945,11.98,11.725,11.775
1671595200000,11.775,11.815,11.665,11.8
1671609600000,11.8,11.89,11.735,11.88
1671624000000,11.88,11.89,11.745,11.85
1671638400000,11.85,11.87,11.695,11.72
1671652800000,11.72,11.72,11.615,11.7
1671667200000,11.7,11.795,11.665,11.73
1671681600000,11.73,11.74,11.605,11.67
1671696000000,11.67,11.76,11.64,11.725
1671710400000,11.725,11.75,11.445,11.49
1671724800000,11.49,11.635,11.465,11.63
1671739200000,11.63,11.855,11.62,11.85
1671753600000,11.85,11.885,11.75,11.84
1671768000000,11.84,11.88,11.79,11.795
1671782400000,11.795,11.86,11.74,11.81
1671796800000,11.81,11.865,11.66,11.79
1671811200000,11.79,11.84,11.74,11.79
1671825600000,11.79,11.8,11.725,11.775
1671840000000,11.775,11.82,11.765,11.81
1671854400000,11.81,11.825,11.695,11.71
1671868800000,11.71,11.71,11.645,11.69
1671883200000,11.69,11.7,11.665,11.69
1671897600000,11.69,11.71,11.64,11.69
1671912000000,11.69,11.695,11.64,11.67
1671926400000,11.67,11.72,11.65,11.655
1671940800000,11.655,11.665,11.595,11.615
1671955200000,11.615,11.62,11.53,11.585
1671969600000,11.585,11.645,11.495,11.55
1671984000000,11.55,11.61,11.505,11.605
1671998400000,11.605,11.725,11.57,11.68
1672012800000,11.68,11.765,11.605,11.745
1672027200000,11.745,11.77,11.665,11.68
1672041600000,11.68,11.74,11.655,11.715
1672056000000,11.715,11.75,11.565,11.615
1672070400000,11.615,11.635,11.555,11.625
1672084800000,11.625,11.74,11.565,11.715
1672099200000,11.715,11.76,11.655,11.705
1672113600000,11.705,11.73,11.675,11.695
1672128000000,11.695,11.79,11.665,11.715
1672142400000,11.715,11.795,11.61,11.705
1672156800000,11.705,11.725,11.52,11.625
1672171200000,11.625,11.67,11.585,11.65
1672185600000,11.65,11.67,11.335,11.44
1672200000000,11.44,11.44,11.11,11.31
1672214400000,11.31,11.41,11.26,11.35
1672228800000,11.35,11.485,11.27,11.27
1672243200000,11.27,11.36,11.265,11.285
1672257600000,11.285,11.31,11.085,11.205
1672272000000,11.205,11.215,10.965,11.18
1672286400000,11.18,11.225,11.145,11.19
1672300800000,11.19,11.205,11.045,11.145
1672315200000,11.145,11.21,11.095,11.115
1672329600000,11.115,11.175,10.965,11.015
1672344000000,11.015,11.025,10.59,10.97
1672358400000,10.97,10.975,10.79,10.86
1672372800000,10.86,10.945,10.68,10.755
1672387200000,10.755,10.8,10.66,10.7
1672401600000,10.7,10.795,10.535,10.76
1672416000000,10.76,10.885,10.725,10.84
1672430400000,10.84,10.94,10.79,10.87
1672444800000,10.87,10.91,10.83,10.865
1672459200000,10.865,10.965,10.85,10.915
1672473600000,10.915,10.985,10.915,10.93
1672488000000,10.93,11.085,10.925,10.965
1672502400000,10.965,10.995,10.93,10.985
1672516800000,10.985,10.995,10.84,10.9
1672531200000,10.9,10.905,10.79,10.815
1672545600000,10.815,10.815,10.68,10.705
1672560000000,10.705,10.745,10.645,10.745
1672574400000,10.745,10.77,10.705,10.755
1672588800000,10.755,10.905,10.735,10.88
1672603200000,10.88,10.935,10.84,10.86
1672617600000,10.86,10.91,10.695,10.84
1672632000000,10.84,11.275,10.825,11.12
1672646400000,11.12,11.19,11.095,11.14
1672660800000,11.14,11.21,11.11,11.18
1672675200000,11.18,11.21,11.125,11.19
1672689600000,11.19,11.275,11.065,11.155
1672704000000,11.155,11.195,11.06,11.14
1672718400000,11.14,11.35,11.135,11.27
1672732800000,11.27,11.36,11.155,11.28
1672747200000,11.28,11.435,11.235,11.405
1672761600000,11.405,11.55,11.255,11.3
1672776000000,11.3,11.39,11.295,11.38
1672790400000,11.38,11.855,11.34,11.815
1672804800000,11.815,11.955,11.725,11.895
1672819200000,11.895,11.975,11.69,11.765
1672833600000,11.765,12.135,11.75,12.1
1672848000000,12.1,12.285,11.945,12.135
1672862400000,12.135,12.135,11.925,12.075
1672876800000,12.075,12.145,11.955,12.1
1672891200000,12.1,12.175,11.95,11.99
1672905600000,11.99,12.015,11.775,11.895
1672920000000,11.895,11.915,11.735,11.77
1672934400000,11.77,11.86,11.71,11.83
1672948800000,11.83,11.85,11.65,11.735
1672963200000,11.735,11.815,11.68,11.685
1672977600000,11.685,11.705,11.475,11.53
1672992000000,11.53,11.59,11.38,11.455
1673006400000,11.455,11.61,11.35,11.605
1673020800000,11.605,11.755,11.535,11.745
1673035200000,11.745,11.815,11.635,11.78
1673049600000,11.78,11.865,11.74,11.815
1673064000000,11.815,11.84,11.725,11.815
1673078400000,11.815,11.835,11.7,11.715
1673092800000,11.715,11.745,11.685,11.72
1673107200000,11.72,11.775,11.65,11.775
1673121600000,11.775,11.78,11.665,11.745
1673136000000,11.745,11.77,11.58,11.675
1673150400000,11.675,11.735,11.66,11.72
1673164800000,11.72,11.87,11.72,11.8
1673179200000,11.8,11.975,11.77,11.95
1673193600000,11.95,11.97,11.79,11.88
1673208000000,11.88,12.145,11.875,12.09
1673222400000,12.09,12.62,12.075,12.51
1673236800000,12.51,12.56,12.4,12.455
1673251200000,12.455,12.58,12.285,12.395
1673265600000,12.395,12.645,12.27,12.54
1673280000000,12.54,12.64,12.305,12.305
1673294400000,12.305,12.35,12.055,12.175
1673308800000,12.175,12.41,12.01,12.305
1673323200000,12.305,12.41,12.255,12.32
1673337600000,12.32,12.56,12.28,12.455
1673352000000,12.455,12.94,12.325,12.7
1673366400000,12.7,12.815,12.57,12.78
1673380800000,12.78,12.82,12.64,12.715
1673395200000,12.715,12.775,12.38,12.45
1673409600000,12.45,12.545,12.375,12.54
1673424000000,12.54,12.545,12.41,12.48
1673438400000,12.48,12.585,12.235,12.46
1673452800000,12.46,15.01,12.375,14.565
1673467200000,14.565,16.05,14.3,15.825
1673481600000,15.825,16.505,15.515,15.93
1673496000000,15.93,16.145,15.21,15.36
1673510400000,15.36,15.58,15.035,15.21
1673524800000,15.21,15.79,14.645,14.965
1673539200000,14.965,15.74,14.86,15.315
1673553600000,15.315,15.515,15.175,15.455
1673568000000,15.455,15.47,14.96,15.43
1673582400000,15.43,15.66,15.215,15.55
1673596800000,15.55,16.385,15.45,15.62
1673611200000,15.62,15.785,15.33,15.655
1673625600000,15.655,15.69,15.35,15.645
1673640000000,15.645,16.615,15.62,15.955
1673654400000,15.955,17.225,15.875,16.845
1673668800000,16.845,18.115,16.435,17.535
1673683200000,17.535,18.575,15.69,17.0
1673697600000,17.0,17.415,16.615,17.005
1673712000000,17.005,17.12,16.64,16.74
1673726400000,16.74,17.08,16.63,16.95
1673740800000,16.95,17.05,16.17,16.52
1673755200000,16.52,16.61,16.13,16.365
1673769600000,16.365,16.48,16.015,16.41
1673784000000,16.41,17.09,16.28,17.04
1673798400000,17.04,17.115,16.43,16.82
1673812800000,16.82,16.965,16.675,16.805
1673827200000,16.805,17.4,16.55,16.82
1673841600000,16.82,17.22,16.77,16.98
1673856000000,16.98,16.98,16.06,16.52
1673870400000,16.52,16.635,16.05,16.565
1673884800000,16.565,16.935,16.45,16.815
1673899200000,16.815,16.925,16.595,16.76
1673913600000,16.76,17.475,16.535,16.9
1673928000000,16.9,17.065,16.765,16.87
1673942400000,16.87,17.05,16.795,16.925
1673956800000,16.925,18.245,16.69,17.765
1673971200000,17.765,17.765,17.315,17.63
1673985600000,17.63,17.71,17.005,17.13
1674000000000,17.13,17.375,16.965,17.245
1674014400000,17.245,17.42,17.1,17.18
1674028800000,17.18,17.195,16.775,16.86
1674043200000,16.86,17.325,15.805,16.335
1674057600000,16.335,16.675,15.425,16.365
1674072000000,16.365,16.42,15.695,15.83
1674086400000,15.83,15.945,15.715,15.855
1674100800000,15.855,16.125,15.855,15.9
1674115200000,15.9,16.31,15.865,15.945
1674129600000,15.945,16.145,15.715,15.935
1674144000000,15.935,16.205,15.775,16.15
1674158400000,16.15,16.285,16.055,16.18
1674172800000,16.18,16.29,16.015,16.15
1674187200000,16.15,16.24,15.875,15.955
1674201600000,15.955,16.025,15.845,15.975
1674216000000,15.975,16.28,15.955,16.18
1674230400000,16.18,16.755,16.155,16.73
1674244800000,16.73,17.61,16.7,17.495
1674259200000,17.495,17.61,17.085,17.33
1674273600000,17.33,17.485,17.2,17.39
1674288000000,17.39,17.765,16.805,17.21
1674302400000,17.21,17.51,17.09,17.28
1674316800000,17.28,17.515,17.22,17.42
1674331200000,17.42,17.43,16.835,16.88
1674345600000,16.88,17.095,16.8,16.95
1674360000000,16.95,17.22,16.93,17.145
1674374400000,17.145,17.58,17.08,17.395
1674388800000,17.395,18.485,17.23,18.14
1674403200000,18.14,18.385,17.74,17.86
1674417600000,17.86,17.865,17.025,17.345
1674432000000,17.345,18.07,17.315,17.945
1674446400000,17.945,18.085,17.595,17.665
1674460800000,17.665,17.995,17.55,17.91
1674475200000,17.91,17.92,17.215,17.505
1674489600000,17.505,17.915,17.425,17.68
1674504000000,17.68,18.355,17.645,18.0
1674518400000,18.0,18.99,17.77,18.715
1674532800000,18.715,18.735,18.48,18.57
1674547200000,18.57,18.63,18.11,18.21
1674561600000,18.21,18.29,17.845,18.26
1674576000000,18.26,18.28,17.805,18.07
1674590400000,18.07,18.105,16.7,17.0
1674604800000,17.0,17.07,16.53,16.98
1674619200000,16.98,17.375,16.945,17.305
1674633600000,17.305,17.52,17.135,17.25
1674648000000,17.25,17.75,17.09,17.34
1674662400000,17.34,17.56,17.195,17.54
1674676800000,17.54,18.275,17.48,17.79
1674691200000,17.79,18.08,17.785,18.005
1674705600000,18.005,18.46,17.945,18.08
1674720000000,18.08,18.245,17.785,17.935
1674734400000,17.935,18.81,17.785,18.065
1674748800000,18.065,18.245,17.85,18.02
1674763200000,18.02,18.335,17.94,18.1
1674777600000,18.1,18.245,17.465,17.83
1674792000000,17.83,18.185,17.805,18.185
1674806400000,18.185,18.195,17.935,18.0
1674820800000,18.0,18.185,17.62,18.07
1674835200000,18.07,19.375,18.055,19.245
1674849600000,19.245,21.69,19.16,21.225
1674864000000,21.225,21.825,20.48,21.04
1674878400000,21.04,21.23,20.38,20.58
1674892800000,20.58,20.59,20.27,20.465
1674907200000,20.465,20.84,20.05,20.555
1674921600000,20.555,21.11,20.525,20.85
1674936000000,20.85,20.88,20.42,20.54
1674950400000,20.54,20.895,20.245,20.3
1674964800000,20.3,20.685,20.14,20.385
1674979200000,20.385,20.745,20.36,20.675
1674993600000,20.675,20.87,20.415,20.57
1675008000000,20.57,21.135,20.43,20.995
1675022400000,20.995,21.165,20.62,21.0
1675036800000,21.0,21.09,20.345,20.655
1675051200000,20.655,20.85,20.585,20.725
1675065600000,20.725,21.325,19.655,19.985
1675080000000,19.985,20.62,19.85,20.42
1675094400000,20.42,21.27,19.75,20.25
1675108800000,20.25,20.37,19.275,19.745
1675123200000,19.745,19.76,19.325,19.675
1675137600000,19.675,19.835,19.455,19.815
1675152000000,19.815,19.835,19.32,19.51
1675166400000,19.51,20.08,19.405,19.97
1675180800000,19.97,20.145,19.785,20.04
1675195200000,20.04,20.185,19.615,19.81
1675209600000,19.81,19.93,19.455,19.65
1675224000000,19.65,19.71,19.045,19.25
1675238400000,19.25,19.275,18.89,19.16
1675252800000,19.16,19.295,18.69,18.84
1675267200000,18.84,20.09,18.71,19.905
1675281600000,19.905,21.06,19.9,20.965
1675296000000,20.965,22.48,20.965,22.14
1675310400000,22.14,22.335,21.59,21.755
1675324800000,21.755,22.325,21.7,21.88
1675339200000,21.88,22.805,21.855,22.17
1675353600000,22.17,22.365,21.81,21.97
1675368000000,21.97,22.44,20.83,21.205
1675382400000,21.205,21.375,20.88,21.16
1675396800000,21.16,21.35,20.975,21.045
1675411200000,21.045,21.37,20.92,21.35
1675425600000,21.35,21.945,20.705,21.645
1675440000000,21.645,21.805,21.19,21.225
1675454400000,21.225,21.455,21.055,21.365
1675468800000,21.365,21.495,21.13,21.195
1675483200000,21.195,21.26,20.98,21.245
1675497600000,21.245,21.35,21.075,21.265
1675512000000,21.265,21.7,21.22,21.345
1675526400000,21.345,21.365,21.08,21.25
1675540800000,21.25,21.37,20.82,21.02
1675555200000,21.02,21.145,20.765,20.915
1675569600000,20.915,21.07,20.9,20.97
1675584000000,20.97,21.08,20.875,20.89
1675598400000,20.89,20.96,19.86,20.28
1675612800000,20.28,20.345,19.725,19.945
1675627200000,19.945,20.22,19.69,20.075
1675641600000,20.075,20.255,19.845,19.985
1675656000000,19.985,20.07,19.57,20.025
1675670400000,20.025,20.095,19.81,20.03
1675684800000,20.03,20.4,19.91,20.355
1675699200000,20.355,20.435,20.13,20.305
1675713600000,20.305,20.305,19.395,19.575
1675728000000,19.575,20.03,19.525,19.98
1675742400000,19.98,20.1,19.925,19.975
1675756800000,19.975,20.27,19.895,20.18
1675771200000,20.18,20.245,19.945,20.01
1675785600000,20.01,20.49,19.67,20.245
1675800000000,20.245,21.01,20.155,20.865
1675814400000,20.865,21.04,20.675,20.79
1675828800000,20.79,20.845,20.54,20.64
1675843200000,20.64,20.665,20.41,20.645
1675857600000,20.645,20.815,20.05,20.09
1675872000000,20.09,20.22,19.615,19.98
1675886400000,19.98,20.14,19.745,20.1
1675900800000,20.1,20.255,19.09,19.275
1675915200000,19.275,19.79,19.085,19.685
1675929600000,19.685,19.855,19.665,19.72
1675944000000,19.72,19.98,19.525,19.6
1675958400000,19.6,19.66,18.2,18.575
1675972800000,18.575,18.595,17.405,17.885
1675987200000,17.885,17.97,17.7,17.77
1676001600000,17.77,18.17,17.475,18.16
1676016000000,18.16,18.23,17.875,17.9
1676030400000,17.9,18.165,17.68,17.9
1676044800000,17.9,18.16,17.7,18.125
1676059200000,18.125,18.15,17.61,17.77
1676073600000,17.77,17.875,17.645,17.87
1676088000000,17.87,17.88,17.69,17.815
1676102400000,17.815,17.825,17.67,17.8
1676116800000,17.8,18.08,17.75,17.96
1676131200000,17.96,17.975,17.7,17.795
1676145600000,17.795,18.105,17.745,18.0
1676160000000,18.0,18.035,17.82,17.855
1676174400000,17.855,17.97,17.78,17.935
1676188800000,17.935,18.285,17.93,18.16
1676203200000,18.16,18.24,17.985,18.22
1676217600000,18.22,18.48,18.21,18.395
1676232000000,18.395,18.46,17.495,17.765
1676246400000,17.765,17.845,17.145,17.5
1676260800000,17.5,17.78,17.485,17.76
1676275200000,17.76,17.77,16.895,17.285
1676289600000,17.285,17.735,17.25,17.265
1676304000000,17.265,17.49,16.825,17.38
1676318400000,17.38,17.68,17.235,17.615
1676332800000,17.615,17.68,17.35,17.38
1676347200000,17.38,17.565,17.33,17.55
1676361600000,17.55,17.695,17.365,17.675
1676376000000,17.675,18.27,17.155,18.0
1676390400000,18.0,18.115,17.805,18.085
1676404800000,18.085,18.175,17.965,18.13
1676419200000,18.13,18.18,17.9,18.04
1676433600000,18.04,18.09,17.925,17.965
1676448000000,17.965,18.36,17.9,18.355
1676462400000,18.355,18.65,18.315,18.53
1676476800000,18.53,19.195,18.49,19.18
1676491200000,19.18,19.965,19.14,19.955
1676505600000,19.955,20.4,19.755,20.05
1676520000000,20.05,20.11,19.755,19.885
1676534400000,19.885,19.945,19.66,19.715
1676548800000,19.715,20.08,19.325,20.055
1676563200000,20.055,20.32,19.64,19.905
1676577600000,19.905,19.92,18.555,18.595
1676592000000,18.595,19.04,18.475,19.0
1676606400000,19.0,19.175,18.845,18.955
1676620800000,18.955,19.175,18.895,19.105
1676635200000,19.105,19.335,18.895,19.175
1676649600000,19.175,19.515,18.93,19.495
1676664000000,19.495,19.64,19.06,19.465
1676678400000,19.465,20.11,19.45,19.66
1676692800000,19.66,19.835,19.55,19.63
1676707200000,19.63,19.69,19.425,19.545
1676721600000,19.545,19.8,19.505,19.735
1676736000000,19.735,19.795,19.335,19.435
1676750400000,19.435,19.655,19.31,19.555
1676764800000,19.555,19.685,19.455,19.55
1676779200000,19.55,19.775,19.54,19.58
1676793600000,19.58,19.845,19.54,19.81
1676808000000,19.81,20.39,19.81,20.165
1676822400000,20.165,20.43,19.55,19.685
1676836800000,19.685,20.035,19.285,19.835
1676851200000,19.835,19.97,19.01,19.72
1676865600000,19.72,20.745,19.71,20.675
1676880000000,20.675,20.97,20.32,20.915
1676894400000,20.915,21.385,20.73,21.125
1676908800000,21.125,21.125,20.685,20.975
1676923200000,20.975,21.095,20.755,20.845
1676937600000,20.845,20.985,20.53,20.535
1676952000000,20.535,20.855,20.44,20.76
1676966400000,20.76,20.97,19.97,20.13
1676980800000,20.13,20.63,19.9,20.61
1676995200000,20.61,21.725,20.205,21.045
1677009600000,21.045,21.305,20.78,21.0
1677024000000,21.0,21.595,20.325,21.38
1677038400000,21.38,21.4,20.52,20.955
1677052800000,20.955,21.225,19.96,20.275
1677067200000,20.275,20.465,19.58,19.695
1677081600000,19.695,20.23,19.575,20.0
1677096000000,20.0,20.38,19.83,20.315
1677110400000,20.315,20.69,20.225,20.535
1677124800000,20.535,20.715,20.44,20.555
1677139200000,20.555,20.735,19.815,19.92
1677153600000,19.92,20.295,19.725,19.855
1677168000000,19.855,19.895,19.52,19.79
1677182400000,19.79,19.86,19.51,19.705
1677196800000,19.705,19.83,19.545,19.64
1677211200000,19.64,19.73,19.515,19.63
1677225600000,19.63,19.665,19.225,19.505
1677240000000,19.505,19.62,18.725,18.82
1677254400000,18.82,18.825,18.115,18.42
1677268800000,18.42,18.575,18.02,18.385
1677283200000,18.385,18.4,18.12,18.16
1677297600000,18.16,18.59,18.14,18.25
1677312000000,18.25,18.345,18.115,18.22
1677326400000,18.22,18.255,17.92,18.13
1677340800000,18.13,18.225,17.735,17.86
1677355200000,17.86,17.98,17.415,17.94
1677369600000,17.94,18.085,17.815,18.05
1677384000000,18.05,18.075,17.95,18.05
1677398400000,18.05,18.205,17.975,18.18
1677412800000,18.18,18.215,17.99,18.155
1677427200000,18.155,18.475,18.025,18.46
1677441600000,18.46,18.56,18.185,18.425
1677456000000,18.425,18.445,18.245,18.28
1677470400000,18.28,18.295,18.04,18.12
1677484800000,18.12,18.18,17.955,18.11
1677499200000,18.11,18.64,18.04,18.31
1677513600000,18.31,18.38,17.7,17.88
1677528000000,17.88,17.97,17.74,17.92
1677542400000,17.92,17.935,17.655,17.8
1677556800000,17.8,17.82,17.355,17.385
1677571200000,17.385,17.58,17.305,17.53
1677585600000,17.53,17.68,17.32,17.53
1677600000000,17.53,17.625,17.155,17.235
1677614400000,17.235,17.3,16.905,17.08
1677628800000,17.08,17.525,16.965,17.515
1677643200000,17.515,17.74,17.45,17.675
1677657600000,17.675,17.84,17.65,17.765
1677672000000,17.765,17.82,17.58,17.725
1677686400000,17.725,17.735,17.32,17.355
1677700800000,17.355,17.785,17.315,17.765
1677715200000,17.765,17.865,17.395,17.445
1677729600000,17.445,17.525,17.145,17.27
1677744000000,17.27,17.4,17.19,17.315
1677758400000,17.315,17.345,17.11,17.29
1677772800000,17.29,17.425,17.135,17.425
1677787200000,17.425,17.51,17.345,17.465
1677801600000,17.465,17.48,15.755,16.17
1677816000000,16.17,16.395,16.135,16.38
1677830400000,16.38,16.535,16.375,16.495
1677844800000,16.495,16.635,16.405,16.475
1677859200000,16.475,16.59,16.415,16.525
1677873600000,16.525,16.675,16.365,16.655
1677888000000,16.655,16.905,16.64,16.755
1677902400000,16.755,16.81,16.59,16.745
1677916800000,16.745,16.83,16.705,16.74
1677931200000,16.74,16.765,16.51,16.51
1677945600000,16.51,16.61,16.195,16.255
1677960000000,16.255,16.295,15.715,16.125
1677974400000,16.125,16.51,16.055,16.335
1677988800000,16.335,16.465,16.31,16.345
1678003200000,16.345,16.365,16.215,16.24
1678017600000,16.24,16.375,16.23,16.37
1678032000000,16.37,16.41,16.295,16.34
1678046400000,16.34,16.46,16.055,16.14
1678060800000,16.14,16.185,15.815,16.045
1678075200000,16.045,16.13,15.905,16.075
1678089600000,16.075,16.19,15.965,16.135
1678104000000,16.135,16.64,16.06,16.535
1678118400000,16.535,16.61,16.365,16.385
1678132800000,16.385,16.68,16.285,16.505
1678147200000,16.505,16.73,16.37,16.545
1678161600000,16.545,16.56,16.43,16.455
1678176000000,16.455,16.47,16.16,16.175
1678190400000,16.175,16.32,15.87,16.195
1678204800000,16.195,16.345,15.945,16.03
1678219200000,16.03,16.18,15.835,16.16
1678233600000,16.16,16.245,16.05,16.125
1678248000000,16.125,16.18,15.805,15.88
1678262400000,15.88,16.035,15.83,15.995
1678276800000,15.995,16.005,15.535,15.89
1678291200000,15.89,15.955,15.26,15.47
1678305600000,15.47,15.645,14.965,15.11
1678320000000,15.11,15.405,15.075,15.355
1678334400000,15.355,15.425,15.255,15.3
1678348800000,15.3,15.47,15.21,15.47
1678363200000,15.47,15.69,15.38,15.47
1678377600000,15.47,15.51,14.785,14.88
1678392000000,14.88,14.885,14.17,14.41
1678406400000,14.41,14.535,14.13,14.455
1678420800000,14.455,14.53,14.22,14.41
1678435200000,14.41,14.425,13.865,14.37
1678449600000,14.37,15.165,14.27,14.76
1678464000000,14.76,14.945,14.565,14.79
1678478400000,14.79,15.01,14.55,14.79
1678492800000,14.79,15.185,14.685,14.695
1678507200000,14.695,14.715,13.995,14.135
1678521600000,14.135,14.48,14.03,14.175
1678536000000,14.175,14.29,13.925,14.0
1678550400000,14.0,14.34,13.9,14.24
1678564800000,14.24,14.55,14.165,14.515
1678579200000,14.515,14.515,14.295,14.385
1678593600000,14.385,14.465,14.22,14.29
1678608000000,14.29,14.51,14.27,14.445
1678622400000,14.445,14.5,14.205,14.3
1678636800000,14.3,15.1,14.24,14.75
1678651200000,14.75,16.295,14.74,16.19
1678665600000,16.19,16.445,15.975,16.01
1678680000000,16.01,16.145,15.965,16.045
1678694400000,16.045,16.065,15.435,15.71
1678708800000,15.71,16.77,15.55,16.455
1678723200000,16.455,16.585,16.255,16.385
1678737600000,16.385,16.585,16.26,16.46
1678752000000,16.46,16.535,16.34,16.455
1678766400000,16.455,16.665,16.19,16.275
1678780800000,16.275,16.47,16.085,16.315
1678795200000,16.315,17.925,16.225,17.77
1678809600000,17.77,17.82,16.87,17.335
1678824000000,17.335,17.42,16.595,17.16
1678838400000,17.16,17.405,16.95,17.295
1678852800000,17.295,17.44,17.09,17.32
1678867200000,17.32,17.325,16.505,16.86
1678881600000,16.86,17.11,15.85,15.98
1678896000000,15.98,15.995,15.335,15.58
1678910400000,15.58,15.785,15.385,15.55
1678924800000,15.55,15.715,15.235,15.53
1678939200000,15.53,15.84,15.32,15.755
1678953600000,15.755,15.89,15.515,15.81
1678968000000,15.81,15.855,15.355,15.8
1678982400000,15.8,16.085,15.635,15.985
1678996800000,15.985,15.985,15.58,15.83
1679011200000,15.83,16.27,15.62,16.165
1679025600000,16.165,16.44,16.05,16.32
1679040000000,16.32,16.93,16.25,16.91
1679054400000,16.91,16.93,16.25,16.48
1679068800000,16.48,16.75,16.38,16.74
1679083200000,16.74,17.77,16.585,17.655
1679097600000,17.655,18.25,17.4,17.945
1679112000000,17.945,17.99,17.61,17.72
1679126400000,17.72,17.73,17.415,17.67
1679140800000,17.67,17.74,17.105,17.335
1679155200000,17.335,17.53,16.85,17.25
1679169600000,17.25,17.43,16.87,16.995
1679184000000,16.995,17.37,16.98,17.355
1679198400000,17.355,17.39,17.035,17.255
1679212800000,17.255,17.63,17.17,17.555
1679227200000,17.555,17.86,17.49,17.695
1679241600000,17.695,18.08,17.65,17.835
1679256000000,17.835,17.89,17.415,17.53
1679270400000,17.53,17.8,17.12,17.165
1679284800000,17.165,17.62,16.96,17.59
1679299200000,17.59,17.7,17.305,17.385
1679313600000,17.385,17.48,17.165,17.255
1679328000000,17.255,17.385,16.625,16.795
1679342400000,16.795,17.045,16.5,16.625
1679356800000,16.625,16.915,16.43,16.655
1679371200000,16.655,16.74,16.335,16.435
1679385600000,16.435,17.015,16.325,16.945
1679400000000,16.945,17.555,16.875,17.165
1679414400000,17.165,17.415,16.965,17.225
1679428800000,17.225,17.525,17.225,17.43
1679443200000,17.43,17.57,17.16,17.385
1679457600000,17.385,17.665,17.265,17.36
1679472000000,17.36,17.545,17.24,17.425
1679486400000,17.425,17.925,17.315,17.635
1679500800000,17.635,17.735,16.27,16.37
1679515200000,16.37,16.865,16.26,16.735
1679529600000,16.735,16.9,16.565,16.715
1679544000000,16.715,17.145,16.67,17.095
1679558400000,17.095,17.455,17.095,17.415
1679572800000,17.415,17.86,17.185,17.665
1679587200000,17.665,17.75,17.29,17.52
1679601600000,17.52,17.61,17.4,17.545
1679616000000,17.545,17.65,17.425,17.48
1679630400000,17.48,17.495,17.31,17.42
1679644800000,17.42,17.44,17.005,17.155
1679659200000,17.155,17.315,16.925,17.13
1679673600000,17.13,17.185,16.655,17.06
1679688000000,17.06,17.085,16.76,16.96
1679702400000,16.96,17.15,16.87,17.045
1679716800000,17.045,17.11,16.825,16.825
1679731200000,16.825,16.855,16.65,16.755
1679745600000,16.755,16.865,16.635,16.795
1679760000000,16.795,16.83,16.385,16.41
1679774400000,16.41,16.895,16.37,16.88
1679788800000,16.88,17.055,16.85,17.02
1679803200000,17.02,17.125,16.94,17.01
1679817600000,17.01,17.19,16.95,17.07
1679832000000,17.07,17.285,17.07,17.12
1679846400000,17.12,17.205,17.02,17.075
1679860800000,17.075,17.17,16.945,17.105
1679875200000,17.105,17.14,16.825,16.89
1679889600000,16.89,16.965,16.715,16.74
1679904000000,16.74,16.92,16.65,16.865
1679918400000,16.865,16.965,16.02,16.425
1679932800000,16.425,16.575,16.37,16.38
1679947200000,16.38,16.525,16.295,16.475
1679961600000,16.475,16.56,16.28,16.41
1679976000000,16.41,16.65,16.39,16.535
1679990400000,16.535,16.685,16.375,16.615
1680004800000,16.615,16.675,16.485,16.595
1680019200000,16.595,16.84,16.335,16.77
1680033600000,16.77,16.81,16.58,16.71
1680048000000,16.71,16.83,16.66,16.78
1680062400000,16.78,17.25,16.775,17.205
1680076800000,17.205,17.405,17.18,17.31
1680091200000,17.31,17.335,17.09,17.25
1680105600000,17.25,17.39,17.11,17.37
1680120000000,17.37,17.405,17.16,17.305
1680134400000,17.305,17.56,16.89,17.215
1680148800000,17.215,17.32,17.155,17.26
1680163200000,17.26,17.39,17.075,17.385
1680177600000,17.385,17.555,17.235,17.27
1680192000000,17.27,17.43,17.11,17.215
1680206400000,17.215,17.4,17.085,17.235
1680220800000,17.235,17.45,17.155,17.4
1680235200000,17.4,17.51,17.08,17.24
1680249600000,17.24,17.35,17.09,17.16
1680264000000,17.16,17.785,17.07,17.545
1680278400000,17.545,17.73,17.485,17.72
1680292800000,17.72,17.84,17.57,17.705
1680307200000,17.705,17.89,17.655,17.765
1680321600000,17.765,17.83,17.535,17.655
1680336000000,17.655,17.725,17.605,17.605
1680350400000,17.605,17.685,17.525,17.64
1680364800000,17.64,17.76,17.53,17.635
1680379200000,17.635,17.83,17.615,17.79
1680393600000,17.79,17.835,17.57,17.7
1680408000000,17.7,17.755,17.645,17.71
1680422400000,17.71,17.79,17.62,17.72
1680436800000,17.72,17.725,17.215,17.355
1680451200000,17.355,17.405,17.035,17.145
1680465600000,17.145,17.29,17.075,17.245
1680480000000,17.245,17.26,16.785,16.945
1680494400000,16.945,17.13,16.865,17.13
1680508800000,17.13,17.38,17.12,17.245
1680523200000,17.245,17.37,17.07,17.2
1680537600000,17.2,17.46,17.08,17.28
1680552000000,17.28,17.32,16.63,17.095
1680566400000,17.095,17.14,16.95,17.065
1680580800000,17.065,17.225,17.005,17.135
1680595200000,17.135,17.425,17.095,17.38
1680609600000,17.38,17.47,17.22,17.37
1680624000000,17.37,17.55,17.32,17.525
1680638400000,17.525,17.665,17.515,17.65
1680652800000,17.65,18.15,17.605,18.11
1680667200000,18.11,18.265,18.03,18.185
1680681600000,18.185,18.285,18.11,18.27
1680696000000,18.27,18.375,17.66,17.82
1680710400000,17.82,17.95,17.66,17.9
1680724800000,17.9,18.05,17.845,17.995
1680739200000,17.995,18.03,17.615,17.905
1680753600000,17.905,17.91,17.715,17.76
1680768000000,17.76,17.975,17.69,17.915
1680782400000,17.915,18.32,17.795,18.24
1680796800000,18.24,18.31,17.99,18.075
1680811200000,18.075,18.185,17.865,17.97
1680825600000,17.97,18.135,17.92,17.985
1680840000000,17.985,18.05,17.66,17.705
1680854400000,17.705,17.745,17.53,17.585
1680868800000,17.585,17.69,17.42,17.66
1680883200000,17.66,17.695,17.555,17.61
1680897600000,17.61,17.675,17.535,17.595
1680912000000,17.595,17.625,17.43,17.59
1680926400000,17.59,17.735,17.57,17.685
1680940800000,17.685,17.71,17.63,17.645
1680955200000,17.645,17.685,17.565,17.645
1680969600000,17.645,17.65,17.38,17.51
1680984000000,17.51,17.535,17.32,17.45
1680998400000,17.45,17.57,17.43,17.46
1681012800000,17.46,17.55,17.255,17.285
1681027200000,17.285,17.38,17.24,17.37
1681041600000,17.37,17.445,17.25,17.34
1681056000000,17.34,17.565,17.32,17.485
1681070400000,17.485,17.63,17.435,17.53
1681084800000,17.53,17.61,17.415,17.54
1681099200000,17.54,17.605,17.47,17.53
1681113600000,17.53,17.63,17.51,17.52
1681128000000,17.52,17.56,17.335,17.485
1681142400000,17.485,17.89,17.425,17.75
1681156800000,17.75,17.965,17.655,17.925
1681171200000,17.925,18.075,17.865,18.03
1681185600000,18.03,18.365,18.0,18.31
1681200000000,18.31,18.445,18.19,18.41
1681214400000,18.41,18.62,18.29,18.45
1681228800000,18.45,18.475,18.18,18.215
1681243200000,18.215,18.235,18.1,18.14
1681257600000,18.14,18.23,17.665,17.75
1681272000000,17.75,18.105,17.7,18.1
1681286400000,18.1,18.165,17.955,18.0
1681300800000,18.0,18.705,17.925,18.135
1681315200000,18.135,18.21,17.865,17.965
1681329600000,17.965,18.285,17.96,18.25
1681344000000,18.25,18.58,18.1,18.53
1681358400000,18.53,18.575,18.315,18.44
1681372800000,18.44,18.89,18.44,18.685
1681387200000,18.685,18.99,18.68,18.89
1681401600000,18.89,19.06,18.795,18.915
1681416000000,18.915,18.92,18.75,18.835
1681430400000,18.835,19.34,18.8,19.225
1681444800000,19.225,19.33,18.96,18.995
1681459200000,18.995,19.175,18.98,19.14
1681473600000,19.14,19.15,18.46,18.565
1681488000000,18.565,18.945,18.48,18.93
1681502400000,18.93,19.29,18.88,19.225
1681516800000,19.225,19.255,19.075,19.23
1681531200000,19.23,19.23,18.99,19.15
1681545600000,19.15,19.485,19.11,19.45
1681560000000,19.45,19.525,19.095,19.205
1681574400000,19.205,19.295,19.01,19.125
1681588800000,19.125,19.145,19.005,19.095
1681603200000,19.095,19.205,18.84,19.165
1681617600000,19.165,19.395,19.15,19.38
1681632000000,19.38,19.445,19.04,19.065
1681646400000,19.065,19.215,18.97,19.21
1681660800000,19.21,19.525,19.155,19.305
1681675200000,19.305,20.505,19.125,20.185
1681689600000,20.185,21.115,19.96,20.675
1681704000000,20.675,21.07,20.47,20.605
1681718400000,20.605,20.745,20.225,20.385
1681732800000,20.385,21.295,20.385,20.745
1681747200000,20.745,21.0,20.49,20.685
1681761600000,20.685,20.74,20.435,20.53
1681776000000,20.53,20.925,20.28,20.87
1681790400000,20.87,21.54,20.765,21.485
1681804800000,21.485,21.59,21.235,21.465
1681819200000,21.465,21.55,21.055,21.16
1681833600000,21.16,21.22,20.9,20.96
1681848000000,20.96,21.255,20.875,21.21
1681862400000,21.21,21.22,21.01,21.065
1681876800000,21.065,21.12,20.675,20.73
1681891200000,20.73,20.73,18.58,19.585
1681905600000,19.585,19.875,19.43,19.68
1681920000000,19.68,19.725,19.35,19.41
1681934400000,19.41,19.49,18.39,18.98
1681948800000,18.98,19.16,18.74,18.985
1681963200000,18.985,19.27,18.97,19.065
1681977600000,19.065,19.21,18.725,18.775
1681992000000,18.775,19.43,18.735,18.875
1682006400000,18.875,18.88,18.11,18.435
1682020800000,18.435,18.575,18.26,18.295
1682035200000,18.295,18.515,18.225,18.44
1682049600000,18.44,18.44,17.845,18.215
1682064000000,18.215,18.295,17.755,17.875
1682078400000,17.875,18.08,17.655,17.755
1682092800000,17.755,17.825,16.65,16.935
1682107200000,16.935,17.02,16.715,16.93
1682121600000,16.93,17.07,16.805,17.045
1682136000000,17.045,17.175,16.91,16.945
1682150400000,16.945,17.185,16.94,17.15
1682164800000,17.15,17.345,17.08,17.23
1682179200000,17.23,17.345,17.075,17.17
1682193600000,17.17,17.275,17.08,17.21
1682208000000,17.21,17.22,16.905,17.05
1682222400000,17.05,17.19,17.01,17.18
1682236800000,17.18,17.21,17.09,17.185
1682251200000,17.185,17.25,16.76,16.875
1682265600000,16.875,16.985,16.465,16.625
1682280000000,16.625,16.92,16.56,16.835
1682294400000,16.835,17.07,16.58,16.875
1682308800000,16.875,16.89,16.53,16.715
1682323200000,16.715,17.04,16.535,17.04
1682337600000,17.04,17.245,16.865,16.915
1682352000000,16.915,17.135,16.655,16.945
1682366400000,16.945,17.04,16.875,16.91
1682380800000,16.91,17.0,16.735,16.82
1682395200000,16.82,17.2,16.775,16.97
1682409600000,16.97,17.125,16.91,17.04
1682424000000,17.04,17.18,16.88,16.955
1682438400000,16.955,17.285,16.85,17.13
1682452800000,17.13,17.76,17.12,17.62
1682467200000,17.62,17.71,17.43,17.45
1682481600000,17.45,17.595,17.405,17.44
1682496000000,17.44,17.975,17.43,17.835
1682510400000,17.835,18.225,17.825,18.09
1682524800000,18.09,18.12,16.53,16.765
1682539200000,16.765,17.225,16.14,17.17
1682553600000,17.17,17.745,17.1,17.365
1682568000000,17.365,17.605,17.24,17.415
1682582400000,17.415,17.49,17.31,17.385
1682596800000,17.385,17.725,17.185,17.655
1682611200000,17.655,17.92,17.525,17.835
1682625600000,17.835,17.93,17.585,17.72
1682640000000,17.72,17.75,17.605,17.66
1682654400000,17.66,17.805,17.65,17.795
1682668800000,17.795,17.8,17.455,17.465
1682683200000,17.465,17.605,17.2,17.385
1682697600000,17.385,17.62,17.305,17.535
1682712000000,17.535,17.605,17.455,17.545
1682726400000,17.545,17.615,17.415,17.57
1682740800000,17.57,17.655,17.425,17.535
1682755200000,17.535,17.58,17.465,17.515
1682769600000,17.515,17.715,17.495,17.605
1682784000000,17.605,17.67,17.29,17.565
1682798400000,17.565,17.565,17.35,17.475
1682812800000,17.475,17.48,17.24,17.295
1682827200000,17.295,17.43,17.26,17.375
1682841600000,17.375,17.495,17.345,17.365
1682856000000,17.365,17.84,17.32,17.62
1682870400000,17.62,17.765,17.215,17.325
1682884800000,17.325,17.33,17.035,17.075
1682899200000,17.075,17.205,16.665,16.95
1682913600000,16.95,17.115,16.82,17.07
1682928000000,17.07,17.13,16.97,16.975
1682942400000,16.975,17.06,16.78,16.83
1682956800000,16.83,16.935,16.58,16.625
1682971200000,16.625,16.7,16.495,16.645
1682985600000,16.645,16.655,16.465,16.595
1683000000000,16.595,16.7,16.51,16.67
1683014400000,16.67,16.72,16.56,16.625
1683028800000,16.625,16.905,16.49,16.83
1683043200000,16.83,16.965,16.765,16.885
1683057600000,16.885,16.92,16.81,16.835
1683072000000,16.835,16.84,16.595,16.715
1683086400000,16.715,16.79,16.66,16.685
1683100800000,16.685,16.77,16.58,16.59
1683115200000,16.59,16.62,16.385,16.545
1683129600000,16.545,17.36,16.49,16.935
1683144000000,16.935,17.325,16.915,17.205
1683158400000,17.205,17.255,17.095,17.155
1683172800000,17.155,17.165,17.025,17.055
1683187200000,17.055,17.165,17.01,17.06
1683201600000,17.06,17.095,16.775,16.895
1683216000000,16.895,17.01,16.8,16.915
1683230400000,16.915,16.97,16.81,16.91
1683244800000,16.91,17.195,16.875,17.015
1683259200000,17.015,17.105,16.92,17.01
1683273600000,17.01,17.09,16.96,17.045
1683288000000,17.045,17.175,16.67,17.025
1683302400000,17.025,17.39,17.025,17.365
1683316800000,17.365,17.415,17.305,17.36
1683331200000,17.36,17.495,17.145,17.175
1683345600000,17.175,17.235,16.985,16.99
1683360000000,16.99,17.05,16.815,16.95
1683374400000,16.95,16.965,16.415,16.475
1683388800000,16.475,16.72,16.43,16.65
1683403200000,16.65,16.68,16.535,16.575
1683417600000,16.575,16.685,16.445,16.5
1683432000000,16.5,16.675,16.48,16.655
1683446400000,16.655,16.695,16.53,16.565
1683460800000,16.565,16.715,16.565,16.635
1683475200000,16.635,16.69,16.485,16.56
1683489600000,16.56,16.65,16.285,16.4
1683504000000,16.4,16.495,15.595,15.975
1683518400000,15.975,15.995,15.575,15.7
1683532800000,15.7,15.945,15.635,15.905
1683547200000,15.905,15.945,15.7,15.745
1683561600000,15.745,15.77,14.885,15.235
1683576000000,15.235,15.43,15.2,15.4
1683590400000,15.4,15.52,15.335,15.425
1683604800000,15.425,15.56,15.335,15.49
1683619200000,15.49,15.5,15.335,15.415
1683633600000,15.415,15.495,15.215,15.27
1683648000000,15.27,15.43,15.205,15.335
1683662400000,15.335,15.4,15.24,15.31
1683676800000,15.31,15.465,15.275,15.29
1683691200000,15.29,15.37,15.25,15.26
1683705600000,15.26,15.295,15.08,15.225
1683720000000,15.225,15.72,15.14,15.545
1683734400000,15.545,15.62,14.65,15.485
1683748800000,15.485,15.675,15.395,15.51
1683763200000,15.51,15.53,15.295,15.325
1683777600000,15.325,15.44,15.28,15.33
1683792000000,15.33,15.365,15.125,15.31
1683806400000,15.31,15.47,14.88,15.075
1683820800000,15.075,15.115,14.73,14.91
1683835200000,14.91,15.015,14.86,14.95
1683849600000,14.95,14.985,14.55,14.695
1683864000000,14.695,14.92,14.61,14.88
1683878400000,14.88,15.01,14.84,14.945
1683892800000,14.945,15.05,14.77,14.81
1683907200000,14.81,14.98,14.5,14.945
1683921600000,14.945,15.21,14.87,15.18
1683936000000,15.18,15.21,15.075,15.1
1683950400000,15.1,15.13,15.035,15.12
1683964800000,15.12,15.18,15.06,15.085
1683979200000,15.085,15.125,14.905,14.94
1683993600000,14.94,15.03,14.895,14.945
1684008000000,14.945,14.99,14.89,14.915
1684022400000,14.915,14.96,14.78,14.935
1684036800000,14.935,14.99,14.9,14.955
1684051200000,14.955,15.0,14.92,14.965
1684065600000,14.965,15.145,14.925,15.11
1684080000000,15.11,15.14,14.86,14.9
1684094400000,14.9,15.035,14.855,15.015
1684108800000,15.015,15.19,14.785,15.12
1684123200000,15.12,15.295,15.065,15.26
1684137600000,15.26,15.35,15.23,15.23
1684152000000,15.23,15.315,15.125,15.305
1684166400000,15.305,15.335,15.105,15.18
1684180800000,15.18,15.21,15.025,15.07
1684195200000,15.07,15.15,14.81,14.925
1684209600000,14.925,15.045,14.89,15.02
1684224000000,15.02,15.045,14.9,14.92
1684238400000,14.92,14.975,14.765,14.86
1684252800000,14.86,14.94,14.73,14.765
1684267200000,14.765,14.905,14.715,14.89
1684281600000,14.89,15.06,14.81,14.97
1684296000000,14.97,15.02,14.795,14.82
1684310400000,14.82,14.88,14.695,14.735
1684324800000,14.735,14.825,14.605,14.71
1684339200000,14.71,15.275,14.66,15.22
1684353600000,15.22,15.295,15.13,15.155
1684368000000,15.155,15.175,15.045,15.155
1684382400000,15.155,15.185,14.945,15.06
1684396800000,15.06,15.085,14.985,15.015
1684411200000,15.015,15.035,14.79,14.825
1684425600000,14.825,14.87,14.385,14.575
1684440000000,14.575,14.8,14.535,14.665
1684454400000,14.665,14.7,14.56,14.65
1684468800000,14.65,14.725,14.625,14.68
1684483200000,14.68,14.75,14.63,14.64
1684497600000,14.64,14.84,14.525,14.69
1684512000000,14.69,14.785,14.65,14.695
1684526400000,14.695,14.71,14.645,14.665
1684540800000,14.665,14.67,14.525,14.615
1684555200000,14.615,14.62,14.52,14.56
1684569600000,14.56,14.615,14.55,14.58
1684584000000,14.58,14.65,14.56,14.635
1684598400000,14.635,14.695,14.57,14.645
1684612800000,14.645,14.67,14.585,14.615
1684627200000,14.615,14.69,14.58,14.6
1684641600000,14.6,14.645,14.59,14.615
1684656000000,14.615,14.625,14.415,14.46
1684670400000,14.46,14.505,14.225,14.35
1684684800000,14.35,14.385,14.255,14.35
1684699200000,14.35,14.365,14.14,14.3
1684713600000,14.3,14.33,14.065,14.265
1684728000000,14.265,14.4,14.23,14.335
1684742400000,14.335,14.625,14.335,14.56
1684756800000,14.56,14.625,14.415,14.575
1684771200000,14.575,14.765,14.55,14.665
1684785600000,14.665,14.795,14.655,14.665
1684800000000,14.665,14.965,14.59,14.905
1684814400000,14.905,14.96,14.715,14.795
1684828800000,14.795,14.815,14.73,14.75
1684843200000,14.75,14.795,14.655,14.77
1684857600000,14.77,14.785,14.585,14.675
1684872000000,14.675,14.72,14.625,14.71
1684886400000,14.71,14.715,14.315,14.395
1684900800000,14.395,14.45,14.29,14.31
1684915200000,14.31,14.415,14.29,14.33
1684929600000,14.33,14.375,14.0,14.095
1684944000000,14.095,14.16,14.02,14.115
1684958400000,14.115,14.21,14.1,14.135
1684972800000,14.135,14.15,13.69,14.115
1684987200000,14.115,14.19,14.085,14.12
1685001600000,14.12,14.185,14.095,14.17
1685016000000,14.17,14.25,13.98,14.025
1685030400000,14.025,14.25,14.02,14.135
1685044800000,14.135,14.16,14.04,14.085
1685059200000,14.085,14.11,13.99,14.09
1685073600000,14.09,14.1,13.955,14.085
1685088000000,14.085,14.145,14.065,14.13
1685102400000,14.13,14.295,14.085,14.27
1685116800000,14.27,14.375,14.11,14.36
1685131200000,14.36,14.395,14.29,14.325
1685145600000,14.325,14.445,14.31,14.43
1685160000000,14.43,14.47,14.38,14.395
1685174400000,14.395,14.41,14.26,14.28
1685188800000,14.28,14.39,14.26,14.365
1685203200000,14.365,14.43,14.295,14.415
1685217600000,14.415,14.615,14.405,14.56
1685232000000,14.56,14.785,14.485,14.745
1685246400000,14.745,14.82,14.68,14.72
1685260800000,14.72,14.73,14.23,14.48
1685275200000,14.48,14.52,14.4,14.515
1685289600000,14.515,14.74,14.47,14.63
1685304000000,14.63,15.05,14.63,14.895
1685318400000,14.895,14.98,14.725,14.725
1685332800000,14.725,14.81,14.645,14.715
1685347200000,14.715,14.745,14.62,14.685
1685361600000,14.685,14.69,14.465,14.48
1685376000000,14.48,14.51,14.365,14.48
1685390400000,14.48,14.505,14.35,14.475
1685404800000,14.475,14.57,14.365,14.48
1685419200000,14.48,14.565,14.41,14.49
1685433600000,14.49,14.73,14.48,14.71
1685448000000,14.71,14.72,14.38,14.45
1685462400000,14.45,14.565,14.355,14.525
1685476800000,14.525,14.56,14.425,14.445
1685491200000,14.445,14.46,14.155,14.315
1685505600000,14.315,14.32,14.025,14.13
1685520000000,14.13,14.155,14.03,14.095
1685534400000,14.095,14.14,13.94,14.015
1685548800000,14.015,14.115,14.005,14.08
1685563200000,14.08,14.135,14.01,14.105
1685577600000,14.105,14.175,13.82,14.015
1685592000000,14.015,14.07,13.975,13.985
1685606400000,13.985,14.16,13.98,14.145
1685620800000,14.145,14.225,14.12,14.21
1685635200000,14.21,14.3,14.07,14.165
1685649600000,14.165,14.185,14.04,14.08
1685664000000,14.08,14.28,13.96,14.255
1685678400000,14.255,14.385,14.23,14.335
1685692800000,14.335,14.5,14.335,14.44
1685707200000,14.44,14.5,14.31,14.47
1685721600000,14.47,14.565,14.375,14.51
1685736000000,14.51,14.55,14.345,14.49
1685750400000,14.49,14.53,14.385,14.465
1685764800000,14.465,14.585,14.46,14.575
1685779200000,14.575,14.585,14.505,14.535
1685793600000,14.535,14.59,14.48,14.585
1685808000000,14.585,14.585,14.435,14.48
1685822400000,14.48,14.575,14.47,14.575
1685836800000,14.575,14.63,14.51,14.615
1685851200000,14.615,14.715,14.61,14.71
1685865600000,14.71,14.77,14.655,14.74
1685880000000,14.74,14.795,14.71,14.795
1685894400000,14.795,14.89,14.77,14.855
1685908800000,14.855,14.935,14.735,14.785
1685923200000,14.785,14.87,14.65,14.665
1685937600000,14.665,14.82,14.61,14.795
1685952000000,14.795,14.865,14.715,14.82
1685966400000,14.82,14.895,13.96,13.975
1685980800000,13.975,14.115,13.43,13.91
1685995200000,13.91,13.925,13.77,13.87
1686009600000,13.87,13.995,13.8,13.985
1686024000000,13.985,14.155,13.98,14.095
1686038400000,14.095,14.14,14.01,14.07
1686052800000,14.07,14.275,13.795,14.185
1686067200000,14.185,14.655,14.165,14.61
1686081600000,14.61,14.67,14.49,14.62
1686096000000,14.62,14.705,14.46,14.615
1686110400000,14.615,14.65,14.5,14.545
1686124800000,14.545,14.59,14.255,14.465
1686139200000,14.465,14.47,14.045,14.07
1686153600000,14.07,14.15,13.97,14.125
1686168000000,14.125,14.145,13.915,14.02
1686182400000,14.02,14.085,13.815,13.88
1686196800000,13.88,13.96,13.78,13.9
1686211200000,13.9,13.955,13.85,13.925
1686225600000,13.925,14.115,13.87,14.055
1686240000000,14.055,14.075,13.83,13.98
1686254400000,13.98,14.03,13.91,13.92
1686268800000,13.92,13.95,13.71,13.825
1686283200000,13.825,13.86,13.72,13.755
1686297600000,13.755,13.975,13.745,13.925
1686312000000,13.925,14.25,13.92,14.02
1686326400000,14.02,14.05,13.755,13.77
1686340800000,13.77,13.87,13.705,13.75
1686355200000,13.75,13.765,12.99,13.06
1686369600000,13.06,13.16,9.73,11.24
1686384000000,11.24,11.665,11.12,11.64
1686398400000,11.64,11.64,11.135,11.25
1686412800000,11.25,11.82,11.165,11.61
1686427200000,11.61,11.715,11.495,11.625
1686441600000,11.625,11.72,11.555,11.665
1686456000000,11.665,11.67,11.445,11.61
1686470400000,11.61,11.725,11.55,11.665
1686484800000,11.665,11.715,11.45,11.465
1686499200000,11.465,11.75,11.45,11.71
1686513600000,11.71,11.8,11.415,11.555
1686528000000,11.555,11.575,11.155,11.38
1686542400000,11.38,11.495,11.295,11.33
1686556800000,11.33,11.595,11.285,11.505
1686571200000,11.505,11.525,11.36,11.465
1686585600000,11.465,11.535,11.29,11.44
1686600000000,11.44,11.61,11.425,11.505
1686614400000,11.505,11.73,11.415,11.64
1686628800000,11.64,11.725,11.465,11.68
1686643200000,11.68,11.885,11.66,11.87
1686657600000,11.87,12.075,11.565,11.615
1686672000000,11.615,11.82,11.615,11.725
1686686400000,11.725,11.79,11.655,11.79
1686700800000,11.79,11.88,11.725,11.875
1686715200000,11.875,11.885,11.75,11.785
1686729600000,11.785,11.905,11.77,11.895
1686744000000,11.895,11.955,11.84,11.89
1686758400000,11.89,11.94,11.64,11.82
1686772800000,11.82,11.84,11.165,11.365
1686787200000,11.365,11.56,11.33,11.53
1686801600000,11.53,11.545,11.18,11.235
1686816000000,11.235,11.25,11.01,11.235
1686830400000,11.235,11.335,11.16,11.195
1686844800000,11.195,11.595,11.14,11.455
1686859200000,11.455,11.53,11.33,11.4
1686873600000,11.4,11.5,11.31,11.49
1686888000000,11.49,11.505,11.4,11.405
1686902400000,11.405,11.475,11.275,11.335
1686916800000,11.335,11.46,11.21,11.45
1686931200000,11.45,11.73,11.42,11.56
1686945600000,11.56,11.63,11.515,11.535
1686960000000,11.535,11.57,11.46,11.515
1686974400000,11.515,11.82,11.485,11.685
1686988800000,11.685,11.84,11.68,11.74
1687003200000,11.74,11.8,11.615,11.685
1687017600000,11.685,11.755,11.62,11.65
1687032000000,11.65,11.69,11.59,11.615
1687046400000,11.615,11.62,11.44,11.525
1687060800000,11.525,11.6,11.475,11.525
1687075200000,11.525,11.58,11.47,11.525
1687089600000,11.525,11.555,11.47,11.535
1687104000000,11.535,11.6,11.525,11.575
1687118400000,11.575,11.575,11.235,11.335
1687132800000,11.335,11.37,11.235,11.325
1687147200000,11.325,11.375,11.31,11.33
1687161600000,11.33,11.35,11.275,11.295
1687176000000,11.295,11.375,11.135,11.27
1687190400000,11.27,11.515,11.16,11.39
1687204800000,11.39,11.49,11.375,11.47
1687219200000,11.47,11.58,11.44,11.455
1687233600000,11.455,11.515,11.415,11.445
1687248000000,11.445,11.445,11.335,11.41
1687262400000,11.41,11.435,11.16,11.335
1687276800000,11.335,11.915,11.295,11.885
1687291200000,11.885,12.12,11.875,12.12
1687305600000,12.12,12.39,12.06,12.285
1687320000000,12.285,12.4,12.21,12.3
1687334400000,12.3,12.365,12.145,12.255
1687348800000,12.255,12.6,12.14,12.465
1687363200000,12.465,13.035,12.415,12.895
1687377600000,12.895,12.995,12.755,12.895
1687392000000,12.895,13.23,12.85,13.11
1687406400000,13.11,13.115,12.86,13.08
1687420800000,13.08,13.14,12.57,12.78
1687435200000,12.78,13.055,12.575,12.73
1687449600000,12.73,12.885,12.72,12.835
1687464000000,12.835,12.845,12.605,12.655
1687478400000,12.655,12.805,12.64,12.78
1687492800000,12.78,12.845,12.72,12.77
1687507200000,12.77,12.85,12.735,12.835
1687521600000,12.835,13.19,12.605,13.16
1687536000000,13.16,13.5,13.005,13.265
1687550400000,13.265,13.51,13.09,13.285
1687564800000,13.285,13.385,13.125,13.35
1687579200000,13.35,13.39,13.115,13.135
1687593600000,13.135,13.22,13.1,13.155
1687608000000,13.155,13.225,12.74,12.85
1687622400000,12.85,13.055,12.73,12.985
1687636800000,12.985,13.035,12.82,13.01
1687651200000,13.01,13.495,12.955,13.48
1687665600000,13.48,13.595,13.315,13.57
1687680000000,13.57,13.68,13.42,13.58
1687694400000,13.58,13.595,13.29,13.355
1687708800000,13.355,13.485,13.335,13.425
1687723200000,13.425,13.535,13.33,13.43
1687737600000,13.43,13.445,13.105,13.35
1687752000000,13.35,13.51,13.235,13.39
1687766400000,13.39,13.645,13.325,13.54
1687780800000,13.54,13.685,13.425,13.545
1687795200000,13.545,13.55,12.95,13.27
1687809600000,13.27,13.31,12.955,13.15
1687824000000,13.15,13.34,13.085,13.305
1687838400000,13.305,13.385,13.165,13.345
1687852800000,13.345,13.405,13.225,13.37
1687867200000,13.37,13.47,13.1,13.19
1687881600000,13.19,13.365,13.125,13.295
1687896000000,13.295,13.325,13.14,13.19
1687910400000,13.19,13.215,12.855,12.995
1687924800000,12.995,13.015,12.66,12.69
1687939200000,12.69,12.835,12.645,12.77
1687953600000,12.77,12.905,12.605,12.81
1687968000000,12.81,12.815,12.055,12.25
1687982400000,12.25,12.395,12.095,12.33
1687996800000,12.33,12.39,12.255,12.32
1688011200000,12.32,12.395,12.275,12.365
1688025600000,12.365,12.955,12.335,12.885
1688040000000,12.885,12.94,12.61,12.635
1688054400000,12.635,12.75,12.545,12.745
1688068800000,12.745,12.75,12.57,12.66
1688083200000,12.66,13.04,12.56,13.015
1688097600000,13.015,13.26,12.955,13.07
1688112000000,13.07,13.24,13.05,13.23
1688126400000,13.23,13.33,12.08,12.6
1688140800000,12.6,13.09,12.48,12.895
1688155200000,12.895,13.09,12.865,13.025
1688169600000,13.025,13.155,12.975,13.02
1688184000000,13.02,13.035,12.82,12.94
1688198400000,12.94,13.0,12.875,12.955
1688212800000,12.955,13.095,12.885,12.895
1688227200000,12.895,12.97,12.865,12.94
1688241600000,12.94,13.0,12.9,12.995
1688256000000,12.995,12.995,12.695,12.74
1688270400000,12.74,12.895,12.695,12.88
1688284800000,12.88,13.065,12.85,13.005
1688299200000,13.005,13.09,12.8,13.01
1688313600000,13.01,13.09,12.9,13.005
1688328000000,13.005,13.215,12.98,13.125
1688342400000,13.125,13.5,13.065,13.4
1688356800000,13.4,13.455,13.14,13.275
1688371200000,13.275,13.355,13.2,13.235
1688385600000,13.235,13.315,13.1,13.285
1688400000000,13.285,13.405,13.1,13.315
1688414400000,13.315,13.33,13.125,13.24
1688428800000,13.24,13.35,13.135,13.33
1688443200000,13.33,13.335,13.17,13.195
1688457600000,13.195,13.285,13.08,13.28
1688472000000,13.28,13.36,13.17,13.27
1688486400000,13.27,13.415,13.005,13.09
1688500800000,13.09,13.15,12.98,13.04
1688515200000,13.04,13.135,12.935,13.125
1688529600000,13.125,13.15,13.025,13.105
1688544000000,13.105,13.125,12.445,12.645
1688558400000,12.645,12.745,12.465,12.56
1688572800000,12.56,12.705,12.5,12.595
1688587200000,12.595,12.725,12.545,12.66
1688601600000,12.66,12.715,12.535,12.615
1688616000000,12.615,12.89,12.58,12.83
1688630400000,12.83,13.11,12.75,12.845
1688644800000,12.845,12.875,12.23,12.65
1688659200000,12.65,12.75,12.49,12.64
1688673600000,12.64,12.665,12.34,12.35
1688688000000,12.35,12.615,12.225,12.595
1688702400000,12.595,12.61,12.45,12.5
1688716800000,12.5,12.66,12.475,12.59
1688731200000,12.59,12.745,12.53,12.695
1688745600000,12.695,12.735,12.56,12.665
1688760000000,12.665,12.74,12.605,12.735
1688774400000,12.735,13.35,12.72,13.325
1688788800000,13.325,13.795,13.27,13.455
1688803200000,13.455,13.76,13.455,13.54
1688817600000,13.54,13.875,13.465,13.725
1688832000000,13.725,13.85,13.52,13.535
1688846400000,13.535,13.665,13.47,13.63
1688860800000,13.63,14.15,13.585,14.065
1688875200000,14.065,14.195,13.86,13.945
1688889600000,13.945,14.185,13.91,14.085
1688904000000,14.085,14.125,13.82,13.83
1688918400000,13.83,13.855,13.67,13.73
1688932800000,13.73,13.77,13.555,13.585
1688947200000,13.585,13.585,13.215,13.285
1688961600000,13.285,13.385,13.225,13.34
1688976000000,13.34,13.365,13.155,13.35
1688990400000,13.35,13.4,13.26,13.34
1689004800000,13.34,13.76,13.265,13.73
1689019200000,13.73,13.84,13.28,13.37
1689033600000,13.37,13.68,13.36,13.635
1689048000000,13.635,13.675,13.46,13.475
1689062400000,13.475,13.51,13.325,13.355
1689076800000,13.355,13.495,13.295,13.34
1689091200000,13.34,13.35,13.155,13.25
1689105600000,13.25,13.32,13.115,13.255
1689120000000,13.255,13.3,13.14,13.155
1689134400000,13.155,13.26,13.125,13.215
1689148800000,13.215,13.275,13.15,13.255
1689163200000,13.255,13.385,13.01,13.05
1689177600000,13.05,13.09,12.84,12.92
1689192000000,12.92,13.045,12.88,13.015
1689206400000,13.015,13.025,12.885,12.945
1689220800000,12.945,13.135,12.9,13.045
1689235200000,13.045,13.235,13.045,13.22
1689249600000,13.22,13.725,13.12,13.66
1689264000000,13.66,14.215,13.65,14.085
1689278400000,14.085,14.125,13.765,14.11
1689292800000,14.11,14.805,14.1,14.765
1689307200000,14.765,15.805,14.65,15.31
1689321600000,15.31,15.98,15.07,15.45
1689336000000,15.45,15.895,15.125,15.595
1689350400000,15.595,15.78,14.015,14.3
1689364800000,14.3,14.65,14.11,14.64
1689379200000,14.64,14.73,14.405,14.435
1689393600000,14.435,14.99,14.43,14.925
1689408000000,14.925,15.035,14.785,15.01
1689422400000,15.01,15.36,14.87,15.13
1689436800000,15.13,15.2,14.96,15.06
1689451200000,15.06,15.075,14.64,14.845
1689465600000,14.845,14.93,14.425,14.54
1689480000000,14.54,14.705,14.53,14.63
1689494400000,14.63,14.73,14.295,14.525
1689508800000,14.525,14.83,14.52,14.595
1689523200000,14.595,14.6,14.255,14.28
1689537600000,14.28,14.435,14.15,14.285
1689552000000,14.285,14.475,14.185,14.44
1689566400000,14.44,14.565,14.36,14.535
1689580800000,14.535,14.615,13.835,14.145
1689595200000,14.145,14.41,13.935,14.255
1689609600000,14.255,14.35,13.885,14.145
1689624000000,14.145,14.45,14.015,14.4
1689638400000,14.4,14.585,14.32,14.35
1689652800000,14.35,14.385,13.9,14.0
1689667200000,14.0,14.11,13.805,13.84
1689681600000,13.84,14.005,13.71,13.94
1689696000000,13.94,14.015,13.59,13.755
1689710400000,13.755,13.83,13.655,13.8
1689724800000,13.8,14.095,13.755,14.02
1689739200000,14.02,14.105,13.93,13.99
1689753600000,13.99,14.01,13.78,14.0
1689768000000,14.0,14.095,13.77,13.945
1689782400000,13.945,14.27,13.865,14.195
1689796800000,14.195,14.2,13.91,13.99
1689811200000,13.99,14.165,13.925,14.045
1689825600000,14.045,14.285,14.03,14.275
1689840000000,14.275,14.435,14.235,14.245
1689854400000,14.245,14.285,13.595,13.815
1689868800000,13.815,13.875,13.66,13.845
1689883200000,13.845,13.915,13.695,13.865
1689897600000,13.865,14.02,13.715,13.97
1689912000000,13.97,13.995,13.835,13.885
1689926400000,13.885,13.995,13.84,13.89
1689940800000,13.89,14.05,13.885,13.935
1689955200000,13.935,14.07,13.83,13.95
1689969600000,13.95,14.03,13.885,13.975
1689984000000,13.975,14.06,13.935,13.965
1689998400000,13.965,14.005,13.885,13.925
1690012800000,13.925,13.94,13.59,13.74
1690027200000,13.74,13.785,13.7,13.78
1690041600000,13.78,13.78,13.64,13.695
1690056000000,13.695,13.715,13.28,13.51
1690070400000,13.51,13.585,13.38,13.565
1690084800000,13.565,13.665,13.54,13.565
1690099200000,13.565,13.605,13.53,13.57
1690113600000,13.57,13.58,13.5,13.525
1690128000000,13.525,13.75,13.525,13.61
1690142400000,13.61,13.66,13.46,13.535
1690156800000,13.535,13.595,13.295,13.325
1690171200000,13.325,13.485,13.21,13.445
1690185600000,13.445,13.495,12.735,13.1
1690200000000,13.1,13.14,12.87,12.94
1690214400000,12.94,13.1,12.895,13.04
1690228800000,13.04,13.125,13.01,13.095
1690243200000,13.095,13.235,13.03,13.235
1690257600000,13.235,13.25,13.07,13.105
1690272000000,13.105,13.295,13.09,13.26
1690286400000,13.26,13.565,13.135,13.335
1690300800000,13.335,13.44,13.26,13.305
1690315200000,13.305,13.42,13.25,13.335
1690329600000,13.335,13.365,13.105,13.255
1690344000000,13.255,13.32,13.175,13.245
1690358400000,13.245,13.29,13.11,13.16
1690372800000,13.16,13.28,13.14,13.275
1690387200000,13.275,13.365,13.055,13.33
1690401600000,13.33,13.455,13.21,13.26
1690416000000,13.26,13.325,13.195,13.27
1690430400000,13.27,13.35,13.21,13.255
1690444800000,13.255,13.425,13.215,13.36
1690459200000,13.36,13.375,13.14,13.19
1690473600000,13.19,13.245,13.01,13.11
1690488000000,13.11,13.175,13.08,13.155
1690502400000,13.155,13.22,13.11,13.145
1690516800000,13.145,13.19,13.02,13.03
1690531200000,13.03,13.125,12.995,13.1
1690545600000,13.1,13.29,13.085,13.205
1690560000000,13.205,13.25,13.1,13.215
1690574400000,13.215,13.26,13.19,13.225
1690588800000,13.225,13.29,13.19,13.245
1690603200000,13.245,13.26,13.16,13.175
1690617600000,13.175,13.22,13.145,13.165
1690632000000,13.165,13.24,13.165,13.205
1690646400000,13.205,13.265,13.16,13.235
1690660800000,13.235,13.275,13.205,13.23
1690675200000,13.23,13.345,13.19,13.325
1690689600000,13.325,13.34,13.235,13.24
1690704000000,13.24,13.285,13.205,13.26
1690718400000,13.26,13.36,13.19,13.275
1690732800000,13.275,13.41,13.055,13.13
1690747200000,13.13,13.16,12.885,13.12
1690761600000,13.12,13.275,13.06,13.175
1690776000000,13.175,13.185,13.055,13.06
1690790400000,13.06,13.135,13.04,13.115
1690804800000,13.115,13.13,12.865,12.895
1690819200000,12.895,12.995,12.655,12.785
1690833600000,12.785,12.885,12.685,12.805
1690848000000,12.805,12.89,12.31,12.58
1690862400000,12.58,12.705,12.55,12.65
1690876800000,12.65,12.75,12.645,12.68
1690891200000,12.68,12.735,12.505,12.7
1690905600000,12.7,12.84,12.635,12.785
1690920000000,12.785,12.895,12.71,12.885
1690934400000,12.885,12.955,12.78,12.79
1690948800000,12.79,12.8,12.695,12.72
1690963200000,12.72,12.78,12.66,12.765
1690977600000,12.765,12.78,12.515,12.61
1690992000000,12.61,12.63,12.405,12.53
1691006400000,12.53,12.585,12.48,12.54
1691020800000,12.54,12.585,12.49,12.505
1691035200000,12.505,12.525,12.395,12.425
1691049600000,12.425,12.54,12.355,12.525
1691064000000,12.525,12.62,12.455,12.55
1691078400000,12.55,12.64,12.485,12.525
1691092800000,12.525,12.585,12.37,12.435
1691107200000,12.435,12.5,12.38,12.48
1691121600000,12.48,12.505,12.415,12.465
1691136000000,12.465,12.52,12.425,12.445
1691150400000,12.445,12.61,12.43,12.56
1691164800000,12.56,12.59,12.355,12.4
1691179200000,12.4,12.46,12.245,12.4
1691193600000,12.4,12.43,12.31,12.375
1691208000000,12.375,12.375,12.295,12.33
1691222400000,12.33,12.36,12.305,12.315
1691236800000,12.315,12.365,12.275,12.31
1691251200000,12.31,12.395,12.275,12.34
1691265600000,12.34,12.45,12.32,12.44
1691280000000,12.44,12.585,12.415,12.585
1691294400000,12.585,12.63,12.55,12.575
1691308800000,12.575,12.67,12.555,12.61
1691323200000,12.61,12.62,12.51,12.55
1691337600000,12.55,12.625,12.52,12.575
1691352000000,12.575,12.65,12.525,12.595
1691366400000,12.595,12.755,12.545,12.715
1691380800000,12.715,12.735,12.58,12.66
1691395200000,12.66,12.735,12.63,12.72
1691409600000,12.72,12.745,12.405,12.415
1691424000000,12.415,12.5,12.185,12.45
1691438400000,12.45,12.475,12.4,12.465
1691452800000,12.465,12.485,12.375,12.43
1691467200000,12.43,12.535,12.41,12.465
1691481600000,12.465,12.585,12.45,12.58
1691496000000,12.58,12.645,12.485,12.6
1691510400000,12.6,12.75,12.58,12.655
1691524800000,12.655,12.795,12.63,12.685
1691539200000,12.685,12.735,12.585,12.62
1691553600000,12.62,12.71,12.605,12.695
1691568000000,12.695,12.705,12.625,12.685
1691582400000,12.685,12.805,12.605,12.63
1691596800000,12.63,12.645,12.53,12.55
1691611200000,12.55,12.65,12.485,12.63
1691625600000,12.63,12.655,12.56,12.56
1691640000000,12.56,12.565,12.485,12.495
1691654400000,12.495,12.525,12.46,12.49
1691668800000,12.49,12.655,12.485,12.545
1691683200000,12.545,12.59,12.5,12.51
1691697600000,12.51,12.53,12.46,12.47
1691712000000,12.47,12.52,12.41,12.46
1691726400000,12.46,12.5,12.445,12.45
1691740800000,12.45,12.5,12.41,12.5
1691755200000,12.5,12.55,12.39,12.415
1691769600000,12.415,12.435,12.345,12.425
1691784000000,12.425,12.45,12.39,12.44
1691798400000,12.44,12.465,12.415,12.44
1691812800000,12.44,12.45,12.415,12.45
1691827200000,12.45,12.48,12.425,12.475
1691841600000,12.475,12.485,12.435,12.45
1691856000000,12.45,12.46,12.385,12.39
1691870400000,12.39,12.395,12.345,12.38
1691884800000,12.38,12.39,12.27,12.325
1691899200000,12.325,12.35,12.29,12.345
1691913600000,12.345,12.375,12.335,12.355
1691928000000,12.355,12.365,12.3,12.325
1691942400000,12.325,12.415,12.3,12.4
1691956800000,12.4,12.42,12.19,12.265
1691971200000,12.265,12.33,12.165,12.305
1691985600000,12.305,12.385,12.3,12.355
1692000000000,12.355,12.375,12.32,12.34
1692014400000,12.34,12.46,12.285,12.405
1692028800000,12.405,12.43,12.235,12.295
1692043200000,12.295,12.37,12.29,12.36
1692057600000,12.36,12.375,12.31,12.315
1692072000000,12.315,12.32,12.255,12.295
1692086400000,12.295,12.335,12.28,12.28
1692100800000,12.28,12.335,12.215,12.225
1692115200000,12.225,12.25,11.2,11.71
1692129600000,11.71,11.84,11.67,11.82
1692144000000,11.82,11.865,11.785,11.795
1692158400000,11.795,11.815,11.68,11.685
1692172800000,11.685,11.695,11.565,11.64
1692187200000,11.64,11.64,11.395,11.465
1692201600000,11.465,11.585,11.415,11.515
1692216000000,11.515,11.535,11.045,11.37
1692230400000,11.37,11.445,11.085,11.42
1692244800000,11.42,11.48,11.385,11.475
1692259200000,11.475,11.5,11.395,11.425
1692273600000,11.425,11.475,11.115,11.175
1692288000000,11.175,11.295,11.06,11.275
1692302400000,11.275,11.275,9.53,10.565
1692316800000,10.565,10.725,10.525,10.65
1692331200000,10.65,10.945,10.57,10.945
1692345600000,10.945,10.995,10.825,10.89
1692360000000,10.89,10.9,10.73,10.755
1692374400000,10.755,10.85,10.565,10.72
1692388800000,10.72,10.84,10.72,10.805
1692403200000,10.805,10.885,10.715,10.75
1692417600000,10.75,10.795,10.555,10.685
1692432000000,10.685,10.75,10.675,10.71
1692446400000,10.71,10.81,10.685,10.81
1692460800000,10.81,10.845,10.745,10.79
1692475200000,10.79,10.81,10.73,10.805
1692489600000,10.805,10.83,10.75,10.79
1692504000000,10.79,10.8,10.73,10.765
1692518400000,10.765,10.89,10.75,10.87
1692532800000,10.87,10.895,10.78,10.84
1692547200000,10.84,10.88,10.805,10.855
1692561600000,10.855,10.92,10.845,10.86
1692576000000,10.86,10.87,10.74,10.76
1692590400000,10.76,10.825,10.71,10.72
1692604800000,10.72,10.735,10.47,10.545
1692619200000,10.545,10.6,10.135,10.29
1692633600000,10.29,10.395,10.265,10.36
1692648000000,10.36,10.42,10.34,10.34
1692662400000,10.34,10.375,10.27,10.295
1692676800000,10.295,10.32,10.17,10.29
1692691200000,10.29,10.305,10.16,10.19
1692705600000,10.19,10.265,10.015,10.04
1692720000000,10.04,10.045,9.76,9.885
1692734400000,9.885,10.17,9.64,10.13
1692748800000,10.13,10.185,10.09,10.11
1692763200000,10.11,10.26,10.105,10.185
1692777600000,10.185,10.205,10.105,10.12
1692792000000,10.12,10.31,10.045,10.285
1692806400000,10.285,10.465,10.245,10.415
1692820800000,10.415,10.44,10.23,10.325
1692835200000,10.325,10.35,10.25,10.29
1692849600000,10.29,10.325,10.255,10.31
1692864000000,10.31,10.35,10.27,10.31
1692878400000,10.31,10.31,10.04,10.065
1692892800000,10.065,10.15,10.025,10.08
1692907200000,10.08,10.135,9.955,10.115
1692921600000,10.115,10.125,9.895,10.005
1692936000000,10.005,10.04,9.895,9.995
1692950400000,9.995,10.055,9.99,10.035
1692964800000,10.035,10.065,9.865,9.965
1692979200000,9.965,10.06,9.925,9.99
1692993600000,9.99,10.08,9.975,10.045
1693008000000,10.045,10.09,10.01,10.075
1693022400000,10.075,10.075,10.005,10.025
1693036800000,10.025,10.065,10.0,10.04
1693051200000,10.04,10.06,10.01,10.04
1693065600000,10.04,10.05,10.0,10.035
1693080000000,10.035,10.125,10.01,10.09
1693094400000,10.09,10.14,10.06,10.075
1693108800000,10.075,10.12,10.07,10.105
1693123200000,10.105,10.235,10.105,10.175
1693137600000,10.175,10.27,10.135,10.225
1693152000000,10.225,10.245,10.135,10.185
1693166400000,10.185,10.225,10.15,10.195
1693180800000,10.195,10.2,10.03,10.04
1693195200000,10.04,10.07,9.9,10.0
1693209600000,10.0,10.06,9.915,10.06
1693224000000,10.06,10.39,10.05,10.33
1693238400000,10.33,10.45,10.255,10.335
1693252800000,10.335,10.37,10.23,10.37
1693267200000,10.37,10.61,10.37,10.52
1693281600000,10.52,10.525,10.38,10.43
1693296000000,10.43,10.475,10.32,10.35
1693310400000,10.35,11.21,10.335,10.83
1693324800000,10.83,10.965,10.805,10.85
1693339200000,10.85,10.9,10.765,10.805
1693353600000,10.805,10.815,10.585,10.64
1693368000000,10.64,10.67,10.57,10.585
1693382400000,10.585,10.625,10.49,10.5
1693396800000,10.5,10.545,10.35,10.41
1693411200000,10.41,10.42,10.33,10.38
1693425600000,10.38,10.44,10.37,10.4
1693440000000,10.4,10.405,10.265,10.29
1693454400000,10.29,10.415,10.285,10.35
1693468800000,10.35,10.545,10.315,10.455
1693483200000,10.455,10.47,10.1,10.21
1693497600000,10.21,10.21,9.795,10.03
1693512000000,10.03,10.04,9.885,9.98
1693526400000,9.98,10.02,9.95,10.01
1693540800000,10.01,10.025,9.96,9.985
1693555200000,9.985,10.025,9.965,10.015
1693569600000,10.015,10.06,9.85,9.91
1693584000000,9.91,9.955,9.735,9.89
1693598400000,9.89,9.98,9.86,9.92
1693612800000,9.92,9.96,9.875,9.91
1693627200000,9.91,9.935,9.865,9.895
1693641600000,9.895,9.9,9.815,9.85
1693656000000,9.85,9.9,9.79,9.86
1693670400000,9.86,9.88,9.755,9.865
1693684800000,9.865,9.925,9.845,9.91
1693699200000,9.91,9.94,9.88,9.935
1693713600000,9.935,9.985,9.91,9.935
1693728000000,9.935,9.935,9.88,9.93
1693742400000,9.93,9.95,9.845,9.865
1693756800000,9.865,9.935,9.815,9.9
1693771200000,9.9,9.93,9.83,9.875
1693785600000,9.875,10.05,9.86,9.955
1693800000000,9.955,9.98,9.865,9.945
1693814400000,9.945,9.97,9.87,9.88
1693828800000,9.88,9.915,9.775,9.85
1693843200000,9.85,9.905,9.805,9.835
1693857600000,9.835,9.85,9.67,9.805
1693872000000,9.805,9.815,9.64,9.715
1693886400000,9.715,9.8,9.715,9.78
1693900800000,9.78,9.885,9.755,9.865
1693915200000,9.865,9.96,9.81,9.91
1693929600000,9.91,9.945,9.85,9.85
1693944000000,9.85,9.96,9.84,9.91
1693958400000,9.91,9.995,9.89,9.935
1693972800000,9.935,9.935,9.84,9.87
1693987200000,9.87,9.935,9.865,9.895
1694001600000,9.895,9.96,9.815,9.88
1694016000000,9.88,10.05,9.735,9.89
1694030400000,9.89,9.965,9.89,9.94
1694044800000,9.94,10.0,9.915,10.0
1694059200000,10.0,10.015,9.925,9.95
1694073600000,9.95,9.975,9.86,9.865
1694088000000,9.865,9.94,9.825,9.91
1694102400000,9.91,9.975,9.905,9.97
1694116800000,9.97,10.14,9.96,10.085
1694131200000,10.085,10.155,10.015,10.065
1694145600000,10.065,10.11,10.02,10.07
1694160000000,10.07,10.075,9.825,9.93
1694174400000,9.93,9.97,9.9,9.91
1694188800000,9.91,9.92,9.86,9.91
1694203200000,9.91,9.925,9.87,9.92
1694217600000,9.92,9.92,9.86,9.885
1694232000000,9.885,9.905,9.855,9.885
1694246400000,9.885,9.9,9.87,9.89
1694260800000,9.89,9.9,9.835,9.865
1694275200000,9.865,9.885,9.85,9.87
1694289600000,9.87,9.875,9.825,9.83
1694304000000,9.83,9.83,9.56,9.635
1694318400000,9.635,9.64,9.165,9.53
1694332800000,9.53,9.535,9.475,9.505
1694347200000,9.505,9.695,9.46,9.55
1694361600000,9.55,9.555,9.37,9.51
1694376000000,9.51,9.575,9.43,9.455
1694390400000,9.455,9.49,9.35,9.445
1694404800000,9.445,9.505,9.42,9.445
1694419200000,9.445,9.455,9.035,9.195
1694433600000,9.195,9.315,9.13,9.285
1694448000000,9.285,9.32,9.065,9.125
1694462400000,9.125,9.24,9.08,9.225
1694476800000,9.225,9.54,9.205,9.43
1694491200000,9.43,9.465,9.255,9.315
1694505600000,9.315,9.59,9.285,9.455
1694520000000,9.455,9.47,9.29,9.295
1694534400000,9.295,9.435,9.18,9.27
1694548800000,9.27,9.295,9.18,9.21
1694563200000,9.21,9.285,9.17,9.205
1694577600000,9.205,9.465,9.095,9.16
1694592000000,9.16,9.3,9.145,9.26
1694606400000,9.26,9.34,9.18,9.29
1694620800000,9.29,9.34,9.205,9.26
1694635200000,9.26,9.34,9.26,9.28
1694649600000,9.28,9.47,9.28,9.34
1694664000000,9.34,9.355,9.25,9.32
1694678400000,9.32,9.35,9.245,9.335
1694692800000,9.335,9.44,9.28,9.365
1694707200000,9.365,9.435,9.31,9.385
1694721600000,9.385,9.445,9.345,9.395
1694736000000,9.395,9.52,9.365,9.46
1694750400000,9.46,9.47,9.305,9.325
1694764800000,9.325,9.36,9.255,9.27
1694779200000,9.27,9.32,9.175,9.235
1694793600000,9.235,9.27,9.205,9.255
1694808000000,9.255,9.49,9.23,9.42
1694822400000,9.42,9.615,9.39,9.5
1694836800000,9.5,9.565,9.465,9.5
1694851200000,9.5,9.515,9.42,9.46
1694865600000,9.46,9.475,9.355,9.4
1694880000000,9.4,9.465,9.36,9.38
1694894400000,9.38,9.405,9.36,9.37
1694908800000,9.37,9.375,9.195,9.275
1694923200000,9.275,9.295,9.215,9.225
1694937600000,9.225,9.3,9.16,9.26
1694952000000,9.26,9.27,9.18,9.205
1694966400000,9.205,9.205,9.11,9.165
1694980800000,9.165,9.17,8.98,9.085
1694995200000,9.085,9.12,8.795,9.115
1695009600000,9.115,9.185,9.045,9.11
1695024000000,9.11,9.285,9.1,9.265
1695038400000,9.265,9.315,9.17,9.25
1695052800000,9.25,9.28,9.06,9.145
1695067200000,9.145,9.175,9.075,9.095
1695081600000,9.095,9.16,9.03,9.135
1695096000000,9.135,9.175,9.075,9.155
1695110400000,9.155,9.305,9.15,9.22
1695124800000,9.22,9.27,9.095,9.265
1695139200000,9.265,9.275,9.16,9.175
1695153600000,9.175,9.235,9.135,9.205
1695168000000,9.205,9.23,9.05,9.085
1695182400000,9.085,9.11,9.045,9.1
1695196800000,9.1,9.14,9.01,9.09
1695211200000,9.09,9.1,8.97,9.085
1695225600000,9.085,9.125,8.845,8.965
1695240000000,8.965,9.095,8.95,9.045
1695254400000,9.045,9.11,8.975,9.07
1695268800000,9.07,9.075,8.935,8.96
1695283200000,8.96,8.985,8.755,8.85
1695297600000,8.85,8.89,8.785,8.865
1695312000000,8.865,8.905,8.83,8.86
1695326400000,8.86,8.87,8.78,8.815
1695340800000,8.815,8.91,8.72,8.865
1695355200000,8.865,8.9,8.835,8.885
1695369600000,8.885,8.92,8.875,8.9
1695384000000,8.9,8.91,8.815,8.825
1695398400000,8.825,8.845,8.78,8.805
1695412800000,8.805,8.885,8.79,8.86
1695427200000,8.86,8.945,8.815,8.865
1695441600000,8.865,8.92,8.82,8.91
1695456000000,8.91,8.975,8.9,8.96
1695470400000,8.96,8.98,8.885,8.9
1695484800000,8.9,8.915,8.86,8.9
1695499200000,8.9,8.915,8.85,8.895
1695513600000,8.895,8.95,8.865,8.915
1695528000000,8.915,8.93,8.87,8.905
1695542400000,8.905,8.98,8.9,8.955
1695556800000,8.955,9.04,8.95,8.985
1695571200000,8.985,9.025,8.865,8.88
1695585600000,8.88,8.915,8.725,8.78
1695600000000,8.78,8.815,8.615,8.78
1695614400000,8.78,8.87,8.75,8.86
1695628800000,8.86,8.875,8.795,8.8
1695643200000,8.8,8.875,8.745,8.86
1695657600000,8.86,8.935,8.86,8.925
1695672000000,8.925,8.96,8.88,8.945
1695686400000,8.945,9.065,8.895,9.01
1695700800000,9.01,9.025,8.955,8.96
1695715200000,8.96,9.035,8.94,9.02
1695729600000,9.02,9.05,8.89,8.915
1695744000000,8.915,8.99,8.91,8.98
1695758400000,8.98,9.06,8.85,9.035
1695772800000,9.035,9.09,9.015,9.07
1695787200000,9.07,9.08,9.0,9.01
1695801600000,9.01,9.185,8.965,9.12
1695816000000,9.12,9.19,8.875,8.935
1695830400000,8.935,8.965,8.805,8.94
1695844800000,8.94,8.95,8.875,8.925
1695859200000,8.925,9.015,8.9,8.955
1695873600000,8.955,9.11,8.92,9.09
1695888000000,9.09,9.18,9.045,9.12
1695902400000,9.12,9.28,9.115,9.26
1695916800000,9.26,9.345,9.2,9.255
1695931200000,9.255,9.275,9.18,9.265
1695945600000,9.265,9.345,9.25,9.33
1695960000000,9.33,9.365,9.255,9.345
1695974400000,9.345,9.345,9.205,9.22
1695988800000,9.22,9.26,9.1,9.2
1696003200000,9.2,9.21,9.075,9.08
1696017600000,9.08,9.175,9.07,9.17
1696032000000,9.17,9.2,9.11,9.13
1696046400000,9.13,9.19,9.12,9.165
1696060800000,9.165,9.205,9.15,9.15
1696075200000,9.15,9.285,9.135,9.24
1696089600000,9.24,9.29,9.22,9.255
1696104000000,9.255,9.27,9.2,9.24
1696118400000,9.24,9.345,9.21,9.325
1696132800000,9.325,9.48,9.305,9.45
1696147200000,9.45,9.695,9.43,9.63
1696161600000,9.63,9.67,9.555,9.61
1696176000000,9.61,9.61,9.445,9.495
1696190400000,9.495,9.825,9.455,9.745
1696204800000,9.745,9.835,9.68,9.77
1696219200000,9.77,9.785,9.64,9.755
1696233600000,9.755,9.815,9.67,9.68
1696248000000,9.68,9.72,9.445,9.495
1696262400000,9.495,9.58,9.255,9.39
1696276800000,9.39,9.39,9.15,9.305
1696291200000,9.305,9.335,9.26,9.29
1696305600000,9.29,9.355,9.25,9.34
1696320000000,9.34,9.43,9.325,9.39
1696334400000,9.39,9.42,9.215,9.245
1696348800000,9.245,9.365,9.23,9.315
1696363200000,9.315,9.485,9.28,9.415
1696377600000,9.415,9.435,9.085,9.305
1696392000000,9.305,9.755,9.26,9.61
1696406400000,9.61,9.83,9.595,9.71
1696420800000,9.71,9.795,9.58,9.735
1696435200000,9.735,10.145,9.73,10.015
1696449600000,10.015,10.285,9.955,10.095
1696464000000,10.095,10.27,10.025,10.04
1696478400000,10.04,10.06,9.94,10.015
1696492800000,10.015,10.33,9.98,10.185
1696507200000,10.185,10.235,9.815,9.93
1696521600000,9.93,10.2,9.81,10.185
1696536000000,10.185,10.22,10.09,10.125
1696550400000,10.125,10.49,10.12,10.41
1696564800000,10.41,10.645,10.295,10.61
1696579200000,10.61,10.785,10.545,10.625
1696593600000,10.625,10.83,10.515,10.735
1696608000000,10.735,10.82,10.63,10.64
1696622400000,10.64,10.74,10.615,10.65
1696636800000,10.65,10.985,10.645,10.925
1696651200000,10.925,11.88,10.655,10.775
1696665600000,10.775,10.83,10.525,10.565
1696680000000,10.565,10.735,10.25,10.505
1696694400000,10.505,10.505,10.225,10.275
1696708800000,10.275,10.395,10.27,10.345
1696723200000,10.345,10.525,10.295,10.465
1696737600000,10.465,10.48,10.15,10.215
1696752000000,10.215,10.25,10.005,10.04
1696766400000,10.04,10.13,9.955,10.025
1696780800000,10.025,10.095,9.935,10.085
1696795200000,10.085,10.195,10.06,10.07
1696809600000,10.07,10.075,9.89,9.95
1696824000000,9.95,10.005,9.865,9.89
1696838400000,9.89,9.95,9.605,9.64
1696852800000,9.64,9.72,9.505,9.525
1696867200000,9.525,9.565,9.27,9.495
1696881600000,9.495,9.54,9.405,9.54
1696896000000,9.54,9.59,9.47,9.57
1696910400000,9.57,9.765,9.54,9.75
1696924800000,9.75,9.84,9.645,9.66
1696939200000,9.66,9.83,9.58,9.6
1696953600000,9.6,9.635,9.46,9.505
1696968000000,9.505,9.58,9.41,9.515
1696982400000,9.515,9.565,9.27,9.32
1696996800000,9.32,9.385,9.26,9.275
1697011200000,9.275,9.44,9.265,9.38
1697025600000,9.38,9.51,9.26,9.315
1697040000000,9.315,9.39,9.195,9.355
1697054400000,9.355,9.355,9.25,9.3
1697068800000,9.3,9.315,9.12,9.135
1697083200000,9.135,9.22,9.13,9.155
1697097600000,9.155,9.16,8.935,9.04
1697112000000,9.04,9.06,8.875,8.955
1697126400000,8.955,9.09,8.86,9.06
1697140800000,9.06,9.215,9.035,9.105
1697155200000,9.105,9.195,9.09,9.105
1697169600000,9.105,9.19,9.105,9.145
1697184000000,9.145,9.17,9.09,9.13
1697198400000,9.13,9.19,9.02,9.025
1697212800000,9.025,9.195,9.02,9.155
1697227200000,9.155,9.335,9.12,9.15
1697241600000,9.15,9.225,9.125,9.22
1697256000000,9.22,9.245,9.14,9.185
1697270400000,9.185,9.23,9.18,9.19
1697284800000,9.19,9.2,9.145,9.195
1697299200000,9.195,9.245,9.145,9.165
1697313600000,9.165,9.205,9.105,9.135
1697328000000,9.135,9.26,9.115,9.17
1697342400000,9.17,9.18,9.13,9.165
1697356800000,9.165,9.22,9.1,9.105
1697371200000,9.105,9.155,9.06,9.125
1697385600000,9.125,9.195,9.09,9.155
1697400000000,9.155,9.21,9.13,9.175
1697414400000,9.175,9.39,9.155,9.38
1697428800000,9.38,9.55,9.345,9.465
1697443200000,9.465,9.525,9.42,9.47
1697457600000,9.47,9.83,9.265,9.305
1697472000000,9.305,9.465,9.295,9.395
1697486400000,9.395,9.455,9.34,9.39
1697500800000,9.39,9.4,9.28,9.305
1697515200000,9.305,9.35,9.26,9.335
1697529600000,9.335,9.39,9.275,9.29
1697544000000,9.29,9.295,8.975,9.125
1697558400000,9.125,9.16,9.025,9.13
1697572800000,9.13,9.15,9.075,9.105
1697587200000,9.105,9.115,9.03,9.105
1697601600000,9.105,9.205,9.08,9.13
1697616000000,9.13,9.19,9.07,9.125
1697630400000,9.125,9.14,8.975,9.005
1697644800000,9.005,9.065,8.895,8.925
1697659200000,8.925,8.94,8.83,8.9
1697673600000,8.9,8.9,8.635,8.805
1697688000000,8.805,8.935,8.78,8.915
1697702400000,8.915,8.935,8.86,8.91
1697716800000,8.91,9.035,8.87,9.005
1697731200000,9.005,9.105,8.92,9.065
1697745600000,9.065,9.095,8.995,9.06
1697760000000,9.06,9.275,9.02,9.225
1697774400000,9.225,9.26,9.155,9.21
1697788800000,9.21,9.385,9.205,9.245
1697803200000,9.245,9.28,9.14,9.175
1697817600000,9.175,9.23,9.045,9.22
1697832000000,9.22,9.245,9.185,9.205
1697846400000,9.205,9.315,9.165,9.22
1697860800000,9.22,9.475,9.2,9.44
1697875200000,9.44,9.565,9.36,9.555
1697889600000,9.555,9.755,9.48,9.725
1697904000000,9.725,9.81,9.61,9.655
1697918400000,9.655,9.68,9.575,9.63
1697932800000,9.63,9.735,9.535,9.595
1697947200000,9.595,10.065,9.57,9.865
1697961600000,9.865,9.97,9.655,9.695
1697976000000,9.695,9.855,9.69,9.76
1697990400000,9.76,9.94,9.74,9.87
1698004800000,9.87,10.085,9.85,10.08
1698019200000,10.08,10.31,9.985,10.22
1698033600000,10.22,10.395,10.075,10.155
1698048000000,10.155,10.185,9.87,10.015
1698062400000,10.015,10.05,9.845,9.965
1698076800000,9.965,10.225,9.89,10.2
1698091200000,10.2,10.685,10.095,10.59
1698105600000,10.59,10.755,10.42,10.43
1698120000000,10.43,10.6,10.27,10.45
1698134400000,10.45,10.665,10.41,10.66
1698148800000,10.66,10.805,10.035,10.225
1698163200000,10.225,10.36,10.095,10.285
1698177600000,10.285,10.41,10.155,10.325
1698192000000,10.325,10.56,10.21,10.385
1698206400000,10.385,10.57,10.15,10.25
1698220800000,10.25,10.415,10.17,10.33
1698235200000,10.33,10.605,10.325,10.55
1698249600000,10.55,10.64,10.275,10.46
1698264000000,10.46,10.53,10.33,10.52
1698278400000,10.52,10.96,10.465,10.93
1698292800000,10.93,11.47,10.815,11.38
1698307200000,11.38,11.465,10.905,10.985
1698321600000,10.985,11.22,10.355,10.53
1698336000000,10.53,10.79,10.43,10.775
1698350400000,10.775,11.165,10.745,11.05
1698364800000,11.05,11.07,10.585,10.75
1698379200000,10.75,10.8,10.6,10.605
1698393600000,10.605,10.88,10.6,10.715
1698408000000,10.715,10.88,10.565,10.72
1698422400000,10.72,10.755,10.38,10.575
1698436800000,10.575,10.635,10.49,10.59
1698451200000,10.59,10.755,10.555,10.755
1698465600000,10.755,11.09,10.705,10.87
1698480000000,10.87,11.015,10.845,10.895
1698494400000,10.895,10.91,10.69,10.84
1698508800000,10.84,10.995,10.77,10.915
1698523200000,10.915,11.04,10.9,10.98
1698537600000,10.98,11.145,10.785,10.845
1698552000000,10.845,11.035,10.795,11.02
1698566400000,11.02,11.05,10.89,10.935
1698580800000,10.935,11.32,10.905,11.175
1698595200000,11.175,11.44,11.12,11.26
1698609600000,11.26,11.405,11.225,11.385
1698624000000,11.385,11.46,11.18,11.21
1698638400000,11.21,11.3,11.06,11.2
1698652800000,11.2,11.665,11.155,11.53
1698667200000,11.53,11.7,11.455,11.615
1698681600000,11.615,11.64,11.33,11.535
1698696000000,11.535,11.545,11.425,11.475
1698710400000,11.475,11.685,11.405,11.44
1698724800000,11.44,11.775,11.39,11.455
1698739200000,11.455,11.73,11.305,11.645
1698753600000,11.645,11.71,10.955,11.225
1698768000000,11.225,11.42,11.165,11.24
1698782400000,11.24,11.34,11.155,11.33
1698796800000,11.33,11.39,11.2,11.23
1698811200000,11.23,11.235,10.925,11.06
1698825600000,11.06,11.245,10.985,11.06
1698840000000,11.06,11.305,10.87,11.05
1698854400000,11.05,12.25,11.025,11.985
1698868800000,11.985,12.345,11.98,12.24
1698883200000,12.24,12.55,12.13,12.415
1698897600000,12.415,12.44,11.925,12.02
1698912000000,12.02,12.105,11.855,12.09
1698926400000,12.09,12.135,11.525,11.53
1698940800000,11.53,11.905,11.425,11.895
1698955200000,11.895,11.98,11.75,11.895
1698969600000,11.895,11.895,11.42,11.73
1698984000000,11.73,11.93,11.53,11.8
1698998400000,11.8,11.895,11.555,11.685
1699012800000,11.685,12.09,11.625,12.025
1699027200000,12.025,12.16,11.86,12.045
1699041600000,12.045,12.205,12.0,12.12
1699056000000,12.12,12.245,11.995,12.16
1699070400000,12.16,12.205,12.0,12.02
1699084800000,12.02,12.17,11.96,12.005
1699099200000,12.005,12.165,11.925,12.075
1699113600000,12.075,12.14,12.035,12.07
1699128000000,12.07,12.335,12.04,12.23
1699142400000,12.23,12.38,12.105,12.36
1699156800000,12.36,12.415,12.225,12.41
1699171200000,12.41,12.665,12.29,12.57
1699185600000,12.57,12.69,12.195,12.275
1699200000000,12.275,12.49,12.24,12.365
1699214400000,12.365,12.46,12.095,12.36
1699228800000,12.36,12.67,12.3,12.58
1699243200000,12.58,12.715,12.24,12.635
1699257600000,12.635,13.145,12.56,13.04
1699272000000,13.04,13.175,12.875,13.0
1699286400000,13.0,13.055,12.79,13.02
1699300800000,13.02,13.11,12.865,13.09
1699315200000,13.09,13.115,12.7,12.89
1699329600000,12.89,13.085,12.805,13.055
1699344000000,13.055,13.06,12.6,12.68
1699358400000,12.68,12.765,12.305,12.51
1699372800000,12.51,12.9,12.295,12.83
1699387200000,12.83,13.0,12.74,12.82
1699401600000,12.82,12.855,12.67,12.78
1699416000000,12.78,12.915,12.69,12.825
1699430400000,12.825,12.91,12.775,12.805
1699444800000,12.805,12.885,12.695,12.78
1699459200000,12.78,13.115,12.745,13.015
1699473600000,13.015,13.17,12.895,13.0
1699488000000,13.0,13.32,12.91,13.225
1699502400000,13.225,13.485,13.2,13.31
1699516800000,13.31,13.75,13.3,13.715
1699531200000,13.715,13.995,13.51,13.75
1699545600000,13.75,13.845,11.56,12.74
1699560000000,12.74,13.02,12.315,12.98
1699574400000,12.98,13.605,12.9,13.45
1699588800000,13.45,13.495,13.165,13.34
1699603200000,13.34,13.405,13.025,13.4
1699617600000,13.4,13.515,12.82,13.32
1699632000000,13.32,14.875,13.305,14.525
1699646400000,14.525,14.875,14.415,14.765
1699660800000,14.765,14.86,14.16,14.175
1699675200000,14.175,14.39,14.0,14.27
1699689600000,14.27,14.34,14.115,14.235
1699704000000,14.235,15.525,14.145,15.165
1699718400000,15.165,16.83,15.16,16.74
1699732800000,16.74,17.03,16.25,16.805
1699747200000,16.805,17.05,15.86,16.555
1699761600000,16.555,18.585,16.325,18.42
1699776000000,18.42,19.12,18.045,18.56
1699790400000,18.56,18.705,17.62,18.095
1699804800000,18.095,18.54,17.73,18.425
1699819200000,18.425,19.815,18.275,18.985
1699833600000,18.985,19.8,18.12,18.215
1699848000000,18.215,18.525,17.845,18.105
1699862400000,18.105,18.43,17.71,17.95
1699876800000,17.95,18.03,17.035,17.61
1699891200000,17.61,17.75,17.045,17.29
1699905600000,17.29,17.345,16.105,16.125
1699920000000,16.125,16.805,15.57,16.73
1699934400000,16.73,17.33,16.62,17.28
1699948800000,17.28,17.69,16.525,16.785
1699963200000,16.785,18.13,16.435,17.32
1699977600000,17.32,17.91,16.18,16.74
1699992000000,16.74,17.28,16.67,17.06
1700006400000,17.06,17.59,17.025,17.4
1700020800000,17.4,19.04,17.37,18.625
1700035200000,18.625,19.88,18.5,19.665
1700049600000,19.665,20.68,19.18,20.46
1700064000000,20.46,20.955,19.935,20.745
1700078400000,20.745,20.975,20.16,20.715
1700092800000,20.715,22.685,20.255,22.46
1700107200000,22.46,24.09,22.02,23.43
1700121600000,23.43,24.14,22.76,23.17
1700136000000,23.17,23.63,22.29,22.81
1700150400000,22.81,23.08,20.79,22.025
1700164800000,22.025,22.43,20.535,21.715
1700179200000,21.715,24.68,21.715,23.555
1700193600000,23.555,23.97,22.61,22.715
1700208000000,22.715,22.935,21.415,21.8
1700222400000,21.8,22.305,19.97,20.175
1700236800000,20.175,21.74,20.12,21.195
1700251200000,21.195,22.755,21.195,21.94
1700265600000,21.94,21.98,20.77,20.82
1700280000000,20.82,21.27,20.17,21.065
1700294400000,21.065,21.4,20.815,21.06
1700308800000,21.06,22.48,20.65,22.22
1700323200000,22.22,22.695,21.73,22.295
1700337600000,22.295,22.44,21.82,22.0
1700352000000,22.0,22.0,20.75,21.115
1700366400000,21.115,21.89,20.945,21.745
1700380800000,21.745,22.2,21.205,21.34
1700395200000,21.34,21.605,21.065,21.54
1700409600000,21.54,22.335,21.385,22.28
1700424000000,22.28,23.05,21.855,22.865
1700438400000,22.865,23.29,22.35,22.595
1700452800000,22.595,22.775,22.105,22.38
1700467200000,22.38,22.555,21.825,21.96
1700481600000,21.96,22.165,21.455,21.91
1700496000000,21.91,22.035,21.11,21.255
1700510400000,21.255,21.445,20.71,20.865
1700524800000,20.865,21.09,20.41,20.8
1700539200000,20.8,21.04,20.56,20.595
1700553600000,20.595,21.695,20.58,21.43
1700568000000,21.43,21.91,20.51,21.52
1700582400000,21.52,22.305,20.05,20.815
1700596800000,20.815,21.065,18.92,19.035
1700611200000,19.035,19.905,18.97,19.89
1700625600000,19.89,20.49,19.68,20.175
1700640000000,20.175,20.415,19.87,19.97
1700654400000,19.97,20.42,19.805,19.99
1700668800000,19.99,21.27,19.72,20.935
1700683200000,20.935,21.18,20.715,20.795
1700697600000,20.795,21.265,20.62,20.84
1700712000000,20.84,21.5,20.78,21.08
1700726400000,21.08,21.265,20.665,20.835
1700740800000,20.835,21.18,20.5,20.62
1700755200000,20.62,20.92,20.425,20.495
1700769600000,20.495,20.885,20.465,20.65
1700784000000,20.65,20.86,20.46,20.765
1700798400000,20.765,21.0,20.51,20.715
1700812800000,20.715,21.48,20.585,21.09
1700827200000,21.09,21.695,21.03,21.575
1700841600000,21.575,21.88,20.93,21.025
1700856000000,21.025,21.24,20.7,20.895
1700870400000,20.895,21.495,20.71,21.365
1700884800000,21.365,21.375,21.1,21.19
1700899200000,21.19,21.285,20.63,20.755
1700913600000,20.755,20.99,20.72,20.975
1700928000000,20.975,21.26,20.97,21.16
1700942400000,21.16,21.39,21.115,21.38
1700956800000,21.38,21.435,20.985,21.05
1700971200000,21.05,21.545,20.965,21.28
1700985600000,21.28,21.415,21.02,21.06
1701000000000,21.06,21.22,20.67,20.705
1701014400000,20.705,20.865,20.08,20.86
1701028800000,20.86,21.465,20.81,21.085
1701043200000,21.085,21.325,20.485,20.64
1701057600000,20.64,20.935,20.26,20.52
1701072000000,20.52,20.705,20.245,20.525
1701086400000,20.525,20.73,20.07,20.13
1701100800000,20.13,20.57,19.805,20.005
1701115200000,20.005,20.42,19.845,20.37
1701129600000,20.37,20.47,20.14,20.22
1701144000000,20.22,20.31,19.5,19.73
1701158400000,19.73,20.21,19.56,20.19
1701172800000,20.19,20.45,19.985,20.36
1701187200000,20.36,20.87,20.255,20.695
1701201600000,20.695,20.79,20.505,20.705
1701216000000,20.705,20.995,20.55,20.865
1701230400000,20.865,21.4,20.755,21.155
1701244800000,21.155,21.585,20.83,21.195
1701259200000,21.195,21.3,20.765,21.28
1701273600000,21.28,21.37,20.805,21.095
1701288000000,21.095,21.31,20.825,21.125
1701302400000,21.125,21.47,20.84,21.38
1701316800000,21.38,21.495,21.015,21.06
1701331200000,21.06,21.125,20.905,21.105
1701345600000,21.105,21.195,20.82,21.095
1701360000000,21.095,21.145,20.93,21.09
1701374400000,21.09,21.525,21.055,21.405
1701388800000,21.405,22.38,21.115,22.38
1701403200000,22.38,22.66,22.1,22.295
1701417600000,22.295,22.58,22.22,22.345
1701432000000,22.345,22.45,22.185,22.235
1701446400000,22.235,22.415,21.835,21.85
1701460800000,21.85,21.99,21.74,21.875
1701475200000,21.875,22.12,21.765,22.055
1701489600000,22.055,22.285,21.88,22.105
1701504000000,22.105,22.165,21.955,22.01
1701518400000,22.01,22.105,21.76,21.965
1701532800000,21.965,22.48,21.91,22.315
1701547200000,22.315,22.41,22.075,22.265
1701561600000,22.265,22.78,22.18,22.32
1701576000000,22.32,22.355,22.03,22.2
1701590400000,22.2,22.21,21.915,22.035
1701604800000,22.035,22.04,21.525,21.85
1701619200000,21.85,21.885,21.62,21.745
1701633600000,21.745,22.315,21.735,21.965
1701648000000,21.965,22.51,21.91,22.165
1701662400000,22.165,22.745,22.165,22.47
1701676800000,22.47,23.23,20.235,22.025
1701691200000,22.025,22.11,21.155,21.425
1701705600000,21.425,21.89,21.395,21.765
1701720000000,21.765,22.755,21.74,22.725
1701734400000,22.725,23.29,22.36,22.745
1701748800000,22.745,22.92,21.99,22.19
1701763200000,22.19,22.29,21.875,22.01
1701777600000,22.01,22.43,21.815,22.36
1701792000000,22.36,24.3,22.225,23.575
1701806400000,23.575,24.875,23.41,24.555
1701820800000,24.555,27.0,24.475,26.71
1701835200000,26.71,26.775,25.32,25.915
1701849600000,25.915,26.4,25.14,25.61
1701864000000,25.61,26.72,25.47,25.83
1701878400000,25.83,27.755,25.66,27.41
1701892800000,27.41,27.49,25.975,26.23
1701907200000,26.23,26.47,25.735,26.405
1701921600000,26.405,27.125,26.32,26.63
1701936000000,26.63,27.96,26.09,26.53
1701950400000,26.53,26.97,25.9,26.9
1701964800000,26.9,27.25,26.37,26.45
1701979200000,26.45,26.865,26.13,26.3
1701993600000,26.3,26.905,26.055,26.73
1702008000000,26.73,27.545,26.515,26.895
1702022400000,26.895,27.82,26.795,27.56
1702036800000,27.56,28.58,27.03,27.72
1702051200000,27.72,29.53,27.71,29.45
1702065600000,29.45,30.845,29.165,30.48
1702080000000,30.48,32.25,30.48,31.83
1702094400000,31.83,33.065,31.47,32.895
1702108800000,32.895,34.345,32.115,33.585
1702123200000,33.585,34.02,32.58,32.98
1702137600000,32.98,33.02,31.31,32.23
1702152000000,32.23,32.505,31.325,31.94
1702166400000,31.94,33.465,31.94,32.97
1702180800000,32.97,34.345,32.26,32.66
1702195200000,32.66,32.77,31.495,32.3
1702209600000,32.3,33.335,32.205,33.2
1702224000000,33.2,35.86,32.6,35.575
1702238400000,35.575,38.07,35.29,37.21
1702252800000,37.21,37.585,31.445,36.455
1702267200000,36.455,37.29,34.58,35.33
1702281600000,35.33,36.95,34.205,36.435
1702296000000,36.435,36.785,34.705,35.48
1702310400000,35.48,37.64,34.91,36.89
1702324800000,36.89,39.5,35.695,38.07
1702339200000,38.07,42.965,38.065,41.995
1702353600000,41.995,42.64,40.78,41.005
1702368000000,41.005,41.415,40.045,40.09
1702382400000,40.09,40.775,37.045,37.655
1702396800000,37.655,38.42,35.79,37.735
1702411200000,37.735,38.085,36.295,37.54
1702425600000,37.54,37.615,34.575,35.01
1702440000000,35.01,35.685,34.055,35.29
1702454400000,35.29,36.795,35.2,35.88
1702468800000,35.88,40.495,35.82,39.045
1702483200000,39.045,41.535,37.91,41.07
1702497600000,41.07,41.375,38.755,39.02
1702512000000,39.02,39.415,38.2,38.78
1702526400000,38.78,39.165,38.085,38.735
1702540800000,38.735,39.675,37.67,39.635
1702555200000,39.635,39.64,36.22,38.25
1702569600000,38.25,39.59,38.25,38.87
1702584000000,38.87,40.4,38.415,39.325
1702598400000,39.325,39.725,38.525,39.55
1702612800000,39.55,40.5,38.945,39.39
1702627200000,39.39,41.5,39.085,41.0
1702641600000,41.0,41.97,39.58,40.445
1702656000000,40.445,42.29,39.05,41.355
1702670400000,41.355,42.335,39.64,39.74
1702684800000,39.74,41.375,38.405,41.185
1702699200000,41.185,42.42,40.86,41.885
1702713600000,41.885,43.82,41.62,43.68
1702728000000,43.68,45.125,42.725,44.92
1702742400000,44.92,45.445,42.485,42.525
1702756800000,42.525,43.3,41.78,42.24
1702771200000,42.24,43.6,42.035,43.38
1702785600000,43.38,44.1,41.315,41.5
1702800000000,41.5,42.675,41.34,42.31
1702814400000,42.31,42.46,40.765,42.075
1702828800000,42.075,42.94,41.505,41.89
1702843200000,41.89,42.155,40.245,40.61
1702857600000,40.61,41.44,39.02,39.555
1702872000000,39.555,40.26,38.735,38.865
1702886400000,38.865,39.345,36.505,38.195
1702900800000,38.195,40.005,37.625,39.145
1702915200000,39.145,40.57,38.835,39.85
1702929600000,39.85,41.44,39.325,41.165
1702944000000,41.165,42.215,40.685,40.755
1702958400000,40.755,41.19,40.355,40.845
1702972800000,40.845,41.575,40.365,41.045
1702987200000,41.045,41.695,39.375,39.825
1703001600000,39.825,41.05,38.75,40.535
1703016000000,40.535,41.045,39.475,39.765
1703030400000,39.765,40.37,39.065,40.305
1703044800000,40.305,42.01,40.03,41.525
1703059200000,41.525,43.14,41.25,42.565
1703073600000,42.565,43.955,42.11,43.765
1703088000000,43.765,44.58,42.315,42.985
1703102400000,42.985,43.545,42.135,43.485
1703116800000,43.485,45.02,43.09,44.205
1703131200000,44.205,45.515,44.065,44.835
1703145600000,44.835,46.47,44.615,45.46
1703160000000,45.46,45.735,44.355,44.73
1703174400000,44.73,47.515,44.71,45.715
1703188800000,45.715,46.44,45.29,46.02
1703203200000,46.02,48.97,46.015,47.795
1703217600000,47.795,48.62,45.3,45.92
1703232000000,45.92,46.205,43.64,44.645
1703246400000,44.645,45.265,43.805,45.16
1703260800000,45.16,46.17,44.32,45.11
1703275200000,45.11,45.685,44.515,45.385
1703289600000,45.385,45.385,43.31,43.9
1703304000000,43.9,45.715,43.69,45.17
1703318400000,45.17,46.125,44.85,45.075
1703332800000,45.075,45.6,44.82,45.105
1703347200000,45.105,46.0,44.33,45.32
1703361600000,45.32,48.385,45.315,48.135
1703376000000,48.135,48.7,46.495,48.595
1703390400000,48.595,50.08,46.225,48.25
1703404800000,48.25,48.415,46.5,47.55
1703419200000,47.55,48.105,47.09,47.92
1703433600000,47.92,49.5,47.655,49.47
1703448000000,49.47,49.49,46.11,47.73
1703462400000,47.73,48.48,46.555,47.44
1703476800000,47.44,47.93,46.945,47.05
1703491200000,47.05,47.34,45.855,46.52
1703505600000,46.52,49.0,46.175,48.77
1703520000000,48.77,49.035,47.45,47.75
1703534400000,47.75,48.6,46.905,48.24
1703548800000,48.24,48.42,47.0,47.405
1703563200000,47.405,47.625,45.155,46.065
1703577600000,46.065,46.785,45.71,46.63
1703592000000,46.63,46.74,44.825,44.9
1703606400000,44.9,45.6,40.345,43.03
1703620800000,43.03,44.58,43.0,44.43
1703635200000,44.43,45.0,42.505,42.77
1703649600000,42.77,43.91,42.75,43.325
1703664000000,43.325,45.0,43.035,44.535
1703678400000,44.535,44.62,43.045,43.3
1703692800000,43.3,43.375,41.965,42.92
1703707200000,42.92,43.53,42.1,42.455
1703721600000,42.455,43.465,41.56,42.225
1703736000000,42.225,42.715,41.02,41.56
1703750400000,41.56,42.42,41.29,42.21
1703764800000,42.21,42.325,39.305,40.145
1703779200000,40.145,40.41,39.305,39.985
1703793600000,39.985,40.53,39.415,39.83
1703808000000,39.83,41.235,38.52,41.075
1703822400000,41.075,41.775,40.54,40.655
1703836800000,40.655,42.195,40.615,41.885
1703851200000,41.885,42.11,39.485,39.88
1703865600000,39.88,40.55,39.32,40.41
1703880000000,40.41,40.54,39.33,40.23
1703894400000,40.23,40.42,39.54,39.785
1703908800000,39.785,40.075,38.775,39.145
1703923200000,39.145,39.225,38.185,39.2
1703937600000,39.2,39.92,38.985,39.87
1703952000000,39.87,40.17,39.525,40.01
1703966400000,40.01,40.14,39.065,39.375
1703980800000,39.375,39.62,38.585,38.955
1703995200000,38.955,40.425,38.85,40.385
1704009600000,40.385,40.605,39.88,40.025
1704024000000,40.025,40.355,39.205,39.26
1704038400000,39.26,39.985,39.24,39.38
1704052800000,39.38,39.735,37.42,38.59
1704067200000,38.59,39.69,38.425,38.54
1704081600000,38.54,38.72,38.07,38.58
1704096000000,38.58,39.95,38.51,39.59
1704110400000,39.59,40.32,39.36,40.18
1704124800000,40.18,41.15,39.92,41.11
1704139200000,41.11,42.055,40.805,41.98
1704153600000,41.98,42.925,41.675,42.135
1704168000000,42.135,43.375,41.955,43.23
1704182400000,43.23,43.495,40.2,42.365
1704196800000,42.365,42.54,40.535,41.2
1704211200000,41.2,41.51,40.56,40.825
1704225600000,40.825,41.11,40.35,40.655
1704240000000,40.655,41.05,40.415,40.78
1704254400000,40.78,41.32,40.61,40.71
1704268800000,40.71,41.505,38.945,39.385
1704283200000,39.385,39.41,29.955,37.11
1704297600000,37.11,37.215,35.52,36.205
1704312000000,36.205,37.44,36.14,36.795
1704326400000,36.795,37.205,36.175,36.99
1704340800000,36.99,37.39,36.585,36.595
1704355200000,36.595,37.18,36.075,37.04
1704369600000,37.04,39.45,36.815,39.305
1704384000000,39.305,39.395,38.015,38.77
1704398400000,38.77,39.45,38.29,38.7
1704412800000,38.7,38.925,36.495,36.96
1704427200000,36.96,37.325,36.69,37.04
1704441600000,37.04,37.755,36.28,36.42
1704456000000,36.42,36.995,35.035,36.11
1704470400000,36.11,36.305,34.9,35.77
1704484800000,35.77,36.575,35.77,36.47
1704499200000,36.47,36.515,35.355,35.465
1704513600000,35.465,35.745,33.405,34.455
1704528000000,34.455,35.015,34.12,34.755
1704542400000,34.755,35.185,34.375,34.93
1704556800000,34.93,35.415,34.52,34.735
1704571200000,34.735,34.915,33.66,34.625
1704585600000,34.625,35.45,34.225,34.51
1704600000000,34.51,35.78,34.495,35.095
1704614400000,35.095,35.345,34.32,34.885
1704628800000,34.885,35.755,34.465,34.69
1704643200000,34.69,35.495,34.215,34.945
1704657600000,34.945,35.045,33.04,33.64
1704672000000,33.64,33.975,31.04,31.89
1704686400000,31.89,33.22,31.625,32.605
1704700800000,32.605,33.81,32.325,33.72
1704715200000,33.72,34.53,33.525,34.245
1704729600000,34.245,36.48,33.925,36.205
1704744000000,36.205,36.3,35.465,36.085
1704758400000,36.085,36.55,35.015,35.93
1704772800000,35.93,37.605,35.875,37.03
1704787200000,37.03,37.485,36.205,36.455
1704801600000,36.455,36.58,34.53,35.61
1704816000000,35.61,35.75,34.65,35.07
1704830400000,35.07,35.785,33.76,34.64
1704844800000,34.64,34.885,34.155,34.475
1704859200000,34.475,34.735,34.115,34.15
1704873600000,34.15,35.26,33.67,34.935
1704888000000,34.935,35.02,33.275,34.715
1704902400000,34.715,35.97,34.48,35.355
1704916800000,35.355,39.56,34.395,38.555
1704931200000,38.555,38.95,38.02,38.77
1704945600000,38.77,39.27,37.54,38.41
1704960000000,38.41,39.78,38.36,39.72
1704974400000,39.72,41.775,38.97,39.48
1704988800000,39.48,39.955,38.355,39.935
1705003200000,39.935,40.38,39.105,39.305
1705017600000,39.305,39.59,38.33,38.79
1705032000000,38.79,39.37,38.47,38.72
1705046400000,38.72,39.05,38.19,38.63
1705060800000,38.63,38.995,37.09,37.405
1705075200000,37.405,37.795,35.85,36.615
1705089600000,36.615,37.235,34.14,35.925
1705104000000,35.925,36.16,34.695,35.46
1705118400000,35.46,36.1,35.39,35.87
1705132800000,35.87,36.11,35.55,35.91
1705147200000,35.91,36.305,35.655,36.115
1705161600000,36.115,36.47,35.87,36.26
1705176000000,36.26,36.625,36.155,36.49
1705190400000,36.49,36.6,35.845,36.04
1705204800000,36.04,37.245,35.775,36.44
1705219200000,36.44,36.97,36.245,36.415
1705233600000,36.415,37.275,36.165,37.205
1705248000000,37.205,37.88,36.04,36.13
1705262400000,36.13,36.565,35.275,35.29
1705276800000,35.29,36.47,35.215,36.025
1705291200000,36.025,36.425,35.76,36.005
1705305600000,36.005,36.535,35.885,36.345
1705320000000,36.345,36.51,35.15,35.28
1705334400000,35.28,36.825,35.2,36.41
1705348800000,36.41,36.535,35.375,35.595
1705363200000,35.595,36.26,35.585,36.255
1705377600000,36.255,36.275,35.505,35.81
1705392000000,35.81,36.575,35.615,35.775
1705406400000,35.775,36.26,34.755,35.68
1705420800000,35.68,35.88,35.37,35.51
1705435200000,35.51,36.245,35.505,35.585
1705449600000,35.585,36.425,35.5,36.21
1705464000000,36.21,36.26,35.375,35.44
1705478400000,35.44,36.525,35.295,36.285
1705492800000,36.285,36.535,35.73,35.785
1705507200000,35.785,36.135,35.235,35.9
1705521600000,35.9,36.455,35.75,36.075
1705536000000,36.075,36.205,35.495,35.71
1705550400000,35.71,35.995,35.44,35.89
1705564800000,35.89,35.915,35.05,35.265
1705579200000,35.265,35.385,34.81,35.21
1705593600000,35.21,35.21,32.695,32.97
1705608000000,32.97,33.885,32.915,33.585
1705622400000,33.585,33.695,32.575,33.13
1705636800000,33.13,33.745,33.01,33.42
1705651200000,33.42,33.75,33.275,33.695
1705665600000,33.695,33.695,32.475,32.67
1705680000000,32.67,32.875,31.155,32.725
1705694400000,32.725,33.13,32.41,32.735
1705708800000,32.735,33.005,32.43,32.75
1705723200000,32.75,32.94,32.56,32.59
1705737600000,32.59,32.745,32.025,32.395
1705752000000,32.395,32.685,32.235,32.46
1705766400000,32.46,32.605,32.18,32.345
1705780800000,32.345,32.965,32.275,32.89
1705795200000,32.89,33.14,32.455,33.005
1705809600000,33.005,33.25,32.765,33.09
1705824000000,33.09,33.45,32.955,33.315
1705838400000,33.315,33.525,32.86,32.98
1705852800000,32.98,33.27,32.655,33.115
1705867200000,33.115,33.15,32.455,32.53
1705881600000,32.53,32.73,31.95,32.235
1705896000000,32.235,32.39,31.59,31.985
1705910400000,31.985,31.995,30.67,31.2
1705924800000,31.2,31.655,30.145,30.62
1705939200000,30.62,30.8,29.295,29.86
1705953600000,29.86,30.61,29.41,29.525
1705968000000,29.525,30.225,29.29,29.94
1705982400000,29.94,30.225,29.12,29.335
1705996800000,29.335,29.505,27.4,27.9
1706011200000,27.9,29.295,27.205,29.07
1706025600000,29.07,29.455,28.645,28.85
1706040000000,28.85,30.685,28.76,30.605
1706054400000,30.605,30.67,29.525,29.595
1706068800000,29.595,30.745,29.485,30.555
1706083200000,30.555,31.79,30.47,31.23
1706097600000,31.23,31.895,30.525,30.975
1706112000000,30.975,31.625,30.46,30.65
1706126400000,30.65,31.27,29.98,31.165
1706140800000,31.165,31.335,30.55,30.74
1706155200000,30.74,30.79,30.215,30.57
1706169600000,30.57,30.685,30.025,30.345
1706184000000,30.345,30.465,29.6,29.785
1706198400000,29.785,31.07,29.66,30.53
1706212800000,30.53,30.745,30.255,30.5
1706227200000,30.5,30.935,30.12,30.73
1706241600000,30.73,30.93,30.465,30.61
1706256000000,30.61,32.32,30.6,32.245
1706270400000,32.245,32.395,31.48,32.13
1706284800000,32.13,33.1,32.08,32.71
1706299200000,32.71,32.95,32.125,32.245
1706313600000,32.245,32.81,32.12,32.705
1706328000000,32.705,32.875,31.975,32.07
1706342400000,32.07,32.45,31.82,32.31
1706356800000,32.31,32.785,32.23,32.64
1706371200000,32.64,32.85,32.275,32.73
1706385600000,32.73,33.295,32.69,33.265
1706400000000,33.265,36.07,33.18,35.835
1706414400000,35.835,36.36,35.295,35.66
1706428800000,35.66,36.71,35.58,36.155
1706443200000,36.155,36.33,35.305,35.625
1706457600000,35.625,35.99,34.435,34.63
1706472000000,34.63,35.125,34.36,34.805
1706486400000,34.805,35.73,34.54,35.36
1706500800000,35.36,35.54,34.785,34.875
1706515200000,34.875,35.34,34.705,34.935
1706529600000,34.935,35.86,34.305,35.795
1706544000000,35.795,36.535,35.435,35.935
1706558400000,35.935,36.24,35.8,36.04
1706572800000,36.04,36.455,35.62,35.74
1706587200000,35.74,36.02,35.48,35.72
1706601600000,35.72,37.15,35.51,36.99
1706616000000,36.99,37.02,35.58,36.125
1706630400000,36.125,36.52,35.765,36.19
1706644800000,36.19,36.345,34.975,35.24
1706659200000,35.24,35.315,34.645,34.95
1706673600000,34.95,35.19,34.615,34.99
1706688000000,34.99,35.04,33.98,34.715
1706702400000,34.715,35.47,34.26,35.215
1706716800000,35.215,35.495,34.675,35.16
1706731200000,35.16,35.24,33.135,33.18
1706745600000,33.18,33.325,32.275,32.88
1706760000000,32.88,33.47,32.69,33.34
1706774400000,33.34,33.54,33.005,33.04
1706788800000,33.04,33.925,32.82,33.345
1706803200000,33.345,33.84,32.895,33.705
1706817600000,33.705,34.055,33.505,33.835
1706832000000,33.835,34.475,33.745,34.36
1706846400000,34.36,34.925,34.04,34.89
1706860800000,34.89,36.305,34.69,36.24
1706875200000,36.24,36.84,35.39,36.58
1706889600000,36.58,36.95,35.8,36.23
1706904000000,36.23,36.805,36.075,36.75
1706918400000,36.75,37.61,35.975,36.005
1706932800000,36.005,36.405,35.835,35.94
1706947200000,35.94,36.115,35.54,35.725
1706961600000,35.725,35.94,35.385,35.78
1706976000000,35.78,36.61,35.725,36.265
1706990400000,36.265,36.28,35.835,35.945
1707004800000,35.945,36.52,35.715,36.2
1707019200000,36.2,36.21,35.465,35.705
1707033600000,35.705,36.145,35.375,35.96
1707048000000,35.96,36.27,35.545,35.755
1707062400000,35.755,35.86,35.29,35.46
1707076800000,35.46,35.58,34.585,34.845
1707091200000,34.845,35.045,34.275,34.915
1707105600000,34.915,35.71,34.665,35.555
1707120000000,35.555,35.765,35.3,35.625
1707134400000,35.625,35.905,34.53,34.63
1707148800000,34.63,34.845,34.405,34.57
1707163200000,34.57,34.58,34.085,34.535
1707177600000,34.535,34.72,34.31,34.45
1707192000000,34.45,34.54,34.03,34.27
1707206400000,34.27,34.53,33.685,33.985
1707220800000,33.985,34.24,33.725,34.235
1707235200000,34.235,34.41,33.97,34.235
1707249600000,34.235,34.45,34.055,34.13
1707264000000,34.13,34.385,33.85,33.88
1707278400000,33.88,34.27,33.635,34.02
1707292800000,34.02,34.46,33.91,34.16
1707307200000,34.16,34.66,34.125,34.415
1707321600000,34.415,35.48,34.355,35.045
1707336000000,35.045,35.5,35.045,35.285
1707350400000,35.285,35.575,35.24,35.48
1707364800000,35.48,35.745,35.05,35.23
1707379200000,35.23,35.645,35.215,35.345
1707393600000,35.345,36.135,35.165,36.025
1707408000000,36.025,36.095,35.2,35.49
1707422400000,35.49,35.775,35.31,35.42
1707436800000,35.42,36.28,35.41,35.91
1707451200000,35.91,36.135,35.71,36.08
1707465600000,36.08,36.455,36.025,36.445
1707480000000,36.445,37.81,36.405,37.565
1707494400000,37.565,38.16,37.12,38.09
1707508800000,38.09,38.63,37.95,38.005
1707523200000,38.005,39.485,37.995,39.44
1707537600000,39.44,39.82,39.005,39.065
1707552000000,39.065,39.35,38.16,38.8
1707566400000,38.8,39.575,38.255,39.34
1707580800000,39.34,39.68,38.95,39.37
1707595200000,39.37,41.245,39.155,40.19
1707609600000,40.19,40.655,40.095,40.385
1707624000000,40.385,40.925,40.185,40.87
1707638400000,40.87,41.21,40.21,40.54
1707652800000,40.54,40.71,39.64,39.88
1707667200000,39.88,40.175,39.495,39.81
1707681600000,39.81,40.095,39.285,39.715
1707696000000,39.715,40.13,38.59,38.74
1707710400000,38.74,39.02,38.35,38.875
1707724800000,38.875,39.12,38.41,38.635
1707739200000,38.635,40.225,38.535,40.185
1707753600000,40.185,41.17,39.815,40.335
1707768000000,40.335,41.22,40.07,41.0
1707782400000,41.0,41.745,40.535,40.565
1707796800000,40.565,41.24,40.56,41.12
1707811200000,41.12,41.605,40.785,41.06
1707825600000,41.06,41.08,38.89,39.465
1707840000000,39.465,39.955,38.91,39.59
1707854400000,39.59,40.155,39.435,39.75
1707868800000,39.75,39.765,39.14,39.51
1707883200000,39.51,39.98,39.285,39.93
1707897600000,39.93,41.98,39.78,41.52
1707912000000,41.52,42.36,41.105,41.705
1707926400000,41.705,41.94,41.045,41.895
1707940800000,41.895,42.48,41.685,42.255
1707955200000,42.255,42.815,41.805,42.435
1707969600000,42.435,43.04,41.425,42.98
1707984000000,42.98,43.66,42.345,42.9
1707998400000,42.9,43.25,41.46,41.89
1708012800000,41.89,42.315,41.31,41.695
1708027200000,41.695,41.91,40.79,41.565
1708041600000,41.565,41.82,41.18,41.735
1708056000000,41.735,41.825,40.685,40.785
1708070400000,40.785,41.22,40.11,40.995
1708084800000,40.995,41.375,39.42,40.11
1708099200000,40.11,40.525,39.785,39.86
1708113600000,39.86,40.45,39.775,40.285
1708128000000,40.285,40.385,39.56,40.255
1708142400000,40.255,40.505,40.095,40.26
1708156800000,40.26,40.26,39.265,39.735
1708171200000,39.735,39.88,38.36,39.115
1708185600000,39.115,39.735,38.86,39.645
1708200000000,39.645,40.085,39.55,39.775
1708214400000,39.775,40.025,38.985,39.36
1708228800000,39.36,40.27,39.36,40.015
1708243200000,40.015,40.67,39.82,40.38
1708257600000,40.38,40.54,39.87,40.28
1708272000000,40.28,40.64,40.005,40.16
1708286400000,40.16,40.805,39.895,40.315
1708300800000,40.315,40.685,39.935,40.095
1708315200000,40.095,40.61,39.735,40.53
1708329600000,40.53,40.58,39.615,40.02
1708344000000,40.02,40.405,39.445,39.655
1708358400000,39.655,39.82,39.105,39.42
1708372800000,39.42,39.975,39.285,39.545
1708387200000,39.545,39.68,38.585,38.95
1708401600000,38.95,39.63,38.815,39.305
1708416000000,39.305,39.375,38.075,39.27
1708430400000,39.27,39.765,36.735,37.72
1708444800000,37.72,38.435,36.91,38.37
1708459200000,38.37,38.84,38.135,38.53
1708473600000,38.53,38.58,37.925,38.04
1708488000000,38.04,38.13,37.135,37.37
1708502400000,37.37,37.58,36.42,36.765
1708516800000,36.765,37.34,36.245,36.72
1708531200000,36.72,36.945,35.885,36.805
1708545600000,36.805,37.75,36.645,37.635
1708560000000,37.635,37.705,36.605,37.005
1708574400000,37.005,37.82,36.73,37.765
1708588800000,37.765,38.25,37.4,37.535
1708603200000,37.535,37.66,36.535,37.53
1708617600000,37.53,37.72,36.94,37.33
1708632000000,37.33,37.805,36.6,36.795
1708646400000,36.795,36.99,36.04,36.52
1708660800000,36.52,36.78,36.285,36.425
1708675200000,36.425,36.895,36.125,36.81
1708689600000,36.81,36.82,35.475,35.735
1708704000000,35.735,36.485,35.14,36.435
1708718400000,36.435,36.56,35.445,35.95
1708732800000,35.95,36.17,35.205,35.87
1708747200000,35.87,36.465,35.82,36.405
1708761600000,36.405,36.74,36.12,36.66
1708776000000,36.66,36.825,36.225,36.365
1708790400000,36.365,37.005,36.35,36.795
1708804800000,36.795,36.91,36.575,36.79
1708819200000,36.79,37.09,36.455,36.84
1708833600000,36.84,37.28,36.5,36.94
1708848000000,36.94,36.94,36.59,36.825
1708862400000,36.825,37.295,36.715,36.87
1708876800000,36.87,37.155,36.675,37.085
1708891200000,37.085,37.525,36.935,37.495
1708905600000,37.495,37.59,36.855,37.04
1708920000000,37.04,37.385,36.77,36.865
1708934400000,36.865,37.11,36.275,36.735
1708948800000,36.735,38.4,36.505,38.29
1708963200000,38.29,39.265,38.24,39.035
1708977600000,39.035,39.41,38.835,39.345
1708992000000,39.345,40.0,38.995,39.23
1709006400000,39.23,39.62,39.07,39.115
1709020800000,39.115,39.665,39.105,39.595
1709035200000,39.595,39.91,38.45,38.66
1709049600000,38.66,39.295,38.32,39.115
1709064000000,39.115,39.455,38.93,39.295
1709078400000,39.295,39.6,39.045,39.175
1709092800000,39.175,39.8,39.16,39.8
1709107200000,39.8,40.705,39.205,39.61
1709121600000,39.61,40.43,39.21,39.89
1709136000000,39.89,41.43,36.02,38.535
1709150400000,38.535,40.83,38.15,40.41
1709164800000,40.41,41.905,40.195,41.38
1709179200000,41.38,41.905,41.04,41.655
1709193600000,41.655,44.77,41.565,42.985
1709208000000,42.985,43.785,42.37,43.565
1709222400000,43.565,43.71,41.68,42.51
1709236800000,42.51,42.55,39.605,40.985
1709251200000,40.985,42.975,40.985,42.705
1709265600000,42.705,43.43,41.87,41.905
1709280000000,41.905,42.94,41.8,42.585
1709294400000,42.585,42.74,41.42,41.62
1709308800000,41.62,42.135,41.375,42.045
1709323200000,42.045,42.915,41.865,42.72
1709337600000,42.72,43.615,42.015,43.455
1709352000000,43.455,43.795,42.385,42.63
1709366400000,42.63,43.075,42.035,42.35
1709380800000,42.35,43.215,42.07,42.22
1709395200000,42.22,43.1,42.22,43.075
1709409600000,43.075,44.675,42.55,44.46
1709424000000,44.46,44.985,43.32,43.92
1709438400000,43.92,44.06,39.83,41.855
1709452800000,41.855,42.96,41.295,42.67
1709467200000,42.67,43.065,42.575,42.61
1709481600000,42.61,43.05,42.41,42.63
1709496000000,42.63,42.965,42.435,42.635
1709510400000,42.635,43.495,42.115,42.33
1709524800000,42.33,43.15,42.055,43.04
1709539200000,43.04,44.085,42.775,43.64
1709553600000,43.64,43.975,42.48,43.545
1709568000000,43.545,43.675,41.44,42.62
1709582400000,42.62,43.16,41.89,43.13
1709596800000,43.13,43.21,41.775,42.12
1709611200000,42.12,43.475,41.215,42.56
1709625600000,42.56,43.555,42.12,42.81
1709640000000,42.81,45.385,41.915,44.18
1709654400000,44.18,44.635,33.62,37.5
1709668800000,37.5,39.735,36.53,39.445
1709683200000,39.445,39.57,37.925,38.625
1709697600000,38.625,41.24,38.615,41.235
1709712000000,41.235,41.74,40.535,40.95
1709726400000,40.95,41.055,38.81,39.815
1709740800000,39.815,41.16,39.77,40.845
1709755200000,40.845,42.195,40.745,41.6
1709769600000,41.6,43.935,41.6,42.975
1709784000000,42.975,43.15,41.705,42.7
1709798400000,42.7,43.555,42.46,42.895
1709812800000,42.895,44.605,42.515,43.815
1709827200000,43.815,44.36,43.545,43.905
1709841600000,43.905,44.145,43.24,43.255
1709856000000,43.255,43.92,42.905,43.0
1709870400000,43.0,43.485,42.7,43.15
1709884800000,43.15,43.68,43.07,43.6
1709899200000,43.6,44.045,41.155,42.415
1709913600000,42.415,43.09,41.115,42.605
1709928000000,42.605,42.895,42.205,42.67
1709942400000,42.67,43.01,42.385,42.645
1709956800000,42.645,43.22,42.62,43.08
1709971200000,43.08,43.235,42.44,43.145
1709985600000,43.145,43.405,42.96,43.155
1710000000000,43.155,43.62,42.56,42.955
1710014400000,42.955,43.335,42.805,42.975
1710028800000,42.975,43.4,42.755,42.995
1710043200000,42.995,43.92,42.92,43.845
1710057600000,43.845,43.99,42.4,42.715
1710072000000,42.715,42.935,41.31,41.81
1710086400000,41.81,42.58,41.745,42.245
1710100800000,42.245,42.295,40.86,42.08
1710115200000,42.08,42.235,39.855,41.59
1710129600000,41.59,43.055,41.355,42.855
1710144000000,42.855,47.155,42.855,46.25
1710158400000,46.25,48.78,46.025,46.755
1710172800000,46.755,48.305,46.27,47.565
1710187200000,47.565,49.715,47.465,49.17
1710201600000,49.17,51.045,47.935,48.01
1710216000000,48.01,49.04,47.325,47.7
1710230400000,47.7,48.22,46.425,47.845
1710244800000,47.845,54.265,47.095,53.835
1710259200000,53.835,57.465,50.99,56.86
1710273600000,56.86,57.065,54.715,55.555
1710288000000,55.555,55.605,53.28,53.355
1710302400000,53.355,54.54,52.88,53.935
1710316800000,53.935,54.69,53.335,53.92
1710331200000,53.92,55.045,52.275,53.585
1710345600000,53.585,54.925,52.98,54.17
1710360000000,54.17,55.59,53.275,54.88
1710374400000,54.88,59.355,54.55,57.785
1710388800000,57.785,57.835,55.38,55.96
1710403200000,55.96,58.27,55.775,56.595
1710417600000,56.595,56.875,52.77,53.21
1710432000000,53.21,54.31,50.525,51.7
1710446400000,51.7,54.61,51.575,54.04
1710460800000,54.04,57.115,50.475,54.22
1710475200000,54.22,54.555,51.39,53.795
1710489600000,53.795,53.985,48.305,51.56
1710504000000,51.56,57.305,50.64,55.495
1710518400000,55.495,59.1,54.37,56.29
1710532800000,56.29,58.745,54.645,58.46
1710547200000,58.46,58.775,56.295,57.0
1710561600000,57.0,61.28,55.235,60.715
1710576000000,60.715,61.495,58.73,59.21
1710590400000,59.21,59.3,56.145,58.06
1710604800000,58.06,58.07,52.365,52.785
1710619200000,52.785,54.445,51.99,53.45
1710633600000,53.45,54.685,52.41,53.56
1710648000000,53.56,53.605,50.035,51.445
1710662400000,51.445,56.445,51.245,55.635
1710676800000,55.635,56.81,54.135,55.675
1710691200000,55.675,58.615,54.915,57.855
1710705600000,57.855,58.52,56.015,58.465
1710720000000,58.465,61.765,55.27,60.555
1710734400000,60.555,62.43,59.425,61.325
1710748800000,61.325,64.605,59.51,63.87
1710763200000,63.87,64.59,59.87,61.785
1710777600000,61.785,65.435,61.29,62.4
1710792000000,62.4,64.765,60.135,60.69
1710806400000,60.69,62.005,56.84,59.16
1710820800000,59.16,60.37,55.11,60.22
1710835200000,60.22,60.23,55.03,58.04
1710849600000,58.04,61.31,56.525,59.875
1710864000000,59.875,61.92,58.465,58.565
1710878400000,58.565,58.72,53.16,53.635
1710892800000,53.635,54.66,51.17,51.45
1710907200000,51.45,54.245,50.4,53.85
1710921600000,53.85,54.21,52.56,53.445
1710936000000,53.445,54.81,52.21,52.62
1710950400000,52.62,56.0,50.445,55.38
1710964800000,55.38,58.14,54.925,57.04
1710979200000,57.04,57.895,55.665,55.825
1710993600000,55.825,56.285,53.615,54.46
1711008000000,54.46,55.38,54.22,54.98
1711022400000,54.98,55.825,53.97,54.69
1711036800000,54.69,56.455,52.77,53.72
1711051200000,53.72,54.84,53.07,53.845
1711065600000,53.845,55.365,52.67,55.185
1711080000000,55.185,56.44,54.945,55.87
1711094400000,55.87,56.625,54.405,54.795
1711108800000,54.795,57.845,52.94,53.665
1711123200000,53.665,54.16,52.445,53.865
1711137600000,53.865,53.955,51.62,53.455
1711152000000,53.455,54.5,52.61,53.35
1711166400000,53.35,55.275,52.66,55.06
1711180800000,55.06,55.42,54.155,54.66
1711195200000,54.66,56.025,54.47,54.815
1711209600000,54.815,55.35,54.37,54.785
1711224000000,54.785,54.845,53.275,53.455
1711238400000,53.455,54.36,53.215,53.23
1711252800000,53.23,53.6,52.855,53.43
1711267200000,53.43,54.15,53.275,53.85
1711281600000,53.85,54.25,53.15,53.61
1711296000000,53.61,54.025,52.42,53.87
1711310400000,53.87,55.865,53.665,55.71
1711324800000,55.71,56.665,54.975,56.505
1711339200000,56.505,57.025,55.93,56.135
1711353600000,56.135,58.355,55.985,57.125
1711368000000,57.125,59.275,57.12,58.41
1711382400000,58.41,58.6,57.605,58.18
1711396800000,58.18,58.575,57.36,57.795
1711411200000,57.795,58.955,57.655,58.34
1711425600000,58.34,59.405,58.2,58.285
1711440000000,58.285,58.695,57.86,57.97
1711454400000,57.97,58.785,56.05,56.76
1711468800000,56.76,57.115,55.38,55.675
1711483200000,55.675,56.305,55.41,55.83
1711497600000,55.83,56.81,55.59,56.185
1711512000000,56.185,56.415,54.825,55.035
1711526400000,55.035,55.54,54.08,55.08
1711540800000,55.08,55.53,52.955,53.355
1711555200000,53.355,54.125,53.195,53.91
1711569600000,53.91,54.545,53.88,54.165
1711584000000,54.165,54.555,53.235,53.77
1711598400000,53.77,54.995,53.705,54.985
1711612800000,54.985,55.125,54.095,54.41
1711627200000,54.41,55.05,53.78,54.745
1711641600000,54.745,54.93,54.32,54.665
1711656000000,54.665,55.075,54.16,54.69
1711670400000,54.69,54.755,53.815,54.36
1711684800000,54.36,54.565,53.03,53.18
1711699200000,53.18,54.1,53.125,53.885
1711713600000,53.885,54.215,52.62,53.125
1711728000000,53.125,53.645,52.85,53.14
1711742400000,53.14,53.645,52.545,53.39
1711756800000,53.39,53.915,53.23,53.345
1711771200000,53.345,54.71,53.265,53.915
1711785600000,53.915,54.445,53.54,54.4
1711800000000,54.4,54.455,53.61,53.775
1711814400000,53.775,54.08,53.045,53.49
1711828800000,53.49,53.68,52.735,52.985
1711843200000,52.985,53.61,52.925,53.21
1711857600000,53.21,54.25,53.115,54.09
1711872000000,54.09,54.33,53.66,53.775
1711886400000,53.775,53.925,53.21,53.26
1711900800000,53.26,54.255,53.22,54.23
1711915200000,54.23,54.37,53.585,54.15
1711929600000,54.15,54.215,53.355,53.895
1711944000000,53.895,54.135,50.54,52.26
1711958400000,52.26,53.11,51.39,52.48
1711972800000,52.48,53.415,50.805,51.31
1711987200000,51.31,51.69,50.28,51.52
1712001600000,51.52,51.83,51.295,51.435
1712016000000,51.435,51.44,46.815,47.97
1712030400000,47.97,48.78,47.445,48.1
1712044800000,48.1,48.265,46.415,47.16
1712059200000,47.16,48.105,46.335,46.86
1712073600000,46.86,47.675,46.62,47.46
1712088000000,47.46,47.695,46.665,46.9
1712102400000,46.9,47.82,45.18,47.7
1712116800000,47.7,48.22,47.21,47.87
1712131200000,47.87,48.35,47.12,47.315
1712145600000,47.315,47.54,46.15,46.3
1712160000000,46.3,47.0,45.36,45.85
1712174400000,45.85,46.24,44.99,45.92
1712188800000,45.92,47.005,45.72,46.1
1712203200000,46.1,47.21,45.475,46.935
1712217600000,46.935,47.32,46.645,47.0
1712232000000,47.0,47.93,46.95,47.48
1712246400000,47.48,48.21,47.02,47.105
1712260800000,47.105,47.15,46.03,46.525
1712275200000,46.525,46.63,45.105,46.025
1712289600000,46.025,46.075,44.69,45.42
1712304000000,45.42,45.965,44.19,44.29
1712318400000,44.29,45.715,43.99,45.565
1712332800000,45.565,45.81,45.01,45.365
1712347200000,45.365,45.66,45.18,45.325
1712361600000,45.325,46.665,45.065,46.665
1712376000000,46.665,47.39,46.23,47.145
1712390400000,47.145,47.64,46.72,46.935
1712404800000,46.935,48.395,46.56,48.145
1712419200000,48.145,48.5,47.715,48.0
1712433600000,48.0,48.89,47.91,48.21
1712448000000,48.21,49.105,48.125,48.785
1712462400000,48.785,49.045,48.325,48.465
1712476800000,48.465,48.75,48.285,48.6
1712491200000,48.6,48.92,48.205,48.275
1712505600000,48.275,49.08,48.03,48.17
1712520000000,48.17,49.53,47.895,49.35
1712534400000,49.35,49.365,48.27,48.755
1712548800000,48.755,49.73,48.345,49.5
1712563200000,49.5,50.86,49.415,50.475
1712577600000,50.475,50.65,49.4,49.665
1712592000000,49.665,50.215,49.6,50.025
1712606400000,50.025,50.295,49.85,49.905
1712620800000,49.905,50.005,48.865,49.085
1712635200000,49.085,49.41,48.35,48.505
1712649600000,48.505,48.69,47.575,48.66
1712664000000,48.66,48.72,46.68,47.59
1712678400000,47.59,47.595,46.735,47.315
1712692800000,47.315,47.53,46.37,46.495
1712707200000,46.495,47.06,45.715,46.645
1712721600000,46.645,47.96,46.535,47.53
1712736000000,47.53,47.675,46.705,47.475
1712750400000,47.475,47.685,44.515,46.65
1712764800000,46.65,47.87,46.495,47.445
1712779200000,47.445,48.06,46.955,47.335
1712793600000,47.335,47.345,46.635,46.9
1712808000000,46.9,47.55,46.46,47.255
1712822400000,47.255,47.52,45.89,46.03
1712836800000,46.03,46.765,45.73,46.14
1712851200000,46.14,46.455,45.63,46.225
1712865600000,46.225,46.575,45.79,46.055
1712880000000,46.055,46.815,46.005,46.72
1712894400000,46.72,46.94,46.195,46.37
1712908800000,46.37,46.55,46.075,46.19
1712923200000,46.19,46.19,44.08,44.215
1712937600000,44.215,44.41,33.03,38.475
1712952000000,38.475,39.555,38.315,39.32
1712966400000,39.32,39.32,37.395,38.19
1712980800000,38.19,38.98,37.945,38.115
1712995200000,38.115,38.96,37.625,38.46
1713009600000,38.46,39.045,38.06,38.205
1713024000000,38.205,38.365,31.575,33.26
1713038400000,33.26,34.705,28.54,33.865
1713052800000,33.865,34.2,32.61,33.67
1713067200000,33.67,36.29,33.48,36.235
1713081600000,36.235,37.19,35.745,35.975
1713096000000,35.975,36.42,34.95,35.435
1713110400000,35.435,36.435,34.18,35.665
1713124800000,35.665,37.895,35.045,37.245
1713139200000,37.245,37.245,35.725,35.865
1713153600000,35.865,38.495,35.475,37.715
1713168000000,37.715,38.18,37.365,37.44
1713182400000,37.44,38.57,36.195,36.855
1713196800000,36.855,37.04,34.06,35.32
1713211200000,35.32,35.635,34.545,35.125
1713225600000,35.125,35.46,34.29,34.62
1713240000000,34.62,35.89,33.635,35.66
1713254400000,35.66,35.68,33.76,35.125
1713268800000,35.125,35.125,32.915,32.925
1713283200000,32.925,34.61,32.675,33.955
1713297600000,33.955,35.1,33.9,34.73
1713312000000,34.73,35.065,34.085,34.7
1713326400000,34.7,35.35,34.415,34.93
1713340800000,34.93,35.2,33.815,33.855
1713355200000,33.855,34.17,32.425,32.605
1713369600000,32.605,35.2,32.19,34.155
1713384000000,34.155,34.57,33.425,33.545
1713398400000,33.545,34.66,32.77,34.31
1713412800000,34.31,34.785,33.11,33.305
1713427200000,33.305,35.41,32.935,34.905
1713441600000,34.905,35.595,33.79,35.0
1713456000000,35.0,35.215,34.065,34.875
1713470400000,34.875,35.165,34.655,34.82
1713484800000,34.82,34.82,31.895,33.57
1713499200000,33.57,36.15,33.515,35.16
1713513600000,35.16,35.735,35.005,35.39
1713528000000,35.39,35.635,34.735,35.34
1713542400000,35.34,35.44,34.745,35.31
1713556800000,35.31,35.38,34.105,34.645
1713571200000,34.645,35.31,34.09,35.15
1713585600000,35.15,35.97,35.06,35.83
1713600000000,35.83,35.875,34.92,35.025
1713614400000,35.025,36.63,34.855,36.58
1713628800000,36.58,37.72,36.3,37.505
1713643200000,37.505,38.47,37.505,38.295
1713657600000,38.295,38.755,37.605,38.175
1713672000000,38.175,38.315,37.75,38.015
1713686400000,38.015,38.115,37.32,37.445
1713700800000,37.445,37.535,36.775,37.19
1713715200000,37.19,37.235,36.305,36.905
1713729600000,36.905,37.61,36.765,37.125
1713744000000,37.125,38.225,36.745,38.05
1713758400000,38.05,39.18,37.965,38.45
1713772800000,38.45,39.66,38.155,38.93
1713787200000,38.93,39.355,38.36,38.985
1713801600000,38.985,39.4,38.62,39.245
1713816000000,39.245,39.695,39.1,39.16
1713830400000,39.16,39.9,38.71,38.845
1713844800000,38.845,39.0,38.105,38.24
1713859200000,38.24,38.51,37.93,38.07
1713873600000,38.07,39.305,37.975,38.94
1713888000000,38.94,39.315,38.59,38.685
1713902400000,38.685,38.74,37.985,38.27
1713916800000,38.27,39.465,38.245,38.96
1713931200000,38.96,39.825,38.9,39.1
1713945600000,39.1,39.335,38.81,39.135
1713960000000,39.135,39.33,36.68,36.82
1713974400000,36.82,37.515,36.48,37.01
1713988800000,37.01,37.12,35.975,36.355
1714003200000,36.355,36.735,35.615,35.845
1714017600000,35.845,36.225,35.21,35.415
1714032000000,35.415,35.56,34.73,35.125
1714046400000,35.125,35.705,34.67,35.635
1714060800000,35.635,36.015,35.385,35.865
1714075200000,35.865,36.37,35.405,35.555
1714089600000,35.555,35.775,34.675,35.435
1714104000000,35.435,35.745,35.175,35.33
1714118400000,35.33,35.665,34.98,35.19
1714132800000,35.19,35.85,34.67,35.135
1714147200000,35.135,35.285,34.825,34.86
1714161600000,34.86,35.16,34.225,34.405
1714176000000,34.405,34.625,33.025,34.105
1714190400000,34.105,34.47,34.035,34.055
1714204800000,34.055,34.345,33.58,33.9
1714219200000,33.9,34.5,33.84,34.07
1714233600000,34.07,35.125,33.92,34.48
1714248000000,34.48,34.635,34.15,34.45
1714262400000,34.45,35.235,34.365,34.965
1714276800000,34.965,35.24,34.76,34.97
1714291200000,34.97,35.09,34.32,34.385
1714305600000,34.385,34.925,34.34,34.665
1714320000000,34.665,35.38,34.605,34.99
1714334400000,34.99,35.065,33.775,33.945
1714348800000,33.945,34.31,33.265,33.305
1714363200000,33.305,33.72,32.9,33.19
1714377600000,33.19,33.64,32.81,33.2
1714392000000,33.2,35.135,33.0,34.93
1714406400000,34.93,35.105,34.36,34.625
1714420800000,34.625,35.885,34.095,35.27
1714435200000,35.27,35.72,34.335,34.85
1714449600000,34.85,35.01,34.35,34.71
1714464000000,34.71,34.79,33.115,33.255
1714478400000,33.255,33.345,32.475,32.8
1714492800000,32.8,32.8,31.83,31.97
1714507200000,31.97,33.055,31.965,32.685
1714521600000,32.685,32.82,32.185,32.63
1714536000000,32.63,32.755,30.87,31.24
1714550400000,31.24,31.89,30.555,31.89
1714564800000,31.89,32.935,31.73,32.465
1714579200000,32.465,33.93,31.75,32.39
1714593600000,32.39,33.405,32.135,33.285
1714608000000,33.285,33.855,32.335,32.775
1714622400000,32.775,32.96,32.26,32.635
1714636800000,32.635,33.77,32.57,33.745
1714651200000,33.745,34.13,33.135,33.795
1714665600000,33.795,33.96,33.495,33.755
1714680000000,33.755,33.97,33.29,33.555
1714694400000,33.555,34.34,33.39,34.14
1714708800000,34.14,34.19,33.465,33.515
1714723200000,33.515,33.89,33.27,33.545
1714737600000,33.545,35.15,33.49,35.045
1714752000000,35.045,35.44,35.04,35.27
1714766400000,35.27,35.92,35.205,35.525
1714780800000,35.525,35.79,35.165,35.515
1714795200000,35.515,35.79,35.38,35.4
1714809600000,35.4,36.38,35.35,35.79
1714824000000,35.79,36.245,35.57,36.205
1714838400000,36.205,37.48,36.03,37.315
1714852800000,37.315,37.705,36.84,37.32
1714867200000,37.32,37.965,36.755,37.555
1714881600000,37.555,37.63,36.765,36.945
1714896000000,36.945,37.23,36.65,37.01
1714910400000,37.01,37.46,36.655,37.375
1714924800000,37.375,37.65,37.05,37.205
1714939200000,37.205,37.46,36.905,37.32
1714953600000,37.32,37.62,36.97,37.22
1714968000000,37.22,38.35,37.05,38.245
1714982400000,38.245,39.865,38.205,38.555
1714996800000,38.555,38.645,37.055,37.75
1715011200000,37.75,38.055,36.74,37.18
1715025600000,37.18,37.755,37.075,37.105
1715040000000,37.105,37.585,36.35,36.79
1715054400000,36.79,37.085,36.47,36.6
1715068800000,36.6,37.48,36.395,36.415
1715083200000,36.415,37.325,36.255,36.885
1715097600000,36.885,37.06,36.04,36.16
1715112000000,36.16,36.345,35.25,35.3
1715126400000,35.3,35.485,34.835,35.28
1715140800000,35.28,35.39,34.425,34.55
1715155200000,34.55,34.725,34.27,34.38
1715169600000,34.38,34.96,34.07,34.47
1715184000000,34.47,34.995,34.195,34.385
1715198400000,34.385,34.525,33.62,33.995
1715212800000,33.995,34.42,33.945,34.285
1715227200000,34.285,34.63,34.12,34.24
1715241600000,34.24,34.36,33.675,34.055
1715256000000,34.055,34.54,33.71,34.33
1715270400000,34.33,34.68,34.03,34.655
1715284800000,34.655,35.375,34.42,35.04
1715299200000,35.04,35.61,34.87,35.53
1715313600000,35.53,36.095,35.425,36.005
1715328000000,36.005,36.075,35.41,35.795
1715342400000,35.795,35.875,34.02,34.6
1715356800000,34.6,34.735,33.84,33.915
1715371200000,33.915,34.175,33.215,33.7
1715385600000,33.7,34.03,33.41,33.51
1715400000000,33.51,33.715,33.1,33.625
1715414400000,33.625,33.635,33.015,33.375
1715428800000,33.375,33.98,33.235,33.775
1715443200000,33.775,33.895,33.585,33.77
1715457600000,33.77,33.785,33.395,33.47
1715472000000,33.47,33.695,33.435,33.54
1715486400000,33.54,33.755,33.18,33.23
1715500800000,33.23,33.985,33.195,33.77
1715515200000,33.77,33.86,33.46,33.66
1715529600000,33.66,33.885,33.305,33.445
1715544000000,33.445,33.465,32.58,33.115
1715558400000,33.115,33.405,31.885,32.295
1715572800000,32.295,33.48,32.03,33.465
1715587200000,33.465,33.81,33.245,33.39
1715601600000,33.39,33.48,32.91,33.28
1715616000000,33.28,33.47,32.425,32.825
1715630400000,32.825,32.88,32.335,32.445
1715644800000,32.445,32.6,31.905,32.15
1715659200000,32.15,32.655,31.575,32.655
1715673600000,32.655,33.33,32.5,32.725
1715688000000,32.725,33.025,31.73,32.07
1715702400000,32.07,32.115,31.61,31.92
1715716800000,31.92,31.94,31.45,31.555
1715731200000,31.555,32.46,31.315,32.3
1715745600000,32.3,32.695,32.065,32.65
1715760000000,32.65,33.265,32.335,32.73
1715774400000,32.73,34.46,32.61,34.055
1715788800000,34.055,34.35,33.735,34.32
1715803200000,34.32,34.78,34.24,34.66
1715817600000,34.66,35.005,34.435,34.96
1715832000000,34.96,34.99,34.535,34.755
1715846400000,34.755,34.975,34.415,34.605
1715860800000,34.605,34.865,33.8,34.185
1715875200000,34.185,34.435,33.705,34.345
1715889600000,34.345,34.6,34.09,34.445
1715904000000,34.445,34.915,34.235,34.76
1715918400000,34.76,37.315,34.645,37.28
1715932800000,37.28,37.58,36.2,36.54
1715947200000,36.54,37.23,36.375,37.1
1715961600000,37.1,37.175,36.215,36.545
1715976000000,36.545,36.545,36.295,36.405
1715990400000,36.405,37.66,36.33,37.595
1716004800000,37.595,37.62,37.085,37.175
1716019200000,37.175,37.54,37.14,37.46
1716033600000,37.46,37.515,36.78,37.31
1716048000000,37.31,37.335,36.87,37.04
1716062400000,37.04,37.3,36.945,37.23
1716076800000,37.23,37.74,37.13,37.45
1716091200000,37.45,37.465,36.635,36.87
1716105600000,36.87,36.9,36.32,36.625
1716120000000,36.625,36.7,35.75,35.96
1716134400000,35.96,35.965,35.36,35.565
1716148800000,35.565,35.965,35.42,35.59
1716163200000,35.59,36.15,35.12,35.64
1716177600000,35.64,36.62,35.295,36.035
1716192000000,36.035,36.305,35.83,36.0
1716206400000,36.0,36.69,35.665,36.655
1716220800000,36.655,38.8,36.49,38.68
1716235200000,38.68,40.31,38.055,40.15
1716249600000,40.15,41.04,39.685,39.79
1716264000000,39.79,41.245,39.79,40.745
1716278400000,40.745,40.84,40.28,40.45
1716292800000,40.45,41.46,40.005,40.185
1716307200000,40.185,41.385,40.04,40.435
1716321600000,40.435,41.35,40.425,41.245
1716336000000,41.245,41.495,40.6,40.81
1716350400000,40.81,41.835,40.22,41.03
1716364800000,41.03,41.435,40.335,40.34
1716379200000,40.34,40.86,39.19,40.41
1716393600000,40.41,40.54,39.435,40.025
1716408000000,40.025,40.405,39.55,40.04
1716422400000,40.04,40.36,39.78,40.14
1716436800000,40.14,40.27,39.535,40.025
1716451200000,40.025,40.41,39.56,40.245
1716465600000,40.245,40.51,37.6,38.38
1716480000000,38.38,38.44,37.24,37.555
1716494400000,37.555,38.865,36.23,38.515
1716508800000,38.515,38.995,38.31,38.91
1716523200000,38.91,38.995,37.235,37.685
1716537600000,37.685,37.975,36.9,37.9
1716552000000,37.9,38.625,37.515,38.185
1716566400000,38.185,38.775,37.69,38.39
1716580800000,38.39,38.535,37.865,38.015
1716595200000,38.015,38.275,37.805,38.275
1716609600000,38.275,38.61,38.14,38.385
1716624000000,38.385,38.71,38.205,38.355
1716638400000,38.355,38.355,37.705,38.07
1716652800000,38.07,38.155,37.84,38.055
1716667200000,38.055,38.325,37.85,38.285
1716681600000,38.285,38.32,37.595,37.87
1716696000000,37.87,37.91,37.545,37.645
1716710400000,37.645,37.67,37.09,37.38
1716724800000,37.38,37.445,36.6,36.885
1716739200000,36.885,37.065,36.715,36.975
1716753600000,36.975,37.06,36.465,36.765
1716768000000,36.765,37.365,36.685,37.25
1716782400000,37.25,37.47,36.635,37.015
1716796800000,37.015,37.585,37.0,37.425
1716811200000,37.425,38.52,37.31,38.465
1716825600000,38.465,39.005,37.68,37.975
1716840000000,37.975,38.45,37.95,38.285
1716854400000,38.285,38.43,37.07,37.22
1716868800000,37.22,37.25,36.515,36.815
1716883200000,36.815,37.5,36.715,37.3
1716897600000,37.3,37.445,36.6,37.12
1716912000000,37.12,37.275,36.56,37.235
1716926400000,37.235,37.32,36.95,37.04
1716940800000,37.04,37.47,36.71,37.29
1716955200000,37.29,37.54,36.81,36.86
1716969600000,36.86,37.22,36.39,36.955
1716984000000,36.955,37.275,36.585,36.645
1716998400000,36.645,36.95,36.255,36.405
1717012800000,36.405,36.73,36.06,36.22
1717027200000,36.22,36.89,36.005,36.82
1717041600000,36.82,37.08,35.42,35.585
1717056000000,35.585,36.77,35.315,36.58
1717070400000,36.58,37.055,36.345,36.745
1717084800000,36.745,37.13,36.475,36.615
1717099200000,36.615,36.615,35.945,35.99
1717113600000,35.99,36.34,35.805,36.145
1717128000000,36.145,36.32,35.72,36.2
1717142400000,36.2,36.35,35.83,36.34
1717156800000,36.34,36.81,35.525,35.545
1717171200000,35.545,36.23,35.22,36.15
1717185600000,36.15,36.52,35.955,36.04
1717200000000,36.04,36.17,35.935,36.015
1717214400000,36.015,36.14,35.925,36.045
1717228800000,36.045,36.2,35.95,36.07
1717243200000,36.07,36.265,35.97,35.98
1717257600000,35.98,36.065,35.805,36.01
1717272000000,36.01,36.145,35.715,35.79
1717286400000,35.79,36.15,35.715,36.065
1717300800000,36.065,36.22,35.73,35.73
1717315200000,35.73,36.035,35.395,35.97
1717329600000,35.97,36.13,35.605,35.875
1717344000000,35.875,35.875,34.85,35.12
1717358400000,35.12,35.205,34.775,34.925
1717372800000,34.925,35.415,34.575,35.1
1717387200000,35.1,36.23,34.9,35.895
1717401600000,35.895,36.305,35.795,35.875
1717416000000,35.875,36.265,35.18,35.67
1717430400000,35.67,35.845,35.255,35.84
1717444800000,35.84,36.12,34.975,35.055
1717459200000,35.055,35.165,34.725,34.98
1717473600000,34.98,35.2,34.655,34.835
1717488000000,34.835,34.98,34.395,34.9
1717502400000,34.9,35.9,34.795,35.855
1717516800000,35.855,36.3,35.49,35.71
1717531200000,35.71,36.13,35.57,36.085
1717545600000,36.085,36.57,36.02,36.33
1717560000000,36.33,36.585,36.065,36.345
1717574400000,36.345,36.555,36.195,36.4
1717588800000,36.4,36.595,35.93,36.48
1717603200000,36.48,36.94,36.445,36.745
1717617600000,36.745,36.85,36.335,36.595
1717632000000,36.595,36.68,36.365,36.395
1717646400000,36.395,36.445,36.07,36.355
1717660800000,36.355,36.985,36.265,36.83
1717675200000,36.83,37.26,36.565,36.925
1717689600000,36.925,36.985,35.96,36.08
1717704000000,36.08,36.255,35.725,35.92
1717718400000,35.92,36.04,35.595,35.875
1717732800000,35.875,36.135,35.27,36.015
1717747200000,36.015,36.38,35.82,36.36
1717761600000,36.36,36.94,35.705,36.31
1717776000000,36.31,36.38,30.645,33.44
1717790400000,33.44,33.765,33.12,33.52
1717804800000,33.52,33.735,33.295,33.625
1717819200000,33.625,33.725,33.47,33.62
1717833600000,33.62,33.62,32.57,32.68
1717848000000,32.68,32.76,32.09,32.45
1717862400000,32.45,32.66,32.095,32.25
1717876800000,32.25,32.34,31.91,32.255
1717891200000,32.255,32.495,32.015,32.245
1717905600000,32.245,32.51,32.075,32.425
1717920000000,32.425,32.56,32.285,32.31
1717934400000,32.31,32.645,32.205,32.45
1717948800000,32.45,33.01,32.425,32.91
1717963200000,32.91,32.99,32.73,32.965
1717977600000,32.965,33.45,32.785,32.975
1717992000000,32.975,33.01,32.005,32.045
1718006400000,32.045,32.89,32.03,32.665
1718020800000,32.665,33.12,32.29,32.965
1718035200000,32.965,33.02,32.515,32.58
1718049600000,32.58,32.585,32.15,32.265
1718064000000,32.265,32.36,31.44,32.205
1718078400000,32.205,32.345,31.815,32.195
1718092800000,32.195,32.375,31.775,31.965
1718107200000,31.965,32.075,30.73,31.115
1718121600000,31.115,31.63,30.575,31.57
1718136000000,31.57,31.7,31.36,31.53
1718150400000,31.53,31.8,30.775,31.765
1718164800000,31.765,32.21,31.705,32.175
1718179200000,32.175,32.405,31.875,31.885
1718193600000,31.885,33.63,31.86,33.48
1718208000000,33.48,33.97,32.4,32.66
1718222400000,32.66,33.34,32.485,33.265
1718236800000,33.265,33.425,32.065,32.475
1718251200000,32.475,32.85,32.105,32.4
1718265600000,32.4,32.4,31.745,31.825
1718280000000,31.825,32.355,31.22,31.28
1718294400000,31.28,31.915,31.105,31.455
1718308800000,31.455,31.535,30.885,30.975
1718323200000,30.975,31.385,30.85,31.135
1718337600000,31.135,31.86,31.13,31.59
1718352000000,31.59,32.385,31.535,31.845
1718366400000,31.845,31.95,30.55,30.67
1718380800000,30.67,30.715,29.27,29.375
1718395200000,29.375,30.49,29.345,30.27
1718409600000,30.27,30.495,30.07,30.37
1718424000000,30.37,30.65,30.225,30.355
1718438400000,30.355,30.445,29.975,30.28
1718452800000,30.28,30.495,30.015,30.295
1718467200000,30.295,30.39,29.935,30.1
1718481600000,30.1,30.15,29.89,29.99
1718496000000,29.99,30.335,29.84,29.965
1718510400000,29.965,30.475,29.795,30.345
1718524800000,30.345,30.365,29.91,29.99
1718539200000,29.99,30.2,29.875,30.18
1718553600000,30.18,30.2,29.66,29.84
1718568000000,29.84,30.155,29.745,30.055
1718582400000,30.055,30.32,29.315,29.385
1718596800000,29.385,29.705,28.93,29.12
1718611200000,29.12,29.24,28.275,28.645
1718625600000,28.645,28.81,27.965,28.05
1718640000000,28.05,29.43,27.255,29.0
1718654400000,29.0,29.025,28.355,28.45
1718668800000,28.45,28.525,24.66,26.49
1718683200000,26.49,26.76,26.345,26.6
1718697600000,26.6,26.665,25.645,25.99
1718712000000,25.99,26.58,25.545,26.265
1718726400000,26.265,26.28,25.55,26.215
1718740800000,26.215,26.65,26.05,26.59
1718755200000,26.59,27.15,26.365,26.99
1718769600000,26.99,27.395,26.935,27.33
1718784000000,27.33,27.505,26.97,27.14
1718798400000,27.14,27.465,26.94,27.125
1718812800000,27.125,27.66,26.975,27.09
1718827200000,27.09,27.235,26.755,26.93
1718841600000,26.93,27.48,26.645,26.885
1718856000000,26.885,28.23,26.71,28.145
1718870400000,28.145,28.87,27.915,28.375
1718884800000,28.375,28.39,26.88,27.295
1718899200000,27.295,27.84,26.96,27.79
1718913600000,27.79,27.88,27.47,27.56
1718928000000,27.56,27.845,27.22,27.755
1718942400000,27.755,28.01,27.47,27.615
1718956800000,27.615,27.98,27.23,27.79
1718971200000,27.79,27.89,26.945,27.42
1718985600000,27.42,27.735,26.925,27.56
1719000000000,27.56,27.815,27.32,27.46
1719014400000,27.46,27.505,26.0,26.355
1719028800000,26.355,26.48,24.5,25.32
1719043200000,25.32,25.525,24.775,25.485
1719057600000,25.485,26.31,25.435,26.105
1719072000000,26.105,26.105,25.66,25.79
1719086400000,25.79,25.815,25.525,25.605
1719100800000,25.605,26.005,25.535,25.975
1719115200000,25.975,25.985,25.675,25.795
1719129600000,25.795,25.875,25.23,25.38
1719144000000,25.38,25.385,24.09,24.385
1719158400000,24.385,25.365,24.085,25.19
1719172800000,25.19,25.565,24.54,25.07
1719187200000,25.07,25.235,24.515,24.845
1719201600000,24.845,24.895,24.08,24.255
1719216000000,24.255,24.89,23.5,24.485
1719230400000,24.485,25.055,23.735,23.9
1719244800000,23.9,24.485,23.665,23.84
1719259200000,23.84,24.98,23.475,24.78
1719273600000,24.78,25.395,24.6,25.15
1719288000000,25.15,25.335,24.99,25.09
1719302400000,25.09,25.37,24.835,25.19
1719316800000,25.19,25.765,25.06,25.62
1719331200000,25.62,25.65,25.225,25.51
1719345600000,25.51,25.575,25.305,25.38
1719360000000,25.38,25.815,25.26,25.42
1719374400000,25.42,26.02,25.28,26.01
1719388800000,26.01,26.21,25.59,26.04
1719403200000,26.04,26.215,25.73,25.955
1719417600000,25.955,26.565,25.535,26.505
1719432000000,26.505,26.64,25.775,25.8
1719446400000,25.8,25.86,25.33,25.63
1719460800000,25.63,26.13,25.47,26.045
1719475200000,26.045,26.835,25.91,26.57
1719489600000,26.57,27.915,26.545,27.815
1719504000000,27.815,28.36,27.72,28.055
1719518400000,28.055,28.14,27.82,27.9
1719532800000,27.9,28.145,27.64,27.97
1719547200000,27.97,28.255,27.855,28.125
1719561600000,28.125,28.66,27.87,28.585
1719576000000,28.585,29.08,28.06,28.33
1719590400000,28.33,28.64,27.825,28.09
1719604800000,28.09,28.31,27.805,27.945
1719619200000,27.945,28.475,27.945,28.385
1719633600000,28.385,28.665,28.26,28.385
1719648000000,28.385,28.405,27.975,28.09
1719662400000,28.09,28.105,27.55,27.76
1719676800000,27.76,27.94,27.7,27.895
1719691200000,27.895,27.96,27.675,27.755
1719705600000,27.755,27.92,27.39,27.695
1719720000000,27.695,28.78,27.61,28.27
1719734400000,28.27,28.54,28.085,28.39
1719748800000,28.39,28.44,27.865,28.045
1719763200000,28.045,28.54,27.89,28.5
1719777600000,28.5,29.58,28.3,29.355
1719792000000,29.355,29.97,29.19,29.945
1719806400000,29.945,29.97,29.565,29.72
1719820800000,29.72,30.11,29.625,29.675
1719835200000,29.675,30.03,29.355,29.82
1719849600000,29.82,29.965,29.38,29.505
1719864000000,29.505,29.565,28.8,28.805
1719878400000,28.805,28.895,28.46,28.61
1719892800000,28.61,28.705,28.085,28.175
1719907200000,28.175,28.45,28.105,28.255
1719921600000,28.255,28.55,28.11,28.315
1719936000000,28.315,28.85,28.1,28.715
1719950400000,28.715,28.805,28.295,28.7
1719964800000,28.7,28.965,27.835,28.13
1719979200000,28.13,28.2,27.79,27.825
1719993600000,27.825,27.895,27.03,27.325
1720008000000,27.325,27.325,26.565,26.91
1720022400000,26.91,27.055,26.445,26.495
1720036800000,26.495,26.84,26.415,26.49
1720051200000,26.49,26.695,25.39,26.2
1720065600000,26.2,26.205,25.495,25.565
1720080000000,25.565,26.06,25.34,25.855
1720094400000,25.855,25.885,24.815,25.605
1720108800000,25.605,25.68,25.31,25.44
1720123200000,25.44,25.575,24.265,24.43
1720137600000,24.43,24.44,21.765,22.26
1720152000000,22.26,23.33,21.79,23.195
1720166400000,23.195,24.385,22.61,24.335
1720180800000,24.335,25.135,24.13,24.975
1720195200000,24.975,25.175,24.615,25.015
1720209600000,25.015,25.42,24.91,25.12
1720224000000,25.12,25.735,24.84,25.065
1720238400000,25.065,25.925,25.045,25.53
1720252800000,25.53,25.915,25.29,25.72
1720267200000,25.72,26.32,25.545,25.99
1720281600000,25.99,27.12,25.85,27.035
1720296000000,27.035,27.595,27.03,27.38
1720310400000,27.38,27.48,26.525,26.75
1720324800000,26.75,26.9,26.215,26.38
1720339200000,26.38,26.73,26.255,26.325
1720353600000,26.325,26.44,25.445,25.855
1720368000000,25.855,26.415,25.77,26.095
1720382400000,26.095,26.175,25.425,25.73
1720396800000,25.73,25.87,24.525,25.175
1720411200000,25.175,25.97,25.075,25.61
1720425600000,25.61,27.215,25.545,26.925
1720440000000,26.925,27.035,25.475,25.865
1720454400000,25.865,26.085,25.34,25.39
1720468800000,25.39,25.535,25.17,25.195
1720483200000,25.195,25.455,24.68,25.205
1720497600000,25.205,26.065,25.17,25.645
1720512000000,25.645,26.025,25.405,25.645
1720526400000,25.645,25.95,25.13,25.51
1720540800000,25.51,26.12,25.415,26.095
1720555200000,26.095,26.485,26.03,26.41
1720569600000,26.41,26.87,26.015,26.855
1720584000000,26.855,27.42,26.765,26.845
1720598400000,26.845,26.965,26.56,26.87
1720612800000,26.87,26.93,26.055,26.29
1720627200000,26.29,26.625,26.04,26.11
1720641600000,26.11,26.165,25.61,25.745
1720656000000,25.745,25.87,25.125,25.325
1720670400000,25.325,25.855,25.265,25.83
1720684800000,25.83,25.935,25.545,25.835
1720699200000,25.835,26.36,24.975,25.11
1720713600000,25.11,25.685,24.99,25.245
1720728000000,25.245,25.36,25.06,25.175
1720742400000,25.175,25.6,24.79,25.4
1720756800000,25.4,25.46,25.065,25.21
1720771200000,25.21,25.27,24.82,25.025
1720785600000,25.025,25.69,25.0,25.595
1720800000000,25.595,25.965,25.37,25.395
1720814400000,25.395,26.12,25.08,25.96
1720828800000,25.96,26.005,25.735,25.885
1720843200000,25.885,25.92,25.58,25.8
1720857600000,25.8,26.34,25.665,25.775
1720872000000,25.775,26.295,25.655,26.175
1720886400000,26.175,26.285,25.68,25.825
1720900800000,25.825,26.19,25.51,25.835
1720915200000,25.835,26.18,25.62,25.905
1720929600000,25.905,26.245,25.87,26.015
1720944000000,26.015,26.405,25.85,25.885
1720958400000,25.885,26.03,25.58,25.905
1720972800000,25.905,25.94,25.66,25.695
1720987200000,25.695,26.66,25.67,26.325
1721001600000,26.325,27.12,26.25,26.98
1721016000000,26.98,27.21,26.665,27.11
1721030400000,27.11,27.325,26.585,26.765
1721044800000,26.765,27.27,26.715,26.925
1721059200000,26.925,27.36,26.81,27.055
1721073600000,27.055,27.88,27.025,27.815
1721088000000,27.815,28.11,27.565,28.04
1721102400000,28.04,28.1,26.615,26.84
1721116800000,26.84,27.305,26.435,27.24
1721131200000,27.24,28.505,26.965,28.445
1721145600000,28.445,29.245,28.015,28.21
1721160000000,28.21,28.345,27.82,27.99
1721174400000,27.99,28.86,27.935,28.79
1721188800000,28.79,29.01,28.55,28.65
1721203200000,28.65,28.94,28.055,28.12
1721217600000,28.12,28.61,27.955,28.005
1721232000000,28.005,28.025,27.42,27.875
1721246400000,27.875,27.94,27.19,27.225
1721260800000,27.225,27.77,27.22,27.735
1721275200000,27.735,27.92,27.42,27.56
1721289600000,27.56,27.755,27.305,27.53
1721304000000,27.53,27.765,26.805,26.87
1721318400000,26.87,27.195,26.555,26.86
1721332800000,26.86,27.305,26.77,27.115
1721347200000,27.115,27.335,26.66,27.27
1721361600000,27.27,27.495,26.74,26.88
1721376000000,26.88,27.06,26.635,26.83
1721390400000,26.83,27.685,26.735,27.61
1721404800000,27.61,28.38,27.61,28.315
1721419200000,28.315,28.405,28.035,28.165
1721433600000,28.165,28.305,27.93,28.245
1721448000000,28.245,28.475,28.145,28.155
1721462400000,28.155,28.24,27.975,27.98
1721476800000,27.98,28.385,27.76,28.385
1721491200000,28.385,28.975,28.125,28.64
1721505600000,28.64,29.175,28.625,29.095
1721520000000,29.095,29.415,28.88,29.185
1721534400000,29.185,29.19,28.515,28.74
1721548800000,28.74,29.525,28.74,29.29
1721563200000,29.29,31.02,29.015,30.99
1721577600000,30.99,31.85,29.655,31.745
1721592000000,31.745,33.0,31.67,32.645
1721606400000,32.645,32.955,32.12,32.22
1721620800000,32.22,32.825,31.795,31.905
1721635200000,31.905,32.6,31.655,32.22
1721649600000,32.22,32.495,31.3,31.915
1721664000000,31.915,32.31,31.745,32.305
1721678400000,32.305,32.44,31.425,31.86
1721692800000,31.86,32.615,31.795,32.07
1721707200000,32.07,32.155,30.35,30.395
1721721600000,30.395,30.81,30.115,30.57
1721736000000,30.57,30.775,29.845,30.28
1721750400000,30.28,30.35,29.4,29.88
1721764800000,29.88,30.255,29.66,29.785
1721779200000,29.785,29.93,28.595,28.95
1721793600000,28.95,29.295,28.335,29.255
1721808000000,29.255,30.535,29.235,30.165
1721822400000,30.165,30.3,29.19,29.195
1721836800000,29.195,29.475,28.66,28.825
1721851200000,28.825,29.0,28.23,28.35
1721865600000,28.35,28.56,27.075,27.33
1721880000000,27.33,27.695,27.13,27.29
1721894400000,27.29,27.505,27.045,27.32
1721908800000,27.32,27.435,26.625,27.0
1721923200000,27.0,27.285,26.22,26.735
1721937600000,26.735,27.615,26.305,27.225
1721952000000,27.225,28.035,27.155,27.715
1721966400000,27.715,28.245,27.675,27.98
1721980800000,27.98,28.39,27.73,27.955
1721995200000,27.955,28.55,27.62,28.54
1722009600000,28.54,28.785,28.335,28.57
1722024000000,28.57,28.835,28.3,28.7
1722038400000,28.7,28.85,28.485,28.59
1722052800000,28.59,28.83,28.425,28.625
1722067200000,28.625,28.75,28.44,28.72
1722081600000,28.72,29.495,28.65,28.835
1722096000000,28.835,28.97,27.93,28.22
1722110400000,28.22,28.605,27.555,28.025
1722124800000,28.025,28.15,27.735,27.745
1722139200000,27.745,27.785,27.25,27.755
1722153600000,27.755,27.805,27.49,27.625
1722168000000,27.625,27.65,27.195,27.245
1722182400000,27.245,27.7,27.225,27.515
1722196800000,27.515,27.53,27.0,27.38
1722211200000,27.38,28.425,27.285,28.21
1722225600000,28.21,28.835,28.07,28.685
1722240000000,28.685,28.835,28.54,28.54
1722254400000,28.54,28.725,27.335,27.525
1722268800000,27.525,27.54,27.09,27.44
1722283200000,27.44,27.485,26.905,26.97
1722297600000,26.97,27.27,26.72,27.14
1722312000000,27.14,27.295,27.03,27.21
1722326400000,27.21,27.27,26.81,26.98
1722340800000,26.98,27.045,26.395,26.69
1722355200000,26.69,26.89,26.23,26.43
1722369600000,26.43,26.545,26.005,26.31
1722384000000,26.31,26.615,26.165,26.515
1722398400000,26.515,26.535,25.825,26.28
1722412800000,26.28,26.325,26.04,26.21
1722427200000,26.21,26.87,26.19,26.57
1722441600000,26.57,26.85,25.81,26.005
1722456000000,26.005,26.045,25.41,25.695
1722470400000,25.695,25.915,25.32,25.395
1722484800000,25.395,25.48,24.905,25.32
1722499200000,25.32,25.5,25.21,25.37
1722513600000,25.37,25.685,24.435,24.575
1722528000000,24.575,24.87,23.975,24.79
1722542400000,24.79,25.775,24.67,25.69
1722556800000,25.69,25.885,25.045,25.31
1722571200000,25.31,25.4,24.59,24.98
1722585600000,24.98,25.28,24.755,24.96
1722600000000,24.96,25.33,23.425,24.105
1722614400000,24.105,24.26,23.7,23.825
1722628800000,23.825,24.0,23.325,23.59
1722643200000,23.59,23.735,22.97,23.705
1722657600000,23.705,23.84,23.6,23.715
1722672000000,23.715,24.05,23.465,23.915
1722686400000,23.915,24.1,23.335,23.345
1722700800000,23.345,23.395,22.35,22.435
1722715200000,22.435,22.795,22.16,22.65
1722729600000,22.65,22.94,22.465,22.805
1722744000000,22.805,22.9,22.535,22.58
1722758400000,22.58,22.745,22.3,22.505
1722772800000,22.505,22.7,21.56,21.58
1722787200000,21.58,21.985,20.57,21.8
1722801600000,21.8,22.075,21.175,21.24
1722816000000,21.24,21.375,17.87,18.62
1722830400000,18.62,19.29,17.25,19.025
1722844800000,19.025,19.085,17.525,18.205
1722859200000,18.205,19.765,17.41,19.7
1722873600000,19.7,20.22,19.155,19.375
1722888000000,19.375,19.995,19.355,19.52
1722902400000,19.52,20.835,19.495,20.395
1722916800000,20.395,21.04,20.26,21.01
1722931200000,21.01,21.03,20.27,20.415
1722945600000,20.415,21.235,20.005,21.095
1722960000000,21.095,21.44,20.995,21.105
1722974400000,21.105,21.355,20.765,20.875
1722988800000,20.875,21.44,20.545,21.185
1723003200000,21.185,21.675,21.05,21.22
1723017600000,21.22,21.51,20.885,20.925
1723032000000,20.925,21.12,20.09,20.405
1723046400000,20.405,20.455,19.825,19.985
1723060800000,19.985,20.16,19.68,19.84
1723075200000,19.84,20.93,19.51,20.635
1723089600000,20.635,20.85,20.55,20.565
1723104000000,20.565,20.7,20.465,20.55
1723118400000,20.55,21.93,20.38,21.925
1723132800000,21.925,22.2,21.59,21.65
1723147200000,21.65,22.78,21.64,22.73
1723161600000,22.73,22.795,22.175,22.175
1723176000000,22.175,22.18,21.605,21.805
1723190400000,21.805,21.91,21.465,21.715
1723204800000,21.715,21.95,21.245,21.345
1723219200000,21.345,21.66,21.3,21.465
1723233600000,21.465,21.795,21.37,21.735
1723248000000,21.735,22.045,21.475,21.57
1723262400000,21.57,21.67,21.38,21.655
1723276800000,21.655,21.775,21.525,21.765
1723291200000,21.765,21.87,21.52,21.675
1723305600000,21.675,21.785,21.59,21.62
1723320000000,21.62,21.755,21.485,21.56
1723334400000,21.56,22.175,21.52,21.975
1723348800000,21.975,22.135,21.81,22.06
1723363200000,22.06,22.37,21.67,21.76
1723377600000,21.76,21.77,21.14,21.28
1723392000000,21.28,21.285,20.795,20.825
1723406400000,20.825,20.825,20.35,20.39
1723420800000,20.39,20.74,20.29,20.67
1723435200000,20.67,21.095,20.43,21.025
1723449600000,21.025,21.55,20.89,21.505
1723464000000,21.505,21.71,20.58,21.34
1723478400000,21.34,21.42,20.775,21.025
1723492800000,21.025,21.34,20.685,21.25
1723507200000,21.25,21.335,20.77,20.825
1723521600000,20.825,21.09,20.695,20.96
1723536000000,20.96,20.995,20.575,20.835
1723550400000,20.835,21.07,20.73,21.02
1723564800000,21.02,21.605,20.995,21.33
1723579200000,21.33,21.52,21.195,21.365
1723593600000,21.365,21.475,21.165,21.295
1723608000000,21.295,21.44,21.135,21.28
1723622400000,21.28,21.665,21.17,21.55
1723636800000,21.55,21.86,20.745,21.285
1723651200000,21.285,21.4,20.945,21.08
1723665600000,21.08,21.125,20.8,20.945
1723680000000,20.945,21.135,20.73,20.925
1723694400000,20.925,20.975,20.52,20.945
1723708800000,20.945,21.125,20.77,21.075
1723723200000,21.075,21.135,20.75,20.9
1723737600000,20.9,20.985,19.805,20.04
1723752000000,20.04,20.24,19.835,20.11
1723766400000,20.11,20.46,19.995,20.18
1723780800000,20.18,20.595,20.135,20.525
1723795200000,20.525,20.565,20.245,20.3
1723809600000,20.3,20.41,19.75,19.945
1723824000000,19.945,20.465,19.925,20.4
1723838400000,20.4,20.67,20.34,20.355
1723852800000,20.355,20.52,20.22,20.42
1723867200000,20.42,20.59,20.375,20.56
1723881600000,20.56,20.575,20.365,20.46
1723896000000,20.46,20.64,20.36,20.455
1723910400000,20.455,20.655,20.45,20.555
1723924800000,20.555,20.7,20.485,20.69
1723939200000,20.69,20.865,20.525,20.6
1723953600000,20.6,20.925,20.54,20.74
1723968000000,20.74,21.055,20.675,21.005
1723982400000,21.005,21.385,20.96,21.21
1723996800000,21.21,21.345,20.995,21.345
1724011200000,21.345,21.505,20.75,20.8
1724025600000,20.8,20.935,20.63,20.88
1724040000000,20.88,20.885,20.545,20.665
1724054400000,20.665,20.84,20.475,20.7
1724068800000,20.7,20.825,20.36,20.555
1724083200000,20.555,21.035,20.42,20.81
1724097600000,20.81,21.235,20.76,21.195
1724112000000,21.195,21.795,21.14,21.785
1724126400000,21.785,22.07,21.7,22.06
1724140800000,22.06,22.155,21.87,21.985
1724155200000,21.985,22.215,21.455,21.765
1724169600000,21.765,22.645,21.73,22.55
1724184000000,22.55,22.78,22.215,22.25
1724198400000,22.25,23.17,22.235,23.17
1724212800000,23.17,23.595,22.925,23.28
1724227200000,23.28,23.39,22.825,22.86
1724241600000,22.86,23.465,22.785,23.085
1724256000000,23.085,23.65,22.955,23.6
1724270400000,23.6,23.79,23.39,23.515
1724284800000,23.515,23.645,23.025,23.215
1724299200000,23.215,23.5,23.135,23.24
1724313600000,23.24,23.55,23.165,23.515
1724328000000,23.515,25.235,23.505,24.585
1724342400000,24.585,24.62,24.12,24.46
1724356800000,24.46,25.28,24.46,25.195
1724371200000,25.195,26.605,25.19,26.45
1724385600000,26.45,26.535,25.615,25.74
1724400000000,25.74,26.285,25.74,26.065
1724414400000,26.065,26.84,25.86,26.1
1724428800000,26.1,26.785,26.005,26.67
1724443200000,26.67,26.995,26.46,26.485
1724457600000,26.485,26.565,26.175,26.24
1724472000000,26.24,26.675,26.185,26.61
1724486400000,26.61,27.71,26.45,27.485
1724500800000,27.485,27.82,27.18,27.755
1724515200000,27.755,27.995,27.395,27.44
1724529600000,27.44,27.525,26.745,27.105
1724544000000,27.105,27.16,26.47,26.92
1724558400000,26.92,27.085,26.11,26.285
1724572800000,26.285,26.64,26.125,26.61
1724587200000,26.61,27.165,26.47,27.015
1724601600000,27.015,27.24,26.775,26.93
1724616000000,26.93,27.665,26.85,26.9
1724630400000,26.9,27.18,26.295,26.835
1724644800000,26.835,27.105,26.59,26.785
1724659200000,26.785,27.075,26.54,26.84
1724673600000,26.84,26.895,26.225,26.52
1724688000000,26.52,26.735,26.14,26.26
1724702400000,26.26,26.455,25.875,25.93
1724716800000,25.93,26.37,25.925,26.29
1724731200000,26.29,26.8,26.165,26.54
1724745600000,26.54,26.65,25.495,25.75
1724760000000,25.75,25.785,25.245,25.315
1724774400000,25.315,25.795,25.18,25.555
1724788800000,25.555,25.555,23.66,24.07
1724803200000,24.07,24.23,23.565,24.19
1724817600000,24.19,24.245,23.58,23.605
1724832000000,23.605,24.815,23.45,24.66
1724846400000,24.66,24.815,23.58,23.85
1724860800000,23.85,24.245,23.145,23.78
1724875200000,23.78,24.125,23.195,23.43
1724889600000,23.43,23.63,23.27,23.465
1724904000000,23.465,23.915,23.31,23.82
1724918400000,23.82,23.94,23.43,23.58
1724932800000,23.58,24.655,23.53,24.325
1724947200000,24.325,24.53,22.92,23.18
1724961600000,23.18,23.255,22.765,22.88
1724976000000,22.88,23.135,22.755,22.97
1724990400000,22.97,23.555,22.85,23.365
1725004800000,23.365,23.63,23.175,23.195
1725019200000,23.195,23.48,22.175,22.36
1725033600000,22.36,23.245,22.175,22.975
1725048000000,22.975,23.325,22.975,23.275
1725062400000,23.275,23.385,23.12,23.175
1725076800000,23.175,23.33,22.965,22.99
1725091200000,22.99,23.1,22.76,23.01
1725105600000,23.01,23.115,22.85,23.035
1725120000000,23.035,23.035,22.455,22.68
1725134400000,22.68,22.87,22.59,22.775
1725148800000,22.775,22.815,22.21,22.46
1725163200000,22.46,22.48,21.88,22.255
1725177600000,22.255,22.58,22.0,22.335
1725192000000,22.335,22.515,21.84,22.41
1725206400000,22.41,22.47,21.735,22.12
1725220800000,22.12,22.29,21.105,21.395
1725235200000,21.395,21.895,21.34,21.8
1725249600000,21.8,22.055,21.5,21.575
1725264000000,21.575,22.33,21.565,22.16
1725278400000,22.16,22.25,21.82,22.045
1725292800000,22.045,22.185,21.935,22.075
1725307200000,22.075,22.56,22.07,22.345
1725321600000,22.345,22.715,22.27,22.495
1725336000000,22.495,22.53,22.26,22.51
1725350400000,22.51,22.515,22.12,22.375
1725364800000,22.375,22.495,21.515,21.58
1725379200000,21.58,21.855,21.495,21.81
1725393600000,21.81,21.81,21.325,21.37
1725408000000,21.37,21.585,20.43,21.425
1725422400000,21.425,21.745,21.18,21.655
1725436800000,21.655,21.795,21.385,21.465
1725451200000,21.465,22.04,21.305,22.02
1725465600000,22.02,22.305,21.78,21.88
1725480000000,21.88,22.1,21.75,21.89
1725494400000,21.89,22.17,21.61,21.69
1725508800000,21.69,21.925,21.5,21.775
1725523200000,21.775,21.855,21.545,21.69
1725537600000,21.69,22.03,21.23,21.395
1725552000000,21.395,21.74,21.205,21.31
1725566400000,21.31,21.475,21.225,21.35
1725580800000,21.35,21.725,21.235,21.6
1725595200000,21.6,21.84,21.325,21.49
1725609600000,21.49,21.72,21.335,21.51
1725624000000,21.51,22.185,21.06,21.33
1725638400000,21.33,21.39,20.715,20.965
1725652800000,20.965,21.15,20.445,21.14
1725667200000,21.14,21.275,21.035,21.22
1725681600000,21.22,21.685,21.205,21.67
1725696000000,21.67,21.7,21.44,21.59
1725710400000,21.59,21.99,21.58,21.83
1725724800000,21.83,21.9,21.58,21.83
1725739200000,21.83,21.845,21.58,21.785
1725753600000,21.785,22.365,21.695,22.365
1725768000000,22.365,23.21,22.345,23.065
1725782400000,23.065,23.15,22.82,23.045
1725796800000,23.045,23.085,22.425,22.45
1725811200000,22.45,23.055,22.365,22.945
1725825600000,22.945,23.49,22.865,23.23
1725840000000,23.23,23.54,23.12,23.48
1725854400000,23.48,23.705,23.17,23.685
1725868800000,23.685,24.345,23.67,23.7
1725883200000,23.7,23.885,23.275,23.575
1725897600000,23.575,24.31,23.565,24.175
1725912000000,24.175,24.41,23.815,23.825
1725926400000,23.825,23.85,23.56,23.585
1725940800000,23.585,23.82,23.54,23.78
1725955200000,23.78,24.09,23.6,24.055
1725969600000,24.055,24.125,23.72,23.735
1725984000000,23.735,24.485,23.725,24.385
1725998400000,24.385,24.565,24.26,24.34
1726012800000,24.34,24.5,23.77,23.83
1726027200000,23.83,23.83,23.235,23.62
1726041600000,23.62,23.64,23.32,23.615
1726056000000,23.615,23.755,22.86,23.31
1726070400000,23.31,23.655,23.26,23.415
1726084800000,23.415,23.52,23.245,23.26
1726099200000,23.26,24.02,23.24,23.675
1726113600000,23.675,23.805,23.42,23.5
1726128000000,23.5,23.745,23.44,23.58
1726142400000,23.58,23.925,23.41,23.45
1726156800000,23.45,24.02,23.435,23.85
1726171200000,23.85,24.13,23.695,24.005
1726185600000,24.005,24.095,23.665,23.675
1726200000000,23.675,23.85,23.65,23.815
1726214400000,23.815,24.24,23.665,23.85
1726228800000,23.85,24.725,23.655,24.69
1726243200000,24.69,24.805,24.5,24.695
1726257600000,24.695,25.08,24.67,24.89
1726272000000,24.89,25.08,24.855,25.025
1726286400000,25.025,25.04,24.82,24.905
1726300800000,24.905,24.99,24.61,24.655
1726315200000,24.655,25.605,24.6,25.465
1726329600000,25.465,25.66,25.16,25.25
1726344000000,25.25,25.465,25.035,25.315
1726358400000,25.315,25.37,24.935,25.055
1726372800000,25.055,25.06,24.745,24.87
1726387200000,24.87,24.87,24.525,24.615
1726401600000,24.615,24.88,24.56,24.72
1726416000000,24.72,24.73,24.31,24.35
1726430400000,24.35,24.38,23.625,23.775
1726444800000,23.775,23.845,23.295,23.645
1726459200000,23.645,24.125,23.52,24.045
1726473600000,24.045,24.225,23.81,23.855
1726488000000,23.855,23.885,23.285,23.5
1726502400000,23.5,23.575,23.205,23.45
1726516800000,23.45,23.57,23.29,23.495
1726531200000,23.495,23.53,23.14,23.47
1726545600000,23.47,24.03,23.45,23.775
1726560000000,23.775,24.02,23.665,23.835
1726574400000,23.835,24.485,23.61,24.395
1726588800000,24.395,24.46,23.675,23.855
1726603200000,23.855,23.96,23.67,23.76
1726617600000,23.76,23.885,23.485,23.835
1726632000000,23.835,23.845,23.53,23.6
1726646400000,23.6,23.6,23.055,23.24
1726660800000,23.24,23.355,22.83,22.905
1726675200000,22.905,23.795,22.765,23.365
1726689600000,23.365,24.73,23.165,24.695
1726704000000,24.695,26.145,24.695,25.615
1726718400000,25.615,25.92,25.57,25.89
1726732800000,25.89,26.36,25.85,26.225
1726747200000,26.225,26.52,26.06,26.375
1726761600000,26.375,26.595,26.25,26.41
1726776000000,26.41,26.775,26.095,26.65
1726790400000,26.65,27.85,26.455,27.83
1726804800000,27.83,28.385,27.665,28.185
1726819200000,28.185,28.77,28.1,28.115
1726833600000,28.115,28.24,27.115,27.185
1726848000000,27.185,27.34,26.77,27.085
1726862400000,27.085,27.66,27.085,27.65
1726876800000,27.65,27.745,27.095,27.155
1726891200000,27.155,27.31,26.945,27.235
1726905600000,27.235,27.615,27.16,27.565
1726920000000,27.565,28.12,27.435,27.56
1726934400000,27.56,27.68,27.335,27.355
1726948800000,27.355,27.965,27.315,27.765
1726963200000,27.765,27.79,27.06,27.245
1726977600000,27.245,27.46,27.12,27.37
1726992000000,27.37,27.43,26.81,26.9
1727006400000,26.9,27.04,26.605,26.85
1727020800000,26.85,27.145,26.615,27.09
1727035200000,27.09,27.495,26.425,27.28
1727049600000,27.28,28.145,26.535,27.85
1727064000000,27.85,27.945,27.365,27.63
1727078400000,27.63,27.665,27.18,27.315
1727092800000,27.315,27.735,27.25,27.55
1727107200000,27.55,27.715,27.14,27.35
1727121600000,27.35,27.465,27.065,27.375
1727136000000,27.375,27.395,26.815,27.27
1727150400000,27.27,27.425,27.01,27.38
1727164800000,27.38,27.77,27.35,27.675
1727179200000,27.675,27.81,26.89,27.125
1727193600000,27.125,27.725,27.09,27.68
1727208000000,27.68,28.525,27.485,28.45
1727222400000,28.45,28.48,27.7,27.95
1727236800000,27.95,27.955,27.315,27.6
1727251200000,27.6,27.83,27.51,27.82
1727265600000,27.82,28.075,27.49,27.66
1727280000000,27.66,27.705,27.24,27.465
1727294400000,27.465,27.64,27.14,27.265
1727308800000,27.265,27.57,26.94,27.525
1727323200000,27.525,28.02,27.435,28.005
1727337600000,28.005,28.245,27.72,28.235
1727352000000,28.235,29.315,28.23,29.185
1727366400000,29.185,29.425,28.835,28.895
1727380800000,28.895,29.305,28.75,29.15
1727395200000,29.15,29.42,28.91,29.41
1727409600000,29.41,29.75,29.275,29.615
1727424000000,29.615,30.11,29.58,29.85
1727438400000,29.85,30.83,29.71,30.14
1727452800000,30.14,30.58,30.01,30.19
1727467200000,30.19,30.545,30.015,30.425
1727481600000,30.425,30.735,30.125,30.18
1727496000000,30.18,30.215,29.38,29.445
1727510400000,29.445,29.7,29.01,29.495
1727524800000,29.495,29.625,29.095,29.45
1727539200000,29.45,29.465,29.145,29.355
1727553600000,29.355,29.39,29.07,29.27
1727568000000,29.27,29.455,29.02,29.11
1727582400000,29.11,29.155,28.55,28.6
1727596800000,28.6,28.815,28.505,28.665
1727611200000,28.665,28.84,28.215,28.82
1727625600000,28.82,29.26,28.62,29.26
1727640000000,29.26,29.415,28.87,29.02
1727654400000,29.02,29.1,28.11,28.57
1727668800000,28.57,29.01,28.315,28.955
1727683200000,28.955,29.005,27.945,28.315
1727697600000,28.315,28.575,27.885,27.925
1727712000000,27.925,28.29,27.91,27.93
1727726400000,27.93,28.335,27.535,27.695
1727740800000,27.695,28.41,27.58,28.38
1727755200000,28.38,28.72,28.305,28.575
1727769600000,28.575,28.88,28.55,28.65
1727784000000,28.65,28.755,25.945,26.675
1727798400000,26.675,26.865,25.005,25.905
1727812800000,25.905,26.22,25.38,25.805
1727827200000,25.805,26.47,25.585,26.365
1727841600000,26.365,26.77,26.015,26.59
1727856000000,26.59,26.715,25.685,25.975
1727870400000,25.975,26.235,25.44,26.2
1727884800000,26.2,26.45,24.995,25.205
1727899200000,25.205,25.61,25.07,25.31
1727913600000,25.31,25.61,25.1,25.545
1727928000000,25.545,25.655,24.845,24.86
1727942400000,24.86,25.055,24.165,24.655
1727956800000,24.655,24.785,23.86,24.36
1727971200000,24.36,24.75,23.915,24.735
1727985600000,24.735,24.81,24.395,24.635
1728000000000,24.635,25.1,24.4,24.9
1728014400000,24.9,25.31,24.85,25.275
1728028800000,25.275,25.68,25.225,25.67
1728043200000,25.67,26.12,25.275,26.115
1728057600000,26.115,26.47,25.97,26.27
1728072000000,26.27,26.385,26.105,26.24
1728086400000,26.24,26.415,25.74,25.835
1728100800000,25.835,26.3,25.79,25.99
1728115200000,25.99,26.115,25.795,25.845
1728129600000,25.845,25.945,25.54,25.71
1728144000000,25.71,25.72,25.39,25.435
1728158400000,25.435,25.745,25.09,25.655
1728172800000,25.655,25.86,25.485,25.61
1728187200000,25.61,26.26,25.61,26.19
1728201600000,26.19,26.35,26.02,26.34
1728216000000,26.34,26.95,26.335,26.91
1728230400000,26.91,27.065,26.71,26.825
1728244800000,26.825,26.985,26.61,26.92
1728259200000,26.92,27.525,26.82,27.27
1728273600000,27.27,27.53,27.185,27.215
1728288000000,27.215,27.32,26.61,26.99
1728302400000,26.99,27.72,26.87,27.115
1728316800000,27.115,27.415,26.77,27.11
1728331200000,27.11,27.15,26.475,26.54
1728345600000,26.54,27.175,26.53,27.075
1728360000000,27.075,27.115,26.19,26.5
1728374400000,26.5,26.75,26.35,26.69
1728388800000,26.69,26.84,26.005,26.31
1728403200000,26.31,26.56,26.15,26.375
1728417600000,26.375,26.69,26.22,26.33
1728432000000,26.33,26.675,26.155,26.31
1728446400000,26.31,26.58,26.2,26.435
1728460800000,26.435,26.575,26.27,26.435
1728475200000,26.435,26.45,25.655,26.185
1728489600000,26.185,26.26,25.75,26.07
1728504000000,26.07,26.145,25.7,25.755
1728518400000,25.755,26.02,25.52,25.94
1728532800000,25.94,26.35,25.875,26.095
1728547200000,26.095,26.215,25.645,26.135
1728561600000,26.135,26.265,25.49,25.835
1728576000000,25.835,25.915,25.04,25.5
1728590400000,25.5,25.91,25.405,25.845
1728604800000,25.845,26.13,25.735,26.035
1728619200000,26.035,26.18,25.945,26.12
1728633600000,26.12,26.63,26.11,26.41
1728648000000,26.41,26.805,26.33,26.755
1728662400000,26.755,27.31,26.665,27.305
1728676800000,27.305,27.585,27.22,27.445
1728691200000,27.445,28.995,27.38,28.3
1728705600000,28.3,28.545,28.12,28.165
1728720000000,28.165,28.585,28.085,28.545
1728734400000,28.545,29.365,28.49,29.085
1728748800000,29.085,29.255,28.835,28.95
1728763200000,28.95,28.99,28.51,28.615
1728777600000,28.615,29.01,28.41,28.79
1728792000000,28.79,29.12,28.785,29.005
1728806400000,29.005,29.35,28.88,28.99
1728820800000,28.99,29.265,28.365,28.45
1728835200000,28.45,28.815,28.275,28.615
1728849600000,28.615,29.255,28.415,29.045
1728864000000,29.045,29.77,28.62,29.72
1728878400000,29.72,29.845,29.29,29.47
1728892800000,29.47,29.56,29.115,29.345
1728907200000,29.345,29.73,29.05,29.54
1728921600000,29.54,29.59,28.96,29.105
1728936000000,29.105,29.41,28.92,29.05
1728950400000,29.05,29.09,28.655,28.705
1728964800000,28.705,28.915,28.44,28.77
1728979200000,28.77,29.345,28.3,28.465
1728993600000,28.465,29.605,27.48,28.1
1729008000000,28.1,28.605,28.0,28.21
1729022400000,28.21,28.405,27.715,28.2
1729036800000,28.2,28.2,27.625,27.64
1729051200000,27.64,27.81,27.24,27.33
1729065600000,27.33,28.0,27.27,27.845
1729080000000,27.845,28.155,27.38,27.465
1729094400000,27.465,27.795,27.305,27.6
1729108800000,27.6,28.18,27.59,28.005
1729123200000,28.005,28.26,27.925,28.05
1729137600000,28.05,28.05,27.355,27.56
1729152000000,27.56,27.82,27.16,27.245
1729166400000,27.245,27.875,27.17,27.735
1729180800000,27.735,27.76,26.785,27.135
1729195200000,27.135,27.375,27.045,27.285
1729209600000,27.285,27.74,27.085,27.4
1729224000000,27.4,27.785,27.35,27.675
1729238400000,27.675,27.725,27.41,27.44
1729252800000,27.44,27.865,27.31,27.785
1729267200000,27.785,28.155,27.585,27.86
1729281600000,27.86,28.105,27.78,28.08
1729296000000,28.08,28.45,28.025,28.26
1729310400000,28.26,28.33,28.045,28.05
1729324800000,28.05,28.165,27.71,27.72
1729339200000,27.72,28.245,27.7,28.12
1729353600000,28.12,28.14,27.88,27.905
1729368000000,27.905,28.185,27.89,28.095
1729382400000,28.095,28.215,27.76,27.82
1729396800000,27.82,28.04,27.76,27.93
1729411200000,27.93,28.18,27.865,28.13
1729425600000,28.13,28.455,27.825,28.385
1729440000000,28.385,28.43,28.12,28.31
1729454400000,28.31,29.0,28.215,28.975
1729468800000,28.975,29.37,28.595,28.69
1729483200000,28.69,29.09,28.59,28.62
1729497600000,28.62,28.8,28.235,28.26
1729512000000,28.26,28.345,27.575,27.76
1729526400000,27.76,27.995,27.37,27.995
1729540800000,27.995,28.035,27.72,27.73
1729555200000,27.73,28.13,27.39,28.01
1729569600000,28.01,28.22,27.885,27.975
1729584000000,27.975,28.01,27.22,27.75
1729598400000,27.75,27.935,27.395,27.795
1729612800000,27.795,27.795,27.355,27.65
1729627200000,27.65,27.79,27.545,27.625
1729641600000,27.625,27.69,27.12,27.32
1729656000000,27.32,27.46,27.02,27.065
1729670400000,27.065,27.205,26.545,26.615
1729684800000,26.615,26.9,26.315,26.485
1729699200000,26.485,26.58,25.86,26.575
1729713600000,26.575,26.79,26.47,26.74
1729728000000,26.74,27.22,26.555,26.99
1729742400000,26.99,27.17,26.835,26.835
1729756800000,26.835,26.925,26.365,26.59
1729771200000,26.59,26.915,26.535,26.785
1729785600000,26.785,27.045,26.665,27.03
1729800000000,27.03,27.27,26.77,26.82
1729814400000,26.82,26.88,26.365,26.54
1729828800000,26.54,26.58,26.03,26.225
1729843200000,26.225,26.575,26.035,26.53
1729857600000,26.53,26.76,26.045,26.13
1729872000000,26.13,26.26,25.405,25.885
1729886400000,25.885,26.065,23.835,24.9
1729900800000,24.9,25.345,24.525,25.26
1729915200000,25.26,25.58,25.205,25.405
1729929600000,25.405,25.645,25.375,25.605
1729944000000,25.605,25.665,24.89,25.065
1729958400000,25.065,25.46,24.96,25.41
1729972800000,25.41,25.61,25.275,25.385
1729987200000,25.385,25.585,25.225,25.565
1730001600000,25.565,25.59,25.42,25.44
1730016000000,25.44,25.53,25.285,25.35
1730030400000,25.35,25.81,25.35,25.78
1730044800000,25.78,25.925,25.57,25.66
1730059200000,25.66,25.895,25.58,25.74
1730073600000,25.74,25.85,25.14,25.19
1730088000000,25.19,25.86,25.035,25.735
1730102400000,25.735,26.27,25.725,26.19
1730116800000,26.19,26.295,25.55,25.56
1730131200000,25.56,26.025,25.33,25.85
1730145600000,25.85,26.52,25.815,26.245
1730160000000,26.245,26.955,26.16,26.79
1730174400000,26.79,26.88,26.46,26.53
1730188800000,26.53,26.815,26.485,26.745
1730203200000,26.745,26.835,26.395,26.73
1730217600000,26.73,27.145,26.525,26.575
1730232000000,26.575,26.91,26.275,26.865
1730246400000,26.865,26.895,26.38,26.59
1730260800000,26.59,26.765,26.475,26.61
1730275200000,26.61,26.695,26.09,26.115
1730289600000,26.115,26.49,25.975,26.12
1730304000000,26.12,26.32,26.055,26.155
1730318400000,26.155,26.49,26.03,26.16
1730332800000,26.16,26.215,25.915,26.06
1730347200000,26.06,26.065,25.74,25.915
1730361600000,25.915,25.93,25.65,25.735
1730376000000,25.735,25.78,25.075,25.245
1730390400000,25.245,25.245,24.66,24.685
1730404800000,24.685,25.18,24.66,25.005
1730419200000,25.005,25.05,24.54,24.86
1730433600000,24.86,24.99,24.38,24.645
1730448000000,24.645,25.175,24.63,25.115
1730462400000,25.115,25.7,24.565,24.875
1730476800000,24.875,25.2,24.655,24.765
1730491200000,24.765,24.945,24.475,24.78
1730505600000,24.78,25.01,24.75,24.82
1730520000000,24.82,24.965,24.745,24.86
1730534400000,24.86,24.9,24.615,24.65
1730548800000,24.65,24.695,24.04,24.23
1730563200000,24.23,24.365,23.895,24.155
1730577600000,24.155,24.255,23.97,24.1
1730592000000,24.1,24.185,23.165,23.57
1730606400000,23.57,23.775,23.515,23.595
1730620800000,23.595,23.625,23.185,23.205
1730635200000,23.205,23.29,22.58,23.03
1730649600000,23.03,23.3,22.82,23.28
1730664000000,23.28,23.71,23.22,23.52
1730678400000,23.52,23.915,23.31,23.685
1730692800000,23.685,23.835,23.44,23.46
1730707200000,23.46,23.69,23.205,23.585
1730721600000,23.585,23.79,23.125,23.205
1730736000000,23.205,23.23,22.855,22.895
1730750400000,22.895,23.505,22.315,22.715
1730764800000,22.715,22.91,22.56,22.84
1730779200000,22.84,23.215,22.84,23.17
1730793600000,23.17,23.395,23.115,23.285
1730808000000,23.285,24.21,23.235,23.955
1730822400000,23.955,24.465,23.615,23.695
1730836800000,23.695,24.115,23.58,23.97
1730851200000,23.97,26.46,23.965,26.2
1730865600000,26.2,26.54,25.76,25.88
1730880000000,25.88,26.355,25.47,26.345
1730894400000,26.345,26.585,25.985,26.14
1730908800000,26.14,26.665,26.01,26.615
1730923200000,26.615,27.37,26.445,27.01
1730937600000,27.01,28.02,26.95,27.705
1730952000000,27.705,27.75,26.735,26.935
1730966400000,26.935,27.15,26.645,26.655
1730980800000,26.655,27.3,26.53,27.3
1730995200000,27.3,27.715,27.14,27.625
1731009600000,27.625,27.78,27.095,27.4
1731024000000,27.4,28.025,27.1,27.41
1731038400000,27.41,27.705,27.175,27.59
1731052800000,27.59,28.255,27.355,28.165
1731067200000,28.165,28.59,27.825,28.085
1731081600000,28.085,28.515,27.515,28.34
1731096000000,28.34,28.815,28.08,28.8
1731110400000,28.8,29.68,28.575,28.69
1731124800000,28.69,29.7,28.69,29.295
1731139200000,29.295,29.82,29.26,29.525
1731153600000,29.525,29.625,28.63,28.825
1731168000000,28.825,29.17,28.48,29.005
1731182400000,29.005,30.53,28.965,30.405
1731196800000,30.405,30.7,29.685,30.505
1731211200000,30.505,32.085,30.5,31.55
1731225600000,31.55,32.21,31.295,32.02
1731240000000,32.02,32.855,31.56,32.355
1731254400000,32.355,33.335,31.72,32.06
1731268800000,32.06,32.445,30.01,31.91
1731283200000,31.91,32.675,31.745,32.28
1731297600000,32.28,32.315,30.71,31.355
1731312000000,31.355,32.285,31.195,32.17
1731326400000,32.17,32.95,31.685,32.49
1731340800000,32.49,34.65,32.45,34.0
1731355200000,34.0,35.855,33.815,35.77
1731369600000,35.77,36.385,34.16,36.0
1731384000000,36.0,37.455,34.95,36.45
1731398400000,36.45,37.76,33.0,34.48
1731412800000,34.48,35.27,32.665,33.905
1731427200000,33.905,34.705,33.21,34.28
1731441600000,34.28,35.165,33.655,33.97
1731456000000,33.97,34.8,32.36,32.37
1731470400000,32.37,33.02,31.21,32.07
1731484800000,32.07,32.605,31.695,32.24
1731499200000,32.24,34.935,31.85,34.775
1731513600000,34.775,35.1,32.355,32.475
1731528000000,32.475,33.255,31.63,33.125
1731542400000,33.125,33.425,32.24,33.365
1731556800000,33.365,34.765,32.955,33.76
1731571200000,33.76,33.84,32.105,32.5
1731585600000,32.5,32.905,31.31,31.785
1731600000000,31.785,32.76,31.6,32.33
1731614400000,32.33,32.33,30.675,31.2
1731628800000,31.2,31.76,30.97,31.595
1731643200000,31.595,32.015,30.57,31.61
1731657600000,31.61,32.5,31.31,32.435
1731672000000,32.435,32.81,31.165,31.41
1731686400000,31.41,32.78,31.24,32.47
1731700800000,32.47,33.33,32.46,33.145
1731715200000,33.145,34.4,32.81,34.38
1731729600000,34.38,35.6,34.275,34.29
1731744000000,34.29,35.38,34.285,35.365
1731758400000,35.365,35.77,34.33,34.6
1731772800000,34.6,35.46,34.34,35.255
1731787200000,35.255,35.47,34.705,35.18
1731801600000,35.18,35.76,33.095,34.45
1731816000000,34.45,36.89,34.265,36.54
1731830400000,36.54,37.32,36.28,36.365
1731844800000,36.365,37.085,36.095,36.595
1731859200000,36.595,36.735,34.77,35.29
1731873600000,35.29,35.585,34.295,34.74
1731888000000,34.74,35.67,34.555,35.645
1731902400000,35.645,36.195,35.15,35.95
1731916800000,35.95,36.065,34.62,34.8
1731931200000,34.8,35.785,34.055,35.565
1731945600000,35.565,36.16,34.415,34.875
1731960000000,34.875,35.74,34.71,35.51
1731974400000,35.51,35.535,34.765,35.24
1731988800000,35.24,35.685,34.725,35.09
1732003200000,35.09,35.22,34.32,34.895
1732017600000,34.895,35.48,33.655,34.44
1732032000000,34.44,35.21,34.29,34.785
1732046400000,34.785,34.955,33.515,34.24
1732060800000,34.24,34.25,33.005,33.575
1732075200000,33.575,34.085,33.22,34.015
1732089600000,34.015,35.78,34.01,34.825
1732104000000,34.825,35.595,34.305,34.89
1732118400000,34.89,35.04,32.78,33.2
1732132800000,33.2,34.43,33.065,33.6
1732147200000,33.6,33.945,32.325,33.1
1732161600000,33.1,34.505,33.035,34.305
1732176000000,34.305,34.415,33.435,34.09
1732190400000,34.09,36.025,34.07,35.005
1732204800000,35.005,36.215,34.905,35.765
1732219200000,35.765,36.26,35.575,35.87
1732233600000,35.87,36.875,35.22,36.205
1732248000000,36.205,36.73,35.73,35.77
1732262400000,35.77,38.205,35.77,38.14
1732276800000,38.14,39.595,37.32,39.54
1732291200000,39.54,40.045,38.675,39.535
1732305600000,39.535,43.605,39.295,43.23
1732320000000,43.23,45.345,42.44,44.025
1732334400000,44.025,45.075,42.805,42.97
1732348800000,42.97,43.245,41.98,42.34
1732363200000,42.34,43.82,42.225,43.195
1732377600000,43.195,43.75,41.085,41.97
1732392000000,41.97,42.31,40.71,41.465
1732406400000,41.465,43.05,41.265,42.46
1732420800000,42.46,43.19,41.73,42.35
1732435200000,42.35,42.4,40.01,40.08
1732449600000,40.08,40.55,38.255,38.805
1732464000000,38.805,40.4,38.65,40.205
1732478400000,40.205,42.24,40.04,42.085
1732492800000,42.085,42.165,40.06,41.365
1732507200000,41.365,45.07,41.295,45.05
1732521600000,45.05,47.95,44.475,45.575
1732536000000,45.575,45.93,42.01,43.245
1732550400000,43.245,43.99,41.21,42.075
1732564800000,42.075,43.325,40.7,41.325
1732579200000,41.325,43.025,41.12,41.725
1732593600000,41.725,42.42,40.895,41.2
1732608000000,41.2,41.24,38.52,40.015
1732622400000,40.015,42.53,39.88,41.045
1732636800000,41.045,42.665,40.69,41.5
1732651200000,41.5,43.4,41.275,42.745
1732665600000,42.745,43.72,41.965,42.545
1732680000000,42.545,43.725,42.235,43.325
1732694400000,43.325,44.5,42.87,43.5
1732708800000,43.5,44.185,42.375,43.765
1732723200000,43.765,43.885,42.655,43.195
1732737600000,43.195,44.3,43.005,43.825
1732752000000,43.825,44.29,42.625,43.18
1732766400000,43.18,43.875,42.515,42.685
1732780800000,42.685,43.035,41.73,42.27
1732795200000,42.27,42.895,41.515,41.685
1732809600000,41.685,42.7,41.66,42.49
1732824000000,42.49,43.24,42.04,42.805
1732838400000,42.805,43.86,42.555,43.35
1732852800000,43.35,43.64,42.655,42.67
1732867200000,42.67,44.1,42.665,43.845
1732881600000,43.845,44.645,43.41,44.36
1732896000000,44.36,44.825,43.88,44.48
1732910400000,44.48,45.115,44.0,44.9
1732924800000,44.9,44.915,43.71,44.425
1732939200000,44.425,45.7,44.16,45.455
1732953600000,45.455,46.045,44.36,44.77
1732968000000,44.77,46.325,44.74,45.62
1732982400000,45.62,45.99,45.12,45.55
1732996800000,45.55,45.84,44.82,44.85
1733011200000,44.85,45.74,43.805,44.355
1733025600000,44.355,44.6,43.975,44.2
1733040000000,44.2,44.53,43.5,44.17
1733054400000,44.17,45.97,43.85,45.32
1733068800000,45.32,45.59,44.59,45.285
1733083200000,45.285,45.85,44.1,45.15
1733097600000,45.15,49.19,45.055,47.165
1733112000000,47.165,48.785,46.4,48.51
1733126400000,48.51,49.135,45.09,46.25
1733140800000,46.25,50.075,46.035,49.12
1733155200000,49.12,49.72,46.8,48.525
1733169600000,48.525,52.555,48.075,52.32
1733184000000,52.32,52.935,50.76,52.08
1733198400000,52.08,52.445,50.365,50.845
1733212800000,50.845,52.15,50.605,51.84
1733227200000,51.84,54.0,47.855,50.21
1733241600000,50.21,51.015,49.275,50.355
1733256000000,50.355,51.865,50.28,50.95
1733270400000,50.95,52.54,50.895,51.935
1733284800000,51.935,54.995,51.93,54.575
1733299200000,54.575,55.14,53.75,54.01
1733313600000,54.01,55.835,53.115,55.695
1733328000000,55.695,55.88,52.62,54.485
1733342400000,54.485,55.435,52.07,52.825
1733356800000,52.825,52.855,49.7,51.02
1733371200000,51.02,52.41,50.92,52.04
1733385600000,52.04,52.88,51.92,52.83
1733400000000,52.83,53.4,51.715,52.305
1733414400000,52.305,53.71,51.64,51.775
1733428800000,51.775,52.085,48.53,50.325
1733443200000,50.325,52.05,50.165,51.67
1733457600000,51.67,53.64,51.615,52.84
1733472000000,52.84,53.0,50.705,51.015
1733486400000,51.015,52.095,49.59,51.7
1733500800000,51.7,53.065,51.485,52.71
1733515200000,52.71,53.075,52.125,52.545
1733529600000,52.545,52.68,51.64,51.915
1733544000000,51.915,52.325,51.21,51.54
1733558400000,51.54,52.45,51.3,52.32
1733572800000,52.32,52.81,51.61,52.585
1733587200000,52.585,53.17,51.75,52.28
1733601600000,52.28,52.7,51.56,51.645
1733616000000,51.645,52.055,51.415,51.89
1733630400000,51.89,52.185,50.705,51.605
1733644800000,51.605,51.695,50.39,51.5
1733659200000,51.5,52.905,51.06,52.29
1733673600000,52.29,53.3,51.965,52.875
1733688000000,52.875,54.47,52.85,54.05
1733702400000,54.05,54.285,51.17,51.765
1733716800000,51.765,52.52,50.45,51.46
1733731200000,51.46,51.47,49.105,49.265
1733745600000,49.265,51.055,48.81,49.06
1733760000000,49.06,49.81,48.73,48.825
1733774400000,48.825,48.95,39.56,44.99
1733788800000,44.99,46.085,42.255,44.08
1733803200000,44.08,45.795,43.015,45.285
1733817600000,45.285,46.475,44.715,45.805
1733832000000,45.805,45.97,42.355,42.385
1733846400000,42.385,43.68,41.29,43.56
1733860800000,43.56,45.36,43.3,44.605
1733875200000,44.605,44.745,42.82,44.26
1733889600000,44.26,44.625,43.925,43.99
1733904000000,43.99,45.61,43.935,45.395
1733918400000,45.395,48.41,45.27,47.92
1733932800000,47.92,48.345,47.18,47.765
1733947200000,47.765,48.475,47.625,48.465
1733961600000,48.465,50.375,48.21,49.745
1733976000000,49.745,51.055,49.535,50.115
1733990400000,50.115,51.3,49.615,49.815
1734004800000,49.815,53.01,49.575,52.31
1734019200000,52.31,55.44,51.83,52.145
1734033600000,52.145,53.57,51.835,53.165
1734048000000,53.165,54.025,51.985,52.58
1734062400000,52.58,53.39,51.16,51.77
1734076800000,51.77,52.425,51.315,51.835
1734091200000,51.835,52.89,51.085,51.18
1734105600000,51.18,52.11,50.665,51.425
1734120000000,51.425,52.83,51.39,52.825
1734134400000,52.825,53.88,52.52,52.655
1734148800000,52.655,52.79,52.03,52.635
1734163200000,52.635,53.66,52.51,52.995
1734177600000,52.995,53.155,50.815,51.35
1734192000000,51.35,51.43,49.525,50.055
1734206400000,50.055,50.3,49.355,49.86
1734220800000,49.86,51.025,49.315,49.555
1734235200000,49.555,50.16,48.13,48.43
1734249600000,48.43,49.695,48.275,49.475
1734264000000,49.475,51.07,49.395,50.465
1734278400000,50.465,50.67,49.785,50.335
1734292800000,50.335,51.435,48.095,50.785
1734307200000,50.785,52.07,49.59,49.94
1734321600000,49.94,50.695,49.73,49.855
1734336000000,49.855,49.97,48.465,48.6
1734350400000,48.6,49.67,48.34,49.01
1734364800000,49.01,50.89,48.97,50.065
1734379200000,50.065,50.265,48.835,49.0
1734393600000,49.0,49.51,48.3,49.265
1734408000000,49.265,49.265,48.41,48.835
1734422400000,48.835,50.815,48.815,50.225
1734436800000,50.225,50.895,48.455,48.825
1734451200000,48.825,49.92,48.45,48.855
1734465600000,48.855,49.405,47.505,47.905
1734480000000,47.905,48.19,46.935,46.97
1734494400000,46.97,47.03,46.01,46.445
1734508800000,46.445,47.355,45.97,47.235
1734523200000,47.235,47.345,45.575,46.29
1734537600000,46.29,47.575,45.225,45.225
1734552000000,45.225,45.61,42.21,42.76
1734566400000,42.76,43.325,40.28,42.955
1734580800000,42.955,43.09,42.33,43.015
1734595200000,43.015,43.6,42.145,43.225
1734609600000,43.225,43.325,40.905,41.56
1734624000000,41.56,42.425,37.825,38.63
1734638400000,38.63,39.79,37.42,38.81
1734652800000,38.81,40.385,38.18,39.525
1734667200000,39.525,39.825,38.085,39.115
1734681600000,39.115,39.17,33.565,33.645
1734696000000,33.645,38.435,33.56,37.99
1734710400000,37.99,39.535,37.725,39.09
1734724800000,39.09,40.005,37.92,39.82
1734739200000,39.82,40.11,39.36,39.825
1734753600000,39.825,42.33,39.775,41.82
1734768000000,41.82,41.985,40.095,40.58
1734782400000,40.58,40.615,37.77,38.59
1734796800000,38.59,38.71,36.99,37.725
1734811200000,37.725,38.13,36.9,37.4
1734825600000,37.4,37.825,36.935,37.515
1734840000000,37.515,37.715,36.15,37.585
1734854400000,37.585,38.53,37.565,38.005
1734868800000,38.005,38.35,36.59,36.99
1734883200000,36.99,37.63,36.005,36.125
1734897600000,36.125,37.05,35.51,36.55
1734912000000,36.55,37.895,35.595,37.775
1734926400000,37.775,37.99,35.82,36.29
1734940800000,36.29,37.46,36.19,36.85
1734955200000,36.85,37.245,35.67,35.745
1734969600000,35.745,37.495,35.715,36.925
1734984000000,36.925,39.73,36.905,39.095
1734998400000,39.095,39.285,37.675,38.54
1735012800000,38.54,39.1,38.255,38.53
1735027200000,38.53,39.66,38.355,39.58
1735041600000,39.58,41.005,38.985,40.87
1735056000000,40.87,42.035,40.77,40.865
1735070400000,40.865,41.45,40.265,41.21
1735084800000,41.21,41.47,40.565,41.125
1735099200000,41.125,41.565,40.795,40.85
1735113600000,40.85,41.86,40.335,40.44
1735128000000,40.44,41.01,40.265,40.54
1735142400000,40.54,40.625,39.975,40.535
1735156800000,40.535,40.775,39.79,40.23
1735171200000,40.23,40.715,39.36,39.57
1735185600000,39.57,39.57,38.63,38.71
1735200000000,38.71,38.77,37.58,37.97
1735214400000,37.97,38.06,37.375,37.645
1735228800000,37.645,37.93,37.075,37.6
1735243200000,37.6,37.685,36.945,37.3
1735257600000,37.3,37.835,37.035,37.56
1735272000000,37.56,38.085,36.81,37.165
1735286400000,37.165,39.015,37.16,38.5
1735300800000,38.5,38.56,36.515,36.65
1735315200000,36.65,37.555,36.265,37.18
1735329600000,37.18,37.22,36.31,36.545
1735344000000,36.545,36.775,36.24,36.66
1735358400000,36.66,36.98,36.325,36.395
1735372800000,36.395,36.89,36.38,36.775
1735387200000,36.775,37.52,36.42,37.045
1735401600000,37.045,37.905,36.955,37.61
1735416000000,37.61,38.135,37.435,37.725
1735430400000,37.725,37.78,37.095,37.465
1735444800000,37.465,37.67,37.075,37.655
1735459200000,37.655,37.725,37.035,37.065
1735473600000,37.065,37.29,36.4,36.55
1735488000000,36.55,36.575,36.07,36.19
1735502400000,36.19,36.22,35.485,35.815
1735516800000,35.815,37.04,35.68,36.385
1735531200000,36.385,37.015,36.055,36.76
1735545600000,36.76,37.065,36.395,36.71
1735560000000,36.71,37.17,34.855,35.11
1735574400000,35.11,36.98,34.925,36.92
1735588800000,36.92,37.165,35.67,35.96
1735603200000,35.96,35.965,35.09,35.2
1735617600000,35.2,35.44,34.91,35.285
1735632000000,35.285,36.42,35.255,36.18
1735646400000,36.18,37.28,36.02,36.755
1735660800000,36.755,36.855,35.52,35.975
1735675200000,35.975,36.125,35.535,35.68
1735689600000,35.68,36.205,35.56,35.6
1735704000000,35.6,35.76,35.315,35.595
1735718400000,35.595,35.695,34.93,35.515
1735732800000,35.515,36.52,35.48,36.47
1735747200000,36.47,37.345,36.015,37.075
1735761600000,37.075,37.98,37.075,37.77
1735776000000,37.77,38.69,37.77,38.45
1735790400000,38.45,39.245,38.445,38.835
1735804800000,38.835,40.545,38.835,40.395
1735819200000,40.395,40.605,39.255,39.405
1735833600000,39.405,39.86,38.935,38.975
1735848000000,38.975,39.365,38.745,39.265
1735862400000,39.265,39.955,38.885,39.86
1735876800000,39.86,40.265,39.32,39.415
1735891200000,39.415,41.33,39.385,41.3
1735905600000,41.3,42.06,40.94,41.89
1735920000000,41.89,42.18,41.64,41.975
1735934400000,41.975,42.045,41.43,41.945
1735948800000,41.945,42.36,41.455,41.89
1735963200000,41.89,42.06,41.52,42.0
1735977600000,42.0,42.015,41.175,41.45
1735992000000,41.45,42.11,40.87,41.05
1736006400000,41.05,41.975,40.985,41.93
1736020800000,41.93,42.85,41.89,42.62
1736035200000,42.62,42.885,41.85,42.285
1736049600000,42.285,42.805,42.18,42.27
1736064000000,42.27,42.31,41.395,41.745
1736078400000,41.745,42.01,41.21,41.765
1736092800000,41.765,42.5,41.68,42.41
1736107200000,42.41,43.215,42.25,43.105
1736121600000,43.105,43.67,42.0,43.67
1736136000000,43.67,43.975,43.16,43.19
1736150400000,43.19,44.565,43.185,44.255
1736164800000,44.255,44.865,43.365,44.73
1736179200000,44.73,45.05,43.6,44.3
1736193600000,44.3,44.45,43.685,44.045
1736208000000,44.045,44.585,43.575,43.87
1736222400000,43.87,44.175,43.45,43.78
1736236800000,43.78,44.03,42.845,43.115
1736251200000,43.115,43.22,40.28,40.865
1736265600000,40.865,41.285,39.705,39.825
1736280000000,39.825,40.335,39.1,39.18
1736294400000,39.18,39.9,38.64,38.89
1736308800000,38.89,39.085,37.53,38.345
1736323200000,38.345,39.175,37.865,38.13
1736337600000,38.13,38.615,37.72,38.17
1736352000000,38.17,38.21,36.155,37.19
1736366400000,37.19,37.81,36.665,37.395
1736380800000,37.395,37.915,36.85,37.045
1736395200000,37.045,37.21,36.125,36.28
1736409600000,36.28,37.035,36.19,36.685
1736424000000,36.685,37.45,35.525,37.235
1736438400000,37.235,37.42,35.84,35.94
1736452800000,35.94,36.495,35.475,36.17
1736467200000,36.17,36.91,36.17,36.855
1736481600000,36.855,37.915,36.71,37.63
1736496000000,37.63,37.85,37.31,37.535
1736510400000,37.535,37.725,36.085,36.575
1736524800000,36.575,37.44,35.925,36.9
1736539200000,36.9,36.915,36.38,36.65
1736553600000,36.65,36.775,36.065,36.115
1736568000000,36.115,36.68,35.98,36.435
1736582400000,36.435,36.94,36.14,36.805
1736596800000,36.805,36.87,36.25,36.395
1736611200000,36.395,36.63,36.255,36.48
1736625600000,36.48,37.77,36.38,37.1
1736640000000,37.1,37.335,36.77,37.085
1736654400000,37.085,37.205,36.525,36.825
1736668800000,36.825,36.935,36.34,36.76
1736683200000,36.76,37.53,36.585,37.48
1736697600000,37.48,37.635,36.74,36.8
1736712000000,36.8,36.955,36.08,36.535
1736726400000,36.535,37.355,35.165,35.335
1736740800000,35.335,35.9,34.645,35.05
1736755200000,35.05,35.08,33.33,33.36
1736769600000,33.36,34.76,32.6,34.39
1736784000000,34.39,34.52,33.09,33.8
1736798400000,33.8,35.415,33.555,35.27
1736812800000,35.27,35.49,34.985,35.165
1736827200000,35.165,35.72,35.165,35.2
1736841600000,35.2,36.36,35.19,35.905
1736856000000,35.905,36.55,35.62,36.175
1736870400000,36.175,36.705,35.82,36.39
1736884800000,36.39,36.655,36.16,36.545
1736899200000,36.545,36.88,36.365,36.85
1736913600000,36.85,37.36,36.52,37.245
1736928000000,37.245,37.425,36.18,36.985
1736942400000,36.985,39.715,36.69,39.31
1736956800000,39.31,39.655,38.61,39.45
1736971200000,39.45,40.0,38.99,39.805
1736985600000,39.805,40.07,38.91,38.985
1737000000000,38.985,39.445,38.975,39.295
1737014400000,39.295,39.525,38.305,39.49
1737028800000,39.49,40.52,38.47,39.725
1737043200000,39.725,40.265,39.615,40.225
1737057600000,40.225,40.34,39.53,40.055
1737072000000,40.055,41.05,40.055,40.45
1737086400000,40.45,41.625,40.3,41.34
1737100800000,41.34,41.49,40.78,41.075
1737115200000,41.075,41.61,40.72,40.965
1737129600000,40.965,41.34,40.55,40.89
1737144000000,40.89,41.805,40.84,41.355
1737158400000,41.355,41.66,40.385,40.59
1737172800000,40.59,41.0,39.135,39.34
1737187200000,39.34,39.595,38.73,39.44
1737201600000,39.44,39.665,38.795,39.08
1737216000000,39.08,39.25,38.285,39.005
1737230400000,39.005,39.465,38.555,39.24
1737244800000,39.24,40.565,39.045,39.38
1737259200000,39.38,39.615,38.515,38.515
1737273600000,38.515,38.52,36.41,36.64
1737288000000,36.64,38.905,36.57,38.475
1737302400000,38.475,39.115,38.27,38.78
1737316800000,38.78,39.015,34.865,35.665
1737331200000,35.665,35.885,34.46,35.59
1737345600000,35.59,40.265,35.305,38.635
1737360000000,38.635,39.165,37.785,38.215
1737374400000,38.215,38.33,36.74,37.295
1737388800000,37.295,37.725,34.98,36.55
1737403200000,36.55,37.86,35.515,36.015
1737417600000,36.015,36.02,34.835,35.23
1737432000000,35.23,35.515,34.495,35.33
1737446400000,35.33,36.555,34.985,36.4
1737460800000,36.4,36.92,35.71,36.175
1737475200000,36.175,37.575,36.05,37.07
1737489600000,37.07,37.37,36.625,36.935
1737504000000,36.935,37.32,36.68,37.17
1737518400000,37.17,37.39,36.745,36.855
1737532800000,36.855,37.61,36.485,37.54
1737547200000,37.54,37.77,36.525,36.895
1737561600000,36.895,37.495,36.54,37.22
1737576000000,37.22,37.455,36.58,36.795
1737590400000,36.795,36.955,35.76,36.06
1737604800000,36.06,36.14,35.26,35.665
1737619200000,35.665,35.67,34.905,35.205
1737633600000,35.205,36.295,34.76,35.93
1737648000000,35.93,36.605,34.695,34.87
1737662400000,34.87,35.83,34.605,35.54
1737676800000,35.54,35.71,34.52,34.995
1737691200000,34.995,36.33,34.8,35.775
1737705600000,35.775,36.38,35.67,36.185
1737720000000,36.185,36.675,35.95,36.235
1737734400000,36.235,36.77,36.01,36.255
1737748800000,36.255,36.435,35.135,35.315
1737763200000,35.315,35.985,34.865,35.905
1737777600000,35.905,35.94,35.205,35.295
1737792000000,35.295,35.515,35.015,35.465
1737806400000,35.465,36.465,35.12,36.415
1737820800000,36.415,37.01,36.26,36.915
1737835200000,36.915,37.255,36.56,36.59
1737849600000,36.59,37.5,36.49,37.45
1737864000000,37.45,38.015,37.41,37.615
1737878400000,37.615,37.72,37.165,37.57
1737892800000,37.57,37.89,37.29,37.39
1737907200000,37.39,38.15,37.285,37.8
1737921600000,37.8,37.875,35.69,35.725
1737936000000,35.725,36.03,34.785,35.225
1737950400000,35.225,35.225,32.875,33.79
1737964800000,33.79,33.89,32.92,33.065
1737979200000,33.065,34.195,32.84,33.645
1737993600000,33.645,34.085,32.89,33.255
1738008000000,33.255,34.655,33.25,34.17
1738022400000,34.17,34.505,33.61,34.085
1738036800000,34.085,34.485,33.915,34.2
1738051200000,34.2,34.235,33.745,33.99
1738065600000,33.99,34.185,33.455,33.75
1738080000000,33.75,33.8,33.01,33.18
1738094400000,33.18,33.245,31.795,32.06
1738108800000,32.06,32.835,31.96,32.705
1738123200000,32.705,33.645,32.62,33.43
1738137600000,33.43,33.55,33.055,33.23
1738152000000,33.23,33.26,32.19,32.59
1738166400000,32.59,33.41,31.86,32.935
1738180800000,32.935,33.825,32.555,32.765
1738195200000,32.765,33.86,32.405,33.83
1738209600000,33.83,33.965,33.515,33.68
1738224000000,33.68,34.09,33.44,33.955
1738238400000,33.955,34.645,33.745,34.38
1738252800000,34.38,34.685,34.13,34.565
1738267200000,34.565,34.65,34.215,34.27
1738281600000,34.27,34.53,33.825,33.935
1738296000000,33.935,35.185,33.775,34.675
1738310400000,34.675,35.165,34.325,35.105
1738324800000,35.105,35.955,35.02,35.94
1738339200000,35.94,36.16,34.4,34.645
1738353600000,34.645,34.645,33.995,34.41
1738368000000,34.41,35.09,34.225,34.575
1738382400000,34.575,34.74,34.35,34.4
1738396800000,34.4,34.455,33.59,33.915
1738411200000,33.915,34.05,33.335,33.67
1738425600000,33.67,33.79,32.75,32.895
1738440000000,32.895,32.915,31.81,32.09
1738454400000,32.09,32.555,30.7,30.775
1738468800000,30.775,31.635,30.645,31.235
1738483200000,31.235,31.62,30.43,30.52
1738497600000,30.52,31.065,30.34,30.68
1738512000000,30.68,30.69,27.6,28.635
1738526400000,28.635,28.9,25.865,27.605
1738540800000,27.605,27.615,21.0,23.875
1738555200000,23.875,25.565,22.85,25.52
1738569600000,25.52,25.61,24.49,25.3
1738584000000,25.3,27.37,24.31,27.29
1738598400000,27.29,28.18,26.84,28.165
1738612800000,28.165,28.76,27.175,28.38
1738627200000,28.38,28.62,27.365,27.595
1738641600000,27.595,27.76,25.56,25.63
1738656000000,25.63,26.73,25.505,26.385
1738670400000,26.385,27.315,26.385,26.875
1738684800000,26.875,27.925,26.73,26.785
1738699200000,26.785,27.055,25.715,26.445
1738713600000,26.445,27.095,26.235,26.67
1738728000000,26.67,27.11,26.435,26.825
1738742400000,26.825,27.4,26.625,27.285
1738756800000,27.285,27.395,26.33,26.54
1738771200000,26.54,26.61,25.605,26.155
1738785600000,26.155,26.245,25.59,25.835
1738800000000,25.835,26.325,25.705,26.135
1738814400000,26.135,26.8,26.07,26.515
1738828800000,26.515,26.81,26.14,26.42
1738843200000,26.42,26.46,24.785,24.97
1738857600000,24.97,25.2,24.425,24.62
1738872000000,24.62,25.035,24.25,24.485
1738886400000,24.485,25.22,24.45,24.95
1738900800000,24.95,25.155,24.42,24.805
1738915200000,24.805,25.55,24.695,25.49
1738929600000,25.49,26.21,25.125,25.415
1738944000000,25.415,25.51,24.695,24.84
1738958400000,24.84,24.86,23.68,24.445
1738972800000,24.445,24.81,24.2,24.265
1738987200000,24.265,24.46,23.915,24.335
1739001600000,24.335,24.41,23.885,24.12
1739016000000,24.12,24.46,23.945,24.205
1739030400000,24.205,24.71,24.05,24.565
1739044800000,24.565,24.675,24.275,24.565
1739059200000,24.565,25.295,24.485,25.235
1739073600000,25.235,25.365,24.9,25.315
1739088000000,25.315,25.525,24.945,24.95
1739102400000,24.95,25.245,24.47,25.095
1739116800000,25.095,25.25,24.595,24.655
1739131200000,24.655,25.035,23.625,24.865
1739145600000,24.865,25.395,23.84,24.825
1739160000000,24.825,25.465,24.715,25.385
1739174400000,25.385,25.88,25.27,25.415
1739188800000,25.415,25.99,25.165,25.405
1739203200000,25.405,25.68,25.295,25.435
1739217600000,25.435,25.66,25.35,25.655
1739232000000,25.655,26.325,25.63,26.28
1739246400000,26.28,26.795,26.08,26.685
1739260800000,26.685,27.01,26.275,26.5
1739275200000,26.5,26.655,25.8,26.13
1739289600000,26.13,26.175,24.86,25.04
1739304000000,25.04,25.605,24.965,25.375
1739318400000,25.375,25.6,24.955,25.18
1739332800000,25.18,25.325,24.88,25.125
1739347200000,25.125,25.38,24.815,25.24
1739361600000,25.24,25.67,24.255,25.005
1739376000000,25.005,26.105,24.665,25.995
1739390400000,25.995,27.085,25.965,26.485
1739404800000,26.485,26.6,26.11,26.38
1739419200000,26.38,26.41,25.445,25.51
1739433600000,25.51,25.84,25.325,25.6
1739448000000,25.6,25.735,25.08,25.475
1739462400000,25.475,25.83,25.065,25.485
1739476800000,25.485,25.58,25.235,25.375
1739491200000,25.375,26.01,25.28,25.955
1739505600000,25.955,25.99,25.535,25.695
1739520000000,25.695,26.38,25.69,26.055
1739534400000,26.055,26.715,25.79,26.56
1739548800000,26.56,27.215,26.29,26.58
1739563200000,26.58,26.625,25.935,26.37
1739577600000,26.37,26.95,26.195,26.695
1739592000000,26.695,26.84,26.235,26.375
1739606400000,26.375,26.505,25.925,26.065
1739620800000,26.065,26.225,25.46,25.66
1739635200000,25.66,25.845,25.525,25.545
1739649600000,25.545,25.73,25.365,25.455
1739664000000,25.455,25.565,25.135,25.42
1739678400000,25.42,25.555,25.11,25.18
1739692800000,25.18,25.465,25.1,25.445
1739707200000,25.445,25.465,24.87,25.125
1739721600000,25.125,25.22,24.715,24.935
1739736000000,24.935,25.1,24.73,24.83
1739750400000,24.83,25.215,24.815,25.005
1739764800000,25.005,25.175,24.5,24.915
1739779200000,24.915,25.525,24.81,25.385
1739793600000,25.385,25.935,25.05,25.12
1739808000000,25.12,25.27,24.39,24.785
1739822400000,24.785,25.445,24.705,25.015
1739836800000,25.015,25.11,24.66,24.745
1739851200000,24.745,24.835,23.725,23.965
1739865600000,23.965,24.245,23.605,23.94
1739880000000,23.94,24.3,23.27,23.415
1739894400000,23.415,23.615,22.905,23.14
1739908800000,23.14,23.535,22.92,23.505
1739923200000,23.505,23.585,23.095,23.525
1739937600000,23.525,23.84,22.96,23.72
1739952000000,23.72,24.005,23.615,23.99
1739966400000,23.99,24.0,23.365,23.485
1739980800000,23.485,23.92,23.43,23.655
1739995200000,23.655,23.88,23.335,23.715
1740009600000,23.715,24.265,23.7,24.22
1740024000000,24.22,24.45,23.855,23.955
1740038400000,23.955,24.61,23.945,24.535
1740052800000,24.535,24.985,24.21,24.245
1740067200000,24.245,25.265,24.19,25.185
1740081600000,25.185,25.345,24.845,25.135
1740096000000,25.135,25.24,24.755,24.835
1740110400000,24.835,25.34,24.83,25.15
1740124800000,25.15,25.91,25.135,25.64
1740139200000,25.64,26.53,24.935,25.445
1740153600000,25.445,25.815,23.755,23.91
1740168000000,23.91,24.785,23.825,24.6
1740182400000,24.6,25.37,24.495,25.165
1740196800000,25.165,25.42,24.845,24.97
1740211200000,24.97,25.44,24.89,25.28
1740225600000,25.28,25.875,25.28,25.845
1740240000000,25.845,26.415,25.705,26.04
1740254400000,26.04,26.06,25.755,25.84
1740268800000,25.84,25.985,25.57,25.69
1740283200000,25.69,25.89,25.405,25.85
1740297600000,25.85,25.865,25.095,25.125
1740312000000,25.125,25.17,24.535,24.54
1740326400000,24.54,24.695,24.41,24.495
1740340800000,24.495,24.96,24.41,24.85
1740355200000,24.85,25.17,23.88,23.995
1740369600000,23.995,24.23,23.64,23.965
1740384000000,23.965,24.035,23.425,23.83
1740398400000,23.83,23.895,22.865,23.135
1740412800000,23.135,23.51,22.64,22.895
1740427200000,22.895,23.26,21.445,21.855
1740441600000,21.855,22.09,21.275,21.625
1740456000000,21.625,21.98,20.28,20.84
1740470400000,20.84,21.505,20.315,21.405
1740484800000,21.405,21.65,20.525,20.965
1740499200000,20.965,21.805,20.755,21.785
1740513600000,21.785,22.33,21.625,21.935
1740528000000,21.935,22.335,21.62,22.2
1740542400000,22.2,22.405,21.915,22.155
1740556800000,22.155,22.585,21.865,22.15
1740571200000,22.15,22.415,21.455,22.245
1740585600000,22.245,22.44,21.05,21.215
1740600000000,21.215,22.275,20.98,21.86
1740614400000,21.86,22.43,21.635,22.33
1740628800000,22.33,23.17,22.16,22.995
1740643200000,22.995,23.385,22.845,23.02
1740657600000,23.02,23.32,22.525,22.77
1740672000000,22.77,22.935,22.17,22.325
1740686400000,22.325,22.59,21.975,22.515
1740700800000,22.515,22.595,20.53,20.575
1740715200000,20.575,20.76,20.205,20.615
1740729600000,20.615,21.445,20.385,20.95
1740744000000,20.95,21.995,20.735,21.725
1740758400000,21.725,22.245,21.52,22.11
1740772800000,22.11,22.405,21.785,22.37
1740787200000,22.37,22.52,22.01,22.22
1740801600000,22.22,22.45,21.825,21.875
1740816000000,21.875,22.06,21.42,21.46
1740830400000,21.46,21.545,21.035,21.295
1740844800000,21.295,21.735,21.23,21.68
1740859200000,21.68,22.175,21.51,21.85
1740873600000,21.85,21.97,21.685,21.815
1740888000000,21.815,22.09,21.735,21.88
1740902400000,21.88,22.185,21.755,22.05
1740916800000,22.05,23.05,21.54,22.505
1740931200000,22.505,24.795,22.505,24.665
1740945600000,24.665,25.0,24.46,24.95
1740960000000,24.95,25.115,23.925,24.535
1740974400000,24.535,24.69,23.355,23.815
1740988800000,23.815,23.84,23.005,23.49
1741003200000,23.49,23.995,22.945,23.235
1741017600000,23.235,23.405,20.89,20.94
1741032000000,20.94,21.31,20.55,20.935
1741046400000,20.935,21.095,19.605,19.81
1741060800000,19.81,20.3,19.68,20.03
1741075200000,20.03,20.26,19.665,19.885
1741089600000,19.885,20.59,19.325,19.92
1741104000000,19.92,20.39,18.82,20.31
1741118400000,20.31,20.505,19.825,19.985
1741132800000,19.985,20.28,19.675,19.76
1741147200000,19.76,20.185,19.715,20.13
1741161600000,20.13,21.355,20.125,20.975
1741176000000,20.975,21.225,20.23,20.39
1741190400000,20.39,21.26,20.055,21.225
1741204800000,21.225,22.47,21.225,21.705
1741219200000,21.705,22.415,21.43,22.36
1741233600000,22.36,22.565,21.63,21.685
1741248000000,21.685,22.27,21.6,21.96
1741262400000,21.96,22.1,21.19,21.96
1741276800000,21.96,22.105,20.87,21.05
1741291200000,21.05,21.49,20.965,20.985
1741305600000,20.985,21.305,19.655,20.25
1741320000000,20.25,20.78,20.195,20.725
1741334400000,20.725,20.895,20.425,20.785
1741348800000,20.785,21.125,20.42,20.705
1741363200000,20.705,21.2,19.995,20.82
1741377600000,20.82,20.955,19.915,20.125
1741392000000,20.125,20.23,19.595,19.85
1741406400000,19.85,20.045,19.725,19.785
1741420800000,19.785,19.835,19.39,19.525
1741435200000,19.525,21.065,19.44,20.46
1741449600000,20.46,20.855,20.255,20.82
1741464000000,20.82,20.96,20.34,20.485
1741478400000,20.485,20.665,20.2,20.26
1741492800000,20.26,20.358,20.016,20.129
1741507200000,20.129,20.139,19.589,19.7
1741521600000,19.7,19.703,19.064,19.153
1741536000000,19.153,19.34,17.76,18.229
1741550400000,18.229,18.422,17.744,17.95
1741564800000,17.95,18.479,17.609,18.162
1741579200000,18.162,18.456,18.137,18.39
1741593600000,18.39,19.054,17.978,18.837
1741608000000,18.837,18.984,17.389,17.782
1741622400000,17.782,17.861,16.142,16.893
1741636800000,16.893,16.96,16.225,16.25
1741651200000,16.25,17.05,15.264,16.566
1741665600000,16.566,17.086,16.513,16.95
1741680000000,16.95,17.445,16.872,17.354
1741694400000,17.354,17.47,16.486,17.349
1741708800000,17.349,17.898,16.944,17.751
1741723200000,17.751,17.879,17.444,17.5
1741737600000,17.5,17.817,17.05,17.07
1741752000000,17.07,17.578,16.931,17.538
1741766400000,17.538,18.234,17.468,18.228
1741780800000,18.228,18.83,17.518,17.963
1741795200000,17.963,18.589,17.936,18.39
1741809600000,18.39,18.964,18.333,18.901
1741824000000,18.901,19.18,18.707,18.843
1741838400000,18.843,19.127,18.549,18.785
1741852800000,18.785,19.325,18.601,19.015
1741867200000,19.015,19.187,18.289,18.378
1741881600000,18.378,18.444,17.906,18.154
1741896000000,18.154,18.893,17.727,18.493
1741910400000,18.493,18.896,18.452,18.751
1741924800000,18.751,18.88,18.471,18.642
1741939200000,18.642,19.118,18.574,18.756
1741953600000,18.756,19.287,18.513,18.997
1741968000000,18.997,19.298,18.766,18.976
1741982400000,18.976,19.107,18.512,18.555
1741996800000,18.555,18.647,18.363,18.617
1742011200000,18.617,18.879,18.481,18.595
1742025600000,18.595,18.64,18.418,18.55
1742040000000,18.55,18.715,18.399,18.541
1742054400000,18.541,18.753,18.46,18.608
1742068800000,18.608,19.471,18.607,19.382
1742083200000,19.382,19.716,18.951,19.692
1742097600000,19.692,19.841,19.261,19.343
1742112000000,19.343,19.395,18.314,18.397
1742126400000,18.397,18.679,18.145,18.474
1742140800000,18.474,19.055,18.197,18.322
1742155200000,18.322,18.458,18.101,18.24
1742169600000,18.24,18.73,18.211,18.609
1742184000000,18.609,18.719,18.239,18.604
1742198400000,18.604,18.725,18.39,18.601
1742212800000,18.601,18.81,18.18,18.455
1742227200000,18.455,19.083,18.369,18.93
1742241600000,18.93,18.975,18.683,18.809
1742256000000,18.809,18.943,18.381,18.555
1742270400000,18.555,19.03,18.429,18.81
1742284800000,18.81,19.266,18.699,18.785
1742299200000,18.785,18.898,18.343,18.434
1742313600000,18.434,18.71,18.307,18.657
1742328000000,18.657,19.077,18.44,18.973
1742342400000,18.973,19.224,18.826,19.181
1742356800000,19.181,19.324,18.895,18.903
1742371200000,18.903,19.657,18.884,19.536
1742385600000,19.536,19.947,19.291,19.842
1742400000000,19.842,20.093,19.389,19.578
1742414400000,19.578,19.777,19.374,19.72
1742428800000,19.72,19.855,19.245,19.275
1742443200000,19.275,19.288,19.07,19.124
1742457600000,19.124,19.317,18.73,18.826
1742472000000,18.826,19.179,18.728,18.756
1742486400000,18.756,18.865,18.389,18.702
1742500800000,18.702,18.786,18.61,18.738
1742515200000,18.738,19.109,18.714,18.8
1742529600000,18.8,19.001,18.673,18.745
1742544000000,18.745,18.868,18.416,18.5
1742558400000,18.5,18.633,18.336,18.474
1742572800000,18.474,18.905,18.38,18.882
1742587200000,18.882,19.483,18.854,19.17
1742601600000,19.17,19.395,19.064,19.292
1742616000000,19.292,19.48,19.292,19.358
1742630400000,19.358,19.638,19.313,19.439
1742644800000,19.439,19.575,19.257,19.537
1742659200000,19.537,19.715,19.461,19.65
1742673600000,19.65,19.738,19.327,19.418
1742688000000,19.418,19.711,19.319,19.704
1742702400000,19.704,19.709,19.458,19.57
1742716800000,19.57,19.775,19.472,19.61
1742731200000,19.61,19.687,19.421,19.475
1742745600000,19.475,19.629,19.29,19.486
1742760000000,19.486,19.84,19.329,19.806
1742774400000,19.806,21.157,19.759,21.139
1742788800000,21.139,21.829,21.132,21.507
1742803200000,21.507,21.934,21.504,21.68
1742817600000,21.68,22.128,21.404,21.52
1742832000000,21.52,21.564,21.222,21.368
1742846400000,21.368,21.486,21.218,21.466
1742860800000,21.466,21.667,21.313,21.34
1742875200000,21.34,21.929,21.271,21.848
1742889600000,21.848,22.392,21.832,22.313
1742904000000,22.313,22.807,22.127,22.466
1742918400000,22.466,23.226,22.417,23.03
1742932800000,23.03,23.437,22.747,22.88
1742947200000,22.88,23.223,22.529,22.584
1742961600000,22.584,22.863,22.531,22.821
1742976000000,22.821,22.957,22.624,22.831
1742990400000,22.831,22.862,21.945,22.165
1743004800000,22.165,22.463,21.809,22.058
1743019200000,22.058,22.28,21.836,22.037
1743033600000,22.037,22.359,21.981,22.164
1743048000000,22.164,22.168,21.902,22.067
1743062400000,22.067,22.182,21.8,21.86
1743076800000,21.86,22.265,21.616,21.904
1743091200000,21.904,22.113,21.783,21.983
1743105600000,21.983,22.216,21.894,21.995
1743120000000,21.995,22.177,21.632,21.762
1743134400000,21.762,21.805,20.644,20.698
1743148800000,20.698,20.795,20.152,20.543
1743163200000,20.543,20.625,19.94,19.962
1743177600000,19.962,20.016,19.749,19.79
1743192000000,19.79,20.584,19.752,20.355
1743206400000,20.355,20.523,20.05,20.416
1743220800000,20.416,20.508,19.79,19.863
1743235200000,19.863,20.156,19.63,19.841
1743249600000,19.841,20.305,19.809,19.984
1743264000000,19.984,20.042,19.641,19.856
1743278400000,19.856,19.883,19.438,19.586
1743292800000,19.586,19.895,19.352,19.645
1743307200000,19.645,19.735,19.325,19.435
1743321600000,19.435,19.694,19.16,19.343
1743336000000,19.343,19.459,19.026,19.288
1743350400000,19.288,19.384,18.98,19.1
1743364800000,19.1,19.148,18.675,18.852
1743379200000,18.852,19.011,18.454,18.622
1743393600000,18.622,18.935,18.423,18.551
1743408000000,18.551,18.71,18.163,18.616
1743422400000,18.616,19.106,18.392,18.957
1743436800000,18.957,19.045,18.601,18.634
1743451200000,18.634,18.855,18.583,18.757
1743465600000,18.757,19.182,18.695,19.018
1743480000000,19.018,19.533,18.938,19.191
1743494400000,19.191,19.71,19.107,19.382
1743508800000,19.382,19.928,18.961,19.833
1743523200000,19.833,19.934,19.329,19.435
1743537600000,19.435,19.909,19.289,19.803
1743552000000,19.803,19.828,19.113,19.207
1743566400000,19.207,19.689,18.782,19.054
1743580800000,19.054,19.571,18.91,19.206
1743595200000,19.206,19.832,18.911,19.606
1743609600000,19.606,19.837,19.171,19.414
1743624000000,19.414,19.907,17.749,17.969
1743638400000,17.969,18.837,17.867,18.755
1743652800000,18.755,18.981,18.186,18.366
1743667200000,18.366,18.489,17.965,18.084
1743681600000,18.084,18.189,17.561,17.953
1743696000000,17.953,18.262,17.82,17.995
1743710400000,17.995,18.264,17.851,18.143
1743724800000,18.143,18.262,17.893,18.019
1743739200000,18.019,18.6,17.955,18.585
1743753600000,18.585,18.772,17.592,17.863
1743768000000,17.863,18.46,17.779,17.984
1743782400000,17.984,18.347,17.702,18.096
1743796800000,18.096,18.344,18.007,18.176
1743811200000,18.176,18.367,18.075,18.095
1743825600000,18.095,18.227,18.037,18.196
1743840000000,18.196,18.336,18.119,18.226
1743854400000,18.226,18.294,17.748,17.829
1743868800000,17.829,17.98,17.802,17.854
1743883200000,17.854,17.918,17.669,17.87
1743897600000,17.87,17.912,17.306,17.379
1743912000000,17.379,17.491,17.164,17.185
1743926400000,17.185,17.347,17.082,17.164
1743940800000,17.164,17.3,16.826,17.29
1743955200000,17.29,17.302,16.123,16.377
1743969600000,16.377,16.45,15.607,16.033
1743984000000,16.033,16.436,15.436,15.727
1743998400000,15.727,16.107,14.648,14.819
1744012800000,14.819,15.773,14.699,15.426
1744027200000,15.426,17.103,15.342,16.418
1744041600000,16.418,17.305,16.123,16.63
1744056000000,16.63,16.966,16.604,16.672
1744070400000,16.672,17.323,16.67,17.153
1744084800000,17.153,17.438,16.931,17.029
1744099200000,17.029,17.513,16.826,17.473
1744113600000,17.473,17.72,17.05,17.125
1744128000000,17.125,17.178,15.979,16.025
1744142400000,16.025,16.283,15.909,16.132
1744156800000,16.132,16.393,15.572,16.046
1744171200000,16.046,16.855,15.983,16.699
1744185600000,16.699,16.782,16.095,16.183
1744200000000,16.183,16.908,15.951,16.808
1744214400000,16.808,18.91,16.726,18.527
1744228800000,18.527,18.69,18.4,18.423
1744243200000,18.423,18.436,17.788,18.025
1744257600000,18.025,18.342,17.935,18.03
1744272000000,18.03,18.145,17.885,18.005
1744286400000,18.005,18.384,17.554,17.656
1744300800000,17.656,18.245,17.564,18.095
1744315200000,18.095,18.419,18.089,18.301
1744329600000,18.301,18.662,18.295,18.535
1744344000000,18.535,18.644,18.427,18.538
1744358400000,18.538,18.968,18.393,18.838
1744372800000,18.838,19.527,18.745,19.186
1744387200000,19.186,19.563,19.088,19.208
1744401600000,19.208,19.36,19.029,19.109
1744416000000,19.109,19.159,18.829,18.901
1744430400000,18.901,19.29,18.848,19.095
1744444800000,19.095,19.249,18.933,19.117
1744459200000,19.117,21.009,19.075,20.499
1744473600000,20.499,20.828,20.09,20.168
1744488000000,20.168,20.661,20.136,20.478
1744502400000,20.478,20.654,20.159,20.225
1744516800000,20.225,20.267,19.865,19.913
1744531200000,19.913,20.258,19.884,19.984
1744545600000,19.984,20.017,19.493,19.734
1744560000000,19.734,20.498,19.42,19.709
1744574400000,19.709,19.951,19.254,19.575
1744588800000,19.575,20.584,19.531,19.943
1744603200000,19.943,20.266,19.784,20.11
1744617600000,20.11,20.515,19.942,20.49
1744632000000,20.49,20.666,19.736,19.819
1744646400000,19.819,20.511,19.697,20.286
1744660800000,20.286,20.364,20.036,20.1
1744675200000,20.1,20.242,19.832,20.215
1744689600000,20.215,20.27,19.789,19.97
1744704000000,19.97,20.145,19.781,19.889
1744718400000,19.889,20.239,19.437,19.524
1744732800000,19.524,19.618,19.21,19.29
1744747200000,19.29,19.426,18.951,19.0
1744761600000,19.0,19.017,18.658,18.912
1744776000000,18.912,18.942,18.582,18.631
1744790400000,18.631,18.979,18.552,18.895
1744804800000,18.895,19.263,18.703,19.024
1744819200000,19.024,19.277,18.475,18.99
1744833600000,18.99,19.081,18.689,18.742
1744848000000,18.742,18.986,18.674,18.964
1744862400000,18.964,19.55,18.931,19.382
1744876800000,19.382,19.475,19.123,19.223
1744891200000,19.223,19.406,18.776,19.122
1744905600000,19.122,19.534,18.957,19.06
1744920000000,19.06,19.196,18.904,19.036
1744934400000,19.036,19.126,18.882,19.038
1744948800000,19.038,19.172,18.93,19.167
1744963200000,19.167,19.334,18.981,19.093
1744977600000,19.093,19.15,18.834,18.886
1744992000000,18.886,19.164,18.864,19.149
1745006400000,19.149,19.238,19.035,19.054
1745020800000,19.054,19.3,19.012,19.247
1745035200000,19.247,19.586,19.153,19.467
1745049600000,19.467,19.716,19.418,19.482
1745064000000,19.482,19.815,19.479,19.687
1745078400000,19.687,20.112,19.621,20.035
1745092800000,20.035,20.372,19.869,19.882
1745107200000,19.882,20.026,19.804,19.865
1745121600000,19.865,19.993,19.54,19.638
1745136000000,19.638,19.701,19.212,19.299
1745150400000,19.299,19.527,19.262,19.366
1745164800000,19.366,19.562,19.292,19.545
1745179200000,19.545,19.726,19.306,19.494
1745193600000,19.494,20.134,19.494,19.988
1745208000000,19.988,20.648,19.837,20.609
1745222400000,20.609,20.942,20.39,20.517
1745236800000,20.517,20.667,20.246,20.532
1745251200000,20.532,20.673,19.786,20.076
1745265600000,20.076,20.1,19.694,19.909
1745280000000,19.909,20.195,19.417,19.886
1745294400000,19.886,20.288,19.584,20.271
1745308800000,20.271,20.437,20.014,20.385
1745323200000,20.385,21.999,20.344,21.616
1745337600000,21.616,21.791,21.32,21.538
1745352000000,21.538,22.286,21.513,22.099
1745366400000,22.099,22.574,21.882,22.459
1745380800000,22.459,22.88,22.363,22.866
1745395200000,22.866,23.074,22.546,22.689
1745409600000,22.689,23.05,21.873,22.254
1745424000000,22.254,22.633,22.041,22.207
1745438400000,22.207,22.553,22.198,22.33
1745452800000,22.33,22.469,21.828,21.852
1745467200000,21.852,22.177,21.782,21.871
1745481600000,21.871,22.049,21.593,22.042
1745496000000,22.042,22.633,21.89,22.33
1745510400000,22.33,22.493,21.933,22.229
1745524800000,22.229,22.436,22.021,22.367
1745539200000,22.367,22.539,21.762,22.073
1745553600000,22.073,22.532,21.952,22.323
1745568000000,22.323,22.589,22.17,22.553
1745582400000,22.553,22.856,22.089,22.558
1745596800000,22.558,22.769,22.18,22.29
1745611200000,22.29,22.484,22.126,22.145
1745625600000,22.145,22.987,22.145,22.625
1745640000000,22.625,22.684,22.281,22.426
1745654400000,22.426,22.765,21.84,21.929
1745668800000,21.929,22.068,21.693,22.01
1745683200000,22.01,22.134,21.821,22.12
1745697600000,22.12,22.431,22.068,22.398
1745712000000,22.398,22.785,22.031,22.363
1745726400000,22.363,22.541,22.002,22.259
1745740800000,22.259,22.471,22.039,22.047
1745755200000,22.047,22.312,21.769,21.869
1745769600000,21.869,22.138,21.632,22.109
1745784000000,22.109,22.138,21.688,21.697
1745798400000,21.697,21.809,20.971,21.719
1745812800000,21.719,22.357,21.719,22.289
1745827200000,22.289,22.42,21.929,22.253
1745841600000,22.253,22.288,21.26,21.44
1745856000000,21.44,22.076,21.261,21.986
1745870400000,21.986,22.018,21.691,21.826
1745884800000,21.826,22.075,21.637,21.838
1745899200000,21.838,22.208,21.628,22.167
1745913600000,22.167,22.292,21.936,22.128
1745928000000,22.128,22.208,21.813,21.993
1745942400000,21.993,22.226,21.818,21.846
1745956800000,21.846,21.907,21.247,21.547
1745971200000,21.547,21.928,21.462,21.85
1745985600000,21.85,21.876,21.443,21.561
1746000000000,21.561,21.724,21.43,21.637
1746014400000,21.637,21.652,20.339,20.905
1746028800000,20.905,21.193,20.676,20.922
1746043200000,20.922,21.209,20.795,20.894
1746057600000,20.894,21.278,20.857,20.929
1746072000000,20.929,21.244,20.79,21.205
1746086400000,21.205,21.581,21.176,21.461
1746100800000,21.461,21.538,21.105,21.332
1746115200000,21.332,21.854,21.219,21.744
1746129600000,21.744,21.829,21.509,21.62
1746144000000,21.62,22.178,21.58,21.952
1746158400000,21.952,22.078,21.248,21.25
1746172800000,21.25,21.44,21.137,21.287
1746187200000,21.287,21.655,21.101,21.404
1746201600000,21.404,21.66,20.947,21.022
1746216000000,21.022,21.391,20.941,21.242
1746230400000,21.242,21.265,21.036,21.066
1746244800000,21.066,21.171,20.846,20.904
1746259200000,20.904,21.049,20.602,20.678
1746273600000,20.678,20.995,20.65,20.847
1746288000000,20.847,20.868,20.458,20.833
1746302400000,20.833,20.864,20.487,20.5
1746316800000,20.5,20.618,20.196,20.228
1746331200000,20.228,20.423,20.104,20.209
1746345600000,20.209,20.21,19.982,20.063
1746360000000,20.063,20.187,19.762,19.984
1746374400000,19.984,20.067,19.859,19.989
1746388800000,19.989,20.18,19.711,19.881
1746403200000,19.881,20.22,19.636,19.942
1746417600000,19.942,20.226,19.855,20.017
1746432000000,20.017,20.055,19.434,19.456
1746446400000,19.456,19.668,19.273,19.348
1746460800000,19.348,19.835,19.33,19.599
1746475200000,19.599,19.859,19.367,19.67
1746489600000,19.67,19.76,19.41,19.743
1746504000000,19.743,19.87,19.681,19.775
1746518400000,19.775,19.776,19.241,19.405
1746532800000,19.405,19.784,19.287,19.644
1746547200000,19.644,19.932,19.481,19.814
1746561600000,19.814,20.116,19.364,20.002
1746576000000,20.002,20.243,19.732,19.926
1746590400000,19.926,19.994,19.636,19.909
1746604800000,19.909,19.996,19.696,19.756
1746619200000,19.756,19.779,19.238,19.299
1746633600000,19.299,19.45,19.056,19.236
1746648000000,19.236,19.696,19.179,19.532
1746662400000,19.532,20.338,19.474,20.337
1746676800000,20.337,20.892,20.337,20.842
1746691200000,20.842,21.158,20.841,20.913
1746705600000,20.913,21.465,20.626,21.179
1746720000000,21.179,21.49,21.141,21.419
1746734400000,21.419,22.161,21.32,22.149
1746748800000,22.149,22.465,22.005,22.06
1746763200000,22.06,23.117,21.948,23.009
1746777600000,23.009,24.004,22.778,23.526
1746792000000,23.526,23.676,22.89,23.136
1746806400000,23.136,23.463,22.785,23.095
1746820800000,23.095,23.28,22.951,23.26
1746835200000,23.26,23.663,23.003,23.484
1746849600000,23.484,24.239,23.251,24.171
1746864000000,24.171,24.802,23.884,24.045
1746878400000,24.045,24.764,24.044,24.361
1746892800000,24.361,24.867,24.3,24.519
1746907200000,24.519,25.976,24.322,25.812
1746921600000,25.812,26.027,24.902,25.293
1746936000000,25.293,25.456,24.243,24.517
1746950400000,24.517,24.904,24.407,24.861
1746964800000,24.861,24.911,24.153,24.376
1746979200000,24.376,24.922,24.133,24.733
1746993600000,24.733,24.971,24.469,24.778
1747008000000,24.778,25.223,24.416,25.14
1747022400000,25.14,26.836,24.848,26.041
1747036800000,26.041,26.048,24.777,24.962
1747051200000,24.962,25.691,24.554,24.72
1747065600000,24.72,25.174,23.707,24.465
1747080000000,24.465,25.056,24.346,24.824
1747094400000,24.824,24.84,23.464,23.498
1747108800000,23.498,24.527,23.439,24.292
1747123200000,24.292,24.694,24.248,24.516
1747137600000,24.516,24.912,24.291,24.893
1747152000000,24.893,26.237,24.851,25.805
1747166400000,25.805,25.981,25.487,25.707
1747180800000,25.707,26.277,25.488,26.092
1747195200000,26.092,26.542,25.874,26.013
1747209600000,26.013,26.143,25.386,25.916
1747224000000,25.916,25.968,25.091,25.402
1747238400000,25.402,25.463,24.954,25.254
1747252800000,25.254,25.314,24.727,24.946
1747267200000,24.946,25.121,24.365,24.395
1747281600000,24.395,24.621,23.51,23.54
1747296000000,23.54,24.196,23.501,23.941
1747310400000,23.941,24.094,23.014,23.784
1747324800000,23.784,24.192,23.243,23.493
1747339200000,23.493,23.72,22.918,23.494
1747353600000,23.494,23.945,23.305,23.892
1747368000000,23.892,24.04,23.654,23.772
1747382400000,23.772,23.983,23.233,23.805
1747396800000,23.805,23.949,23.421,23.73
1747411200000,23.73,23.865,23.33,23.56
1747425600000,23.56,23.569,22.66,23.045
1747440000000,23.045,23.116,22.197,22.752
1747454400000,22.752,23.117,22.681,22.805
1747468800000,22.805,22.909,22.551,22.766
1747483200000,22.766,22.83,22.307,22.442
1747497600000,22.442,22.569,22.088,22.163
1747512000000,22.163,22.553,21.952,22.162
1747526400000,22.162,22.375,21.994,22.177
1747540800000,22.177,23.167,22.176,23.111
1747555200000,23.111,23.313,22.891,22.907
1747569600000,22.907,23.856,22.767,23.755
1747584000000,23.755,23.812,22.007,22.007
1747598400000,22.007,23.135,21.514,23.038
1747612800000,23.038,23.181,21.863,21.877
1747627200000,21.877,22.025,21.244,21.672
1747641600000,21.672,21.803,21.46,21.653
1747656000000,21.653,22.16,21.385,22.068
1747670400000,22.068,22.605,21.88,22.28
1747684800000,22.28,22.346,21.965,22.236
1747699200000,22.236,22.809,22.088,22.398
1747713600000,22.398,22.602,22.181,22.23
1747728000000,22.23,22.356,21.917,22.115
1747742400000,22.115,22.2,21.829,22.128
1747756800000,22.128,22.462,21.744,22.383
1747771200000,22.383,22.77,22.271,22.597
1747785600000,22.597,22.718,22.144,22.534
1747800000000,22.534,22.996,22.417,22.542
1747814400000,22.542,22.839,22.348,22.744
1747828800000,22.744,23.28,22.528,23.208
1747843200000,23.208,23.807,22.374,22.849
1747857600000,22.849,23.454,22.571,23.162
1747872000000,23.162,23.853,23.112,23.77
1747886400000,23.77,24.147,23.693,24.119
1747900800000,24.119,25.425,24.069,25.088
1747915200000,25.088,25.42,24.717,25.035
1747929600000,25.035,25.396,25.024,25.08
1747944000000,25.08,25.329,24.71,25.243
1747958400000,25.243,25.85,25.04,25.728
1747972800000,25.728,25.825,24.913,25.091
1747987200000,25.091,25.969,24.247,24.445
1748001600000,24.445,24.994,23.657,24.464
1748016000000,24.464,24.64,23.982,24.017
1748030400000,24.017,24.021,22.908,23.065
1748044800000,23.065,23.456,22.927,23.275
1748059200000,23.275,23.411,22.978,23.123
1748073600000,23.123,23.435,22.858,23.21
1748088000000,23.21,23.27,22.969,23.118
1748102400000,23.118,23.175,22.783,23.01
1748116800000,23.01,23.102,22.735,22.938
1748131200000,22.938,23.129,22.455,22.894
1748145600000,22.894,22.916,22.408,22.455
1748160000000,22.455,22.455,22.073,22.352
1748174400000,22.352,22.554,22.009,22.25
1748188800000,22.25,22.546,22.071,22.475
1748203200000,22.475,23.462,22.278,23.434
1748217600000,23.434,23.796,23.208,23.346
1748232000000,23.346,23.925,23.299,23.899
1748246400000,23.899,23.988,23.508,23.685
1748260800000,23.685,23.866,23.155,23.471
1748275200000,23.471,23.537,22.851,22.979
1748289600000,22.979,23.259,22.864,23.046
1748304000000,23.046,23.187,22.487,23.01
1748318400000,23.01,23.86,22.986,23.485
1748332800000,23.485,23.752,23.374,23.605
1748347200000,23.605,23.873,23.104,23.431
1748361600000,23.431,23.835,23.285,23.4
1748376000000,23.4,23.561,23.155,23.358
1748390400000,23.358,23.708,23.275,23.561
1748404800000,23.561,23.611,23.135,23.268
1748419200000,23.268,23.569,23.048,23.55
1748433600000,23.55,23.764,22.831,22.85
1748448000000,22.85,23.391,22.767,22.8
1748462400000,22.8,23.6,22.746,23.6
1748476800000,23.6,24.333,23.432,24.192
1748491200000,24.192,24.301,23.483,23.706
1748505600000,23.706,23.802,23.338,23.415
1748520000000,23.415,23.415,22.653,22.77
1748534400000,22.77,23.016,22.43,22.612
1748548800000,22.612,22.767,22.151,22.234
1748563200000,22.234,22.334,21.112,21.813
1748577600000,21.813,21.853,21.286,21.422
1748592000000,21.422,21.861,21.267,21.778
1748606400000,21.778,21.867,21.394,21.461
1748620800000,21.461,21.559,20.731,21.257
1748635200000,21.257,21.329,20.366,20.536
1748649600000,20.536,20.579,19.761,20.057
1748664000000,20.057,20.238,19.809,20.13
1748678400000,20.13,20.333,20.055,20.191
1748692800000,20.191,20.834,20.154,20.659
1748707200000,20.659,20.997,20.598,20.873
1748721600000,20.873,21.113,20.748,20.782
1748736000000,20.782,20.832,20.49,20.658
1748750400000,20.658,20.925,20.587,20.654
1748764800000,20.654,20.686,20.239,20.393
1748779200000,20.393,20.764,20.157,20.693
1748793600000,20.693,20.947,20.375,20.648
1748808000000,20.648,20.963,20.551,20.866
1748822400000,20.866,20.982,20.439,20.553
1748836800000,20.553,20.792,20.473,20.668
1748851200000,20.668,20.795,20.202,20.315
1748865600000,20.315,20.694,20.25,20.56
1748880000000,20.56,20.767,20.394,20.53
1748894400000,20.53,21.303,20.529,21.145
1748908800000,21.145,21.687,21.121,21.265
1748923200000,21.265,21.456,21.103,21.277
1748937600000,21.277,21.351,21.114,21.217
1748952000000,21.217,21.566,21.126,21.354
1748966400000,21.354,21.582,21.233,21.537
1748980800000,21.537,21.55,20.87,21.124
1748995200000,21.124,21.634,21.037,21.47
1749009600000,21.47,21.565,21.25,21.398
1749024000000,21.398,21.538,21.022,21.033
1749038400000,21.033,21.148,20.706,21.082
1749052800000,21.082,21.091,20.639,20.641
1749067200000,20.641,20.647,20.051,20.077
1749081600000,20.077,20.266,19.941,20.205
1749096000000,20.205,20.345,20.035,20.209
1749110400000,20.209,20.346,19.992,20.17
1749124800000,20.17,20.527,19.774,19.974
1749139200000,19.974,20.007,19.074,19.266
1749153600000,19.266,19.352,18.419,18.729
1749168000000,18.729,19.154,18.614,19.147
1749182400000,19.147,19.494,19.126,19.337
1749196800000,19.337,19.473,19.279,19.349
1749211200000,19.349,19.939,19.322,19.698
1749225600000,19.698,19.797,19.36,19.391
1749240000000,19.391,19.9,19.346,19.635
1749254400000,19.635,20.124,19.548,20.09
1749268800000,20.09,20.699,20.022,20.633
1749283200000,20.633,21.115,20.597,21.019
1749297600000,21.019,21.05,20.766,20.89
1749312000000,20.89,20.975,20.66,20.812
1749326400000,20.812,20.91,20.622,20.644
1749340800000,20.644,20.651,20.324,20.345
1749355200000,20.345,20.39,20.236,20.265
1749369600000,20.265,20.653,20.121,20.477
1749384000000,20.477,20.828,20.334,20.666
1749398400000,20.666,21.336,20.643,21.332
1749412800000,21.332,21.475,21.003,21.037
1749427200000,21.037,21.127,20.585,20.724
1749441600000,20.724,20.724,20.225,20.328
1749456000000,20.328,20.921,20.201,20.796
1749470400000,20.796,21.121,20.576,21.011
1749484800000,21.011,21.433,21.011,21.358
1749499200000,21.358,22.034,21.191,21.939
1749513600000,21.939,22.203,21.755,21.82
1749528000000,21.82,21.872,21.508,21.682
1749542400000,21.682,22.32,21.509,22.213
1749556800000,22.213,22.47,21.557,21.909
1749571200000,21.909,22.485,21.752,22.22
1749585600000,22.22,22.588,22.009,22.566
1749600000000,22.566,22.657,22.028,22.305
1749614400000,22.305,22.469,22.116,22.361
1749628800000,22.361,22.43,21.86,21.989
1749643200000,21.989,22.765,21.886,22.557
1749657600000,22.557,22.602,21.622,21.704
1749672000000,21.704,21.936,21.311,21.56
1749686400000,21.56,21.619,21.113,21.202
1749700800000,21.202,21.265,20.96,21.01
1749715200000,21.01,21.118,20.756,20.792
1749729600000,20.792,21.29,20.731,20.851
1749744000000,20.851,21.236,20.473,20.576
1749758400000,20.576,20.669,20.137,20.274
1749772800000,20.274,20.291,18.456,19.085
1749787200000,19.085,19.163,18.777,19.134
1749801600000,19.134,19.378,18.999,19.243
1749816000000,19.243,19.419,18.839,19.291
1749830400000,19.291,19.533,18.895,19.014
1749844800000,19.014,19.424,18.956,19.4
1749859200000,19.4,19.426,19.145,19.24
1749873600000,19.24,19.408,19.06,19.223
1749888000000,19.223,19.229,18.985,19.121
1749902400000,19.121,19.198,18.843,18.946
1749916800000,18.946,19.054,18.694,18.871
1749931200000,18.871,19.09,18.738,18.924
1749945600000,18.924,19.046,18.892,18.961
1749960000000,18.961,19.272,18.925,18.955
1749974400000,18.955,19.014,18.763,18.966
1749988800000,18.966,19.253,18.867,19.066
1750003200000,19.066,19.186,18.98,19.068
1750017600000,19.068,19.172,18.716,19.1
1750032000000,19.1,19.467,18.888,19.254
1750046400000,19.254,19.847,19.237,19.782
1750060800000,19.782,19.819,19.416,19.622
1750075200000,19.622,19.92,19.471,19.711
1750089600000,19.711,19.93,19.633,19.764
1750104000000,19.764,19.985,18.99,19.049
1750118400000,19.049,19.481,18.682,19.301
1750132800000,19.301,19.312,19.034,19.125
1750147200000,19.125,19.143,18.836,18.914
1750161600000,18.914,19.053,18.507,18.652
1750176000000,18.652,18.922,18.116,18.781
1750190400000,18.781,18.849,18.324,18.572
1750204800000,18.572,18.842,18.521,18.698
1750219200000,18.698,18.906,18.621,18.726
1750233600000,18.726,18.819,18.216,18.503
1750248000000,18.503,18.584,18.043,18.33
1750262400000,18.33,18.493,18.063,18.203
1750276800000,18.203,18.634,18.072,18.156
1750291200000,18.156,18.383,17.894,18.037
1750305600000,18.037,18.061,17.782,17.9
1750320000000,17.9,18.084,17.854,17.889
1750334400000,17.889,18.025,17.641,17.728
1750348800000,17.728,18.076,17.623,17.924
1750363200000,17.924,18.184,17.912,18.045
1750377600000,18.045,18.162,17.968,17.981
1750392000000,17.981,18.406,17.807,18.317
1750406400000,18.317,18.403,18.129,18.245
1750420800000,18.245,18.354,17.722,17.808
1750435200000,17.808,17.815,16.924,17.432
1750449600000,17.432,17.664,17.189,17.356
1750464000000,17.356,17.628,17.351,17.577
1750478400000,17.577,17.612,17.482,17.535
1750492800000,17.535,17.627,17.48,17.594
1750507200000,17.594,17.612,16.984,17.135
1750521600000,17.135,17.186,16.75,16.776
1750536000000,16.776,17.104,16.29,16.812
1750550400000,16.812,17.098,16.578,16.693
1750564800000,16.693,16.995,16.649,16.839
1750579200000,16.839,16.918,16.515,16.651
1750593600000,16.651,16.738,15.941,16.028
1750608000000,16.028,16.347,15.883,15.936
1750622400000,15.936,16.523,15.597,16.516
1750636800000,16.516,16.753,16.478,16.512
1750651200000,16.512,17.055,16.504,16.906
1750665600000,16.906,17.134,16.77,16.867
1750680000000,16.867,17.265,16.704,16.742
1750694400000,16.742,17.307,16.251,17.29
1750708800000,17.29,18.191,17.246,18.053
1750723200000,18.053,18.226,17.941,18.04
1750737600000,18.04,18.476,17.963,18.041
1750752000000,18.041,18.277,17.876,18.118
1750766400000,18.118,18.28,17.977,18.156
1750780800000,18.156,18.418,17.907,18.014
1750795200000,18.014,18.225,17.944,18.221
1750809600000,18.221,18.353,18.094,18.109
1750824000000,18.109,18.173,17.966,18.022
1750838400000,18.022,18.038,17.723,17.981
1750852800000,17.981,18.125,17.544,17.582
1750867200000,17.582,17.79,17.524,17.717
1750881600000,17.717,17.824,17.406,17.56
1750896000000,17.56,18.001,17.434,17.752
1750910400000,17.752,17.81,17.528,17.719
1750924800000,17.719,17.786,17.372,17.405
1750939200000,17.405,17.422,17.087,17.244
1750953600000,17.244,17.376,17.139,17.328
1750968000000,17.328,17.627,17.163,17.22
1750982400000,17.22,17.527,17.001,17.488
1750996800000,17.488,17.605,17.333,17.39
1751011200000,17.39,17.608,17.376,17.464
1751025600000,17.464,17.57,17.275,17.532
1751040000000,17.532,17.774,17.116,17.317
1751054400000,17.317,17.599,17.293,17.567
1751068800000,17.567,17.66,17.472,17.593
1751083200000,17.593,17.672,17.492,17.664
1751097600000,17.664,17.735,17.592,17.663
1751112000000,17.663,17.772,17.526,17.747
1751126400000,17.747,18.064,17.746,17.936
1751140800000,17.936,18.056,17.862,17.964
1751155200000,17.964,18.008,17.792,17.802
1751169600000,17.802,18.032,17.791,18.032
1751184000000,18.032,18.156,17.985,18.05
1751198400000,18.05,18.06,17.801,17.826
1751212800000,17.826,18.084,17.805,18.031
1751227200000,18.031,18.889,17.922,18.724
1751241600000,18.724,18.87,18.261,18.283
1751256000000,18.283,18.301,17.973,18.237
1751270400000,18.237,18.271,18.014,18.069
1751284800000,18.069,18.13,17.683,18.006
1751299200000,18.006,18.228,17.857,18.197
1751313600000,18.197,18.253,17.881,17.959
1751328000000,17.959,18.049,17.733,17.809
1751342400000,17.809,17.809,17.415,17.62
1751356800000,17.62,17.64,17.435,17.471
1751371200000,17.471,17.494,17.184,17.25
1751385600000,17.25,17.327,17.03,17.076
1751400000000,17.076,17.133,16.933,17.092
1751414400000,17.092,17.301,16.952,17.259
1751428800000,17.259,17.645,17.238,17.577
1751443200000,17.577,17.684,17.507,17.556
1751457600000,17.556,18.009,17.408,18.004
1751472000000,18.004,18.82,18.003,18.671
1751486400000,18.671,18.807,18.478,18.515
1751500800000,18.515,18.663,18.433,18.544
1751515200000,18.544,19.166,18.53,19.081
1751529600000,19.081,19.109,18.676,18.767
1751544000000,18.767,19.013,18.32,18.358
1751558400000,18.358,18.605,18.339,18.543
1751572800000,18.543,18.663,18.497,18.536
1751587200000,18.536,18.814,18.49,18.753
1751601600000,18.753,18.87,18.088,18.105
1751616000000,18.105,18.207,17.945,18.075
1751630400000,18.075,18.177,17.68,17.699
1751644800000,17.699,17.746,17.491,17.669
1751659200000,17.669,17.884,17.613,17.785
1751673600000,17.785,17.855,17.645,17.829
1751688000000,17.829,17.926,17.707,17.812
1751702400000,17.812,17.942,17.668,17.878
1751716800000,17.878,17.92,17.765,17.824
1751731200000,17.824,17.881,17.602,17.77
1751745600000,17.77,17.982,17.739,17.905
1751760000000,17.905,17.909,17.747,17.809
1751774400000,17.809,17.911,17.762,17.834
1751788800000,17.834,17.877,17.728,17.873
1751803200000,17.873,18.303,17.85,18.149
1751817600000,18.149,18.287,17.99,18.159
1751832000000,18.159,18.608,18.153,18.28
1751846400000,18.28,18.595,18.189,18.409
1751860800000,18.409,18.453,18.092,18.291
1751875200000,18.291,18.344,18.092,18.16
1751889600000,18.16,18.285,17.948,18.029
1751904000000,18.029,18.102,17.814,17.996
1751918400000,17.996,17.997,17.789,17.986
1751932800000,17.986,18.077,17.724,17.776
1751947200000,17.776,17.903,17.682,17.902
1751961600000,17.902,18.256,17.831,18.127
1751976000000,18.127,18.236,17.96,17.997
1751990400000,17.997,18.475,17.894,18.367
1752004800000,18.367,18.464,18.224,18.356
1752019200000,18.356,18.383,18.096,18.121
1752033600000,18.121,18.551,18.087,18.404
1752048000000,18.404,18.544,18.311,18.518
1752062400000,18.518,18.715,18.377,18.522
1752076800000,18.522,19.184,18.477,19.107
1752091200000,19.107,19.619,18.972,19.498
1752105600000,19.498,19.617,19.358,19.491
1752120000000,19.491,19.599,19.324,19.489
1752134400000,19.489,19.594,19.433,19.569
1752148800000,19.569,19.712,19.371,19.45
1752163200000,19.45,19.943,19.408,19.765
1752177600000,19.765,20.78,19.76,20.7
1752192000000,20.7,20.931,20.428,20.862
1752206400000,20.862,21.216,20.704,20.733
1752220800000,20.733,21.201,20.733,20.978
1752235200000,20.978,21.527,20.862,20.944
1752249600000,20.944,21.409,20.797,21.319
1752264000000,21.319,21.328,20.313,20.665
1752278400000,20.665,21.044,20.369,20.852
1752292800000,20.852,20.903,20.517,20.878
1752307200000,20.878,21.075,20.698,20.961
1752321600000,20.961,21.024,20.155,20.312
1752336000000,20.312,20.845,20.229,20.723
1752350400000,20.723,20.746,20.381,20.678
1752364800000,20.678,21.169,20.647,21.084
1752379200000,21.084,21.325,20.94,21.305
1752393600000,21.305,21.385,21.055,21.256
1752408000000,21.256,21.636,21.126,21.276
1752422400000,21.276,21.776,21.077,21.526
1752436800000,21.526,21.599,20.963,21.183
1752451200000,21.183,22.061,21.131,21.782
1752465600000,21.782,22.069,21.527,21.826
1752480000000,21.826,21.933,21.585,21.698
1752494400000,21.698,21.999,21.273,21.446
1752508800000,21.446,21.645,21.112,21.252
1752523200000,21.252,21.409,21.0,21.254
1752537600000,21.254,21.354,20.432,20.579
1752552000000,20.579,20.913,20.376,20.729
1752566400000,20.729,21.505,20.589,21.099
1752580800000,21.099,21.303,20.671,21.171
1752595200000,21.171,21.883,21.155,21.203
1752609600000,21.203,22.573,21.144,22.508
1752624000000,22.508,22.565,21.687,21.714
1752638400000,21.714,22.078,21.602,21.975
1752652800000,21.975,22.134,21.867,22.009
1752667200000,22.009,22.368,21.855,22.094
1752681600000,22.094,22.83,22.049,22.6
1752696000000,22.6,23.037,22.455,22.654
1752710400000,22.654,22.936,22.006,22.152
1752724800000,22.152,22.8,22.085,22.687
1752739200000,22.687,23.245,22.603,22.886
1752753600000,22.886,23.087,22.425,22.723
1752768000000,22.723,22.954,22.3,22.428
1752782400000,22.428,24.323,22.181,23.904
1752796800000,23.904,24.581,23.688,24.333
1752811200000,24.333,25.044,24.231,24.346
1752825600000,24.346,24.651,23.949,24.138
1752840000000,24.138,24.578,23.541,23.757
1752854400000,23.757,24.092,23.43,23.604
1752868800000,23.604,23.71,23.057,23.515
1752883200000,23.515,23.818,22.984,23.815
1752897600000,23.815,24.019,23.69,23.704
1752912000000,23.704,23.72,23.4,23.589
1752926400000,23.589,23.871,23.292,23.64
1752940800000,23.64,25.186,23.527,24.962
1752955200000,24.962,25.245,24.176,24.5
1752969600000,24.5,24.783,24.296,24.564
1752984000000,24.564,24.846,24.42,24.695
1752998400000,24.695,25.282,24.692,25.137
1753012800000,25.137,25.451,24.863,25.416
1753027200000,25.416,25.567,24.94,25.275
1753041600000,25.275,25.334,24.5,25.041
1753056000000,25.041,25.458,24.634,25.449
1753070400000,25.449,25.886,25.289,25.844
1753084800000,25.844,26.489,25.577,26.063
1753099200000,26.063,26.373,25.644,25.918
1753113600000,25.918,25.941,25.084,25.199
1753128000000,25.199,25.607,25.12,25.444
1753142400000,25.444,26.046,24.805,25.894
1753156800000,25.894,26.106,25.1,25.664
1753171200000,25.664,25.669,24.742,25.513
1753185600000,25.513,25.693,24.766,24.977
1753200000000,24.977,25.394,24.703,24.864
1753214400000,24.864,25.914,24.818,25.909
1753228800000,25.909,26.134,25.494,25.542
1753243200000,25.542,25.848,25.234,25.373
1753257600000,25.373,25.592,24.826,25.019
1753272000000,25.019,25.083,23.565,24.359
1753286400000,24.359,24.359,23.371,23.844
1753300800000,23.844,24.116,23.144,23.95
1753315200000,23.95,24.197,23.805,23.948
1753329600000,23.948,24.037,22.525,23.26
1753344000000,23.26,23.897,23.136,23.814
1753358400000,23.814,24.441,23.457,24.184
1753372800000,24.184,24.316,23.689,24.004
1753387200000,24.004,24.22,23.581,23.66
1753401600000,23.66,23.692,22.879,23.094
1753416000000,23.094,23.384,22.851,23.087
1753430400000,23.087,23.903,23.066,23.708
1753444800000,23.708,23.882,22.943,23.197
1753459200000,23.197,23.543,23.068,23.406
1753473600000,23.406,24.034,23.391,24.007
1753488000000,24.007,24.155,23.844,24.068
1753502400000,24.068,24.196,24.031,24.085
1753516800000,24.085,24.425,24.085,24.322
1753531200000,24.322,24.941,24.201,24.83
1753545600000,24.83,25.77,24.525,25.427
1753560000000,25.427,25.498,24.877,24.928
1753574400000,24.928,25.098,24.85,24.934
1753588800000,24.934,25.252,24.92,25.007
1753603200000,25.007,25.149,24.733,24.926
1753617600000,24.926,25.122,24.809,25.021
1753632000000,25.021,25.541,25.018,25.421
1753646400000,25.421,26.468,25.377,26.05
1753660800000,26.05,26.327,25.762,26.136
1753675200000,26.136,26.792,26.109,26.546
1753689600000,26.546,27.359,26.481,27.302
1753704000000,27.302,27.411,25.875,26.057
1753718400000,26.057,26.194,25.339,25.522
1753732800000,25.522,25.567,24.969,25.197
1753747200000,25.197,25.414,24.408,25.021
1753761600000,25.021,25.499,24.818,25.452
1753776000000,25.452,25.505,24.506,24.709
1753790400000,24.709,25.183,24.19,24.29
1753804800000,24.29,24.546,24.005,24.065
1753819200000,24.065,24.446,23.863,24.355
1753833600000,24.355,24.499,23.989,24.273
1753848000000,24.273,24.36,23.918,23.993
1753862400000,23.993,24.167,23.321,23.42
1753876800000,23.42,23.632,23.103,23.216
1753891200000,23.216,23.664,22.372,23.208
1753905600000,23.208,23.448,22.987,23.302
1753920000000,23.302,23.718,23.207,23.67
1753934400000,23.67,24.059,23.63,23.866
1753948800000,23.866,24.106,23.579,23.653
1753963200000,23.653,23.685,22.78,23.09
1753977600000,23.09,23.514,22.741,22.805
1753992000000,22.805,22.967,22.381,22.453
1754006400000,22.453,22.563,21.789,22.404
1754020800000,22.404,22.404,21.748,22.139
1754035200000,22.139,22.145,21.593,22.119
1754049600000,22.119,22.382,21.565,22.074
1754064000000,22.074,22.238,21.472,21.898
1754078400000,21.898,21.98,21.007,21.505
1754092800000,21.505,21.759,21.45,21.692
1754107200000,21.692,21.809,21.166,21.651
1754121600000,21.651,21.713,21.232,21.48
1754136000000,21.48,21.648,21.13,21.205
1754150400000,21.205,21.314,20.65,20.868
1754164800000,20.868,21.133,20.676,20.85
1754179200000,20.85,21.191,20.557,21.126
1754193600000,21.126,21.233,21.053,21.164
1754208000000,21.164,21.471,21.13,21.345
1754222400000,21.345,21.474,21.223,21.409
1754236800000,21.409,21.525,21.298,21.39
1754251200000,21.39,21.52,21.258,21.353
1754265600000,21.353,21.917,21.327,21.75
1754280000000,21.75,21.989,21.708,21.915
1754294400000,21.915,22.03,21.699,21.824
1754308800000,21.824,22.581,21.764,22.339
1754323200000,22.339,22.837,22.247,22.291
1754337600000,22.291,23.101,22.25,23.096
1754352000000,23.096,23.119,22.63,22.717
1754366400000,22.717,22.83,22.133,22.21
1754380800000,22.21,22.819,22.163,22.656
1754395200000,22.656,22.687,21.621,21.71
1754409600000,21.71,21.937,21.616,21.67
1754424000000,21.67,21.928,21.417,21.892
1754438400000,21.892,21.945,21.595,21.645
1754452800000,21.645,22.3,21.551,22.234
1754467200000,22.234,22.279,21.892,21.934
1754481600000,21.934,22.369,21.751,22.322
1754496000000,22.322,22.388,21.998,22.244
1754510400000,22.244,22.289,22.092,22.217
1754524800000,22.217,22.344,21.966,21.993
1754539200000,21.993,22.303,21.935,22.198
1754553600000,22.198,22.889,22.188,22.768
1754568000000,22.768,22.828,22.478,22.647
1754582400000,22.647,22.878,22.164,22.861
1754596800000,22.861,23.352,22.833,23.341
1754611200000,23.341,23.699,22.988,23.271
1754625600000,23.271,23.567,23.031,23.477
1754640000000,23.477,23.601,23.307,23.502
1754654400000,23.502,23.802,23.035,23.178
1754668800000,23.178,23.848,23.147,23.803
1754683200000,23.803,23.869,23.664,23.796
1754697600000,23.796,24.188,23.731,23.986
1754712000000,23.986,24.679,23.928,24.41
1754726400000,24.41,24.752,24.344,24.582
1754740800000,24.582,24.799,24.02,24.157
1754755200000,24.157,24.566,24.157,24.474
1754769600000,24.474,24.808,24.165,24.235
1754784000000,24.235,24.5,24.043,24.394
1754798400000,24.394,24.55,23.451,23.476
1754812800000,23.476,23.706,23.252,23.529
1754827200000,23.529,24.047,23.449,23.943
1754841600000,23.943,24.02,23.732,23.904
1754856000000,23.904,23.926,23.535,23.826
1754870400000,23.826,24.47,23.655,24.4
1754884800000,24.4,24.616,24.034,24.089
1754899200000,24.089,24.354,23.274,23.373
1754913600000,23.373,23.739,23.06,23.73
1754928000000,23.73,24.051,23.084,23.234
1754942400000,23.234,23.259,22.631,22.777
1754956800000,22.777,23.26,22.722,22.993
1754971200000,22.993,23.202,22.789,23.117
1754985600000,23.117,23.213,22.744,22.97
1755000000000,22.97,24.236,22.872,24.197
1755014400000,24.197,24.627,24.134,24.605
1755028800000,24.605,24.914,24.549,24.679
1755043200000,24.679,25.052,24.365,24.979
1755057600000,24.979,25.143,24.424,24.763
1755072000000,24.763,25.45,24.749,25.053
1755086400000,25.053,25.418,24.737,24.997
1755100800000,24.997,25.392,24.963,25.367
1755115200000,25.367,25.685,25.216,25.481
1755129600000,25.481,26.005,25.237,25.946
1755144000000,25.946,25.971,25.103,25.298
1755158400000,25.298,25.316,24.748,25.048
1755172800000,25.048,25.128,23.26,23.868
1755187200000,23.868,23.9,23.351,23.593
1755201600000,23.593,23.708,23.16,23.649
1755216000000,23.649,24.882,23.609,24.863
1755230400000,24.863,25.655,24.607,25.42
1755244800000,25.42,25.469,24.564,24.566
1755259200000,24.566,24.756,23.562,23.685
1755273600000,23.685,24.221,23.447,23.519
1755288000000,23.519,24.132,23.448,23.754
1755302400000,23.754,24.129,23.69,23.87
1755316800000,23.87,23.993,23.609,23.986
1755331200000,23.986,24.084,23.552,23.591
1755345600000,23.591,24.255,23.557,24.197
1755360000000,24.197,24.288,23.885,24.155
1755374400000,24.155,24.368,24.121,24.291
1755388800000,24.291,24.458,24.015,24.42
1755403200000,24.42,24.753,24.409,24.55
1755417600000,24.55,24.937,24.482,24.832
1755432000000,24.832,25.439,24.566,25.417
1755446400000,25.417,25.67,24.912,25.063
1755460800000,25.063,25.294,24.986,25.06
1755475200000,25.06,25.323,23.691,23.936
1755489600000,23.936,24.128,23.417,23.512
1755504000000,23.512,23.893,23.335,23.67
1755518400000,23.67,24.168,23.365,23.764
1755532800000,23.764,23.995,23.397,23.821
1755547200000,23.821,24.133,23.547,23.678
1755561600000,23.678,24.049,23.046,23.095
1755576000000,23.095,23.294,22.905,23.024
1755590400000,23.024,23.395,22.84,23.342
1755604800000,23.342,23.472,22.654,22.773
1755619200000,22.773,22.846,22.336,22.494
1755633600000,22.494,22.734,22.293,22.349
1755648000000,22.349,22.787,22.203,22.68
1755662400000,22.68,22.978,22.676,22.766
1755676800000,22.766,23.029,22.534,22.814
1755691200000,22.814,23.345,22.337,23.09
1755705600000,23.09,23.537,22.948,23.525
1755720000000,23.525,23.545,23.328,23.446
1755734400000,23.446,23.618,23.152,23.397
1755748800000,23.397,23.52,23.2,23.394
1755763200000,23.394,23.436,23.0,23.102
1755777600000,23.102,23.408,22.897,22.924
1755792000000,22.924,23.086,22.71,22.821
1755806400000,22.821,23.052,22.697,22.763
1755820800000,22.763,23.214,22.66,22.866
1755835200000,22.866,23.138,22.789,23.04
1755849600000,23.04,23.209,22.56,22.566
1755864000000,22.566,24.504,22.166,24.254
1755878400000,24.254,25.195,24.248,25.068
1755892800000,25.068,25.406,25.034,25.253
1755907200000,25.253,25.316,24.469,24.948
1755921600000,24.948,25.577,24.909,25.325
1755936000000,25.325,26.054,25.205,25.902
1755950400000,25.902,26.792,25.558,25.646
1755964800000,25.646,26.0,25.232,25.99
1755979200000,25.99,26.311,25.711,26.264
1755993600000,26.264,26.298,25.813,25.92
1756008000000,25.92,25.989,25.439,25.44
1756022400000,25.44,25.586,24.922,25.057
1756036800000,25.057,25.907,25.014,25.516
1756051200000,25.516,26.567,25.231,25.8
1756065600000,25.8,25.912,25.158,25.821
1756080000000,25.821,25.991,25.152,25.485
1756094400000,25.485,25.55,24.145,24.27
1756108800000,24.27,24.431,23.954,24.256
1756123200000,24.256,24.551,24.037,24.175
1756137600000,24.175,24.339,23.49,23.535
1756152000000,23.535,23.655,23.008,23.339
1756166400000,23.339,23.662,23.072,23.307
1756180800000,23.307,23.565,23.09,23.281
1756195200000,23.281,23.572,23.185,23.402
1756209600000,23.402,23.965,23.141,23.675
1756224000000,23.675,24.292,23.618,24.217
1756238400000,24.217,24.341,24.009,24.17
1756252800000,24.17,24.51,23.857,24.43
1756267200000,24.43,24.616,24.14,24.312
1756281600000,24.312,24.583,24.223,24.503
1756296000000,24.503,25.326,24.454,24.978
1756310400000,24.978,25.199,24.518,24.657
1756324800000,24.657,25.065,24.314,24.413
1756339200000,24.413,24.747,24.229,24.68
1756353600000,24.68,24.874,24.514,24.702
1756368000000,24.702,24.964,24.373,24.491
1756382400000,24.491,25.087,24.39,24.58
1756396800000,24.58,24.691,24.133,24.141
1756411200000,24.141,24.925,24.108,24.922
1756425600000,24.922,25.19,24.607,25.092
1756440000000,25.092,25.181,24.048,24.143
1756454400000,24.143,24.218,23.474,23.733
1756468800000,23.733,24.448,23.37,23.51
1756483200000,23.51,23.674,23.186,23.456
1756497600000,23.456,23.609,23.197,23.534
1756512000000,23.534,23.712,23.081,23.534
1756526400000,23.534,23.873,23.522,23.803
1756540800000,23.803,23.805,23.499,23.745
1756555200000,23.745,23.917,23.351,23.917
1756569600000,23.917,23.93,23.602,23.729
1756584000000,23.729,23.823,23.556,23.769
1756598400000,23.769,24.066,23.754,24.02
1756612800000,24.02,24.033,23.764,23.858
1756627200000,23.858,24.193,23.807,24.014
1756641600000,24.014,24.125,23.825,24.043
1756656000000,24.043,24.044,23.782,23.799
1756670400000,23.799,23.926,23.362,23.38
1756684800000,23.38,23.494,23.04,23.149
1756699200000,23.149,23.784,22.84,23.778
1756713600000,23.778,24.324,23.677,23.746
1756728000000,23.746,23.966,23.559,23.648
1756742400000,23.648,23.83,23.371,23.556
1756756800000,23.556,23.564,22.65,23.203
1756771200000,23.203,23.759,23.01,23.676
1756785600000,23.676,24.109,23.594,23.887
1756800000000,23.887,24.277,23.814,23.989
1756814400000,23.989,24.217,23.493,23.6
1756828800000,23.6,24.0,23.575,23.834
1756843200000,23.834,24.492,23.791,24.462
1756857600000,24.462,24.685,24.255,24.386
1756872000000,24.386,24.782,24.294,24.742
1756886400000,24.742,25.781,24.729,24.985
1756900800000,24.985,25.479,24.872,25.44
1756915200000,25.44,25.591,25.143,25.346
1756929600000,25.346,25.367,25.13,25.193
1756944000000,25.193,25.265,25.026,25.126
1756958400000,25.126,25.225,24.652,24.754
1756972800000,24.754,24.953,24.57,24.579
1756987200000,24.579,24.845,24.525,24.717
1757001600000,24.717,24.769,24.163,24.21
1757016000000,24.21,24.592,24.171,24.203
1757030400000,24.203,24.339,23.85,24.333
1757044800000,24.333,24.885,24.207,24.837
1757059200000,24.837,24.881,24.577,24.764
1757073600000,24.764,25.102,24.134,24.299
1757088000000,24.299,24.455,24.167,24.411
1757102400000,24.411,24.568,24.191,24.464
1757116800000,24.464,24.525,24.279,24.4
1757131200000,24.4,24.4,24.188,24.246
1757145600000,24.246,24.262,24.076,24.141
1757160000000,24.141,24.398,24.107,24.213
1757174400000,24.213,24.609,24.174,24.316
1757188800000,24.316,24.47,24.307,24.364
1757203200000,24.364,24.671,24.319,24.571
1757217600000,24.571,24.718,24.476,24.534
1757232000000,24.534,24.718,24.369,24.48
1757246400000,24.48,24.695,24.381,24.606
1757260800000,24.606,24.627,24.246,24.529
1757275200000,24.529,24.944,24.451,24.681
1757289600000,24.681,25.016,24.527,24.864
1757304000000,24.864,25.032,24.612,24.871
1757318400000,24.871,25.42,24.868,25.163
1757332800000,25.163,25.797,25.045,25.716
1757347200000,25.716,25.774,25.317,25.36
1757361600000,25.36,25.475,25.185,25.278
1757376000000,25.278,25.425,24.896,25.156
1757390400000,25.156,26.143,25.031,25.907
1757404800000,25.907,26.25,25.857,25.978
1757419200000,25.978,26.356,25.604,25.93
1757433600000,25.93,26.158,25.793,25.889
1757448000000,25.889,26.058,25.793,25.932
1757462400000,25.932,26.307,25.743,26.222
1757476800000,26.222,27.107,26.124,26.922
1757491200000,26.922,26.986,26.37,26.879
1757505600000,26.879,28.969,26.879,28.661
1757520000000,28.661,29.152,28.385,28.533
1757534400000,28.533,29.519,28.471,29.475
1757548800000,29.475,29.483,28.784,29.408
1757563200000,29.408,30.03,28.504,28.762
1757577600000,28.762,29.147,28.706,28.956
1757592000000,28.956,29.25,28.234,28.926
1757606400000,28.926,29.1,28.803,28.98
1757620800000,28.98,29.228,28.709,29.141
1757635200000,29.141,29.409,28.696,28.777
1757649600000,28.777,29.064,28.449,28.664
1757664000000,28.664,28.674,28.311,28.332
1757678400000,28.332,28.824,28.217,28.541
1757692800000,28.541,28.678,28.403,28.625
1757707200000,28.625,28.997,28.492,28.982
1757721600000,28.982,30.315,28.728,30.236
1757736000000,30.236,31.25,30.102,30.855
1757750400000,30.855,31.115,29.974,30.475
1757764800000,30.475,30.509,29.664,29.831
1757779200000,29.831,29.953,29.261,29.612
1757793600000,29.612,30.087,29.6,30.078
1757808000000,30.078,30.208,29.727,29.752
1757822400000,29.752,30.62,29.617,29.959
1757836800000,29.959,30.363,29.624,29.668
1757851200000,29.668,29.869,28.94,29.107
1757865600000,29.107,29.813,29.046,29.596
1757880000000,29.596,30.401,29.313,29.427
1757894400000,29.427,29.793,29.205,29.619
1757908800000,29.619,30.292,29.029,29.168
1757923200000,29.168,29.168,28.209,28.823
1757937600000,28.823,29.007,28.29,28.475
1757952000000,28.475,29.255,28.28,29.118
1757966400000,29.118,30.451,29.067,29.792
1757980800000,29.792,29.888,29.304,29.343
1757995200000,29.343,30.671,29.159,30.611
1758009600000,30.611,30.978,30.356,30.427
1758024000000,30.427,30.562,29.656,30.108
1758038400000,30.108,30.429,29.875,29.964
1758052800000,29.964,30.18,29.879,30.055
1758067200000,30.055,30.192,29.698,29.706
1758081600000,29.706,30.246,29.503,30.107
1758096000000,30.107,30.15,29.8,29.899
1758110400000,29.899,30.004,29.368,29.492
1758124800000,29.492,30.33,29.367,30.057
1758139200000,30.057,32.015,29.747,31.831
1758153600000,31.831,33.037,31.633,32.908
1758168000000,32.908,33.286,32.381,32.8
1758182400000,32.8,33.142,32.655,32.78
1758196800000,32.78,33.495,32.706,33.138
1758211200000,33.138,34.915,33.096,34.714
1758225600000,34.714,35.448,34.596,35.194
1758240000000,35.194,35.816,34.712,34.762
1758254400000,34.762,34.892,33.907,34.435
1758268800000,34.435,34.627,33.771,33.959
1758283200000,33.959,34.32,33.489,33.932
1758297600000,33.932,34.381,33.747,33.799
1758312000000,33.799,33.966,33.306,33.727
1758326400000,33.727,34.108,33.47,33.652
1758340800000,33.652,34.049,33.609,33.934
1758355200000,33.934,33.949,32.827,33.065
1758369600000,33.065,34.011,32.883,33.6
1758384000000,33.6,33.761,32.987,33.246
1758398400000,33.246,33.436,33.078,33.159
1758412800000,33.159,33.28,32.764,33.269
1758427200000,33.269,33.29,32.858,32.956
1758441600000,32.956,33.598,32.571,32.858
1758456000000,32.858,33.148,32.816,33.043
1758470400000,33.043,33.272,32.6,33.232
1758484800000,33.232,33.306,32.96,33.038
1758499200000,33.038,33.135,31.273,31.793
1758513600000,31.793,31.936,29.114,30.535
1758528000000,30.535,31.462,30.449,31.097
1758542400000,31.097,32.043,31.022,31.936
1758556800000,31.936,32.172,31.355,31.362
1758571200000,31.362,33.99,31.314,33.869
1758585600000,33.869,35.74,32.746,34.929
1758600000000,34.929,35.592,34.009,34.955
1758614400000,34.955,35.532,34.247,34.442
1758628800000,34.442,36.15,34.035,35.134
1758643200000,35.134,35.243,33.625,33.758
1758657600000,33.758,33.988,33.389,33.587
1758672000000,33.587,34.783,33.188,33.237
1758686400000,33.237,34.471,32.904,34.114
1758700800000,34.114,34.418,33.976,34.138
1758715200000,34.138,34.74,34.1,34.478
1758729600000,34.478,34.833,34.184,34.201
1758744000000,34.201,34.261,32.23,32.291
1758758400000,32.291,32.758,31.668,31.821
1758772800000,31.821,31.821,30.67,30.71
1758787200000,30.71,31.132,30.393,30.578
1758801600000,30.578,30.72,30.001,30.236
1758816000000,30.236,30.247,28.845,29.47
1758830400000,29.47,29.502,28.516,28.617
1758844800000,28.617,29.061,27.88,28.237
1758859200000,28.237,28.475,27.641,28.262
1758873600000,28.262,28.568,27.4,27.558
1758888000000,27.558,27.901,27.043,27.871
1758902400000,27.871,29.576,27.804,28.699
1758916800000,28.699,29.113,28.572,29.076
1758931200000,29.076,29.079,28.631,28.732
1758945600000,28.732,28.952,28.584,28.659
1758960000000,28.659,28.66,28.266,28.338
1758974400000,28.338,28.832,28.19,28.674
1758988800000,28.674,28.784,28.387,28.746
1759003200000,28.746,28.962,28.585,28.725
1759017600000,28.725,28.871,28.171,28.248
1759032000000,28.248,28.408,28.059,28.365
1759046400000,28.365,28.766,28.023,28.107
1759060800000,28.107,28.929,27.903,28.811
1759075200000,28.811,29.118,28.8,28.993
1759089600000,28.993,30.177,28.945,29.969
1759104000000,29.969,30.211,29.403,29.739
1759118400000,29.739,29.792,29.229,29.559
1759132800000,29.559,29.992,29.116,29.666
1759147200000,29.666,30.532,29.131,30.432
1759161600000,30.432,30.697,30.002,30.462
1759176000000,30.462,30.817,30.333,30.384
1759190400000,30.384,30.695,29.809,29.855
1759204800000,29.855,29.925,29.415,29.505
1759219200000,29.505,29.755,29.176,29.415
1759233600000,29.415,29.461,28.81,29.055
1759248000000,29.055,30.079,28.782,30.01
1759262400000,30.01,30.376,29.752,30.009
1759276800000,30.009,30.229,29.606,29.634
1759291200000,29.634,30.092,29.605,29.996
1759305600000,29.996,31.084,29.985,30.78
1759320000000,30.78,30.82,30.329,30.561
1759334400000,30.561,30.711,30.439,30.591
1759348800000,30.591,30.731,30.421,30.724
1759363200000,30.724,31.368,30.46,30.853
1759377600000,30.853,30.942,30.551,30.567
1759392000000,30.567,30.648,30.408,30.498
1759406400000,30.498,30.73,29.457,29.99
1759420800000,29.99,31.133,29.919,31.001
1759435200000,31.001,31.25,30.79,30.965
1759449600000,30.965,31.005,30.43,30.736
1759464000000,30.736,30.903,30.056,30.156
1759478400000,30.156,30.477,29.959,30.137
1759492800000,30.137,31.257,30.012,31.233
1759507200000,31.233,31.562,30.444,31.169
1759521600000,31.169,31.49,31.113,31.318
1759536000000,31.318,31.439,31.032,31.224
1759550400000,31.224,31.38,30.758,30.782
1759564800000,30.782,30.796,30.231,30.311
1759579200000,30.311,30.527,29.836,29.916
1759593600000,29.916,30.074,29.845,30.023
1759608000000,30.023,30.288,30.01,30.098
1759622400000,30.098,30.678,29.801,30.459
1759636800000,30.459,31.078,30.352,31.069
1759651200000,31.069,31.207,30.044,30.32
1759665600000,30.32,30.332,29.924,30.228
1759680000000,30.228,30.292,29.649,29.688
1759694400000,29.688,30.096,29.607,30.051
1759708800000,30.051,30.379,29.911,30.229
1759723200000,30.229,30.465,30.112,30.289
1759737600000,30.289,30.786,30.289,30.494
1759752000000,30.494,30.974,30.414,30.824
1759766400000,30.824,31.02,30.628,30.828
1759780800000,30.828,30.95,30.475,30.606
1759795200000,30.606,30.722,30.284,30.327
1759809600000,30.327,30.579,30.021,30.086
1759824000000,30.086,30.086,29.497,30.002
1759838400000,30.002,30.002,28.418,28.518
1759852800000,28.518,28.752,28.064,28.092
1759867200000,28.092,28.418,27.78,27.913
1759881600000,27.913,28.341,27.846,27.962
1759896000000,27.962,28.307,27.82,28.275
1759910400000,28.275,28.47,28.142,28.287
1759924800000,28.287,28.74,28.171,28.278
1759939200000,28.278,29.624,28.229,29.182
1759953600000,29.182,29.243,28.757,28.803
1759968000000,28.803,28.897,28.088,28.39
1759982400000,28.39,28.548,28.275,28.347
1759996800000,28.347,28.45,27.954,28.299
1760011200000,28.299,28.711,27.812,27.943
1760025600000,27.943,28.182,27.552,28.068
1760040000000,28.068,28.451,27.96,28.379
1760054400000,28.379,28.563,28.245,28.355
1760068800000,28.355,28.611,28.171,28.206
1760083200000,28.206,28.401,28.02,28.246
1760097600000,28.246,28.48,26.6,26.978
1760112000000,26.978,27.101,26.028,26.412
1760126400000,26.412,26.677,8.218,20.721
1760140800000,20.721,22.828,20.265,21.908
1760155200000,21.908,22.643,21.698,22.187
1760169600000,22.187,23.358,22.086,22.657
1760184000000,22.657,22.945,21.932,22.786
1760198400000,22.786,23.145,21.755,21.872
1760212800000,21.872,21.941,20.91,21.441
1760227200000,21.441,21.474,20.64,21.009
1760241600000,21.009,21.554,20.984,21.361
1760256000000,21.361,21.444,20.907,21.08
1760270400000,21.08,22.544,20.74,22.344
1760284800000,22.344,23.111,22.274,23.0
1760299200000,23.0,23.315,22.231,22.474
1760313600000,22.474,22.572,21.861,22.216
1760328000000,22.216,22.871,22.105,22.688
1760342400000,22.688,23.05,21.686,22.177
1760356800000,22.177,22.944,22.001,22.793
1760371200000,22.793,24.051,22.613,23.835
1760385600000,23.835,24.031,23.692,23.803
1760400000000,23.803,23.893,23.174,23.328
1760414400000,23.328,23.356,21.967,22.126
1760428800000,22.126,22.736,21.933,22.4
1760443200000,22.4,22.827,21.793,22.783
1760457600000,22.783,23.135,22.329,22.555
1760472000000,22.555,22.83,22.46,22.719
1760486400000,22.719,22.89,22.351,22.459
1760500800000,22.459,22.981,22.372,22.956
1760515200000,22.956,23.268,22.391,22.542
1760529600000,22.542,22.571,21.742,21.908
1760544000000,21.908,22.147,21.584,21.976
1760558400000,21.976,22.078,21.539,21.884
1760572800000,21.884,22.131,21.768,21.908
1760587200000,21.908,22.083,21.677,21.852
1760601600000,21.852,22.311,20.958,22.25
1760616000000,22.25,22.384,21.025,21.125
1760630400000,21.125,21.502,20.555,20.765
1760644800000,20.765,21.011,20.559,20.959
1760659200000,20.959,21.251,20.838,20.961
1760673600000,20.961,20.973,19.325,19.38
1760688000000,19.38,20.032,19.01,19.812
1760702400000,19.812,19.982,19.384,19.925
1760716800000,19.925,20.238,19.791,19.919
1760731200000,19.919,20.307,19.877,19.942
1760745600000,19.942,20.198,19.875,20.027
1760760000000,20.027,20.412,19.852,20.156
1760774400000,20.156,20.346,20.087,20.201
1760788800000,20.201,20.302,19.842,20.013
1760803200000,20.013,20.18,19.81,20.154
1760817600000,20.154,20.273,20.082,20.201
1760832000000,20.201,20.281,19.983,20.262
1760846400000,20.262,20.278,19.847,19.941
1760860800000,19.941,20.603,19.73,20.383
1760875200000,20.383,20.825,20.295,20.721
1760889600000,20.721,20.836,20.539,20.708
1760904000000,20.708,20.814,20.549,20.582
1760918400000,20.582,21.065,20.146,21.0
1760932800000,21.0,21.2,20.838,20.901
1760947200000,20.901,20.939,20.6,20.764
1760961600000,20.764,20.854,20.529,20.593
1760976000000,20.593,20.595,20.218,20.514
1760990400000,20.514,20.622,20.317,20.332
1761004800000,20.332,20.365,19.803,19.842
1761019200000,19.842,19.844,19.449,19.758
1761033600000,19.758,20.014,19.588,19.97
1761048000000,19.97,20.837,19.802,20.763
1761062400000,20.763,20.832,20.219,20.389
1761076800000,20.389,20.417,19.454,19.522
1761091200000,19.522,19.64,19.333,19.438
1761105600000,19.438,19.638,19.26,19.556
1761120000000,19.556,19.672,19.092,19.572
1761134400000,19.572,19.718,19.241,19.532
1761148800000,19.532,19.582,18.819,19.057
1761163200000,19.057,19.115,18.4,19.005
1761177600000,19.005,19.194,18.963,19.099
1761192000000,19.099,19.567,19.079,19.535
1761206400000,19.535,19.605,19.385,19.404
1761220800000,19.404,19.613,19.204,19.538
1761235200000,19.538,19.739,19.354,19.371
1761249600000,19.371,19.374,18.974,19.118
1761264000000,19.118,19.271,19.013,19.208
1761278400000,19.208,19.65,19.167,19.487
1761292800000,19.487,19.668,19.359,19.488
1761307200000,19.488,19.957,19.203,19.252
1761321600000,19.252,19.565,19.113,19.503
1761336000000,19.503,19.635,19.463,19.494
1761350400000,19.494,19.517,19.315,19.327
1761364800000,19.327,19.447,19.287,19.343
1761379200000,19.343,19.437,19.23,19.326
1761393600000,19.326,19.554,19.312,19.516
1761408000000,19.516,19.826,19.446,19.736
1761422400000,19.736,19.759,19.632,19.71
1761436800000,19.71,19.801,19.33,19.377
1761451200000,19.377,19.72,19.351,19.702
1761465600000,19.702,20.385,19.701,20.357
1761480000000,20.357,20.655,20.253,20.399
1761494400000,20.399,20.407,20.188,20.304
1761508800000,20.304,20.944,20.055,20.812
1761523200000,20.812,21.032,20.714,20.799
1761537600000,20.799,21.087,20.654,20.8
1761552000000,20.8,20.893,20.405,20.552
1761566400000,20.552,20.569,20.228,20.444
1761580800000,20.444,20.793,20.442,20.59
1761595200000,20.59,20.629,20.146,20.312
1761609600000,20.312,20.464,20.138,20.212
1761624000000,20.212,20.476,19.952,20.287
1761638400000,20.287,20.512,20.134,20.178
1761652800000,20.178,20.472,19.72,19.982
1761667200000,19.982,20.17,19.551,19.627
1761681600000,19.627,19.627,19.125,19.462
1761696000000,19.462,19.538,19.358,19.445
1761710400000,19.445,19.629,19.433,19.588
1761724800000,19.588,19.752,19.421,19.72
1761739200000,19.72,19.846,19.331,19.422
1761753600000,19.422,20.192,19.27,19.939
1761768000000,19.939,20.161,19.541,19.649
1761782400000,19.649,19.957,19.502,19.822
1761796800000,19.822,19.877,19.037,19.824
1761811200000,19.824,19.888,19.185,19.22
1761825600000,19.22,19.238,18.13,18.214
1761840000000,18.214,18.314,17.516,17.578
1761854400000,17.578,18.137,17.528,18.101
1761868800000,18.101,18.393,18.039,18.251
1761883200000,18.251,18.462,18.21,18.238
1761897600000,18.238,18.522,18.195,18.489
1761912000000,18.489,18.571,18.242,18.263
1761926400000,18.263,18.368,17.772,18.266
1761940800000,18.266,18.27,18.04,18.182
1761955200000,18.182,18.442,18.074,18.407
1761969600000,18.407,18.514,18.279,18.498
1761984000000,18.498,18.707,18.447,18.657
1761998400000,18.657,18.732,18.395,18.627
1762012800000,18.627,18.729,18.542,18.633
1762027200000,18.633,18.725,18.49,18.712
1762041600000,18.712,18.801,18.615,18.673
1762056000000,18.673,19.004,18.651,18.948
1762070400000,18.948,18.994,18.577,18.822
1762084800000,18.822,18.837,18.176,18.263
1762099200000,18.263,18.306,18.074,18.142
1762113600000,18.142,18.902,18.081,18.8
1762128000000,18.8,18.907,17.487,17.522
1762142400000,17.522,17.753,17.14,17.465
1762156800000,17.465,17.626,17.173,17.464
1762171200000,17.464,17.676,15.853,16.347
1762185600000,16.347,17.082,16.262,16.767
1762200000000,16.767,16.806,16.396,16.645
1762214400000,16.645,16.99,16.456,16.896
1762228800000,16.896,16.999,15.956,16.143
1762243200000,16.143,16.796,16.075,16.708
1762257600000,16.708,16.842,16.309,16.409
1762272000000,16.409,16.478,15.3,15.583
1762286400000,15.583,16.198,14.982,15.977
1762300800000,15.977,16.471,15.277,16.429
1762315200000,16.429,16.629,16.314,16.539
1762329600000,16.539,16.579,16.215,16.551
1762344000000,16.551,16.803,16.46,16.749
1762358400000,16.749,16.981,16.562,16.765
1762372800000,16.765,16.838,16.542,16.598
1762387200000,16.598,16.686,16.366,16.631
1762401600000,16.631,16.722,16.208,16.27
1762416000000,16.27,16.422,16.188,16.282
1762430400000,16.282,16.412,15.764,15.838
1762444800000,15.838,16.174,15.584,16.11
1762459200000,16.11,16.219,15.914,16.12
1762473600000,16.12,16.511,16.041,16.443
1762488000000,16.443,16.929,16.325,16.909
1762502400000,16.909,17.03,16.261,16.45
1762516800000,16.45,16.878,16.075,16.801
1762531200000,16.801,17.954,16.736,17.814
1762545600000,17.814,18.039,17.654,17.735
1762560000000,17.735,18.4,17.665,17.833
1762574400000,17.833,18.085,17.551,17.852
1762588800000,17.852,17.991,17.646,17.776
1762603200000,17.776,17.779,17.08,17.125
1762617600000,17.125,17.367,17.004,17.271
1762632000000,17.271,17.491,17.227,17.488
1762646400000,17.488,17.515,16.789,16.878
1762660800000,16.878,17.128,16.867,17.123
1762675200000,17.123,17.346,16.876,17.263
1762689600000,17.263,17.871,17.229,17.679
1762704000000,17.679,17.885,17.446,17.884
1762718400000,17.884,17.902,17.59,17.763
1762732800000,17.763,18.118,17.635,17.979
1762747200000,17.979,18.111,17.869,17.992
1762761600000,17.992,18.299,17.752,18.08
1762776000000,18.08,18.33,17.783,17.932
1762790400000,17.932,18.133,17.686,17.993
1762804800000,17.993,18.353,17.791,18.166
1762819200000,18.166,18.596,17.959,18.341
1762833600000,18.341,18.365,17.521,17.545
1762848000000,17.545,17.865,17.481,17.786
1762862400000,17.786,17.88,17.551,17.61
1762876800000,17.61,17.713,17.225,17.252
1762891200000,17.252,17.276,16.95,16.992
1762905600000,16.992,17.155,16.896,17.109
1762920000000,17.109,17.449,17.048,17.13
1762934400000,17.13,17.64,17.13,17.547
1762948800000,17.547,17.753,16.967,17.019
1762963200000,17.019,17.075,16.612,16.772
1762977600000,16.772,16.972,16.728,16.804
1762992000000,16.804,17.637,16.779,17.43
1763006400000,17.43,17.68,17.269,17.39
1763020800000,17.39,17.533,17.202,17.261
1763035200000,17.261,17.427,16.87,16.951
1763049600000,16.951,17.025,15.893,15.968
1763064000000,15.968,16.319,15.744,16.09
1763078400000,16.09,16.172,15.867,15.915
1763092800000,15.915,16.08,15.334,15.919
1763107200000,15.919,15.931,15.306,15.381
1763121600000,15.381,15.652,15.063,15.502
1763136000000,15.502,15.712,15.307,15.647
1763150400000,15.647,15.654,14.824,15.114
1763164800000,15.114,15.603,15.092,15.578
1763179200000,15.578,15.719,15.51,15.622
1763193600000,15.622,15.631,15.302,15.447
1763208000000,15.447,15.69,15.408,15.608
1763222400000,15.608,15.774,15.481,15.678
1763236800000,15.678,15.707,15.433,15.519
1763251200000,15.519,15.702,15.253,15.682
1763265600000,15.682,15.768,15.578,15.733
1763280000000,15.733,15.849,15.407,15.439
1763294400000,15.439,15.556,15.049,15.075
1763308800000,15.075,15.186,14.606,14.928
1763323200000,14.928,15.253,14.713,15.13
1763337600000,15.13,15.686,14.971,15.537
1763352000000,15.537,15.763,15.502,15.629
1763366400000,15.629,15.717,15.578,15.61
1763380800000,15.61,15.855,15.094,15.239
1763395200000,15.239,15.367,14.317,14.364
1763409600000,14.364,14.703,14.253,14.513
1763424000000,14.513,14.559,14.027,14.488
1763438400000,14.488,14.68,14.319,14.524
1763452800000,14.524,14.73,14.524,14.579
1763467200000,14.579,14.81,14.36,14.727
1763481600000,14.727,14.92,14.675,14.73
1763496000000,14.73,14.789,14.495,14.581
1763510400000,14.581,14.689,14.381,14.428
1763524800000,14.428,14.457,13.927,14.348
1763539200000,14.348,14.599,14.241,14.437
1763553600000,14.437,14.575,14.021,14.05
1763568000000,14.05,14.147,13.687,13.774
1763582400000,13.774,14.353,13.733,14.282
1763596800000,14.282,14.395,14.211,14.336
1763611200000,14.336,14.438,14.222,14.36
1763625600000,14.36,14.409,14.216,14.401
1763640000000,14.401,14.525,14.197,14.218
1763654400000,14.218,14.234,13.48,13.753
1763668800000,13.753,13.985,13.624,13.8
1763683200000,13.8,13.986,13.672,13.764
1763697600000,13.764,13.775,12.51,13.167
1763712000000,13.167,13.418,12.852,12.911
1763726400000,12.911,13.306,12.622,12.987
1763740800000,12.987,13.458,12.82,13.283
1763755200000,13.283,13.361,13.172,13.277
1763769600000,13.277,13.322,13.236,13.271
1763784000000,13.271,13.323,13.206,13.282
1763798400000,13.282,13.336,13.146,13.259
1763812800000,13.259,13.269,13.011,13.174
1763827200000,13.174,13.275,13.157,13.223
1763841600000,13.223,13.379,13.181,13.228
1763856000000,13.228,13.382,13.201,13.338
1763870400000,13.338,13.434,13.22,13.285
1763884800000,13.285,13.367,13.216,13.282
1763899200000,13.282,13.424,13.259,13.406
1763913600000,13.406,13.431,13.263,13.367
1763928000000,13.367,13.464,13.259,13.265
1763942400000,13.265,13.496,13.146,13.447
1763956800000,13.447,13.588,13.278,13.435
1763971200000,13.435,13.457,13.258,13.387
1763985600000,13.387,13.574,13.244,13.497
1764000000000,13.497,13.997,13.497,13.909
1764014400000,13.909,14.037,13.862,13.887
1764028800000,13.887,13.941,13.836,13.896
1764043200000,13.896,13.938,13.815,13.874
1764057600000,13.874,13.932,13.765,13.89
1764072000000,13.89,13.936,13.691,13.906
1764086400000,13.906,13.989,13.877,13.987
1764100800000,13.987,14.374,13.965,14.166
1764115200000,14.166,14.328,14.006,14.024
1764129600000,14.024,14.087,13.988,14.082
1764144000000,14.082,14.082,13.957,13.993
1764158400000,13.993,14.005,13.891,13.956
1764172800000,13.956,14.599,13.945,14.54
1764187200000,14.54,14.951,14.501,14.95
1764201600000,14.95,15.012,14.878,14.906
1764216000000,14.906,14.962,14.852,14.939
1764230400000,14.939,14.965,14.847,14.922
1764244800000,14.922,14.969,14.889,14.953
1764259200000,14.953,15.154,14.934,15.02
1764273600000,15.02,15.065,14.968,15.01
1764288000000,15.01,15.055,14.988,15.04
1764302400000,15.04,15.077,14.988,14.999
1764316800000,14.999,15.118,14.778,15.012
1764331200000,15.012,15.256,14.98,15.085
1764345600000,15.085,15.093,14.787,14.868
1764360000000,14.868,14.888,14.763,14.84
1764374400000,14.84,14.875,14.805,14.844
1764388800000,14.844,14.899,14.652,14.668
1764403200000,14.668,14.886,14.623,14.867
1764417600000,14.867,14.876,14.734,14.846
1764432000000,14.846,14.851,14.355,14.443
1764446400000,14.443,14.443,14.174,14.239
1764460800000,14.239,14.321,14.119,14.202
1764475200000,14.202,14.21,13.966,14.129
1764489600000,14.129,14.211,14.029,14.06
1764504000000,14.06,14.296,14.042,14.157
1764518400000,14.157,14.273,13.814,13.983
1764532800000,13.983,14.023,13.641,13.699
1764547200000,13.699,13.725,12.925,12.949
1764561600000,12.949,13.087,12.865,13.066
1764576000000,13.066,13.101,12.934,12.935
1764590400000,12.935,12.97,12.607,12.691
1764604800000,12.691,12.771,12.542,12.607
1764619200000,12.607,12.852,12.585,12.744
1764633600000,12.744,13.006,12.7,12.942
1764648000000,12.942,13.028,12.855,13.012
1764662400000,13.012,13.116,12.865,12.904
1764676800000,12.904,13.72,12.834,13.665
1764691200000,13.665,13.735,13.535,13.642
1764705600000,13.642,13.759,13.559,13.623
1764720000000,13.623,13.842,13.573,13.809
1764734400000,13.809,14.345,13.792,14.12
1764748800000,14.12,14.179,13.995,14.06
1764763200000,14.06,14.291,13.868,14.164
1764777600000,14.164,14.494,14.062,14.486
1764792000000,14.486,15.071,14.402,14.776
1764806400000,14.776,14.876,14.671,14.714
1764820800000,14.714,14.752,14.674,14.711
1764835200000,14.711,14.776,14.685,14.734
1764849600000,14.734,14.864,14.623,14.74
1764864000000,14.74,14.764,14.194,14.416
1764878400000,14.416,14.498,14.344,14.389
1764892800000,14.389,14.515,14.376,14.439
1764907200000,14.439,14.468,14.316,14.358
1764921600000,14.358,14.358,13.751,13.794
1764936000000,13.794,13.864,13.564,13.671
1764950400000,13.671,13.671,13.183,13.402
1764964800000,13.402,13.415,13.09,13.201
1764979200000,13.201,13.384,13.139,13.314
1764993600000,13.314,13.316,13.192,13.225
1765008000000,13.225,13.307,13.153,13.215
1765022400000,13.215,13.339,13.155,13.306
1765036800000,13.306,13.474,13.268,13.3
1765051200000,13.3,13.452,13.283,13.392
1765065600000,13.392,13.543,13.389,13.49
1765080000000,13.49,13.506,13.358,13.392
1765094400000,13.392,13.42,13.303,13.34
1765108800000,13.34,13.437,12.937,13.41
1765123200000,13.41,13.844,13.294,13.75
1765137600000,13.75,13.813,13.255,13.472
1765152000000,13.472,13.656,13.363,13.531
1765166400000,13.531,13.727,13.528,13.677
1765180800000,13.677,13.908,13.65,13.738
1765195200000,13.738,13.819,13.502,13.574
1765209600000,13.574,13.715,13.474,13.543
1765224000000,13.543,13.746,13.537,13.636
1765238400000,13.636,13.732,13.515,13.726
1765252800000,13.726,13.773,13.53,13.72
1765267200000,13.72,13.762,13.488,13.584
1765281600000,13.584,14.172,13.539,14.128
1765296000000,14.128,14.73,14.128,14.617
1765310400000,14.617,14.661,14.47,14.598
1765324800000,14.598,14.645,14.555,14.613
1765339200000,14.613,14.621,14.544,14.605
1765353600000,14.605,14.66,14.152,14.25
1765368000000,14.25,14.32,14.136,14.235
1765382400000,14.235,14.674,14.194,14.557
1765396800000,14.557,14.822,14.069,14.103
1765411200000,14.103,14.104,13.262,13.298
1765425600000,13.298,13.475,13.223,13.376
1765440000000,13.376,13.412,13.233,13.311
1765454400000,13.311,13.355,12.909,12.993
1765468800000,12.993,13.372,12.873,13.243
1765483200000,13.243,13.608,13.225,13.406
1765497600000,13.406,13.733,13.313,13.595
1765512000000,13.595,13.785,13.545,13.644
1765526400000,13.644,13.675,13.482,13.554
1765540800000,13.554,13.647,12.788,12.889
1765555200000,12.889,13.192,12.793,13.065
1765569600000,13.065,13.165,13.019,13.104
1765584000000,13.104,13.239,13.084,13.209
1765598400000,13.209,13.448,13.19,13.323
1765612800000,13.323,13.465,13.322,13.374
1765627200000,13.374,13.393,13.213,13.358
1765641600000,13.358,13.411,13.313,13.379
1765656000000,13.379,13.389,13.233,13.363
1765670400000,13.363,13.393,13.284,13.293
1765684800000,13.293,13.312,13.173,13.234
1765699200000,13.234,13.276,12.949,13.056
1765713600000,13.056,13.131,12.966,13.016
1765728000000,13.016,13.105,12.897,12.967
1765742400000,12.967,13.013,12.711,12.868
1765756800000,12.868,13.265,12.847,13.076
1765771200000,13.076,13.317,13.074,13.189
1765785600000,13.189,13.352,13.166,13.214
1765800000000,13.214,13.214,12.412,12.486
1765814400000,12.486,12.522,12.185,12.384
1765828800000,12.384,12.384,12.239,12.337
1765843200000,12.337,12.35,12.155,12.259
1765857600000,12.259,12.329,12.045,12.182
1765872000000,12.182,12.396,12.131,12.349
1765886400000,12.349,12.397,11.905,12.349
1765900800000,12.349,12.369,12.131,12.276
1765915200000,12.276,12.377,12.26,12.336
1765929600000,12.336,12.386,12.274,12.296
1765944000000,12.296,12.314,12.06,12.214
1765958400000,12.214,12.214,12.04,12.166
1765972800000,12.166,12.651,12.061,12.144
1765987200000,12.144,12.23,11.686,11.876
1766001600000,11.876,11.976,11.774,11.854
1766016000000,11.854,11.882,11.677,11.728
1766030400000,11.728,11.792,11.646,11.751
1766044800000,11.751,11.797,11.669,11.719
1766059200000,11.719,12.31,11.678,12.18
1766073600000,12.18,12.191,11.268,11.294
1766088000000,11.294,11.57,11.287,11.434
1766102400000,11.434,11.815,11.259,11.733
1766116800000,11.733,12.078,11.603,11.924
1766131200000,11.924,12.028,11.867,11.979
1766145600000,11.979,12.405,11.931,12.179
1766160000000,12.179,12.453,12.06,12.324
1766174400000,12.324,12.383,12.232,12.248
1766188800000,12.248,12.284,12.184,12.247
1766203200000,12.247,12.34,12.192,12.327
1766217600000,12.327,12.372,12.238,12.305
1766232000000,12.305,12.309,12.158,12.265
1766246400000,12.265,12.305,12.222,12.256
1766260800000,12.256,12.276,12.116,12.199
1766275200000,12.199,12.245,12.079,12.179
1766289600000,12.179,12.19,12.103,12.115
1766304000000,12.115,12.331,12.087,12.234
1766318400000,12.234,12.28,11.945,12.086
1766332800000,12.086,12.168,11.992,12.118
1766347200000,12.118,12.246,11.974,12.14
1766361600000,12.14,12.411,12.004,12.189
1766376000000,12.189,12.26,12.12,12.183
1766390400000,12.183,12.365,12.153,12.347
1766404800000,12.347,12.442,12.262,12.363
1766419200000,12.363,12.399,12.101,12.132
1766433600000,12.132,12.432,12.063,12.409
1766448000000,12.409,12.545,12.322,12.399
1766462400000,12.399,12.424,12.112,12.187
1766476800000,12.187,12.321,12.151,12.285
1766491200000,12.285,12.286,11.807,11.942
1766505600000,11.942,12.188,11.905,12.107
1766520000000,12.107,12.333,12.072,12.174
1766534400000,12.174,12.226,11.951,12.06
1766548800000,12.06,12.131,11.923,11.969
1766563200000,11.969,12.127,11.953,12.096
1766577600000,12.096,12.135,11.874,12.002
1766592000000,12.002,12.081,11.895,12.026
1766606400000,12.026,12.145,12.015,12.096
1766620800000,12.096,12.223,12.047,12.156
1766635200000,12.156,12.256,12.144,12.244
1766649600000,12.244,12.352,12.099,12.145
1766664000000,12.145,12.394,12.138,12.35
1766678400000,12.35,12.549,12.336,12.466
1766692800000,12.466,12.491,12.038,12.071
1766707200000,12.071,12.613,12.015,12.528
1766721600000,12.528,12.572,12.383,12.405
1766736000000,12.405,12.495,12.392,12.452
1766750400000,12.452,12.494,12.128,12.224
1766764800000,12.224,12.375,12.152,12.37
1766779200000,12.37,12.394,12.293,12.335
1766793600000,12.335,12.416,12.327,12.413
1766808000000,12.413,12.467,12.379,12.45
1766822400000,12.45,12.49,12.388,12.463
1766836800000,12.463,12.574,12.43,12.55
1766851200000,12.55,12.599,12.499,12.527
1766865600000,12.527,12.789,12.523,12.691
1766880000000,12.691,12.89,12.689,12.776
1766894400000,12.776,12.841,12.76,12.786
1766908800000,12.786,12.851,12.663,12.687
1766923200000,12.687,12.763,12.572,12.725
1766937600000,12.725,12.748,12.562,12.575
1766952000000,12.575,12.651,12.52,12.637
1766966400000,12.637,13.108,12.616,13.083
1766980800000,13.083,13.188,12.908,13.005
1766995200000,13.005,13.045,12.649,12.712
1767009600000,12.712,12.731,12.449,12.69
1767024000000,12.69,12.709,12.476,12.491
1767038400000,12.491,12.518,12.334,12.361
1767052800000,12.361,12.419,12.314,12.395
1767067200000,12.395,12.449,12.353,12.42
1767081600000,12.42,12.552,12.419,12.502
1767096000000,12.502,12.595,12.434,12.584
1767110400000,12.584,12.64,12.447,12.497
1767124800000,12.497,12.577,12.448,12.571
1767139200000,12.571,12.713,12.501,12.59
1767153600000,12.59,12.628,12.511,12.54
1767168000000,12.54,12.576,12.466,12.568
1767182400000,12.568,12.667,12.426,12.46
1767196800000,12.46,12.464,12.187,12.309
1767211200000,12.309,12.381,12.252,12.306
1767225600000,12.306,12.369,12.267,12.278
1767240000000,12.278,12.285,12.216,12.268
1767254400000,12.268,12.376,12.259,12.371
1767268800000,12.371,12.559,12.333,12.522
1767283200000,12.522,13.574,12.489,13.54
1767297600000,13.54,13.69,13.393,13.58
1767312000000,13.58,13.859,13.508,13.735
1767326400000,13.735,13.748,13.375,13.39
1767340800000,13.39,13.584,13.339,13.384
1767355200000,13.384,13.471,13.085,13.285
1767369600000,13.285,13.659,13.266,13.639
1767384000000,13.639,13.979,13.553,13.809
1767398400000,13.809,14.28,13.774,14.247
1767412800000,14.247,14.273,13.656,13.718
1767427200000,13.718,14.006,13.705,13.979
1767441600000,13.979,14.393,13.818,13.859
1767456000000,13.859,13.962,13.769,13.852
1767470400000,13.852,14.008,13.778,13.977
1767484800000,13.977,14.086,13.893,14.003
1767499200000,14.003,14.132,13.941,14.031
1767513600000,14.031,14.095,13.964,14.07
1767528000000,14.07,14.207,14.008,14.183
1767542400000,14.183,14.293,13.986,14.129
1767556800000,14.129,14.5,14.109,14.236
1767571200000,14.236,14.519,14.201,14.384
1767585600000,14.384,14.403,14.072,14.269
1767600000000,14.269,14.362,14.115,14.194
1767614400000,14.194,14.285,14.022,14.175
1767628800000,14.175,14.349,13.895,14.266
1767643200000,14.266,14.709,14.25,14.442
1767657600000,14.442,14.746,14.236,14.42
1767672000000,14.42,14.553,14.222,14.268
1767686400000,14.268,14.525,14.236,14.521
1767700800000,14.521,14.832,14.404,14.526
1767715200000,14.526,14.594,14.266,14.47
1767729600000,14.47,14.773,14.451,14.59
1767744000000,14.59,14.59,14.386,14.468
1767758400000,14.468,14.534,14.407,14.515
1767772800000,14.515,14.553,14.412,14.485
1767787200000,14.485,14.493,13.938,13.999
1767801600000,13.999,14.151,13.863,14.106
1767816000000,14.106,14.184,13.996,14.112
1767830400000,14.112,14.237,13.989,14.02
1767844800000,14.02,14.132,13.665,13.894
1767859200000,13.894,13.972,13.668,13.883
1767873600000,13.883,13.943,13.577,13.928
1767888000000,13.928,14.032,13.813,13.844
1767902400000,13.844,13.993,13.716,13.875
1767916800000,13.875,14.055,13.841,13.979
1767931200000,13.979,14.023,13.901,13.918
1767945600000,13.918,13.938,13.623,13.763
1767960000000,13.763,14.165,13.599,13.967
1767974400000,13.967,14.217,13.678,13.732
1767988800000,13.732,13.847,13.711,13.78
1768003200000,13.78,13.794,13.643,13.688
1768017600000,13.688,13.824,13.631,13.803
1768032000000,13.803,13.864,13.738,13.857
1768046400000,13.857,13.873,13.79,13.828
1768060800000,13.828,13.938,13.798,13.855
1768075200000,13.855,13.878,13.676,13.726
1768089600000,13.726,13.738,13.673,13.715
1768104000000,13.715,13.825,13.704,13.81
1768118400000,13.81,13.836,13.751,13.805
1768132800000,13.805,13.978,13.731,13.795
1768147200000,13.795,13.976,13.777,13.827
1768161600000,13.827,13.827,13.47,13.691
1768176000000,13.691,14.215,13.588,13.978
1768190400000,13.978,14.046,13.717,13.728
1768204800000,13.728,13.795,13.49,13.639
1768219200000,13.639,13.901,13.372,13.864
1768233600000,13.864,13.989,13.607,13.711
1768248000000,13.711,13.766,13.458,13.502
1768262400000,13.502,13.601,13.461,13.573
1768276800000,13.573,13.82,13.573,13.707
1768291200000,13.707,13.856,13.704,13.759
1768305600000,13.759,14.362,13.713,14.36
1768320000000,14.36,14.613,14.36,14.514
1768334400000,14.514,14.865,14.465,14.748
1768348800000,14.748,14.801,14.697,14.759
1768363200000,14.759,14.77,14.656,14.676
1768377600000,14.676,14.741,14.487,14.507
1768392000000,14.507,14.759,14.396,14.752
1768406400000,14.752,14.938,14.398,14.63
1768420800000,14.63,14.731,14.548,14.602
1768435200000,14.602,14.619,14.112,14.141
1768449600000,14.141,14.369,14.12,14.341
1768464000000,14.341,14.466,14.286,14.294
1768478400000,14.294,14.413,13.8,14.047
1768492800000,14.047,14.068,13.626,13.739
1768507200000,13.739,13.824,13.614,13.818
1768521600000,13.818,13.847,13.701,13.736
1768536000000,13.736,13.832,13.676,13.803
1768550400000,13.803,13.856,13.721,13.787
1768564800000,13.787,13.803,13.323,13.397
1768579200000,13.397,13.449,13.185,13.396
1768593600000,13.396,13.657,13.289,13.574
1768608000000,13.574,13.63,13.537,13.559
1768622400000,13.559,13.603,13.519,13.597
1768636800000,13.597,13.713,13.592,13.637
1768651200000,13.637,13.965,13.631,13.887
1768665600000,13.887,13.897,13.747,13.821
1768680000000,13.821,13.858,13.709,13.734
1768694400000,13.734,13.817,13.621,13.667
1768708800000,13.667,13.698,13.563,13.616
1768723200000,13.616,13.647,13.564,13.577
1768737600000,13.577,13.62,13.463,13.561
1768752000000,13.561,13.735,13.534,13.661
1768766400000,13.661,13.757,12.938,12.977
1768780800000,12.977,12.977,12.036,12.704
1768795200000,12.704,12.73,12.54,12.635
1768809600000,12.635,12.832,12.603,12.702
1768824000000,12.702,12.794,12.654,12.717
1768838400000,12.717,12.853,12.616,12.808
1768852800000,12.808,12.83,12.613,12.727
1768867200000,12.727,12.735,12.616,12.693
1768881600000,12.693,12.755,12.512,12.549
1768896000000,12.549,12.641,12.397,12.448
1768910400000,12.448,12.544,12.301,12.389
1768924800000,12.389,12.425,12.048,12.176
1768939200000,12.176,12.282,11.945,12.084
1768953600000,12.084,12.336,12.044,12.291
1768968000000,12.291,12.376,12.209,12.226
1768982400000,12.226,12.271,12.082,12.104
1768996800000,12.104,12.415,11.948,12.39
1769011200000,12.39,12.602,11.864,12.582
1769025600000,12.582,12.715,12.368,12.405
1769040000000,12.405,12.615,12.405,12.483
1769054400000,12.483,12.548,12.406,12.42
1769068800000,12.42,12.493,12.339,12.339
1769083200000,12.339,12.39,12.027,12.156
1769097600000,12.156,12.254,12.069,12.157
1769112000000,12.157,12.196,12.074,12.186
1769126400000,12.186,12.293,12.161,12.25
1769140800000,12.25,12.359,12.097,12.124
1769155200000,12.124,12.204,12.036,12.196
1769169600000,12.196,12.257,11.979,12.222
1769184000000,12.222,12.489,12.114,12.163
1769198400000,12.163,12.188,12.018,12.119
1769212800000,12.119,12.165,12.095,12.146
1769227200000,12.146,12.173,12.096,12.111
1769241600000,12.111,12.127,12.051,12.109
1769256000000,12.109,12.135,12.012,12.022
1769270400000,12.022,12.063,11.956,12.027
1769284800000,12.027,12.113,12.027,12.039
1769299200000,12.039,12.07,11.863,11.923
1769313600000,11.923,11.986,11.874,11.924
1769328000000,11.924,12.059,11.827,11.948
1769342400000,11.948,11.963,11.803,11.843
1769356800000,11.843,11.843,11.221,11.3
1769371200000,11.3,11.513,11.244,11.487
1769385600000,11.487,11.743,11.46,11.526
1769400000000,11.526,11.711,11.523,11.681
1769414400000,11.681,11.779,11.599,11.654
1769428800000,11.654,11.913,11.623,11.746
1769443200000,11.746,11.812,11.597,11.692
1769457600000,11.692,11.789,11.62,11.712
1769472000000,11.712,11.845,11.682,11.777
1769486400000,11.777,11.836,11.712,11.747
1769500800000,11.747,11.782,11.645,11.672
1769515200000,11.672,11.74,11.584,11.711
1769529600000,11.711,11.942,11.569,11.847
1769544000000,11.847,12.196,11.84,12.125
1769558400000,12.125,12.16,12.018,12.055
1769572800000,12.055,12.152,12.012,12.076
1769587200000,12.076,12.247,12.017,12.233
1769601600000,12.233,12.287,11.937,12.002
1769616000000,12.002,12.129,11.918,12.052
1769630400000,12.052,12.177,11.956,12.066
1769644800000,12.066,12.092,11.733,11.78
1769659200000,11.78,11.859,11.674,11.79
1769673600000,11.79,11.808,11.63,11.652
1769688000000,11.652,11.656,10.858,10.99
1769702400000,10.99,11.158,10.793,10.976
1769716800000,10.976,11.063,10.953,11.036
1769731200000,11.036,11.085,10.659,10.915
1769745600000,10.915,11.016,10.702,10.942
1769760000000,10.942,11.049,10.797,11.006
1769774400000,11.006,11.016,10.794,10.927
1769788800000,10.927,11.045,10.622,10.989
1769803200000,10.989,10.99,10.814,10.869
1769817600000,10.869,10.888,10.806,10.832
1769832000000,10.832,10.864,10.575,10.646
1769846400000,10.646,10.672,10.415,10.586
1769860800000,10.586,10.599,9.973,10.158
1769875200000,10.158,10.291,9.139,9.827
1769889600000,9.827,10.173,9.73,10.111
1769904000000,10.111,10.224,10.089,10.203
1769918400000,10.203,10.254,10.13,10.182
1769932800000,10.182,10.217,10.012,10.12
1769947200000,10.12,10.142,9.724,9.852
1769961600000,9.852,10.087,9.751,9.88
1769976000000,9.88,10.067,9.665,9.907
1769990400000,9.907,10.128,9.52,9.855
1770004800000,9.855,9.998,9.531,9.876
1770019200000,9.876,10.06,9.86,9.975
1770033600000,9.975,10.316,9.975,10.238
1770048000000,10.238,10.264,10.115,10.122
1770062400000,10.122,10.185,10.067,10.137
1770076800000,10.137,10.15,9.939,10.13
1770091200000,10.13,10.197,10.032,10.141
1770105600000,10.141,10.171,9.966,10.074
1770120000000,10.074,10.17,9.904,10.152
1770134400000,10.152,10.154,9.529,9.956
1770148800000,9.956,10.345,9.846,9.921
1770163200000,9.921,10.131,9.88,10.101
1770177600000,10.101,10.162,10.01,10.139
1770192000000,10.139,10.157,9.921,10.017
1770206400000,10.017,10.031,9.608,9.717
1770220800000,9.717,9.952,9.564,9.93
1770235200000,9.93,9.953,9.535,9.709
1770249600000,9.709,9.846,9.591,9.616
1770264000000,9.616,9.671,9.442,9.497
1770278400000,9.497,9.67,9.175,9.26
1770292800000,9.26,9.442,8.704,8.86
1770307200000,8.86,9.08,8.66,8.691
1770321600000,8.691,8.773,8.238,8.303
1770336000000,8.303,8.524,7.533,8.259
1770350400000,8.259,8.637,8.227,8.408
1770364800000,8.408,8.734,8.326,8.706
1770379200000,8.706,9.064,8.637,9.028
1770393600000,9.028,9.464,8.992,9.243
1770408000000,9.243,9.368,9.107,9.267
1770422400000,9.267,9.303,9.124,9.28
1770436800000,9.28,9.361,8.897,8.989
1770451200000,8.989,9.087,8.925,8.981
1770465600000,8.981,9.255,8.971,9.171
1770480000000,9.171,9.403,9.136,9.253
1770494400000,9.253,9.322,9.171,9.217
1770508800000,9.217,9.251,9.113,9.122
1770523200000,9.122,9.17,9.069,9.137
1770537600000,9.137,9.292,9.1,9.264
1770552000000,9.264,9.283,9.144,9.169
1770566400000,9.169,9.22,8.991,9.205
1770580800000,9.205,9.258,8.998,9.073
1770595200000,9.073,9.199,9.021,9.18
1770609600000,9.18,9.18,9.015,9.023
1770624000000,9.023,9.036,8.716,8.782
1770638400000,8.782,8.999,8.74,8.995
1770652800000,8.995,9.185,8.914,9.113
1770667200000,9.113,9.142,8.982,9.046
1770681600000,9.046,9.109,8.861,8.9
1770696000000,8.9,8.981,8.723,8.819
1770710400000,8.819,8.903,8.776,8.781
1770724800000,8.781,8.871,8.696,8.779
1770739200000,8.779,8.846,8.662,8.719
1770753600000,8.719,8.754,8.654,8.745
1770768000000,8.745,8.971,8.726,8.864
1770782400000,8.864,8.882,8.541,8.573
1770796800000,8.573,8.59,8.473,8.58
1770811200000,8.58,8.89,8.425,8.512
1770825600000,8.512,8.76,8.478,8.695
1770840000000,8.695,8.803,8.581,8.629
1770854400000,8.629,8.785,8.629,8.749
1770868800000,8.749,8.842,8.682,8.814
1770883200000,8.814,8.988,8.78,8.91
1770897600000,8.91,8.968,8.79,8.797
1770912000000,8.797,8.86,8.614,8.762
1770926400000,8.762,8.904,8.679,8.899
1770940800000,8.899,8.937,8.814,8.854
1770955200000,8.854,8.863,8.73,8.829
1770969600000,8.829,8.91,8.811,8.867
1770984000000,8.867,9.217,8.823,9.1
1770998400000,9.1,9.248,9.085,9.176
1771012800000,9.176,9.245,9.133,9.14
1771027200000,9.14,9.216,9.115,9.205
1771041600000,9.205,9.207,9.131,9.191
1771056000000,9.191,9.383,9.189,9.367
1771070400000,9.367,9.389,9.244,9.376
1771084800000,9.376,9.629,9.334,9.627
1771099200000,9.627,9.713,9.531,9.588
1771113600000,9.588,9.636,9.453,9.59
1771128000000,9.59,9.743,9.578,9.692
1771142400000,9.692,9.701,9.503,9.525
1771156800000,9.525,9.538,9.268,9.379
1771171200000,9.379,9.379,9.13,9.177
1771185600000,9.177,9.299,9.137,9.278
1771200000000,9.278,9.335,9.201,9.234
1771214400000,9.234,9.328,9.175,9.252
1771228800000,9.252,9.341,9.163,9.263
1771243200000,9.263,9.416,9.038,9.079
1771257600000,9.079,9.18,9.056,9.138
1771272000000,9.138,9.304,9.109,9.256
1771286400000,9.256,9.293,9.176,9.217
1771300800000,9.217,9.247,9.128,9.191
1771315200000,9.191,9.213,9.049,9.107
1771329600000,9.107,9.225,8.991,9.073
1771344000000,9.073,9.289,9.029,9.172
1771358400000,9.172,9.192,9.122,9.134
1771372800000,9.134,9.162,9.06,9.105
1771387200000,9.105,9.142,9.027,9.122
1771401600000,9.122,9.204,8.993,9.035
1771416000000,9.035,9.198,8.934,9.109
1771430400000,9.109,9.113,8.812,8.874
1771444800000,8.874,8.914,8.792,8.852
1771459200000,8.852,8.923,8.824,8.906
1771473600000,8.906,8.934,8.829,8.898
1771488000000,8.898,8.898,8.776,8.786
1771502400000,8.786,8.859,8.654,8.814
1771516800000,8.814,8.939,8.731,8.884
1771531200000,8.884,8.921,8.851,8.894
1771545600000,8.894,8.965,8.885,8.937
1771560000000,8.937,9.288,8.877,9.195
1771574400000,9.195,9.36,9.094,9.109
1771588800000,9.109,9.191,8.923,9.171
1771603200000,9.171,9.242,8.993,9.146
1771617600000,9.146,9.173,9.088,9.165
1771632000000,9.165,9.196,9.115,9.16
1771646400000,9.16,9.206,9.13,9.151
1771660800000,9.151,9.295,9.138,9.272
1771675200000,9.272,9.446,9.247,9.278
1771689600000,9.278,9.306,9.192,9.26
1771704000000,9.26,9.269,9.097,9.109
1771718400000,9.109,9.109,9.001,9.042
1771732800000,9.042,9.06,8.955,9.007
1771747200000,9.007,9.054,8.967,9.0
1771761600000,9.0,9.003,8.809,8.879
1771776000000,8.879,8.879,8.787,8.811
1771790400000,8.811,8.882,8.784,8.871
1771804800000,8.871,8.887,8.325,8.413
1771819200000,8.413,8.604,8.328,8.556
1771833600000,8.556,8.723,8.497,8.649
1771848000000,8.649,8.774,8.543,8.559
1771862400000,8.559,8.612,8.327,8.36
1771876800000,8.36,8.442,8.262,8.36
1771891200000,8.36,8.436,8.207,8.301
1771905600000,8.301,8.316,8.202,8.249
1771920000000,8.249,8.324,8.22,8.308
1771934400000,8.308,8.371,8.172,8.325
1771948800000,8.325,8.432,8.315,8.342
1771963200000,8.342,8.371,8.248,8.277
1771977600000,8.277,8.704,8.257,8.507
1771992000000,8.507,8.575,8.408,8.572
1772006400000,8.572,8.984,8.538,8.969
1772020800000,8.969,9.599,8.956,9.53
1772035200000,9.53,9.821,9.53,9.745
1772049600000,9.745,9.836,9.415,9.515
1772064000000,9.515,9.633,9.422,9.449
1772078400000,9.449,9.562,9.313,9.317
1772092800000,9.317,9.405,9.228,9.236
1772107200000,9.236,9.393,9.206,9.301
1772121600000,9.301,9.36,9.086,9.299
1772136000000,9.299,9.334,9.228,9.3
1772150400000,9.3,9.426,9.24,9.41
1772164800000,9.41,9.483,9.337,9.38
1772179200000,9.38,9.424,8.981,9.026
1772193600000,9.026,9.052,8.914,9.01
1772208000000,9.01,9.012,8.845,8.889
1772222400000,8.889,8.963,8.778,8.946
1772236800000,8.946,8.971,8.871,8.88
1772251200000,8.88,8.901,8.482,8.615
1772265600000,8.615,8.621,8.423,8.467
1772280000000,8.467,8.742,8.457,8.626
1772294400000,8.626,8.987,8.605,8.925
1772308800000,8.925,9.27,8.912,9.163
1772323200000,9.163,9.43,9.058,9.26
1772337600000,9.26,9.3,9.154,9.214
1772352000000,9.214,9.254,9.095,9.118
1772366400000,9.118,9.233,9.023,9.129
1772380800000,9.129,9.164,8.935,8.947
1772395200000,8.947,9.073,8.839,9.027
1772409600000,9.027,9.2,9.001,9.118
1772424000000,9.118,9.138,8.873,8.928
1772438400000,8.928,9.028,8.858,8.971
1772452800000,8.971,9.395,8.894,9.307
1772467200000,9.307,9.475,9.181,9.234
1772481600000,9.234,9.283,9.143,9.169
1772496000000,9.169,9.253,9.072,9.148
1772510400000,9.148,9.191,9.06,9.108
1772524800000,9.108,9.126,8.936,9.012
1772539200000,9.012,9.18,8.889,9.158
1772553600000,9.158,9.329,9.087,9.174
1772568000000,9.174,9.243,9.067,9.174
1772582400000,9.174,9.241,9.094,9.169
1772596800000,9.169,9.193,9.001,9.18
1772611200000,9.18,9.49,9.158,9.297
1772625600000,9.297,9.72,9.235,9.709
1772640000000,9.709,9.781,9.504,9.664
1772654400000,9.664,9.675,9.417,9.492
1772668800000,9.492,9.532,9.408,9.451
1772683200000,9.451,9.498,9.336,9.373
1772697600000,9.373,9.577,9.356,9.446
1772712000000,9.446,9.523,9.332,9.398
1772726400000,9.398,9.453,9.25,9.378
1772740800000,9.378,9.505,9.366,9.374
1772755200000,9.374,9.447,9.32,9.413
1772769600000,9.413,9.463,9.305,9.45
1772784000000,9.45,9.451,9.235,9.248
1772798400000,9.248,9.25,8.918,8.968
1772812800000,8.968,8.999,8.871,8.961
1772827200000,8.961,9.063,8.92,9.011
1772841600000,9.011,9.073,8.998,9.013
1772856000000,9.013,9.019,8.956,9.009
1772870400000,9.009,9.049,8.971,9.012
1772884800000,9.012,9.02,8.935,8.956
1772899200000,8.956,9.01,8.859,8.877
1772913600000,8.877,8.935,8.865,8.902
1772928000000,8.902,8.918,8.806,8.843
1772942400000,8.843,8.901,8.789,8.875
1772956800000,8.875,9.016,8.836,8.909
1772971200000,8.909,9.018,8.837,8.864
1772985600000,8.864,8.976,8.807,8.953
1773000000000,8.953,8.99,8.678,8.809
1773014400000,8.809,9.087,8.805,8.967
1773028800000,8.967,9.286,8.967,9.079
1773043200000,9.079,9.17,9.006,9.078
1773057600000,9.078,9.329,9.075,9.274
1773072000000,9.274,9.525,9.206,9.382
1773086400000,9.382,9.429,9.222,9.261
1773100800000,9.261,9.503,9.247,9.325
1773115200000,9.325,9.475,9.325,9.396
1773129600000,9.396,9.597,9.394,9.491
1773144000000,9.491,9.804,9.305,9.764
1773158400000,9.764,9.956,9.539,9.6
1773172800000,9.6,9.658,9.482,9.526
1773187200000,9.526,9.597,9.471,9.541
1773201600000,9.541,9.734,9.478,9.51
1773216000000,9.51,9.616,9.488,9.549
1773230400000,9.549,9.856,9.497,9.596
1773244800000,9.596,9.75,9.563,9.696
1773259200000,9.696,9.699,9.527,9.547
1773273600000,9.547,9.557,9.427,9.481
1773288000000,9.481,9.582,9.444,9.581
1773302400000,9.581,9.648,9.504,9.566
1773316800000,9.566,9.638,9.436,9.581
1773331200000,9.581,9.618,9.52,9.598
1773345600000,9.598,9.738,9.583,9.673
1773360000000,9.673,10.009,9.649,9.953
1773374400000,9.953,9.997,9.803,9.847
1773388800000,9.847,10.039,9.797,10.004
1773403200000,10.004,10.278,9.863,9.891
1773417600000,9.891,9.924,9.711,9.768
1773432000000,9.768,9.817,9.651,9.713
1773446400000,9.713,9.752,9.623,9.734
1773460800000,9.734,9.772,9.569,9.586
1773475200000,9.586,9.607,9.513,9.563
1773489600000,9.563,9.588,9.537,9.555
1773504000000,9.555,9.6,9.542,9.565
1773518400000,9.565,9.726,9.556,9.724
1773532800000,9.724,9.796,9.65,9.711
1773547200000,9.711,9.75,9.656,9.706
1773561600000,9.706,9.864,9.706,9.795
1773576000000,9.795,9.876,9.694,9.708
1773590400000,9.708,9.791,9.665,9.758
1773604800000,9.758,10.036,9.728,9.944
1773619200000,9.944,10.399,9.873,10.26
1773633600000,10.26,10.516,10.26,10.363
1773648000000,10.363,10.446,10.174,10.203
1773662400000,10.203,10.271,10.028,10.072
1773676800000,10.072,10.33,10.069,10.27
1773691200000,10.27,10.514,10.255,10.482
1773705600000,10.482,10.547,10.269,10.345
1773720000000,10.345,10.393,10.234,10.305
1773734400000,10.305,10.346,10.206,10.255
1773748800000,10.255,10.33,10.197,10.256
1773763200000,10.256,10.32,10.238,10.244
1773777600000,10.244,10.337,10.162,10.187
1773792000000,10.187,10.353,10.129,10.304
1773806400000,10.304,10.325,10.216,10.24
1773820800000,10.24,10.283,9.927,9.976
1773835200000,9.976,9.976,9.479,9.557
1773849600000,9.557,9.712,9.483,9.61
1773864000000,9.61,9.734,9.532,9.677
1773878400000,9.677,9.743,9.608,9.658
1773892800000,9.658,9.662,9.43,9.512
1773907200000,9.512,9.607,9.478,9.54
1773921600000,9.54,9.54,9.328,9.402
1773936000000,9.402,9.572,9.331,9.498
1773950400000,9.498,9.539,9.412,9.465
1773964800000,9.465,9.59,9.454,9.553
1773979200000,9.553,9.597,9.442,9.527
1773993600000,9.527,9.609,9.478,9.511
1774008000000,9.511,9.542,9.415,9.479
1774022400000,9.479,9.531,9.41,9.52
1774036800000,9.52,9.641,9.445,9.565
1774051200000,9.565,9.604,9.527,9.578
1774065600000,9.578,9.629,9.55,9.578
1774080000000,9.578,9.591,9.49,9.502
1774094400000,9.502,9.543,9.452,9.534
1774108800000,9.534,9.562,9.47,9.486
1774123200000,9.486,9.526,9.148,9.208
1774137600000,9.208,9.349,9.042,9.273
1774152000000,9.273,9.311,9.186,9.188
1774166400000,9.188,9.19,9.054,9.056
1774180800000,9.056,9.139,9.054,9.092
1774195200000,9.092,9.103,8.939,8.97
1774209600000,8.97,9.083,8.866,9.017
1774224000000,9.017,9.181,8.979,9.096
1774238400000,9.096,9.173,8.95,9.019
1774252800000,9.019,9.583,8.91,9.376
1774267200000,9.376,9.753,9.338,9.417
1774281600000,9.417,9.57,9.356,9.456
1774296000000,9.456,9.578,9.441,9.559
1774310400000,9.559,9.59,9.447,9.569
1774324800000,9.569,9.612,9.468,9.6
1774339200000,9.6,9.631,9.508,9.543
1774353600000,9.543,9.555,9.385,9.437
1774368000000,9.437,9.468,9.35,9.386
1774382400000,9.386,9.644,9.378,9.621
1774396800000,9.621,9.661,9.557,9.613
1774411200000,9.613,9.713,9.602,9.648
1774425600000,9.648,9.78,9.621,9.74
1774440000000,9.74,9.792,9.592,9.663
1774454400000,9.663,9.756,9.633,9.679
1774468800000,9.679,9.721,9.609,9.676
1774483200000,9.676,9.688,9.534,9.566
1774497600000,9.566,9.568,9.402,9.432
1774512000000,9.432,9.439,9.226,9.23
1774526400000,9.23,9.332,9.12,9.176
1774540800000,9.176,9.198,8.977,9.006
1774555200000,9.006,9.138,8.986,9.096
1774569600000,9.096,9.141,9.06,9.072
1774584000000,9.072,9.091,8.99,9.062
1774598400000,9.062,9.076,8.659,8.75
1774612800000,8.75,8.878,8.722,8.802
1774627200000,8.802,8.813,8.653,8.758
1774641600000,8.758,8.797,8.718,8.783
1774656000000,8.783,8.786,8.699,8.733
1774670400000,8.733,8.829,8.705,8.825
1774684800000,8.825,8.843,8.771,8.81
1774699200000,8.81,8.983,8.76,8.928
1774713600000,8.928,8.942,8.853,8.876
1774728000000,8.876,8.902,8.718,8.751
1774742400000,8.751,8.813,8.721,8.792
1774756800000,8.792,8.8,8.722,8.741
1774771200000,8.741,8.753,8.661,8.721
1774785600000,8.721,8.721,8.612,8.654
1774800000000,8.654,8.676,8.559,8.598
1774814400000,8.598,8.676,8.364,8.594
1774828800000,8.594,8.854,8.555,8.8
1774843200000,8.8,8.918,8.8,8.912
1774857600000,8.912,9.074,8.889,8.979
1774872000000,8.979,9.03,8.866,8.944
1774886400000,8.944,8.956,8.734,8.797
1774900800000,8.797,8.87,8.756,8.805
1774915200000,8.805,9.07,8.788,8.967
1774929600000,8.967,8.997,8.881,8.915
1774944000000,8.915,8.917,8.689,8.761
1774958400000,8.761,8.953,8.736,8.737
1774972800000,8.737,8.957,8.707,8.898
1774987200000,8.898,8.956,8.843,8.908
1775001600000,8.908,8.978,8.864,8.955
1775016000000,8.955,9.476,8.944,9.339
1775030400000,9.339,9.354,9.146,9.195
1775044800000,9.195,9.298,9.133,9.21
1775059200000,9.21,9.301,9.115,9.159
1775073600000,9.159,9.208,9.084,9.12
1775088000000,9.12,9.184,8.717,8.765
1775102400000,8.765,8.777,8.651,8.741
1775116800000,8.741,8.741,8.629,8.674
1775131200000,8.674,8.843,8.609,8.734
1775145600000,8.734,8.784,8.631,8.699
1775160000000,8.699,8.755,8.663,8.746
1775174400000,8.746,8.814,8.731,8.799
1775188800000,8.799,8.945,8.768,8.895
1775203200000,8.895,8.968,8.882,8.953
1775217600000,8.953,9.057,8.925,9.01
1775232000000,9.01,9.142,8.925,8.962
1775246400000,8.962,8.983,8.875,8.909
1775260800000,8.909,8.915,8.854,8.891
1775275200000,8.891,8.91,8.854,8.868
1775289600000,8.868,8.897,8.836,8.887
1775304000000,8.887,8.964,8.831,8.946
1775318400000,8.946,9.107,8.917,9.013
1775332800000,9.013,9.029,8.96,8.981
1775347200000,8.981,9.029,8.937,8.948
1775361600000,8.948,8.955,8.761,8.796
1775376000000,8.796,8.855,8.782,8.815
1775390400000,8.815,8.954,8.74,8.87
1775404800000,8.87,8.879,8.805,8.841
1775419200000,8.841,9.082,8.808,9.064
1775433600000,9.064,9.657,9.064,9.446
1775448000000,9.446,9.533,9.366,9.379
1775462400000,9.379,9.503,9.376,9.443
1775476800000,9.443,9.459,9.316,9.376
1775491200000,9.376,9.391,9.272,9.314
1775505600000,9.314,9.348,8.795,8.894
1775520000000,8.894,8.913,8.629,8.678
1775534400000,8.678,8.723,8.46,8.64
1775548800000,8.64,8.735,8.572,8.612
1775563200000,8.612,8.682,8.524,8.581
1775577600000,8.581,8.811,8.555,8.79
1775592000000,8.79,9.614,8.735,9.425
1775606400000,9.425,9.52,9.321,9.435
1775620800000,9.435,9.557,9.368,9.393
1775635200000,9.393,9.403,9.276,9.302
1775649600000,9.302,9.437,9.141,9.213
1775664000000,9.213,9.289,9.109,9.184
1775678400000,9.184,9.213,9.032,9.048
1775692800000,9.048,9.053,8.911,9.021
1775707200000,9.021,9.086,8.998,9.075
1775721600000,9.075,9.162,9.039,9.08
1775736000000,9.08,9.363,9.044,9.334
1775750400000,9.334,9.385,9.237,9.296
1775764800000,9.296,9.699,9.274,9.361
1775779200000,9.361,9.405,9.265,9.303
1775793600000,9.303,9.414,9.263,9.27
1775808000000,9.27,9.333,9.241,9.299
1775822400000,9.299,9.507,9.289,9.418
1775836800000,9.418,9.547,9.346,9.52
1775851200000,9.52,9.55,9.372,9.389
1775865600000,9.389,9.394,9.303,9.317
1775880000000,9.317,9.343,9.223,9.279
1775894400000,9.279,9.31,9.248,9.275
1775908800000,9.275,9.334,9.185,9.327
1775923200000,9.327,9.605,9.324,9.577
1775937600000,9.577,9.603,9.328,9.369
1775952000000,9.369,9.383,9.023,9.078
1775966400000,9.078,9.087,8.991,9.016
1775980800000,9.016,9.044,8.974,9.025
1775995200000,9.025,9.056,8.925,8.957
1776009600000,8.957,9.158,8.948,9.078
1776024000000,9.078,9.166,8.996,9.025
1776038400000,9.025,9.165,9.01,9.066
1776052800000,9.066,9.188,9.008,9.061
1776067200000,9.061,9.083,8.962,9.057
1776081600000,9.057,9.322,9.032,9.2
1776096000000,9.2,9.415,9.144,9.402
1776110400000,9.402,9.709,9.244,9.656
1776124800000,9.656,9.7,9.425,9.446
1776139200000,9.446,9.466,9.365,9.408
1776153600000,9.408,9.448,9.371,9.378
1776168000000,9.378,9.528,9.27,9.421
1776182400000,9.421,9.487,9.205,9.343
1776196800000,9.343,9.38,9.269,9.296
1776211200000,9.296,9.382,9.277,9.342
1776225600000,9.342,9.459,9.252,9.263
1776240000000,9.263,9.456,9.254,9.42
1776254400000,9.42,9.459,9.321,9.362
1776268800000,9.362,9.567,9.347,9.525
1776283200000,9.525,9.557,9.384,9.431
1776297600000,9.431,9.51,9.34,9.481
1776312000000,9.481,9.616,9.456,9.507
1776326400000,9.507,9.513,9.331,9.46
1776340800000,9.46,9.611,9.257,9.58
1776355200000,9.58,9.863,9.399,9.848
1776369600000,9.848,9.879,9.64,9.723
1776384000000,9.723,9.746,9.535,9.551
1776398400000,9.551,9.621,9.44,9.62
1776412800000,9.62,9.724,9.496,9.647
1776427200000,9.647,10.004,9.604,9.804
1776441600000,9.804,9.947,9.734,9.784
1776456000000,9.784,9.839,9.681,9.714
1776470400000,9.714,9.777,9.615,9.638
1776484800000,9.638,9.729,9.612,9.699
1776499200000,9.699,9.699,9.342,9.386
1776513600000,9.386,9.442,9.325,9.401
1776528000000,9.401,9.433,9.294,9.371
1776542400000,9.371,9.408,9.318,9.328
1776556800000,9.328,9.332,9.201,9.287
1776571200000,9.287,9.316,9.122,9.205
1776585600000,9.205,9.272,9.146,9.238
1776600000000,9.238,9.353,9.194,9.275
1776614400000,9.275,9.29,9.123,9.185
1776628800000,9.185,9.185,8.96,9.0
1776643200000,9.0,9.162,8.982,9.153
1776657600000,9.153,9.318,9.043,9.212
1776672000000,9.212,9.271,9.149,9.207
1776686400000,9.207,9.293,9.139,9.223
1776700800000,9.223,9.351,9.162,9.314
1776715200000,9.314,9.432,9.255,9.268
1776729600000,9.268,9.358,9.243,9.277
1776744000000,9.277,9.375,9.255,9.332
1776758400000,9.332,9.527,9.322,9.435
1776772800000,9.435,9.465,9.317,9.384
1776787200000,9.384,9.436,9.166,9.199
1776801600000,9.199,9.395,9.188,9.386
1776816000000,9.386,9.602,9.361,9.557
1776830400000,9.557,9.671,9.526,9.566
1776844800000,9.566,9.643,9.533,9.565
1776859200000,9.565,9.583,9.482,9.542
1776873600000,9.542,9.566,9.425,9.469
1776888000000,9.469,9.481,9.323,9.33
1776902400000,9.33,9.349,9.207,9.264
1776916800000,9.264,9.34,9.241,9.281
1776931200000,9.281,9.294,9.182,9.269
1776945600000,9.269,9.444,9.236,9.389
1776960000000,9.389,9.402,9.14,9.266
1776974400000,9.266,9.397,9.262,9.374
1776988800000,9.374,9.434,9.276,9.321
1777003200000,9.321,9.399,9.293,9.364
1777017600000,9.364,9.466,9.32,9.434
1777032000000,9.434,9.464,9.339,9.457
1777046400000,9.457,9.472,9.381,9.429
1777060800000,9.429,9.471,9.364,9.394
1777075200000,9.394,9.451,9.376,9.436
1777089600000,9.436,9.491,9.377,9.441
1777104000000,9.441,9.486,9.373,9.398
1777118400000,9.398,9.426,9.318,9.339
1777132800000,9.339,9.357,9.279,9.299
1777147200000,9.299,9.363,9.283,9.356
1777161600000,9.356,9.358,9.307,9.334
1777176000000,9.334,9.434,9.317,9.43
1777190400000,9.43,9.522,9.402,9.48
1777204800000,9.48,9.5,9.401,9.479
1777219200000,9.479,9.539,9.391,9.468
1777233600000,9.468,9.504,9.372,9.448
1777248000000,9.448,9.559,9.413,9.502
1777262400000,9.502,9.524,9.202,9.225
1777276800000,9.225,9.271,9.211,9.26
1777291200000,9.26,9.311,9.075,9.13
1777305600000,9.13,9.198,9.098,9.169
1777320000000,9.169,9.276,9.156,9.263
1777334400000,9.263,9.27,9.178,9.218
1777348800000,9.218,9.257,9.134,9.174
1777363200000,9.174,9.222,9.118,9.152
1777377600000,9.152,9.219,9.107,9.16
1777392000000,9.16,9.194,9.122,9.178
1777406400000,9.178,9.196,9.149,9.171
1777420800000,9.171,9.258,9.136,9.253
1777435200000,9.253,9.351,9.238,9.292
1777449600000,9.292,9.44,9.247,9.343
1777464000000,9.343,9.345,9.077,9.111
1777478400000,9.111,9.194,8.907,9.048
1777492800000,9.048,9.152,9.042,9.118
1777507200000,9.118,9.223,9.087,9.16
1777521600000,9.16,9.16,9.044,9.149
1777536000000,9.149,9.219,9.11,9.137
1777550400000,9.137,9.173,9.076,9.132
1777564800000,9.132,9.138,9.073,9.096
1777579200000,9.096,9.109,9.057,9.088
1777593600000,9.088,9.203,9.087,9.151
