open_time_ms,open,high,low,close
1609459200000,342.5,355.65,336.25,351.45
1609473600000,351.45,353.0,345.1,346.25
1609488000000,346.25,350.55,340.3,348.45
1609502400000,348.45,352.75,344.85,345.6
1609516800000,345.6,347.7,331.0,338.35
1609531200000,338.35,343.3,338.25,341.65
1609545600000,341.65,345.0,333.8,339.8
1609560000000,339.8,345.7,338.1,343.05
1609574400000,343.05,353.0,338.15,343.35
1609588800000,343.35,357.3,343.2,354.3
1609603200000,354.3,368.7,353.0,361.9
1609617600000,361.9,362.25,346.05,354.55
1609632000000,354.55,368.0,354.55,356.45
1609646400000,356.45,369.7,355.35,363.8
1609660800000,363.8,396.7,360.9,390.05
1609675200000,390.05,409.6,383.6,398.1
1609689600000,398.1,418.6,393.45,397.7
1609704000000,397.7,436.0,397.15,425.0
1609718400000,425.0,435.2,409.85,434.3
1609732800000,434.3,467.8,411.4,430.05
1609747200000,430.05,436.7,379.1,404.55
1609761600000,404.55,413.15,397.0,404.15
1609776000000,404.15,405.8,390.0,402.25
1609790400000,402.25,407.3,394.85,406.3
1609804800000,406.3,425.75,396.3,397.4
1609819200000,397.4,404.2,389.65,396.85
1609833600000,396.85,418.35,396.85,413.7
1609848000000,413.7,415.95,399.8,408.8
1609862400000,408.8,419.45,406.35,415.85
1609876800000,415.85,423.5,412.15,418.55
1609891200000,418.55,423.45,411.0,415.05
1609905600000,415.05,434.85,413.95,422.95
1609920000000,422.95,442.25,420.15,440.6
1609934400000,440.6,443.8,428.0,436.85
1609948800000,436.85,458.6,436.2,438.35
1609963200000,438.35,456.2,430.1,453.9
1609977600000,453.9,467.5,447.75,461.95
1609992000000,461.95,462.5,439.45,442.9
1610006400000,442.9,451.7,433.45,450.45
1610020800000,450.45,458.85,444.5,456.75
1610035200000,456.75,485.3,425.4,450.8
1610049600000,450.8,461.7,441.25,448.8
1610064000000,448.8,452.05,404.25,421.0
1610078400000,421.0,433.0,412.15,431.75
1610092800000,431.75,453.3,420.85,446.0
1610107200000,446.0,455.25,422.8,432.4
1610121600000,432.4,453.85,430.4,431.65
1610136000000,431.65,440.9,419.15,437.4
1610150400000,437.4,441.0,425.05,432.05
1610164800000,432.05,432.05,418.25,425.35
1610179200000,425.35,461.45,422.25,450.4
1610193600000,450.4,465.45,446.65,459.8
1610208000000,459.8,550.0,455.95,545.35
1610222400000,545.35,589.05,531.35,577.0
1610236800000,577.0,586.7,560.5,572.0
1610251200000,572.0,629.9,571.3,615.85
1610265600000,615.85,618.75,548.75,559.2
1610280000000,559.2,618.4,550.0,586.85
1610294400000,586.85,623.6,566.45,591.7
1610308800000,591.7,614.1,560.65,601.75
1610323200000,601.75,603.95,469.0,507.45
1610337600000,507.45,519.7,457.7,490.9
1610352000000,490.9,525.4,483.55,486.25
1610366400000,486.25,499.4,441.15,441.15
1610380800000,441.15,454.1,400.5,431.55
1610395200000,431.55,484.3,422.2,476.85
1610409600000,476.85,490.7,457.75,488.3
1610424000000,488.3,510.55,476.9,503.5
1610438400000,503.5,504.0,463.25,477.9
1610452800000,477.9,485.45,444.1,461.75
1610467200000,461.75,479.1,456.3,462.2
1610481600000,462.2,469.1,445.05,452.3
1610496000000,452.3,486.35,435.35,470.45
1610510400000,470.45,478.9,456.1,474.4
1610524800000,474.4,488.0,469.55,476.85
1610539200000,476.85,483.25,470.3,479.4
1610553600000,479.4,484.6,472.6,481.55
1610568000000,481.55,501.5,479.2,496.7
1610582400000,496.7,507.4,484.15,487.5
1610596800000,487.5,504.7,485.0,499.7
1610611200000,499.7,515.45,494.1,507.15
1610625600000,507.15,524.0,498.45,518.55
1610640000000,518.55,539.75,518.55,532.45
1610654400000,532.45,534.15,500.7,527.65
1610668800000,527.65,537.4,507.35,514.15
1610683200000,514.15,515.05,496.3,512.55
1610697600000,512.55,516.85,504.2,505.5
1610712000000,505.5,513.2,467.3,472.65
1610726400000,472.65,483.25,452.55,474.15
1610740800000,474.15,493.2,470.85,491.9
1610755200000,491.9,498.4,477.0,486.05
1610769600000,486.05,492.5,474.2,487.7
1610784000000,487.7,507.3,485.55,504.25
1610798400000,504.25,513.0,492.35,507.35
1610812800000,507.35,517.05,487.5,497.85
1610827200000,497.85,501.75,481.05,490.55
1610841600000,490.55,496.2,482.0,488.85
1610856000000,488.85,490.85,466.3,471.95
1610870400000,471.95,479.6,462.2,478.45
1610884800000,478.45,483.85,468.65,480.75
1610899200000,480.75,483.75,476.05,477.3
1610913600000,477.3,490.9,476.8,480.4
1610928000000,480.4,491.4,470.55,473.75
1610942400000,473.75,482.45,470.5,479.65
1610956800000,479.65,485.85,474.45,482.4
1610971200000,482.4,510.6,481.55,498.15
1610985600000,498.15,502.0,482.6,489.35
1611000000000,489.35,514.95,488.5,509.55
1611014400000,509.55,527.8,503.9,517.5
1611028800000,517.5,529.95,514.1,528.85
1611043200000,528.85,538.45,521.3,535.75
1611057600000,535.75,543.4,520.6,543.2
1611072000000,543.2,554.55,511.55,519.6
1611086400000,519.6,528.35,506.0,508.0
1611100800000,508.0,519.05,495.45,496.15
1611115200000,496.15,508.7,492.3,504.65
1611129600000,504.65,506.95,472.3,480.75
1611144000000,480.75,492.45,473.85,478.35
1611158400000,478.35,498.25,470.2,496.8
1611172800000,496.8,499.55,489.25,497.5
1611187200000,497.5,499.55,481.7,485.05
1611201600000,485.05,487.55,472.6,480.1
1611216000000,480.1,480.25,440.9,445.5
1611230400000,445.5,455.9,435.1,439.4
1611244800000,439.4,448.7,429.55,444.75
1611259200000,444.75,445.4,405.45,418.5
1611273600000,418.5,420.3,391.8,414.2
1611288000000,414.2,424.95,412.8,415.4
1611302400000,415.4,434.05,410.05,429.9
1611316800000,429.9,448.0,428.45,444.0
1611331200000,444.0,450.6,436.6,448.75
1611345600000,448.75,449.0,437.45,441.0
1611360000000,441.0,441.0,426.05,431.15
1611374400000,431.15,444.2,430.4,440.2
1611388800000,440.2,442.3,418.1,421.95
1611403200000,421.95,431.8,418.1,428.65
1611417600000,428.65,434.95,424.9,434.65
1611432000000,434.65,437.15,428.85,431.65
1611446400000,431.65,435.7,426.55,435.3
1611460800000,435.3,443.25,434.95,439.6
1611475200000,439.6,449.35,436.05,446.1
1611489600000,446.1,448.0,431.3,435.1
1611504000000,435.1,438.35,421.8,426.2
1611518400000,426.2,442.0,425.65,439.75
1611532800000,439.75,456.55,439.35,455.45
1611547200000,455.45,457.65,448.85,452.4
1611561600000,452.4,454.3,443.5,450.05
1611576000000,450.05,465.75,448.4,460.35
1611590400000,460.35,463.65,445.25,446.55
1611604800000,446.55,447.6,431.0,432.35
1611619200000,432.35,438.65,423.1,425.65
1611633600000,425.65,431.8,421.05,426.2
1611648000000,426.2,435.6,425.1,431.85
1611662400000,431.85,433.35,413.05,420.9
1611676800000,420.9,430.15,416.65,427.25
1611691200000,427.25,431.5,421.35,428.4
1611705600000,428.4,428.55,414.5,417.3
1611720000000,417.3,417.3,404.35,407.85
1611734400000,407.85,407.85,389.35,389.5
1611748800000,389.5,397.75,369.3,383.15
1611763200000,383.15,385.65,370.2,379.8
1611777600000,379.8,385.45,374.4,377.75
1611792000000,377.75,393.35,370.55,391.5
1611806400000,391.5,398.65,388.3,389.35
1611820800000,389.35,395.25,385.65,392.2
1611835200000,392.2,400.4,390.7,396.75
1611849600000,396.75,400.45,391.15,393.65
1611864000000,393.65,414.85,392.5,405.05
1611878400000,405.05,416.05,402.15,403.35
1611892800000,403.35,412.6,391.85,403.1
1611907200000,403.1,430.7,396.2,425.15
1611921600000,425.15,436.2,420.05,424.45
1611936000000,424.45,427.85,401.4,405.35
1611950400000,405.35,412.5,402.35,407.55
1611964800000,407.55,411.15,392.45,395.55
1611979200000,395.55,402.4,393.8,400.6
1611993600000,400.6,416.45,396.15,403.55
1612008000000,403.55,414.85,397.55,412.9
1612022400000,412.9,420.25,406.0,415.35
1612036800000,415.35,417.6,411.15,417.5
1612051200000,417.5,417.55,407.35,407.65
1612065600000,407.65,408.75,400.5,402.15
1612080000000,402.15,413.4,400.7,410.25
1612094400000,410.25,415.3,393.45,396.65
1612108800000,396.65,399.5,390.95,395.8
1612123200000,395.8,403.0,393.35,399.8
1612137600000,399.8,404.7,390.05,402.1
1612152000000,402.1,415.4,400.45,410.55
1612166400000,410.55,446.05,409.3,432.55
1612180800000,432.55,434.7,402.15,407.3
1612195200000,407.3,412.25,404.45,408.15
1612209600000,408.15,417.4,406.9,415.1
1612224000000,415.1,421.95,412.1,413.3
1612238400000,413.3,426.15,412.5,422.6
1612252800000,422.6,433.65,417.5,422.4
1612267200000,422.4,430.45,420.85,424.45
1612281600000,424.45,431.4,421.65,430.05
1612296000000,430.05,436.0,427.45,430.95
1612310400000,430.95,444.85,430.95,441.1
1612324800000,441.1,447.6,436.35,437.65
1612339200000,437.65,443.3,431.05,432.5
1612353600000,432.5,443.85,428.25,441.4
1612368000000,441.4,450.65,435.05,442.65
1612382400000,442.65,448.65,440.55,446.35
1612396800000,446.35,456.25,434.9,436.35
1612411200000,436.35,441.95,434.65,436.7
1612425600000,436.7,444.15,420.25,425.95
1612440000000,425.95,429.85,413.15,418.5
1612454400000,418.5,425.95,416.05,425.25
1612468800000,425.25,429.4,420.95,421.4
1612483200000,421.4,432.8,418.05,429.9
1612497600000,429.9,436.55,427.25,436.5
1612512000000,436.5,438.9,431.7,438.7
1612526400000,438.7,442.9,435.95,439.15
1612540800000,439.15,443.75,430.3,434.95
1612555200000,434.95,449.25,433.75,448.25
1612569600000,448.25,486.4,447.2,474.35
1612584000000,474.35,482.95,463.0,477.3
1612598400000,477.3,490.95,475.65,480.4
1612612800000,480.4,483.9,472.5,479.9
1612627200000,479.9,483.95,460.55,468.0
1612641600000,468.0,468.65,456.0,459.05
1612656000000,459.05,464.6,443.4,449.55
1612670400000,449.55,458.9,441.35,456.3
1612684800000,456.3,461.2,452.8,456.45
1612699200000,456.45,464.25,435.55,439.1
1612713600000,439.1,445.85,430.0,441.85
1612728000000,441.85,447.8,438.7,445.55
1612742400000,445.55,450.85,437.35,439.85
1612756800000,439.85,451.6,439.7,449.45
1612771200000,449.45,459.9,446.5,455.15
1612785600000,455.15,478.3,449.35,474.3
1612800000000,474.3,484.2,465.1,474.9
1612814400000,474.9,488.8,473.5,484.15
1612828800000,484.15,498.15,477.5,493.9
1612843200000,493.9,510.0,493.25,496.25
1612857600000,496.25,501.0,476.5,487.85
1612872000000,487.85,496.7,473.5,492.5
1612886400000,492.5,515.05,487.5,505.6
1612900800000,505.6,520.35,502.8,515.5
1612915200000,515.5,534.45,508.35,525.45
1612929600000,525.45,529.0,505.15,523.9
1612944000000,523.9,543.1,516.25,528.9
1612958400000,528.9,528.9,465.85,478.0
1612972800000,478.0,492.55,472.85,490.2
1612987200000,490.2,500.25,480.25,494.35
1613001600000,494.35,509.6,490.65,508.05
1613016000000,508.05,514.95,499.65,508.5
1613030400000,508.5,529.45,507.05,520.95
1613044800000,520.95,543.95,520.95,530.75
1613059200000,530.75,540.95,519.7,529.25
1613073600000,529.25,536.25,512.2,529.85
1613088000000,529.85,547.95,528.0,529.7
1613102400000,529.7,530.05,510.95,527.85
1613116800000,527.85,550.0,526.05,544.25
1613131200000,544.25,557.25,522.2,544.3
1613145600000,544.3,558.0,544.3,549.6
1613160000000,549.6,580.5,549.6,576.6
1613174400000,576.6,588.75,576.6,582.75
1613188800000,582.75,584.4,560.75,560.75
1613203200000,560.75,581.6,541.45,554.3
1613217600000,554.3,599.85,549.15,596.45
1613232000000,596.45,656.35,587.15,654.45
1613246400000,654.45,668.95,632.45,668.6
1613260800000,668.6,729.4,661.2,690.7
1613275200000,690.7,712.85,671.0,702.1
1613289600000,702.1,719.8,686.05,695.55
1613304000000,695.55,718.65,653.65,671.4
1613318400000,671.4,703.85,670.85,684.9
1613332800000,684.9,750.0,680.2,722.55
1613347200000,722.55,749.2,592.65,665.95
1613361600000,665.95,689.35,638.0,681.6
1613376000000,681.6,736.35,670.35,720.7
1613390400000,720.7,740.0,701.25,740.0
1613404800000,740.0,775.7,734.95,754.1
1613419200000,754.1,757.85,680.0,715.35
1613433600000,715.35,745.85,688.35,736.9
1613448000000,736.9,736.9,703.6,724.0
1613462400000,724.0,727.0,704.7,710.4
1613476800000,710.4,734.4,685.0,700.65
1613491200000,700.65,704.55,668.55,691.85
1613505600000,691.85,710.65,676.45,706.5
1613520000000,706.5,721.95,688.9,690.65
1613534400000,690.65,714.0,675.05,713.95
1613548800000,713.95,727.55,705.5,714.35
1613563200000,714.35,728.55,709.55,715.45
1613577600000,715.45,722.5,709.0,718.8
1613592000000,718.8,729.3,711.55,716.65
1613606400000,716.65,732.25,716.65,719.75
1613620800000,719.75,726.95,709.55,716.3
1613635200000,716.3,722.4,695.7,704.3
1613649600000,704.3,713.0,690.9,701.75
1613664000000,701.75,706.85,695.1,698.05
1613678400000,698.05,713.7,695.05,704.45
1613692800000,704.45,714.0,682.2,694.4
1613707200000,694.4,719.5,688.1,716.35
1613721600000,716.35,726.15,711.35,723.4
1613736000000,723.4,746.5,710.95,717.3
1613750400000,717.3,725.0,698.65,714.8
1613764800000,714.8,731.0,713.15,718.3
1613779200000,718.3,732.15,709.15,726.95
1613793600000,726.95,750.2,719.0,720.7
1613808000000,720.7,733.85,717.25,727.3
1613822400000,727.3,742.7,693.1,706.0
1613836800000,706.0,722.15,706.0,712.9
1613851200000,712.9,712.9,626.45,678.65
1613865600000,678.65,693.6,666.05,681.5
1613880000000,681.5,688.25,671.15,673.6
1613894400000,673.6,700.95,669.65,694.8
1613908800000,694.8,736.6,680.1,734.75
1613923200000,734.75,736.6,711.5,719.9
1613937600000,719.9,719.9,696.5,707.2
1613952000000,707.2,711.0,672.0,675.45
1613966400000,675.45,693.45,664.3,687.85
1613980800000,687.85,692.1,644.75,652.3
1613995200000,652.3,654.9,526.8,607.45
1614009600000,607.45,621.35,586.3,611.3
1614024000000,611.3,630.35,609.8,628.35
1614038400000,628.35,632.4,579.4,590.15
1614052800000,590.15,600.85,547.75,560.2
1614067200000,560.2,564.85,406.75,482.1
1614081600000,481.15,521.55,465.55,513.3
1614096000000,513.3,525.25,479.0,479.0
1614110400000,479.0,517.75,475.25,515.85
1614124800000,515.85,548.1,495.5,544.35
1614139200000,544.35,552.85,528.2,539.1
1614153600000,539.1,555.5,534.5,542.85
1614168000000,542.85,549.55,510.65,532.5
1614182400000,532.5,544.0,515.45,517.9
1614196800000,517.9,527.15,503.8,526.65
1614211200000,526.65,543.85,523.45,528.4
1614225600000,528.4,538.45,519.6,532.6
1614240000000,532.6,545.2,514.8,543.15
1614254400000,543.15,557.45,537.2,546.35
1614268800000,546.35,548.9,521.1,524.4
1614283200000,524.4,525.55,493.55,498.9
1614297600000,498.9,506.4,473.8,491.1
1614312000000,491.1,496.0,457.5,466.0
1614326400000,466.0,489.0,466.0,481.85
1614340800000,481.85,494.95,476.15,492.8
1614355200000,492.8,508.6,490.8,493.05
1614369600000,493.05,497.5,476.65,484.95
1614384000000,484.95,500.25,483.9,494.5
1614398400000,494.5,502.8,489.3,491.3
1614412800000,491.3,496.3,481.05,490.15
1614427200000,490.15,499.05,484.6,485.8
1614441600000,485.8,496.95,483.15,496.9
1614456000000,496.9,497.4,472.3,483.4
1614470400000,483.4,485.2,455.05,457.15
1614484800000,457.15,467.95,441.25,450.4
1614499200000,450.4,465.3,449.6,461.3
1614513600000,461.3,463.25,437.75,442.15
1614528000000,442.15,453.0,431.85,451.45
1614542400000,451.45,466.4,450.65,460.85
1614556800000,460.85,471.6,457.55,467.05
1614571200000,467.05,471.75,460.1,466.6
1614585600000,466.6,486.7,466.45,483.15
1614600000000,483.15,501.1,480.1,501.1
1614614400000,501.1,506.9,484.3,487.25
1614628800000,487.25,502.55,484.75,501.6
1614643200000,501.6,510.0,494.6,500.55
1614657600000,500.55,505.65,494.7,497.85
1614672000000,497.85,549.7,497.85,539.0
1614686400000,539.0,546.65,524.45,537.4
1614700800000,537.4,537.55,508.55,510.45
1614715200000,510.45,518.2,502.05,517.2
1614729600000,517.2,526.9,511.25,520.55
1614744000000,520.55,538.5,520.05,535.0
1614758400000,535.0,546.85,533.25,538.4
1614772800000,538.4,555.9,527.05,535.05
1614787200000,535.05,541.25,531.3,534.8
1614801600000,534.8,536.1,520.8,521.2
1614816000000,521.2,538.65,512.35,514.4
1614830400000,514.4,520.8,508.55,520.75
1614844800000,520.75,527.0,507.75,516.1
1614859200000,516.1,524.7,510.45,517.3
1614873600000,517.3,520.15,492.35,498.95
1614888000000,498.95,509.65,495.05,505.8
1614902400000,505.8,506.15,477.05,486.85
1614916800000,486.85,488.95,478.8,485.35
1614931200000,485.35,487.45,473.0,487.2
1614945600000,487.2,499.7,483.55,487.85
1614960000000,487.85,499.85,481.1,498.5
1614974400000,498.5,504.45,496.5,497.6
1614988800000,497.6,501.7,493.5,495.15
1615003200000,495.15,505.9,489.4,502.95
1615017600000,502.95,504.7,495.3,496.5
1615032000000,496.5,496.75,481.85,486.5
1615046400000,486.5,497.5,484.4,495.65
1615060800000,495.65,503.45,494.75,500.85
1615075200000,500.85,511.05,500.85,507.05
1615089600000,507.05,512.75,503.4,511.9
1615104000000,511.9,516.1,509.8,511.3
1615118400000,511.3,512.9,503.75,510.55
1615132800000,510.55,514.9,508.55,510.9
1615147200000,510.9,518.85,503.75,517.05
1615161600000,517.05,527.0,515.05,517.65
1615176000000,517.65,522.6,504.4,507.3
1615190400000,507.3,510.45,501.05,510.2
1615204800000,510.2,524.25,505.05,519.0
1615219200000,519.35,526.8,516.65,520.85
1615233600000,520.85,530.3,518.45,530.05
1615248000000,530.05,545.1,524.15,544.9
1615262400000,544.9,547.15,534.9,535.9
1615276800000,535.9,546.8,535.9,540.4
1615291200000,540.4,542.2,532.0,537.75
1615305600000,537.75,542.15,532.65,535.7
1615320000000,535.7,546.6,534.05,546.25
1615334400000,546.35,560.55,517.4,521.3
1615348800000,521.3,531.75,518.15,530.1
1615363200000,530.1,539.95,528.6,534.95
1615377600000,534.95,551.2,534.05,550.05
1615392000000,550.05,569.3,545.0,562.5
1615406400000,562.5,563.9,546.0,546.65
1615420800000,546.65,565.45,535.7,559.15
1615435200000,559.0,564.2,538.75,539.4
1615449600000,539.4,545.85,527.9,545.85
1615464000000,545.85,555.35,536.3,538.1
1615478400000,538.1,547.85,538.1,542.65
1615492800000,542.65,555.35,541.55,549.8
1615507200000,549.8,564.5,541.75,557.0
1615521600000,557.0,557.65,544.4,547.85
1615536000000,547.85,553.9,531.5,536.8
1615550400000,536.8,539.9,510.25,529.55
1615564800000,529.55,537.6,525.45,526.4
1615579200000,526.4,539.95,523.05,538.7
1615593600000,538.7,548.95,522.0,541.95
1615608000000,541.95,548.75,536.45,548.7
1615622400000,548.7,571.5,544.5,566.65
1615636800000,566.65,595.2,560.4,593.95
1615651200000,593.95,609.95,587.3,601.2
1615665600000,601.2,609.35,591.3,594.65
1615680000000,594.65,603.0,585.9,598.95
1615694400000,598.95,599.9,579.7,580.55
1615708800000,580.55,591.9,563.0,575.95
1615723200000,575.95,581.8,560.9,563.15
1615737600000,563.15,571.55,555.85,568.35
1615752000000,568.35,573.2,551.65,552.45
1615766400000,552.45,568.3,549.5,566.45
1615780800000,566.45,568.85,520.8,533.35
1615795200000,533.35,538.45,515.0,528.9
1615809600000,528.9,535.05,519.35,523.05
1615824000000,523.05,530.75,518.15,529.75
1615838400000,529.75,533.2,521.9,523.45
1615852800000,523.45,528.35,502.4,518.3
1615867200000,518.3,538.45,512.75,532.15
1615881600000,532.15,537.65,522.05,525.85
1615896000000,525.85,532.5,518.75,530.7
1615910400000,530.7,531.9,516.0,522.15
1615924800000,522.15,529.75,521.55,529.15
1615939200000,529.15,531.45,520.9,521.6
1615953600000,521.6,534.2,519.25,526.95
1615968000000,526.95,530.0,513.0,516.25
1615982400000,516.25,521.1,512.45,518.2
1615996800000,518.2,538.85,514.1,535.3
1616011200000,535.3,542.45,531.75,542.15
1616025600000,542.15,545.8,537.9,538.7
1616040000000,538.7,541.35,533.4,534.4
1616054400000,534.4,538.15,531.35,532.75
1616068800000,532.75,543.0,528.65,542.45
1616083200000,542.45,547.85,524.85,526.05
1616097600000,526.05,532.5,523.15,528.2
1616112000000,528.2,537.7,517.4,534.5
1616126400000,534.5,538.65,529.05,529.3
1616140800000,529.3,540.5,527.65,538.8
1616155200000,538.8,541.3,532.2,539.3
1616169600000,539.3,551.6,537.5,543.15
1616184000000,543.15,545.05,531.85,533.05
1616198400000,533.05,543.1,530.2,541.45
1616212800000,541.45,541.95,536.6,540.25
1616227200000,540.25,550.8,539.95,550.8
1616241600000,550.8,553.0,540.7,542.0
1616256000000,542.0,550.6,537.65,547.9
1616270400000,547.9,548.35,535.7,536.5
1616284800000,536.5,543.5,528.8,532.5
1616299200000,532.5,532.5,522.7,526.6
1616313600000,526.6,529.25,515.3,520.1
1616328000000,520.1,526.35,515.75,522.75
1616342400000,522.75,527.6,518.8,526.9
1616356800000,526.9,529.75,522.7,524.25
1616371200000,524.25,524.45,513.9,521.25
1616385600000,521.25,526.6,518.9,522.85
1616400000000,522.85,527.75,516.7,526.05
1616414400000,526.05,540.0,521.6,531.25
1616428800000,531.25,538.6,524.2,524.8
1616443200000,524.8,527.75,506.0,509.35
1616457600000,509.35,530.95,506.25,529.05
1616472000000,529.05,532.65,513.0,519.9
1616486400000,519.9,529.9,514.05,520.05
1616500800000,520.05,528.1,520.05,523.2
1616515200000,523.2,526.05,515.75,516.4
1616529600000,516.4,516.7,510.45,511.0
1616544000000,511.0,516.4,505.35,513.9
1616558400000,513.9,520.65,510.3,519.95
1616572800000,519.95,524.75,519.85,523.65
1616587200000,523.65,529.65,520.7,523.6
1616601600000,523.6,525.05,508.3,508.6
1616616000000,508.6,511.2,440.6,474.05
1616630400000,474.05,478.55,451.65,463.6
1616644800000,463.6,473.4,460.3,464.4
1616659200000,464.4,478.15,464.3,471.85
1616673600000,471.85,475.05,457.05,467.7
1616688000000,467.7,481.25,464.65,480.95
1616702400000,480.95,482.6,472.35,473.45
1616716800000,473.45,480.0,471.2,476.45
1616731200000,476.45,478.8,471.8,476.4
1616745600000,476.4,494.35,475.0,489.15
1616760000000,489.15,498.15,487.6,492.9
1616774400000,492.9,498.0,490.0,497.35
1616788800000,497.35,507.8,497.35,505.95
1616803200000,505.95,509.9,500.65,502.55
1616817600000,502.55,505.2,496.45,498.65
1616832000000,498.65,502.05,492.65,493.4
1616846400000,493.4,495.15,484.15,494.5
1616860800000,494.5,502.5,494.35,500.7
1616875200000,500.7,505.4,499.7,500.6
1616889600000,500.6,505.9,497.8,502.7
1616904000000,502.7,505.55,500.2,503.65
1616918400000,503.65,504.4,496.95,497.15
1616932800000,497.15,501.95,492.9,500.55
1616947200000,500.55,502.95,488.55,492.55
1616961600000,492.55,498.15,490.45,497.6
1616976000000,497.6,502.7,492.45,500.8
1616990400000,500.8,510.95,499.0,508.15
1617004800000,508.15,522.95,508.15,520.45
1617019200000,520.45,524.5,512.7,517.6
1617033600000,517.6,523.1,515.45,518.4
1617048000000,518.4,521.0,515.4,518.75
1617062400000,518.75,520.4,511.15,514.4
1617076800000,514.4,520.3,512.05,518.9
1617091200000,518.9,537.1,518.9,534.15
1617105600000,534.15,537.3,524.45,525.45
1617120000000,525.45,532.6,525.45,532.6
1617134400000,532.6,532.6,523.15,526.1
1617148800000,526.1,534.2,519.5,523.65
1617163200000,523.65,533.6,509.55,517.35
1617177600000,517.35,518.7,502.15,516.85
1617192000000,516.85,527.65,514.15,527.1
1617206400000,527.1,534.9,521.2,525.95
1617220800000,525.95,545.55,524.85,541.4
1617235200000,541.4,555.45,541.4,542.25
1617249600000,542.25,545.95,532.0,538.85
1617264000000,538.85,547.25,529.5,534.0
1617278400000,534.05,547.4,530.9,543.6
1617292800000,543.6,560.3,530.7,553.8
1617307200000,553.8,560.35,550.65,556.6
1617321600000,556.6,566.7,545.45,560.95
1617336000000,560.95,562.9,552.55,558.75
1617350400000,558.75,577.4,556.2,576.1
1617364800000,576.1,589.0,564.3,586.3
1617379200000,586.3,599.0,577.05,580.15
1617393600000,580.15,588.15,572.5,581.85
1617408000000,581.8,597.5,581.7,585.7
1617422400000,585.7,595.0,584.55,589.9
1617436800000,589.9,594.45,569.9,582.75
1617451200000,582.75,585.75,562.5,564.2
1617465600000,564.2,571.3,541.3,556.5
1617480000000,556.5,556.95,530.0,530.0
1617494400000,530.3,547.8,520.35,547.4
1617508800000,547.4,551.5,541.25,551.45
1617523200000,551.45,559.45,548.5,550.6
1617537600000,550.6,561.8,548.25,552.35
1617552000000,552.35,564.9,552.05,557.15
1617566400000,557.15,560.95,552.75,560.9
1617580800000,560.9,582.65,554.4,575.75
1617595200000,575.75,583.2,560.55,568.75
1617609600000,568.75,597.8,562.7,597.65
1617624000000,597.65,620.9,596.85,620.1
1617638400000,620.1,630.7,611.8,613.05
1617652800000,613.05,648.3,613.0,648.2
1617667200000,648.2,661.9,637.95,644.55
1617681600000,644.55,648.55,626.35,630.0
1617696000000,630.0,672.05,626.55,664.15
1617710400000,664.15,675.85,615.2,637.25
1617724800000,637.25,661.0,637.25,651.6
1617739200000,651.6,665.2,641.55,663.35
1617753600000,663.35,682.8,647.65,682.8
1617768000000,682.8,694.95,651.0,671.9
1617782400000,671.9,673.4,596.1,618.45
1617796800000,618.45,641.65,595.5,625.8
1617811200000,625.8,641.95,604.35,622.95
1617825600000,622.95,631.95,609.75,616.25
1617840000000,616.25,633.2,610.3,618.6
1617854400000,618.6,640.8,618.6,636.35
1617868800000,636.35,641.65,610.1,618.35
1617883200000,618.35,642.25,615.3,636.4
1617897600000,636.4,642.7,627.05,630.4
1617912000000,630.4,643.7,623.55,643.6
1617926400000,643.6,650.15,633.3,636.5
1617940800000,636.5,646.85,633.65,640.45
1617955200000,640.45,643.2,629.25,640.3
1617969600000,640.3,642.6,625.65,638.9
1617984000000,638.9,640.85,630.8,638.65
1617998400000,638.65,642.05,627.65,630.9
1618012800000,630.9,644.4,625.15,643.6
1618027200000,643.6,668.6,642.55,664.0
1618041600000,664.0,669.85,657.25,658.25
1618056000000,658.25,679.05,646.5,676.9
1618070400000,676.9,683.35,660.9,673.15
1618084800000,673.15,677.4,654.45,673.3
1618099200000,673.3,716.5,673.3,713.15
1618113600000,713.15,713.25,688.05,699.8
1618128000000,699.8,705.55,683.9,693.0
1618142400000,693.0,694.95,671.0,685.15
1618156800000,685.15,688.3,671.35,682.2
1618171200000,682.2,692.95,673.05,690.9
1618185600000,690.9,693.0,678.3,687.05
1618200000000,687.05,698.3,685.05,693.55
1618214400000,693.55,698.9,665.15,677.3
1618228800000,677.3,683.65,655.5,665.65
1618243200000,665.65,674.85,653.15,674.0
1618257600000,674.0,677.05,670.1,670.35
1618272000000,670.35,680.1,668.05,675.1
1618286400000,675.1,695.4,670.0,692.9
1618300800000,692.9,722.1,691.7,719.8
1618315200000,719.8,735.7,716.7,734.85
1618329600000,734.85,750.05,727.0,741.45
1618344000000,741.45,752.0,721.4,745.55
1618358400000,745.55,824.5,745.5,814.85
1618372800000,814.85,831.65,808.5,812.25
1618387200000,812.25,824.5,767.35,812.0
1618401600000,812.0,818.5,758.3,794.5
1618416000000,794.5,847.95,789.05,802.75
1618430400000,802.75,830.0,794.1,815.5
1618444800000,815.5,827.7,798.7,816.85
1618459200000,816.85,839.15,803.7,823.55
1618473600000,823.55,830.0,800.65,812.05
1618488000000,812.05,844.3,810.45,839.05
1618502400000,839.05,863.75,834.15,853.35
1618516800000,853.35,878.0,846.0,865.2
1618531200000,865.2,968.0,865.2,958.55
1618545600000,958.55,959.0,884.4,911.3
1618560000000,911.3,930.15,848.2,896.4
1618574400000,896.4,1029.3,817.45,1003.75
1618588800000,1003.75,1178.95,985.1,1042.9
1618603200000,1042.9,1175.75,1026.3,1104.0
1618617600000,1104.0,1179.4,1076.95,1136.6
1618632000000,1136.6,1216.5,1105.45,1178.15
1618646400000,1178.15,1195.35,1070.0,1105.35
1618660800000,1105.35,1136.35,1021.1,1039.6
1618675200000,1039.6,1063.1,993.6,1038.95
1618689600000,1038.95,1069.85,990.15,993.4
1618704000000,993.4,1017.2,785.9,883.7
1618718400000,883.7,939.15,860.3,922.85
1618732800000,922.85,932.1,839.1,846.85
1618747200000,846.85,932.5,841.5,926.15
1618761600000,926.15,947.5,900.95,921.0
1618776000000,921.0,977.4,916.4,974.15
1618790400000,974.15,1041.3,937.05,1016.45
1618804800000,1016.45,1017.25,983.95,1002.15
1618819200000,1002.15,1003.5,917.7,967.85
1618833600000,967.85,975.0,872.8,884.75
1618848000000,884.75,934.0,877.0,928.6
1618862400000,928.6,940.2,884.05,891.2
1618876800000,891.2,900.3,827.8,865.6
1618891200000,865.6,907.95,842.35,873.0
1618905600000,873.0,973.45,868.65,953.95
1618920000000,953.95,964.75,895.4,943.0
1618934400000,943.0,964.45,920.2,961.7
1618948800000,961.7,965.55,931.3,942.1
1618963200000,942.1,999.5,941.25,950.85
1618977600000,950.85,966.9,939.0,944.75
1618992000000,944.75,949.85,900.0,914.5
1619006400000,914.5,982.35,905.35,980.55
1619020800000,980.55,989.55,949.3,965.1
1619035200000,965.1,966.3,904.45,910.4
1619049600000,910.4,931.15,885.1,901.2
1619064000000,901.2,938.9,900.25,921.15
1619078400000,921.15,967.75,890.0,948.3
1619092800000,948.3,969.15,931.95,944.9
1619107200000,944.9,974.1,906.15,926.75
1619121600000,926.75,926.75,841.8,854.05
1619136000000,854.05,874.6,683.35,783.0
1619150400000,783.0,789.15,730.45,751.2
1619164800000,751.2,812.85,738.0,797.95
1619179200000,797.95,804.5,765.1,801.0
1619193600000,801.0,819.7,785.65,816.7
1619208000000,816.7,841.6,806.0,839.9
1619222400000,839.9,839.9,788.1,816.05
1619236800000,816.05,818.1,789.85,797.4
1619251200000,797.4,807.8,747.1,760.85
1619265600000,760.85,792.85,754.5,788.3
1619280000000,788.3,799.25,767.4,789.65
1619294400000,789.65,801.75,764.45,772.0
1619308800000,772.0,787.95,763.85,768.55
1619323200000,768.55,777.0,756.05,768.95
1619337600000,768.95,783.1,760.75,774.55
1619352000000,774.55,804.25,771.55,800.9
1619366400000,800.9,807.75,767.15,768.35
1619380800000,768.35,774.4,714.85,759.05
1619395200000,759.05,814.55,751.15,810.4
1619409600000,810.4,829.25,801.0,820.85
1619424000000,820.85,836.6,807.1,831.85
1619438400000,831.85,838.8,821.15,831.45
1619452800000,831.45,843.6,815.85,838.85
1619467200000,838.85,849.9,817.3,849.3
1619481600000,849.3,869.35,832.5,853.45
1619496000000,853.45,873.8,846.05,863.25
1619510400000,863.25,882.35,856.0,877.95
1619524800000,877.95,882.55,851.55,872.25
1619539200000,872.25,892.7,864.3,868.75
1619553600000,868.75,891.8,868.75,890.65
1619568000000,890.65,929.3,886.55,886.95
1619582400000,886.95,902.05,853.65,876.85
1619596800000,876.85,895.0,862.05,885.7
1619611200000,885.7,898.7,866.6,879.25
1619625600000,879.25,896.4,875.85,896.1
1619640000000,896.1,911.75,875.95,910.4
1619654400000,910.4,915.5,877.85,883.7
1619668800000,883.7,891.9,872.5,890.3
1619683200000,890.3,904.45,881.05,899.0
1619697600000,899.0,907.45,877.3,885.15
1619712000000,885.15,887.05,861.0,871.05
1619726400000,871.05,882.25,859.35,881.1
1619740800000,881.1,889.95,870.25,881.4
1619755200000,881.4,926.25,880.7,919.2
1619769600000,919.2,935.85,912.6,920.05
1619784000000,920.05,961.25,920.05,960.95
1619798400000,960.95,1001.75,960.95,988.3
1619812800000,988.3,1000.0,976.0,997.15
1619827200000,997.15,1032.6,982.3,1021.55
1619841600000,1021.55,1027.75,1002.95,1004.75
1619856000000,1004.75,1012.8,978.6,1010.8
1619870400000,1010.8,1011.2,977.7,994.65
1619884800000,994.65,1005.35,987.5,1000.3
1619899200000,1000.3,1014.05,988.0,1006.0
1619913600000,1006.0,1011.6,965.1,965.1
1619928000000,965.1,986.15,951.2,971.5
1619942400000,971.5,988.3,962.3,987.7
1619956800000,987.7,990.45,972.15,978.65
1619971200000,978.65,988.4,970.45,987.3
1619985600000,987.3,991.0,967.05,973.45
1620000000000,973.45,1008.2,972.35,1000.25
1620014400000,1000.25,1024.0,995.5,1022.8
1620028800000,1022.8,1041.25,1014.0,1023.8
1620043200000,1023.8,1030.4,991.75,1003.3
1620057600000,1003.3,1049.75,996.25,1023.6
1620072000000,1023.6,1026.0,1003.5,1015.4
1620086400000,1015.4,1018.15,933.75,950.7
1620100800000,950.7,973.55,945.05,959.65
1620115200000,959.65,1037.85,951.45,1020.5
1620129600000,1020.5,1057.55,952.8,955.45
1620144000000,955.45,982.95,929.5,976.3
1620158400000,976.3,988.4,947.0,951.65
1620172800000,951.65,1100.2,940.05,1088.3
1620187200000,1088.3,1092.35,1045.2,1082.35
1620201600000,1082.35,1243.05,1068.8,1200.9
1620216000000,1200.9,1327.9,1175.75,1289.7
1620230400000,1289.7,1352.65,1250.35,1351.85
1620244800000,1351.85,1478.3,1329.15,1454.45
1620259200000,1454.45,1470.0,1312.05,1352.7
1620273600000,1352.7,1381.95,1271.55,1326.75
1620288000000,1326.75,1463.9,1303.75,1424.35
1620302400000,1424.35,1449.95,1367.0,1422.45
1620316800000,1422.45,1608.35,1365.75,1464.35
1620331200000,1464.35,1574.65,1410.85,1509.7
1620345600000,1509.7,1511.65,1345.5,1380.0
1620360000000,1380.0,1435.5,1343.6,1376.65
1620374400000,1376.65,1443.9,1368.15,1405.6
1620388800000,1405.6,1454.45,1379.6,1388.7
1620403200000,1388.7,1403.8,1311.6,1342.1
1620417600000,1342.1,1352.5,1270.95,1338.85
1620432000000,1338.85,1448.35,1321.55,1421.2
1620446400000,1421.2,1426.05,1353.35,1396.9
1620460800000,1396.9,1445.0,1391.7,1395.0
1620475200000,1395.0,1409.8,1326.5,1336.25
1620489600000,1336.25,1409.55,1329.65,1385.25
1620504000000,1385.25,1405.55,1352.1,1398.5
1620518400000,1398.5,1432.4,1364.5,1367.9
1620532800000,1367.9,1385.0,1330.8,1355.4
1620547200000,1355.4,1378.95,1338.0,1341.0
1620561600000,1341.0,1344.3,1283.85,1340.3
1620576000000,1340.3,1353.7,1311.75,1319.55
1620590400000,1319.55,1429.6,1315.7,1428.1
1620604800000,1428.1,1530.95,1421.55,1526.45
1620619200000,1526.45,1572.0,1489.4,1494.25
1620633600000,1494.25,1527.25,1413.15,1470.75
1620648000000,1470.75,1488.25,1401.9,1487.65
1620662400000,1487.65,1507.35,1332.05,1345.9
1620676800000,1345.9,1394.5,1194.95,1320.6
1620691200000,1320.6,1380.8,1301.8,1326.15
1620705600000,1326.15,1362.5,1314.0,1349.7
1620720000000,1349.7,1394.45,1332.75,1352.35
1620734400000,1352.35,1486.1,1323.15,1455.2
1620748800000,1455.2,1497.3,1434.0,1454.6
1620763200000,1454.6,1550.6,1451.3,1549.8
1620777600000,1549.8,1641.85,1549.15,1595.15
1620792000000,1595.15,1601.1,1516.65,1527.35
1620806400000,1527.35,1549.35,1462.4,1502.0
1620820800000,1502.0,1514.0,1410.55,1431.65
1620835200000,1431.65,1448.8,1352.0,1445.15
1620849600000,1445.15,1454.0,1200.15,1236.1
1620864000000,1236.1,1334.45,1154.75,1301.6
1620878400000,1301.6,1344.65,1290.6,1319.6
1620892800000,1319.6,1325.9,1175.0,1243.65
1620907200000,1243.65,1291.5,1214.85,1229.05
1620921600000,1229.05,1262.05,1133.75,1161.85
1620936000000,1161.85,1257.4,1152.05,1257.4
1620950400000,1257.4,1276.5,1226.65,1234.5
1620964800000,1234.5,1285.2,1224.6,1272.2
1620979200000,1272.2,1322.15,1270.75,1320.0
1620993600000,1320.0,1357.6,1282.7,1346.0
1621008000000,1346.0,1361.3,1287.15,1293.45
1621022400000,1293.45,1314.45,1263.05,1296.7
1621036800000,1296.7,1336.15,1276.25,1282.5
1621051200000,1282.5,1293.2,1232.95,1241.1
1621065600000,1241.1,1262.75,1209.4,1240.05
1621080000000,1240.05,1268.95,1218.1,1233.85
1621094400000,1233.85,1233.85,1163.4,1193.65
1621108800000,1193.65,1219.65,1163.35,1171.75
1621123200000,1171.75,1251.85,1158.05,1225.45
1621137600000,1225.45,1262.35,1220.3,1244.95
1621152000000,1244.95,1282.9,1232.55,1247.8
1621166400000,1247.8,1259.5,1188.0,1188.4
1621180800000,1188.4,1201.35,1103.1,1128.55
1621195200000,1128.55,1171.15,1099.5,1165.85
1621209600000,1165.85,1168.25,1002.35,1015.75
1621224000000,1015.75,1117.2,990.0,1111.85
1621238400000,1111.85,1134.95,1093.55,1124.65
1621252800000,1124.65,1138.55,1040.0,1047.0
1621267200000,1047.0,1092.35,1001.45,1088.8
1621281600000,1088.8,1115.95,1039.3,1070.0
1621296000000,1070.0,1139.2,1052.25,1118.1
1621310400000,1118.1,1145.5,1113.4,1118.85
1621324800000,1118.85,1166.7,1111.75,1154.2
1621339200000,1154.2,1156.8,1059.15,1083.25
1621353600000,1083.25,1124.9,1070.45,1095.9
1621368000000,1095.9,1112.3,1070.85,1090.3
1621382400000,1090.3,1113.35,985.35,1000.1
1621396800000,1000.1,1012.05,913.4,964.85
1621411200000,964.85,973.0,780.0,852.9
1621425600000,852.9,869.85,450.1,793.95
1621440000000,793.95,854.3,734.15,774.4
1621454400000,774.4,800.6,693.3,693.95
1621468800000,693.95,738.5,612.75,733.7
1621483200000,733.7,830.75,726.35,808.0
1621497600000,808.0,814.1,761.1,809.55
1621512000000,809.55,863.6,796.8,826.7
1621526400000,826.7,830.0,761.05,808.75
1621540800000,808.75,832.95,785.3,817.2
1621555200000,817.2,850.45,813.7,818.65
1621569600000,818.65,820.45,773.85,784.75
1621584000000,784.75,829.3,749.5,803.95
1621598400000,803.95,814.3,674.1,692.8
1621612800000,692.8,720.35,651.15,663.45
1621627200000,663.45,691.15,604.1,687.95
1621641600000,687.95,698.8,649.15,658.05
1621656000000,658.05,665.75,599.05,641.65
1621670400000,641.65,721.45,641.35,697.75
1621684800000,697.75,713.45,647.25,668.55
1621699200000,668.55,674.25,628.9,630.85
1621713600000,630.85,657.35,628.75,629.85
1621728000000,629.85,659.6,614.25,647.1
1621742400000,647.1,647.95,590.5,600.95
1621756800000,600.95,600.95,546.5,561.4
1621771200000,561.4,569.15,501.35,523.45
1621785600000,523.45,536.65,467.2,510.7
1621800000000,510.7,560.3,510.6,551.35
1621814400000,551.35,594.5,537.7,578.85
1621828800000,578.85,625.95,559.0,621.15
1621843200000,621.15,654.75,602.3,648.35
1621857600000,648.35,680.1,639.05,671.1
1621872000000,671.1,694.95,650.7,690.85
1621886400000,690.85,758.6,683.65,752.95
1621900800000,752.95,791.6,695.45,713.85
1621915200000,713.85,759.9,693.15,747.0
1621929600000,747.0,751.55,669.7,672.05
1621944000000,672.05,718.65,669.45,704.6
1621958400000,704.6,705.7,671.0,676.4
1621972800000,676.4,722.9,675.2,719.15
1621987200000,719.15,754.1,706.55,751.65
1622001600000,751.65,786.0,740.0,782.3
1622016000000,782.3,788.2,751.4,765.55
1622030400000,765.55,775.6,721.7,735.95
1622044800000,735.95,745.6,720.05,735.4
1622059200000,735.4,766.9,730.95,763.55
1622073600000,763.55,774.0,700.65,717.0
1622088000000,717.0,740.6,706.85,732.75
1622102400000,732.75,769.4,723.35,766.2
1622116800000,766.2,806.8,755.3,783.95
1622131200000,783.95,788.1,756.0,766.25
1622145600000,766.25,774.45,742.0,750.4
1622160000000,750.4,761.7,725.9,741.65
1622174400000,741.65,741.65,674.05,705.15
1622188800000,705.15,711.9,651.95,658.2
1622203200000,658.2,708.8,653.05,701.55
1622217600000,701.55,708.75,669.5,698.4
1622232000000,698.4,709.0,665.9,689.35
1622246400000,689.35,721.25,687.35,715.75
1622260800000,715.75,718.25,686.7,687.95
1622275200000,687.95,692.6,653.9,671.0
1622289600000,671.0,671.0,627.5,639.85
1622304000000,639.85,657.9,621.25,631.55
1622318400000,631.55,657.35,617.95,650.95
1622332800000,650.95,653.7,615.95,649.6
1622347200000,649.6,687.75,646.45,681.0
1622361600000,681.0,687.0,669.55,686.4
1622376000000,686.4,689.0,651.2,662.7
1622390400000,662.7,675.1,657.95,669.15
1622404800000,669.15,670.55,655.95,661.85
1622419200000,661.85,673.45,634.75,641.95
1622433600000,641.95,676.7,635.2,672.05
1622448000000,672.05,698.55,667.1,689.5
1622462400000,689.5,706.15,675.0,704.9
1622476800000,704.9,708.7,691.25,698.05
1622491200000,698.05,711.7,693.1,702.85
1622505600000,702.85,721.2,684.55,691.2
1622520000000,691.2,706.0,681.5,694.0
1622534400000,694.0,698.35,671.8,689.5
1622548800000,689.5,701.1,668.45,679.35
1622563200000,679.35,684.95,672.8,676.65
1622577600000,676.65,693.2,675.9,691.25
1622592000000,691.25,695.95,674.6,685.95
1622606400000,685.95,697.45,681.6,696.4
1622620800000,696.4,703.3,686.5,692.25
1622635200000,692.25,715.75,691.0,710.05
1622649600000,710.05,714.5,702.3,704.45
1622664000000,704.45,704.45,691.2,697.0
1622678400000,697.0,701.9,686.4,699.75
1622692800000,699.75,719.95,698.3,711.65
1622707200000,711.65,735.75,710.4,718.6
1622721600000,718.6,729.35,706.4,713.6
1622736000000,713.6,724.35,707.0,709.5
1622750400000,709.5,720.95,706.6,718.85
1622764800000,718.85,719.5,676.1,688.4
1622779200000,688.4,689.5,648.65,660.6
1622793600000,660.6,669.45,651.25,658.75
1622808000000,658.75,669.45,642.85,667.4
1622822400000,667.4,673.9,662.55,670.0
1622836800000,670.0,679.2,664.85,670.2
1622851200000,670.2,686.7,664.7,679.9
1622865600000,679.9,688.75,678.9,680.55
1622880000000,680.55,683.5,647.35,651.55
1622894400000,651.55,656.65,641.3,654.75
1622908800000,654.75,657.6,648.8,649.8
1622923200000,649.8,659.4,634.6,649.05
1622937600000,649.05,661.8,645.6,658.0
1622952000000,658.0,669.65,657.45,663.9
1622966400000,663.9,667.5,656.65,656.7
1622980800000,656.7,664.55,648.2,657.9
1622995200000,657.9,660.4,648.4,649.15
1623009600000,649.15,657.25,645.0,655.7
1623024000000,655.7,670.05,651.6,663.1
1623038400000,663.1,667.0,655.4,659.4
1623052800000,659.4,667.95,655.6,663.85
1623067200000,663.85,668.7,650.4,652.35
1623081600000,652.35,653.55,634.6,640.9
1623096000000,640.9,640.9,590.3,596.55
1623110400000,596.55,604.2,565.8,579.25
1623124800000,579.25,586.7,563.15,582.5
1623139200000,582.5,591.75,576.35,586.4
1623153600000,586.4,601.2,542.45,562.85
1623168000000,562.85,592.95,557.55,592.0
1623182400000,592.0,604.0,588.5,594.95
1623196800000,594.95,596.4,566.7,574.3
1623211200000,574.3,597.3,566.1,591.1
1623225600000,591.1,607.65,583.3,605.15
1623240000000,605.15,627.7,590.45,625.45
1623254400000,625.45,633.25,615.2,618.7
1623268800000,618.7,634.05,617.15,633.2
1623283200000,633.2,638.9,622.85,624.55
1623297600000,624.55,628.35,610.85,616.7
1623312000000,616.7,632.2,601.6,621.85
1623326400000,621.85,622.6,601.25,606.0
1623340800000,606.0,608.2,594.55,598.6
1623355200000,598.6,607.4,588.55,601.25
1623369600000,601.25,607.65,585.25,598.8
1623384000000,598.8,605.85,592.85,601.4
1623398400000,601.4,610.8,599.35,603.75
1623412800000,603.75,611.15,588.65,591.3
1623427200000,591.3,593.8,582.05,585.45
1623441600000,585.45,588.6,569.4,576.55
1623456000000,576.55,577.35,549.4,556.8
1623470400000,556.8,559.85,547.9,557.6
1623484800000,557.6,570.05,546.95,566.15
1623499200000,566.15,583.2,565.15,574.0
1623513600000,574.0,587.0,572.45,583.4
1623528000000,583.4,590.9,578.0,579.1
1623542400000,579.1,586.05,565.3,565.85
1623556800000,565.85,566.2,558.45,563.3
1623571200000,563.3,573.7,560.3,570.25
1623585600000,570.25,575.15,562.8,569.8
1623600000000,569.8,592.5,569.8,592.5
1623614400000,592.5,614.95,591.95,613.1
1623628800000,613.1,622.2,606.9,609.25
1623643200000,609.25,616.25,607.2,612.4
1623657600000,612.4,612.4,599.5,602.85
1623672000000,602.85,631.5,598.45,629.85
1623686400000,629.85,635.45,618.5,623.15
1623700800000,623.15,641.05,620.7,640.6
1623715200000,640.6,646.5,630.8,636.85
1623729600000,636.85,650.2,636.05,646.4
1623744000000,646.4,647.05,626.6,630.85
1623758400000,630.85,634.65,615.65,621.1
1623772800000,621.1,634.5,619.55,630.9
1623787200000,630.9,632.3,623.85,627.45
1623801600000,627.45,627.45,612.75,622.6
1623816000000,622.6,627.45,621.85,621.85
1623830400000,621.85,625.05,604.65,606.45
1623844800000,606.45,607.75,593.1,597.1
1623859200000,597.1,607.45,589.6,605.0
1623873600000,605.0,605.4,590.35,593.1
1623888000000,593.1,614.6,591.5,612.5
1623902400000,612.5,619.2,608.4,616.05
1623916800000,616.05,620.65,615.0,616.75
1623931200000,616.75,616.75,604.2,611.7
1623945600000,611.7,613.2,583.6,588.6
1623960000000,588.6,599.6,584.35,598.85
1623974400000,598.85,599.0,584.1,593.1
1623988800000,593.1,596.25,588.0,593.4
1624003200000,593.4,598.95,581.5,590.35
1624017600000,590.35,591.5,562.0,563.05
1624032000000,563.05,570.5,544.7,546.9
1624046400000,546.9,564.8,546.7,561.7
1624060800000,561.7,569.95,551.6,555.75
1624075200000,555.75,572.9,555.75,572.2
1624089600000,572.2,574.9,567.6,573.5
1624104000000,573.5,581.25,568.6,576.15
1624118400000,576.15,577.45,560.05,565.8
1624132800000,565.8,566.85,551.55,552.15
1624147200000,552.15,556.1,545.5,553.75
1624161600000,553.75,560.4,552.85,557.05
1624176000000,557.05,557.45,519.25,522.3
1624190400000,522.3,534.85,513.4,529.6
1624204800000,529.6,549.8,528.75,547.9
1624219200000,547.9,558.9,547.4,556.0
1624233600000,556.0,559.35,534.65,534.8
1624248000000,534.8,535.65,495.5,504.7
1624262400000,504.7,509.7,464.9,489.6
1624276800000,489.6,501.15,471.8,487.3
1624291200000,487.3,490.6,471.85,485.3
1624305600000,485.3,490.25,454.3,456.6
1624320000000,456.6,478.35,434.9,472.0
1624334400000,472.0,473.0,455.3,458.9
1624348800000,458.9,459.75,416.4,416.4
1624363200000,416.4,441.9,387.4,434.0
1624377600000,434.0,453.15,431.0,438.7
1624392000000,438.7,451.9,434.6,443.35
1624406400000,443.35,477.6,427.9,471.05
1624420800000,471.05,481.15,467.0,474.15
1624435200000,474.15,480.15,467.1,470.7
1624449600000,470.7,485.45,461.75,462.45
1624464000000,462.45,471.45,452.7,453.15
1624478400000,453.15,472.9,452.5,472.4
1624492800000,472.4,477.75,455.2,468.8
1624507200000,468.8,488.25,467.25,481.7
1624521600000,481.7,492.85,481.0,491.95
1624536000000,491.95,495.45,483.95,487.2
1624550400000,487.2,495.25,484.85,487.35
1624564800000,487.35,489.1,480.4,486.5
1624579200000,486.5,496.9,478.8,490.4
1624593600000,490.4,491.2,469.65,473.85
1624608000000,473.85,474.55,462.85,466.45
1624622400000,466.45,475.85,457.6,462.15
1624636800000,462.15,466.85,451.65,463.65
1624651200000,463.65,468.0,448.95,448.95
1624665600000,448.95,462.2,443.9,454.95
1624680000000,454.95,464.0,435.55,436.55
1624694400000,436.55,448.75,428.25,447.4
1624708800000,447.4,450.0,432.1,441.75
1624723200000,441.75,448.4,431.45,444.0
1624737600000,444.0,458.8,438.65,458.8
1624752000000,458.8,467.95,456.25,467.15
1624766400000,467.15,469.5,459.55,465.55
1624780800000,465.55,466.0,451.15,454.6
1624795200000,454.6,459.8,451.65,456.65
1624809600000,456.65,457.6,446.6,451.95
1624824000000,451.95,477.9,447.0,477.4
1624838400000,477.4,479.2,472.5,475.85
1624852800000,475.85,488.55,475.3,486.5
1624867200000,486.5,488.35,474.0,474.85
1624881600000,474.85,512.0,472.5,510.9
1624896000000,510.9,518.5,500.05,503.85
1624910400000,503.85,508.9,495.5,501.2
1624924800000,501.2,513.7,500.3,504.6
1624939200000,504.6,522.85,502.85,521.05
1624953600000,521.05,544.1,518.8,543.2
1624968000000,543.2,546.8,527.5,533.35
1624982400000,533.35,540.15,527.1,534.45
1624996800000,534.45,534.45,518.05,524.2
1625011200000,524.2,534.1,516.4,517.3
1625025600000,517.3,521.85,508.4,518.5
1625040000000,518.5,518.5,503.75,515.3
1625054400000,515.3,515.65,498.55,500.55
1625068800000,500.55,521.25,498.7,520.3
1625083200000,520.3,527.8,514.7,526.6
1625097600000,526.6,526.6,507.85,508.25
1625112000000,508.25,513.3,491.6,492.4
1625126400000,492.4,497.0,486.6,495.2
1625140800000,495.2,497.75,485.5,494.7
1625155200000,494.7,500.8,487.05,490.95
1625169600000,490.95,502.25,490.3,495.8
1625184000000,495.8,504.3,482.0,482.9
1625198400000,482.9,488.6,477.55,486.85
1625212800000,486.85,489.6,476.0,481.0
1625227200000,481.0,492.95,478.5,491.5
1625241600000,491.5,493.1,483.9,486.4
1625256000000,486.4,496.5,483.45,495.55
1625270400000,495.55,498.1,488.0,491.25
1625284800000,491.25,508.7,489.5,506.0
1625299200000,506.0,514.7,505.65,508.05
1625313600000,508.05,511.7,505.0,508.85
1625328000000,508.85,511.35,504.5,507.0
1625342400000,507.0,508.6,497.5,504.95
1625356800000,504.95,506.25,495.65,501.35
1625371200000,501.35,523.85,501.05,521.85
1625385600000,521.85,523.05,517.55,522.05
1625400000000,522.05,542.0,520.1,538.25
1625414400000,538.25,539.95,532.3,535.15
1625428800000,535.15,539.0,526.0,526.95
1625443200000,526.95,527.2,514.1,517.85
1625457600000,517.85,519.1,512.2,516.05
1625472000000,516.05,518.7,486.95,490.85
1625486400000,490.85,504.5,489.6,500.15
1625500800000,500.15,513.6,496.65,512.55
1625515200000,512.55,515.4,504.3,504.7
1625529600000,504.7,515.7,500.65,511.5
1625544000000,511.5,525.5,511.5,524.0
1625558400000,524.0,524.85,503.45,509.5
1625572800000,509.5,515.35,505.85,507.7
1625587200000,507.7,509.45,501.05,506.85
1625601600000,506.85,512.35,499.7,511.3
1625616000000,511.3,522.45,505.2,520.9
1625630400000,520.9,527.05,520.9,523.35
1625644800000,523.35,533.7,523.35,532.0
1625659200000,532.0,537.15,519.8,519.85
1625673600000,519.85,523.75,518.8,519.75
1625688000000,519.75,519.75,507.4,508.45
1625702400000,508.45,510.55,493.35,501.5
1625716800000,501.5,501.5,480.75,484.85
1625731200000,484.85,495.2,478.75,495.05
1625745600000,495.05,496.75,485.9,494.55
1625760000000,494.55,498.45,491.25,497.1
1625774400000,497.1,497.7,483.95,489.95
1625788800000,489.95,489.95,471.15,484.55
1625803200000,484.55,495.4,484.2,488.6
1625817600000,488.6,488.7,476.5,478.5
1625832000000,478.5,505.35,476.25,502.0
1625846400000,502.0,505.75,499.05,502.0
1625860800000,502.0,509.6,499.95,503.9
1625875200000,503.9,511.15,495.85,497.55
1625889600000,497.55,499.7,490.1,495.4
1625904000000,495.4,499.2,490.7,495.55
1625918400000,495.55,496.55,490.6,495.05
1625932800000,495.05,501.4,484.1,488.55
1625947200000,488.55,497.85,484.4,496.5
1625961600000,496.5,501.5,491.55,493.2
1625976000000,493.2,495.0,489.5,491.3
1625990400000,491.3,496.55,490.8,494.0
1626004800000,494.0,500.05,492.75,499.55
1626019200000,499.55,500.55,493.95,494.75
1626033600000,494.75,503.6,491.65,497.65
1626048000000,497.65,504.9,496.5,504.75
1626062400000,504.75,508.7,501.95,502.45
1626076800000,502.45,504.45,486.05,487.45
1626091200000,487.45,492.4,485.8,487.05
1626105600000,487.05,489.4,472.65,475.2
1626120000000,475.2,481.45,471.1,479.85
1626134400000,479.85,484.0,476.05,481.5
1626148800000,481.5,482.9,470.2,480.6
1626163200000,480.6,482.9,475.25,476.3
1626177600000,476.3,476.45,466.15,473.7
1626192000000,473.7,475.4,460.05,460.05
1626206400000,460.05,466.95,459.6,465.3
1626220800000,465.3,468.05,443.35,447.3
1626235200000,447.3,452.0,443.95,450.05
1626249600000,450.05,465.65,443.9,463.5
1626264000000,463.5,478.0,463.05,471.35
1626278400000,471.35,476.4,468.2,468.25
1626292800000,468.25,471.9,466.15,466.85
1626307200000,466.85,473.6,458.3,458.35
1626321600000,458.35,459.15,451.45,455.1
1626336000000,455.1,462.45,447.3,449.1
1626350400000,449.1,454.2,445.65,451.85
1626364800000,451.85,457.0,443.5,454.75
1626379200000,454.75,457.85,451.25,455.6
1626393600000,455.6,464.35,449.75,462.7
1626408000000,462.7,464.1,449.25,453.25
1626422400000,453.25,453.25,436.55,437.25
1626436800000,437.25,449.5,437.25,448.8
1626451200000,448.8,450.4,444.25,445.0
1626465600000,445.0,446.8,437.1,438.15
1626480000000,438.15,446.55,430.5,434.5
1626494400000,434.5,439.2,432.75,435.7
1626508800000,435.7,444.5,429.8,432.95
1626523200000,432.95,437.05,431.15,436.0
1626537600000,436.0,442.85,434.3,442.4
1626552000000,442.4,442.85,435.7,435.75
1626566400000,435.75,452.85,435.7,450.3
1626580800000,450.3,451.45,444.45,444.6
1626595200000,444.6,448.05,444.2,447.15
1626609600000,447.15,448.0,431.65,434.65
1626624000000,434.65,440.2,433.35,438.2
1626638400000,438.2,444.65,434.8,437.65
1626652800000,437.65,440.0,431.95,435.6
1626667200000,435.6,440.85,435.6,437.95
1626681600000,437.95,439.4,431.15,432.0
1626696000000,432.0,433.05,413.4,414.4
1626710400000,414.4,417.75,413.55,417.35
1626724800000,417.35,418.0,413.55,414.2
1626739200000,414.2,421.85,391.35,392.85
1626753600000,392.85,397.1,391.0,395.45
1626768000000,395.45,395.5,384.1,390.45
1626782400000,390.45,404.05,388.55,401.75
1626796800000,401.75,404.35,397.35,401.5
1626811200000,401.5,404.7,396.15,398.5
1626825600000,398.5,402.85,392.05,401.95
1626840000000,401.95,416.55,401.1,413.45
1626854400000,413.45,420.6,411.3,420.6
1626868800000,420.6,427.95,417.5,427.7
1626883200000,427.7,435.1,421.0,421.85
1626897600000,421.85,430.6,421.7,428.9
1626912000000,428.9,435.85,424.3,426.7
1626926400000,426.7,437.0,426.6,433.4
1626940800000,433.4,436.55,427.55,432.35
1626955200000,432.35,442.5,425.05,442.1
1626969600000,442.1,445.35,440.6,441.5
1626984000000,441.5,442.65,436.55,441.6
1626998400000,441.6,450.3,439.5,443.9
1627012800000,443.9,447.6,439.55,443.95
1627027200000,443.95,444.3,436.75,440.2
1627041600000,440.2,446.1,436.65,436.65
1627056000000,436.65,437.7,431.3,436.9
1627070400000,436.9,455.85,435.85,454.35
1627084800000,454.35,458.95,453.05,458.85
1627099200000,458.85,459.35,456.45,458.05
1627113600000,458.05,458.65,454.55,455.7
1627128000000,455.7,458.3,454.5,457.15
1627142400000,457.15,464.2,450.45,451.4
1627156800000,451.4,458.6,450.1,458.6
1627171200000,458.6,459.1,445.8,448.5
1627185600000,448.5,455.9,447.05,455.1
1627200000000,455.1,456.0,448.6,449.9
1627214400000,449.9,450.4,442.25,446.1
1627228800000,446.1,446.5,441.9,442.95
1627243200000,442.95,454.3,441.15,454.3
1627257600000,454.3,500.0,452.85,494.95
1627272000000,494.95,512.25,493.25,504.05
1627286400000,504.05,510.7,497.2,506.8
1627300800000,506.8,509.0,487.35,502.8
1627315200000,502.8,517.6,501.5,508.55
1627329600000,508.55,508.55,479.9,481.9
1627344000000,481.9,486.05,467.25,472.85
1627358400000,472.85,477.45,471.9,476.0
1627372800000,476.0,488.6,473.4,487.85
1627387200000,487.85,502.25,485.65,491.9
1627401600000,491.9,495.6,484.9,493.05
1627416000000,493.05,503.9,493.05,502.1
1627430400000,502.1,504.55,492.75,499.2
1627444800000,499.2,519.25,489.4,515.35
1627459200000,515.35,517.55,507.4,514.85
1627473600000,514.85,515.5,501.6,506.2
1627488000000,506.2,515.6,498.5,510.55
1627502400000,510.55,511.4,503.95,511.4
1627516800000,511.4,512.45,500.7,504.7
1627531200000,504.7,510.05,502.45,505.6
1627545600000,505.6,511.95,498.55,501.55
1627560000000,501.55,523.5,499.05,519.45
1627574400000,519.45,547.15,518.7,533.9
1627588800000,533.9,541.6,530.55,538.3
1627603200000,538.3,547.95,535.0,539.2
1627617600000,539.2,540.45,530.7,533.85
1627632000000,533.85,534.65,517.05,523.35
1627646400000,523.35,529.55,521.75,527.85
1627660800000,527.85,536.4,525.1,533.0
1627675200000,533.0,553.1,533.0,552.2
1627689600000,552.2,557.5,546.1,549.5
1627704000000,549.5,549.5,538.8,544.9
1627718400000,544.9,552.4,541.05,541.55
1627732800000,541.55,544.95,537.55,543.75
1627747200000,543.75,544.3,537.4,539.6
1627761600000,539.6,551.65,538.2,545.5
1627776000000,545.5,563.3,541.4,561.4
1627790400000,561.4,562.85,552.05,553.5
1627804800000,553.5,555.15,541.45,547.2
1627819200000,547.2,552.3,543.25,546.6
1627833600000,546.6,550.15,538.15,547.95
1627848000000,547.95,552.2,513.75,526.2
1627862400000,526.2,535.1,520.0,534.65
1627876800000,534.65,554.95,533.0,549.05
1627891200000,549.05,565.7,543.75,560.7
1627905600000,560.7,567.75,551.45,552.55
1627920000000,552.55,554.45,544.35,545.3
1627934400000,545.3,548.65,541.1,544.2
1627948800000,544.2,551.55,534.15,535.1
1627963200000,535.1,538.15,522.95,533.0
1627977600000,533.0,535.65,526.6,528.45
1627992000000,528.45,538.2,521.2,531.75
1628006400000,531.75,539.3,529.95,535.4
1628020800000,535.4,543.6,535.1,537.55
1628035200000,537.55,540.6,533.5,533.6
1628049600000,533.6,534.15,527.15,529.9
1628064000000,529.9,532.1,524.6,531.85
1628078400000,531.85,545.75,531.4,542.75
1628092800000,542.75,549.65,542.1,547.0
1628107200000,547.0,552.85,545.0,545.7
1628121600000,545.7,548.4,538.75,542.25
1628136000000,542.25,543.0,532.1,535.25
1628150400000,535.25,536.25,524.4,530.0
1628164800000,530.0,538.45,523.0,534.3
1628179200000,534.3,548.5,531.6,545.75
1628193600000,545.75,550.45,545.75,548.6
1628208000000,548.6,550.6,542.0,545.4
1628222400000,545.4,549.75,541.6,544.8
1628236800000,544.8,546.7,538.7,538.7
1628251200000,538.7,559.0,537.5,557.8
1628265600000,557.8,561.1,552.5,554.55
1628280000000,554.55,559.95,552.45,557.35
1628294400000,557.35,576.05,554.05,574.25
1628308800000,574.25,577.1,567.15,571.6
1628323200000,571.6,585.35,568.65,584.3
1628337600000,584.3,590.6,569.55,580.2
1628352000000,580.2,587.0,569.65,580.0
1628366400000,580.0,584.6,571.9,583.95
1628380800000,583.95,590.0,568.05,575.95
1628395200000,575.95,586.8,570.0,578.25
1628409600000,578.25,581.9,569.15,572.35
1628424000000,572.35,579.9,561.3,563.7
1628438400000,563.7,566.8,556.15,561.4
1628452800000,561.4,565.65,554.85,556.3
1628467200000,556.3,556.9,543.05,550.7
1628481600000,550.7,559.45,548.55,559.2
1628496000000,559.2,579.65,558.4,578.35
1628510400000,578.35,599.75,572.35,598.8
1628524800000,598.8,600.2,588.95,594.55
1628539200000,594.55,601.0,583.1,592.4
1628553600000,592.4,596.4,582.6,582.7
1628568000000,582.7,589.6,578.85,589.6
1628582400000,589.6,592.9,580.1,587.3
1628596800000,587.3,606.95,581.35,583.6
1628611200000,583.6,591.2,574.35,591.0
1628625600000,591.0,598.8,588.85,592.55
1628640000000,592.55,602.85,591.35,597.65
1628654400000,597.65,615.7,593.5,611.3
1628668800000,611.3,613.5,604.35,605.3
1628683200000,605.3,624.45,603.15,617.85
1628697600000,617.85,628.85,615.4,627.95
1628712000000,627.95,632.9,612.75,621.35
1628726400000,621.35,650.85,619.7,640.25
1628740800000,640.25,642.8,606.3,622.95
1628755200000,622.95,626.95,610.65,610.85
1628769600000,610.85,615.55,596.3,600.7
1628784000000,600.7,609.05,592.6,606.7
1628798400000,606.7,609.55,595.9,606.3
1628812800000,606.3,622.15,601.5,618.2
1628827200000,618.2,635.95,615.55,632.8
1628841600000,632.8,643.2,630.05,635.5
1628856000000,635.5,643.6,624.05,627.7
1628870400000,627.7,634.45,624.0,630.85
1628884800000,630.85,656.15,630.05,655.2
1628899200000,655.2,665.8,652.05,658.1
1628913600000,658.1,667.95,653.6,664.9
1628928000000,664.9,670.95,642.75,652.55
1628942400000,652.55,664.9,644.7,664.55
1628956800000,664.55,676.3,661.55,672.4
1628971200000,672.4,693.25,661.25,692.7
1628985600000,692.7,709.75,687.15,697.05
1629000000000,697.05,700.4,673.05,680.6
1629014400000,680.6,691.75,675.55,687.6
1629028800000,687.6,693.45,673.3,690.8
1629043200000,690.8,692.45,676.5,691.45
1629057600000,691.45,708.45,690.8,704.3
1629072000000,704.3,715.55,699.9,701.0
1629086400000,701.0,708.05,695.6,698.45
1629100800000,698.45,707.25,694.0,704.4
1629115200000,704.4,705.45,680.2,688.0
1629129600000,688.0,692.35,681.6,681.9
1629144000000,681.9,687.9,673.5,674.0
1629158400000,674.0,689.45,660.8,686.1
1629172800000,686.1,690.6,670.5,680.0
1629187200000,680.0,691.35,678.2,688.65
1629201600000,688.65,691.1,665.7,666.2
1629216000000,666.2,676.1,663.3,667.1
1629230400000,667.1,668.3,638.3,639.75
1629244800000,639.75,645.65,620.15,638.95
1629259200000,638.95,645.85,633.3,637.3
1629273600000,637.3,647.05,632.65,634.65
1629288000000,634.65,646.3,634.55,646.2
1629302400000,646.2,655.2,635.95,636.1
1629316800000,636.1,641.1,629.7,632.05
1629331200000,632.05,641.5,626.0,626.25
1629345600000,626.25,632.7,623.0,628.0
1629360000000,628.0,633.75,623.0,623.05
1629374400000,623.05,640.75,620.1,640.3
1629388800000,640.3,653.2,638.05,652.25
1629403200000,652.25,660.55,648.35,660.3
1629417600000,660.3,666.75,656.75,656.95
1629432000000,656.95,661.6,654.1,657.05
1629446400000,657.05,664.0,653.4,659.9
1629460800000,659.9,680.95,659.55,680.7
1629475200000,680.7,684.6,675.0,677.4
1629489600000,677.4,701.0,676.75,694.8
1629504000000,694.8,700.95,678.0,698.35
1629518400000,698.35,698.75,688.75,692.45
1629532800000,692.45,694.45,675.55,678.9
1629547200000,678.9,688.65,677.9,684.85
1629561600000,684.85,690.55,672.2,673.7
1629576000000,673.7,684.9,672.2,676.1
1629590400000,676.1,683.65,673.5,674.75
1629604800000,674.75,689.5,674.5,687.7
1629619200000,687.7,689.25,680.0,681.4
1629633600000,681.4,682.6,657.65,663.75
1629648000000,663.75,664.95,652.6,660.65
1629662400000,660.65,673.7,654.65,672.25
1629676800000,672.25,689.7,669.1,688.8
1629691200000,688.8,691.25,680.3,684.0
1629705600000,684.0,691.65,682.25,687.6
1629720000000,687.6,695.55,670.0,673.05
1629734400000,673.05,675.65,665.65,669.15
1629748800000,669.15,681.4,665.5,679.0
1629763200000,679.0,682.2,666.95,672.35
1629777600000,672.35,683.95,670.2,681.55
1629792000000,681.55,682.4,670.9,674.65
1629806400000,674.65,675.1,644.6,646.15
1629820800000,646.15,647.7,633.95,644.1
1629835200000,644.1,648.8,636.5,637.6
1629849600000,637.6,648.95,636.55,640.4
1629864000000,640.4,658.65,639.6,648.95
1629878400000,648.95,648.95,627.0,633.95
1629892800000,633.95,647.5,628.6,646.35
1629907200000,646.35,648.35,640.75,642.2
1629921600000,642.2,650.65,642.2,650.65
1629936000000,650.65,656.8,630.55,631.15
1629950400000,631.15,633.85,612.9,617.75
1629964800000,617.75,620.85,612.45,614.0
1629979200000,614.0,621.55,606.3,611.8
1629993600000,611.8,614.25,604.3,612.6
1630008000000,612.6,617.45,606.0,606.8
1630022400000,606.8,612.7,597.0,603.6
1630036800000,603.6,613.1,599.75,612.3
1630051200000,612.3,616.4,605.65,613.8
1630065600000,613.8,629.65,608.75,626.0
1630080000000,626.0,627.75,621.9,622.95
1630094400000,622.95,636.6,620.85,636.0
1630108800000,636.0,639.1,631.5,632.55
1630123200000,632.55,635.6,628.05,630.6
1630137600000,630.6,639.35,629.45,631.1
1630152000000,631.1,636.25,626.8,633.35
1630166400000,633.35,634.95,623.6,624.05
1630180800000,624.05,646.9,623.35,646.9
1630195200000,646.9,692.95,646.9,692.5
1630209600000,692.5,692.9,672.0,677.7
1630224000000,677.7,684.4,667.05,667.05
1630238400000,667.05,669.15,657.5,662.6
1630252800000,662.6,664.8,658.25,663.55
1630267200000,663.55,670.35,658.45,659.75
1630281600000,659.75,665.7,641.6,643.7
1630296000000,643.7,647.75,641.95,646.75
1630310400000,646.75,654.0,643.7,645.75
1630324800000,645.75,645.75,635.6,642.95
1630339200000,642.95,652.5,642.1,652.45
1630353600000,652.45,652.7,630.45,633.0
1630368000000,633.0,634.75,625.0,631.35
1630382400000,631.35,647.0,625.0,646.4
1630396800000,646.4,650.0,635.45,648.5
1630411200000,648.5,652.35,637.65,642.2
1630425600000,642.2,643.8,631.9,638.7
1630440000000,638.7,638.7,628.75,637.4
1630454400000,637.4,639.2,625.5,634.5
1630468800000,634.5,640.15,632.75,636.95
1630483200000,636.95,643.75,636.95,642.15
1630497600000,642.15,645.3,638.6,643.05
1630512000000,643.05,652.0,640.45,643.95
1630526400000,643.95,657.75,641.7,656.45
1630540800000,656.45,668.75,653.45,664.0
1630555200000,664.0,673.6,660.7,667.45
1630569600000,667.45,674.0,666.8,673.95
1630584000000,673.95,674.0,655.6,659.6
1630598400000,659.6,665.15,659.6,662.25
1630612800000,662.25,668.5,662.25,665.2
1630627200000,665.2,675.1,651.6,668.55
1630641600000,668.55,672.7,665.2,665.5
1630656000000,665.5,686.5,665.5,683.15
1630670400000,683.15,714.3,678.3,707.0
1630684800000,707.0,722.4,701.55,721.5
1630699200000,721.5,722.3,703.7,713.45
1630713600000,713.45,721.85,705.3,711.95
1630728000000,711.95,713.2,701.95,702.4
1630742400000,702.4,735.7,697.5,706.4
1630756800000,706.4,716.0,705.4,708.45
1630771200000,708.45,713.2,699.6,707.3
1630785600000,707.3,713.5,707.3,709.35
1630800000000,709.35,715.15,701.25,701.7
1630814400000,701.7,707.25,699.2,704.85
1630828800000,704.85,713.0,704.15,711.0
1630843200000,711.0,734.95,710.25,728.9
1630857600000,728.9,739.5,724.65,737.7
1630872000000,737.7,767.4,735.35,765.4
1630886400000,765.4,768.5,742.8,746.0
1630900800000,746.0,784.8,744.5,783.05
1630915200000,783.05,804.85,773.15,778.4
1630929600000,778.4,792.0,754.15,782.9
1630944000000,782.9,790.2,776.1,787.35
1630958400000,787.35,796.95,781.35,784.7
1630972800000,784.7,787.7,775.0,776.25
1630987200000,776.25,780.0,757.0,761.7
1631001600000,761.7,762.7,721.55,737.75
1631016000000,737.75,742.05,584.95,661.65
1631030400000,661.65,688.25,641.1,651.0
1631044800000,651.0,676.25,647.65,672.05
1631059200000,672.05,679.0,664.95,668.3
1631073600000,668.3,678.05,646.9,646.9
1631088000000,646.9,663.85,644.25,658.8
1631102400000,658.8,664.8,653.3,662.0
1631116800000,662.0,666.45,658.75,661.9
1631131200000,661.9,669.75,657.25,662.1
1631145600000,662.1,670.85,656.2,669.65
1631160000000,669.65,670.3,659.85,669.15
1631174400000,669.15,672.95,663.1,665.15
1631188800000,665.15,672.4,655.35,669.05
1631203200000,669.05,672.55,661.85,662.5
1631217600000,662.5,666.1,659.0,661.25
1631232000000,661.25,673.75,659.05,668.5
1631246400000,668.5,669.95,658.2,659.2
1631260800000,659.2,662.4,650.55,655.3
1631275200000,655.3,656.0,624.85,637.75
1631289600000,637.75,638.8,631.7,636.4
1631304000000,636.4,639.3,617.7,628.45
1631318400000,628.45,637.95,625.45,630.3
1631332800000,630.3,638.9,626.35,630.45
1631347200000,630.45,643.0,626.3,641.1
1631361600000,641.1,647.5,641.1,643.65
1631376000000,643.65,647.4,637.3,638.45
1631390400000,638.45,640.65,630.2,636.15
1631404800000,636.15,639.65,623.15,632.45
1631419200000,632.45,634.5,626.75,631.95
1631433600000,631.95,648.75,629.9,648.65
1631448000000,648.65,651.3,644.05,649.7
1631462400000,649.7,654.1,647.7,649.9
1631476800000,649.9,654.95,640.9,646.95
1631491200000,646.95,650.0,627.8,628.1
1631505600000,628.1,629.55,607.3,611.7
1631520000000,611.7,612.4,601.3,611.05
1631534400000,611.05,660.3,591.8,612.0
1631548800000,612.0,617.5,610.7,613.3
1631563200000,613.3,621.6,613.3,613.95
1631577600000,613.95,619.1,609.05,616.75
1631592000000,616.75,622.55,610.35,616.9
1631606400000,616.9,626.95,616.65,622.4
1631620800000,622.4,641.95,617.0,637.25
1631635200000,637.25,641.95,635.05,638.9
1631649600000,638.9,642.6,634.75,640.8
1631664000000,640.8,641.25,635.8,638.65
1631678400000,638.65,639.3,632.55,639.1
1631692800000,639.1,645.1,634.05,639.1
1631707200000,639.1,649.95,637.45,649.85
1631721600000,649.85,651.35,648.0,650.85
1631736000000,650.85,657.1,648.9,652.6
1631750400000,652.6,655.05,636.75,639.35
1631764800000,639.35,645.35,639.2,644.45
1631779200000,644.45,645.5,638.2,642.8
1631793600000,642.8,645.85,626.45,637.05
1631808000000,637.05,641.45,632.5,638.5
1631822400000,638.5,641.35,630.75,639.5
1631836800000,639.5,643.35,636.3,640.95
1631851200000,640.95,646.05,636.85,641.45
1631865600000,641.45,647.95,620.85,621.35
1631880000000,621.35,629.4,613.25,627.5
1631894400000,627.5,631.55,619.6,627.55
1631908800000,627.55,627.8,614.45,621.45
1631923200000,621.45,628.85,615.05,628.25
1631937600000,628.25,637.35,628.25,635.55
1631952000000,635.55,638.15,629.5,630.25
1631966400000,630.25,637.85,628.2,630.35
1631980800000,630.35,631.75,625.65,629.55
1631995200000,629.55,631.0,619.6,631.0
1632009600000,631.0,647.0,621.75,633.85
1632024000000,633.85,639.6,631.35,637.05
1632038400000,637.05,638.8,607.45,612.0
1632052800000,612.0,620.3,610.0,617.7
1632067200000,617.7,619.15,611.2,611.5
1632081600000,611.5,617.85,602.25,609.0
1632096000000,609.0,609.0,574.35,582.8
1632110400000,582.8,586.3,560.4,569.6
1632124800000,569.6,575.0,540.75,550.1
1632139200000,550.1,555.2,530.2,550.65
1632153600000,550.65,554.5,538.15,549.1
1632168000000,549.1,551.1,534.55,542.3
1632182400000,542.3,544.6,511.15,537.65
1632196800000,537.65,544.2,527.5,543.25
1632211200000,543.25,551.8,541.1,547.6
1632225600000,547.6,551.4,534.75,545.0
1632240000000,545.0,545.0,523.0,524.85
1632254400000,524.85,527.1,496.3,504.3
1632268800000,504.3,521.25,496.1,515.15
1632283200000,515.15,525.6,511.5,524.2
1632297600000,524.2,528.65,518.1,518.75
1632312000000,518.75,537.0,518.4,536.5
1632326400000,536.5,546.25,534.3,540.2
1632340800000,540.2,547.9,537.25,547.35
1632355200000,547.35,549.45,535.3,548.6
1632369600000,548.6,549.2,539.3,548.2
1632384000000,548.2,549.05,533.15,534.75
1632398400000,534.75,545.15,532.5,539.15
1632412800000,539.15,553.2,539.05,551.8
1632427200000,551.8,552.75,546.5,552.1
1632441600000,552.1,555.95,540.75,541.4
1632456000000,541.4,545.75,536.5,542.75
1632470400000,542.75,545.35,479.1,498.35
1632484800000,498.35,510.8,490.3,504.35
1632499200000,504.35,510.4,501.55,508.15
1632513600000,508.15,518.95,508.05,513.1
1632528000000,513.1,519.95,506.8,517.1
1632542400000,517.1,521.2,511.6,511.6
1632556800000,511.6,522.65,501.75,512.05
1632571200000,512.05,516.75,506.15,513.35
1632585600000,513.35,517.45,507.6,515.55
1632600000000,515.55,518.65,507.5,516.75
1632614400000,516.75,517.4,500.95,509.4
1632628800000,509.4,511.6,480.85,487.05
1632643200000,487.05,518.55,480.5,510.75
1632657600000,510.75,519.8,510.75,517.8
1632672000000,517.8,518.0,507.55,510.65
1632686400000,510.65,513.3,496.0,503.5
1632700800000,503.5,515.1,498.95,510.1
1632715200000,510.1,512.7,503.75,504.3
1632729600000,504.3,509.65,500.65,506.0
1632744000000,506.0,507.75,494.2,499.65
1632758400000,499.65,502.25,494.8,498.55
1632772800000,498.55,502.75,487.5,487.55
1632787200000,487.55,495.9,485.6,493.7
1632801600000,493.7,496.2,482.15,483.65
1632816000000,483.65,498.2,481.15,497.9
1632830400000,497.9,499.2,481.55,483.4
1632844800000,483.4,487.25,476.9,481.75
1632859200000,481.75,487.8,472.3,474.0
1632873600000,474.0,487.0,471.25,486.15
1632888000000,486.15,490.5,483.75,488.8
1632902400000,488.8,494.45,482.35,492.45
1632916800000,492.45,498.0,483.5,484.2
1632931200000,484.2,486.6,475.7,476.2
1632945600000,476.2,485.25,471.45,484.75
1632960000000,484.75,499.45,481.5,499.1
1632974400000,499.1,505.75,496.0,497.95
1632988800000,497.95,500.55,491.4,494.5
1633003200000,494.5,502.9,492.7,497.15
1633017600000,497.15,503.25,492.95,498.35
1633032000000,498.35,502.45,494.35,502.45
1633046400000,502.45,507.1,500.35,502.8
1633060800000,502.8,513.95,501.55,513.95
1633075200000,513.95,536.75,511.25,534.7
1633089600000,534.7,537.35,529.45,536.5
1633104000000,536.5,543.55,536.4,540.45
1633118400000,540.45,544.05,536.95,543.5
1633132800000,543.5,548.4,537.8,538.8
1633147200000,538.8,543.55,537.7,542.25
1633161600000,542.25,542.45,536.5,540.85
1633176000000,540.85,554.0,540.55,552.3
1633190400000,552.3,559.65,550.2,559.6
1633204800000,559.6,559.6,548.6,552.2
1633219200000,552.2,556.05,544.55,554.4
1633233600000,554.4,554.85,550.5,550.7
1633248000000,550.7,574.25,547.15,569.4
1633262400000,569.4,575.6,563.45,566.25
1633276800000,566.25,579.1,564.5,574.35
1633291200000,574.35,575.35,564.85,571.5
1633305600000,571.5,571.5,549.25,550.0
1633320000000,550.0,556.6,546.3,556.5
1633334400000,556.5,556.5,543.65,546.2
1633348800000,546.2,559.2,530.9,541.15
1633363200000,541.15,554.6,539.7,550.9
1633377600000,550.9,557.65,545.55,550.45
1633392000000,550.45,557.7,549.0,554.75
1633406400000,554.75,565.0,551.5,562.25
1633420800000,562.25,569.6,558.6,564.7
1633435200000,564.7,577.65,561.1,570.4
1633449600000,570.4,588.85,567.95,588.4
1633464000000,588.4,600.2,587.9,594.75
1633478400000,594.75,604.6,588.7,591.7
1633492800000,591.7,596.3,583.6,584.55
1633507200000,584.55,587.0,562.1,567.4
1633521600000,567.4,625.85,566.75,620.75
1633536000000,620.75,625.65,610.25,620.1
1633550400000,620.1,622.85,614.7,617.3
1633564800000,617.3,618.55,597.5,602.25
1633579200000,602.25,625.7,601.05,624.4
1633593600000,624.4,636.7,616.05,625.65
1633608000000,625.65,626.1,606.55,623.4
1633622400000,623.4,627.5,605.65,613.45
1633636800000,613.45,618.1,606.4,611.25
1633651200000,611.25,614.75,588.0,595.65
1633665600000,595.65,607.9,594.25,605.4
1633680000000,605.4,617.8,605.0,605.45
1633694400000,605.45,608.2,598.3,603.55
1633708800000,603.55,607.5,600.75,604.45
1633723200000,604.45,604.45,594.15,596.6
1633737600000,596.6,606.4,592.15,604.4
1633752000000,604.4,609.6,601.25,609.45
1633766400000,609.45,620.35,602.25,613.55
1633780800000,613.55,623.7,612.75,623.25
1633795200000,623.25,624.5,616.75,618.05
1633809600000,618.05,618.05,613.8,615.05
1633824000000,615.05,615.4,600.55,609.6
1633838400000,609.6,623.55,608.2,619.95
1633852800000,619.95,622.85,609.35,614.7
1633867200000,614.7,614.95,605.05,607.3
1633881600000,607.3,608.0,596.55,598.3
1633896000000,598.3,605.25,582.75,585.5
1633910400000,585.5,605.15,577.4,605.1
1633924800000,605.1,615.7,603.7,615.35
1633939200000,615.35,617.75,596.05,601.65
1633953600000,601.65,618.45,599.45,612.55
1633968000000,612.55,615.65,598.15,599.15
1633982400000,599.15,602.0,589.15,601.6
1633996800000,601.6,601.6,582.25,585.2
1634011200000,585.2,593.65,580.65,588.7
1634025600000,588.7,593.45,570.15,576.35
1634040000000,576.35,588.15,567.45,584.2
1634054400000,584.2,587.7,581.2,581.85
1634068800000,581.85,589.15,577.7,588.05
1634083200000,588.05,594.7,584.8,591.75
1634097600000,591.75,594.7,571.85,573.45
1634112000000,573.45,581.8,571.6,581.8
1634126400000,581.8,587.05,573.7,585.85
1634140800000,585.85,590.75,584.3,587.3
1634155200000,587.3,594.25,586.55,593.3
1634169600000,593.3,603.45,590.5,598.45
1634184000000,598.45,600.3,595.15,596.05
1634198400000,596.05,608.2,596.0,605.05
1634212800000,605.05,606.15,595.55,599.8
1634227200000,599.8,601.6,593.35,598.1
1634241600000,598.1,599.9,594.5,599.2
1634256000000,599.2,631.9,586.1,628.7
1634270400000,628.7,637.9,622.2,623.45
1634284800000,623.45,624.15,606.45,613.55
1634299200000,613.55,623.55,608.55,618.9
1634313600000,618.9,632.05,617.15,631.5
1634328000000,631.5,635.35,623.3,625.95
1634342400000,625.95,636.25,625.95,629.35
1634356800000,629.35,632.15,624.5,627.05
1634371200000,627.05,648.3,627.0,645.85
1634385600000,645.85,646.5,630.45,641.9
1634400000000,641.9,651.1,632.25,632.95
1634414400000,632.95,633.45,624.5,625.55
1634428800000,625.55,629.0,618.75,626.75
1634443200000,626.75,629.35,619.05,619.8
1634457600000,619.8,625.25,619.75,620.5
1634472000000,620.5,621.55,608.0,609.6
1634486400000,609.6,614.45,605.9,606.9
1634500800000,606.9,612.6,589.25,612.6
1634515200000,612.6,619.6,610.5,615.45
1634529600000,615.45,619.6,613.45,614.85
1634544000000,614.85,617.9,603.2,607.0
1634558400000,607.0,614.15,598.65,608.2
1634572800000,608.2,610.1,600.25,605.45
1634587200000,605.45,612.55,603.65,611.7
1634601600000,611.7,623.75,608.6,623.2
1634616000000,623.2,625.0,616.25,619.15
1634630400000,619.15,619.15,612.8,613.65
1634644800000,613.65,617.15,600.1,606.15
1634659200000,606.15,612.75,606.05,612.5
1634673600000,612.5,619.95,610.9,618.9
1634688000000,618.9,619.95,610.6,610.65
1634702400000,610.65,612.0,606.0,609.05
1634716800000,609.05,614.15,608.8,612.8
1634731200000,612.8,643.45,612.75,643.35
1634745600000,643.35,649.4,642.05,648.35
1634760000000,648.35,648.7,643.0,645.0
1634774400000,645.0,654.95,639.35,642.35
1634788800000,642.35,643.35,636.05,642.15
1634803200000,642.15,656.9,640.7,642.6
1634817600000,642.6,646.5,621.4,630.2
1634832000000,630.2,633.2,625.0,627.25
1634846400000,627.25,632.3,622.55,623.3
1634860800000,623.3,635.6,623.3,635.6
1634875200000,635.6,635.95,629.85,634.7
1634889600000,634.7,636.9,628.35,634.5
1634904000000,634.5,637.4,617.0,621.05
1634918400000,621.05,623.4,613.2,622.0
1634932800000,622.0,626.75,617.05,624.5
1634947200000,624.5,631.8,620.85,631.8
1634961600000,631.8,637.65,630.05,633.7
1634976000000,633.7,634.65,615.7,631.7
1634990400000,631.7,632.1,623.15,627.85
1635004800000,627.85,630.45,622.25,624.4
1635019200000,624.4,629.45,622.9,629.35
1635033600000,629.35,633.35,627.1,631.35
1635048000000,631.35,632.1,621.5,622.85
1635062400000,622.85,632.25,621.15,622.85
1635076800000,622.85,624.4,608.7,610.3
1635091200000,610.3,616.1,606.5,615.9
1635105600000,615.9,618.2,613.95,617.85
1635120000000,617.85,623.65,615.55,622.4
1635134400000,622.4,624.85,620.4,623.25
1635148800000,623.25,624.15,617.65,622.05
1635163200000,622.05,628.85,619.4,627.75
1635177600000,627.75,628.85,616.75,617.25
1635192000000,617.25,624.75,617.25,622.3
1635206400000,622.3,633.25,620.85,629.1
1635220800000,629.1,629.55,622.35,624.25
1635235200000,624.25,628.85,623.45,623.65
1635249600000,623.65,623.9,606.15,614.35
1635264000000,614.35,618.4,610.65,618.15
1635278400000,618.15,625.15,600.4,612.3
1635292800000,612.3,615.35,609.55,613.35
1635307200000,613.35,619.35,588.1,588.1
1635321600000,588.1,588.65,528.1,557.95
1635336000000,557.95,566.8,556.25,559.5
1635350400000,559.5,563.35,551.3,558.55
1635364800000,558.55,561.7,547.95,548.6
1635379200000,548.6,558.6,544.25,555.7
1635393600000,555.7,566.85,552.2,564.5
1635408000000,564.5,579.3,564.2,570.4
1635422400000,570.4,574.7,566.5,570.3
1635436800000,570.3,587.75,565.35,586.95
1635451200000,586.95,592.35,577.0,578.85
1635465600000,578.85,591.0,576.35,590.4
1635480000000,590.4,591.0,578.65,578.9
1635494400000,578.9,585.15,575.05,579.45
1635508800000,579.45,590.5,576.75,589.75
1635523200000,589.75,593.8,588.3,591.0
1635537600000,591.0,596.95,590.9,594.65
1635552000000,594.65,595.95,589.25,591.95
1635566400000,591.95,600.55,590.25,599.8
1635580800000,599.8,601.2,592.15,596.5
1635595200000,596.5,596.5,581.5,586.55
1635609600000,586.55,588.3,584.05,587.85
1635624000000,587.85,589.25,576.6,585.25
1635638400000,585.25,604.75,584.7,595.75
1635652800000,595.75,596.6,591.1,592.4
1635667200000,592.4,592.6,577.5,578.0
1635681600000,578.0,594.15,574.55,592.05
1635696000000,592.05,597.15,588.55,596.95
1635710400000,596.95,601.0,595.4,597.6
1635724800000,597.6,600.3,580.95,582.45
1635739200000,582.45,596.8,579.6,595.95
1635753600000,595.95,597.5,586.0,586.0
1635768000000,586.0,591.25,585.45,586.65
1635782400000,586.65,594.35,581.4,588.85
1635796800000,588.85,589.7,585.2,587.2
1635811200000,587.2,592.25,585.15,588.7
1635825600000,588.7,589.9,582.2,584.1
1635840000000,584.1,601.45,583.55,594.05
1635854400000,594.05,601.2,593.05,600.75
1635868800000,600.75,609.2,596.55,604.65
1635883200000,604.65,604.65,596.55,598.5
1635897600000,598.5,600.4,595.3,599.7
1635912000000,599.7,619.0,594.8,618.7
1635926400000,618.7,619.95,611.2,614.55
1635940800000,614.55,614.55,589.65,599.95
1635955200000,599.95,616.15,598.85,612.4
1635969600000,612.4,614.65,609.2,611.5
1635984000000,611.5,613.6,608.0,609.25
1635998400000,609.25,611.25,601.6,601.6
1636012800000,601.6,605.45,596.0,597.85
1636027200000,597.85,603.7,585.55,589.9
1636041600000,589.9,596.45,588.65,596.2
1636056000000,596.2,598.2,593.75,596.25
1636070400000,596.25,599.95,592.05,599.8
1636084800000,599.8,608.0,597.85,602.4
1636099200000,602.4,632.9,595.4,600.2
1636113600000,600.2,606.55,594.45,595.35
1636128000000,595.35,600.55,594.5,599.1
1636142400000,599.1,600.85,595.85,598.35
1636156800000,598.35,601.05,595.25,598.5
1636171200000,598.5,602.95,592.6,592.95
1636185600000,592.95,596.05,580.1,583.75
1636200000000,583.75,584.05,576.65,582.65
1636214400000,582.65,586.95,581.35,586.2
1636228800000,586.2,588.95,585.35,587.7
1636243200000,587.7,592.65,586.55,591.8
1636257600000,591.8,592.15,588.4,589.2
1636272000000,589.2,595.25,587.15,591.85
1636286400000,591.85,598.9,590.6,597.05
1636300800000,597.05,597.7,594.9,594.9
1636315200000,594.9,600.95,594.65,600.9
1636329600000,600.9,614.5,599.6,610.6
1636344000000,610.6,615.4,608.45,612.8
1636358400000,612.8,622.15,610.3,621.85
1636372800000,621.85,628.45,613.0,626.9
1636387200000,626.9,637.25,625.95,633.55
1636401600000,633.55,643.0,626.35,638.95
1636416000000,638.95,668.55,637.1,668.45
1636430400000,668.45,671.8,662.05,665.3
1636444800000,665.3,676.15,663.0,672.4
1636459200000,672.4,703.0,667.8,700.9
1636473600000,700.9,713.0,695.4,708.7
1636488000000,708.7,731.7,704.15,718.0
1636502400000,718.0,722.1,685.65,690.25
1636516800000,690.25,702.1,683.15,698.6
1636531200000,698.6,726.5,695.15,718.8
1636545600000,718.8,729.55,705.85,718.35
1636560000000,718.35,720.5,697.6,698.05
1636574400000,698.05,700.2,643.45,663.8
1636588800000,663.8,671.7,659.5,670.55
1636603200000,670.55,677.55,666.6,676.15
1636617600000,676.15,680.95,670.45,679.9
1636632000000,679.9,680.7,670.35,674.25
1636646400000,674.25,677.9,670.25,676.6
1636660800000,676.6,680.0,674.45,677.0
1636675200000,677.0,684.85,672.6,676.85
1636689600000,676.85,678.45,666.55,669.05
1636704000000,669.05,673.4,651.3,653.35
1636718400000,653.35,664.25,649.35,652.4
1636732800000,652.4,665.85,647.1,662.45
1636747200000,662.45,670.35,662.45,668.5
1636761600000,668.5,670.8,658.95,660.85
1636776000000,660.85,664.1,657.95,663.55
1636790400000,663.55,663.7,656.2,660.1
1636804800000,660.1,669.1,657.0,668.1
1636819200000,668.1,670.3,663.4,665.75
1636833600000,665.75,669.15,665.1,666.1
1636848000000,666.1,672.7,665.95,671.3
1636862400000,671.3,676.0,668.15,670.5
1636876800000,670.5,670.95,662.55,664.85
1636891200000,664.85,666.9,660.85,662.1
1636905600000,662.1,665.0,658.0,663.1
1636920000000,663.1,680.0,662.2,679.75
1636934400000,679.75,686.1,674.9,675.2
1636948800000,675.2,678.45,672.8,677.2
1636963200000,677.2,682.05,673.6,678.25
1636977600000,678.25,679.7,668.05,669.6
1636992000000,669.6,673.4,666.35,672.55
1637006400000,672.55,672.55,665.0,666.1
1637020800000,666.1,666.1,617.5,622.55
1637035200000,622.55,626.65,614.75,622.0
1637049600000,622.0,625.5,570.45,602.85
1637064000000,602.85,615.9,598.45,606.75
1637078400000,606.75,611.0,598.85,603.8
1637092800000,603.8,608.45,591.6,598.5
1637107200000,598.5,603.45,579.25,584.45
1637121600000,584.45,595.65,578.55,592.05
1637136000000,592.05,598.4,577.95,598.35
1637150400000,598.35,599.0,585.15,587.8
1637164800000,587.8,596.05,586.1,588.3
1637179200000,588.3,596.6,585.35,595.55
1637193600000,595.55,601.6,589.75,589.8
1637208000000,589.8,591.75,580.15,582.85
1637222400000,582.85,586.55,572.15,577.35
1637236800000,577.35,584.25,553.3,559.1
1637251200000,559.1,564.95,542.5,562.2
1637265600000,562.2,565.9,549.1,554.55
1637280000000,554.55,564.65,547.35,550.35
1637294400000,550.35,560.35,549.65,555.55
1637308800000,555.55,569.15,555.55,562.9
1637323200000,562.9,575.3,562.05,573.25
1637337600000,573.25,576.95,571.5,573.85
1637352000000,573.85,574.95,569.65,574.35
1637366400000,574.35,583.85,573.55,576.95
1637380800000,576.95,581.7,575.3,579.25
1637395200000,579.25,586.0,578.85,584.6
1637409600000,584.6,585.65,566.3,567.35
1637424000000,567.35,588.3,564.95,581.6
1637438400000,581.6,585.25,580.25,584.6
1637452800000,584.6,584.85,569.3,570.45
1637467200000,570.45,575.5,569.95,573.75
1637481600000,573.75,579.6,571.35,573.35
1637496000000,573.35,579.85,570.75,579.25
1637510400000,579.25,585.9,577.75,580.55
1637524800000,580.55,584.4,573.95,574.9
1637539200000,574.9,575.55,558.0,561.75
1637553600000,561.75,565.55,556.65,562.45
1637568000000,562.45,569.85,562.3,563.55
1637582400000,563.55,578.05,557.45,567.05
1637596800000,567.05,568.1,548.05,551.4
1637611200000,551.4,561.0,550.15,556.9
1637625600000,556.9,563.45,554.5,562.0
1637640000000,562.0,562.8,553.05,554.2
1637654400000,554.2,566.9,546.5,554.5
1637668800000,554.5,567.9,553.55,562.45
1637683200000,562.45,567.3,561.7,567.05
1637697600000,567.05,575.1,564.95,571.8
1637712000000,571.8,572.6,559.05,561.95
1637726400000,561.95,586.35,561.7,580.35
1637740800000,580.35,585.35,573.1,580.4
1637755200000,580.4,606.9,574.15,600.95
1637769600000,600.95,601.05,582.9,598.85
1637784000000,598.85,620.05,596.4,619.6
1637798400000,619.6,636.2,613.85,619.7
1637812800000,619.7,621.2,608.35,615.05
1637827200000,615.05,631.8,611.8,624.2
1637841600000,624.2,631.05,623.9,626.5
1637856000000,626.5,629.95,617.55,629.0
1637870400000,629.0,629.25,615.65,617.0
1637884800000,617.0,619.05,602.9,603.0
1637899200000,603.0,607.4,576.85,587.55
1637913600000,587.55,588.1,540.75,545.35
1637928000000,545.35,565.65,544.6,561.7
1637942400000,561.7,565.55,556.65,561.6
1637956800000,561.6,566.25,555.35,557.3
1637971200000,557.3,570.1,555.0,566.15
1637985600000,566.15,571.75,563.15,564.5
1638000000000,564.5,573.0,562.9,565.4
1638014400000,565.4,566.9,562.2,563.45
1638028800000,563.45,566.05,561.3,564.4
1638043200000,564.4,566.05,557.5,563.0
1638057600000,563.0,563.7,543.0,547.55
1638072000000,547.55,554.9,545.4,554.15
1638086400000,554.15,558.25,548.35,553.2
1638100800000,553.2,554.25,549.75,552.0
1638115200000,552.0,556.35,531.05,549.4
1638129600000,549.4,569.2,549.4,569.2
1638144000000,569.2,572.45,562.3,562.95
1638158400000,562.95,566.1,562.3,565.3
1638172800000,565.3,574.5,557.25,568.15
1638187200000,568.15,577.4,566.75,567.85
1638201600000,567.85,581.4,567.15,567.4
1638216000000,567.4,578.45,567.0,574.85
1638230400000,574.85,579.95,565.7,568.35
1638244800000,568.35,570.3,560.4,562.2
1638259200000,562.2,573.75,557.55,571.7
1638273600000,571.7,587.25,571.7,574.0
1638288000000,574.0,578.65,565.45,572.9
1638302400000,572.9,576.15,568.85,569.8
1638316800000,569.8,578.65,568.25,577.25
1638331200000,577.25,577.25,568.45,572.95
1638345600000,572.95,582.35,570.0,575.45
1638360000000,575.45,586.3,573.5,585.35
1638374400000,585.35,586.65,574.7,576.75
1638388800000,576.75,576.75,565.4,570.85
1638403200000,570.85,572.1,558.5,562.55
1638417600000,562.55,567.15,561.05,564.85
1638432000000,564.85,574.4,563.0,564.75
1638446400000,564.75,570.3,561.9,564.7
1638460800000,564.7,566.5,561.55,564.55
1638475200000,564.55,568.0,561.55,561.85
1638489600000,561.85,563.65,550.65,554.75
1638504000000,554.75,559.85,553.8,558.95
1638518400000,558.95,564.75,558.05,562.1
1638532800000,562.1,567.7,556.65,557.6
1638547200000,557.6,557.6,539.95,540.8
1638561600000,540.8,541.55,518.5,532.6
1638576000000,532.6,534.25,509.25,509.55
1638590400000,509.55,518.05,341.35,453.4
1638604800000,453.4,463.85,441.3,450.05
1638619200000,450.05,471.4,442.3,467.2
1638633600000,467.2,474.5,459.25,474.2
1638648000000,474.2,475.3,467.15,472.9
1638662400000,472.9,477.35,462.05,470.75
1638676800000,470.75,472.2,464.9,466.55
1638691200000,466.55,467.35,454.75,457.35
1638705600000,457.35,465.35,434.65,441.9
1638720000000,441.9,456.9,440.6,453.2
1638734400000,453.2,457.7,445.15,452.6
1638748800000,452.6,453.15,438.1,449.8
1638763200000,449.8,450.8,428.55,434.25
1638777600000,434.25,445.4,418.45,443.55
1638792000000,443.55,453.4,435.55,447.8
1638806400000,447.8,460.35,445.6,454.85
1638820800000,454.85,480.0,454.85,474.4
1638835200000,474.4,478.65,466.4,467.45
1638849600000,467.45,469.95,463.65,464.85
1638864000000,464.85,474.5,464.0,473.85
1638878400000,473.85,502.2,465.0,492.35
1638892800000,492.35,492.85,475.8,479.75
1638907200000,479.75,481.6,469.1,473.85
1638921600000,473.85,476.9,463.2,464.65
1638936000000,464.65,483.15,464.45,479.2
1638950400000,479.2,483.5,463.55,472.05
1638964800000,472.05,486.65,466.2,479.8
1638979200000,479.8,487.45,474.8,480.7
1638993600000,480.7,481.2,475.0,479.8
1639008000000,479.8,482.8,462.6,463.6
1639022400000,463.6,467.9,457.7,466.4
1639036800000,466.4,468.95,456.7,468.85
1639051200000,468.85,470.1,450.35,458.35
1639065600000,458.35,461.5,448.6,454.85
1639080000000,454.85,458.6,447.85,448.6
1639094400000,448.6,458.8,447.05,455.3
1639108800000,455.3,457.35,440.6,446.6
1639123200000,446.6,463.0,443.1,462.55
1639137600000,462.55,468.4,445.2,447.65
1639152000000,447.65,451.15,441.5,449.85
1639166400000,449.85,453.2,436.55,438.2
1639180800000,438.2,451.4,431.65,447.25
1639195200000,447.25,458.25,447.15,451.15
1639209600000,451.15,460.3,450.6,451.15
1639224000000,451.15,456.45,448.8,456.15
1639238400000,456.15,459.3,450.4,450.75
1639252800000,450.75,461.0,450.75,459.0
1639267200000,459.0,460.75,452.65,452.85
1639281600000,452.85,453.25,448.65,449.9
1639296000000,449.9,450.25,442.0,447.75
1639310400000,447.75,454.25,447.2,450.5
1639324800000,450.5,461.0,449.35,458.65
1639339200000,458.65,462.1,456.85,457.75
1639353600000,457.75,459.85,439.0,444.9
1639368000000,444.9,449.4,441.05,442.7
1639382400000,442.7,452.35,440.05,449.35
1639396800000,449.35,454.1,427.75,429.5
1639411200000,429.5,433.95,413.85,422.95
1639425600000,422.95,429.8,420.25,421.55
1639440000000,421.55,428.55,418.35,424.15
1639454400000,424.15,432.6,419.45,431.1
1639468800000,431.1,440.3,427.55,439.65
1639483200000,439.65,441.65,425.65,427.7
1639497600000,427.7,431.4,421.95,426.75
1639512000000,426.75,439.2,426.55,436.8
1639526400000,436.8,438.25,430.55,434.2
1639540800000,434.2,438.2,432.2,437.65
1639555200000,437.65,441.65,428.65,431.1
1639569600000,431.1,432.85,418.1,418.35
1639584000000,418.35,443.15,416.75,439.95
1639598400000,439.95,449.6,438.7,447.7
1639612800000,447.7,448.8,443.5,444.95
1639627200000,444.95,446.65,441.2,443.95
1639641600000,443.95,453.5,442.95,451.45
1639656000000,451.45,451.45,443.55,448.9
1639670400000,448.9,449.55,440.7,442.05
1639684800000,442.05,446.1,437.2,437.9
1639699200000,437.9,441.3,436.2,438.5
1639713600000,438.5,439.65,429.4,431.9
1639728000000,431.9,434.8,428.75,430.35
1639742400000,430.35,432.55,417.55,431.0
1639756800000,431.0,433.8,427.0,427.55
1639771200000,427.55,432.75,421.0,424.75
1639785600000,424.75,430.95,418.6,429.05
1639800000000,429.05,436.05,426.8,431.25
1639814400000,431.25,438.8,431.05,435.85
1639828800000,435.85,438.25,432.95,435.1
1639843200000,435.1,435.95,430.55,435.35
1639857600000,435.35,437.45,433.8,435.45
1639872000000,435.45,445.1,432.25,442.65
1639886400000,442.65,444.45,439.7,440.75
1639900800000,440.75,440.95,433.9,436.25
1639915200000,436.25,441.05,433.05,436.75
1639929600000,436.75,441.85,432.1,432.85
1639944000000,432.85,438.2,431.75,432.4
1639958400000,432.4,437.15,428.9,435.0
1639972800000,435.0,439.45,426.45,428.7
1639987200000,428.7,429.15,420.8,425.35
1640001600000,425.35,427.8,418.65,421.55
1640016000000,421.55,428.2,420.55,427.2
1640030400000,427.2,434.4,427.2,430.15
1640044800000,430.15,437.05,426.65,436.6
1640059200000,436.6,439.5,433.55,433.8
1640073600000,433.8,436.65,433.25,434.65
1640088000000,434.65,438.7,432.3,434.25
1640102400000,434.25,436.85,433.65,436.0
1640116800000,436.0,440.4,434.65,437.55
1640131200000,437.55,442.95,435.1,441.75
1640145600000,441.75,442.3,439.3,440.3
1640160000000,440.3,442.6,436.2,442.15
1640174400000,442.15,444.55,434.55,444.35
1640188800000,444.35,446.8,440.8,444.35
1640203200000,444.35,444.85,436.95,437.95
1640217600000,437.95,444.15,434.5,440.75
1640232000000,440.75,440.9,434.55,435.85
1640246400000,435.85,439.05,434.55,438.2
1640260800000,438.2,442.8,437.55,442.75
1640275200000,442.75,458.15,441.85,456.1
1640289600000,456.1,456.45,453.45,455.5
1640304000000,455.5,459.65,454.85,458.25
1640318400000,458.25,459.25,452.65,456.4
1640332800000,456.4,460.8,455.55,456.45
1640347200000,456.45,458.05,449.3,454.65
1640361600000,454.65,459.15,452.35,453.4
1640376000000,453.4,456.0,448.6,451.6
1640390400000,451.6,456.05,449.8,451.3
1640404800000,451.3,454.35,450.35,453.1
1640419200000,453.1,453.85,447.45,450.55
1640433600000,450.55,455.6,450.55,452.9
1640448000000,452.9,459.5,449.6,456.95
1640462400000,456.95,460.6,454.85,455.1
1640476800000,455.1,455.3,444.3,446.0
1640491200000,446.0,447.85,445.0,447.7
1640505600000,447.7,451.6,445.75,448.45
1640520000000,448.45,451.75,447.45,450.45
1640534400000,450.45,453.7,450.35,453.7
1640548800000,453.7,454.65,449.15,451.55
1640563200000,451.55,452.95,447.75,451.65
1640577600000,451.65,452.6,450.25,451.0
1640592000000,451.0,468.55,449.6,466.85
1640606400000,466.85,472.1,465.0,469.75
1640620800000,469.75,474.75,467.55,470.3
1640635200000,470.3,475.8,463.65,465.25
1640649600000,465.25,465.45,451.7,455.35
1640664000000,455.35,455.45,446.55,452.2
1640678400000,452.2,456.75,450.25,455.65
1640692800000,455.65,456.3,446.3,449.6
1640707200000,449.6,449.6,437.85,442.35
1640721600000,442.35,446.45,438.6,438.6
1640736000000,438.6,445.05,438.25,443.95
1640750400000,443.95,444.45,438.25,439.5
1640764800000,439.5,445.55,439.0,441.5
1640779200000,441.5,441.5,429.25,439.85
1640793600000,439.85,440.1,434.55,437.4
1640808000000,437.4,440.5,426.3,429.85
1640822400000,429.85,431.3,423.4,428.45
1640836800000,428.45,433.0,428.2,432.85
1640851200000,432.85,436.25,428.7,435.4
1640865600000,435.4,436.85,430.2,430.2
1640880000000,430.2,434.45,430.2,431.45
1640894400000,431.45,433.6,427.3,431.35
1640908800000,431.35,434.65,427.7,429.75
1640923200000,429.75,431.65,421.4,423.85
1640937600000,423.85,436.75,422.7,433.65
1640952000000,433.65,436.5,432.05,435.55
1640966400000,435.55,436.8,419.15,419.95
1640980800000,419.95,431.85,419.85,430.3
1640995200000,430.3,437.05,430.25,435.1
1641009600000,435.1,438.05,432.55,435.35
1641024000000,435.35,441.5,433.65,434.6
1641038400000,434.6,443.85,434.6,441.3
1641052800000,441.3,445.5,440.65,442.4
1641067200000,442.4,444.9,441.3,444.45
1641081600000,444.45,450.4,442.45,448.45
1641096000000,448.45,449.35,443.3,445.1
1641110400000,445.1,448.8,443.8,445.25
1641124800000,445.25,448.2,443.15,447.0
1641139200000,447.0,452.2,444.2,444.85
1641153600000,444.85,448.3,444.05,447.65
1641168000000,447.65,447.65,441.6,442.5
1641182400000,442.5,443.6,440.6,442.55
1641196800000,442.55,446.1,439.35,446.05
1641211200000,446.05,446.45,440.3,441.45
1641225600000,441.45,442.4,435.95,435.95
1641240000000,435.95,436.2,431.2,434.35
1641254400000,434.35,435.15,427.55,430.75
1641268800000,430.75,432.2,428.7,430.85
1641283200000,430.85,434.8,429.5,434.8
1641297600000,434.8,439.1,431.45,435.3
1641312000000,435.3,436.65,425.5,428.25
1641326400000,428.25,431.1,425.8,427.15
1641340800000,427.15,430.5,426.4,429.55
1641355200000,429.55,431.55,427.55,431.05
1641369600000,431.05,432.25,426.9,428.0
1641384000000,428.0,430.55,424.15,429.8
1641398400000,429.8,430.05,410.3,411.6
1641412800000,411.6,412.75,390.5,399.2
1641427200000,399.2,402.2,392.75,392.75
1641441600000,392.75,398.75,391.45,394.65
1641456000000,394.65,395.05,387.1,391.4
1641470400000,391.4,395.7,388.5,393.2
1641484800000,393.2,401.55,391.0,400.15
1641499200000,400.15,401.5,397.75,399.75
1641513600000,399.75,400.65,382.2,384.45
1641528000000,384.45,386.1,375.15,383.75
1641542400000,383.75,401.4,382.55,394.95
1641556800000,394.95,398.15,378.55,384.35
1641571200000,384.35,394.6,380.65,388.6
1641585600000,388.6,389.8,383.8,385.25
1641600000000,385.25,391.4,385.25,388.25
1641614400000,388.25,390.05,385.7,389.1
1641628800000,389.1,391.3,387.2,390.15
1641643200000,390.15,391.0,373.0,381.45
1641657600000,381.45,382.7,361.15,366.4
1641672000000,366.4,378.2,364.6,372.9
1641686400000,372.9,380.2,370.5,377.0
1641700800000,377.0,379.25,375.5,376.7
1641715200000,376.7,378.05,370.5,373.55
1641729600000,373.55,375.4,367.85,371.55
1641744000000,371.55,380.9,370.85,380.05
1641758400000,380.05,380.9,375.45,376.6
1641772800000,376.6,378.35,372.4,374.4
1641787200000,374.4,377.25,373.6,375.6
1641801600000,375.6,376.2,369.6,370.3
1641816000000,370.3,370.85,347.4,357.75
1641830400000,357.75,370.25,352.95,357.0
1641844800000,357.0,365.65,355.4,363.55
1641859200000,363.55,369.1,361.85,368.05
1641873600000,368.05,368.7,364.85,367.85
1641888000000,367.85,371.4,362.45,366.15
1641902400000,366.15,368.3,361.6,367.4
1641916800000,367.4,374.85,366.75,367.95
1641931200000,367.95,370.5,367.2,369.55
1641945600000,369.55,371.7,367.9,368.2
1641960000000,368.2,373.5,368.2,369.4
1641974400000,369.4,377.35,369.15,374.15
1641988800000,374.15,383.1,374.0,381.35
1642003200000,381.35,385.5,380.0,384.55
1642017600000,384.55,385.8,382.35,383.6
1642032000000,383.6,385.0,379.4,383.4
1642046400000,383.4,388.3,382.6,387.25
1642060800000,387.25,390.45,384.2,385.05
1642075200000,385.05,391.35,379.75,382.25
1642089600000,382.25,384.55,377.7,380.0
1642104000000,380.0,380.25,376.6,377.0
1642118400000,377.0,384.85,375.1,383.15
1642132800000,383.15,391.2,382.95,388.1
1642147200000,388.1,388.5,378.75,381.05
1642161600000,381.05,391.35,379.05,389.4
1642176000000,389.4,393.45,386.75,387.65
1642190400000,387.65,389.05,383.95,385.3
1642204800000,385.3,387.8,383.0,385.2
1642219200000,385.2,391.1,384.7,390.8
1642233600000,390.8,390.95,388.15,389.05
1642248000000,389.05,391.2,384.8,390.55
1642262400000,390.55,392.2,388.95,392.1
1642276800000,392.1,392.75,390.65,390.65
1642291200000,390.65,393.3,387.75,389.2
1642305600000,389.2,389.3,385.05,387.75
1642320000000,387.75,388.2,383.5,385.25
1642334400000,385.25,388.85,382.25,387.8
1642348800000,387.8,391.35,387.1,387.25
1642363200000,387.25,389.95,386.4,388.0
1642377600000,388.0,388.95,379.55,379.55
1642392000000,379.55,382.6,378.25,381.5
1642406400000,381.5,383.65,380.45,380.95
1642420800000,380.95,381.95,376.05,377.1
1642435200000,377.1,378.55,374.7,378.15
1642449600000,378.15,381.8,373.05,380.4
1642464000000,380.4,398.65,380.4,388.45
1642478400000,388.45,391.15,380.85,384.2
1642492800000,384.2,384.2,375.35,381.2
1642507200000,381.2,382.9,374.75,378.5
1642521600000,378.5,381.75,376.3,380.9
1642536000000,380.9,384.3,379.0,381.45
1642550400000,381.45,384.3,374.4,377.2
1642564800000,377.2,378.05,366.35,367.6
1642579200000,367.6,372.35,365.8,371.35
1642593600000,371.35,374.9,369.15,370.15
1642608000000,370.15,372.95,367.6,372.1
1642622400000,372.1,373.3,369.05,369.05
1642636800000,369.05,371.3,367.45,370.7
1642651200000,370.7,372.7,370.2,372.0
1642665600000,372.0,373.15,370.25,373.0
1642680000000,373.0,383.8,371.2,383.2
1642694400000,383.2,383.9,376.6,378.55
1642708800000,378.55,378.75,356.2,357.6
1642723200000,357.6,359.8,338.8,339.6
1642737600000,339.6,344.25,339.6,342.75
1642752000000,342.75,344.45,341.6,343.55
1642766400000,343.55,343.8,330.6,341.45
1642780800000,341.45,343.05,333.15,333.7
1642795200000,333.7,338.15,308.1,314.9
1642809600000,314.9,318.55,306.35,309.8
1642824000000,309.8,311.05,288.2,289.4
1642838400000,289.4,295.55,265.05,287.45
1642852800000,287.45,303.5,284.15,284.75
1642867200000,284.75,293.9,281.1,284.45
1642881600000,284.45,296.65,282.95,291.75
1642896000000,291.75,297.15,287.45,291.1
1642910400000,291.1,297.8,290.1,296.25
1642924800000,296.25,300.6,294.8,294.9
1642939200000,294.9,298.2,284.45,288.4
1642953600000,288.4,291.75,283.75,285.0
1642968000000,285.0,303.1,284.15,302.45
1642982400000,302.45,302.55,289.35,292.15
1642996800000,292.15,294.85,285.1,285.55
1643011200000,285.55,292.55,266.25,270.4
1643025600000,270.4,278.5,259.85,277.0
1643040000000,277.0,288.8,270.3,287.05
1643054400000,287.05,295.95,286.4,292.1
1643068800000,292.1,292.1,287.25,290.8
1643083200000,290.8,291.4,284.5,287.65
1643097600000,287.65,292.7,286.3,287.25
1643112000000,287.25,291.95,283.1,287.95
1643126400000,287.95,294.25,287.6,291.45
1643140800000,291.45,293.65,286.3,291.35
1643155200000,291.35,292.45,286.8,292.05
1643169600000,292.05,297.65,291.55,294.8
1643184000000,294.8,299.45,294.8,299.25
1643198400000,299.25,306.45,297.05,304.25
1643212800000,304.25,314.7,298.05,300.6
1643227200000,300.6,300.6,283.7,288.8
1643241600000,288.8,290.4,277.35,279.25
1643256000000,279.25,286.5,278.65,285.3
1643270400000,285.3,290.05,283.65,289.55
1643284800000,289.55,296.35,289.2,290.75
1643299200000,290.75,292.4,286.55,287.8
1643313600000,287.8,289.95,279.25,289.55
1643328000000,289.55,292.9,284.65,292.65
1643342400000,292.65,295.4,284.2,284.2
1643356800000,284.2,287.3,282.65,285.1
1643371200000,285.1,288.55,281.75,288.5
1643385600000,288.5,293.6,287.3,290.15
1643400000000,290.15,297.05,289.75,296.65
1643414400000,296.65,300.0,293.15,294.7
1643428800000,294.7,297.85,294.1,297.55
1643443200000,297.55,298.05,293.55,294.25
1643457600000,294.25,298.75,291.25,292.9
1643472000000,292.9,297.5,291.65,296.5
1643486400000,296.5,301.95,295.7,298.55
1643500800000,298.55,298.85,293.8,295.0
1643515200000,295.0,301.4,294.9,300.85
1643529600000,300.85,301.9,298.4,299.05
1643544000000,299.05,299.85,294.45,296.35
1643558400000,296.35,297.3,288.55,289.3
1643572800000,289.3,293.95,287.5,289.75
1643587200000,289.75,290.2,279.05,281.05
1643601600000,281.05,281.65,278.6,281.2
1643616000000,281.2,282.7,277.95,281.35
1643630400000,281.35,286.3,278.0,284.95
1643644800000,284.95,290.05,282.05,282.25
1643659200000,282.25,285.85,280.5,285.0
1643673600000,285.0,288.3,282.6,287.95
1643688000000,287.95,289.0,284.85,286.6
1643702400000,286.6,290.8,282.1,285.45
1643716800000,285.45,288.3,283.15,286.3
1643731200000,286.3,289.25,284.4,284.65
1643745600000,284.65,289.1,284.65,287.55
1643760000000,287.55,290.0,286.25,288.9
1643774400000,288.9,290.45,287.7,288.1
1643788800000,288.1,294.95,287.7,294.6
1643803200000,294.6,296.6,284.4,285.2
1643817600000,285.2,286.3,281.0,284.6
1643832000000,284.6,285.95,275.95,277.6
1643846400000,277.6,278.8,272.9,276.5
1643860800000,276.5,280.0,276.0,279.0
1643875200000,279.0,279.85,270.75,274.7
1643889600000,274.7,276.9,271.1,276.1
1643904000000,276.1,277.55,271.35,272.6
1643918400000,272.6,281.3,270.85,280.85
1643932800000,280.85,280.95,276.7,276.75
1643947200000,276.75,285.1,276.25,284.95
1643961600000,284.95,290.3,284.9,285.9
1643976000000,285.9,294.95,282.45,292.0
1643990400000,292.0,299.95,291.75,299.05
1644004800000,299.05,307.15,297.4,306.05
1644019200000,306.05,306.9,302.6,305.9
1644033600000,305.9,313.85,305.8,309.3
1644048000000,309.3,314.7,309.3,314.7
1644062400000,314.7,324.65,314.3,322.2
1644076800000,322.2,328.8,315.25,318.65
1644091200000,318.65,323.35,318.3,320.5
1644105600000,320.5,327.85,320.2,326.1
1644120000000,326.1,327.05,320.6,322.85
1644134400000,322.85,325.75,319.15,320.15
1644148800000,320.15,326.55,310.85,317.75
1644163200000,317.75,320.25,316.0,318.5
1644177600000,318.5,326.1,315.8,324.6
1644192000000,324.6,331.75,318.05,330.35
1644206400000,330.35,335.15,328.5,333.05
1644220800000,333.05,338.55,331.75,336.7
1644235200000,336.7,340.8,335.5,338.85
1644249600000,338.85,341.8,333.55,339.65
1644264000000,339.65,343.55,334.15,342.95
1644278400000,342.95,352.5,337.2,349.95
1644292800000,349.95,355.35,345.1,347.0
1644307200000,347.0,347.65,330.25,333.7
1644321600000,333.7,333.7,324.85,330.4
1644336000000,330.4,332.05,325.65,330.15
1644350400000,330.15,339.15,329.45,335.2
1644364800000,335.2,336.6,328.3,330.45
1644379200000,330.45,340.85,330.45,339.85
1644393600000,339.85,340.5,334.8,337.6
1644408000000,337.6,346.4,337.0,344.05
1644422400000,344.05,346.9,341.65,343.85
1644436800000,343.85,347.5,343.8,345.7
1644451200000,345.7,345.8,336.4,338.85
1644465600000,338.85,345.4,337.65,345.4
1644480000000,345.4,358.8,345.25,356.75
1644494400000,356.75,362.15,342.3,354.3
1644508800000,354.3,356.25,344.45,345.25
1644523200000,345.25,347.85,339.75,340.5
1644537600000,340.5,340.6,330.9,339.25
1644552000000,339.25,340.15,334.6,339.7
1644566400000,339.7,341.3,332.0,334.7
1644580800000,334.7,340.0,334.45,337.0
1644595200000,337.0,337.7,323.95,327.35
1644609600000,327.35,327.9,316.8,320.6
1644624000000,320.6,322.8,316.95,321.35
1644638400000,321.35,323.7,309.85,317.45
1644652800000,317.45,320.1,313.95,319.85
1644667200000,319.85,320.05,312.45,319.15
1644681600000,319.15,329.7,317.8,324.85
1644696000000,324.85,330.1,315.7,330.1
1644710400000,330.1,334.3,326.85,327.4
1644724800000,327.4,331.15,327.0,328.3
1644739200000,328.3,328.9,324.1,326.95
1644753600000,326.95,339.5,325.75,337.5
1644768000000,337.5,338.1,325.0,328.1
1644782400000,328.1,337.85,327.25,333.6
1644796800000,333.6,337.25,321.55,322.2
1644811200000,322.2,324.1,318.45,323.7
1644825600000,323.7,324.5,319.9,321.9
1644840000000,321.9,329.45,319.5,326.65
1644854400000,326.65,333.6,325.8,328.8
1644868800000,328.8,332.8,326.8,330.4
1644883200000,330.4,338.85,328.8,335.7
1644897600000,335.7,336.5,331.85,333.75
1644912000000,333.75,341.95,333.7,338.2
1644926400000,338.2,339.5,334.3,339.0
1644940800000,339.0,340.0,336.65,337.25
1644955200000,337.25,344.7,333.75,343.2
1644969600000,343.2,343.25,335.7,335.95
1644984000000,335.95,338.25,332.65,337.9
1644998400000,337.9,340.6,334.55,339.3
1645012800000,339.3,339.95,329.1,331.0
1645027200000,331.0,337.45,328.8,336.3
1645041600000,336.3,337.8,333.2,334.2
1645056000000,334.2,336.25,330.0,330.0
1645070400000,330.0,332.4,326.8,331.95
1645084800000,331.95,332.3,324.2,328.0
1645099200000,328.0,329.75,321.25,322.9
1645113600000,322.9,324.5,311.65,316.55
1645128000000,316.55,316.55,309.25,312.7
1645142400000,312.7,315.95,309.75,313.6
1645156800000,313.6,316.05,312.2,314.35
1645171200000,314.35,318.7,312.9,313.9
1645185600000,313.9,317.0,307.75,309.3
1645200000000,309.3,313.1,306.25,312.75
1645214400000,312.75,313.7,308.75,309.95
1645228800000,309.95,312.95,309.05,312.1
1645243200000,312.1,315.85,311.6,314.4
1645257600000,314.4,314.7,307.35,308.6
1645272000000,308.6,312.7,305.05,311.2
1645286400000,311.2,314.8,307.8,308.2
1645300800000,308.2,312.2,307.8,311.8
1645315200000,311.8,312.4,307.45,307.95
1645329600000,307.95,308.9,298.15,301.35
1645344000000,301.35,302.0,296.55,301.6
1645358400000,301.6,303.95,296.65,300.5
1645372800000,300.5,302.4,299.1,301.05
1645387200000,301.05,306.45,297.9,302.4
1645401600000,302.4,310.45,300.8,306.1
1645416000000,306.1,309.95,305.95,307.25
1645430400000,307.25,308.2,294.2,296.4
1645444800000,296.4,306.4,289.6,302.6
1645459200000,302.6,305.0,293.4,296.35
1645473600000,296.35,299.5,282.5,282.85
1645488000000,282.85,287.35,274.45,278.1
1645502400000,278.1,284.3,278.1,281.0
1645516800000,281.0,290.65,280.95,288.25
1645531200000,288.25,295.2,286.9,291.55
1645545600000,291.55,292.7,287.45,291.1
1645560000000,291.1,294.3,288.55,293.0
1645574400000,293.0,294.5,289.4,292.2
1645588800000,292.2,298.1,292.0,297.95
1645603200000,297.95,303.9,297.45,301.8
1645617600000,301.8,304.75,298.4,298.6
1645632000000,298.6,303.25,293.0,294.0
1645646400000,294.0,294.1,286.85,287.95
1645660800000,287.95,289.0,266.3,269.9
1645675200000,269.9,272.2,259.35,265.85
1645689600000,265.85,270.15,260.6,265.35
1645704000000,265.35,274.8,261.55,273.05
1645718400000,273.05,294.65,271.4,294.1
1645732800000,294.1,309.25,293.6,300.4
1645747200000,300.4,304.35,297.4,300.5
1645761600000,300.5,301.3,294.6,297.65
1645776000000,297.65,298.2,290.1,296.1
1645790400000,296.1,303.5,293.35,302.3
1645804800000,302.3,304.35,294.6,302.9
1645819200000,302.9,311.9,301.55,308.45
1645833600000,308.45,329.1,307.8,320.4
1645848000000,320.4,322.6,312.3,317.2
1645862400000,317.2,319.7,312.8,314.05
1645876800000,314.05,319.3,312.0,316.4
1645891200000,316.4,318.0,306.55,313.4
1645905600000,313.4,318.0,311.6,314.9
1645920000000,314.9,316.35,305.55,309.15
1645934400000,309.15,314.55,307.35,314.25
1645948800000,314.25,319.65,312.8,319.15
1645963200000,319.15,321.25,309.6,317.6
1645977600000,317.6,317.95,301.15,301.8
1645992000000,301.8,308.1,299.2,303.85
1646006400000,303.85,307.85,300.3,304.6
1646020800000,304.6,310.3,301.85,309.5
1646035200000,309.5,312.35,308.5,312.25
1646049600000,312.25,329.6,309.3,328.95
1646064000000,328.95,330.8,323.55,326.2
1646078400000,326.2,339.0,325.6,339.0
1646092800000,339.0,343.45,329.75,331.05
1646107200000,331.05,331.9,326.05,327.7
1646121600000,327.7,329.4,320.15,325.55
1646136000000,325.55,335.55,324.0,326.4
1646150400000,326.4,330.0,323.55,326.6
1646164800000,326.6,328.7,323.65,328.25
1646179200000,328.25,330.8,322.1,329.45
1646193600000,329.45,331.1,323.4,324.75
1646208000000,324.75,329.25,323.3,327.9
1646222400000,327.9,330.2,317.55,320.6
1646236800000,320.6,324.4,317.9,319.5
1646251200000,319.5,322.7,319.1,319.95
1646265600000,319.95,321.55,311.45,318.0
1646280000000,318.0,321.2,314.1,317.6
1646294400000,317.6,320.0,314.6,317.85
1646308800000,317.85,319.5,307.25,309.65
1646323200000,309.65,311.05,305.45,309.5
1646337600000,309.5,315.9,308.45,315.25
1646352000000,315.25,315.35,302.2,306.05
1646366400000,306.05,308.8,304.8,306.0
1646380800000,306.0,308.85,301.15,307.75
1646395200000,307.75,308.35,300.35,301.2
1646409600000,301.2,302.1,292.05,292.5
1646424000000,292.5,293.45,285.55,290.2
1646438400000,290.2,290.3,283.3,287.5
1646452800000,287.5,290.95,284.8,289.95
1646467200000,289.95,291.8,288.05,290.2
1646481600000,290.2,292.1,287.8,291.3
1646496000000,291.3,295.15,290.75,293.45
1646510400000,293.45,294.2,291.65,293.9
1646524800000,293.9,295.85,292.15,293.35
1646539200000,293.35,294.35,289.35,291.8
1646553600000,291.8,291.85,283.65,286.5
1646568000000,286.5,290.55,285.75,288.0
1646582400000,288.0,291.5,286.75,287.6
1646596800000,287.6,291.75,281.05,281.85
1646611200000,281.85,282.35,275.7,278.75
1646625600000,278.75,280.05,276.6,277.6
1646640000000,277.6,280.95,275.7,280.9
1646654400000,280.9,289.65,280.9,289.0
1646668800000,289.0,290.85,271.0,272.15
1646683200000,272.15,276.95,269.75,273.85
1646697600000,273.85,281.2,272.15,280.1
1646712000000,280.1,281.85,277.15,280.6
1646726400000,280.6,286.55,280.05,285.4
1646740800000,285.4,287.3,279.7,281.7
1646755200000,281.7,289.35,278.65,284.8
1646769600000,284.8,285.6,281.1,284.4
1646784000000,284.4,299.75,283.4,297.6
1646798400000,297.6,302.7,297.6,301.45
1646812800000,301.45,306.35,299.8,305.0
1646827200000,305.0,307.85,303.05,307.3
1646841600000,307.3,317.7,306.2,310.85
1646856000000,310.85,311.5,307.05,307.3
1646870400000,307.3,308.8,298.5,300.9
1646884800000,300.9,301.35,284.25,287.75
1646899200000,287.75,291.5,285.4,289.35
1646913600000,289.35,293.3,283.45,287.25
1646928000000,287.25,290.9,285.7,290.85
1646942400000,290.85,291.7,288.4,289.4
1646956800000,289.4,289.8,281.55,283.6
1646971200000,283.6,288.25,281.0,287.65
1646985600000,287.65,292.55,284.7,291.4
1647000000000,291.4,294.85,286.95,288.25
1647014400000,288.25,288.25,282.45,283.8
1647028800000,283.8,292.3,282.65,287.6
1647043200000,287.6,293.8,287.3,291.65
1647057600000,291.65,292.9,290.4,291.45
1647072000000,291.45,294.05,289.15,291.8
1647086400000,291.8,293.4,288.95,291.1
1647100800000,291.1,292.6,290.1,290.75
1647115200000,290.75,292.15,289.8,290.75
1647129600000,290.75,295.2,289.65,295.15
1647144000000,295.15,295.8,293.5,293.9
1647158400000,293.9,293.9,286.8,288.05
1647172800000,288.05,288.2,284.1,287.45
1647187200000,287.45,288.4,286.9,286.9
1647201600000,286.9,287.8,277.85,279.6
1647216000000,279.6,282.2,277.2,280.0
1647230400000,280.0,286.6,279.9,285.8
1647244800000,285.8,288.05,284.95,285.25
1647259200000,285.25,287.9,282.7,286.35
1647273600000,286.35,286.7,279.95,282.65
1647288000000,282.65,289.9,282.05,289.6
1647302400000,289.6,290.7,284.45,285.45
1647316800000,285.45,288.15,282.4,283.7
1647331200000,283.7,285.0,282.0,284.05
1647345600000,284.05,287.1,281.6,285.95
1647360000000,285.95,292.55,285.0,291.3
1647374400000,291.3,292.2,288.5,289.15
1647388800000,289.15,302.6,287.25,290.5
1647403200000,290.5,290.85,286.75,289.6
1647417600000,289.6,294.45,289.6,292.05
1647432000000,292.05,293.9,289.6,292.7
1647446400000,292.7,296.8,286.1,296.15
1647460800000,296.15,300.45,296.15,299.7
1647475200000,299.7,300.9,297.5,298.95
1647489600000,298.95,299.2,294.35,295.15
1647504000000,295.15,297.95,294.8,297.05
1647518400000,297.05,299.85,295.05,296.1
1647532800000,296.1,297.95,295.3,297.5
1647547200000,297.5,297.9,295.3,296.05
1647561600000,296.05,296.55,290.6,291.85
1647576000000,291.85,297.65,290.7,295.4
1647590400000,295.4,298.15,293.35,294.7
1647604800000,294.7,300.05,294.2,299.1
1647619200000,299.1,305.6,299.05,304.2
1647633600000,304.2,306.4,303.5,305.3
1647648000000,305.3,312.45,305.3,312.05
1647662400000,312.05,313.2,309.6,310.05
1647676800000,310.05,311.95,309.3,311.1
1647691200000,311.1,313.45,309.25,312.5
1647705600000,312.5,322.8,312.0,322.3
1647720000000,322.3,328.6,320.8,327.65
1647734400000,327.65,328.55,319.6,324.9
1647748800000,324.9,325.2,320.9,321.85
1647763200000,321.85,324.6,317.55,321.2
1647777600000,321.2,323.15,317.05,320.05
1647792000000,320.05,326.5,315.2,318.85
1647806400000,318.85,332.5,317.05,327.15
1647820800000,327.15,333.9,319.85,323.7
1647835200000,323.7,331.8,322.95,331.55
1647849600000,331.55,335.55,329.05,332.0
1647864000000,332.0,334.5,324.0,327.75
1647878400000,327.75,340.3,327.15,337.35
1647892800000,337.35,338.6,333.3,334.6
1647907200000,334.6,348.95,334.05,347.95
1647921600000,347.95,357.6,347.0,355.25
1647936000000,355.25,373.45,355.2,371.3
1647950400000,371.3,377.0,367.1,367.55
1647964800000,367.55,388.85,367.55,378.45
1647979200000,378.45,381.95,374.1,375.0
1647993600000,375.0,384.45,354.75,356.55
1648008000000,356.55,369.55,352.95,362.7
1648022400000,362.7,366.45,358.65,360.3
1648036800000,360.3,368.65,358.6,367.0
1648051200000,367.0,367.05,355.15,356.15
1648065600000,356.15,365.35,355.7,363.8
1648080000000,363.8,367.0,349.45,353.3
1648094400000,353.3,362.0,353.25,360.45
1648108800000,360.45,361.5,355.35,355.95
1648123200000,355.95,363.1,351.3,361.9
1648137600000,361.9,366.0,358.25,363.45
1648152000000,363.45,367.45,362.15,366.05
1648166400000,366.05,371.0,359.75,362.1
1648180800000,362.1,365.75,359.2,359.85
1648195200000,359.85,366.5,354.2,365.75
1648209600000,365.75,366.35,355.25,357.0
1648224000000,357.0,373.9,352.95,371.85
1648238400000,371.85,372.5,358.4,364.95
1648252800000,364.95,366.15,359.5,361.05
1648267200000,361.05,365.0,357.0,364.35
1648281600000,364.35,365.05,358.7,359.25
1648296000000,359.25,363.2,356.35,361.15
1648310400000,361.15,362.95,359.2,360.15
1648324800000,360.15,362.3,359.65,361.9
1648339200000,361.9,364.15,360.25,362.0
1648353600000,362.0,363.35,359.9,362.35
1648368000000,362.35,363.2,358.0,358.35
1648382400000,358.35,364.4,354.65,363.4
1648396800000,363.4,365.6,360.6,361.05
1648411200000,361.05,376.95,359.3,376.45
1648425600000,376.45,381.75,368.85,374.8
1648440000000,374.8,386.0,372.35,380.8
1648454400000,380.8,382.8,376.4,378.7
1648468800000,378.7,385.8,377.3,378.4
1648483200000,378.4,383.55,375.2,380.65
1648497600000,380.65,383.7,361.85,367.8
1648512000000,367.8,374.75,366.85,371.7
1648526400000,371.7,376.9,371.6,373.85
1648540800000,373.85,380.65,373.55,380.45
1648555200000,380.45,387.85,371.4,372.6
1648569600000,372.6,373.65,366.8,372.6
1648584000000,372.6,374.2,366.15,373.2
1648598400000,373.2,373.25,362.4,369.1
1648612800000,369.1,380.45,368.35,378.0
1648627200000,378.0,380.95,374.5,377.95
1648641600000,377.95,385.9,376.6,381.65
1648656000000,381.65,386.8,375.35,377.85
1648670400000,377.85,382.35,376.3,380.2
1648684800000,380.2,386.3,378.2,380.65
1648699200000,380.65,381.65,377.55,381.45
1648713600000,381.45,384.7,380.05,382.2
1648728000000,382.2,389.85,363.6,368.9
1648742400000,368.9,377.65,362.05,376.7
1648756800000,376.7,391.3,376.7,384.0
1648771200000,384.0,389.45,363.15,370.95
1648785600000,370.95,371.95,366.1,371.35
1648800000000,371.35,373.65,367.65,369.0
1648814400000,369.0,382.9,364.8,378.55
1648828800000,378.55,383.05,376.1,382.25
1648843200000,382.25,382.35,374.65,376.95
1648857600000,376.95,383.3,375.8,377.6
1648872000000,377.6,381.05,376.7,379.65
1648886400000,379.65,381.65,377.65,377.75
1648900800000,377.75,382.05,372.1,375.45
1648915200000,375.45,378.15,368.4,374.7
1648929600000,374.7,376.7,371.55,372.45
1648944000000,372.45,376.0,368.2,376.0
1648958400000,376.0,379.45,375.5,377.9
1648972800000,377.9,378.4,373.05,375.95
1648987200000,375.95,378.2,374.7,376.55
1649001600000,376.55,378.1,374.0,374.5
1649016000000,374.5,381.4,374.35,378.7
1649030400000,378.7,379.65,371.9,375.8
1649044800000,375.8,378.95,373.5,377.45
1649059200000,377.45,377.45,369.35,375.35
1649073600000,375.35,378.65,371.2,371.85
1649088000000,371.85,374.15,362.5,370.15
1649102400000,370.15,376.75,368.8,376.25
1649116800000,376.25,376.95,372.55,376.85
1649131200000,376.85,379.25,373.45,379.1
1649145600000,379.1,380.55,375.15,378.15
1649160000000,378.15,382.25,368.55,370.5
1649174400000,370.5,374.0,368.35,370.8
1649188800000,370.8,371.6,365.0,365.25
1649203200000,365.25,368.05,346.25,355.8
1649217600000,355.8,359.85,354.55,357.1
1649232000000,357.1,360.6,350.3,351.25
1649246400000,351.25,354.2,339.05,343.5
1649260800000,343.5,349.4,339.25,339.9
1649275200000,339.9,341.3,328.75,330.8
1649289600000,330.8,335.4,325.9,333.15
1649304000000,333.15,336.7,331.55,334.6
1649318400000,334.6,339.75,332.65,338.6
1649332800000,338.6,339.7,328.9,333.55
1649347200000,333.55,337.5,332.8,335.25
1649361600000,335.25,339.05,333.7,335.8
1649376000000,335.8,337.65,334.6,336.65
1649390400000,336.65,338.15,334.3,336.8
1649404800000,336.8,337.05,328.95,329.85
1649419200000,329.85,338.35,326.65,335.0
1649433600000,335.0,336.05,327.45,328.65
1649448000000,328.65,329.6,320.5,323.15
1649462400000,323.15,327.25,321.35,323.5
1649476800000,323.5,325.9,322.45,324.35
1649491200000,324.35,326.4,322.1,325.95
1649505600000,325.95,326.85,322.65,323.0
1649520000000,323.0,327.05,323.0,326.4
1649534400000,326.4,327.45,324.0,325.8
1649548800000,325.8,328.4,324.85,326.1
1649563200000,326.1,327.55,324.25,325.25
1649577600000,325.25,327.0,322.35,324.9
1649592000000,324.9,328.95,323.7,326.75
1649606400000,326.75,332.45,326.75,331.05
1649620800000,331.05,331.95,318.1,319.45
1649635200000,319.45,320.65,311.6,314.5
1649649600000,314.5,317.6,314.15,316.9
1649664000000,316.9,317.65,303.0,304.4
1649678400000,304.4,305.1,300.05,301.55
1649692800000,301.55,304.15,298.6,300.15
1649707200000,300.15,300.95,290.5,294.8
1649721600000,294.8,299.85,293.25,299.85
1649736000000,299.85,305.6,299.55,302.75
1649750400000,302.75,304.15,300.4,303.9
1649764800000,303.9,307.2,301.75,304.4
1649779200000,304.4,305.9,297.15,297.4
1649793600000,297.4,305.4,297.15,304.75
1649808000000,304.75,306.15,301.2,303.75
1649822400000,303.75,307.6,302.85,305.7
1649836800000,305.7,327.6,304.6,319.7
1649851200000,319.7,342.15,319.55,336.9
1649865600000,336.9,346.4,335.3,341.65
1649880000000,341.65,349.75,340.35,340.55
1649894400000,340.55,349.9,339.65,347.8
1649908800000,347.8,353.0,341.25,346.1
1649923200000,346.1,346.25,336.7,337.25
1649937600000,337.25,339.95,332.7,333.5
1649952000000,333.5,337.85,332.45,334.9
1649966400000,334.9,339.4,332.95,337.5
1649980800000,337.5,345.1,334.35,343.95
1649995200000,343.95,344.55,335.75,340.15
1650009600000,340.15,341.55,333.7,335.7
1650024000000,335.7,342.0,333.15,340.9
1650038400000,340.9,344.3,336.0,336.15
1650052800000,336.15,341.7,334.45,340.7
1650067200000,340.7,344.4,339.4,339.6
1650081600000,339.6,344.1,339.55,343.3
1650096000000,343.3,347.6,342.75,344.65
1650110400000,344.65,346.8,338.6,339.7
1650124800000,339.7,342.35,339.0,341.4
1650139200000,341.4,343.85,339.65,342.85
1650153600000,342.85,345.0,340.1,341.85
1650168000000,341.85,345.6,341.6,344.35
1650182400000,344.35,348.8,343.65,346.4
1650196800000,346.4,348.3,343.5,344.3
1650211200000,344.3,344.4,335.95,339.4
1650225600000,339.4,339.6,327.3,328.1
1650240000000,328.1,328.35,326.1,326.7
1650254400000,326.7,326.85,316.25,316.8
1650268800000,316.8,316.95,312.6,315.0
1650283200000,315.0,321.7,314.75,319.1
1650297600000,319.1,340.9,317.0,337.15
1650312000000,337.15,340.7,336.25,340.25
1650326400000,340.25,343.5,333.5,334.6
1650340800000,334.6,337.3,332.45,333.7
1650355200000,333.7,337.45,333.15,333.95
1650369600000,333.95,340.25,333.15,337.15
1650384000000,337.15,339.35,334.5,337.05
1650398400000,337.05,340.9,335.5,340.25
1650412800000,340.25,340.6,334.35,334.9
1650427200000,334.9,339.9,334.5,338.05
1650441600000,338.05,344.55,337.15,344.2
1650456000000,344.2,344.6,335.1,340.65
1650470400000,340.65,340.9,329.5,329.75
1650484800000,329.75,333.75,328.8,330.6
1650499200000,330.6,335.35,330.1,334.7
1650513600000,334.7,335.4,330.8,333.05
1650528000000,333.05,340.7,326.25,339.7
1650542400000,339.7,345.35,337.35,337.5
1650556800000,337.5,339.25,325.8,326.25
1650571200000,326.25,326.6,310.65,315.45
1650585600000,315.45,334.6,314.0,325.2
1650600000000,325.2,327.65,319.7,323.85
1650614400000,323.85,326.85,319.85,324.3
1650628800000,324.3,324.9,317.95,318.95
1650643200000,318.95,321.4,317.65,317.95
1650657600000,317.95,321.5,317.05,320.9
1650672000000,320.9,324.1,317.55,317.95
1650686400000,317.95,319.15,315.25,318.0
1650700800000,318.0,318.65,316.75,317.65
1650715200000,317.65,318.85,315.8,317.9
1650729600000,317.9,319.85,314.55,315.7
1650744000000,315.7,316.9,310.95,312.2
1650758400000,312.2,314.05,311.15,313.35
1650772800000,313.35,314.55,312.6,314.05
1650787200000,314.05,314.25,311.2,312.2
1650801600000,312.2,314.95,310.05,312.7
1650816000000,312.7,313.0,307.65,311.45
1650830400000,311.45,311.8,306.85,307.7
1650844800000,307.7,308.85,300.2,308.0
1650859200000,308.0,308.05,301.7,302.0
1650873600000,302.0,305.35,299.4,305.35
1650888000000,305.35,310.45,302.7,307.75
1650902400000,307.75,313.65,307.5,313.3
1650916800000,313.3,315.65,312.25,314.25
1650931200000,314.25,316.8,312.7,312.95
1650945600000,312.95,315.85,311.2,315.45
1650960000000,315.45,321.9,315.4,320.6
1650974400000,320.6,320.85,303.5,303.6
1650988800000,303.6,305.85,295.75,298.65
1651003200000,298.65,300.25,291.1,296.05
1651017600000,296.05,303.45,293.4,301.7
1651032000000,301.7,307.45,300.95,307.45
1651046400000,307.45,308.05,301.55,303.75
1651060800000,303.75,308.25,300.55,306.5
1651075200000,306.5,309.2,302.5,303.65
1651089600000,303.65,308.05,303.55,306.9
1651104000000,306.9,309.7,303.15,303.4
1651118400000,303.4,308.6,303.4,306.8
1651132800000,306.8,312.5,306.5,309.45
1651147200000,309.45,312.4,303.75,307.0
1651161600000,307.0,311.8,304.3,308.35
1651176000000,308.35,309.9,305.45,306.3
1651190400000,306.3,307.45,302.1,304.9
1651204800000,304.9,308.95,303.55,307.45
1651219200000,307.45,308.55,296.8,297.85
1651233600000,297.85,303.25,295.95,301.5
1651248000000,301.5,302.3,290.0,291.8
1651262400000,291.8,295.75,291.35,294.55
1651276800000,294.55,296.35,292.5,294.25
1651291200000,294.25,298.0,293.35,295.8
1651305600000,295.8,296.25,292.6,293.35
1651320000000,293.35,294.1,286.9,289.2
1651334400000,289.2,290.4,285.05,287.5
1651348800000,287.5,287.7,267.05,277.5
1651363200000,277.5,279.45,272.35,278.75
1651377600000,278.75,282.35,275.95,276.65
1651392000000,276.65,280.0,276.35,276.9
1651406400000,276.9,284.3,275.7,283.15
1651420800000,283.15,287.6,278.75,279.8
1651435200000,279.8,285.75,278.85,283.85
1651449600000,283.85,289.7,283.7,285.05
1651464000000,285.05,289.1,284.45,285.6
1651478400000,285.6,286.5,279.4,280.15
1651492800000,280.15,287.4,279.6,284.5
1651507200000,284.5,286.45,279.95,283.65
1651521600000,283.65,287.0,281.8,284.9
1651536000000,284.9,287.3,282.85,286.25
1651550400000,286.25,288.45,285.1,288.1
1651564800000,288.1,289.65,285.35,289.15
1651579200000,289.15,289.65,283.75,283.9
1651593600000,283.9,284.5,276.25,277.75
1651608000000,277.75,281.5,276.05,279.2
1651622400000,279.2,284.6,278.2,282.7
1651636800000,282.7,287.25,281.55,286.55
1651651200000,286.55,290.55,286.55,289.6
1651665600000,289.6,290.3,284.8,285.75
1651680000000,285.75,299.25,284.85,298.15
1651694400000,298.15,300.2,295.85,299.75
1651708800000,299.75,302.45,299.6,301.3
1651723200000,301.3,301.65,297.55,298.6
1651737600000,298.6,300.45,296.3,296.6
1651752000000,296.6,298.9,275.1,278.15
1651766400000,278.15,279.75,272.1,276.45
1651780800000,276.45,277.8,273.45,277.1
1651795200000,277.1,277.25,272.9,276.35
1651809600000,276.35,277.65,270.35,273.25
1651824000000,273.25,274.9,267.2,270.25
1651838400000,270.25,277.35,265.35,273.55
1651852800000,273.55,275.55,271.05,274.35
1651867200000,274.35,276.6,272.2,274.8
1651881600000,274.8,275.4,271.25,271.75
1651896000000,271.75,274.05,268.9,273.45
1651910400000,273.45,276.9,273.45,275.8
1651924800000,275.8,277.15,273.55,276.8
1651939200000,276.8,277.35,274.4,274.55
1651953600000,274.55,274.55,263.25,268.0
1651968000000,268.0,269.1,261.35,265.1
1651982400000,265.1,269.0,264.1,265.95
1651996800000,265.95,269.65,265.3,267.95
1652011200000,267.95,268.5,261.8,262.45
1652025600000,262.45,266.7,259.65,265.95
1652040000000,265.95,266.65,260.65,261.55
1652054400000,261.55,266.35,254.95,258.3
1652068800000,258.3,259.95,252.8,253.5
1652083200000,253.5,255.75,242.35,247.85
1652097600000,247.85,250.95,239.5,240.7
1652112000000,240.7,241.2,219.85,230.2
1652126400000,230.2,235.5,214.75,217.5
1652140800000,217.5,227.0,210.25,221.65
1652155200000,221.65,244.25,221.3,237.15
1652169600000,237.15,240.4,232.85,238.05
1652184000000,238.05,242.95,227.6,233.4
1652198400000,233.4,238.2,229.7,230.9
1652212800000,230.9,232.7,221.25,231.5
1652227200000,231.5,233.8,226.75,229.9
1652241600000,229.9,233.55,216.35,221.2
1652256000000,221.2,249.75,220.1,223.55
1652270400000,223.55,231.9,193.5,213.05
1652284800000,213.05,215.15,194.55,195.55
1652299200000,195.55,199.25,182.8,194.55
1652313600000,194.55,200.25,182.5,183.5
1652328000000,183.5,184.8,156.0,176.5
1652342400000,176.5,187.95,169.3,185.95
1652356800000,185.95,218.85,185.9,215.85
1652371200000,215.85,228.55,196.4,196.65
1652385600000,196.65,204.35,189.35,194.15
1652400000000,194.15,221.75,191.5,218.85
1652414400000,218.85,221.1,205.05,205.15
1652428800000,205.15,217.65,205.15,216.05
1652443200000,216.05,219.0,205.35,209.0
1652457600000,209.0,212.9,202.75,205.95
1652472000000,205.95,209.3,199.95,202.15
1652486400000,202.15,205.9,199.45,203.8
1652500800000,203.8,203.8,197.25,198.05
1652515200000,198.05,203.4,192.6,195.75
1652529600000,195.75,196.45,186.65,188.35
1652544000000,188.35,209.2,186.4,209.0
1652558400000,209.0,236.65,205.4,208.5
1652572800000,208.5,214.75,202.15,205.95
1652587200000,205.95,214.7,205.15,208.1
1652601600000,208.1,210.95,205.4,209.4
1652616000000,209.4,211.8,202.0,205.0
1652630400000,205.0,209.2,203.85,209.2
1652644800000,209.2,216.1,208.1,214.75
1652659200000,214.75,214.75,202.95,204.25
1652673600000,204.25,205.2,196.2,199.35
1652688000000,199.35,204.1,196.8,200.45
1652702400000,200.45,203.95,195.95,199.7
1652716800000,199.7,203.35,197.25,200.0
1652731200000,200.0,201.65,195.9,197.45
1652745600000,197.45,207.9,194.5,206.55
1652760000000,206.55,208.3,203.15,203.4
1652774400000,203.4,208.65,203.15,205.45
1652788800000,205.45,208.8,200.9,204.0
1652803200000,204.0,215.15,197.0,211.55
1652817600000,211.55,211.7,203.9,206.85
1652832000000,206.85,209.1,201.1,201.75
1652846400000,201.75,204.15,201.3,204.0
1652860800000,204.0,204.4,199.7,200.5
1652875200000,200.5,200.75,189.35,190.5
1652889600000,190.5,196.25,189.15,195.4
1652904000000,195.4,195.45,186.05,186.75
1652918400000,186.75,190.75,180.55,188.0
1652932800000,188.0,191.3,186.65,188.95
1652947200000,188.95,191.8,185.75,191.45
1652961600000,191.45,198.8,189.9,195.95
1652976000000,195.95,198.4,192.8,192.9
1652990400000,192.9,197.05,191.95,196.2
1653004800000,196.2,200.4,194.9,195.95
1653019200000,195.95,197.3,191.1,193.8
1653033600000,193.8,199.95,193.35,199.35
1653048000000,199.35,199.35,187.3,188.0
1653062400000,188.0,191.55,185.9,191.15
1653076800000,191.15,194.35,189.7,189.8
1653091200000,189.8,192.65,186.4,192.3
1653105600000,192.3,193.95,190.35,192.85
1653120000000,192.85,193.85,189.85,191.0
1653134400000,191.0,195.6,190.05,194.9
1653148800000,194.9,195.7,190.35,192.35
1653163200000,192.35,193.3,189.8,192.15
1653177600000,192.15,194.45,191.4,192.75
1653192000000,192.75,194.7,190.15,194.55
1653206400000,194.55,199.9,193.8,198.15
1653220800000,198.15,202.3,196.05,198.6
1653235200000,198.6,198.85,195.2,196.65
1653249600000,196.65,200.6,195.6,197.9
1653264000000,197.9,199.9,195.4,197.4
1653278400000,197.4,201.6,196.55,199.8
1653292800000,199.8,207.85,197.55,204.95
1653307200000,204.95,205.45,198.6,202.75
1653321600000,202.75,203.65,191.85,192.75
1653336000000,192.75,196.15,188.8,191.7
1653350400000,191.7,193.25,190.1,192.9
1653364800000,192.9,193.9,190.85,192.3
1653379200000,192.3,193.45,187.0,192.2
1653393600000,192.2,194.7,183.15,192.9
1653408000000,192.9,194.75,189.0,194.35
1653422400000,194.35,197.3,193.55,195.55
1653436800000,195.55,201.25,192.8,197.45
1653451200000,197.45,197.55,192.2,193.05
1653465600000,193.05,194.75,189.35,191.05
1653480000000,191.05,194.1,189.9,191.05
1653494400000,191.05,193.4,188.6,190.85
1653508800000,190.85,193.1,189.7,190.05
1653523200000,190.05,192.7,188.5,190.65
1653537600000,190.65,192.15,185.35,188.25
1653552000000,188.25,188.3,175.9,179.5
1653566400000,179.5,185.7,172.15,184.1
1653580800000,184.1,188.85,182.35,182.35
1653595200000,182.35,185.15,179.1,179.3
1653609600000,179.3,184.9,173.15,182.4
1653624000000,182.4,184.45,174.9,180.45
1653638400000,180.45,181.85,177.3,178.85
1653652800000,178.85,181.95,173.8,174.7
1653667200000,174.7,177.8,171.45,175.9
1653681600000,175.9,177.5,172.15,174.6
1653696000000,174.6,177.7,172.8,175.4
1653710400000,175.4,178.25,174.6,176.45
1653724800000,176.45,177.8,175.35,176.35
1653739200000,176.35,179.45,175.75,178.65
1653753600000,178.65,179.25,176.9,178.75
1653768000000,178.75,180.65,177.4,178.6
1653782400000,178.6,179.9,175.4,177.4
1653796800000,177.4,180.15,176.45,179.2
1653811200000,179.2,180.85,178.05,180.1
1653825600000,180.1,184.45,179.7,180.5
1653840000000,180.5,183.9,180.5,182.65
1653854400000,182.65,186.35,182.5,185.05
1653868800000,185.05,191.0,184.25,187.0
1653883200000,187.0,190.2,185.75,189.35
1653897600000,189.35,190.6,187.2,188.45
1653912000000,188.45,189.7,185.75,188.05
1653926400000,188.05,190.9,187.85,189.25
1653940800000,189.25,199.3,188.65,196.75
1653955200000,196.75,201.6,194.1,197.85
1653969600000,197.85,201.2,196.25,198.55
1653984000000,198.55,201.85,197.4,199.45
1653998400000,199.45,199.6,191.35,197.55
1654012800000,197.55,199.25,195.0,197.25
1654027200000,197.25,207.25,196.55,204.4
1654041600000,204.4,210.65,199.0,200.85
1654056000000,200.85,201.35,197.1,198.95
1654070400000,198.95,201.5,198.3,199.95
1654084800000,199.95,206.75,192.85,193.1
1654099200000,193.1,195.25,188.5,190.15
1654113600000,190.15,190.25,183.75,185.85
1654128000000,185.85,188.1,182.95,183.75
1654142400000,183.75,186.15,182.65,185.15
1654156800000,185.15,188.0,182.2,187.45
1654171200000,187.45,187.8,182.55,187.1
1654185600000,187.1,188.5,184.95,186.3
1654200000000,186.3,189.65,186.3,188.9
1654214400000,188.9,191.45,186.75,190.05
1654228800000,190.05,190.25,188.05,188.6
1654243200000,188.6,189.25,180.85,182.2
1654257600000,182.2,183.85,180.05,182.65
1654272000000,182.65,183.1,181.05,181.9
1654286400000,181.9,185.05,181.55,183.0
1654300800000,183.0,183.2,179.9,181.5
1654315200000,181.5,184.8,181.1,184.3
1654329600000,184.3,186.35,183.65,184.75
1654344000000,184.75,187.55,182.9,187.4
1654358400000,187.4,189.3,185.9,188.05
1654372800000,188.05,189.75,187.05,188.65
1654387200000,188.65,190.0,185.2,187.65
1654401600000,187.65,188.75,186.7,187.9
1654416000000,187.9,188.45,186.05,187.45
1654430400000,187.45,188.85,185.9,188.75
1654444800000,188.75,190.2,177.45,182.25
1654459200000,182.25,183.05,179.25,179.7
1654473600000,179.7,187.3,178.85,187.05
1654488000000,187.05,188.1,183.55,186.95
1654502400000,186.95,189.1,186.15,186.75
1654516800000,186.75,188.65,183.75,186.0
1654531200000,186.0,186.0,181.85,183.25
1654545600000,183.25,186.0,182.25,185.45
1654560000000,185.45,186.55,173.05,176.15
1654574400000,176.15,176.75,174.7,176.0
1654588800000,176.0,178.45,174.1,174.9
1654603200000,174.9,179.15,174.45,177.5
1654617600000,177.5,182.8,176.05,180.8
1654632000000,180.8,187.95,178.25,181.9
1654646400000,181.9,182.8,176.05,176.9
1654660800000,176.9,179.75,176.2,179.4
1654675200000,179.4,181.0,178.25,180.15
1654689600000,180.15,182.75,177.95,181.15
1654704000000,181.15,181.5,174.6,176.25
1654718400000,176.25,178.6,176.2,176.55
1654732800000,176.55,177.7,175.25,176.7
1654747200000,176.7,178.85,176.2,178.8
1654761600000,178.8,180.65,177.55,178.05
1654776000000,178.05,178.55,175.65,177.4
1654790400000,177.4,178.7,173.7,173.8
1654804800000,173.8,175.75,172.05,175.45
1654819200000,175.45,177.2,170.75,174.75
1654833600000,174.75,175.85,174.15,174.15
1654848000000,174.15,177.4,172.7,174.5
1654862400000,174.5,175.7,165.8,171.0
1654876800000,171.0,171.8,165.75,167.95
1654891200000,167.95,170.05,166.75,167.3
1654905600000,167.3,169.35,166.65,168.9
1654920000000,168.9,169.7,167.45,168.8
1654934400000,168.8,169.0,161.1,162.15
1654948800000,162.15,163.1,154.55,157.85
1654963200000,157.85,162.25,154.9,158.8
1654977600000,158.8,161.15,155.4,156.65
1654992000000,156.65,158.2,149.4,151.05
1655006400000,151.05,153.15,147.7,152.75
1655020800000,152.75,154.0,150.7,151.6
1655035200000,151.6,157.1,147.65,154.85
1655049600000,154.85,155.75,151.8,153.35
1655064000000,153.35,154.75,145.5,145.9
1655078400000,145.9,148.85,136.95,141.15
1655092800000,141.15,145.9,134.7,136.35
1655107200000,136.35,137.45,127.0,130.65
1655121600000,130.65,134.45,123.95,133.15
1655136000000,133.15,137.0,130.0,131.45
1655150400000,131.45,136.25,124.15,126.9
1655164800000,126.9,131.6,117.4,130.6
1655179200000,130.6,134.75,127.75,130.7
1655193600000,130.7,131.0,122.2,123.95
1655208000000,123.95,128.9,122.4,128.3
1655222400000,128.3,128.6,122.1,124.6
1655236800000,124.6,126.95,120.2,125.8
1655251200000,125.8,131.5,121.25,121.8
1655265600000,121.8,122.55,116.95,117.85
1655280000000,117.85,118.7,111.5,117.55
1655294400000,117.55,120.65,115.45,117.6
1655308800000,117.6,125.75,110.0,122.4
1655323200000,122.4,128.4,121.85,127.85
1655337600000,127.85,130.7,125.55,125.55
1655352000000,125.55,127.1,118.4,119.2
1655366400000,119.2,119.5,110.75,112.4
1655380800000,112.4,114.8,108.0,112.15
1655395200000,112.15,114.9,110.15,111.0
1655409600000,111.0,113.15,107.05,109.4
1655424000000,109.4,114.8,107.9,111.75
1655438400000,111.75,117.75,111.7,114.75
1655452800000,114.75,116.05,106.6,110.3
1655467200000,110.3,117.15,108.5,116.7
1655481600000,116.7,120.4,115.45,118.75
1655496000000,118.75,121.9,116.9,121.3
1655510400000,121.3,125.2,116.9,118.1
1655524800000,118.1,120.8,111.5,113.7
1655539200000,113.7,119.7,110.95,115.3
1655553600000,115.3,122.9,115.15,119.2
1655568000000,119.2,121.35,111.65,111.85
1655582400000,111.85,122.25,108.9,115.45
1655596800000,115.45,118.9,112.95,113.95
1655611200000,113.95,115.45,111.0,114.2
1655625600000,114.2,123.75,113.6,120.05
1655640000000,120.05,121.45,116.4,119.3
1655654400000,119.3,122.8,117.25,120.4
1655668800000,120.4,122.15,117.75,120.55
1655683200000,120.55,121.4,116.1,119.35
1655697600000,119.35,120.45,117.65,118.85
1655712000000,118.85,124.5,118.6,124.2
1655726400000,124.2,124.3,119.55,121.25
1655740800000,121.25,122.8,118.45,121.85
1655755200000,121.85,122.6,116.4,118.6
1655769600000,118.6,119.8,116.7,118.65
1655784000000,118.65,121.5,117.7,118.85
1655798400000,118.85,122.1,116.5,117.15
1655812800000,117.15,120.5,113.8,119.75
1655827200000,119.75,123.15,118.3,118.65
1655841600000,118.65,120.65,117.35,119.4
1655856000000,119.4,119.45,114.15,114.5
1655870400000,114.5,117.45,112.35,113.0
1655884800000,113.0,116.3,112.25,115.45
1655899200000,115.45,117.85,113.7,114.45
1655913600000,114.45,115.8,112.9,114.4
1655928000000,114.4,115.05,112.4,112.6
1655942400000,112.6,116.35,111.5,114.45
1655956800000,114.45,117.05,114.45,115.5
1655971200000,115.5,117.25,115.35,116.1
1655985600000,116.1,118.35,113.85,114.8
1656000000000,114.8,116.65,114.0,116.45
1656014400000,116.45,117.9,115.25,115.95
1656028800000,115.95,120.4,115.65,117.55
1656043200000,117.55,119.3,116.15,118.4
1656057600000,118.4,120.75,117.2,119.6
1656072000000,119.6,120.95,115.1,116.05
1656086400000,116.05,117.35,114.1,117.2
1656100800000,117.2,118.2,113.2,114.05
1656115200000,114.05,114.45,111.5,112.15
1656129600000,112.15,116.2,110.45,115.9
1656144000000,115.9,116.1,113.65,114.2
1656158400000,114.2,114.25,111.1,111.95
1656172800000,111.95,115.0,111.45,114.35
1656187200000,114.35,115.7,113.15,115.4
1656201600000,115.4,118.7,114.5,117.55
1656216000000,117.55,118.45,116.1,117.4
1656230400000,117.4,119.0,115.8,118.4
1656244800000,118.4,119.35,114.75,116.0
1656259200000,116.0,117.9,113.45,115.1
1656273600000,115.1,117.1,112.15,112.75
1656288000000,112.75,115.45,112.45,114.8
1656302400000,114.8,116.25,113.85,115.8
1656316800000,115.8,117.1,114.7,115.0
1656331200000,115.0,115.35,109.8,111.85
1656345600000,111.85,112.55,110.1,111.25
1656360000000,111.25,112.75,110.8,111.4
1656374400000,111.4,112.15,106.95,109.05
1656388800000,109.05,111.45,108.45,110.8
1656403200000,110.8,112.6,110.45,111.05
1656417600000,111.05,112.55,107.6,107.9
1656432000000,107.9,110.3,103.7,105.45
1656446400000,105.45,106.6,101.95,103.05
1656460800000,103.05,105.45,101.1,104.45
1656475200000,104.45,104.8,101.1,102.95
1656489600000,102.95,105.45,102.35,104.6
1656504000000,104.6,107.7,103.5,105.75
1656518400000,105.75,107.05,103.65,106.7
1656532800000,106.7,107.35,103.25,104.5
1656547200000,104.5,104.85,101.6,104.25
1656561600000,104.25,104.7,99.7,101.1
1656576000000,101.1,101.1,97.9,99.05
1656590400000,99.05,100.9,96.9,99.6
1656604800000,99.6,100.55,98.85,99.9
1656619200000,99.9,103.35,97.8,103.05
1656633600000,103.05,106.4,101.0,101.1
1656648000000,101.1,102.4,99.6,101.4
1656662400000,101.4,102.15,98.15,99.1
1656676800000,99.1,101.5,98.7,100.35
1656691200000,100.35,102.0,100.1,101.8
1656705600000,101.8,102.9,100.8,101.3
1656720000000,101.3,102.35,100.4,100.75
1656734400000,100.75,102.35,100.75,101.15
1656748800000,101.15,103.6,100.6,103.05
1656763200000,103.05,104.5,101.95,102.7
1656777600000,102.7,106.3,102.45,106.0
1656792000000,106.0,107.1,104.95,106.45
1656806400000,106.45,108.15,103.85,104.75
1656820800000,104.75,105.55,102.45,103.45
1656835200000,103.45,103.6,101.9,102.75
1656849600000,102.75,103.4,101.65,102.4
1656864000000,102.4,104.8,102.2,104.5
1656878400000,104.5,106.6,104.5,105.55
1656892800000,105.55,106.15,102.9,103.3
1656907200000,103.3,103.7,102.5,102.95
1656921600000,102.95,106.05,102.65,105.75
1656936000000,105.75,107.95,104.35,106.55
1656950400000,106.55,108.3,106.15,106.4
1656964800000,106.4,108.4,105.9,108.1
1656979200000,108.1,108.7,105.6,107.05
1656993600000,107.05,108.45,106.25,107.3
1657008000000,107.3,107.3,103.1,103.35
1657022400000,103.35,103.35,101.6,102.6
1657036800000,102.6,106.0,102.45,105.25
1657051200000,105.25,106.9,103.9,103.9
1657065600000,103.9,105.45,102.8,104.2
1657080000000,104.2,105.15,103.55,104.05
1657094400000,104.05,104.85,103.65,104.25
1657108800000,104.25,106.75,103.7,104.7
1657123200000,104.7,105.95,104.6,105.05
1657137600000,105.05,107.05,104.7,105.85
1657152000000,105.85,106.45,105.35,106.05
1657166400000,106.05,106.1,104.9,105.5
1657180800000,105.5,107.0,105.5,106.95
1657195200000,106.95,110.55,106.5,108.85
1657209600000,108.85,110.55,108.2,110.45
1657224000000,110.45,112.3,109.85,111.4
1657238400000,111.4,113.65,110.05,112.2
1657252800000,112.2,112.6,109.6,109.8
1657267200000,109.8,110.4,108.05,109.2
1657281600000,109.2,109.85,106.85,109.55
1657296000000,109.55,110.8,108.35,110.1
1657310400000,110.1,110.65,108.05,108.5
1657324800000,108.5,109.9,108.4,109.25
1657339200000,109.25,110.75,109.05,110.75
1657353600000,110.75,112.0,109.65,109.9
1657368000000,109.9,110.35,109.15,110.05
1657382400000,110.05,112.95,110.0,111.4
1657396800000,111.4,112.15,110.7,111.3
1657411200000,111.3,111.45,108.15,108.95
1657425600000,108.95,109.95,108.6,109.7
1657440000000,109.7,110.15,108.75,109.45
1657454400000,109.45,109.65,105.5,106.0
1657468800000,106.0,107.5,105.2,107.5
1657483200000,107.5,108.5,106.35,106.7
1657497600000,106.7,107.2,104.25,105.25
1657512000000,105.25,105.25,103.35,104.2
1657526400000,104.2,105.0,103.8,103.95
1657540800000,103.95,105.05,102.65,103.7
1657555200000,103.7,104.6,102.45,103.0
1657569600000,103.0,103.4,98.45,98.85
1657584000000,98.85,101.05,97.9,100.2
1657598400000,100.2,100.45,98.35,99.85
1657612800000,99.85,100.15,98.6,99.7
1657627200000,99.7,100.75,99.45,100.1
1657641600000,100.1,100.55,97.95,98.25
1657656000000,98.25,98.65,96.5,97.15
1657670400000,97.15,99.2,96.1,98.3
1657684800000,98.3,101.15,98.3,100.15
1657699200000,100.15,100.8,99.9,100.3
1657713600000,100.3,101.55,94.9,97.95
1657728000000,97.95,100.45,97.45,99.1
1657742400000,99.1,102.55,98.85,102.5
1657756800000,102.5,103.3,100.85,101.45
1657771200000,101.45,102.0,100.25,100.6
1657785600000,100.6,100.9,99.1,99.55
1657800000000,99.55,102.45,99.0,102.2
1657814400000,102.2,104.1,101.5,102.95
1657828800000,102.95,103.65,102.2,102.95
1657843200000,102.95,103.85,101.8,103.6
1657857600000,103.6,103.85,102.4,103.0
1657872000000,103.0,105.55,102.55,104.45
1657886400000,104.45,105.55,103.95,104.15
1657900800000,104.15,106.3,103.5,106.3
1657915200000,106.3,106.9,105.35,106.1
1657929600000,106.1,106.45,104.3,104.85
1657944000000,104.85,105.15,103.7,104.15
1657958400000,104.15,105.65,104.0,105.05
1657972800000,105.05,106.9,104.8,106.85
1657987200000,106.85,110.55,106.65,108.7
1658001600000,108.7,110.7,107.9,109.5
1658016000000,109.5,110.25,107.85,109.2
1658030400000,109.2,113.1,109.1,111.2
1658044800000,111.2,111.95,109.4,110.4
1658059200000,110.4,110.95,108.6,109.9
1658073600000,109.9,116.3,109.1,113.0
1658088000000,113.0,115.0,109.9,110.15
1658102400000,110.15,114.85,109.95,113.9
1658116800000,113.9,118.35,113.35,117.6
1658131200000,117.6,119.4,116.85,117.3
1658145600000,117.3,119.55,115.55,118.85
1658160000000,118.85,119.4,113.8,114.85
1658174400000,114.85,122.1,114.7,121.3
1658188800000,121.3,124.25,117.0,117.2
1658203200000,117.2,119.25,115.75,118.3
1658217600000,118.3,122.6,117.85,121.65
1658232000000,121.65,126.85,121.15,125.55
1658246400000,125.55,129.3,125.3,128.15
1658260800000,128.15,129.45,127.6,128.2
1658275200000,128.2,129.4,124.95,127.15
1658289600000,127.15,129.9,126.35,126.5
1658304000000,126.5,129.35,124.35,127.25
1658318400000,127.25,131.25,126.4,129.45
1658332800000,129.45,129.55,125.3,125.85
1658347200000,125.85,126.6,119.7,121.65
1658361600000,121.65,124.25,117.5,118.95
1658376000000,118.95,122.55,117.8,121.0
1658390400000,121.0,121.7,119.2,120.1
1658404800000,120.1,122.95,119.95,121.95
1658419200000,121.95,123.95,120.5,122.6
1658433600000,122.6,123.75,121.25,123.05
1658448000000,123.05,129.05,122.35,126.15
1658462400000,126.15,126.7,124.15,125.6
1658476800000,125.6,128.65,125.4,127.1
1658491200000,127.1,129.4,125.6,126.05
1658505600000,126.05,128.35,121.25,121.5
1658520000000,121.5,124.4,119.7,123.15
1658534400000,123.15,124.35,121.95,123.55
1658548800000,123.55,127.05,123.3,125.5
1658563200000,125.5,126.85,120.3,120.4
1658577600000,120.4,122.5,119.9,121.65
1658592000000,121.65,122.15,118.05,120.1
1658606400000,120.1,123.65,120.0,122.3
1658620800000,122.3,125.7,122.3,123.9
1658635200000,123.9,128.45,123.55,127.2
1658649600000,127.2,127.9,125.3,126.5
1658664000000,126.5,132.5,124.75,130.95
1658678400000,130.95,132.65,129.1,129.8
1658692800000,129.8,135.2,129.5,131.8
1658707200000,131.8,133.05,125.0,126.75
1658721600000,126.75,128.1,124.7,126.05
1658736000000,126.05,126.85,124.95,125.2
1658750400000,125.2,125.95,123.1,123.9
1658764800000,123.9,124.45,120.25,122.05
1658779200000,122.05,124.05,117.45,117.85
1658793600000,117.85,118.65,114.35,116.25
1658808000000,116.25,117.3,115.2,115.2
1658822400000,115.2,116.5,114.55,116.0
1658836800000,116.0,116.75,113.65,115.3
1658851200000,115.3,116.65,114.1,115.45
1658865600000,115.45,118.95,115.05,118.8
1658880000000,118.8,119.25,116.0,116.7
1658894400000,116.7,119.6,116.65,118.65
1658908800000,118.65,119.45,116.55,116.8
1658923200000,116.8,119.3,116.65,118.35
1658937600000,118.35,125.4,117.1,125.2
1658952000000,125.2,127.35,124.4,127.25
1658966400000,127.25,137.65,127.1,135.75
1658980800000,135.75,143.25,135.75,142.2
1658995200000,142.2,148.3,141.0,144.1
1659009600000,144.1,152.9,139.65,151.05
1659024000000,151.05,159.5,150.3,153.85
1659038400000,153.85,157.2,151.45,155.65
1659052800000,155.65,159.35,148.2,151.4
1659067200000,151.4,154.85,148.6,152.7
1659081600000,152.7,165.15,149.8,151.9
1659096000000,151.9,155.6,146.85,153.0
1659110400000,153.0,153.6,147.85,151.45
1659124800000,151.45,155.75,149.7,151.65
1659139200000,151.65,154.45,145.8,146.65
1659153600000,146.65,147.25,144.05,146.85
1659168000000,146.85,148.2,144.05,146.6
1659182400000,146.6,152.2,146.4,150.1
1659196800000,150.1,152.2,146.3,147.05
1659211200000,147.05,149.0,143.05,145.35
1659225600000,145.35,147.55,144.0,147.15
1659240000000,147.15,150.2,146.8,147.55
1659254400000,147.55,148.25,145.4,147.25
1659268800000,147.25,147.45,144.35,147.2
1659283200000,147.2,149.2,141.85,145.6
1659297600000,145.6,146.25,138.25,139.15
1659312000000,139.15,142.1,138.15,140.95
1659326400000,140.95,141.75,138.25,140.3
1659340800000,140.3,140.65,136.1,138.25
1659355200000,138.25,140.1,135.55,138.75
1659369600000,138.75,138.75,133.7,135.7
1659384000000,135.7,138.6,135.5,137.7
1659398400000,137.7,138.9,129.95,130.55
1659412800000,130.55,131.95,128.6,131.25
1659427200000,131.25,134.75,128.9,133.55
1659441600000,133.55,135.6,130.5,134.65
1659456000000,134.65,137.4,132.3,133.85
1659470400000,133.85,135.4,133.1,133.6
1659484800000,133.6,134.0,130.1,132.95
1659499200000,132.95,135.2,132.55,134.35
1659513600000,134.35,137.9,134.3,137.55
1659528000000,137.55,139.35,136.5,138.45
1659542400000,138.45,142.75,137.35,140.15
1659556800000,140.15,141.25,132.9,133.55
1659571200000,133.55,138.35,133.0,136.85
1659585600000,136.85,138.2,134.95,135.4
1659600000000,135.4,137.3,134.3,136.0
1659614400000,136.0,138.4,134.4,136.4
1659628800000,136.4,137.25,132.15,133.5
1659643200000,133.5,134.95,132.9,134.15
1659657600000,134.15,138.4,133.8,137.95
1659672000000,137.95,139.1,136.8,137.45
1659686400000,137.45,139.65,136.9,139.65
1659700800000,139.65,140.4,136.35,137.15
1659715200000,137.15,137.55,135.45,136.6
1659729600000,136.6,141.95,136.15,141.85
1659744000000,141.85,142.45,139.05,139.4
1659758400000,139.4,141.7,139.3,140.0
1659772800000,140.0,141.4,139.45,140.25
1659787200000,140.25,142.35,140.25,141.05
1659801600000,141.05,143.35,138.85,141.9
1659816000000,141.9,143.0,140.2,141.2
1659830400000,141.2,142.1,137.75,140.3
1659844800000,140.3,140.95,139.6,140.35
1659859200000,140.35,141.1,139.15,141.0
1659873600000,141.0,141.55,140.2,141.4
1659888000000,141.4,143.15,141.25,141.85
1659902400000,141.85,143.8,140.7,140.9
1659916800000,140.9,142.05,140.25,141.55
1659931200000,141.55,144.3,141.3,144.05
1659945600000,144.05,148.7,144.0,146.6
1659960000000,146.6,147.65,143.7,144.1
1659974400000,144.1,144.95,142.95,144.35
1659988800000,144.35,145.6,141.35,143.45
1660003200000,143.45,144.25,142.45,144.2
1660017600000,144.2,144.35,142.6,143.5
1660032000000,143.5,143.5,135.25,136.0
1660046400000,136.0,136.95,133.15,135.2
1660060800000,135.2,135.55,133.15,133.55
1660075200000,133.55,135.3,133.35,134.55
1660089600000,134.55,134.55,131.05,131.85
1660104000000,131.85,133.65,131.75,133.45
1660118400000,133.45,134.5,133.05,134.2
1660132800000,134.2,143.65,133.65,142.3
1660147200000,142.3,143.35,138.9,140.05
1660161600000,140.05,142.95,140.05,141.9
1660176000000,141.9,144.45,141.55,143.35
1660190400000,143.35,144.55,142.2,142.9
1660204800000,142.9,143.9,142.5,143.5
1660219200000,143.5,148.6,143.5,143.85
1660233600000,143.85,145.4,143.0,144.2
1660248000000,144.2,144.6,141.95,142.7
1660262400000,142.7,143.25,140.85,141.75
1660276800000,141.75,142.9,141.1,141.7
1660291200000,141.7,143.3,138.3,138.6
1660305600000,138.6,140.7,138.6,140.3
1660320000000,140.3,142.95,140.1,142.3
1660334400000,142.3,143.3,141.55,143.0
1660348800000,143.0,145.1,142.65,145.1
1660363200000,145.1,146.9,144.0,145.3
1660377600000,145.3,145.9,143.9,145.1
1660392000000,145.1,145.2,142.65,144.85
1660406400000,144.85,145.1,142.15,142.9
1660420800000,142.9,144.85,142.7,144.05
1660435200000,144.05,144.55,141.55,143.7
1660449600000,143.7,147.55,143.5,146.55
1660464000000,146.55,146.55,144.7,145.15
1660478400000,145.15,145.15,140.9,143.8
1660492800000,143.8,144.1,137.85,139.35
1660507200000,139.35,140.05,137.9,139.0
1660521600000,139.0,143.2,137.85,141.15
1660536000000,141.15,141.2,133.75,134.65
1660550400000,134.65,135.5,133.5,134.4
1660564800000,134.4,137.2,133.4,137.1
1660579200000,137.1,137.35,136.15,136.8
1660593600000,136.8,137.8,134.4,136.95
1660608000000,136.95,138.1,134.45,136.9
1660622400000,136.9,137.2,134.7,136.4
1660636800000,136.4,138.2,136.05,137.45
1660651200000,137.45,137.7,134.9,136.9
1660665600000,136.9,137.45,134.35,136.7
1660680000000,136.7,137.15,135.35,136.15
1660694400000,136.15,144.6,135.8,144.05
1660708800000,144.05,144.35,138.15,138.15
1660723200000,138.15,139.85,137.1,138.45
1660737600000,138.45,138.6,131.75,133.85
1660752000000,133.85,135.9,133.25,134.6
1660766400000,134.6,135.15,132.9,133.75
1660780800000,133.75,134.7,132.2,133.65
1660795200000,133.65,133.85,132.2,133.25
1660809600000,133.25,134.9,132.6,134.7
1660824000000,134.7,136.2,133.8,136.0
1660838400000,136.0,136.0,131.85,132.65
1660852800000,132.65,133.75,126.65,129.0
1660867200000,129.0,129.0,124.25,126.75
1660881600000,126.75,127.4,117.3,120.95
1660896000000,120.95,121.0,117.7,119.6
1660910400000,119.6,120.3,118.2,119.4
1660924800000,119.4,120.9,115.75,118.0
1660939200000,118.0,118.4,113.35,114.35
1660953600000,114.35,116.7,114.3,116.0
1660968000000,116.0,118.1,115.6,117.4
1660982400000,117.4,117.55,116.35,116.75
1660996800000,116.75,117.1,115.7,116.75
1661011200000,116.75,116.85,112.15,112.55
1661025600000,112.55,115.1,111.2,114.6
1661040000000,114.6,115.9,114.45,114.95
1661054400000,114.95,116.35,114.25,116.3
1661068800000,116.3,118.9,116.25,118.7
1661083200000,118.7,119.25,117.2,117.8
1661097600000,117.8,119.0,117.25,118.7
1661112000000,118.7,120.6,117.1,119.6
1661126400000,119.6,122.0,118.2,118.7
1661140800000,118.7,119.7,115.7,115.85
1661155200000,115.85,118.6,113.4,116.85
1661169600000,116.85,123.2,116.05,122.3
1661184000000,122.3,122.8,118.7,119.6
1661198400000,119.6,122.95,119.6,122.6
1661212800000,122.6,124.75,122.35,122.5
1661227200000,122.5,124.75,119.95,124.75
1661241600000,124.75,133.2,124.65,131.4
1661256000000,131.4,134.05,130.3,131.8
1661270400000,131.8,135.3,131.55,134.3
1661284800000,134.3,135.7,132.65,133.35
1661299200000,133.35,135.0,130.55,132.05
1661313600000,132.05,139.15,131.1,134.55
1661328000000,134.55,135.3,132.4,133.15
1661342400000,133.15,134.25,131.65,132.85
1661356800000,132.85,134.45,132.7,133.4
1661371200000,133.4,133.7,130.25,130.3
1661385600000,130.3,132.0,129.5,130.0
1661400000000,130.0,131.9,129.05,131.85
1661414400000,131.85,132.75,129.5,130.55
1661428800000,130.55,131.7,128.35,129.65
1661443200000,129.65,131.2,129.25,130.8
1661457600000,130.8,131.3,129.6,130.45
1661472000000,130.45,130.45,128.75,130.0
1661486400000,130.0,130.25,125.5,126.3
1661500800000,126.3,127.05,124.7,125.35
1661515200000,125.35,128.95,120.6,121.55
1661529600000,121.55,122.0,117.75,119.3
1661544000000,119.3,119.95,114.7,116.1
1661558400000,116.1,118.35,115.45,117.3
1661572800000,117.3,117.65,115.2,117.5
1661587200000,117.5,117.5,116.45,116.75
1661601600000,116.75,116.95,113.0,114.6
1661616000000,114.6,115.5,113.1,115.05
1661630400000,115.05,116.0,113.95,115.2
1661644800000,115.2,116.2,114.45,115.2
1661659200000,115.2,116.0,114.55,115.65
1661673600000,115.65,121.05,115.4,117.85
1661688000000,117.85,117.95,115.65,117.75
1661702400000,117.75,118.2,116.95,117.8
1661716800000,117.8,118.65,111.6,112.5
1661731200000,112.5,116.6,110.65,116.15
1661745600000,116.15,116.45,114.5,115.45
1661760000000,115.45,115.65,114.3,115.25
1661774400000,115.25,119.45,115.25,118.8
1661788800000,118.8,119.4,117.65,118.0
1661803200000,118.0,119.8,117.55,119.45
1661817600000,119.45,119.45,117.4,119.05
1661832000000,119.05,120.6,118.6,119.25
1661846400000,119.25,119.9,118.0,118.8
1661860800000,118.8,119.15,113.05,114.0
1661875200000,114.0,116.15,111.65,114.7
1661889600000,114.7,115.35,113.9,114.5
1661904000000,114.5,117.85,114.45,117.15
1661918400000,117.15,117.85,116.1,116.55
1661932800000,116.55,117.45,115.55,116.55
1661947200000,116.55,117.6,114.0,116.25
1661961600000,116.25,116.85,114.65,116.1
1661976000000,116.1,116.85,114.4,115.0
1661990400000,115.0,117.0,113.25,114.5
1662004800000,114.5,115.45,112.95,113.65
1662019200000,113.65,116.5,113.4,116.15
1662033600000,116.15,116.35,112.85,113.8
1662048000000,113.8,116.15,113.4,115.85
1662062400000,115.85,117.15,115.6,116.5
1662076800000,116.5,117.5,115.55,117.25
1662091200000,117.25,117.7,116.15,116.35
1662105600000,116.35,117.0,115.8,116.55
1662120000000,116.55,119.6,116.1,119.3
1662134400000,119.3,120.35,114.55,115.55
1662148800000,115.55,116.6,115.15,116.3
1662163200000,116.3,117.4,115.75,116.45
1662177600000,116.45,118.35,115.7,116.55
1662192000000,116.55,117.7,116.45,117.45
1662206400000,117.45,118.25,117.0,117.4
1662220800000,117.4,119.1,116.7,117.4
1662235200000,117.4,117.7,116.7,117.7
1662249600000,117.7,118.15,117.35,117.7
1662264000000,117.7,117.75,116.15,116.35
1662278400000,116.35,117.1,115.8,117.05
1662292800000,117.05,118.15,116.15,116.85
1662307200000,116.85,117.75,116.5,117.45
1662321600000,117.45,118.25,117.05,118.2
1662336000000,118.2,119.45,117.85,118.35
1662350400000,118.35,119.15,116.9,117.1
1662364800000,117.1,118.3,117.0,117.65
1662379200000,117.65,124.75,117.5,123.05
1662393600000,123.05,124.1,122.05,123.05
1662408000000,123.05,126.4,123.0,125.45
1662422400000,125.45,127.95,123.15,125.45
1662436800000,125.45,126.5,125.25,126.0
1662451200000,126.0,126.15,123.55,124.95
1662465600000,124.95,126.0,123.0,124.9
1662480000000,124.9,125.65,112.9,113.55
1662494400000,113.55,113.6,111.55,112.1
1662508800000,112.1,113.2,110.1,112.0
1662523200000,112.0,112.55,111.15,112.5
1662537600000,112.5,113.15,111.65,112.4
1662552000000,112.4,114.35,111.85,113.4
1662566400000,113.4,115.85,113.2,115.35
1662580800000,115.35,119.45,115.25,118.55
1662595200000,118.55,119.2,117.25,117.6
1662609600000,117.6,118.5,115.8,116.95
1662624000000,116.95,125.6,116.7,125.3
1662638400000,125.3,130.75,124.5,127.35
1662652800000,127.35,129.9,125.7,128.55
1662667200000,128.55,128.9,126.4,126.5
1662681600000,126.5,129.5,125.95,129.4
1662696000000,129.4,131.6,128.6,128.95
1662710400000,128.95,137.45,128.6,134.7
1662724800000,134.7,138.75,133.4,134.2
1662739200000,134.2,135.5,130.95,131.35
1662753600000,131.35,133.55,130.85,132.7
1662768000000,132.7,134.4,131.15,133.5
1662782400000,133.5,134.85,131.0,131.4
1662796800000,131.4,134.1,131.4,133.45
1662811200000,133.45,134.6,131.45,132.9
1662825600000,132.9,133.3,130.25,131.75
1662840000000,131.75,133.7,131.2,132.55
1662854400000,132.55,133.2,130.7,131.15
1662868800000,131.15,131.4,128.1,130.1
1662883200000,130.1,131.2,129.4,130.6
1662897600000,130.6,131.15,129.8,130.7
1662912000000,130.7,133.2,130.7,131.65
1662926400000,131.65,131.85,127.25,130.15
1662940800000,130.15,131.95,127.4,128.45
1662955200000,128.45,130.2,127.7,129.95
1662969600000,129.95,132.8,129.6,132.2
1662984000000,132.2,132.95,127.35,127.9
1662998400000,127.9,129.4,126.15,128.55
1663012800000,128.55,129.3,127.85,128.8
1663027200000,128.8,129.0,126.5,128.6
1663041600000,128.6,129.95,128.1,129.25
1663056000000,129.25,133.6,128.4,132.85
1663070400000,132.85,133.6,119.55,120.15
1663084800000,120.15,121.4,115.75,118.3
1663099200000,118.3,119.05,116.4,117.4
1663113600000,117.4,120.6,116.65,120.25
1663128000000,120.25,120.35,117.5,118.75
1663142400000,118.75,119.95,117.5,118.25
1663156800000,118.25,120.1,117.35,118.5
1663171200000,118.5,119.3,115.75,118.25
1663185600000,118.25,120.65,117.7,119.95
1663200000000,119.95,120.15,115.9,117.15
1663214400000,117.15,120.8,116.25,120.0
1663228800000,120.0,120.2,118.9,119.9
1663243200000,119.9,122.95,116.0,118.3
1663257600000,118.3,119.2,117.6,118.65
1663272000000,118.65,120.25,117.1,117.45
1663286400000,117.45,118.7,116.25,118.05
1663300800000,118.05,119.2,117.25,117.45
1663315200000,117.45,119.95,116.05,119.4
1663329600000,119.4,119.9,116.5,118.6
1663344000000,118.6,119.2,116.65,118.65
1663358400000,118.65,120.85,118.55,119.5
1663372800000,119.5,120.8,119.35,119.85
1663387200000,119.85,121.15,119.25,120.8
1663401600000,120.8,121.65,120.1,120.4
1663416000000,120.4,123.35,120.05,122.25
1663430400000,122.25,122.95,121.7,121.95
1663444800000,121.95,122.4,121.45,122.1
1663459200000,122.1,122.15,119.9,121.0
1663473600000,121.0,121.7,120.85,121.3
1663488000000,121.3,121.55,118.9,119.8
1663502400000,119.8,120.25,117.65,118.2
1663516800000,118.2,118.2,114.75,116.15
1663531200000,116.15,116.25,110.15,111.75
1663545600000,111.75,113.25,107.35,108.25
1663560000000,108.25,109.45,106.45,108.25
1663574400000,108.25,109.45,106.65,108.8
1663588800000,108.8,112.1,108.5,110.45
1663603200000,110.45,112.4,109.65,111.9
1663617600000,111.9,112.85,111.55,111.95
1663632000000,111.95,112.7,110.95,112.35
1663646400000,112.35,114.3,111.75,113.2
1663660800000,113.2,114.0,112.1,112.7
1663675200000,112.7,113.95,110.9,113.7
1663689600000,113.7,114.75,111.45,112.6
1663704000000,112.6,113.65,111.7,112.65
1663718400000,112.65,113.95,112.1,112.9
1663732800000,112.9,113.35,110.2,111.2
1663747200000,111.2,113.3,110.75,113.1
1663761600000,113.1,115.05,112.85,113.55
1663776000000,113.55,119.1,111.9,114.5
1663790400000,114.5,114.65,108.1,108.9
1663804800000,108.9,110.8,108.5,110.1
1663819200000,110.1,112.15,110.05,112.1
1663833600000,112.1,116.6,112.05,115.8
1663848000000,115.8,116.8,114.15,115.05
1663862400000,115.05,116.55,114.05,115.35
1663876800000,115.35,117.15,114.55,116.5
1663891200000,116.5,119.15,114.95,118.9
1663905600000,118.9,120.4,116.8,117.05
1663920000000,117.05,117.35,114.3,114.6
1663934400000,114.6,116.2,112.25,114.05
1663948800000,114.05,114.95,112.65,114.95
1663963200000,114.95,120.4,114.95,120.05
1663977600000,120.05,120.25,118.2,119.45
1663992000000,119.45,120.75,118.4,119.05
1664006400000,119.05,121.5,118.65,120.65
1664020800000,120.65,122.1,119.45,120.2
1664035200000,120.2,122.1,119.85,120.85
1664049600000,120.85,121.0,117.2,117.25
1664064000000,117.25,118.25,116.2,117.15
1664078400000,117.15,118.45,116.45,117.65
1664092800000,117.65,117.9,116.55,117.4
1664107200000,117.4,117.4,114.3,115.25
1664121600000,115.25,115.45,113.35,114.0
1664136000000,114.0,114.3,111.8,113.35
1664150400000,113.35,114.8,112.9,113.9
1664164800000,113.9,114.4,112.35,113.35
1664179200000,113.35,117.5,113.1,114.85
1664193600000,114.85,116.45,114.15,115.75
1664208000000,115.75,116.35,114.8,115.8
1664222400000,115.8,116.3,114.9,116.25
1664236800000,116.25,119.45,115.9,118.7
1664251200000,118.7,119.45,118.1,118.7
1664265600000,118.7,119.95,118.4,118.7
1664280000000,118.7,120.55,118.25,118.3
1664294400000,118.3,118.8,112.3,114.0
1664308800000,114.0,114.6,113.15,114.15
1664323200000,114.15,114.85,109.95,111.55
1664337600000,111.55,112.4,110.05,111.75
1664352000000,111.75,112.8,110.55,112.0
1664366400000,112.0,114.0,111.9,113.45
1664380800000,113.45,114.65,112.8,114.35
1664395200000,114.35,115.8,113.85,114.1
1664409600000,114.1,115.2,113.7,114.85
1664424000000,114.85,115.7,113.4,114.1
1664438400000,114.1,117.95,113.8,116.5
1664452800000,116.5,116.85,113.6,115.95
1664467200000,115.95,116.75,114.75,116.05
1664481600000,116.05,117.3,115.5,116.85
1664496000000,116.85,117.75,115.35,116.55
1664510400000,116.55,117.2,116.15,116.35
1664524800000,116.35,117.4,116.1,116.55
1664539200000,116.55,124.95,115.45,123.3
1664553600000,123.3,124.65,121.95,122.45
1664568000000,122.45,123.25,119.55,120.05
1664582400000,120.05,120.85,118.45,119.35
1664596800000,119.35,119.95,117.7,118.35
1664611200000,118.35,118.7,117.15,117.85
1664625600000,117.85,118.45,117.15,117.65
1664640000000,117.65,117.65,116.3,116.55
1664654400000,116.55,117.3,115.8,117.15
1664668800000,117.15,117.9,116.7,117.9
1664683200000,117.9,118.5,116.7,117.0
1664697600000,117.0,118.25,115.15,116.0
1664712000000,116.0,116.3,114.6,115.6
1664726400000,115.6,117.2,115.6,116.75
1664740800000,116.75,116.9,113.75,114.2
1664755200000,114.2,116.2,113.35,115.4
1664769600000,115.4,115.55,113.75,114.8
1664784000000,114.8,115.0,114.0,114.9
1664798400000,114.9,116.5,114.5,115.45
1664812800000,115.45,116.2,114.9,115.55
1664827200000,115.55,116.35,115.45,116.1
1664841600000,116.1,116.7,115.55,116.25
1664856000000,116.25,117.85,115.85,117.6
1664870400000,117.6,120.05,117.45,118.9
1664884800000,118.9,121.7,118.3,121.3
1664899200000,121.3,122.1,120.65,121.6
1664913600000,121.6,121.95,120.75,121.05
1664928000000,121.05,122.8,120.8,122.15
1664942400000,122.15,122.5,121.4,121.5
1664956800000,121.5,121.5,119.9,120.4
1664971200000,120.4,120.7,118.85,120.5
1664985600000,120.5,123.5,120.4,122.1
1665000000000,122.1,122.7,121.8,122.05
1665014400000,122.05,123.7,122.0,122.65
1665028800000,122.65,122.75,120.65,121.1
1665043200000,121.1,121.9,120.4,121.75
1665057600000,121.75,122.55,119.7,120.7
1665072000000,120.7,121.35,118.25,118.65
1665086400000,118.65,119.1,117.7,118.2
1665100800000,118.2,120.15,118.1,119.45
1665115200000,119.45,120.05,118.3,118.75
1665129600000,118.75,119.3,117.65,118.35
1665144000000,118.35,118.45,115.7,116.5
1665158400000,116.5,116.95,115.25,116.7
1665172800000,116.7,117.05,116.45,116.7
1665187200000,116.7,118.65,116.5,117.5
1665201600000,117.5,118.25,117.15,118.05
1665216000000,118.05,118.15,117.5,117.8
1665230400000,117.8,117.85,116.95,117.15
1665244800000,117.15,117.4,116.9,116.95
1665259200000,116.95,117.0,115.55,116.95
1665273600000,116.95,118.05,116.75,117.2
1665288000000,117.2,117.45,116.65,117.1
1665302400000,117.1,118.4,117.0,117.65
1665316800000,117.65,118.1,117.4,118.0
1665331200000,118.0,118.05,116.4,117.15
1665345600000,117.15,117.25,116.3,117.1
1665360000000,117.1,118.05,116.65,117.25
1665374400000,117.25,117.6,116.2,116.75
1665388800000,116.75,116.8,114.35,115.85
1665403200000,115.85,116.15,114.7,115.05
1665417600000,115.05,115.1,112.9,113.2
1665432000000,113.2,113.85,110.6,111.55
1665446400000,111.55,111.55,108.9,110.45
1665460800000,110.45,111.85,110.2,111.75
1665475200000,111.75,112.0,110.6,111.5
1665489600000,111.5,112.35,110.05,112.05
1665504000000,112.05,112.25,110.45,110.8
1665518400000,110.8,111.45,110.4,111.05
1665532800000,111.05,111.75,110.6,111.15
1665547200000,111.15,112.55,111.15,111.45
1665561600000,111.45,112.4,111.25,112.0
1665576000000,112.0,112.25,110.85,112.1
1665590400000,112.1,112.3,111.05,111.8
1665604800000,111.8,112.45,111.65,111.65
1665619200000,111.65,113.0,109.2,110.95
1665633600000,110.95,111.0,105.5,107.25
1665648000000,107.25,108.3,101.75,104.45
1665662400000,104.45,107.3,101.75,106.85
1665676800000,106.85,109.85,106.4,109.05
1665691200000,109.05,109.75,108.65,108.75
1665705600000,108.75,111.7,108.25,111.0
1665720000000,111.0,111.4,109.7,109.95
1665734400000,109.95,110.95,109.6,109.6
1665748800000,109.6,111.05,108.05,108.2
1665763200000,108.2,108.6,107.15,107.35
1665777600000,107.35,107.85,106.5,107.45
1665792000000,107.45,107.9,107.0,107.9
1665806400000,107.9,108.4,107.55,107.75
1665820800000,107.75,108.4,106.7,108.35
1665835200000,108.35,109.5,108.05,108.9
1665849600000,108.9,109.3,108.3,108.45
1665864000000,108.45,108.65,107.4,107.85
1665878400000,107.85,109.55,107.8,108.6
1665892800000,108.6,109.4,108.6,109.1
1665907200000,109.1,110.1,109.0,110.05
1665921600000,110.05,110.2,109.2,109.7
1665936000000,109.7,110.8,109.0,110.65
1665950400000,110.65,110.95,109.05,110.15
1665964800000,110.15,110.45,109.2,109.45
1665979200000,109.45,110.3,109.25,110.0
1665993600000,110.0,110.9,109.5,110.25
1666008000000,110.25,111.5,109.95,110.5
1666022400000,110.5,110.85,109.1,109.8
1666036800000,109.8,110.85,109.7,110.55
1666051200000,110.55,111.05,109.3,110.4
1666065600000,110.4,111.4,110.2,111.3
1666080000000,111.3,111.35,109.05,109.65
1666094400000,109.65,110.25,108.0,108.4
1666108800000,108.4,109.15,107.05,107.85
1666123200000,107.85,109.05,107.8,108.6
1666137600000,108.6,108.95,107.8,108.3
1666152000000,108.3,108.45,107.45,108.1
1666166400000,108.1,108.3,107.4,107.75
1666180800000,107.75,108.65,106.95,108.45
1666195200000,108.45,108.5,107.4,107.9
1666209600000,107.9,108.15,105.05,105.75
1666224000000,105.75,106.35,104.85,106.15
1666238400000,106.15,107.85,106.1,107.4
1666252800000,107.4,108.05,107.15,107.7
1666267200000,107.7,108.95,107.3,107.95
1666281600000,107.95,108.0,105.4,106.4
1666296000000,106.4,106.5,105.3,106.4
1666310400000,106.4,106.7,104.9,106.35
1666324800000,106.35,106.5,105.4,105.6
1666339200000,105.6,105.7,103.45,104.6
1666353600000,104.6,106.75,102.8,106.65
1666368000000,106.65,107.2,106.05,106.9
1666382400000,106.9,107.3,106.65,106.95
1666396800000,106.95,107.4,106.1,106.65
1666411200000,106.65,107.3,106.4,107.25
1666425600000,107.25,107.85,107.15,107.7
1666440000000,107.7,110.35,107.6,108.45
1666454400000,108.45,108.85,107.75,108.85
1666468800000,108.85,109.35,108.5,108.55
1666483200000,108.55,109.7,107.95,108.9
1666497600000,108.9,109.3,108.35,108.7
1666512000000,108.7,109.1,107.7,108.2
1666526400000,108.2,108.55,107.55,108.25
1666540800000,108.25,109.65,107.95,109.55
1666555200000,109.55,111.05,109.25,110.7
1666569600000,110.7,111.1,109.0,109.1
1666584000000,109.1,109.4,108.15,108.7
1666598400000,108.7,109.2,108.3,108.95
1666612800000,108.95,109.25,107.25,108.0
1666627200000,108.0,109.0,107.5,108.4
1666641600000,108.4,108.65,107.7,107.85
1666656000000,107.85,108.8,107.65,108.65
1666670400000,108.65,108.9,108.2,108.6
1666684800000,108.6,108.75,108.1,108.6
1666699200000,108.6,111.8,108.5,111.25
1666713600000,111.25,114.3,111.25,113.35
1666728000000,113.35,113.5,111.6,112.65
1666742400000,112.65,114.05,112.0,113.7
1666756800000,113.7,114.6,113.2,114.15
1666771200000,114.15,116.5,113.3,115.0
1666785600000,115.0,116.05,113.2,115.25
1666800000000,115.25,115.95,114.5,114.8
1666814400000,114.8,115.55,114.15,114.35
1666828800000,114.35,115.8,113.8,115.25
1666843200000,115.25,116.8,114.6,115.35
1666857600000,115.35,115.6,113.6,114.65
1666872000000,114.65,115.6,113.1,113.6
1666886400000,113.6,115.05,113.3,114.8
1666900800000,114.8,114.85,111.55,112.3
1666915200000,112.3,113.45,111.7,112.35
1666929600000,112.35,113.05,110.95,111.3
1666944000000,111.3,112.55,111.25,112.2
1666958400000,112.2,114.45,111.3,113.4
1666972800000,113.4,115.75,113.35,115.35
1666987200000,115.35,116.25,115.0,115.6
1667001600000,115.6,117.35,115.3,117.1
1667016000000,117.1,117.35,116.0,117.15
1667030400000,117.15,119.35,116.8,117.65
1667044800000,117.65,119.6,117.4,118.75
1667059200000,118.75,120.65,117.5,118.35
1667073600000,118.35,119.3,117.15,118.5
1667088000000,118.5,119.25,117.3,118.5
1667102400000,118.5,120.05,118.1,120.05
1667116800000,120.05,120.2,117.3,118.25
1667131200000,118.25,118.35,116.2,116.35
1667145600000,116.35,117.2,115.8,116.6
1667160000000,116.6,117.2,114.4,116.15
1667174400000,116.15,116.95,114.25,116.2
1667188800000,116.2,117.0,115.05,115.5
1667203200000,115.5,117.85,114.4,117.0
1667217600000,117.0,117.65,113.55,114.05
1667232000000,114.05,115.0,113.65,114.4
1667246400000,114.4,115.3,114.05,114.95
1667260800000,114.95,115.9,114.8,115.25
1667275200000,115.25,115.8,114.55,115.3
1667289600000,115.3,116.55,115.0,115.5
1667304000000,115.5,115.75,113.85,114.9
1667318400000,114.9,115.9,114.4,115.05
1667332800000,115.05,115.35,114.6,114.9
1667347200000,114.9,115.45,113.9,115.05
1667361600000,115.05,115.4,112.85,113.8
1667376000000,113.8,122.15,113.3,115.0
1667390400000,115.0,118.2,114.1,117.0
1667404800000,117.0,118.35,114.05,114.6
1667419200000,114.6,114.8,111.85,113.55
1667433600000,113.55,117.85,113.05,117.4
1667448000000,117.4,120.0,116.7,117.6
1667462400000,117.6,118.5,114.6,115.0
1667476800000,115.0,116.75,114.2,116.0
1667491200000,116.0,116.95,115.7,116.55
1667505600000,116.55,116.7,114.9,115.65
1667520000000,115.65,119.65,114.95,119.45
1667534400000,119.45,121.85,118.9,120.55
1667548800000,120.55,123.25,120.2,120.65
1667563200000,120.65,124.85,119.75,121.95
1667577600000,121.95,123.9,121.15,123.9
1667592000000,123.9,124.45,122.65,124.4
1667606400000,124.4,125.45,123.15,124.2
1667620800000,124.2,125.05,123.0,124.45
1667635200000,124.45,125.45,122.6,124.7
1667649600000,124.7,124.9,122.75,124.4
1667664000000,124.4,125.95,123.5,124.5
1667678400000,124.5,124.9,122.15,123.65
1667692800000,123.65,124.2,122.3,123.5
1667707200000,123.5,123.6,121.75,122.45
1667721600000,122.45,123.3,121.35,122.15
1667736000000,122.15,122.75,121.65,122.2
1667750400000,122.2,122.2,119.6,120.0
1667764800000,120.0,120.6,116.15,116.55
1667779200000,116.55,118.9,116.2,118.5
1667793600000,118.5,119.1,115.1,115.35
1667808000000,115.35,118.2,115.2,117.65
1667822400000,117.65,118.8,116.9,118.8
1667836800000,118.8,119.15,117.1,119.0
1667851200000,119.0,119.4,115.4,117.8
1667865600000,117.8,118.9,112.4,112.85
1667880000000,112.85,113.7,108.4,112.35
1667894400000,112.35,113.15,111.7,112.55
1667908800000,112.55,113.55,110.65,113.55
1667923200000,113.55,117.9,93.85,102.3
1667937600000,102.3,104.05,99.75,103.1
1667952000000,103.1,103.95,99.7,101.9
1667966400000,101.9,103.0,100.3,101.85
1667980800000,101.85,101.85,95.1,99.3
1667995200000,99.3,100.15,94.65,95.8
1668009600000,95.8,98.95,93.75,97.95
1668024000000,97.95,99.7,87.15,89.1
1668038400000,89.1,95.35,87.0,93.85
1668052800000,93.85,98.2,93.5,97.25
1668067200000,97.25,98.4,94.85,98.05
1668081600000,98.05,106.5,97.0,102.45
1668096000000,102.45,104.0,100.2,103.1
1668110400000,103.1,104.35,101.95,102.6
1668124800000,102.6,104.45,99.5,100.95
1668139200000,100.95,104.55,100.35,103.75
1668153600000,103.75,105.85,103.25,104.25
1668168000000,104.25,106.75,98.75,102.4
1668182400000,102.4,102.7,100.45,102.0
1668196800000,102.0,103.35,100.3,102.95
1668211200000,102.95,103.15,100.95,101.4
1668225600000,101.4,101.6,97.65,100.5
1668240000000,100.5,101.0,99.1,100.85
1668254400000,100.85,102.1,100.05,102.0
1668268800000,102.0,102.8,101.35,102.35
1668283200000,102.35,102.7,101.5,102.6
1668297600000,102.6,103.55,101.95,102.9
1668312000000,102.9,103.15,100.15,100.6
1668326400000,100.6,100.65,97.95,99.85
1668340800000,99.85,101.95,99.5,101.15
1668355200000,101.15,101.95,99.9,100.95
1668369600000,100.95,101.3,98.75,99.45
1668384000000,99.45,100.2,96.0,98.6
1668398400000,98.6,103.0,96.95,102.95
1668412800000,102.95,104.0,102.25,103.05
1668427200000,103.05,104.55,100.55,101.7
1668441600000,101.7,103.0,100.1,101.15
1668456000000,101.15,103.85,100.9,103.7
1668470400000,103.7,104.55,102.15,104.3
1668484800000,104.3,105.65,103.5,105.65
1668499200000,105.65,106.0,103.75,104.3
1668513600000,104.3,105.85,103.65,104.35
1668528000000,104.35,105.15,102.55,103.55
1668542400000,103.55,104.05,103.1,103.8
1668556800000,103.8,105.4,103.3,105.0
1668571200000,105.0,105.05,103.7,103.7
1668585600000,103.7,109.65,102.25,106.8
1668600000000,106.8,108.05,104.6,105.3
1668614400000,105.3,106.3,103.9,104.4
1668628800000,104.4,104.65,103.1,104.35
1668643200000,104.35,105.2,103.05,103.35
1668657600000,103.35,103.55,101.15,103.2
1668672000000,103.2,103.5,101.7,102.8
1668686400000,102.8,103.5,101.2,102.0
1668700800000,102.0,103.35,101.65,102.85
1668715200000,102.85,104.35,102.8,103.75
1668729600000,103.75,105.85,103.55,104.65
1668744000000,104.65,105.0,104.15,104.2
1668758400000,104.2,104.85,103.7,104.4
1668772800000,104.4,105.05,103.65,104.75
1668787200000,104.75,105.15,103.6,104.2
1668801600000,104.2,104.75,103.9,104.65
1668816000000,104.65,105.25,104.0,105.0
1668830400000,105.0,106.2,103.85,104.45
1668844800000,104.45,104.95,104.0,104.8
1668859200000,104.8,105.35,104.5,105.2
1668873600000,105.2,105.45,104.45,104.7
1668888000000,104.7,105.7,104.45,104.75
1668902400000,104.75,105.6,104.6,105.2
1668916800000,105.2,107.45,105.15,106.05
1668931200000,106.05,106.1,103.5,103.8
1668945600000,103.8,104.35,103.1,103.85
1668960000000,103.85,106.85,103.2,106.6
1668974400000,106.6,107.4,103.85,104.75
1668988800000,104.75,107.4,100.6,102.8
1669003200000,102.8,104.7,102.2,102.55
1669017600000,102.55,103.5,102.0,102.65
1669032000000,102.65,103.35,102.05,102.9
1669046400000,102.9,104.1,100.4,101.5
1669060800000,101.5,103.7,101.3,103.2
1669075200000,103.2,104.75,102.95,104.5
1669089600000,104.5,105.9,103.55,104.85
1669104000000,104.85,106.45,104.35,106.05
1669118400000,106.05,109.4,105.45,108.75
1669132800000,108.75,109.05,106.75,107.8
1669147200000,107.8,109.25,106.85,109.2
1669161600000,109.2,117.5,108.4,117.1
1669176000000,117.1,119.7,115.35,116.15
1669190400000,116.15,117.1,113.75,114.35
1669204800000,114.35,116.1,113.3,115.25
1669219200000,115.25,116.3,113.75,115.15
1669233600000,115.15,115.4,113.8,115.0
1669248000000,115.0,115.9,112.8,115.05
1669262400000,115.05,115.45,113.5,114.35
1669276800000,114.35,118.6,113.95,117.45
1669291200000,117.45,118.25,114.55,116.2
1669305600000,116.2,118.1,115.3,117.0
1669320000000,117.0,118.15,115.6,115.85
1669334400000,115.85,115.95,113.4,114.9
1669348800000,114.9,115.85,114.15,115.8
1669363200000,115.8,116.4,114.2,115.6
1669377600000,115.6,116.0,114.15,114.5
1669392000000,114.5,114.5,113.1,113.4
1669406400000,113.4,114.1,113.1,113.75
1669420800000,113.75,115.6,113.5,114.4
1669435200000,114.4,114.7,113.35,114.3
1669449600000,114.3,114.55,113.8,113.95
1669464000000,113.95,115.05,111.65,112.6
1669478400000,112.6,112.65,111.05,112.1
1669492800000,112.1,113.05,111.55,112.4
1669507200000,112.4,113.3,112.25,113.05
1669521600000,113.05,113.4,112.3,112.7
1669536000000,112.7,113.85,112.3,113.25
1669550400000,113.25,113.55,112.5,113.1
1669564800000,113.1,113.45,112.35,112.9
1669579200000,112.9,113.25,110.65,111.1
1669593600000,111.1,112.0,105.9,107.4
1669608000000,107.4,108.75,107.25,108.55
1669622400000,108.55,108.65,107.55,107.75
1669636800000,107.75,110.35,107.55,108.3
1669651200000,108.3,110.6,107.75,109.9
1669665600000,109.9,110.25,109.7,110.0
1669680000000,110.0,111.8,109.1,111.15
1669694400000,111.15,112.85,111.1,111.45
1669708800000,111.45,112.2,111.3,111.85
1669723200000,111.85,112.2,110.15,111.75
1669737600000,111.75,113.2,110.5,111.2
1669752000000,111.2,111.6,110.85,110.9
1669766400000,110.9,114.55,110.6,111.6
1669780800000,111.6,112.9,111.6,112.5
1669795200000,112.5,113.1,111.75,112.75
1669809600000,112.75,113.1,111.7,112.7
1669824000000,112.7,113.4,110.15,112.75
1669838400000,112.75,113.75,112.6,113.3
1669852800000,113.3,113.7,111.95,112.7
1669867200000,112.7,112.85,111.45,111.7
1669881600000,111.7,111.95,111.3,111.9
1669896000000,111.9,112.15,109.35,110.6
1669910400000,110.6,111.15,109.95,110.45
1669924800000,110.45,111.0,109.7,110.2
1669939200000,110.2,110.6,108.15,109.25
1669953600000,109.25,110.2,108.6,110.0
1669968000000,110.0,110.55,109.85,110.2
1669982400000,110.2,110.55,108.65,110.05
1669996800000,110.05,111.0,109.8,111.0
1670011200000,111.0,112.55,111.0,111.85
1670025600000,111.85,112.45,110.95,111.15
1670040000000,111.15,111.4,110.4,110.6
1670054400000,110.6,111.1,110.15,111.1
1670068800000,111.1,111.8,111.0,111.45
1670083200000,111.45,112.05,110.6,111.15
1670097600000,111.15,111.15,109.2,109.55
1670112000000,109.55,111.75,109.45,111.4
1670126400000,111.4,111.85,110.75,110.9
1670140800000,110.9,111.35,110.1,110.25
1670155200000,110.25,111.25,110.0,110.45
1670169600000,110.45,110.8,109.85,110.65
1670184000000,110.65,111.35,110.65,111.15
1670198400000,111.15,112.8,110.9,111.9
1670212800000,111.9,116.7,111.85,116.55
1670227200000,116.55,116.8,114.95,115.25
1670241600000,115.25,116.8,112.8,113.55
1670256000000,113.55,113.7,109.45,110.1
1670270400000,110.1,110.45,109.85,110.35
1670284800000,110.35,111.4,110.3,110.85
1670299200000,110.85,111.9,110.2,111.3
1670313600000,111.3,111.9,110.2,111.25
1670328000000,111.25,111.5,110.25,111.1
1670342400000,111.1,111.35,110.15,110.55
1670356800000,110.55,112.4,110.45,112.0
1670371200000,112.0,112.7,111.7,111.75
1670385600000,111.75,112.3,107.3,108.2
1670400000000,108.2,109.25,107.7,108.8
1670414400000,108.8,109.6,108.8,109.25
1670428800000,109.25,109.6,108.55,109.1
1670443200000,109.1,109.35,108.55,109.1
1670457600000,109.1,109.4,108.4,109.0
1670472000000,109.0,109.55,108.4,109.4
1670486400000,109.4,109.75,108.7,109.65
1670500800000,109.65,111.05,109.1,110.65
1670515200000,110.65,112.25,110.1,111.9
1670529600000,111.9,112.55,111.2,111.85
1670544000000,111.85,112.3,111.3,111.9
1670558400000,111.9,112.05,111.3,111.95
1670572800000,111.95,112.0,111.45,111.75
1670587200000,111.75,111.95,109.9,110.75
1670601600000,110.75,110.75,109.65,109.95
1670616000000,109.95,110.1,108.9,109.75
1670630400000,109.75,110.1,109.45,109.9
1670644800000,109.9,109.95,109.55,109.6
1670659200000,109.6,110.1,109.1,109.85
1670673600000,109.85,110.35,109.5,110.25
1670688000000,110.25,110.45,109.45,109.55
1670702400000,109.55,109.75,108.75,109.0
1670716800000,109.0,109.65,108.65,109.55
1670731200000,109.55,109.85,109.5,109.6
1670745600000,109.6,109.6,108.8,109.05
1670760000000,109.05,109.25,108.8,109.1
1670774400000,109.1,109.15,107.75,108.35
1670788800000,108.35,108.35,104.65,106.05
1670803200000,106.05,106.6,101.75,104.4
1670817600000,104.4,104.65,103.8,104.1
1670832000000,104.1,105.35,103.6,105.25
1670846400000,105.25,106.2,105.1,105.4
1670860800000,105.4,105.9,105.1,105.9
1670875200000,105.9,106.7,105.6,106.2
1670889600000,106.2,106.55,105.1,105.1
1670904000000,105.1,105.45,103.6,104.8
1670918400000,104.8,110.75,104.55,108.8
1670932800000,108.8,111.4,108.55,109.3
1670947200000,109.3,109.45,107.8,108.65
1670961600000,108.65,110.2,108.55,110.15
1670976000000,110.15,111.2,109.9,110.4
1670990400000,110.4,110.45,109.25,109.45
1671004800000,109.45,109.75,109.25,109.5
1671019200000,109.5,110.05,109.4,109.7
1671033600000,109.7,111.15,107.4,108.4
1671048000000,108.4,109.2,108.1,108.95
1671062400000,108.95,109.75,107.9,109.2
1671076800000,109.2,109.85,109.0,109.15
1671091200000,109.15,109.35,108.45,108.8
1671105600000,108.8,109.25,108.1,108.4
1671120000000,108.4,108.55,107.3,108.45
1671134400000,108.45,108.8,106.6,107.25
1671148800000,107.25,108.0,106.85,107.45
1671163200000,107.45,107.75,106.9,107.6
1671177600000,107.6,107.6,102.45,103.5
1671192000000,103.5,104.1,102.55,103.25
1671206400000,103.25,103.7,101.75,103.55
1671220800000,103.55,104.3,97.85,99.9
1671235200000,99.9,102.05,98.55,101.65
1671249600000,101.65,102.35,100.2,102.0
1671264000000,102.0,102.3,101.35,101.55
1671278400000,101.55,102.65,100.95,102.6
1671292800000,102.6,102.85,101.9,102.35
1671307200000,102.35,103.3,101.95,103.0
1671321600000,103.0,103.2,102.45,102.7
1671336000000,102.7,103.5,102.3,102.4
1671350400000,102.4,102.6,101.2,102.3
1671364800000,102.3,102.75,101.75,101.75
1671379200000,101.75,102.75,101.7,102.15
1671393600000,102.15,102.75,101.8,101.9
1671408000000,101.9,102.85,99.9,100.75
1671422400000,100.75,101.45,100.15,101.35
1671436800000,101.35,101.9,101.1,101.5
1671451200000,101.5,101.8,100.75,101.15
1671465600000,101.15,101.15,98.5,100.05
1671480000000,100.05,100.35,97.55,98.35
1671494400000,98.35,100.85,98.2,100.05
1671508800000,100.05,101.25,99.5,100.7
1671523200000,100.7,101.05,100.5,100.75
1671537600000,100.75,101.7,99.65,100.85
1671552000000,100.85,101.5,100.25,101.4
1671566400000,101.4,102.3,101.2,101.6
1671580800000,101.6,102.2,101.15,101.25
1671595200000,101.25,101.3,100.0,100.65
1671609600000,100.65,101.3,100.25,101.15
1671624000000,101.15,101.25,100.2,101.05
1671638400000,101.05,101.1,99.85,100.05
1671652800000,100.05,100.4,99.75,100.3
1671667200000,100.3,100.8,100.1,100.7
1671681600000,100.7,100.85,100.45,100.7
1671696000000,100.7,101.2,100.55,100.85
1671710400000,100.85,101.2,99.3,99.7
1671724800000,99.7,100.1,99.35,99.85
1671739200000,99.85,101.45,99.75,101.45
1671753600000,101.45,102.05,101.15,101.55
1671768000000,101.55,102.1,101.55,102.05
1671782400000,102.05,102.2,101.7,101.85
1671796800000,101.85,102.9,101.25,101.65
1671811200000,101.65,102.2,101.65,102.05
1671825600000,102.05,102.2,101.65,101.95
1671840000000,101.95,102.55,101.85,102.45
1671854400000,102.45,102.7,101.95,102.15
1671868800000,102.15,102.2,101.7,101.95
1671883200000,101.95,102.1,101.75,101.85
1671897600000,101.85,102.05,101.65,101.7
1671912000000,101.7,101.85,101.5,101.7
1671926400000,101.7,101.95,101.25,101.65
1671940800000,101.65,101.7,101.1,101.2
1671955200000,101.2,101.3,100.6,100.7
1671969600000,100.7,101.0,99.6,100.1
1671984000000,100.1,100.55,99.65,100.55
1671998400000,100.55,101.4,100.2,101.35
1672012800000,101.35,101.95,101.15,101.5
1672027200000,101.5,101.75,101.0,101.05
1672041600000,101.05,102.25,100.9,102.2
1672056000000,102.2,102.55,102.0,102.05
1672070400000,102.05,103.4,102.05,103.0
1672084800000,103.0,103.5,102.6,103.4
1672099200000,103.4,103.75,102.5,102.5
1672113600000,102.5,102.7,102.3,102.65
1672128000000,102.65,103.2,102.3,102.85
1672142400000,102.85,103.2,102.0,102.65
1672156800000,102.65,102.8,101.0,101.5
1672171200000,101.5,101.85,101.3,101.65
1672185600000,101.65,102.55,101.3,101.35
1672200000000,101.35,101.75,99.4,100.3
1672214400000,100.3,100.4,99.6,100.1
1672228800000,100.1,101.25,99.7,100.15
1672243200000,100.15,100.7,99.8,100.45
1672257600000,100.45,100.7,98.7,99.1
1672272000000,99.1,99.5,98.05,99.4
1672286400000,99.4,100.0,99.15,99.9
1672300800000,99.9,100.2,99.45,99.85
1672315200000,99.85,100.15,99.6,99.75
1672329600000,99.75,100.0,98.7,98.95
1672344000000,98.95,99.0,96.95,98.4
1672358400000,98.4,98.5,97.2,97.65
1672372800000,97.65,97.7,95.15,95.8
1672387200000,95.8,96.4,95.45,95.85
1672401600000,95.85,96.65,95.55,96.55
1672416000000,96.55,96.75,96.3,96.55
1672430400000,96.55,96.85,95.8,96.6
1672444800000,96.6,97.5,96.4,97.45
1672459200000,97.45,97.8,97.15,97.6
1672473600000,97.6,98.0,97.55,97.65
1672488000000,97.65,98.4,97.55,97.75
1672502400000,97.75,97.85,97.0,97.15
1672516800000,97.15,97.6,96.45,97.0
1672531200000,97.0,97.0,96.25,96.5
1672545600000,96.5,96.5,96.1,96.45
1672560000000,96.45,96.8,96.2,96.75
1672574400000,96.75,96.75,96.3,96.55
1672588800000,96.55,97.4,96.4,97.3
1672603200000,97.3,97.55,96.65,96.8
1672617600000,96.8,96.9,94.7,96.35
1672632000000,96.35,98.4,95.95,97.8
1672646400000,97.8,99.0,97.6,98.95
1672660800000,98.95,100.3,98.65,100.2
1672675200000,100.2,100.2,99.55,99.65
1672689600000,99.65,99.9,99.05,99.15
1672704000000,99.15,99.6,98.7,99.05
1672718400000,99.05,99.95,98.9,99.75
1672732800000,99.75,100.35,99.45,99.8
1672747200000,99.8,100.05,98.85,99.25
1672761600000,99.25,100.15,98.95,99.1
1672776000000,99.1,99.85,99.1,99.6
1672790400000,99.6,102.45,99.5,102.35
1672804800000,102.35,102.4,101.0,101.6
1672819200000,101.6,101.85,100.95,101.4
1672833600000,101.4,101.75,100.35,101.6
1672848000000,101.6,102.05,100.45,101.2
1672862400000,101.2,101.6,100.45,101.55
1672876800000,101.55,103.35,101.45,102.65
1672891200000,102.65,103.4,102.45,102.7
1672905600000,102.7,102.75,101.6,102.2
1672920000000,102.2,102.35,100.65,101.5
1672934400000,101.5,102.0,101.2,101.9
1672948800000,101.9,101.95,100.5,101.1
1672963200000,101.1,101.5,100.6,100.65
1672977600000,100.65,100.8,99.8,100.1
1672992000000,100.1,100.15,98.2,98.45
1673006400000,98.45,99.65,98.05,99.65
1673020800000,99.65,101.85,99.5,101.75
1673035200000,101.75,101.85,100.8,101.6
1673049600000,101.6,102.0,101.3,101.65
1673064000000,101.65,101.7,101.25,101.7
1673078400000,101.7,102.0,101.4,101.55
1673092800000,101.55,102.0,101.4,101.95
1673107200000,101.95,102.3,101.45,102.0
1673121600000,102.0,102.05,100.95,101.5
1673136000000,101.5,101.8,100.75,101.75
1673150400000,101.75,101.9,101.4,101.65
1673164800000,101.65,102.4,101.65,101.75
1673179200000,101.75,102.7,101.75,102.6
1673193600000,102.6,102.8,101.45,102.0
1673208000000,102.0,104.0,102.0,103.7
1673222400000,103.7,106.2,103.65,105.7
1673236800000,105.7,106.4,105.35,105.9
1673251200000,105.9,107.2,105.6,106.3
1673265600000,106.3,107.5,105.1,107.0
1673280000000,107.0,107.9,106.05,106.35
1673294400000,106.35,107.4,105.4,106.8
1673308800000,106.8,107.65,105.5,107.2
1673323200000,107.2,109.25,107.0,107.95
1673337600000,107.95,108.5,107.75,107.85
1673352000000,107.85,108.1,106.75,107.5
1673366400000,107.5,107.8,107.1,107.65
1673380800000,107.65,107.9,106.8,107.35
1673395200000,107.35,108.3,106.15,107.2
1673409600000,107.2,107.95,106.55,107.45
1673424000000,107.45,107.65,106.75,107.65
1673438400000,107.65,107.9,105.6,105.95
1673452800000,105.95,108.3,105.4,107.9
1673467200000,107.9,110.1,107.05,109.8
1673481600000,109.8,111.5,109.4,110.5
1673496000000,110.5,110.85,109.25,109.65
1673510400000,109.65,109.7,108.7,109.05
1673524800000,109.05,117.4,107.4,115.6
1673539200000,115.6,125.6,114.45,122.45
1673553600000,122.45,123.4,119.0,119.7
1673568000000,119.7,122.25,118.7,120.2
1673582400000,120.2,121.4,119.6,120.05
1673596800000,120.05,120.6,118.65,119.05
1673611200000,119.05,127.95,117.7,124.65
1673625600000,124.65,124.9,121.65,122.6
1673640000000,122.6,125.95,122.1,124.5
1673654400000,124.5,130.45,123.75,127.9
1673668800000,127.9,132.35,126.65,129.1
1673683200000,129.1,131.0,119.85,124.9
1673697600000,124.9,126.25,122.3,125.35
1673712000000,125.35,127.45,124.55,125.2
1673726400000,125.2,126.4,124.9,125.85
1673740800000,125.85,126.45,121.75,124.55
1673755200000,124.55,125.15,123.4,124.55
1673769600000,124.55,124.75,121.5,123.7
1673784000000,123.7,127.2,122.9,126.45
1673798400000,126.45,126.55,124.05,124.9
1673812800000,124.9,125.7,124.2,124.9
1673827200000,124.9,127.15,123.5,125.25
1673841600000,125.25,126.7,124.6,125.8
1673856000000,125.8,125.9,119.3,122.7
1673870400000,122.7,124.55,119.45,122.25
1673884800000,122.25,124.3,121.05,123.65
1673899200000,123.65,124.55,123.1,124.1
1673913600000,124.1,125.0,121.7,123.75
1673928000000,123.75,125.35,123.65,124.9
1673942400000,124.9,125.4,123.95,124.95
1673956800000,124.95,125.7,122.4,123.2
1673971200000,123.2,123.85,121.8,123.8
1673985600000,123.8,124.1,122.25,122.6
1674000000000,122.6,125.65,122.6,124.65
1674014400000,124.65,127.4,124.45,126.5
1674028800000,126.5,126.8,123.1,124.35
1674043200000,124.35,126.8,119.0,120.9
1674057600000,120.9,121.35,115.45,120.2
1674072000000,120.2,121.2,118.5,118.6
1674086400000,118.6,120.3,118.4,120.0
1674100800000,120.0,121.15,120.0,121.05
1674115200000,121.05,122.4,120.35,121.1
1674129600000,121.1,121.5,120.05,121.0
1674144000000,121.0,122.2,120.5,122.05
1674158400000,122.05,122.4,120.85,121.6
1674172800000,121.6,122.2,120.65,121.6
1674187200000,121.6,121.8,120.35,120.85
1674201600000,120.85,120.9,120.4,120.6
1674216000000,120.6,121.7,120.5,121.5
1674230400000,121.5,123.55,121.35,123.45
1674244800000,123.45,128.2,123.45,128.0
1674259200000,128.0,128.9,126.25,127.75
1674273600000,127.75,129.35,127.7,128.6
1674288000000,128.6,130.15,125.2,128.2
1674302400000,128.2,130.15,127.75,128.4
1674316800000,128.4,134.05,128.4,132.45
1674331200000,132.45,132.6,127.6,127.85
1674345600000,127.85,129.05,127.55,129.0
1674360000000,129.0,129.7,128.85,129.35
1674374400000,129.35,130.2,128.6,129.25
1674388800000,129.25,131.75,128.4,130.3
1674403200000,130.3,132.4,129.45,130.15
1674417600000,130.15,130.3,127.05,128.5
1674432000000,128.5,134.45,128.4,131.9
1674446400000,131.9,133.35,131.2,131.5
1674460800000,131.5,138.6,131.4,135.4
1674475200000,135.4,135.9,132.2,134.45
1674489600000,134.45,134.8,132.55,133.35
1674504000000,133.35,134.15,132.9,133.25
1674518400000,133.25,137.15,132.7,136.3
1674532800000,136.3,136.85,135.7,136.4
1674547200000,136.4,136.6,133.6,134.05
1674561600000,134.05,134.7,132.9,133.45
1674576000000,133.45,133.55,131.1,132.8
1674590400000,132.8,132.95,125.2,128.15
1674604800000,128.15,128.45,125.1,128.45
1674619200000,128.45,129.75,128.35,129.55
1674633600000,129.55,129.95,127.9,128.1
1674648000000,128.1,130.45,127.3,128.9
1674662400000,128.9,129.85,128.0,129.65
1674676800000,129.65,134.55,129.6,131.75
1674691200000,131.75,133.05,131.65,131.7
1674705600000,131.7,134.2,130.95,131.1
1674720000000,131.1,131.85,129.5,130.95
1674734400000,130.95,133.55,130.35,131.5
1674748800000,131.5,134.55,130.65,133.15
1674763200000,133.15,135.05,132.9,133.8
1674777600000,133.8,135.85,131.6,132.8
1674792000000,132.8,135.65,132.75,135.4
1674806400000,135.4,135.55,134.4,134.95
1674820800000,134.95,135.6,134.05,134.6
1674835200000,134.6,136.25,134.45,135.65
1674849600000,135.65,136.05,133.4,135.15
1674864000000,135.15,135.7,133.55,134.5
1674878400000,134.5,135.4,133.25,133.85
1674892800000,133.85,133.85,132.8,133.55
1674907200000,133.55,133.55,131.65,133.2
1674921600000,133.2,133.45,132.15,132.8
1674936000000,132.8,132.85,131.3,132.75
1674950400000,132.75,138.1,131.8,135.9
1674964800000,135.9,136.25,135.05,135.35
1674979200000,135.35,137.0,135.3,136.1
1674993600000,136.1,137.8,135.75,137.3
1675008000000,137.3,138.6,136.3,137.8
1675022400000,137.8,137.85,136.2,136.5
1675036800000,136.5,136.65,134.6,135.55
1675051200000,135.55,136.2,134.7,135.3
1675065600000,135.3,135.65,130.3,131.55
1675080000000,131.55,132.95,131.05,131.8
1675094400000,131.8,132.7,127.15,129.7
1675108800000,129.7,131.1,127.35,130.95
1675123200000,130.95,134.25,130.5,133.8
1675137600000,133.8,134.6,132.5,134.0
1675152000000,134.0,134.05,132.15,132.7
1675166400000,132.7,136.35,132.25,134.7
1675180800000,134.7,135.45,133.7,134.9
1675195200000,134.9,134.9,132.35,133.25
1675209600000,133.25,134.8,132.95,134.2
1675224000000,134.2,134.35,131.6,132.55
1675238400000,132.55,132.55,130.0,131.8
1675252800000,131.8,132.35,129.7,130.1
1675267200000,130.1,134.2,129.8,133.6
1675281600000,133.6,136.8,133.3,136.1
1675296000000,136.1,139.1,135.9,137.75
1675310400000,137.75,139.85,136.75,138.2
1675324800000,138.2,138.95,137.8,138.8
1675339200000,138.8,143.65,137.9,143.1
1675353600000,143.1,143.1,139.85,139.9
1675368000000,139.9,140.0,135.55,136.75
1675382400000,136.75,139.2,136.1,137.8
1675396800000,137.8,138.4,137.1,137.4
1675411200000,137.4,139.35,136.9,139.25
1675425600000,139.25,139.7,137.0,138.8
1675440000000,138.8,139.2,137.35,137.55
1675454400000,137.55,137.95,136.55,137.9
1675468800000,137.9,138.45,136.9,137.35
1675483200000,137.35,137.35,136.3,137.15
1675497600000,137.15,137.7,136.35,137.4
1675512000000,137.4,138.8,137.25,137.85
1675526400000,137.85,140.05,137.35,139.5
1675540800000,139.5,139.75,137.4,137.95
1675555200000,137.95,138.05,136.7,137.4
1675569600000,137.4,137.75,137.2,137.65
1675584000000,137.65,138.25,137.35,137.5
1675598400000,137.5,137.7,133.35,134.4
1675612800000,134.4,135.2,132.55,133.9
1675627200000,133.9,134.7,132.65,134.4
1675641600000,134.4,135.0,132.95,133.7
1675656000000,133.7,134.5,132.0,133.35
1675670400000,133.35,133.6,131.7,132.9
1675684800000,132.9,134.25,132.55,134.25
1675699200000,134.25,134.8,133.4,134.4
1675713600000,134.4,134.5,130.0,131.35
1675728000000,131.35,133.1,131.15,132.8
1675742400000,132.8,133.35,132.55,133.0
1675756800000,133.0,133.85,132.55,133.45
1675771200000,133.45,137.55,133.15,133.7
1675785600000,133.7,136.2,132.3,134.85
1675800000000,134.85,136.55,134.5,135.95
1675814400000,135.95,136.8,135.15,135.55
1675828800000,135.55,135.75,134.2,135.3
1675843200000,135.3,135.4,134.25,134.75
1675857600000,134.75,134.9,132.05,132.45
1675872000000,132.45,133.05,130.5,130.9
1675886400000,130.9,131.75,129.7,131.45
1675900800000,131.45,132.45,126.55,128.7
1675915200000,128.7,130.35,127.65,130.05
1675929600000,130.05,130.75,129.6,129.8
1675944000000,129.8,132.25,129.15,130.35
1675958400000,130.35,130.75,124.85,128.35
1675972800000,128.35,129.6,121.75,126.5
1675987200000,126.5,130.15,125.7,127.55
1676001600000,127.55,127.75,126.15,127.5
1676016000000,127.5,129.2,127.4,127.95
1676030400000,127.95,129.8,126.8,128.2
1676044800000,128.2,129.0,126.8,128.4
1676059200000,128.4,128.55,123.75,124.15
1676073600000,124.15,125.15,122.95,125.1
1676088000000,125.1,125.25,123.6,124.4
1676102400000,124.4,124.55,123.2,123.75
1676116800000,123.75,124.9,123.6,124.25
1676131200000,124.25,124.25,122.95,123.45
1676145600000,123.45,124.85,123.2,124.5
1676160000000,124.5,125.05,124.05,124.55
1676174400000,124.55,124.9,124.25,124.5
1676188800000,124.5,125.8,124.35,125.25
1676203200000,125.25,125.6,124.15,125.45
1676217600000,125.45,126.4,125.3,125.6
1676232000000,125.6,125.9,121.05,122.7
1676246400000,122.7,123.6,120.95,123.0
1676260800000,123.0,124.55,122.9,123.95
1676275200000,123.95,124.0,119.5,121.95
1676289600000,121.95,122.7,121.35,121.6
1676304000000,121.6,123.0,120.3,122.75
1676318400000,122.75,123.95,122.35,123.7
1676332800000,123.7,124.85,123.55,124.15
1676347200000,124.15,124.95,124.1,124.35
1676361600000,124.35,125.65,123.8,124.85
1676376000000,124.85,126.6,122.65,124.85
1676390400000,124.85,127.1,123.85,126.5
1676404800000,126.5,126.85,125.85,126.55
1676419200000,126.55,126.85,125.35,126.6
1676433600000,126.6,126.7,125.05,125.1
1676448000000,125.1,127.4,124.9,127.3
1676462400000,127.3,128.65,126.35,127.55
1676476800000,127.55,131.9,126.85,131.85
1676491200000,131.85,135.25,131.35,134.75
1676505600000,134.75,135.75,133.5,135.15
1676520000000,135.15,135.8,132.85,134.35
1676534400000,134.35,134.85,133.6,133.9
1676548800000,133.9,134.95,131.8,134.85
1676563200000,134.85,135.6,132.9,133.9
1676577600000,133.9,133.95,127.55,127.8
1676592000000,127.8,130.1,127.4,129.65
1676606400000,129.65,130.0,128.7,129.15
1676620800000,129.15,129.95,128.9,129.75
1676635200000,129.75,131.55,129.15,130.65
1676649600000,130.65,134.25,129.75,133.65
1676664000000,133.65,134.6,131.75,133.3
1676678400000,133.3,134.9,133.25,134.25
1676692800000,134.25,134.65,133.3,133.7
1676707200000,133.7,134.9,133.2,134.05
1676721600000,134.05,138.65,134.05,137.25
1676736000000,137.25,137.5,134.8,135.35
1676750400000,135.35,136.3,134.3,136.15
1676764800000,136.15,137.35,135.45,136.2
1676779200000,136.2,137.2,134.95,135.1
1676793600000,135.1,140.75,134.7,138.35
1676808000000,138.35,141.1,137.85,140.25
1676822400000,140.25,140.65,135.65,135.95
1676836800000,135.95,137.05,134.4,135.95
1676851200000,135.95,138.6,133.05,138.3
1676865600000,138.3,148.9,137.75,146.55
1676880000000,146.55,147.6,142.7,146.95
1676894400000,146.95,147.45,144.35,147.0
1676908800000,147.0,147.1,142.7,143.5
1676923200000,143.5,145.6,143.2,145.0
1676937600000,145.0,154.55,144.65,150.1
1676952000000,150.1,152.8,148.35,152.35
1676966400000,152.35,153.15,145.65,148.9
1676980800000,148.9,152.5,144.6,146.25
1676995200000,146.25,148.05,145.2,145.7
1677009600000,145.7,145.9,142.55,145.25
1677024000000,145.25,145.65,140.2,143.1
1677038400000,143.1,143.35,140.25,141.15
1677052800000,141.15,141.25,138.25,140.1
1677067200000,140.1,141.15,136.75,137.8
1677081600000,137.8,140.3,137.65,139.65
1677096000000,139.65,142.05,139.05,141.8
1677110400000,141.8,143.75,140.85,142.65
1677124800000,142.65,143.7,141.85,142.8
1677139200000,142.8,143.35,137.65,138.55
1677153600000,138.55,142.1,137.7,139.3
1677168000000,139.3,139.8,137.65,139.3
1677182400000,139.3,139.85,137.3,138.7
1677196800000,138.7,139.6,137.7,137.7
1677211200000,137.7,138.1,136.95,137.75
1677225600000,137.75,137.95,135.4,136.75
1677240000000,136.75,137.45,132.3,133.2
1677254400000,133.2,133.3,130.1,132.2
1677268800000,132.2,133.15,130.15,132.7
1677283200000,132.7,133.15,131.35,131.5
1677297600000,131.5,132.8,130.8,132.7
1677312000000,132.7,134.85,132.2,133.35
1677326400000,133.35,134.65,132.2,133.9
1677340800000,133.9,135.6,131.6,132.55
1677355200000,132.55,133.55,129.25,133.1
1677369600000,133.1,134.25,132.05,133.9
1677384000000,133.9,134.05,132.9,133.65
1677398400000,133.65,134.6,133.1,134.55
1677412800000,134.55,136.15,133.65,135.15
1677427200000,135.15,137.0,134.15,136.75
1677441600000,136.75,137.35,135.3,136.2
1677456000000,136.2,136.7,135.3,135.75
1677470400000,135.75,138.25,134.2,136.25
1677484800000,136.25,136.55,134.05,136.05
1677499200000,136.05,138.0,135.15,136.6
1677513600000,136.6,136.8,133.15,134.25
1677528000000,134.25,135.2,133.55,135.0
1677542400000,135.0,135.15,134.1,134.65
1677556800000,134.65,134.8,131.45,131.85
1677571200000,131.85,132.85,131.5,132.65
1677585600000,132.65,133.75,132.25,133.35
1677600000000,133.35,133.9,132.3,132.3
1677614400000,132.3,132.85,130.35,131.8
1677628800000,131.8,134.2,131.45,133.8
1677643200000,133.8,135.85,133.55,134.8
1677657600000,134.8,135.6,134.0,134.25
1677672000000,134.25,134.95,133.35,134.4
1677686400000,134.4,134.4,132.3,132.65
1677700800000,132.65,134.35,132.5,134.1
1677715200000,134.1,134.75,132.15,132.75
1677729600000,132.75,133.45,132.0,132.6
1677744000000,132.6,132.8,131.7,132.35
1677758400000,132.35,132.65,130.7,131.5
1677772800000,131.5,132.0,129.55,131.75
1677787200000,131.75,132.35,131.1,131.7
1677801600000,131.7,131.8,119.3,124.05
1677816000000,124.05,125.1,123.85,124.75
1677830400000,124.75,125.4,124.75,125.0
1677844800000,125.0,126.05,124.4,125.05
1677859200000,125.05,125.9,124.85,125.45
1677873600000,125.45,126.25,124.35,126.25
1677888000000,126.25,127.0,125.8,125.95
1677902400000,125.95,126.2,125.0,125.8
1677916800000,125.8,126.2,125.55,126.05
1677931200000,126.05,126.55,125.8,125.9
1677945600000,125.9,126.15,123.85,124.25
1677960000000,124.25,124.5,122.2,124.3
1677974400000,124.3,126.5,123.8,125.65
1677988800000,125.65,126.15,125.05,125.05
1678003200000,125.05,125.4,124.6,125.2
1678017600000,125.2,125.65,124.8,124.95
1678032000000,124.95,125.0,124.35,124.55
1678046400000,124.55,125.15,123.05,123.95
1678060800000,123.95,124.15,122.05,123.1
1678075200000,123.1,123.3,122.25,122.95
1678089600000,122.95,123.85,122.3,123.3
1678104000000,123.3,124.55,123.1,124.3
1678118400000,124.3,124.85,123.25,123.45
1678132800000,123.45,124.4,123.25,124.1
1678147200000,124.1,125.8,123.7,124.9
1678161600000,124.9,125.5,124.65,124.65
1678176000000,124.65,124.8,123.05,123.2
1678190400000,123.2,123.65,120.45,122.5
1678204800000,122.5,123.35,121.5,122.4
1678219200000,122.4,122.5,119.9,122.1
1678233600000,122.1,122.5,120.85,121.35
1678248000000,121.35,121.6,119.2,119.6
1678262400000,119.6,121.15,119.45,120.8
1678276800000,120.8,121.05,117.45,119.85
1678291200000,119.85,120.0,117.75,118.5
1678305600000,118.5,119.75,114.3,116.5
1678320000000,116.5,117.9,116.05,117.75
1678334400000,117.75,118.0,116.75,116.9
1678348800000,116.9,117.25,116.0,117.0
1678363200000,117.0,118.3,116.35,117.3
1678377600000,117.3,117.65,112.15,112.75
1678392000000,112.75,112.8,106.1,110.05
1678406400000,110.05,110.2,107.45,109.05
1678420800000,109.05,109.45,107.55,108.95
1678435200000,108.95,109.15,104.9,107.4
1678449600000,107.4,110.85,107.0,109.6
1678464000000,109.6,110.95,108.65,110.25
1678478400000,110.25,111.8,109.3,111.45
1678492800000,111.45,114.95,111.15,112.95
1678507200000,112.95,113.2,107.05,108.8
1678521600000,108.8,110.2,107.6,108.75
1678536000000,108.75,110.05,108.7,108.95
1678550400000,108.95,112.1,108.45,112.05
1678564800000,112.05,113.6,112.05,113.45
1678579200000,113.45,113.95,112.5,112.6
1678593600000,112.6,114.35,111.9,112.3
1678608000000,112.3,113.6,112.15,113.1
1678622400000,113.1,113.7,112.25,112.9
1678636800000,112.9,117.95,112.75,116.65
1678651200000,116.65,120.85,116.65,120.2
1678665600000,120.2,122.1,119.3,119.6
1678680000000,119.6,122.65,119.35,121.85
1678694400000,121.85,122.35,118.95,120.8
1678708800000,120.8,127.95,120.05,126.55
1678723200000,126.55,127.5,125.5,126.45
1678737600000,126.45,127.1,125.55,126.55
1678752000000,126.55,127.45,126.1,126.7
1678766400000,126.7,127.6,125.3,126.4
1678780800000,126.4,127.6,125.2,126.9
1678795200000,126.9,136.1,126.65,135.2
1678809600000,135.2,135.7,128.85,131.65
1678824000000,131.65,132.1,127.8,131.1
1678838400000,131.1,132.6,129.6,132.35
1678852800000,132.35,133.7,131.7,132.55
1678867200000,132.55,132.65,128.2,129.9
1678881600000,129.9,131.25,125.05,125.9
1678896000000,125.9,126.0,121.85,123.65
1678910400000,123.65,124.6,122.4,123.15
1678924800000,123.15,124.4,122.0,123.2
1678939200000,123.2,125.2,122.2,125.0
1678953600000,125.0,126.25,123.85,125.6
1678968000000,125.6,125.85,122.8,125.65
1678982400000,125.65,126.85,124.4,125.95
1678996800000,125.95,126.1,124.0,125.6
1679011200000,125.6,128.9,124.75,128.15
1679025600000,128.15,129.45,127.1,128.5
1679040000000,128.5,133.3,128.35,132.75
1679054400000,132.75,132.8,128.8,130.1
1679068800000,130.1,132.6,129.9,132.3
1679083200000,132.3,135.55,131.3,135.35
1679097600000,135.35,137.9,134.2,136.95
1679112000000,136.95,137.2,135.7,136.4
1679126400000,136.4,136.4,134.1,135.85
1679140800000,135.85,136.0,131.75,132.5
1679155200000,132.5,134.1,130.05,133.15
1679169600000,133.15,133.9,130.3,130.95
1679184000000,130.95,133.9,130.9,133.8
1679198400000,133.8,133.95,131.9,133.1
1679212800000,133.1,134.6,132.15,134.35
1679227200000,134.35,136.4,133.65,135.0
1679241600000,135.0,136.9,134.5,135.55
1679256000000,135.55,136.1,133.7,135.7
1679270400000,135.7,139.45,132.4,133.05
1679284800000,133.05,135.25,131.85,135.2
1679299200000,135.2,137.45,133.75,133.9
1679313600000,133.9,135.35,132.9,133.1
1679328000000,133.1,133.6,129.3,130.55
1679342400000,130.55,132.1,129.6,130.05
1679356800000,130.05,132.25,129.75,131.25
1679371200000,131.25,131.4,126.7,126.8
1679385600000,126.8,129.45,125.5,129.2
1679400000000,129.2,134.0,128.85,132.15
1679414400000,132.15,133.85,130.7,133.45
1679428800000,133.45,134.45,132.45,133.85
1679443200000,133.85,134.05,131.45,132.8
1679457600000,132.8,133.45,131.35,132.15
1679472000000,132.15,133.0,130.95,131.9
1679486400000,131.9,134.1,131.3,132.1
1679500800000,132.1,132.1,122.45,123.8
1679515200000,123.8,126.05,123.25,125.85
1679529600000,125.85,126.45,124.35,124.95
1679544000000,124.95,127.7,124.95,127.5
1679558400000,127.5,129.0,127.35,128.45
1679572800000,128.45,131.05,126.25,130.1
1679587200000,130.1,130.5,126.1,127.65
1679601600000,127.65,128.85,126.9,128.55
1679616000000,128.55,129.2,128.0,128.35
1679630400000,128.35,131.75,127.7,131.2
1679644800000,131.2,131.7,124.15,124.95
1679659200000,124.95,126.9,123.7,124.9
1679673600000,124.9,125.55,121.35,125.15
1679688000000,125.15,125.15,122.05,123.6
1679702400000,123.6,125.7,123.6,125.2
1679716800000,125.2,125.85,124.7,124.8
1679731200000,124.8,125.6,123.25,125.35
1679745600000,125.35,127.4,124.75,126.55
1679760000000,126.55,126.75,123.1,123.2
1679774400000,123.2,125.1,123.05,125.0
1679788800000,125.0,125.7,124.45,124.95
1679803200000,124.95,125.5,124.7,125.15
1679817600000,125.15,126.5,124.85,125.75
1679832000000,125.75,127.1,124.4,125.0
1679846400000,125.0,125.15,124.0,124.35
1679860800000,124.35,125.15,123.4,124.65
1679875200000,124.65,124.85,123.15,123.9
1679889600000,123.9,124.15,122.05,122.45
1679904000000,122.45,123.3,121.75,123.25
1679918400000,123.25,123.5,116.45,118.7
1679932800000,118.7,119.7,118.35,118.45
1679947200000,118.45,120.35,118.2,120.3
1679961600000,120.3,121.25,119.75,119.95
1679976000000,119.95,122.25,119.9,120.85
1679990400000,120.85,120.95,119.1,120.5
1680004800000,120.5,121.6,119.75,120.5
1680019200000,120.5,122.2,119.05,121.7
1680033600000,121.7,121.9,119.95,120.8
1680048000000,120.8,121.4,120.35,121.1
1680062400000,121.1,123.25,120.75,122.85
1680076800000,122.85,124.5,122.6,124.2
1680091200000,124.2,124.55,122.65,124.1
1680105600000,124.1,124.15,123.05,123.85
1680120000000,123.85,123.95,122.0,123.2
1680134400000,123.2,125.1,121.2,122.7
1680148800000,122.7,124.05,122.3,123.3
1680163200000,123.3,123.4,121.45,123.1
1680177600000,123.1,123.15,121.65,121.8
1680192000000,121.8,121.85,118.9,119.9
1680206400000,119.9,121.1,119.4,121.0
1680220800000,121.0,122.55,120.35,121.95
1680235200000,121.95,122.15,120.1,120.95
1680249600000,120.95,122.05,120.8,121.8
1680264000000,121.8,124.45,121.7,123.5
1680278400000,123.5,124.55,123.0,124.05
1680292800000,124.05,124.35,123.25,123.85
1680307200000,123.85,125.7,123.8,125.25
1680321600000,125.25,125.9,123.95,124.35
1680336000000,124.35,125.4,124.05,124.4
1680350400000,124.4,124.8,123.35,123.8
1680364800000,123.8,125.85,123.35,125.5
1680379200000,125.5,127.6,125.25,126.05
1680393600000,126.05,126.45,125.1,125.8
1680408000000,125.8,126.0,125.0,125.25
1680422400000,125.25,125.8,124.85,125.0
1680436800000,125.0,125.1,121.8,122.5
1680451200000,122.5,123.1,121.05,121.55
1680465600000,121.55,123.1,121.3,122.85
1680480000000,122.85,125.4,119.55,124.45
1680494400000,124.45,128.4,122.75,127.5
1680508800000,127.5,129.55,126.75,127.25
1680523200000,127.25,128.8,125.8,127.0
1680537600000,127.0,129.3,126.25,128.1
1680552000000,128.1,128.85,124.15,127.8
1680566400000,127.8,128.25,126.65,127.45
1680580800000,127.45,127.9,126.1,126.35
1680595200000,126.35,127.85,125.85,127.6
1680609600000,127.6,128.15,126.25,126.85
1680624000000,126.85,127.4,126.65,127.35
1680638400000,127.35,128.05,126.45,126.95
1680652800000,126.95,129.2,125.8,128.75
1680667200000,128.75,129.05,128.4,128.9
1680681600000,128.9,130.1,128.15,129.6
1680696000000,129.6,129.7,125.05,126.5
1680710400000,126.5,127.65,125.8,127.25
1680724800000,127.25,127.45,126.7,127.1
1680739200000,127.1,127.2,124.65,126.75
1680753600000,126.75,127.0,125.8,125.8
1680768000000,125.8,126.75,125.1,126.1
1680782400000,126.1,127.5,125.05,126.85
1680796800000,126.85,127.15,126.0,126.5
1680811200000,126.5,126.7,125.25,125.85
1680825600000,125.85,126.5,125.1,125.75
1680840000000,125.75,126.2,124.2,124.25
1680854400000,124.25,124.5,123.2,123.5
1680868800000,123.5,124.7,123.15,124.6
1680883200000,124.6,124.65,123.75,124.2
1680897600000,124.2,124.7,123.8,124.55
1680912000000,124.55,124.6,123.65,124.3
1680926400000,124.3,125.15,124.05,124.7
1680940800000,124.7,125.0,124.0,124.25
1680955200000,124.25,124.75,124.0,124.45
1680969600000,124.45,124.65,122.7,123.3
1680984000000,123.3,123.9,122.9,123.75
1680998400000,123.75,124.7,123.6,124.45
1681012800000,124.45,124.9,123.3,123.9
1681027200000,123.9,124.25,123.6,124.2
1681041600000,124.2,124.75,123.7,124.25
1681056000000,124.25,124.95,123.65,124.85
1681070400000,124.85,126.3,124.7,125.45
1681084800000,125.45,126.0,123.95,124.8
1681099200000,124.8,125.3,124.3,125.3
1681113600000,125.3,125.85,125.15,125.2
1681128000000,125.2,125.45,124.35,125.1
1681142400000,125.1,127.45,124.5,127.15
1681156800000,127.15,128.7,126.25,127.95
1681171200000,127.95,129.4,127.35,128.75
1681185600000,128.75,129.8,128.4,129.35
1681200000000,129.35,129.5,128.6,128.65
1681214400000,128.65,129.2,127.7,128.75
1681228800000,128.75,130.65,128.65,129.0
1681243200000,129.0,129.6,128.3,129.05
1681257600000,129.05,129.65,125.35,126.0
1681272000000,126.0,127.7,125.75,127.3
1681286400000,127.3,127.5,126.45,127.0
1681300800000,127.0,129.85,126.15,128.65
1681315200000,128.65,129.1,127.8,128.2
1681329600000,128.2,129.15,128.1,128.7
1681344000000,128.7,128.95,127.9,128.55
1681358400000,128.55,128.9,128.25,128.75
1681372800000,128.75,130.95,128.6,130.2
1681387200000,130.2,131.7,130.15,131.1
1681401600000,131.1,131.6,130.55,130.9
1681416000000,130.9,131.2,130.3,131.0
1681430400000,131.0,134.4,131.0,133.4
1681444800000,133.4,134.35,132.55,132.7
1681459200000,132.7,133.65,132.15,133.45
1681473600000,133.45,133.55,129.0,129.25
1681488000000,129.25,132.05,128.9,132.05
1681502400000,132.05,133.15,131.7,132.1
1681516800000,132.1,132.65,130.65,131.2
1681531200000,131.2,132.05,130.65,131.8
1681545600000,131.8,133.0,131.65,132.7
1681560000000,132.7,132.9,131.6,132.15
1681574400000,132.15,132.85,131.65,132.85
1681588800000,132.85,133.6,132.1,132.5
1681603200000,132.5,132.9,130.95,132.1
1681617600000,132.1,133.65,131.9,133.2
1681632000000,133.2,133.8,132.85,133.0
1681646400000,133.0,135.35,132.8,135.2
1681660800000,135.2,136.2,134.5,135.0
1681675200000,135.0,135.95,134.0,134.3
1681689600000,134.3,134.5,131.25,133.25
1681704000000,133.25,133.55,132.45,132.75
1681718400000,132.75,133.25,131.05,132.0
1681732800000,132.0,132.3,130.2,130.75
1681747200000,130.75,132.05,130.6,131.9
1681761600000,131.9,132.05,131.1,131.5
1681776000000,131.5,132.5,130.25,132.35
1681790400000,132.35,133.15,132.2,133.0
1681804800000,133.0,134.1,132.65,134.05
1681819200000,134.05,134.2,131.85,132.7
1681833600000,132.7,133.3,131.5,132.2
1681848000000,132.2,133.8,131.85,133.55
1681862400000,133.55,133.9,132.8,133.2
1681876800000,133.2,133.45,132.1,132.5
1681891200000,132.5,132.5,122.75,126.9
1681905600000,126.9,128.1,126.35,127.05
1681920000000,127.05,127.65,126.2,126.35
1681934400000,126.35,127.05,122.55,124.85
1681948800000,124.85,126.3,124.25,126.2
1681963200000,126.2,126.45,125.2,125.2
1681977600000,125.2,126.15,124.85,125.0
1681992000000,125.0,126.75,123.6,123.85
1682006400000,123.85,124.05,121.2,121.8
1682020800000,121.8,123.3,121.75,123.1
1682035200000,123.1,123.95,122.75,123.65
1682049600000,123.65,123.85,121.3,123.2
1682064000000,123.2,123.65,122.15,122.4
1682078400000,122.4,123.7,121.35,122.85
1682092800000,122.85,124.95,118.65,119.7
1682107200000,119.7,119.95,118.15,119.75
1682121600000,119.75,120.4,119.05,120.35
1682136000000,120.35,120.95,120.1,120.35
1682150400000,120.35,121.1,120.25,120.7
1682164800000,120.7,122.5,120.65,122.3
1682179200000,122.3,122.75,121.45,122.05
1682193600000,122.05,122.5,121.6,121.95
1682208000000,121.95,122.7,120.25,121.45
1682222400000,121.45,122.1,121.35,122.0
1682236800000,122.0,122.2,120.55,121.1
1682251200000,121.1,121.4,119.3,119.95
1682265600000,119.95,120.55,117.85,118.8
1682280000000,118.8,119.95,118.25,119.75
1682294400000,119.75,121.55,119.05,120.55
1682308800000,120.55,120.6,118.75,119.85
1682323200000,119.85,120.8,119.25,120.8
1682337600000,120.8,121.3,119.5,119.95
1682352000000,119.95,120.6,118.55,118.65
1682366400000,118.65,119.55,118.6,119.1
1682380800000,119.1,119.5,117.75,117.95
1682395200000,117.95,118.95,117.05,117.3
1682409600000,117.3,118.8,116.7,118.1
1682424000000,118.1,118.4,116.35,117.0
1682438400000,117.0,118.25,116.8,117.65
1682452800000,117.65,120.3,117.6,120.05
1682467200000,120.05,120.4,119.35,119.65
1682481600000,119.65,120.4,118.7,118.95
1682496000000,118.95,121.3,118.9,120.75
1682510400000,120.75,123.15,120.75,122.55
1682524800000,122.55,123.2,113.9,115.1
1682539200000,115.1,117.55,111.25,117.4
1682553600000,117.4,120.25,117.15,118.4
1682568000000,118.4,119.15,116.65,117.65
1682582400000,117.65,118.05,116.7,117.15
1682596800000,117.15,118.25,116.1,117.25
1682611200000,117.25,118.45,116.6,117.85
1682625600000,117.85,118.2,116.2,117.05
1682640000000,117.05,117.2,116.25,116.8
1682654400000,116.8,117.95,116.8,117.95
1682668800000,117.95,118.0,116.7,117.25
1682683200000,117.25,118.05,115.3,117.05
1682697600000,117.05,120.25,116.3,117.45
1682712000000,117.45,118.1,117.4,117.95
1682726400000,117.95,118.5,117.6,118.3
1682740800000,118.3,119.35,118.25,118.75
1682755200000,118.75,119.55,118.6,119.45
1682769600000,119.45,120.1,119.05,119.35
1682784000000,119.35,119.55,117.75,119.45
1682798400000,119.45,119.85,119.15,119.75
1682812800000,119.75,119.75,118.5,118.75
1682827200000,118.75,119.4,118.7,118.95
1682841600000,118.95,119.55,118.65,118.85
1682856000000,118.85,120.55,118.8,119.75
1682870400000,119.75,120.85,118.45,119.0
1682884800000,119.0,119.0,117.45,117.5
1682899200000,117.5,118.3,114.95,117.1
1682913600000,117.1,117.6,116.25,117.3
1682928000000,117.3,117.75,116.75,116.75
1682942400000,116.75,117.25,116.0,116.4
1682956800000,116.4,116.8,115.05,115.6
1682971200000,115.6,117.05,115.45,116.9
1682985600000,116.9,117.1,116.35,116.9
1683000000000,116.9,118.0,116.7,117.85
1683014400000,117.85,119.4,117.45,118.9
1683028800000,118.9,119.2,117.45,118.35
1683043200000,118.35,119.6,118.05,118.9
1683057600000,118.9,119.6,118.9,119.1
1683072000000,119.1,119.25,117.95,118.6
1683086400000,118.6,118.95,118.4,118.5
1683100800000,118.5,118.65,117.5,117.55
1683115200000,117.55,117.65,115.85,116.4
1683129600000,116.4,118.0,116.15,116.9
1683144000000,116.9,120.7,116.85,119.95
1683158400000,119.95,120.05,118.75,119.05
1683172800000,119.05,119.3,118.35,118.4
1683187200000,118.4,118.85,117.95,118.1
1683201600000,118.1,118.25,116.55,117.05
1683216000000,117.05,117.45,116.4,116.9
1683230400000,116.9,117.35,116.75,117.3
1683244800000,117.3,118.85,117.25,118.05
1683259200000,118.05,118.4,117.8,118.0
1683273600000,118.0,118.65,117.85,118.45
1683288000000,118.45,119.65,116.4,119.55
1683302400000,119.55,120.9,119.1,120.1
1683316800000,120.1,120.25,119.6,120.1
1683331200000,120.1,120.55,118.6,118.85
1683345600000,118.85,119.3,118.65,118.75
1683360000000,118.75,118.75,117.65,118.55
1683374400000,118.55,118.6,115.1,115.85
1683388800000,115.85,117.5,115.7,116.95
1683403200000,116.95,117.2,116.3,116.8
1683417600000,116.8,117.45,116.25,116.45
1683432000000,116.45,117.1,116.4,116.95
1683446400000,116.95,117.2,116.6,116.75
1683460800000,116.75,117.6,116.7,116.95
1683475200000,116.95,117.25,116.35,116.75
1683489600000,116.75,117.15,115.65,115.95
1683504000000,115.95,116.75,110.6,113.75
1683518400000,113.75,113.8,111.3,112.2
1683532800000,112.2,113.45,111.65,112.95
1683547200000,112.95,113.4,112.05,112.85
1683561600000,112.85,112.9,106.5,110.1
1683576000000,110.1,111.5,110.0,111.1
1683590400000,111.1,111.7,110.2,110.4
1683604800000,110.4,120.45,110.4,119.7
1683619200000,119.7,123.85,118.5,121.75
1683633600000,121.75,123.0,119.95,120.8
1683648000000,120.8,123.6,119.6,121.9
1683662400000,121.9,122.65,120.9,122.1
1683676800000,122.1,123.4,119.45,119.85
1683691200000,119.85,120.6,118.45,119.05
1683705600000,119.05,120.55,118.55,119.85
1683720000000,119.85,122.7,116.7,117.3
1683734400000,117.3,117.6,111.8,115.2
1683748800000,115.2,116.7,114.95,115.6
1683763200000,115.6,115.65,113.5,113.6
1683777600000,113.6,114.55,113.55,113.8
1683792000000,113.8,114.25,112.65,113.85
1683806400000,113.85,114.9,111.45,113.05
1683820800000,113.05,113.45,109.95,112.15
1683835200000,112.15,113.7,112.0,113.25
1683849600000,113.25,115.55,112.8,112.85
1683864000000,112.85,115.05,112.35,114.3
1683878400000,114.3,114.6,113.65,114.0
1683892800000,114.0,114.3,112.85,113.3
1683907200000,113.3,114.75,112.0,114.4
1683921600000,114.4,115.4,114.0,114.7
1683936000000,114.7,114.85,113.7,114.35
1683950400000,114.35,114.5,113.55,113.85
1683964800000,113.85,114.45,113.5,113.6
1683979200000,113.6,113.7,112.35,113.15
1683993600000,113.15,114.05,112.85,113.1
1684008000000,113.1,113.35,112.75,112.85
1684022400000,112.85,114.4,112.75,114.3
1684036800000,114.3,114.3,113.7,113.75
1684051200000,113.75,114.25,113.6,114.25
1684065600000,114.25,116.0,113.7,115.1
1684080000000,115.1,115.25,113.9,114.15
1684094400000,114.15,115.45,113.95,115.15
1684108800000,115.15,119.6,114.2,119.05
1684123200000,119.05,120.55,118.25,119.8
1684137600000,119.8,120.7,118.55,118.95
1684152000000,118.95,119.1,116.7,117.75
1684166400000,117.75,118.25,116.0,116.7
1684180800000,116.7,117.2,115.75,116.0
1684195200000,116.0,116.85,113.9,115.5
1684209600000,115.5,116.25,114.9,116.05
1684224000000,116.05,116.15,115.15,115.8
1684238400000,115.8,116.3,114.95,116.05
1684252800000,116.05,117.5,115.9,116.1
1684267200000,116.1,117.05,116.1,116.65
1684281600000,116.65,117.75,116.05,117.15
1684296000000,117.15,117.3,115.15,115.8
1684310400000,115.8,116.7,115.3,116.0
1684324800000,116.0,117.45,115.85,116.95
1684339200000,116.95,118.65,116.65,118.1
1684353600000,118.1,118.3,117.3,117.9
1684368000000,117.9,118.0,117.1,117.8
1684382400000,117.8,117.85,116.55,117.0
1684396800000,117.0,117.25,116.65,117.05
1684411200000,117.05,117.4,115.95,116.3
1684425600000,116.3,116.7,112.75,113.7
1684440000000,113.7,117.1,113.6,115.2
1684454400000,115.2,116.05,114.8,115.75
1684468800000,115.75,115.9,115.3,115.55
1684483200000,115.55,115.9,115.2,115.35
1684497600000,115.35,115.75,114.4,115.25
1684512000000,115.25,115.7,114.85,115.2
1684526400000,115.2,115.75,115.05,115.55
1684540800000,115.55,115.65,114.6,114.6
1684555200000,114.6,115.35,114.5,115.35
1684569600000,115.35,116.9,115.25,116.3
1684584000000,116.3,116.5,115.85,116.2
1684598400000,116.2,116.95,115.9,116.35
1684612800000,116.35,116.55,116.05,116.5
1684627200000,116.5,117.1,116.25,116.4
1684641600000,116.4,116.4,115.6,115.65
1684656000000,115.65,116.05,114.45,114.8
1684670400000,114.8,115.5,114.25,114.95
1684684800000,114.95,115.1,114.45,114.95
1684699200000,114.95,115.1,113.8,114.6
1684713600000,114.6,114.9,112.9,113.9
1684728000000,113.9,114.5,113.85,114.4
1684742400000,114.4,114.85,114.1,114.45
1684756800000,114.45,115.2,113.7,114.15
1684771200000,114.15,114.9,113.95,114.8
1684785600000,114.8,115.2,114.6,114.6
1684800000000,114.6,117.35,114.6,116.85
1684814400000,116.85,117.0,115.55,115.85
1684828800000,115.85,116.15,115.55,115.75
1684843200000,115.75,115.95,115.15,115.85
1684857600000,115.85,115.9,114.9,115.45
1684872000000,115.45,115.8,115.3,115.65
1684886400000,115.65,115.7,112.95,113.5
1684900800000,113.5,113.5,112.15,112.4
1684915200000,112.4,113.2,112.25,112.55
1684929600000,112.55,113.0,110.7,112.0
1684944000000,112.0,112.15,111.1,111.55
1684958400000,111.55,112.4,111.4,112.0
1684972800000,112.0,112.2,109.1,111.45
1684987200000,111.45,111.5,110.35,111.0
1685001600000,111.0,111.55,110.95,111.35
1685016000000,111.35,112.0,110.8,111.0
1685030400000,111.0,112.25,110.95,112.1
1685044800000,112.1,112.1,111.6,111.85
1685059200000,111.85,112.5,111.4,112.45
1685073600000,112.45,113.25,112.15,113.05
1685088000000,113.05,113.25,112.3,112.55
1685102400000,112.55,113.4,112.25,112.9
1685116800000,112.9,113.7,112.55,113.6
1685131200000,113.6,113.65,113.05,113.15
1685145600000,113.15,113.45,112.7,113.35
1685160000000,113.35,113.55,112.95,113.0
1685174400000,113.0,113.1,112.65,112.65
1685188800000,112.65,113.1,111.95,112.85
1685203200000,112.85,113.45,112.7,113.45
1685217600000,113.45,113.95,113.35,113.7
1685232000000,113.7,114.9,113.65,114.6
1685246400000,114.6,114.75,114.05,114.35
1685260800000,114.35,114.4,113.8,113.9
1685275200000,113.9,114.2,113.8,114.15
1685289600000,114.15,114.75,113.8,114.35
1685304000000,114.35,116.75,114.35,116.4
1685318400000,116.4,116.8,115.45,115.55
1685332800000,115.55,116.35,115.05,116.35
1685347200000,116.35,116.7,115.7,116.65
1685361600000,116.65,117.25,115.85,115.9
1685376000000,115.9,116.15,115.05,115.2
1685390400000,115.2,115.65,114.65,114.85
1685404800000,114.85,115.15,114.1,114.95
1685419200000,114.95,115.1,114.5,114.65
1685433600000,114.65,115.65,114.6,115.6
1685448000000,115.6,115.65,114.1,114.7
1685462400000,114.7,114.8,114.0,114.45
1685476800000,114.45,114.95,113.9,113.95
1685491200000,113.95,114.25,113.15,114.15
1685505600000,114.15,114.15,112.0,112.5
1685520000000,112.5,112.85,112.25,112.45
1685534400000,112.45,112.9,112.05,112.25
1685548800000,112.25,112.85,112.05,112.55
1685563200000,112.55,113.3,112.5,113.2
1685577600000,113.2,113.5,111.5,112.6
1685592000000,112.6,112.95,112.25,112.75
1685606400000,112.75,113.25,112.65,112.85
1685620800000,112.85,113.2,112.6,113.1
1685635200000,113.1,113.55,112.5,113.05
1685649600000,113.05,113.45,112.9,113.25
1685664000000,113.25,115.35,112.7,114.45
1685678400000,114.45,114.8,114.2,114.2
1685692800000,114.2,114.65,114.2,114.4
1685707200000,114.4,114.55,113.5,114.1
1685721600000,114.1,114.85,114.0,114.8
1685736000000,114.8,114.95,114.45,114.75
1685750400000,114.75,114.9,114.15,114.45
1685764800000,114.45,114.85,114.35,114.7
1685779200000,114.7,115.1,114.6,114.85
1685793600000,114.85,115.2,114.7,115.2
1685808000000,115.2,115.25,114.2,114.3
1685822400000,114.3,114.95,114.15,114.95
1685836800000,114.95,114.95,114.1,114.85
1685851200000,114.85,116.85,114.8,116.45
1685865600000,116.45,116.85,116.2,116.3
1685880000000,116.3,116.75,115.9,116.55
1685894400000,116.55,116.7,116.15,116.5
1685908800000,116.5,116.95,115.3,115.6
1685923200000,115.6,115.6,114.05,114.1
1685937600000,114.1,114.3,113.4,113.9
1685952000000,113.9,113.9,113.5,113.7
1685966400000,113.7,113.7,108.65,108.75
1685980800000,108.75,109.5,106.7,108.55
1685995200000,108.55,108.8,107.25,108.6
1686009600000,108.6,109.35,108.5,109.3
1686024000000,109.3,109.7,109.1,109.15
1686038400000,109.15,109.5,108.75,109.0
1686052800000,109.0,109.95,107.4,109.6
1686067200000,109.6,113.0,109.55,112.75
1686081600000,112.75,114.8,112.35,114.65
1686096000000,114.65,116.7,113.4,113.7
1686110400000,113.7,113.9,113.05,113.3
1686124800000,113.3,113.8,111.25,112.5
1686139200000,112.5,112.85,110.45,111.1
1686153600000,111.1,111.8,110.2,111.45
1686168000000,111.45,111.5,109.9,111.1
1686182400000,111.1,111.75,110.15,110.95
1686196800000,110.95,111.5,110.35,111.2
1686211200000,111.2,112.0,111.05,111.75
1686225600000,111.75,112.4,111.3,112.1
1686240000000,112.1,112.1,110.95,111.7
1686254400000,111.7,111.8,111.3,111.8
1686268800000,111.8,111.8,110.6,111.35
1686283200000,111.35,111.6,110.3,110.4
1686297600000,110.4,111.1,110.15,111.05
1686312000000,111.05,112.0,110.75,110.85
1686326400000,110.85,111.0,109.5,109.7
1686340800000,109.7,111.0,109.55,110.7
1686355200000,110.7,110.9,107.8,108.15
1686369600000,108.15,108.45,89.55,98.9
1686384000000,98.9,101.25,98.65,101.15
1686398400000,101.15,102.05,100.3,101.15
1686412800000,101.15,103.55,99.65,103.15
1686427200000,103.15,103.95,102.6,103.4
1686441600000,103.4,103.55,101.95,102.25
1686456000000,102.25,102.7,101.5,102.5
1686470400000,102.5,102.95,101.65,102.55
1686484800000,102.55,102.6,101.85,101.95
1686499200000,101.95,103.2,101.95,102.75
1686513600000,102.75,103.4,101.75,102.8
1686528000000,102.8,104.25,100.3,102.25
1686542400000,102.25,102.85,101.7,101.85
1686556800000,101.85,103.35,101.8,102.45
1686571200000,102.45,102.5,101.45,101.75
1686585600000,101.75,102.35,100.75,101.9
1686600000000,101.9,102.75,101.8,102.7
1686614400000,102.7,104.5,102.05,104.0
1686628800000,104.0,104.85,103.7,104.35
1686643200000,104.35,105.75,104.2,105.65
1686657600000,105.65,106.8,104.0,104.3
1686672000000,104.3,106.4,104.2,105.8
1686686400000,105.8,106.05,104.7,105.35
1686700800000,105.35,106.2,104.9,106.15
1686715200000,106.15,106.2,104.95,105.15
1686729600000,105.15,105.85,105.15,105.7
1686744000000,105.7,106.0,105.05,105.2
1686758400000,105.2,105.75,104.05,104.55
1686772800000,104.55,104.6,100.4,101.7
1686787200000,101.7,103.75,101.6,103.5
1686801600000,103.5,103.5,102.15,102.4
1686816000000,102.4,103.85,102.2,103.75
1686830400000,103.75,104.5,103.05,103.25
1686844800000,103.25,105.1,102.75,104.5
1686859200000,104.5,105.0,103.45,104.8
1686873600000,104.8,105.3,104.0,105.1
1686888000000,105.1,105.2,104.5,104.5
1686902400000,104.5,104.9,103.3,103.75
1686916800000,103.75,104.6,102.55,104.45
1686931200000,104.45,107.15,104.3,106.75
1686945600000,106.75,109.4,106.35,108.0
1686960000000,108.0,108.1,106.6,106.8
1686974400000,106.8,108.55,106.55,107.3
1686988800000,107.3,107.4,106.45,106.85
1687003200000,106.85,107.2,106.05,106.4
1687017600000,106.4,106.95,106.1,106.65
1687032000000,106.65,107.25,106.3,106.5
1687046400000,106.5,107.45,105.65,107.25
1687060800000,107.25,108.7,106.8,108.05
1687075200000,108.05,108.5,107.7,108.0
1687089600000,108.0,108.25,107.45,107.95
1687104000000,107.95,108.2,107.05,107.5
1687118400000,107.5,107.5,105.4,106.9
1687132800000,106.9,107.2,106.35,106.75
1687147200000,106.75,107.2,106.75,106.8
1687161600000,106.8,107.15,106.05,106.5
1687176000000,106.5,106.85,105.35,105.6
1687190400000,105.6,107.05,104.7,105.9
1687204800000,105.9,106.8,105.9,106.75
1687219200000,106.75,107.35,106.05,106.15
1687233600000,106.15,106.7,105.8,106.45
1687248000000,106.45,106.8,105.95,106.65
1687262400000,106.65,106.95,105.1,106.15
1687276800000,106.15,110.6,105.9,109.0
1687291200000,109.0,109.95,108.6,109.95
1687305600000,109.95,112.55,109.55,112.55
1687320000000,112.55,138.85,112.25,132.2
1687334400000,132.2,132.9,126.5,129.15
1687348800000,129.15,134.65,127.2,131.5
1687363200000,131.5,140.65,131.1,135.1
1687377600000,135.1,136.9,133.4,135.55
1687392000000,135.55,149.0,134.8,140.35
1687406400000,140.35,140.35,133.45,135.6
1687420800000,135.6,135.95,128.15,130.05
1687435200000,130.05,135.9,130.0,133.7
1687449600000,133.7,137.4,133.6,135.7
1687464000000,135.7,135.8,133.25,133.35
1687478400000,133.35,141.65,133.3,138.85
1687492800000,138.85,144.55,138.6,142.3
1687507200000,142.3,144.35,140.5,143.7
1687521600000,143.7,168.15,141.05,167.4
1687536000000,167.4,193.15,164.85,181.95
1687550400000,181.95,186.6,172.65,182.05
1687564800000,182.05,199.0,178.7,190.65
1687579200000,190.65,195.7,180.4,182.3
1687593600000,182.3,195.8,181.25,190.95
1687608000000,190.95,200.85,181.6,186.9
1687622400000,186.9,193.95,183.1,191.1
1687636800000,191.1,221.45,187.85,212.2
1687651200000,212.2,219.85,203.85,209.85
1687665600000,209.85,212.3,198.05,203.45
1687680000000,203.45,205.1,195.0,202.9
1687694400000,202.9,203.6,186.4,190.25
1687708800000,190.25,192.5,185.45,190.25
1687723200000,190.25,202.7,189.95,193.9
1687737600000,193.9,199.3,187.25,194.9
1687752000000,194.9,198.3,190.65,193.25
1687766400000,193.25,197.35,188.85,197.1
1687780800000,197.1,226.85,195.65,222.05
1687795200000,222.05,228.9,211.7,224.5
1687809600000,224.5,236.55,217.05,223.45
1687824000000,223.45,224.95,215.95,220.7
1687838400000,220.7,227.1,216.6,218.75
1687852800000,218.75,237.85,216.0,234.35
1687867200000,234.35,237.9,223.35,225.35
1687881600000,225.35,235.35,224.05,230.9
1687896000000,230.9,235.25,227.7,229.8
1687910400000,229.8,235.95,225.0,232.5
1687924800000,232.5,244.75,219.4,222.4
1687939200000,222.4,236.0,220.2,233.25
1687953600000,233.25,234.85,226.5,232.05
1687968000000,232.05,232.5,220.6,224.7
1687982400000,224.7,229.1,222.4,224.8
1687996800000,224.8,231.95,223.35,227.6
1688011200000,227.6,229.95,224.25,229.05
1688025600000,229.05,246.45,227.6,241.85
1688040000000,241.85,249.45,239.15,242.0
1688054400000,242.0,248.55,239.2,247.05
1688068800000,247.05,257.1,242.1,252.8
1688083200000,252.8,328.0,251.5,299.45
1688097600000,299.45,318.45,289.7,301.4
1688112000000,301.4,315.0,299.25,306.8
1688126400000,306.8,314.95,273.05,294.7
1688140800000,294.7,329.1,287.1,301.2
1688155200000,301.2,313.6,297.95,304.05
1688169600000,304.05,309.95,289.3,294.5
1688184000000,294.5,296.2,280.1,295.3
1688198400000,295.3,300.8,287.9,292.2
1688212800000,292.2,295.55,284.8,290.85
1688227200000,290.85,295.15,285.85,291.25
1688241600000,291.25,294.0,287.15,291.1
1688256000000,291.1,295.0,268.35,271.2
1688270400000,271.2,291.8,268.1,287.85
1688284800000,287.85,309.0,285.6,298.2
1688299200000,298.2,302.85,289.55,295.0
1688313600000,295.0,298.35,288.15,295.3
1688328000000,295.3,304.4,292.1,298.75
1688342400000,298.75,302.4,292.9,298.65
1688356800000,298.65,299.8,289.2,295.0
1688371200000,295.0,297.0,289.5,293.1
1688385600000,293.1,295.0,286.3,289.95
1688400000000,289.95,290.55,282.45,287.75
1688414400000,287.75,292.5,278.4,291.65
1688428800000,291.65,293.2,280.7,285.75
1688443200000,285.75,286.35,279.1,280.25
1688457600000,280.25,285.7,276.1,284.25
1688472000000,284.25,284.35,277.0,278.35
1688486400000,278.35,281.55,271.9,273.65
1688500800000,273.65,278.4,271.1,272.25
1688515200000,272.25,278.3,271.45,275.65
1688529600000,275.65,275.75,271.85,273.2
1688544000000,273.2,276.1,259.95,264.3
1688558400000,264.3,265.0,248.55,253.4
1688572800000,253.4,258.15,252.25,254.7
1688587200000,254.7,273.5,253.8,271.5
1688601600000,271.5,280.1,267.6,276.1
1688616000000,276.1,298.25,274.0,292.15
1688630400000,292.15,303.65,288.45,291.4
1688644800000,291.4,292.45,275.25,285.3
1688659200000,285.3,288.8,277.3,282.5
1688673600000,282.5,288.5,272.5,274.65
1688688000000,274.65,287.2,271.2,284.65
1688702400000,284.65,286.6,277.05,280.1
1688716800000,280.1,282.7,277.5,278.2
1688731200000,278.2,289.7,273.35,283.05
1688745600000,283.05,283.75,277.55,280.1
1688760000000,280.1,280.6,275.3,278.35
1688774400000,278.35,283.0,276.1,278.4
1688788800000,278.4,279.75,276.75,278.9
1688803200000,278.9,280.25,263.1,269.4
1688817600000,269.4,269.55,264.25,266.75
1688832000000,266.75,269.75,261.0,267.65
1688846400000,267.65,273.0,263.05,271.5
1688860800000,271.5,279.2,269.3,273.25
1688875200000,273.25,273.5,266.05,268.0
1688889600000,268.0,270.15,266.9,268.0
1688904000000,268.0,273.75,263.2,267.7
1688918400000,267.7,270.15,266.0,267.45
1688932800000,267.45,268.35,261.55,265.3
1688947200000,265.3,275.05,257.4,270.15
1688961600000,270.15,270.25,263.05,264.0
1688976000000,264.0,271.75,260.85,268.8
1688990400000,268.8,282.0,266.65,276.15
1689004800000,276.15,284.8,273.05,283.1
1689019200000,283.1,287.5,272.45,274.5
1689033600000,274.5,277.2,272.0,273.85
1689048000000,273.85,277.65,271.55,274.6
1689062400000,274.6,275.2,271.95,273.2
1689076800000,273.2,277.5,271.1,273.8
1689091200000,273.8,274.7,269.7,274.0
1689105600000,274.0,275.3,273.3,273.8
1689120000000,273.8,276.6,272.5,274.45
1689134400000,274.45,286.35,273.45,283.9
1689148800000,283.9,286.85,282.45,285.25
1689163200000,285.25,296.0,278.55,282.8
1689177600000,282.8,283.5,276.2,277.75
1689192000000,277.75,283.75,277.1,281.9
1689206400000,281.9,285.85,280.6,281.5
1689220800000,281.5,289.55,278.2,283.85
1689235200000,283.85,287.0,282.35,285.25
1689249600000,285.25,292.5,282.05,286.0
1689264000000,286.0,289.9,271.4,276.8
1689278400000,276.8,277.55,268.4,273.85
1689292800000,273.85,278.15,271.45,275.25
1689307200000,275.25,277.75,270.35,272.95
1689321600000,272.95,275.3,272.15,273.6
1689336000000,273.6,274.2,270.5,272.7
1689350400000,272.7,273.35,252.6,259.1
1689364800000,259.1,264.35,255.45,263.9
1689379200000,263.9,263.9,250.9,252.4
1689393600000,252.4,255.55,249.1,254.7
1689408000000,254.7,254.9,251.2,252.0
1689422400000,252.0,254.7,245.05,251.2
1689436800000,251.2,254.7,248.4,252.75
1689451200000,252.75,253.5,250.2,253.15
1689465600000,253.15,260.95,252.15,255.6
1689480000000,255.6,258.4,253.5,257.15
1689494400000,257.15,258.0,251.9,253.4
1689508800000,253.4,258.0,251.15,256.3
1689523200000,256.3,258.0,252.1,252.45
1689537600000,252.45,253.2,246.6,249.65
1689552000000,249.65,254.25,247.3,252.35
1689566400000,252.35,252.85,250.45,251.35
1689580800000,251.35,252.65,241.15,243.95
1689595200000,243.95,247.85,241.8,243.7
1689609600000,243.7,245.5,235.35,239.15
1689624000000,239.15,243.95,238.55,241.95
1689638400000,241.95,243.9,239.4,240.1
1689652800000,240.1,240.7,235.75,237.2
1689667200000,237.2,238.7,233.0,234.15
1689681600000,234.15,244.95,231.3,243.0
1689696000000,243.0,246.3,238.2,240.85
1689710400000,240.85,247.8,239.3,243.6
1689724800000,243.6,251.75,242.95,248.3
1689739200000,248.3,250.4,245.55,246.3
1689753600000,246.3,246.9,242.9,246.5
1689768000000,246.5,248.55,242.15,244.7
1689782400000,244.7,247.15,243.3,244.8
1689796800000,244.8,244.9,241.0,243.75
1689811200000,243.75,246.35,242.65,243.85
1689825600000,243.85,248.25,242.45,246.75
1689840000000,246.75,255.15,246.3,249.5
1689854400000,249.5,250.65,241.35,243.1
1689868800000,243.1,244.25,241.5,243.15
1689883200000,243.15,244.85,240.1,244.0
1689897600000,244.0,247.1,241.35,245.0
1689912000000,245.0,245.25,241.9,242.55
1689926400000,242.55,243.95,241.6,242.55
1689940800000,242.55,246.0,242.55,244.6
1689955200000,244.6,248.1,243.85,246.5
1689969600000,246.5,247.65,245.75,245.95
1689984000000,245.95,247.55,245.6,246.15
1689998400000,246.15,246.7,244.35,245.35
1690012800000,245.35,246.1,242.0,244.0
1690027200000,244.0,245.0,242.9,243.85
1690041600000,243.85,244.45,242.0,243.05
1690056000000,243.05,243.75,237.1,239.25
1690070400000,239.25,244.9,237.95,242.65
1690084800000,242.65,244.55,242.1,242.65
1690099200000,242.65,255.5,242.6,251.35
1690113600000,251.35,252.15,245.5,247.25
1690128000000,247.25,253.15,247.25,249.85
1690142400000,249.85,251.2,247.4,249.25
1690156800000,249.25,253.7,246.15,247.45
1690171200000,247.45,248.4,244.35,247.2
1690185600000,247.2,247.35,237.6,241.75
1690200000000,241.75,242.3,237.7,240.25
1690214400000,240.25,241.75,237.45,238.1
1690228800000,238.1,239.3,235.65,238.25
1690243200000,238.25,238.5,235.15,236.75
1690257600000,236.75,237.1,231.75,233.45
1690272000000,233.45,236.25,232.4,233.8
1690286400000,233.8,239.55,232.85,236.35
1690300800000,236.35,238.4,233.8,235.9
1690315200000,235.9,237.8,234.45,236.9
1690329600000,236.9,239.05,233.5,237.6
1690344000000,237.6,238.75,236.25,236.6
1690358400000,236.6,236.95,234.6,234.95
1690372800000,234.95,239.1,234.55,238.2
1690387200000,238.2,244.7,237.75,242.4
1690401600000,242.4,244.1,239.25,241.9
1690416000000,241.9,245.65,240.65,244.2
1690430400000,244.2,249.45,244.1,246.4
1690444800000,246.4,248.5,245.05,245.95
1690459200000,245.95,246.4,243.05,243.2
1690473600000,243.2,244.2,240.8,243.05
1690488000000,243.05,245.35,242.45,245.15
1690502400000,245.15,245.45,242.4,243.15
1690516800000,243.15,243.25,241.1,242.7
1690531200000,242.7,244.2,241.8,243.15
1690545600000,243.15,245.3,242.6,243.4
1690560000000,243.4,243.5,241.1,242.55
1690574400000,242.55,242.6,240.95,241.1
1690588800000,241.1,241.35,240.0,241.05
1690603200000,241.05,241.3,239.6,239.95
1690617600000,239.95,240.2,238.2,239.3
1690632000000,239.3,240.8,239.15,239.9
1690646400000,239.9,240.9,239.55,240.55
1690660800000,240.55,242.4,240.15,241.7
1690675200000,241.7,243.25,240.85,242.3
1690689600000,242.3,245.1,241.85,243.65
1690704000000,243.65,244.8,242.25,242.75
1690718400000,242.75,255.75,242.65,252.65
1690732800000,252.65,254.2,248.6,250.1
1690747200000,250.1,254.6,244.8,252.85
1690761600000,252.85,259.2,252.05,255.85
1690776000000,255.85,256.35,250.75,250.9
1690790400000,250.9,254.8,250.85,251.85
1690804800000,251.85,253.45,245.6,247.75
1690819200000,247.75,252.5,247.65,248.8
1690833600000,248.8,250.35,247.15,247.8
1690848000000,247.8,248.8,239.3,242.15
1690862400000,242.15,243.3,241.6,242.3
1690876800000,242.3,244.35,240.8,241.45
1690891200000,241.45,243.05,238.45,241.95
1690905600000,241.95,243.35,238.95,241.85
1690920000000,241.85,245.15,241.05,244.8
1690934400000,244.8,246.9,242.9,243.1
1690948800000,243.1,243.15,236.0,236.95
1690963200000,236.95,239.3,235.6,238.25
1690977600000,238.25,238.25,230.75,232.65
1690992000000,232.65,233.6,219.55,227.85
1691006400000,227.85,231.0,227.05,228.9
1691020800000,228.9,231.6,228.1,230.1
1691035200000,230.1,230.35,226.15,227.3
1691049600000,227.3,230.75,226.2,229.4
1691064000000,229.4,231.45,227.0,228.65
1691078400000,228.65,230.05,227.45,228.6
1691092800000,228.6,229.7,222.25,225.15
1691107200000,225.15,228.75,224.85,227.35
1691121600000,227.35,229.8,226.2,227.3
1691136000000,227.3,227.95,226.15,226.8
1691150400000,226.8,229.25,226.3,227.1
1691164800000,227.1,227.85,222.25,223.85
1691179200000,223.85,227.85,220.45,227.55
1691193600000,227.55,228.95,224.1,225.8
1691208000000,225.8,225.8,223.4,224.55
1691222400000,224.55,226.2,224.2,224.65
1691236800000,224.65,228.0,222.9,225.45
1691251200000,225.45,227.3,224.2,226.75
1691265600000,226.75,227.85,226.0,226.65
1691280000000,226.65,227.55,225.55,226.75
1691294400000,226.75,227.5,226.2,227.1
1691308800000,227.1,228.45,225.3,226.05
1691323200000,226.05,226.05,221.4,221.7
1691337600000,221.7,223.95,221.7,222.8
1691352000000,222.8,224.0,221.55,223.0
1691366400000,223.0,233.7,216.45,232.35
1691380800000,232.35,234.3,229.5,230.05
1691395200000,230.05,241.55,228.85,240.3
1691409600000,240.3,245.55,232.45,233.65
1691424000000,233.65,239.4,229.45,237.3
1691438400000,237.3,239.75,236.6,237.55
1691452800000,237.55,242.7,235.2,236.7
1691467200000,236.7,238.45,234.35,235.6
1691481600000,235.6,241.75,235.0,240.7
1691496000000,240.7,248.65,235.75,237.35
1691510400000,237.35,242.35,237.1,237.95
1691524800000,237.95,242.6,237.1,238.15
1691539200000,238.15,239.45,234.4,235.4
1691553600000,235.4,236.85,234.85,236.5
1691568000000,236.5,237.6,235.4,236.1
1691582400000,236.1,238.65,234.75,236.8
1691596800000,236.8,238.55,235.6,236.7
1691611200000,236.7,238.85,232.5,238.5
1691625600000,238.5,240.35,237.65,238.7
1691640000000,238.7,238.9,233.75,234.85
1691654400000,234.85,235.55,232.15,232.75
1691668800000,232.75,236.6,232.4,233.3
1691683200000,233.3,233.35,230.2,231.95
1691697600000,231.95,233.1,231.2,231.85
1691712000000,231.85,232.9,229.3,229.55
1691726400000,229.55,231.1,228.95,230.05
1691740800000,230.05,230.35,227.1,228.8
1691755200000,228.8,229.6,227.3,228.0
1691769600000,228.0,229.15,227.1,227.6
1691784000000,227.6,229.4,227.55,228.95
1691798400000,228.95,230.95,227.65,228.55
1691812800000,228.55,229.3,228.05,228.8
1691827200000,228.8,229.95,228.1,229.35
1691841600000,229.35,229.7,228.55,229.05
1691856000000,229.05,229.5,227.2,227.7
1691870400000,227.7,229.1,227.5,228.5
1691884800000,228.5,229.25,227.85,228.25
1691899200000,228.25,228.25,224.45,227.6
1691913600000,227.6,228.25,227.1,227.75
1691928000000,227.75,229.95,227.45,228.65
1691942400000,228.65,231.05,227.95,230.4
1691956800000,230.4,230.9,226.95,228.3
1691971200000,228.3,229.5,225.2,228.3
1691985600000,228.3,230.1,227.95,229.8
1692000000000,229.8,230.55,228.75,229.3
1692014400000,229.3,230.75,227.35,230.1
1692028800000,230.1,231.05,227.35,228.55
1692043200000,228.55,230.75,228.4,229.9
1692057600000,229.9,230.5,228.25,229.35
1692072000000,229.35,234.1,228.4,232.4
1692086400000,232.4,234.85,231.45,232.6
1692100800000,232.6,235.2,232.25,234.75
1692115200000,234.75,237.0,224.5,230.45
1692129600000,230.45,231.95,227.7,228.7
1692144000000,228.7,231.15,227.6,227.8
1692158400000,227.8,228.4,225.2,225.85
1692172800000,225.85,226.45,221.0,223.1
1692187200000,223.1,223.3,215.85,216.25
1692201600000,216.25,217.65,213.1,214.1
1692216000000,214.1,214.85,199.45,208.1
1692230400000,208.1,211.3,203.35,209.6
1692244800000,209.6,210.95,208.65,209.65
1692259200000,209.65,210.35,207.1,207.45
1692273600000,207.45,209.25,201.7,202.95
1692288000000,202.95,205.35,201.25,204.5
1692302400000,204.5,204.75,160.85,183.55
1692316800000,183.55,188.05,178.25,180.9
1692331200000,180.9,186.7,179.05,185.0
1692345600000,185.0,186.85,183.6,185.65
1692360000000,185.65,186.65,183.75,184.95
1692374400000,184.95,191.6,181.95,185.95
1692388800000,185.95,189.25,185.75,187.15
1692403200000,187.15,189.45,186.85,187.5
1692417600000,187.5,188.25,185.7,188.15
1692432000000,188.15,191.8,187.6,188.25
1692446400000,188.25,189.3,186.55,189.1
1692460800000,189.1,190.15,186.15,186.35
1692475200000,186.35,187.25,183.95,186.95
1692489600000,186.95,188.2,186.45,187.15
1692504000000,187.15,188.0,186.5,187.9
1692518400000,187.9,189.7,187.25,188.5
1692532800000,188.5,188.95,186.45,188.05
1692547200000,188.05,189.95,187.3,189.3
1692561600000,189.3,190.7,188.45,188.7
1692576000000,188.7,189.65,187.6,188.15
1692590400000,188.15,199.2,185.35,187.2
1692604800000,187.2,188.35,185.35,188.0
1692619200000,188.0,189.3,180.15,183.2
1692633600000,183.2,187.25,183.2,186.4
1692648000000,186.4,187.35,185.55,185.6
1692662400000,185.6,185.95,184.05,184.95
1692676800000,184.95,186.1,184.2,185.9
1692691200000,185.9,186.75,185.2,185.5
1692705600000,185.5,188.25,184.65,185.1
1692720000000,185.1,186.85,181.0,181.95
1692734400000,181.95,185.65,175.15,184.8
1692748800000,184.8,188.15,184.45,186.4
1692763200000,186.4,189.3,186.3,187.0
1692777600000,187.0,188.45,186.7,187.7
1692792000000,187.7,190.45,186.75,189.85
1692806400000,189.85,196.7,189.5,195.0
1692820800000,195.0,195.6,192.2,193.65
1692835200000,193.65,194.0,192.1,193.1
1692849600000,193.1,193.25,191.15,191.75
1692864000000,191.75,192.6,191.0,191.7
1692878400000,191.7,192.3,188.4,189.95
1692892800000,189.95,191.95,189.45,191.3
1692907200000,191.3,194.95,188.9,193.95
1692921600000,193.95,194.3,189.6,191.9
1692936000000,191.9,191.9,188.55,189.9
1692950400000,189.9,191.65,189.9,190.55
1692964800000,190.55,192.6,188.05,189.95
1692979200000,189.95,193.6,189.35,191.95
1692993600000,191.95,193.0,191.6,191.85
1693008000000,191.85,192.15,190.85,191.3
1693022400000,191.3,191.45,189.2,189.45
1693036800000,189.45,190.2,189.05,189.55
1693051200000,189.55,190.35,188.6,189.85
1693065600000,189.85,190.1,188.9,189.85
1693080000000,189.85,190.65,189.6,190.0
1693094400000,190.0,190.9,189.9,190.5
1693108800000,190.5,191.8,190.45,191.6
1693123200000,191.6,192.0,190.85,191.1
1693137600000,191.1,196.3,190.95,195.3
1693152000000,195.3,196.95,193.5,195.65
1693166400000,195.65,201.75,195.5,197.7
1693180800000,197.7,197.95,193.7,194.15
1693195200000,194.15,194.3,191.3,192.65
1693209600000,192.65,192.75,190.1,191.2
1693224000000,191.2,193.9,189.55,190.3
1693238400000,190.3,191.9,188.35,189.35
1693252800000,189.35,190.45,186.35,190.4
1693267200000,190.4,192.35,189.95,191.75
1693281600000,191.75,192.4,188.9,189.65
1693296000000,189.65,192.6,188.75,191.2
1693310400000,191.2,214.25,190.95,207.35
1693324800000,207.35,228.1,206.65,221.85
1693339200000,221.85,227.6,220.1,224.9
1693353600000,224.9,225.6,218.9,220.9
1693368000000,220.9,221.65,216.3,217.95
1693382400000,217.95,219.65,214.35,214.5
1693396800000,214.5,218.15,211.7,212.9
1693411200000,212.9,214.15,211.1,213.1
1693425600000,213.1,216.5,212.5,215.7
1693440000000,215.7,215.95,212.15,213.2
1693454400000,213.2,220.85,212.6,219.75
1693468800000,219.75,222.7,215.25,219.5
1693483200000,219.5,220.3,210.2,213.8
1693497600000,213.8,214.8,202.6,206.2
1693512000000,206.2,208.8,204.0,207.3
1693526400000,207.3,210.9,207.05,208.55
1693540800000,208.55,208.95,204.8,205.45
1693555200000,205.45,207.95,205.15,207.35
1693569600000,207.35,207.9,200.35,202.4
1693584000000,202.4,204.0,197.35,199.4
1693598400000,199.4,202.35,198.3,199.55
1693612800000,199.55,201.25,198.85,200.15
1693627200000,200.15,200.8,198.3,198.6
1693641600000,198.6,200.65,196.75,200.1
1693656000000,200.1,201.85,198.3,198.7
1693670400000,198.7,199.15,190.5,195.15
1693684800000,195.15,196.25,194.35,194.95
1693699200000,194.95,196.6,194.15,194.8
1693713600000,194.8,196.45,193.2,195.75
1693728000000,195.75,196.15,194.05,195.3
1693742400000,195.3,197.95,192.6,193.45
1693756800000,193.45,195.3,191.0,194.35
1693771200000,194.35,196.7,193.75,195.95
1693785600000,195.95,198.85,194.65,196.65
1693800000000,196.65,197.5,193.45,193.85
1693814400000,193.85,196.2,192.3,192.4
1693828800000,192.4,194.4,189.6,191.7
1693843200000,191.7,194.6,191.5,193.35
1693857600000,193.35,193.95,190.55,193.8
1693872000000,193.8,194.1,190.5,192.3
1693886400000,192.3,193.3,190.9,192.4
1693900800000,192.4,195.1,191.8,193.65
1693915200000,193.65,195.05,191.05,191.65
1693929600000,191.65,192.3,190.0,190.1
1693944000000,190.1,192.35,189.15,191.9
1693958400000,191.9,194.0,191.0,192.6
1693972800000,192.6,192.8,191.4,192.0
1693987200000,192.0,193.35,191.75,192.75
1694001600000,192.75,193.4,190.5,191.85
1694016000000,191.85,195.8,189.3,192.35
1694030400000,192.35,193.85,192.35,192.95
1694044800000,192.95,193.1,191.5,192.8
1694059200000,192.8,192.8,191.0,191.8
1694073600000,191.8,192.15,190.1,190.35
1694088000000,190.35,191.6,189.8,190.6
1694102400000,190.6,191.7,190.0,190.8
1694116800000,190.8,194.4,190.7,193.5
1694131200000,193.5,196.85,192.45,195.4
1694145600000,195.4,196.5,193.6,194.75
1694160000000,194.75,194.9,190.3,191.05
1694174400000,191.05,192.65,190.8,191.55
1694188800000,191.55,192.85,190.95,192.25
1694203200000,192.25,193.35,192.05,193.05
1694217600000,193.05,193.2,191.55,191.65
1694232000000,191.65,192.25,191.1,191.7
1694246400000,191.7,192.0,191.25,191.85
1694260800000,191.85,196.4,190.85,193.75
1694275200000,193.75,194.7,192.15,192.75
1694289600000,192.75,193.4,192.3,193.0
1694304000000,193.0,193.0,191.0,191.5
1694318400000,191.5,191.55,182.7,189.0
1694332800000,189.0,189.45,188.05,188.6
1694347200000,188.6,191.2,186.8,188.65
1694361600000,188.65,191.0,185.5,190.0
1694376000000,190.0,192.6,189.75,190.15
1694390400000,190.15,191.15,188.0,189.8
1694404800000,189.8,191.6,189.4,189.85
1694419200000,189.85,190.25,184.6,186.95
1694433600000,186.95,188.6,182.3,182.75
1694448000000,182.75,184.85,180.2,182.2
1694462400000,182.2,184.35,181.2,184.1
1694476800000,184.1,191.85,183.8,190.95
1694491200000,190.95,193.5,189.05,190.2
1694505600000,190.2,201.25,190.0,197.9
1694520000000,197.9,199.75,195.4,197.2
1694534400000,197.2,210.35,197.05,203.8
1694548800000,203.8,203.95,197.75,198.3
1694563200000,198.3,201.1,197.15,198.15
1694577600000,198.15,204.15,195.55,200.05
1694592000000,200.05,203.65,199.4,202.25
1694606400000,202.25,203.25,199.25,201.1
1694620800000,201.1,202.05,197.8,198.95
1694635200000,198.95,201.45,198.4,199.45
1694649600000,199.45,204.45,198.2,201.7
1694664000000,201.7,201.75,198.65,200.55
1694678400000,200.55,202.7,200.2,202.35
1694692800000,202.35,209.35,200.7,207.1
1694707200000,207.1,210.45,206.25,208.15
1694721600000,208.15,209.55,206.7,207.7
1694736000000,207.7,225.8,205.9,216.95
1694750400000,216.95,219.8,215.65,215.75
1694764800000,215.75,219.25,212.7,213.8
1694779200000,213.8,214.8,210.85,214.15
1694793600000,214.15,215.35,211.05,212.7
1694808000000,212.7,219.45,212.3,216.95
1694822400000,216.95,223.65,215.9,218.9
1694836800000,218.9,219.3,216.05,216.9
1694851200000,216.9,216.9,213.1,215.5
1694865600000,215.5,215.65,212.35,213.4
1694880000000,213.4,217.5,213.2,215.7
1694894400000,215.7,216.6,214.25,214.55
1694908800000,214.55,214.55,206.75,212.35
1694923200000,212.35,212.45,210.65,210.75
1694937600000,210.75,213.45,210.4,212.45
1694952000000,212.45,214.45,211.25,212.25
1694966400000,212.25,212.45,206.85,209.3
1694980800000,209.3,210.3,205.05,209.85
1694995200000,209.85,215.35,207.3,214.6
1695009600000,214.6,215.85,212.55,213.7
1695024000000,213.7,222.75,212.55,219.75
1695038400000,219.75,225.65,218.4,221.0
1695052800000,221.0,222.95,215.6,217.1
1695067200000,217.1,219.3,215.4,217.15
1695081600000,217.15,218.75,214.25,218.4
1695096000000,218.4,218.9,216.2,216.6
1695110400000,216.6,222.4,216.5,219.75
1695124800000,219.75,221.7,216.05,220.75
1695139200000,220.75,220.85,217.1,218.5
1695153600000,218.5,219.35,216.55,218.6
1695168000000,218.6,220.95,215.15,216.2
1695182400000,216.2,217.05,214.3,216.0
1695196800000,216.0,216.95,211.1,213.2
1695211200000,213.2,215.7,211.3,215.35
1695225600000,215.35,218.8,212.6,214.65
1695240000000,214.65,217.2,214.4,215.3
1695254400000,215.3,215.55,212.8,214.1
1695268800000,214.1,214.3,211.45,212.75
1695283200000,212.75,213.25,206.15,208.85
1695297600000,208.85,209.35,206.05,207.2
1695312000000,207.2,208.25,205.55,208.15
1695326400000,208.15,208.85,206.45,208.4
1695340800000,208.4,209.9,203.8,209.1
1695355200000,209.1,209.75,207.4,209.1
1695369600000,209.1,209.9,208.2,209.3
1695384000000,209.3,209.45,206.7,206.8
1695398400000,206.8,207.85,205.2,206.8
1695412800000,206.8,208.2,206.4,207.65
1695427200000,207.65,209.1,206.7,207.2
1695441600000,207.2,207.75,206.5,207.1
1695456000000,207.1,208.95,206.65,207.8
1695470400000,207.8,209.6,207.2,207.8
1695484800000,207.8,209.25,207.4,208.8
1695499200000,208.8,209.25,207.2,207.95
1695513600000,207.95,209.75,207.6,209.3
1695528000000,209.3,209.45,208.3,208.5
1695542400000,208.5,209.2,207.85,208.15
1695556800000,208.15,208.95,206.75,207.45
1695571200000,207.45,208.75,205.55,206.45
1695585600000,206.45,207.8,202.6,204.65
1695600000000,204.65,207.05,201.5,205.35
1695614400000,205.35,207.85,204.15,206.9
1695628800000,206.9,207.2,205.55,206.05
1695643200000,206.05,213.6,205.7,211.75
1695657600000,211.75,213.5,210.0,210.5
1695672000000,210.5,211.0,209.35,210.2
1695686400000,210.2,212.15,209.2,211.55
1695700800000,211.55,214.1,211.05,213.4
1695715200000,213.4,213.95,211.8,213.35
1695729600000,213.35,215.7,211.6,212.55
1695744000000,212.55,215.7,212.4,214.05
1695758400000,214.05,214.95,211.6,214.55
1695772800000,214.55,218.9,213.75,214.55
1695787200000,214.55,215.55,213.2,215.35
1695801600000,215.35,232.5,214.15,229.95
1695816000000,229.95,236.85,223.5,226.85
1695830400000,226.85,231.55,225.2,229.8
1695844800000,229.8,232.45,227.35,229.3
1695859200000,229.3,235.75,227.65,230.45
1695873600000,230.45,239.45,228.85,237.1
1695888000000,237.1,238.05,233.05,234.8
1695902400000,234.8,244.5,232.2,242.6
1695916800000,242.6,245.5,235.6,238.2
1695931200000,238.2,240.5,236.45,238.6
1695945600000,238.6,241.15,234.45,235.05
1695960000000,235.05,239.5,234.65,238.05
1695974400000,238.05,239.85,233.2,233.95
1695988800000,233.95,234.15,228.95,232.45
1696003200000,232.45,236.85,230.1,236.4
1696017600000,236.4,238.05,233.0,234.8
1696032000000,234.8,235.9,231.75,232.45
1696046400000,232.45,235.7,232.3,235.05
1696060800000,235.05,237.2,234.5,234.75
1696075200000,234.75,239.35,234.65,236.9
1696089600000,236.9,237.9,234.05,235.55
1696104000000,235.55,236.45,233.6,233.7
1696118400000,233.7,238.05,233.45,237.4
1696132800000,237.4,240.1,236.5,238.45
1696147200000,238.45,242.3,236.45,236.5
1696161600000,236.5,237.4,234.25,235.7
1696176000000,235.7,235.8,233.6,234.05
1696190400000,234.05,245.2,232.55,242.25
1696204800000,242.25,245.4,240.35,242.75
1696219200000,242.75,244.75,240.7,243.45
1696233600000,243.45,247.7,241.2,243.0
1696248000000,243.0,255.25,242.55,249.35
1696262400000,249.35,253.35,244.4,252.75
1696276800000,252.75,252.75,243.3,246.2
1696291200000,246.2,251.35,245.7,245.8
1696305600000,245.8,246.05,239.5,241.05
1696320000000,241.05,242.45,239.0,239.65
1696334400000,239.65,241.05,233.0,233.85
1696348800000,233.85,234.6,230.05,231.45
1696363200000,231.45,232.6,227.6,230.25
1696377600000,230.25,230.3,222.8,228.35
1696392000000,228.35,230.4,228.1,229.1
1696406400000,229.1,232.65,228.95,231.0
1696420800000,231.0,232.1,226.25,226.75
1696435200000,226.75,230.85,226.55,228.3
1696449600000,228.3,233.95,227.95,232.95
1696464000000,232.95,234.9,230.2,230.3
1696478400000,230.3,231.5,228.35,229.1
1696492800000,229.1,231.0,228.15,229.4
1696507200000,229.4,234.6,226.15,228.6
1696521600000,228.6,229.75,225.2,229.3
1696536000000,229.3,233.7,228.95,230.8
1696550400000,230.8,233.05,230.8,230.95
1696564800000,230.95,231.15,228.55,230.95
1696579200000,230.95,231.55,228.55,228.8
1696593600000,228.8,232.8,225.9,231.7
1696608000000,231.7,232.85,230.2,231.65
1696622400000,231.65,233.95,230.25,230.65
1696636800000,230.65,232.55,229.15,229.35
1696651200000,229.35,231.95,229.35,230.55
1696665600000,230.55,236.5,230.0,233.6
1696680000000,233.6,233.65,231.35,231.95
1696694400000,231.95,232.75,228.25,228.9
1696708800000,228.9,230.5,228.55,230.15
1696723200000,230.15,232.85,229.9,232.3
1696737600000,232.3,232.4,228.5,229.4
1696752000000,229.4,230.3,226.3,227.5
1696766400000,227.5,229.95,226.9,228.95
1696780800000,228.95,229.5,227.6,228.3
1696795200000,228.3,229.6,226.75,227.7
1696809600000,227.7,228.6,225.15,228.25
1696824000000,228.25,229.0,225.9,226.5
1696838400000,226.5,226.65,209.9,216.1
1696852800000,216.1,218.8,215.45,215.85
1696867200000,215.85,218.1,210.6,218.05
1696881600000,218.05,219.6,217.25,218.3
1696896000000,218.3,220.25,217.5,218.75
1696910400000,218.75,219.6,217.65,218.15
1696924800000,218.15,219.0,215.15,215.55
1696939200000,215.55,216.1,210.85,212.15
1696953600000,212.15,213.7,210.25,212.2
1696968000000,212.2,213.75,210.05,212.15
1696982400000,212.15,213.45,206.05,210.2
1696996800000,210.2,216.85,209.95,213.15
1697011200000,213.15,215.6,212.85,213.4
1697025600000,213.4,214.1,210.25,212.9
1697040000000,212.9,214.45,211.35,212.75
1697054400000,212.75,214.85,212.25,213.95
1697068800000,213.95,214.95,211.65,213.75
1697083200000,213.75,215.2,213.35,213.9
1697097600000,213.9,214.4,210.9,214.1
1697112000000,214.1,217.35,210.75,211.3
1697126400000,211.3,212.3,207.15,211.8
1697140800000,211.8,214.25,211.5,213.95
1697155200000,213.95,214.8,211.85,212.3
1697169600000,212.3,214.2,211.75,212.95
1697184000000,212.95,213.5,211.95,212.8
1697198400000,212.8,215.05,212.1,212.9
1697212800000,212.9,215.8,212.75,215.3
1697227200000,215.3,218.75,214.8,217.15
1697241600000,217.15,218.15,216.15,217.15
1697256000000,217.15,217.65,215.85,216.45
1697270400000,216.45,216.8,215.65,216.05
1697284800000,216.05,217.2,215.5,216.95
1697299200000,216.95,217.2,215.6,216.0
1697313600000,216.0,216.05,214.15,214.4
1697328000000,214.4,215.8,213.2,214.65
1697342400000,214.65,215.0,213.9,214.25
1697356800000,214.25,215.05,213.25,213.55
1697371200000,213.55,214.95,212.65,213.3
1697385600000,213.3,214.85,212.9,214.85
1697400000000,214.85,216.65,214.45,215.0
1697414400000,215.0,217.75,214.65,217.4
1697428800000,217.4,228.3,216.85,226.05
1697443200000,226.05,227.8,224.5,226.55
1697457600000,226.55,250.45,226.05,227.55
1697472000000,227.55,235.3,227.2,232.3
1697486400000,232.3,233.45,229.75,230.7
1697500800000,230.7,231.35,226.3,227.05
1697515200000,227.05,230.15,225.55,229.0
1697529600000,229.0,232.4,228.25,229.15
1697544000000,229.15,229.75,223.35,227.9
1697558400000,227.9,228.75,224.4,226.4
1697572800000,226.4,228.4,225.8,226.25
1697587200000,226.25,230.7,224.5,229.1
1697601600000,229.1,232.85,228.15,229.25
1697616000000,229.25,231.05,228.4,228.7
1697630400000,228.7,231.5,227.85,228.95
1697644800000,228.95,230.0,225.9,226.35
1697659200000,226.35,228.0,225.65,226.65
1697673600000,226.65,229.3,224.65,226.0
1697688000000,226.0,227.85,225.35,227.0
1697702400000,227.0,229.3,226.05,228.3
1697716800000,228.3,231.05,227.85,229.5
1697731200000,229.5,235.0,227.65,228.85
1697745600000,228.85,230.95,226.1,227.2
1697760000000,227.2,239.0,226.0,237.2
1697774400000,237.2,239.35,234.3,237.15
1697788800000,237.15,250.0,237.15,243.85
1697803200000,243.85,244.35,238.35,242.65
1697817600000,242.65,243.6,238.4,240.75
1697832000000,240.75,241.35,239.6,240.2
1697846400000,240.2,242.55,237.5,241.15
1697860800000,241.15,242.8,240.4,241.9
1697875200000,241.9,243.75,239.95,242.25
1697889600000,242.25,242.85,239.4,241.7
1697904000000,241.7,246.35,240.35,242.7
1697918400000,242.7,245.45,241.8,243.85
1697932800000,243.85,254.45,243.15,247.8
1697947200000,247.8,249.7,240.0,243.0
1697961600000,243.0,243.85,239.85,241.05
1697976000000,241.05,242.1,238.9,239.95
1697990400000,239.95,242.35,239.55,240.45
1698004800000,240.45,244.25,236.9,243.3
1698019200000,243.3,249.3,240.9,248.0
1698033600000,248.0,251.45,242.1,244.3
1698048000000,244.3,246.2,240.35,243.8
1698062400000,243.8,247.45,240.15,245.95
1698076800000,245.95,251.85,244.95,250.9
1698091200000,250.9,265.0,249.75,261.85
1698105600000,261.85,269.85,258.8,258.8
1698120000000,258.8,262.25,253.4,255.9
1698134400000,255.9,263.15,255.15,262.35
1698148800000,262.35,264.05,244.3,249.8
1698163200000,249.8,253.35,247.3,251.55
1698177600000,251.55,253.25,247.95,251.75
1698192000000,251.75,257.35,250.45,252.45
1698206400000,252.45,255.05,247.8,250.05
1698220800000,250.05,255.9,248.3,253.9
1698235200000,253.9,259.75,253.8,257.9
1698249600000,257.9,259.75,251.45,253.55
1698264000000,253.55,254.7,250.8,254.05
1698278400000,254.05,256.2,252.55,256.15
1698292800000,256.15,256.9,248.9,254.45
1698307200000,254.45,255.85,247.45,249.9
1698321600000,249.9,251.6,239.8,243.6
1698336000000,243.6,245.75,241.85,245.4
1698350400000,245.4,248.65,245.05,247.15
1698364800000,247.15,247.4,241.05,244.45
1698379200000,244.45,244.6,241.35,241.55
1698393600000,241.55,246.75,241.1,244.25
1698408000000,244.25,247.05,241.25,243.1
1698422400000,243.1,243.5,232.6,238.15
1698436800000,238.15,239.55,237.35,239.15
1698451200000,239.15,242.95,238.75,242.15
1698465600000,242.15,244.3,241.6,242.75
1698480000000,242.75,246.7,242.25,244.6
1698494400000,244.6,246.4,243.4,245.25
1698508800000,245.25,247.45,244.45,244.85
1698523200000,244.85,247.15,244.2,244.75
1698537600000,244.75,246.05,242.05,244.0
1698552000000,244.0,245.3,243.65,244.9
1698566400000,244.9,246.85,244.6,246.05
1698580800000,246.05,247.45,245.15,247.0
1698595200000,247.0,249.55,245.7,247.75
1698609600000,247.75,248.35,245.45,245.95
1698624000000,245.95,246.75,243.75,244.05
1698638400000,244.05,244.85,242.05,242.5
1698652800000,242.5,248.05,242.25,247.6
1698667200000,247.6,250.95,244.75,246.25
1698681600000,246.25,246.25,240.95,245.2
1698696000000,245.2,246.2,244.1,245.8
1698710400000,245.8,248.9,244.15,244.15
1698724800000,244.15,245.85,242.25,242.5
1698739200000,242.5,246.95,240.9,246.05
1698753600000,246.05,247.95,235.5,239.8
1698768000000,239.8,246.4,238.95,242.15
1698782400000,242.15,245.05,241.95,244.9
1698796800000,244.9,245.5,241.45,242.4
1698811200000,242.4,243.3,239.35,240.5
1698825600000,240.5,241.05,237.0,238.65
1698840000000,238.65,243.5,236.45,238.0
1698854400000,238.0,244.7,237.75,242.35
1698868800000,242.35,247.5,242.35,245.4
1698883200000,245.4,249.45,244.3,247.7
1698897600000,247.7,248.8,242.05,243.2
1698912000000,243.2,244.4,241.55,242.8
1698926400000,242.8,243.0,233.7,234.6
1698940800000,234.6,238.2,230.3,238.1
1698955200000,238.1,238.45,234.0,235.45
1698969600000,235.45,236.55,230.7,236.0
1698984000000,236.0,238.2,235.15,237.85
1698998400000,237.85,240.75,235.1,236.55
1699012800000,236.55,239.0,234.8,238.0
1699027200000,238.0,238.4,234.85,237.3
1699041600000,237.3,238.65,236.9,237.45
1699056000000,237.45,238.1,236.25,238.1
1699070400000,238.1,238.85,236.8,237.95
1699084800000,237.95,239.0,236.45,237.05
1699099200000,237.05,237.7,235.5,236.55
1699113600000,236.55,237.3,235.8,236.65
1699128000000,236.65,240.9,236.65,240.35
1699142400000,240.35,241.95,238.1,241.55
1699156800000,241.55,242.2,239.25,240.5
1699171200000,240.5,242.4,238.7,240.95
1699185600000,240.95,243.25,231.95,237.15
1699200000000,237.15,238.9,235.85,236.7
1699214400000,236.7,240.25,233.45,237.65
1699228800000,237.65,240.0,236.95,238.1
1699243200000,238.1,238.4,235.4,237.45
1699257600000,237.45,240.35,236.65,239.8
1699272000000,239.8,243.35,237.75,240.4
1699286400000,240.4,242.4,239.0,242.0
1699300800000,242.0,245.2,240.15,243.05
1699315200000,243.05,243.3,237.85,240.6
1699329600000,240.6,242.35,239.8,241.4
1699344000000,241.4,251.9,241.15,245.1
1699358400000,245.1,245.8,238.4,239.75
1699372800000,239.75,247.6,237.1,247.4
1699387200000,247.4,248.15,242.95,244.0
1699401600000,244.0,244.6,241.8,243.05
1699416000000,243.05,243.75,241.65,242.8
1699430400000,242.8,245.15,242.5,243.95
1699444800000,243.95,245.1,241.8,242.9
1699459200000,242.9,247.5,242.2,246.35
1699473600000,246.35,247.55,244.15,245.65
1699488000000,245.65,253.8,244.25,250.85
1699502400000,250.85,252.1,248.1,248.55
1699516800000,248.55,252.45,248.4,250.2
1699531200000,250.2,258.0,247.55,250.05
1699545600000,250.05,251.8,209.55,234.55
1699560000000,234.55,240.15,230.05,240.1
1699574400000,240.1,242.7,237.85,240.45
1699588800000,240.45,241.6,238.25,239.15
1699603200000,239.15,242.4,235.55,240.95
1699617600000,240.95,240.95,233.4,238.2
1699632000000,238.2,241.2,237.95,239.6
1699646400000,239.6,241.0,238.8,239.8
1699660800000,239.8,241.55,235.4,235.8
1699675200000,235.8,236.8,232.15,235.7
1699689600000,235.7,237.6,234.75,236.75
1699704000000,236.75,240.7,235.65,239.1
1699718400000,239.1,241.95,237.75,239.55
1699732800000,239.55,239.7,233.95,236.8
1699747200000,236.8,237.1,230.25,235.45
1699761600000,235.45,239.75,234.2,238.8
1699776000000,238.8,239.4,236.8,237.7
1699790400000,237.7,238.4,234.7,237.35
1699804800000,237.35,238.1,235.5,236.45
1699819200000,236.45,238.55,235.2,236.8
1699833600000,236.8,239.95,233.7,234.35
1699848000000,234.35,240.45,232.9,237.6
1699862400000,237.6,239.1,233.8,235.2
1699876800000,235.2,238.25,231.9,237.85
1699891200000,237.85,239.7,234.9,239.45
1699905600000,239.45,239.75,233.4,234.2
1699920000000,234.2,238.1,231.35,237.45
1699934400000,237.45,238.65,237.4,238.55
1699948800000,238.55,239.15,233.05,234.75
1699963200000,234.75,238.5,233.2,235.6
1699977600000,235.6,236.2,219.25,228.25
1699992000000,228.25,232.1,228.0,232.1
1700006400000,232.1,233.05,230.15,230.35
1700020800000,230.35,232.4,230.3,232.05
1700035200000,232.05,234.95,231.1,234.5
1700049600000,234.5,234.65,231.8,233.5
1700064000000,233.5,236.5,232.2,236.45
1700078400000,236.45,238.2,235.25,237.85
1700092800000,237.85,245.1,237.25,239.25
1700107200000,239.25,241.2,238.05,240.55
1700121600000,240.55,240.75,235.8,237.1
1700136000000,237.1,237.15,230.25,232.15
1700150400000,232.15,237.65,231.75,236.35
1700164800000,236.35,236.55,232.1,234.05
1700179200000,234.05,235.05,231.6,233.05
1700193600000,233.05,233.85,231.5,232.0
1700208000000,232.0,233.75,227.5,229.65
1700222400000,229.65,231.0,221.45,222.25
1700236800000,222.25,228.95,221.3,227.4
1700251200000,227.4,229.85,226.65,229.75
1700265600000,229.75,229.75,226.25,226.45
1700280000000,226.45,227.6,220.65,224.8
1700294400000,224.8,227.4,224.15,225.35
1700308800000,225.35,227.25,223.35,226.95
1700323200000,226.95,228.25,225.75,227.7
1700337600000,227.7,228.15,226.3,227.35
1700352000000,227.35,228.0,224.0,227.9
1700366400000,227.9,229.35,227.0,228.8
1700380800000,228.8,229.45,226.25,227.2
1700395200000,227.2,228.25,226.55,227.85
1700409600000,227.85,229.15,227.45,228.95
1700424000000,228.95,231.1,227.9,230.35
1700438400000,230.35,230.55,228.75,229.45
1700452800000,229.45,230.15,228.45,230.1
1700467200000,230.1,230.6,228.9,229.55
1700481600000,229.55,229.9,225.3,228.6
1700496000000,228.6,229.9,225.7,228.05
1700510400000,228.05,228.4,224.6,226.45
1700524800000,226.45,228.95,225.35,227.45
1700539200000,227.45,227.95,226.3,226.4
1700553600000,226.4,235.0,226.25,232.0
1700568000000,232.0,234.5,225.85,231.95
1700582400000,231.95,236.5,221.3,226.5
1700596800000,226.5,228.3,212.45,216.3
1700611200000,216.3,220.15,215.35,220.1
1700625600000,220.1,221.05,219.2,220.15
1700640000000,220.15,221.25,218.1,218.4
1700654400000,218.4,220.65,217.6,218.95
1700668800000,218.95,223.35,217.6,222.45
1700683200000,222.45,224.5,221.8,223.7
1700697600000,223.7,227.5,222.3,225.35
1700712000000,225.35,227.05,224.65,226.05
1700726400000,226.05,226.45,223.75,225.05
1700740800000,225.05,225.45,221.75,222.9
1700755200000,222.9,225.2,222.7,224.8
1700769600000,224.8,225.9,224.7,225.2
1700784000000,225.2,226.65,224.95,225.6
1700798400000,225.6,226.2,224.8,225.9
1700812800000,225.9,227.75,224.5,225.95
1700827200000,225.95,230.35,225.05,227.9
1700841600000,227.9,228.8,224.7,226.85
1700856000000,226.85,227.6,225.75,226.45
1700870400000,226.45,228.15,225.65,227.25
1700884800000,227.25,228.15,227.0,228.05
1700899200000,228.05,228.25,225.65,226.4
1700913600000,226.4,228.4,226.3,227.65
1700928000000,227.65,227.9,226.85,226.95
1700942400000,226.95,227.7,226.55,227.7
1700956800000,227.7,228.9,227.05,228.15
1700971200000,228.15,229.85,227.85,229.45
1700985600000,229.45,229.8,227.75,228.2
1701000000000,228.2,228.9,225.65,226.2
1701014400000,226.2,226.6,221.65,225.9
1701028800000,225.9,227.4,225.55,226.9
1701043200000,226.9,229.65,223.9,225.15
1701057600000,225.15,226.6,223.0,224.9
1701072000000,224.9,225.4,221.25,222.55
1701086400000,222.55,227.8,222.35,223.35
1701100800000,223.35,226.5,219.35,221.1
1701115200000,221.1,223.75,220.05,223.35
1701129600000,223.35,223.95,221.45,222.3
1701144000000,222.3,224.9,219.55,222.95
1701158400000,222.95,223.1,221.1,222.8
1701172800000,222.8,223.1,221.5,222.55
1701187200000,222.55,225.0,222.25,224.05
1701201600000,224.05,224.45,222.75,223.5
1701216000000,223.5,224.4,222.8,223.5
1701230400000,223.5,224.4,223.0,224.0
1701244800000,224.0,227.3,223.45,224.1
1701259200000,224.1,224.55,221.15,223.25
1701273600000,223.25,224.7,222.4,223.85
1701288000000,223.85,223.85,222.5,223.35
1701302400000,223.35,223.6,222.45,223.45
1701316800000,223.45,223.7,222.15,222.35
1701331200000,222.35,223.05,221.3,223.05
1701345600000,223.05,223.15,221.95,222.7
1701360000000,222.7,222.75,222.15,222.25
1701374400000,222.25,222.45,220.3,221.55
1701388800000,221.55,223.3,220.75,222.95
1701403200000,222.95,223.9,222.75,223.8
1701417600000,223.8,226.4,223.65,225.05
1701432000000,225.05,225.25,223.0,223.8
1701446400000,223.8,225.4,223.55,225.4
1701460800000,225.4,225.9,225.0,225.3
1701475200000,225.3,226.05,224.9,226.05
1701489600000,226.05,226.5,225.5,225.8
1701504000000,225.8,228.45,225.65,226.6
1701518400000,226.6,227.6,225.35,226.25
1701532800000,226.25,228.55,225.2,227.8
1701547200000,227.8,228.85,227.0,228.35
1701561600000,228.35,233.35,228.35,230.1
1701576000000,230.1,230.45,227.4,228.55
1701590400000,228.55,228.6,227.3,228.1
1701604800000,228.1,229.25,223.8,227.6
1701619200000,227.6,228.05,226.1,227.05
1701633600000,227.05,231.3,226.8,230.2
1701648000000,230.2,253.7,229.25,248.95
1701662400000,248.95,256.8,248.3,249.85
1701676800000,249.85,253.0,235.95,245.25
1701691200000,245.25,251.0,242.5,248.95
1701705600000,248.95,250.4,246.7,249.1
1701720000000,249.1,255.5,246.95,252.5
1701734400000,252.5,253.2,245.05,246.05
1701748800000,246.05,247.7,238.35,240.95
1701763200000,240.95,241.8,238.6,240.05
1701777600000,240.05,243.2,238.75,242.75
1701792000000,242.75,251.0,241.4,250.3
1701806400000,250.3,252.75,249.05,251.35
1701820800000,251.35,256.8,246.65,248.3
1701835200000,248.3,249.0,242.85,246.75
1701849600000,246.75,265.55,245.65,250.4
1701864000000,250.4,253.5,246.35,249.55
1701878400000,249.55,251.7,248.6,250.85
1701892800000,250.85,251.05,243.35,244.8
1701907200000,244.8,246.95,243.95,246.1
1701921600000,246.1,249.4,245.85,247.25
1701936000000,247.25,247.95,239.25,243.4
1701950400000,243.4,247.65,242.65,246.15
1701964800000,246.15,248.05,244.5,245.15
1701979200000,245.15,247.75,243.9,247.2
1701993600000,247.2,249.55,246.15,248.6
1702008000000,248.6,249.55,245.8,247.05
1702022400000,247.05,250.15,246.8,249.6
1702036800000,249.6,250.4,247.0,249.45
1702051200000,249.45,253.1,249.45,253.0
1702065600000,253.0,254.85,252.4,253.95
1702080000000,253.95,256.3,252.3,254.5
1702094400000,254.5,258.5,254.4,257.95
1702108800000,257.95,260.1,251.65,254.9
1702123200000,254.9,263.45,254.1,256.65
1702137600000,256.65,257.3,252.15,255.85
1702152000000,255.85,257.65,250.35,252.75
1702166400000,252.75,255.7,252.3,254.65
1702180800000,254.65,255.55,250.9,252.6
1702195200000,252.6,253.1,244.65,248.15
1702209600000,248.15,251.35,248.0,250.5
1702224000000,250.5,251.15,248.6,251.1
1702238400000,251.1,253.7,250.2,251.5
1702252800000,251.5,252.0,206.95,235.85
1702267200000,235.85,237.3,231.4,232.3
1702281600000,232.3,235.35,231.25,235.05
1702296000000,235.05,235.65,231.3,233.6
1702310400000,233.6,234.1,225.0,228.3
1702324800000,228.3,230.8,226.3,230.65
1702339200000,230.65,234.35,230.3,233.05
1702353600000,233.05,235.15,231.1,234.8
1702368000000,234.8,235.1,231.9,232.0
1702382400000,232.0,234.1,228.2,230.95
1702396800000,230.95,231.6,226.95,229.85
1702411200000,229.85,233.05,228.25,232.0
1702425600000,232.0,232.35,225.05,226.05
1702440000000,226.05,228.15,222.8,227.5
1702454400000,227.5,229.45,227.1,227.3
1702468800000,227.3,232.95,227.2,230.8
1702483200000,230.8,234.4,228.75,234.35
1702497600000,234.35,237.4,233.25,235.3
1702512000000,235.3,235.85,232.9,233.55
1702526400000,233.55,235.3,232.95,234.4
1702540800000,234.4,237.45,233.9,237.3
1702555200000,237.3,237.45,225.85,232.7
1702569600000,232.7,237.05,231.95,236.4
1702584000000,236.4,238.05,234.8,237.55
1702598400000,237.55,237.6,235.4,236.0
1702612800000,236.0,236.15,233.8,234.05
1702627200000,234.05,234.4,229.9,232.35
1702641600000,232.35,232.4,227.85,229.4
1702656000000,229.4,231.2,228.7,230.45
1702670400000,230.45,231.3,225.15,227.2
1702684800000,227.2,230.75,224.4,230.65
1702699200000,230.65,231.05,229.65,230.4
1702713600000,230.4,231.1,229.9,231.1
1702728000000,231.1,231.6,229.75,231.55
1702742400000,231.55,232.45,228.65,229.7
1702756800000,229.7,230.65,228.9,230.0
1702771200000,230.0,230.5,227.55,228.75
1702785600000,228.75,229.7,226.85,227.3
1702800000000,227.3,229.8,226.7,229.4
1702814400000,229.4,229.45,226.1,228.7
1702828800000,228.7,230.9,227.95,228.85
1702843200000,228.85,229.65,224.95,225.95
1702857600000,225.95,227.45,222.1,224.3
1702872000000,224.3,225.8,223.2,223.6
1702886400000,223.6,226.4,217.1,222.7
1702900800000,222.7,226.1,221.7,225.0
1702915200000,225.0,225.9,224.2,224.75
1702929600000,224.75,228.4,223.9,228.2
1702944000000,228.2,230.75,227.25,229.25
1702958400000,229.25,231.05,228.55,229.5
1702972800000,229.5,229.75,227.7,228.35
1702987200000,228.35,229.1,225.3,226.75
1703001600000,226.75,227.45,222.65,225.2
1703016000000,225.2,225.9,224.15,225.25
1703030400000,225.25,226.15,223.75,225.55
1703044800000,225.55,229.1,225.35,229.1
1703059200000,229.1,229.85,228.15,228.8
1703073600000,228.8,234.95,227.35,232.35
1703088000000,232.35,234.1,229.7,230.45
1703102400000,230.45,230.65,226.65,229.8
1703116800000,229.8,230.75,228.8,230.45
1703131200000,230.45,231.1,229.35,230.85
1703145600000,230.85,233.25,230.05,233.0
1703160000000,233.0,234.75,229.25,231.05
1703174400000,231.05,232.45,230.2,231.75
1703188800000,231.75,234.15,231.7,233.4
1703203200000,233.4,235.85,232.3,233.55
1703217600000,233.55,235.6,231.6,232.3
1703232000000,232.3,239.75,232.25,237.05
1703246400000,237.05,237.25,233.3,236.05
1703260800000,236.05,244.75,236.05,237.25
1703275200000,237.25,238.95,237.05,238.5
1703289600000,238.5,238.9,231.0,231.6
1703304000000,231.6,233.6,230.2,231.0
1703318400000,231.0,231.9,230.65,231.15
1703332800000,231.15,232.2,230.75,231.35
1703347200000,231.35,232.8,231.1,232.3
1703361600000,232.3,233.65,231.8,232.85
1703376000000,232.85,234.15,231.7,233.15
1703390400000,233.15,234.0,228.55,232.0
1703404800000,232.0,232.0,228.7,230.75
1703419200000,230.75,232.2,229.95,231.35
1703433600000,231.35,232.7,230.8,232.35
1703448000000,232.35,232.55,225.05,229.05
1703462400000,229.05,231.15,228.1,230.55
1703476800000,230.55,234.3,230.55,232.5
1703491200000,232.5,234.5,232.05,234.05
1703505600000,234.05,236.75,233.35,235.2
1703520000000,235.2,237.85,233.7,234.55
1703534400000,234.55,236.2,233.4,235.0
1703548800000,235.0,235.25,233.15,234.1
1703563200000,234.1,234.45,228.05,230.35
1703577600000,230.35,232.15,228.75,231.75
1703592000000,231.75,233.25,228.55,229.05
1703606400000,229.05,230.3,219.75,226.55
1703620800000,226.55,229.8,226.4,229.35
1703635200000,229.35,231.8,226.5,227.35
1703649600000,227.35,240.1,227.05,238.95
1703664000000,238.95,259.1,238.0,252.65
1703678400000,252.65,259.2,248.05,251.4
1703692800000,251.4,254.0,248.8,252.45
1703707200000,252.45,266.05,252.3,264.55
1703721600000,264.55,269.7,257.75,263.35
1703736000000,263.35,278.9,262.6,272.8
1703750400000,272.8,277.75,267.5,273.5
1703764800000,273.5,275.3,263.45,271.5
1703779200000,271.5,273.5,264.55,266.75
1703793600000,266.75,267.05,258.5,261.9
1703808000000,261.9,269.85,252.6,257.05
1703822400000,257.05,259.3,251.2,252.05
1703836800000,252.05,257.9,252.05,256.05
1703851200000,256.05,269.7,255.45,262.75
1703865600000,262.75,264.25,252.35,258.45
1703880000000,258.45,258.45,248.9,254.35
1703894400000,254.35,263.95,254.15,255.0
1703908800000,255.0,288.0,254.9,284.9
1703923200000,284.9,285.7,271.8,279.2
1703937600000,279.2,279.45,272.0,277.65
1703952000000,277.65,280.7,272.1,273.35
1703966400000,273.35,273.95,269.6,270.9
1703980800000,270.9,272.5,261.4,264.55
1703995200000,264.55,268.05,263.15,268.0
1704009600000,268.0,271.8,265.15,266.5
1704024000000,266.5,268.3,262.25,263.95
1704038400000,263.95,265.1,261.7,261.85
1704052800000,261.85,263.15,252.2,259.85
1704067200000,259.85,263.25,257.6,258.55
1704081600000,258.55,269.9,255.9,266.3
1704096000000,266.3,266.6,262.3,264.85
1704110400000,264.85,267.2,262.3,264.5
1704124800000,264.5,267.55,261.7,267.05
1704139200000,267.05,268.25,264.55,268.2
1704153600000,268.2,271.75,264.8,266.9
1704168000000,266.9,269.25,265.95,266.65
1704182400000,266.65,270.0,262.1,263.15
1704196800000,263.15,264.75,256.6,258.2
1704211200000,258.2,259.35,255.65,257.7
1704225600000,257.7,258.85,254.05,257.4
1704240000000,257.4,259.55,255.45,258.8
1704254400000,258.8,268.5,258.7,261.4
1704268800000,261.4,265.05,246.15,250.55
1704283200000,250.55,250.6,209.2,236.0
1704297600000,236.0,236.85,229.35,232.2
1704312000000,232.2,235.0,231.85,233.85
1704326400000,233.85,238.0,232.0,235.85
1704340800000,235.85,237.9,234.0,234.15
1704355200000,234.15,236.15,232.2,235.25
1704369600000,235.25,239.5,234.3,238.55
1704384000000,238.55,238.65,235.3,236.65
1704398400000,236.65,240.3,236.5,239.45
1704412800000,239.45,240.0,228.15,235.1
1704427200000,235.1,236.5,233.45,233.85
1704441600000,233.85,236.75,230.15,231.85
1704456000000,231.85,234.95,229.55,232.95
1704470400000,232.95,235.65,230.0,235.2
1704484800000,235.2,242.7,233.05,239.05
1704499200000,239.05,243.45,237.95,241.75
1704513600000,241.75,242.65,230.6,235.0
1704528000000,235.0,236.55,233.8,235.4
1704542400000,235.4,236.45,233.9,235.7
1704556800000,235.7,237.8,235.05,237.2
1704571200000,237.2,237.8,233.65,236.0
1704585600000,236.0,237.85,234.65,235.6
1704600000000,235.6,238.05,235.45,238.0
1704614400000,238.0,239.85,234.55,236.0
1704628800000,236.0,240.0,234.8,236.65
1704643200000,236.65,237.9,232.9,236.3
1704657600000,236.3,236.95,229.4,232.2
1704672000000,232.2,233.4,220.55,227.4
1704686400000,227.4,240.6,226.05,235.55
1704700800000,235.55,238.75,233.55,237.6
1704715200000,237.6,240.45,236.3,238.9
1704729600000,238.9,247.05,238.05,245.3
1704744000000,245.3,255.9,243.6,253.9
1704758400000,253.9,257.65,246.35,248.3
1704772800000,248.3,250.1,246.9,250.1
1704787200000,250.1,251.6,245.35,251.25
1704801600000,251.25,252.95,239.2,248.0
1704816000000,248.0,250.2,244.3,246.25
1704830400000,246.25,252.35,239.25,244.7
1704844800000,244.7,247.75,243.7,245.9
1704859200000,245.9,246.15,242.2,242.75
1704873600000,242.75,244.9,239.55,241.55
1704888000000,241.55,242.05,232.8,240.55
1704902400000,240.55,249.25,239.05,247.35
1704916800000,247.35,260.15,241.4,254.65
1704931200000,254.65,259.75,251.75,257.4
1704945600000,257.4,258.3,250.35,253.5
1704960000000,253.5,277.65,252.95,276.35
1704974400000,276.35,289.45,268.3,275.3
1704988800000,275.3,282.3,267.5,278.55
1705003200000,278.55,280.2,270.85,276.35
1705017600000,276.35,294.65,271.7,293.05
1705032000000,293.05,298.6,288.1,292.35
1705046400000,292.35,293.45,280.8,282.45
1705060800000,282.45,285.3,273.3,274.3
1705075200000,274.3,277.7,260.2,265.65
1705089600000,265.65,267.1,249.8,259.15
1705104000000,259.15,260.65,250.45,258.05
1705118400000,258.05,262.1,257.8,259.9
1705132800000,259.9,261.1,254.55,255.9
1705147200000,255.9,257.2,252.25,255.05
1705161600000,255.05,255.25,251.5,253.65
1705176000000,253.65,255.4,253.05,253.95
1705190400000,253.95,258.95,251.65,256.3
1705204800000,256.3,256.95,252.85,255.1
1705219200000,255.1,257.8,253.4,255.9
1705233600000,255.9,257.05,252.5,254.0
1705248000000,254.0,254.7,247.8,249.4
1705262400000,249.4,252.05,244.75,245.6
1705276800000,245.6,254.25,245.15,253.25
1705291200000,253.25,254.1,249.9,251.25
1705305600000,251.25,256.7,250.75,255.8
1705320000000,255.8,257.75,247.8,248.65
1705334400000,248.65,253.5,248.6,251.95
1705348800000,251.95,253.05,247.45,249.95
1705363200000,249.95,255.3,248.85,253.6
1705377600000,253.6,255.55,250.1,251.25
1705392000000,251.25,255.3,250.8,252.55
1705406400000,252.55,254.7,248.9,253.9
1705420800000,253.9,254.95,251.25,253.45
1705435200000,253.45,256.2,250.55,251.15
1705449600000,251.15,251.45,249.45,249.6
1705464000000,249.6,250.45,245.9,246.25
1705478400000,246.25,249.15,245.2,245.7
1705492800000,245.7,246.65,241.25,242.2
1705507200000,242.2,244.75,240.45,243.3
1705521600000,243.3,245.0,242.55,244.25
1705536000000,244.25,245.05,241.1,242.25
1705550400000,242.25,244.55,242.05,243.9
1705564800000,243.9,244.5,239.0,241.25
1705579200000,241.25,242.75,238.75,241.85
1705593600000,241.85,242.25,232.9,235.05
1705608000000,235.05,237.85,234.1,237.55
1705622400000,237.55,238.15,231.15,234.6
1705636800000,234.6,237.65,234.45,236.55
1705651200000,236.55,238.15,236.45,237.1
1705665600000,237.1,237.2,232.6,234.2
1705680000000,234.2,235.95,226.25,235.55
1705694400000,235.55,236.85,234.85,236.55
1705708800000,236.55,237.95,235.1,236.5
1705723200000,236.5,237.2,235.45,236.2
1705737600000,236.2,236.95,234.85,236.8
1705752000000,236.8,238.55,236.2,237.35
1705766400000,237.35,238.15,236.05,238.05
1705780800000,238.05,239.85,237.75,239.0
1705795200000,239.0,242.2,238.55,240.95
1705809600000,240.95,240.95,238.3,239.9
1705824000000,239.9,240.3,239.0,239.2
1705838400000,239.2,242.95,239.05,240.35
1705852800000,240.35,240.7,238.95,239.95
1705867200000,239.95,240.05,236.4,236.9
1705881600000,236.9,238.2,233.55,234.95
1705896000000,234.95,236.65,233.15,234.6
1705910400000,234.6,242.8,230.9,233.7
1705924800000,233.7,235.85,230.6,234.95
1705939200000,234.95,235.9,230.05,234.55
1705953600000,234.55,236.7,232.3,235.4
1705968000000,235.4,237.8,234.1,234.75
1705982400000,234.75,235.85,231.9,232.9
1705996800000,232.9,233.9,222.85,224.15
1706011200000,224.15,228.1,218.75,226.85
1706025600000,226.85,228.85,223.8,224.05
1706040000000,224.05,230.45,223.15,229.3
1706054400000,229.3,235.0,228.25,231.6
1706068800000,231.6,235.05,231.35,234.75
1706083200000,234.75,238.15,234.1,236.4
1706097600000,236.4,237.4,233.9,235.3
1706112000000,235.3,237.0,234.15,235.65
1706126400000,235.65,236.65,234.45,236.05
1706140800000,236.05,237.6,234.1,235.05
1706155200000,235.05,237.9,234.35,236.45
1706169600000,236.45,237.2,234.9,236.25
1706184000000,236.25,238.6,234.45,235.2
1706198400000,235.2,238.05,234.25,237.3
1706212800000,237.3,238.0,236.4,236.45
1706227200000,236.45,237.4,234.55,236.1
1706241600000,236.1,236.5,234.4,234.95
1706256000000,234.95,240.65,234.65,239.7
1706270400000,239.7,240.85,238.75,239.95
1706284800000,239.95,243.35,239.95,241.85
1706299200000,241.85,242.35,240.2,241.65
1706313600000,241.65,244.8,241.35,242.75
1706328000000,242.75,243.1,239.2,240.3
1706342400000,240.3,240.65,239.1,239.8
1706356800000,239.8,245.3,239.2,243.1
1706371200000,243.1,244.65,242.75,243.65
1706385600000,243.65,244.45,243.2,243.55
1706400000000,243.55,244.7,241.85,244.45
1706414400000,244.45,245.75,241.9,242.6
1706428800000,242.6,243.75,240.9,242.25
1706443200000,242.25,242.5,236.1,237.45
1706457600000,237.45,239.0,235.05,236.15
1706472000000,236.15,237.45,234.65,236.75
1706486400000,236.75,239.15,236.0,238.3
1706500800000,238.3,238.55,235.7,235.85
1706515200000,235.85,237.15,234.9,236.1
1706529600000,236.1,237.7,234.05,237.7
1706544000000,237.7,240.9,236.55,239.55
1706558400000,239.55,241.8,239.45,241.15
1706572800000,241.15,243.55,239.95,241.65
1706587200000,241.65,241.95,240.3,241.5
1706601600000,241.5,243.5,240.8,243.3
1706616000000,243.3,243.6,238.65,241.35
1706630400000,241.35,243.75,240.2,241.5
1706644800000,241.5,241.95,236.15,237.35
1706659200000,237.35,238.0,235.05,236.85
1706673600000,236.85,237.3,236.1,236.7
1706688000000,236.7,237.0,232.8,235.05
1706702400000,235.05,237.55,233.15,237.1
1706716800000,237.1,238.8,236.4,237.55
1706731200000,237.55,237.65,231.85,234.1
1706745600000,234.1,234.65,230.15,233.15
1706760000000,233.15,233.9,232.15,233.05
1706774400000,233.05,235.85,232.8,234.85
1706788800000,234.85,236.85,234.3,235.4
1706803200000,235.4,236.9,234.2,236.45
1706817600000,236.45,237.25,236.05,236.5
1706832000000,236.5,237.85,236.3,236.5
1706846400000,236.5,237.85,235.95,237.5
1706860800000,237.5,237.6,236.6,236.95
1706875200000,236.95,237.1,234.1,236.9
1706889600000,236.9,237.55,234.45,235.5
1706904000000,235.5,236.35,235.05,236.25
1706918400000,236.25,242.15,236.0,241.4
1706932800000,241.4,241.9,239.35,240.65
1706947200000,240.65,241.35,238.8,238.85
1706961600000,238.85,239.7,236.75,238.05
1706976000000,238.05,238.6,237.3,237.85
1706990400000,237.85,241.45,236.15,240.7
1707004800000,240.7,244.05,238.6,241.5
1707019200000,241.5,243.0,239.7,242.05
1707033600000,242.05,242.4,239.2,240.45
1707048000000,240.45,240.7,235.25,236.75
1707062400000,236.75,237.2,234.45,235.75
1707076800000,235.75,236.6,232.3,234.95
1707091200000,234.95,235.8,233.6,235.6
1707105600000,235.6,236.95,235.35,236.55
1707120000000,236.55,237.7,236.3,237.1
1707134400000,237.1,237.75,234.5,234.8
1707148800000,234.8,235.6,234.25,235.05
1707163200000,235.05,235.6,234.15,235.55
1707177600000,235.55,236.75,234.85,235.45
1707192000000,235.45,235.95,234.75,235.9
1707206400000,235.9,238.2,234.7,235.1
1707220800000,235.1,236.05,234.15,235.7
1707235200000,235.7,236.4,234.85,236.25
1707249600000,236.25,236.6,234.85,235.1
1707264000000,235.1,235.8,234.6,234.75
1707278400000,234.75,235.2,234.35,234.8
1707292800000,234.8,235.5,234.5,234.95
1707307200000,234.95,236.15,234.5,235.65
1707321600000,235.65,238.4,235.65,237.6
1707336000000,237.6,240.85,237.6,240.45
1707350400000,240.45,242.1,240.15,240.9
1707364800000,240.9,242.4,240.4,242.2
1707379200000,242.2,243.85,241.4,242.3
1707393600000,242.3,244.75,241.45,244.25
1707408000000,244.25,244.95,241.1,243.55
1707422400000,243.55,244.8,243.5,244.45
1707436800000,244.45,248.4,244.45,246.4
1707451200000,246.4,248.1,245.4,247.55
1707465600000,247.55,252.3,247.4,252.0
1707480000000,252.0,253.95,248.4,251.55
1707494400000,251.55,252.25,249.35,250.65
1707508800000,250.65,252.3,250.0,250.25
1707523200000,250.25,251.65,249.25,250.15
1707537600000,250.15,250.25,246.3,246.5
1707552000000,246.5,247.95,242.85,245.0
1707566400000,245.0,245.55,244.4,245.25
1707580800000,245.25,247.05,244.95,246.6
1707595200000,246.6,248.45,246.25,247.55
1707609600000,247.55,277.45,246.6,267.1
1707624000000,267.1,274.9,265.55,270.45
1707638400000,270.45,272.15,263.25,264.95
1707652800000,264.95,279.45,263.6,277.95
1707667200000,277.95,283.7,274.85,280.6
1707681600000,280.6,281.45,275.05,277.75
1707696000000,277.75,280.5,268.65,271.9
1707710400000,271.9,273.1,267.7,268.05
1707724800000,268.05,281.35,266.9,278.65
1707739200000,278.65,288.2,276.2,284.25
1707753600000,284.25,289.65,275.55,276.55
1707768000000,276.55,283.7,276.55,280.5
1707782400000,280.5,282.45,275.65,276.5
1707796800000,276.5,278.2,275.25,275.7
1707811200000,275.7,287.85,275.1,278.0
1707825600000,278.0,281.75,266.4,269.9
1707840000000,269.9,270.4,267.55,269.1
1707854400000,269.1,271.05,268.25,270.4
1707868800000,270.4,270.45,264.65,268.65
1707883200000,268.65,269.95,266.55,269.6
1707897600000,269.6,293.95,269.05,280.1
1707912000000,280.1,280.6,274.4,277.45
1707926400000,277.45,281.25,276.05,278.5
1707940800000,278.5,281.55,277.9,280.8
1707955200000,280.8,282.9,275.7,280.45
1707969600000,280.45,280.45,274.45,276.0
1707984000000,276.0,276.05,268.4,270.15
1707998400000,270.15,274.0,266.05,268.25
1708012800000,268.25,272.8,266.65,271.6
1708027200000,271.6,271.7,268.55,270.75
1708041600000,270.75,270.9,265.7,268.75
1708056000000,268.75,270.2,267.1,267.3
1708070400000,267.3,275.45,265.25,272.15
1708084800000,272.15,274.35,269.2,274.15
1708099200000,274.15,275.05,271.45,274.15
1708113600000,274.15,275.3,272.8,274.6
1708128000000,274.6,274.6,268.0,270.55
1708142400000,270.55,271.45,269.3,270.9
1708156800000,270.9,270.9,266.4,267.8
1708171200000,267.8,269.0,258.2,263.05
1708185600000,263.05,266.1,262.55,265.4
1708200000000,265.4,268.2,264.95,267.4
1708214400000,267.4,268.3,264.8,266.4
1708228800000,266.4,269.25,265.85,268.4
1708243200000,268.4,269.45,267.6,269.0
1708257600000,269.0,269.0,266.45,267.95
1708272000000,267.95,270.5,267.35,268.85
1708286400000,268.85,272.15,267.45,270.65
1708300800000,270.65,271.85,268.7,270.0
1708315200000,270.0,272.7,269.2,272.5
1708329600000,272.5,272.5,268.45,270.25
1708344000000,270.25,270.85,267.55,269.95
1708358400000,269.95,271.3,266.6,269.0
1708372800000,269.0,274.0,268.55,273.5
1708387200000,273.5,273.7,268.25,268.85
1708401600000,268.85,272.0,268.0,270.2
1708416000000,270.2,270.65,264.3,269.65
1708430400000,269.65,274.35,255.4,261.95
1708444800000,261.95,264.9,257.55,264.9
1708459200000,264.9,266.65,263.2,265.4
1708473600000,265.4,266.2,263.5,263.6
1708488000000,263.6,267.05,261.6,263.7
1708502400000,263.7,264.65,255.75,259.4
1708516800000,259.4,262.35,255.75,259.7
1708531200000,259.7,261.0,255.15,258.5
1708545600000,258.5,263.75,257.85,263.25
1708560000000,263.25,263.9,259.45,262.5
1708574400000,262.5,264.8,260.6,264.4
1708588800000,264.4,266.3,263.25,263.75
1708603200000,263.75,264.5,259.05,262.35
1708617600000,262.35,264.15,260.8,263.1
1708632000000,263.1,266.3,260.0,260.45
1708646400000,260.45,263.05,259.55,261.15
1708660800000,261.15,262.9,260.1,261.55
1708675200000,261.55,264.6,260.1,264.45
1708689600000,264.45,266.9,262.2,264.0
1708704000000,264.0,266.85,260.05,265.65
1708718400000,265.65,267.3,262.4,264.95
1708732800000,264.95,268.9,263.0,265.95
1708747200000,265.95,267.55,265.75,266.7
1708761600000,266.7,271.15,265.95,269.0
1708776000000,269.0,269.15,266.5,266.55
1708790400000,266.55,268.85,266.45,268.0
1708804800000,268.0,268.55,266.8,267.9
1708819200000,267.9,270.5,266.85,268.3
1708833600000,268.3,271.15,267.0,269.0
1708848000000,269.0,269.05,265.6,267.5
1708862400000,267.5,271.55,266.75,267.65
1708876800000,267.65,269.4,266.75,269.15
1708891200000,269.15,270.75,267.4,268.3
1708905600000,268.3,268.3,265.05,266.65
1708920000000,266.65,268.15,265.3,265.45
1708934400000,265.45,266.4,262.25,263.6
1708948800000,263.6,270.3,262.8,269.35
1708963200000,269.35,275.25,269.0,274.8
1708977600000,274.8,277.45,272.35,275.15
1708992000000,275.15,315.35,274.8,299.3
1709006400000,299.3,308.05,295.3,298.15
1709020800000,298.15,301.95,296.3,300.15
1709035200000,300.15,314.65,293.65,296.5
1709049600000,296.5,299.9,293.8,297.1
1709064000000,297.1,301.3,291.55,293.25
1709078400000,293.25,295.65,288.3,291.0
1709092800000,291.0,302.3,290.55,300.35
1709107200000,300.35,309.2,299.2,302.15
1709121600000,302.15,309.5,298.1,303.5
1709136000000,303.5,314.5,277.25,296.55
1709150400000,296.55,298.5,293.8,296.75
1709164800000,296.75,302.45,292.65,299.95
1709179200000,299.95,324.45,299.45,317.25
1709193600000,317.25,318.6,310.7,313.45
1709208000000,313.45,316.15,306.1,312.9
1709222400000,312.9,313.75,303.75,309.35
1709236800000,309.35,309.75,291.0,298.05
1709251200000,298.05,320.3,297.2,317.95
1709265600000,317.95,320.15,312.0,312.65
1709280000000,312.65,318.5,310.75,313.65
1709294400000,313.65,316.05,309.45,310.75
1709308800000,310.75,314.7,309.95,311.9
1709323200000,311.9,317.6,311.45,316.65
1709337600000,316.65,415.3,315.95,403.7
1709352000000,403.7,417.9,390.3,393.9
1709366400000,393.9,452.9,393.6,444.75
1709380800000,444.75,462.7,436.2,445.45
1709395200000,445.45,466.7,438.6,464.7
1709409600000,464.7,507.45,444.7,501.75
1709424000000,501.75,529.25,477.8,505.25
1709438400000,505.25,510.45,454.8,476.85
1709452800000,476.85,489.75,470.65,479.35
1709467200000,479.35,491.75,460.9,473.5
1709481600000,473.5,484.55,461.0,463.45
1709496000000,463.45,477.3,458.0,471.35
1709510400000,471.35,479.8,450.0,454.85
1709524800000,454.85,475.9,451.15,453.85
1709539200000,453.85,471.85,453.15,461.3
1709553600000,461.3,461.4,433.2,450.85
1709568000000,450.85,469.0,435.95,454.25
1709582400000,454.25,474.35,449.7,473.85
1709596800000,473.85,482.6,453.8,460.25
1709611200000,460.25,464.25,434.45,441.35
1709625600000,441.35,450.85,429.0,445.35
1709640000000,445.35,454.55,430.55,433.95
1709654400000,433.95,436.8,332.6,373.85
1709668800000,373.85,404.7,369.75,401.1
1709683200000,401.1,403.65,384.0,391.95
1709697600000,391.95,416.25,391.9,414.8
1709712000000,414.8,421.85,407.2,409.2
1709726400000,409.2,410.85,391.5,402.3
1709740800000,402.3,417.55,400.9,412.75
1709755200000,412.75,418.25,411.1,416.1
1709769600000,416.1,424.2,404.5,406.65
1709784000000,406.65,408.65,397.95,407.65
1709798400000,407.65,425.4,406.55,412.95
1709812800000,412.95,429.3,408.05,428.85
1709827200000,428.85,434.9,424.75,434.3
1709841600000,434.3,440.0,430.3,432.45
1709856000000,432.45,440.2,429.15,433.15
1709870400000,433.15,435.55,426.8,429.25
1709884800000,429.25,444.85,427.9,435.25
1709899200000,435.25,446.8,409.9,432.95
1709913600000,432.95,439.8,418.65,434.0
1709928000000,434.0,439.7,429.25,436.9
1709942400000,436.9,458.5,434.7,446.5
1709956800000,446.5,449.4,439.8,443.45
1709971200000,443.45,444.5,425.0,433.35
1709985600000,433.35,435.6,427.95,431.1
1710000000000,431.1,431.75,426.35,427.9
1710014400000,427.9,434.75,427.9,432.3
1710028800000,432.3,446.3,429.7,437.75
1710043200000,437.75,444.65,435.7,437.7
1710057600000,437.7,438.95,429.15,432.65
1710072000000,432.65,440.5,417.15,423.25
1710086400000,423.25,433.05,423.05,425.25
1710100800000,425.25,426.05,411.65,423.25
1710115200000,423.25,423.35,399.75,416.7
1710129600000,416.7,445.7,411.7,438.9
1710144000000,438.9,449.2,438.9,442.2
1710158400000,442.2,449.05,433.45,436.25
1710172800000,436.25,450.2,432.3,443.1
1710187200000,443.1,457.25,442.25,448.95
1710201600000,448.95,449.1,431.4,433.1
1710216000000,433.1,436.85,427.25,429.4
1710230400000,429.4,431.95,418.15,428.1
1710244800000,428.1,434.25,421.45,429.8
1710259200000,429.8,431.95,408.7,429.8
1710273600000,429.8,434.6,419.1,434.35
1710288000000,434.35,439.1,427.55,436.8
1710302400000,436.8,455.4,435.95,445.5
1710316800000,445.5,449.3,440.6,441.85
1710331200000,441.85,446.25,423.8,431.5
1710345600000,431.5,437.85,430.25,435.45
1710360000000,435.45,443.0,434.05,442.5
1710374400000,442.5,446.35,435.35,439.8
1710388800000,439.8,443.95,433.7,439.4
1710403200000,439.4,475.0,439.0,445.8
1710417600000,445.8,453.05,427.4,433.3
1710432000000,433.3,441.25,416.05,426.6
1710446400000,426.6,443.35,426.1,440.9
1710460800000,440.9,445.55,391.65,412.85
1710475200000,412.85,416.35,403.6,413.4
1710489600000,413.4,413.8,381.5,403.5
1710504000000,403.5,412.35,400.6,408.9
1710518400000,408.9,425.0,404.05,410.9
1710532800000,410.9,418.65,401.3,416.85
1710547200000,416.85,421.4,411.85,414.8
1710561600000,414.8,415.4,406.1,415.05
1710576000000,415.05,415.1,402.2,406.15
1710590400000,406.15,407.05,395.05,404.1
1710604800000,404.1,412.35,385.7,386.0
1710619200000,386.0,395.3,381.65,388.8
1710633600000,388.8,399.35,385.85,397.05
1710648000000,397.05,397.2,368.85,379.0
1710662400000,379.0,405.05,375.95,399.15
1710676800000,399.15,406.3,393.2,405.15
1710691200000,405.15,407.85,401.9,405.4
1710705600000,405.4,408.35,400.5,402.95
1710720000000,402.95,406.0,388.4,401.95
1710734400000,401.95,411.65,398.3,409.4
1710748800000,409.4,409.75,398.65,405.4
1710763200000,405.4,407.55,385.3,393.85
1710777600000,393.85,400.8,383.25,387.65
1710792000000,387.65,404.75,387.65,401.05
1710806400000,401.05,412.1,370.3,379.1
1710820800000,379.1,380.85,359.7,375.45
1710835200000,375.45,375.75,356.25,371.85
1710849600000,371.85,376.2,364.0,373.8
1710864000000,373.8,380.8,372.65,377.6
1710878400000,377.6,377.95,351.0,358.8
1710892800000,358.8,368.7,355.95,357.95
1710907200000,357.95,368.7,347.9,367.3
1710921600000,367.3,372.15,362.5,370.55
1710936000000,370.55,376.8,368.45,373.75
1710950400000,373.75,409.25,359.45,406.95
1710964800000,406.95,412.4,402.1,410.0
1710979200000,410.0,413.1,404.25,406.85
1710993600000,406.85,434.35,405.85,430.75
1711008000000,430.75,436.5,426.3,431.95
1711022400000,431.95,434.45,419.85,424.7
1711036800000,424.7,424.85,411.15,415.7
1711051200000,415.7,421.45,410.7,414.75
1711065600000,414.75,418.35,407.4,418.2
1711080000000,418.2,421.65,412.7,414.95
1711094400000,414.95,416.9,401.8,404.2
1711108800000,404.2,411.15,391.15,402.9
1711123200000,402.9,417.75,399.25,409.7
1711137600000,409.7,433.6,405.15,431.25
1711152000000,431.25,449.85,419.95,422.75
1711166400000,422.75,433.95,421.95,431.8
1711180800000,431.8,466.8,430.65,462.15
1711195200000,462.15,474.95,456.05,470.8
1711209600000,470.8,476.6,466.7,474.95
1711224000000,474.95,476.15,455.65,456.45
1711238400000,456.45,459.35,446.05,452.1
1711252800000,452.1,460.75,445.25,449.0
1711267200000,449.0,460.7,446.45,459.8
1711281600000,459.8,501.7,455.2,480.8
1711296000000,480.8,483.3,461.65,462.9
1711310400000,462.9,490.85,461.0,485.25
1711324800000,485.25,498.35,481.25,483.45
1711339200000,483.45,497.95,479.0,488.5
1711353600000,488.5,493.75,473.4,474.0
1711368000000,474.0,508.75,473.5,501.0
1711382400000,501.0,503.65,491.0,495.15
1711396800000,495.15,499.85,487.8,487.9
1711411200000,487.9,495.6,486.6,488.6
1711425600000,488.6,495.25,486.15,489.1
1711440000000,489.1,492.15,487.0,488.1
1711454400000,488.1,495.75,468.6,475.4
1711468800000,475.4,479.75,468.3,473.3
1711483200000,473.3,490.3,471.7,479.75
1711497600000,479.75,501.05,478.85,492.6
1711512000000,492.6,495.3,487.2,487.85
1711526400000,487.85,503.9,482.6,494.0
1711540800000,494.0,549.0,492.75,532.35
1711555200000,532.35,547.0,525.8,543.3
1711569600000,543.3,554.7,537.3,539.55
1711584000000,539.55,548.35,528.1,531.15
1711598400000,531.15,566.75,529.9,565.7
1711612800000,565.7,584.05,556.25,575.3
1711627200000,575.3,580.7,564.3,564.95
1711641600000,564.95,588.0,561.65,572.2
1711656000000,572.2,590.0,565.65,568.25
1711670400000,568.25,586.0,553.8,581.45
1711684800000,581.45,584.45,570.95,573.95
1711699200000,573.95,641.0,570.3,637.4
1711713600000,637.4,640.35,607.85,610.05
1711728000000,610.05,612.1,598.95,601.9
1711742400000,601.9,623.65,598.25,621.0
1711756800000,621.0,625.0,601.5,606.75
1711771200000,606.75,615.35,591.3,610.7
1711785600000,610.7,611.35,599.15,601.15
1711800000000,601.15,614.85,600.1,604.85
1711814400000,604.85,606.3,592.5,596.4
1711828800000,596.4,599.95,591.3,598.15
1711843200000,598.15,605.7,591.7,592.95
1711857600000,592.95,601.4,587.2,593.85
1711872000000,593.85,601.25,590.85,596.0
1711886400000,596.0,605.25,594.2,597.35
1711900800000,597.35,656.95,595.95,656.35
1711915200000,656.35,693.0,653.4,679.55
1711929600000,679.55,689.5,676.0,677.75
1711944000000,677.75,702.65,664.1,688.15
1711958400000,688.15,690.45,659.0,663.25
1711972800000,663.25,667.6,625.15,634.55
1711987200000,634.55,646.3,618.2,644.8
1712001600000,644.8,654.65,642.95,648.25
1712016000000,648.25,648.5,601.0,611.45
1712030400000,611.45,613.8,593.3,606.8
1712044800000,606.8,614.55,586.4,598.9
1712059200000,598.9,644.8,595.85,627.85
1712073600000,627.85,639.9,621.6,634.2
1712088000000,634.2,650.0,625.95,639.7
1712102400000,639.7,644.7,610.9,628.5
1712116800000,628.5,635.3,606.7,608.75
1712131200000,608.75,615.35,601.05,606.35
1712145600000,606.35,610.35,590.25,591.9
1712160000000,591.9,598.5,567.05,572.75
1712174400000,572.75,598.9,561.9,592.7
1712188800000,592.7,623.85,591.25,613.9
1712203200000,613.9,675.55,608.7,667.9
1712217600000,667.9,685.45,645.0,645.4
1712232000000,645.4,666.8,631.75,635.6
1712246400000,635.6,649.55,631.8,640.8
1712260800000,640.8,673.2,625.8,665.3
1712275200000,665.3,697.15,656.6,696.35
1712289600000,696.35,721.65,680.15,689.5
1712304000000,689.5,698.8,678.35,685.15
1712318400000,685.15,685.9,645.05,666.65
1712332800000,666.65,673.05,654.35,658.65
1712347200000,658.65,679.25,654.9,657.45
1712361600000,657.45,714.8,656.7,705.3
1712376000000,705.3,707.65,678.85,692.7
1712390400000,692.7,716.5,685.8,690.6
1712404800000,690.6,704.45,688.7,701.35
1712419200000,701.35,702.7,683.1,686.9
1712433600000,686.9,703.4,684.2,694.05
1712448000000,694.05,711.4,681.25,686.4
1712462400000,686.4,688.95,674.5,676.15
1712476800000,676.15,685.25,675.75,678.65
1712491200000,678.65,693.6,677.1,682.8
1712505600000,682.8,692.6,679.45,680.0
1712520000000,680.0,687.65,675.0,684.45
1712534400000,684.45,704.1,680.45,691.25
1712548800000,691.25,696.7,685.8,690.6
1712563200000,690.6,713.0,689.25,709.6
1712577600000,709.6,710.1,677.95,681.0
1712592000000,681.0,690.8,679.4,682.9
1712606400000,682.9,688.1,679.6,680.9
1712620800000,680.9,688.5,672.0,676.35
1712635200000,676.35,680.9,665.85,668.6
1712649600000,668.6,677.8,654.9,674.3
1712664000000,674.3,694.85,663.15,687.0
1712678400000,687.0,694.4,669.3,673.2
1712692800000,673.2,678.8,669.9,671.75
1712707200000,671.75,673.9,609.15,623.3
1712721600000,623.3,632.8,617.1,628.3
1712736000000,628.3,629.9,601.9,612.05
1712750400000,612.05,618.35,593.6,611.7
1712764800000,611.7,621.0,604.65,616.9
1712779200000,616.9,633.0,614.6,628.7
1712793600000,628.7,629.0,613.8,619.05
1712808000000,619.05,626.6,611.05,618.9
1712822400000,618.9,621.15,604.4,606.45
1712836800000,606.45,613.55,599.2,611.55
1712851200000,611.55,614.5,606.75,608.25
1712865600000,608.25,616.35,606.3,613.8
1712880000000,613.8,618.45,609.5,614.3
1712894400000,614.3,616.8,602.4,609.3
1712908800000,609.3,610.65,603.15,605.8
1712923200000,605.8,605.8,575.5,580.1
1712937600000,580.1,582.75,478.35,528.25
1712952000000,528.25,538.1,524.1,532.85
1712966400000,532.85,547.05,519.05,540.65
1712980800000,540.65,551.3,536.75,545.6
1712995200000,545.6,546.35,529.65,534.3
1713009600000,534.3,540.4,525.15,527.65
1713024000000,527.65,529.75,467.65,479.75
1713038400000,479.75,488.15,441.95,479.2
1713052800000,479.2,481.5,453.2,462.75
1713067200000,462.75,499.65,460.45,497.4
1713081600000,497.4,504.7,475.9,479.35
1713096000000,479.35,492.55,471.0,483.8
1713110400000,483.8,496.8,466.9,486.5
1713124800000,486.5,529.75,480.55,525.15
1713139200000,525.15,533.3,513.95,524.65
1713153600000,524.65,567.3,519.45,558.75
1713168000000,558.75,563.35,538.6,540.8
1713182400000,540.8,544.35,507.45,519.3
1713196800000,519.3,522.2,490.05,505.95
1713211200000,505.95,511.7,496.65,507.65
1713225600000,507.65,509.9,479.1,480.6
1713240000000,480.6,496.2,468.65,492.8
1713254400000,492.8,493.45,466.6,485.7
1713268800000,485.7,489.35,465.9,467.9
1713283200000,467.9,486.75,463.2,478.9
1713297600000,478.9,493.2,478.25,486.25
1713312000000,486.25,490.05,478.95,482.75
1713326400000,482.75,488.95,470.45,473.7
1713340800000,473.7,476.95,462.7,463.25
1713355200000,463.25,468.15,448.45,452.05
1713369600000,452.05,474.7,446.4,465.95
1713384000000,465.95,471.55,460.85,463.45
1713398400000,463.45,481.25,452.85,474.1
1713412800000,474.1,476.05,459.35,468.55
1713427200000,468.55,488.3,465.4,482.75
1713441600000,482.75,488.3,472.85,483.75
1713456000000,483.75,485.65,472.9,481.85
1713470400000,481.85,487.1,480.15,482.55
1713484800000,482.55,482.65,444.05,463.8
1713499200000,463.8,489.7,460.2,480.8
1713513600000,480.8,489.6,478.7,479.2
1713528000000,479.2,483.9,470.95,478.0
1713542400000,478.0,491.75,470.25,489.05
1713556800000,489.05,489.1,468.4,476.4
1713571200000,476.4,480.95,471.4,476.55
1713585600000,476.55,480.35,475.3,477.35
1713600000000,477.35,489.4,470.05,486.45
1713614400000,486.45,502.8,482.9,497.85
1713628800000,497.85,514.6,493.6,511.35
1713643200000,511.35,522.0,510.0,515.0
1713657600000,515.0,517.9,504.6,510.75
1713672000000,510.75,516.95,507.6,514.0
1713686400000,514.0,516.9,507.75,512.2
1713700800000,512.2,514.05,502.35,505.55
1713715200000,505.55,506.45,492.75,501.2
1713729600000,501.2,508.9,499.5,501.95
1713744000000,501.95,512.9,495.75,509.9
1713758400000,509.9,515.2,508.05,509.2
1713772800000,509.2,512.6,507.1,508.4
1713787200000,508.4,512.3,503.45,507.95
1713801600000,507.95,516.0,504.75,515.15
1713816000000,515.15,527.75,514.65,522.3
1713830400000,522.3,522.8,510.8,511.25
1713844800000,511.25,514.65,505.55,507.85
1713859200000,507.85,511.6,504.65,505.95
1713873600000,505.95,514.7,503.7,507.75
1713888000000,507.75,512.65,504.2,512.05
1713902400000,512.05,512.05,501.15,504.7
1713916800000,504.7,510.6,501.35,506.85
1713931200000,506.85,511.55,504.05,507.5
1713945600000,507.5,508.55,501.85,506.3
1713960000000,506.3,507.1,479.2,479.65
1713974400000,479.65,486.95,475.2,484.1
1713988800000,484.1,485.9,473.45,479.05
1714003200000,479.05,485.0,473.35,477.3
1714017600000,477.3,484.45,471.5,477.15
1714032000000,477.15,478.9,468.15,475.9
1714046400000,475.9,481.3,466.4,478.05
1714060800000,478.05,485.75,475.4,477.95
1714075200000,477.95,485.65,476.45,477.75
1714089600000,477.75,479.35,466.1,475.55
1714104000000,475.55,479.5,473.3,475.8
1714118400000,475.8,482.85,475.35,481.15
1714132800000,481.15,484.5,474.75,481.9
1714147200000,481.9,493.0,479.95,486.55
1714161600000,486.55,489.95,478.4,482.15
1714176000000,482.15,485.75,462.7,476.75
1714190400000,476.75,478.3,470.6,470.95
1714204800000,470.95,473.85,465.3,469.05
1714219200000,469.05,477.65,468.1,474.25
1714233600000,474.25,482.15,469.6,475.0
1714248000000,475.0,480.05,471.05,476.65
1714262400000,476.65,487.5,476.05,483.25
1714276800000,483.25,484.9,479.85,482.2
1714291200000,482.2,483.05,475.9,477.75
1714305600000,477.75,481.15,476.7,478.7
1714320000000,478.7,483.45,477.9,480.85
1714334400000,480.85,481.95,467.55,470.3
1714348800000,470.3,474.15,458.55,459.3
1714363200000,459.3,464.4,451.85,456.15
1714377600000,456.15,458.5,450.25,450.75
1714392000000,450.75,462.25,446.7,460.9
1714406400000,460.9,463.15,457.6,460.55
1714420800000,460.55,469.8,456.95,464.8
1714435200000,464.8,470.1,455.45,462.1
1714449600000,462.1,468.2,458.35,459.35
1714464000000,459.35,460.5,434.85,437.8
1714478400000,437.8,442.15,428.2,433.75
1714492800000,433.75,433.9,419.95,429.3
1714507200000,429.3,437.7,429.2,433.65
1714521600000,433.65,435.7,421.9,429.25
1714536000000,429.25,431.85,406.85,412.05
1714550400000,412.05,413.1,400.85,408.55
1714564800000,408.55,413.65,398.95,404.15
1714579200000,404.15,430.65,399.75,412.95
1714593600000,412.95,426.4,410.45,424.25
1714608000000,424.25,427.15,410.5,415.9
1714622400000,415.9,418.2,412.15,413.55
1714636800000,413.55,426.8,412.55,425.8
1714651200000,425.8,430.85,417.7,429.6
1714665600000,429.6,432.75,424.85,430.15
1714680000000,430.15,434.4,424.1,428.7
1714694400000,428.7,440.8,425.3,438.55
1714708800000,438.55,440.6,431.0,433.2
1714723200000,433.2,439.05,431.1,434.8
1714737600000,434.8,451.65,433.7,447.6
1714752000000,447.6,449.65,444.65,448.15
1714766400000,448.15,457.9,447.4,452.1
1714780800000,452.1,468.9,451.55,465.8
1714795200000,465.8,470.15,462.3,462.5
1714809600000,462.5,480.3,462.4,472.55
1714824000000,472.55,474.25,461.4,465.6
1714838400000,465.6,466.8,460.4,466.4
1714852800000,466.4,468.5,462.35,462.65
1714867200000,462.65,464.15,455.2,459.7
1714881600000,459.7,463.8,457.55,462.25
1714896000000,462.25,466.9,461.45,464.25
1714910400000,464.25,470.8,460.05,469.0
1714924800000,469.0,472.55,463.45,466.75
1714939200000,466.75,469.7,465.15,468.5
1714953600000,468.5,471.9,463.65,466.0
1714968000000,466.0,475.8,465.45,475.2
1714982400000,475.2,483.85,468.85,474.8
1714996800000,474.8,476.95,462.45,472.15
1715011200000,472.15,483.55,468.95,475.45
1715025600000,475.45,479.5,472.2,472.8
1715040000000,472.8,481.55,467.35,470.55
1715054400000,470.55,473.45,465.75,468.3
1715068800000,468.3,483.65,467.4,477.45
1715083200000,477.45,489.85,477.45,484.3
1715097600000,484.3,493.75,475.2,476.3
1715112000000,476.3,482.55,468.1,470.6
1715126400000,470.6,473.2,464.1,467.5
1715140800000,467.5,469.65,450.45,452.15
1715155200000,452.15,459.8,449.8,453.3
1715169600000,453.3,466.4,449.1,459.35
1715184000000,459.35,463.1,452.5,455.3
1715198400000,455.3,456.85,444.2,447.8
1715212800000,447.8,455.65,447.7,453.75
1715227200000,453.75,456.05,446.3,448.0
1715241600000,448.0,449.55,443.55,447.7
1715256000000,447.7,451.7,441.45,447.45
1715270400000,447.45,451.6,443.25,449.35
1715284800000,449.35,458.35,446.7,454.2
1715299200000,454.2,454.5,449.3,452.05
1715313600000,452.05,456.55,450.5,454.75
1715328000000,454.75,455.5,450.6,454.25
1715342400000,454.25,455.35,426.05,426.9
1715356800000,426.9,428.95,421.45,426.85
1715371200000,426.85,428.1,420.9,426.1
1715385600000,426.1,434.1,426.05,429.7
1715400000000,429.7,432.25,427.0,428.4
1715414400000,428.4,429.45,424.75,427.0
1715428800000,427.0,434.0,426.9,431.0
1715443200000,431.0,432.7,429.9,432.5
1715457600000,432.5,432.55,428.35,429.25
1715472000000,429.25,432.85,428.8,431.0
1715486400000,431.0,432.9,428.5,430.75
1715500800000,430.75,438.2,430.2,435.05
1715515200000,435.05,435.7,431.35,433.45
1715529600000,433.45,436.2,429.95,431.45
1715544000000,431.45,433.85,427.1,432.7
1715558400000,432.7,435.5,421.05,426.25
1715572800000,426.25,441.0,422.45,437.9
1715587200000,437.9,446.05,437.9,441.3
1715601600000,441.3,445.05,438.7,443.9
1715616000000,443.9,447.7,436.1,442.8
1715630400000,442.8,443.25,436.6,437.25
1715644800000,437.25,438.65,432.45,433.05
1715659200000,433.05,438.5,425.6,436.25
1715673600000,436.25,437.9,433.25,435.2
1715688000000,435.2,439.15,429.1,433.9
1715702400000,433.9,434.35,427.95,432.55
1715716800000,432.55,433.85,427.3,428.6
1715731200000,428.6,431.9,425.75,431.75
1715745600000,431.75,433.0,428.0,431.15
1715760000000,431.15,433.8,423.3,426.25
1715774400000,426.25,457.45,424.6,444.85
1715788800000,444.85,462.3,443.1,460.65
1715803200000,460.65,466.9,458.3,463.45
1715817600000,463.45,465.6,455.1,458.25
1715832000000,458.25,459.2,456.2,457.75
1715846400000,457.75,458.7,451.25,453.75
1715860800000,453.75,454.95,442.0,445.6
1715875200000,445.6,447.3,442.7,444.7
1715889600000,444.7,445.6,442.05,444.55
1715904000000,444.55,446.75,441.85,445.45
1715918400000,445.45,470.4,444.2,469.65
1715932800000,469.65,477.9,464.3,465.5
1715947200000,465.5,474.15,458.9,472.1
1715961600000,472.1,474.8,463.55,465.65
1715976000000,465.65,468.45,464.75,466.3
1715990400000,466.3,487.9,464.05,484.95
1716004800000,484.95,487.1,478.7,484.8
1716019200000,484.8,491.8,484.4,487.1
1716033600000,487.1,489.8,472.55,476.7
1716048000000,476.7,478.35,474.45,478.2
1716062400000,478.2,478.2,473.75,475.0
1716076800000,475.0,496.9,472.8,492.35
1716091200000,492.35,496.25,488.55,491.6
1716105600000,491.6,493.75,485.5,488.95
1716120000000,488.95,494.5,480.55,488.9
1716134400000,488.9,492.4,484.35,484.9
1716148800000,484.9,487.65,480.1,484.55
1716163200000,484.55,488.1,477.35,483.15
1716177600000,483.15,491.95,475.65,479.7
1716192000000,479.7,502.2,476.75,486.75
1716206400000,486.75,488.6,481.05,484.75
1716220800000,484.75,505.5,483.6,505.1
1716235200000,505.1,518.35,497.85,517.5
1716249600000,517.5,529.5,512.75,514.65
1716264000000,514.65,525.25,509.3,518.2
1716278400000,518.2,522.85,517.4,520.0
1716292800000,520.0,528.15,516.25,517.8
1716307200000,517.8,521.1,508.1,511.25
1716321600000,511.25,517.0,510.5,514.5
1716336000000,514.5,515.55,508.05,509.4
1716350400000,509.4,511.2,501.35,504.6
1716364800000,504.6,508.2,501.4,501.4
1716379200000,501.4,509.45,494.05,506.55
1716393600000,506.55,508.8,497.6,500.4
1716408000000,500.4,504.3,495.8,498.35
1716422400000,498.35,515.95,498.35,510.1
1716436800000,510.1,511.9,507.25,510.25
1716451200000,510.25,511.7,502.0,508.4
1716465600000,508.4,509.9,481.55,489.3
1716480000000,489.3,490.7,479.35,484.35
1716494400000,484.35,494.45,471.4,490.95
1716508800000,490.95,495.7,489.0,493.75
1716523200000,493.75,495.6,479.55,488.5
1716537600000,488.5,492.85,482.85,488.15
1716552000000,488.15,491.65,482.1,489.25
1716566400000,489.25,499.6,486.65,498.2
1716580800000,498.2,499.8,493.7,494.6
1716595200000,494.6,497.25,492.15,493.75
1716609600000,493.75,501.65,493.5,496.4
1716624000000,496.4,498.05,491.35,493.65
1716638400000,493.65,494.55,490.5,492.2
1716652800000,492.2,494.55,491.3,493.05
1716667200000,493.05,494.0,490.55,493.3
1716681600000,493.3,493.65,488.55,491.45
1716696000000,491.45,493.8,487.8,492.7
1716710400000,492.7,494.2,486.9,488.5
1716724800000,488.5,490.2,482.95,485.05
1716739200000,485.05,486.45,482.1,484.55
1716753600000,484.55,486.5,480.15,483.85
1716768000000,483.85,489.6,483.65,487.45
1716782400000,487.45,489.5,480.55,483.05
1716796800000,483.05,489.95,482.8,489.35
1716811200000,489.35,503.35,489.2,500.75
1716825600000,500.75,501.55,484.25,486.35
1716840000000,486.35,491.4,485.5,489.45
1716854400000,489.45,489.45,464.6,468.3
1716868800000,468.3,470.45,460.75,462.9
1716883200000,462.9,476.4,461.8,470.85
1716897600000,470.85,473.1,461.65,465.85
1716912000000,465.85,470.5,460.4,469.6
1716926400000,469.6,471.65,467.15,469.85
1716940800000,469.85,475.25,467.4,474.7
1716955200000,474.7,474.75,465.65,466.3
1716969600000,466.3,472.4,462.3,467.6
1716984000000,467.6,470.9,464.05,466.25
1716998400000,466.25,470.65,464.2,465.8
1717012800000,465.8,470.5,464.75,465.65
1717027200000,465.65,469.1,463.6,469.0
1717041600000,469.0,469.9,458.5,462.15
1717056000000,462.15,468.9,459.1,466.25
1717070400000,466.25,473.1,465.2,468.1
1717084800000,468.1,474.7,466.7,468.55
1717099200000,468.55,468.7,463.5,465.0
1717113600000,465.0,466.2,462.55,465.25
1717128000000,465.25,466.45,460.8,465.0
1717142400000,465.0,466.25,462.9,465.55
1717156800000,465.55,469.05,451.6,452.45
1717171200000,452.45,460.1,447.0,458.1
1717185600000,458.1,458.8,453.35,454.55
1717200000000,454.55,457.35,454.1,456.9
1717214400000,456.9,460.85,456.45,458.55
1717228800000,458.55,460.2,457.65,460.05
1717243200000,460.05,462.4,459.25,460.85
1717257600000,460.85,462.35,459.9,461.65
1717272000000,461.65,465.7,461.2,463.2
1717286400000,463.2,464.95,461.35,463.35
1717300800000,463.35,464.7,462.05,462.7
1717315200000,462.7,463.55,458.45,463.3
1717329600000,463.3,464.05,459.45,461.35
1717344000000,461.35,461.95,452.65,456.3
1717358400000,456.3,459.1,454.0,457.8
1717372800000,457.8,464.75,454.1,461.4
1717387200000,461.4,468.95,459.0,465.25
1717401600000,465.25,467.5,464.0,465.45
1717416000000,465.45,471.3,462.85,469.8
1717430400000,469.8,470.45,465.55,468.15
1717444800000,468.15,470.05,463.45,464.55
1717459200000,464.55,465.7,462.25,463.45
1717473600000,463.45,469.65,459.3,467.4
1717488000000,467.4,473.4,464.6,467.45
1717502400000,467.45,476.15,464.3,474.8
1717516800000,474.8,479.65,471.25,474.85
1717531200000,474.85,477.85,473.6,476.85
1717545600000,476.85,481.75,476.05,480.4
1717560000000,480.4,485.3,479.1,483.4
1717574400000,483.4,485.65,480.55,480.95
1717588800000,480.95,484.4,476.5,483.8
1717603200000,483.8,494.95,482.8,494.45
1717617600000,494.45,497.65,490.4,495.05
1717632000000,495.05,502.2,494.3,497.7
1717646400000,497.7,502.25,491.9,493.25
1717660800000,493.25,498.35,489.25,495.65
1717675200000,495.65,501.0,492.05,497.65
1717689600000,497.65,499.05,489.3,491.1
1717704000000,491.1,498.45,486.1,495.75
1717718400000,495.75,499.5,492.45,498.6
1717732800000,498.6,520.6,498.4,511.7
1717747200000,511.7,517.1,511.25,516.0
1717761600000,516.0,519.5,508.35,513.5
1717776000000,513.5,515.5,454.1,483.95
1717790400000,483.95,484.9,477.0,477.35
1717804800000,477.35,484.6,471.35,482.7
1717819200000,482.7,484.8,479.15,482.05
1717833600000,482.05,482.1,468.3,469.2
1717848000000,469.2,475.1,466.25,467.4
1717862400000,467.4,472.3,464.75,470.9
1717876800000,470.9,472.25,467.35,469.15
1717891200000,469.15,472.4,465.55,466.6
1717905600000,466.6,469.0,464.8,467.35
1717920000000,467.35,470.7,466.25,467.2
1717934400000,467.2,475.55,466.65,469.95
1717948800000,469.95,474.3,469.2,473.2
1717963200000,473.2,475.0,472.75,474.35
1717977600000,474.35,474.6,468.5,469.8
1717992000000,469.8,470.6,460.2,461.45
1718006400000,461.45,467.25,461.05,465.95
1718020800000,465.95,474.55,463.65,473.25
1718035200000,473.25,473.7,468.2,470.3
1718049600000,470.3,471.65,466.9,468.9
1718064000000,468.9,469.25,450.75,460.15
1718078400000,460.15,460.15,448.2,452.9
1718092800000,452.9,455.3,448.55,448.75
1718107200000,448.75,450.3,434.05,437.95
1718121600000,437.95,448.0,433.65,446.85
1718136000000,446.85,447.7,445.15,445.85
1718150400000,445.85,447.15,438.6,446.0
1718164800000,446.0,447.65,441.4,445.05
1718179200000,445.05,451.3,443.7,445.25
1718193600000,445.25,466.2,445.2,463.2
1718208000000,463.2,466.0,445.65,448.45
1718222400000,448.45,456.6,446.9,453.85
1718236800000,453.85,455.7,442.75,447.45
1718251200000,447.45,450.3,443.3,446.95
1718265600000,446.95,448.25,443.35,444.15
1718280000000,444.15,453.85,433.7,435.1
1718294400000,435.1,441.65,432.85,438.3
1718308800000,438.3,439.45,429.7,431.25
1718323200000,431.25,435.05,427.35,432.8
1718337600000,432.8,437.55,432.7,436.6
1718352000000,436.6,440.8,435.6,437.35
1718366400000,437.35,438.55,422.5,423.7
1718380800000,423.7,425.0,405.65,412.95
1718395200000,412.95,423.25,412.6,422.3
1718409600000,422.3,426.9,421.85,426.35
1718424000000,426.35,428.2,424.4,425.05
1718438400000,425.05,426.6,423.85,426.3
1718452800000,426.3,431.9,424.8,431.15
1718467200000,431.15,432.4,429.05,430.9
1718481600000,430.9,430.9,428.15,429.65
1718496000000,429.65,431.7,427.1,429.4
1718510400000,429.4,431.95,427.6,430.85
1718524800000,430.85,432.6,428.65,430.95
1718539200000,430.95,433.7,428.85,431.85
1718553600000,431.85,432.1,426.15,427.95
1718568000000,427.95,430.4,426.5,428.1
1718582400000,428.1,429.5,421.1,422.5
1718596800000,422.5,424.55,415.3,419.9
1718611200000,419.9,431.95,407.9,414.1
1718625600000,414.1,419.75,411.35,412.7
1718640000000,412.7,429.15,403.25,426.25
1718654400000,426.25,426.9,418.05,419.4
1718668800000,419.4,421.25,374.15,391.7
1718683200000,391.7,398.3,390.1,393.05
1718697600000,393.05,396.35,380.35,383.65
1718712000000,383.65,385.45,370.95,382.1
1718726400000,382.1,382.55,373.6,380.2
1718740800000,380.2,390.5,377.85,389.0
1718755200000,389.0,397.6,386.55,396.0
1718769600000,396.0,398.1,394.35,395.9
1718784000000,395.9,396.05,388.85,390.6
1718798400000,390.6,392.7,386.25,387.75
1718812800000,387.75,393.5,386.5,387.9
1718827200000,387.9,389.5,384.9,388.55
1718841600000,388.55,396.2,387.15,389.85
1718856000000,389.85,399.1,388.55,397.05
1718870400000,397.05,400.65,393.65,397.15
1718884800000,397.15,398.2,385.75,388.85
1718899200000,388.85,393.5,384.7,392.5
1718913600000,392.5,393.0,389.4,389.55
1718928000000,389.55,391.75,385.9,391.6
1718942400000,391.6,397.45,388.35,390.75
1718956800000,390.75,393.65,384.95,392.05
1718971200000,392.05,393.0,378.65,383.1
1718985600000,383.1,385.7,376.75,385.05
1719000000000,385.05,388.25,381.45,382.8
1719014400000,382.8,384.45,379.4,383.75
1719028800000,383.75,386.5,382.75,386.5
1719043200000,386.5,389.35,382.4,388.25
1719057600000,388.25,399.55,385.7,393.9
1719072000000,393.9,395.6,392.7,394.25
1719086400000,394.25,394.55,391.6,391.8
1719100800000,391.8,395.05,391.5,394.45
1719115200000,394.45,396.45,385.1,389.95
1719129600000,389.95,393.15,385.25,386.2
1719144000000,386.2,387.25,382.15,384.45
1719158400000,384.45,385.65,381.05,385.45
1719172800000,385.45,385.65,378.3,380.65
1719187200000,380.65,383.9,374.1,377.3
1719201600000,377.3,377.5,365.4,370.75
1719216000000,370.75,373.0,344.45,353.4
1719230400000,353.4,356.75,347.15,348.0
1719244800000,348.0,354.45,346.5,348.45
1719259200000,348.45,371.25,343.45,363.45
1719273600000,363.45,388.15,363.25,378.7
1719288000000,378.7,379.65,370.7,370.8
1719302400000,370.8,382.85,370.45,380.85
1719316800000,380.85,392.95,375.95,391.55
1719331200000,391.55,394.2,386.55,391.25
1719345600000,391.25,391.75,386.2,388.4
1719360000000,388.4,396.9,388.35,390.15
1719374400000,390.15,390.5,375.55,377.6
1719388800000,377.6,378.9,374.35,377.3
1719403200000,377.3,379.55,373.25,376.0
1719417600000,376.0,379.2,373.6,378.55
1719432000000,378.55,379.7,373.2,373.55
1719446400000,373.55,379.65,372.05,376.5
1719460800000,376.5,377.5,369.7,371.05
1719475200000,371.05,381.45,370.0,379.5
1719489600000,379.5,392.75,378.55,384.45
1719504000000,384.45,387.45,381.55,387.0
1719518400000,387.0,390.85,385.85,388.85
1719532800000,388.85,394.05,386.1,389.6
1719547200000,389.6,395.7,387.1,395.4
1719561600000,395.4,404.5,394.3,403.05
1719576000000,403.05,406.6,386.1,388.7
1719590400000,388.7,390.05,385.0,387.9
1719604800000,387.9,389.45,383.65,385.8
1719619200000,385.8,389.45,383.45,384.6
1719633600000,384.6,387.35,381.8,386.7
1719648000000,386.7,386.8,382.2,383.8
1719662400000,383.8,384.2,380.25,382.8
1719676800000,382.8,384.55,381.1,384.05
1719691200000,384.05,385.1,378.65,380.6
1719705600000,380.6,382.95,378.3,380.25
1719720000000,380.25,390.55,379.35,388.6
1719734400000,388.6,391.85,387.5,388.95
1719748800000,388.95,391.1,386.3,388.25
1719763200000,388.25,392.75,385.75,392.45
1719777600000,392.45,397.3,389.25,393.8
1719792000000,393.8,398.45,391.7,394.75
1719806400000,394.75,394.8,389.35,389.7
1719820800000,389.7,392.95,386.55,388.2
1719835200000,388.2,390.0,385.4,388.3
1719849600000,388.3,393.05,386.95,388.55
1719864000000,388.55,389.5,381.5,384.1
1719878400000,384.1,387.55,382.7,385.75
1719892800000,385.75,393.6,385.3,386.8
1719907200000,386.8,387.4,384.45,386.8
1719921600000,386.8,389.6,378.2,380.05
1719936000000,380.05,384.15,378.9,382.25
1719950400000,382.25,383.65,381.1,381.6
1719964800000,381.6,382.4,367.95,373.9
1719979200000,373.9,376.0,372.75,374.9
1719993600000,374.9,376.5,368.45,373.8
1720008000000,373.8,376.1,368.95,373.0
1720022400000,373.0,375.6,368.15,370.75
1720036800000,370.75,373.8,369.2,372.9
1720051200000,372.9,374.35,350.85,362.35
1720065600000,362.35,363.35,355.1,356.1
1720080000000,356.1,359.4,345.2,345.3
1720094400000,345.3,346.45,337.05,345.45
1720108800000,345.45,345.9,341.2,342.55
1720123200000,342.55,345.85,329.65,330.95
1720137600000,330.95,331.35,298.95,303.5
1720152000000,303.5,311.95,287.95,297.45
1720166400000,297.45,311.75,288.05,311.25
1720180800000,311.25,323.8,308.15,322.35
1720195200000,322.35,327.0,320.1,323.95
1720209600000,323.95,327.1,322.05,324.85
1720224000000,324.85,334.15,321.65,323.55
1720238400000,323.55,328.7,319.35,326.7
1720252800000,326.7,331.85,325.05,330.8
1720267200000,330.8,332.95,324.75,330.9
1720281600000,330.9,342.5,329.8,337.45
1720296000000,337.45,343.6,337.35,342.6
1720310400000,342.6,342.8,334.45,338.2
1720324800000,338.2,338.25,326.95,328.75
1720339200000,328.75,332.55,326.2,327.35
1720353600000,327.35,328.9,314.15,317.95
1720368000000,317.95,323.25,317.05,319.85
1720382400000,319.85,320.5,310.1,312.35
1720396800000,312.35,313.2,298.25,309.3
1720411200000,309.3,316.0,307.8,313.6
1720425600000,313.6,334.45,313.05,330.9
1720440000000,330.9,337.9,316.75,324.55
1720454400000,324.55,332.7,323.35,331.95
1720468800000,331.95,335.05,329.25,333.25
1720483200000,333.25,337.8,328.45,334.75
1720497600000,334.75,340.6,334.15,334.75
1720512000000,334.75,338.65,332.1,333.55
1720526400000,333.55,338.1,329.2,332.5
1720540800000,332.5,334.55,328.15,331.55
1720555200000,331.55,334.3,328.95,330.75
1720569600000,330.75,334.05,326.75,333.85
1720584000000,333.85,346.0,333.75,344.1
1720598400000,344.1,344.75,339.4,340.25
1720612800000,340.25,341.2,334.4,335.5
1720627200000,335.5,338.2,334.9,335.85
1720641600000,335.85,341.5,335.15,340.2
1720656000000,340.2,345.4,335.5,338.5
1720670400000,338.5,343.8,337.95,343.05
1720684800000,343.05,344.6,341.5,343.1
1720699200000,343.1,368.55,342.15,351.15
1720713600000,351.15,354.55,347.1,348.65
1720728000000,348.65,349.45,343.4,346.8
1720742400000,346.8,351.4,340.5,347.3
1720756800000,347.3,350.75,344.75,349.75
1720771200000,349.75,350.8,344.25,346.85
1720785600000,346.85,354.45,346.05,353.8
1720800000000,353.8,362.35,353.0,360.4
1720814400000,360.4,369.45,358.45,368.65
1720828800000,368.65,377.1,368.65,372.9
1720843200000,372.9,379.95,370.85,375.65
1720857600000,375.65,379.6,372.0,372.5
1720872000000,372.5,373.4,369.6,372.2
1720886400000,372.2,377.8,370.6,376.95
1720900800000,376.95,377.85,371.35,375.25
1720915200000,375.25,378.25,372.7,377.3
1720929600000,377.3,387.7,377.2,383.6
1720944000000,383.6,384.45,374.75,375.6
1720958400000,375.6,379.05,363.7,368.3
1720972800000,368.3,371.75,367.6,369.0
1720987200000,369.0,381.6,368.7,376.25
1721001600000,376.25,389.85,375.15,385.5
1721016000000,385.5,390.05,384.0,388.15
1721030400000,388.15,390.3,381.55,386.45
1721044800000,386.45,388.2,381.9,384.55
1721059200000,384.55,391.15,383.5,390.15
1721073600000,390.15,401.0,388.95,399.75
1721088000000,399.75,404.75,395.15,398.3
1721102400000,398.3,399.6,373.1,375.4
1721116800000,375.4,381.6,368.8,380.0
1721131200000,380.0,394.2,377.6,393.45
1721145600000,393.45,397.1,383.55,390.6
1721160000000,390.6,390.9,381.3,386.55
1721174400000,386.55,401.0,385.85,390.35
1721188800000,390.35,392.6,384.05,384.9
1721203200000,384.9,386.25,377.05,379.0
1721217600000,379.0,383.75,374.1,375.1
1721232000000,375.1,378.85,371.05,377.6
1721246400000,377.6,380.1,374.05,374.95
1721260800000,374.95,383.95,374.8,381.0
1721275200000,381.0,383.2,376.6,378.5
1721289600000,378.5,380.5,374.75,379.95
1721304000000,379.95,382.75,372.25,372.65
1721318400000,372.65,385.6,369.15,384.15
1721332800000,384.15,386.35,381.3,382.4
1721347200000,382.4,384.3,371.75,380.3
1721361600000,380.3,381.6,373.15,374.7
1721376000000,374.7,377.6,369.0,373.95
1721390400000,373.95,385.6,372.3,383.45
1721404800000,383.45,399.45,383.45,399.05
1721419200000,399.05,399.35,389.15,391.1
1721433600000,391.1,391.9,385.15,389.15
1721448000000,389.15,393.15,388.65,391.8
1721462400000,391.8,392.9,387.1,387.4
1721476800000,387.4,397.7,386.55,396.05
1721491200000,396.05,398.6,392.75,395.45
1721505600000,395.45,397.85,393.4,395.2
1721520000000,395.2,396.8,392.45,395.7
1721534400000,395.7,396.4,389.15,391.25
1721548800000,391.25,396.1,391.05,392.15
1721563200000,392.15,395.7,386.15,392.8
1721577600000,392.8,395.85,377.6,389.5
1721592000000,389.5,401.3,388.65,401.0
1721606400000,401.0,404.35,397.65,400.0
1721620800000,400.0,401.55,386.6,388.15
1721635200000,388.15,390.75,385.1,390.25
1721649600000,390.25,393.35,385.45,389.0
1721664000000,389.0,397.05,388.9,395.85
1721678400000,395.85,396.35,382.55,385.4
1721692800000,385.4,392.45,380.9,381.2
1721707200000,381.2,382.25,371.65,375.95
1721721600000,375.95,385.05,375.5,381.45
1721736000000,381.45,384.05,375.2,377.8
1721750400000,377.8,378.5,360.15,366.55
1721764800000,366.55,368.25,363.35,365.95
1721779200000,365.95,369.25,363.5,368.95
1721793600000,368.95,370.85,364.65,370.45
1721808000000,370.45,374.3,369.5,370.9
1721822400000,370.9,374.5,364.75,365.8
1721836800000,365.8,369.85,363.15,364.45
1721851200000,364.45,366.55,358.55,362.2
1721865600000,362.2,365.05,348.7,350.95
1721880000000,350.95,354.35,349.0,351.75
1721894400000,351.75,354.4,349.95,352.05
1721908800000,352.05,356.95,347.1,355.0
1721923200000,355.0,358.0,349.5,352.35
1721937600000,352.35,362.15,346.4,361.25
1721952000000,361.25,369.2,360.8,366.5
1721966400000,366.5,373.3,366.05,372.3
1721980800000,372.3,378.75,371.75,373.0
1721995200000,373.0,377.6,370.65,376.75
1722009600000,376.75,377.6,373.85,375.1
1722024000000,375.1,377.35,373.55,377.05
1722038400000,377.05,380.55,376.35,379.3
1722052800000,379.3,383.7,379.2,381.9
1722067200000,381.9,382.85,379.7,382.0
1722081600000,382.0,397.5,382.0,396.05
1722096000000,396.05,397.9,388.75,394.55
1722110400000,394.55,397.8,384.15,392.2
1722124800000,392.2,397.6,388.95,396.0
1722139200000,396.0,398.4,388.5,394.85
1722153600000,394.85,396.8,392.65,393.3
1722168000000,393.3,402.3,391.8,400.6
1722182400000,400.6,423.55,399.9,416.0
1722196800000,416.0,418.1,412.75,416.6
1722211200000,416.6,429.25,413.7,426.85
1722225600000,426.85,452.35,424.35,449.55
1722240000000,449.55,456.55,446.55,452.9
1722254400000,452.9,458.85,442.1,446.65
1722268800000,446.65,448.6,433.45,444.25
1722283200000,444.25,448.8,437.25,438.65
1722297600000,438.65,446.35,432.45,437.55
1722312000000,437.55,438.25,428.15,436.4
1722326400000,436.4,439.2,434.6,436.85
1722340800000,436.85,446.4,431.65,441.45
1722355200000,441.45,445.55,433.3,434.65
1722369600000,434.65,436.25,427.65,432.05
1722384000000,432.05,440.95,429.35,431.0
1722398400000,431.0,432.75,422.85,428.9
1722412800000,428.9,429.5,422.3,424.5
1722427200000,424.5,429.55,421.45,424.05
1722441600000,424.05,430.6,416.25,417.45
1722456000000,417.45,419.95,411.15,413.85
1722470400000,413.85,418.3,411.55,414.55
1722484800000,414.55,421.25,407.2,418.5
1722499200000,418.5,421.65,414.35,421.45
1722513600000,421.45,423.25,403.15,404.2
1722528000000,404.2,404.65,389.6,401.0
1722542400000,401.0,414.85,399.95,412.8
1722556800000,412.8,416.05,401.1,408.25
1722571200000,408.25,409.3,395.05,400.0
1722585600000,400.0,410.7,394.8,406.25
1722600000000,406.25,417.15,385.15,401.05
1722614400000,401.05,401.3,392.4,395.25
1722628800000,395.25,398.35,379.05,381.2
1722643200000,381.2,383.8,368.6,380.9
1722657600000,380.9,385.9,378.75,379.8
1722672000000,379.8,382.25,376.8,379.75
1722686400000,379.75,382.5,366.45,367.3
1722700800000,367.3,370.15,356.1,356.55
1722715200000,356.55,365.8,354.15,364.05
1722729600000,364.05,367.0,360.55,361.85
1722744000000,361.85,363.35,352.4,353.0
1722758400000,353.0,354.95,348.25,352.7
1722772800000,352.7,360.25,343.15,350.3
1722787200000,350.3,353.0,331.85,345.35
1722801600000,345.35,350.15,330.6,332.1
1722816000000,332.1,335.3,286.8,296.15
1722830400000,296.15,305.5,272.5,302.25
1722844800000,302.25,302.4,280.25,289.3
1722859200000,289.3,313.8,277.25,312.4
1722873600000,312.4,317.8,300.1,304.0
1722888000000,304.0,315.9,303.9,309.5
1722902400000,309.5,329.7,308.65,319.3
1722916800000,319.3,325.4,317.15,323.95
1722931200000,323.95,324.0,310.7,313.15
1722945600000,313.15,324.4,307.05,320.35
1722960000000,320.35,324.75,316.9,317.6
1722974400000,317.6,321.75,313.25,314.6
1722988800000,314.6,322.7,309.7,322.4
1723003200000,322.4,326.4,318.65,321.35
1723017600000,321.35,325.45,318.65,319.1
1723032000000,319.1,327.55,308.45,315.85
1723046400000,315.85,316.7,308.65,312.55
1723060800000,312.55,318.3,309.25,312.2
1723075200000,312.2,331.2,307.7,324.7
1723089600000,324.7,326.75,322.2,323.9
1723104000000,323.9,325.9,322.25,323.2
1723118400000,323.2,331.75,317.9,330.5
1723132800000,330.5,338.55,330.05,331.45
1723147200000,331.45,372.1,331.4,352.85
1723161600000,352.85,357.15,348.2,350.3
1723176000000,350.3,351.95,344.55,349.15
1723190400000,349.15,350.0,341.4,344.2
1723204800000,344.2,353.55,336.05,342.95
1723219200000,342.95,347.45,342.5,345.05
1723233600000,345.05,348.4,342.4,347.35
1723248000000,347.35,352.65,345.1,350.7
1723262400000,350.7,356.25,349.5,352.1
1723276800000,352.1,357.8,351.6,357.35
1723291200000,357.35,358.8,351.05,351.9
1723305600000,351.9,353.3,348.95,351.9
1723320000000,351.9,355.75,351.2,354.55
1723334400000,354.55,358.05,352.6,355.8
1723348800000,355.8,356.35,349.55,354.55
1723363200000,354.55,358.5,348.85,350.3
1723377600000,350.3,350.5,339.15,340.3
1723392000000,340.3,341.85,335.45,335.85
1723406400000,335.85,336.15,327.15,330.0
1723420800000,330.0,335.35,328.55,333.25
1723435200000,333.25,347.9,332.65,347.25
1723449600000,347.25,349.45,340.3,347.9
1723464000000,347.9,350.9,333.85,347.05
1723478400000,347.05,348.6,340.5,341.05
1723492800000,341.05,359.85,339.5,354.55
1723507200000,354.55,365.0,346.6,348.05
1723521600000,348.05,351.45,344.65,346.4
1723536000000,346.4,348.4,343.25,347.45
1723550400000,347.45,353.5,346.2,348.85
1723564800000,348.85,356.55,347.0,351.55
1723579200000,351.55,355.3,349.6,351.5
1723593600000,351.5,352.4,347.25,347.5
1723608000000,347.5,349.3,344.3,345.05
1723622400000,345.05,347.25,342.65,345.65
1723636800000,345.65,349.25,334.25,341.05
1723651200000,341.05,341.55,337.25,337.65
1723665600000,337.65,339.2,335.4,337.6
1723680000000,337.6,340.15,335.15,337.5
1723694400000,337.5,338.3,331.4,333.55
1723708800000,333.55,338.55,332.1,337.9
1723723200000,337.9,344.2,336.5,342.1
1723737600000,342.1,344.05,328.85,332.45
1723752000000,332.45,335.85,327.2,333.95
1723766400000,333.95,342.35,330.4,336.55
1723780800000,336.55,346.2,333.6,340.05
1723795200000,340.05,341.0,337.05,338.15
1723809600000,338.15,339.55,327.65,331.9
1723824000000,331.9,341.0,331.0,339.3
1723838400000,339.3,340.25,336.9,337.85
1723852800000,337.85,339.75,335.4,336.7
1723867200000,336.7,339.9,336.55,339.5
1723881600000,339.5,345.85,339.1,344.6
1723896000000,344.6,347.7,344.0,345.15
1723910400000,345.15,346.3,341.05,342.85
1723924800000,342.85,343.45,339.85,340.95
1723939200000,340.95,344.85,340.1,340.65
1723953600000,340.65,341.65,338.8,340.9
1723968000000,340.9,344.35,339.5,342.25
1723982400000,342.25,344.95,341.85,343.8
1723996800000,343.8,344.35,337.8,340.0
1724011200000,340.0,340.1,332.5,332.75
1724025600000,332.75,334.9,331.1,333.35
1724040000000,333.35,334.35,331.5,332.65
1724054400000,332.65,335.4,329.75,334.75
1724068800000,334.75,336.95,331.5,333.3
1724083200000,333.3,339.45,330.95,336.95
1724097600000,336.95,338.6,336.05,337.75
1724112000000,337.75,344.15,337.35,343.35
1724126400000,343.35,346.65,343.05,344.05
1724140800000,344.05,344.55,340.2,340.95
1724155200000,340.95,342.6,330.9,333.4
1724169600000,333.4,338.85,332.4,337.5
1724184000000,337.5,340.35,333.15,335.05
1724198400000,335.05,339.05,333.3,336.3
1724212800000,336.3,339.2,335.95,338.6
1724227200000,338.6,339.65,334.55,337.1
1724241600000,337.1,341.15,332.75,339.05
1724256000000,339.05,353.05,338.55,352.45
1724270400000,352.45,355.05,345.6,349.3
1724284800000,349.3,350.6,341.85,345.8
1724299200000,345.8,348.9,345.35,348.05
1724313600000,348.05,351.8,347.25,350.7
1724328000000,350.7,351.7,344.6,346.15
1724342400000,346.15,348.05,344.65,347.9
1724356800000,347.9,347.9,344.8,346.3
1724371200000,346.3,349.65,346.1,347.0
1724385600000,347.0,352.6,346.8,350.35
1724400000000,350.35,351.55,347.55,348.4
1724414400000,348.4,358.1,346.95,354.1
1724428800000,354.1,364.3,353.55,362.2
1724443200000,362.2,368.8,361.95,364.9
1724457600000,364.9,365.75,357.1,359.15
1724472000000,359.15,360.95,358.5,360.65
1724486400000,360.65,364.55,359.6,360.55
1724500800000,360.55,365.0,360.2,363.0
1724515200000,363.0,368.8,362.7,366.6
1724529600000,366.6,367.8,358.0,363.45
1724544000000,363.45,364.25,355.35,360.1
1724558400000,360.1,361.5,349.5,351.6
1724572800000,351.6,355.55,350.1,354.45
1724587200000,354.45,359.3,353.8,356.45
1724601600000,356.45,362.5,354.75,358.75
1724616000000,358.75,362.6,354.75,356.0
1724630400000,356.0,357.75,350.45,354.1
1724644800000,354.1,354.85,350.65,352.8
1724659200000,352.8,356.3,350.85,355.05
1724673600000,355.05,355.55,347.25,349.7
1724688000000,349.7,351.45,339.35,341.75
1724702400000,341.75,346.5,339.35,342.1
1724716800000,342.1,345.9,341.6,345.3
1724731200000,345.3,346.9,343.3,344.65
1724745600000,344.65,345.5,337.2,339.4
1724760000000,339.4,341.2,335.2,336.0
1724774400000,336.0,338.75,334.65,337.8
1724788800000,337.8,337.85,314.5,323.7
1724803200000,323.7,324.4,318.75,324.1
1724817600000,324.1,325.65,320.3,320.95
1724832000000,320.95,330.15,320.1,326.7
1724846400000,326.7,328.4,320.15,322.1
1724860800000,322.1,326.15,313.8,321.1
1724875200000,321.1,326.0,318.95,321.7
1724889600000,321.7,325.2,321.4,324.45
1724904000000,324.45,327.15,322.6,325.5
1724918400000,325.5,329.6,323.85,327.45
1724932800000,327.45,330.6,326.75,328.5
1724947200000,328.5,329.35,316.5,319.7
1724961600000,319.7,322.45,317.85,322.25
1724976000000,322.25,323.75,320.15,321.3
1724990400000,321.3,325.65,320.2,323.3
1725004800000,323.3,326.6,323.3,324.25
1725019200000,324.25,326.85,314.6,316.2
1725033600000,316.2,325.8,314.5,324.05
1725048000000,324.05,325.8,322.45,324.65
1725062400000,324.65,326.2,324.05,325.45
1725076800000,325.45,326.55,324.6,324.8
1725091200000,324.8,324.8,321.55,322.95
1725105600000,322.95,323.95,321.2,322.35
1725120000000,322.35,323.2,319.55,321.6
1725134400000,321.6,323.7,321.0,322.05
1725148800000,322.05,322.45,318.05,320.5
1725163200000,320.5,320.95,317.15,320.7
1725177600000,320.7,320.9,317.35,319.75
1725192000000,319.75,321.05,314.5,319.75
1725206400000,319.75,321.3,315.95,320.45
1725220800000,320.45,321.65,310.1,312.25
1725235200000,312.25,315.6,311.75,314.95
1725249600000,314.95,316.4,310.3,315.55
1725264000000,315.55,324.75,314.0,322.25
1725278400000,322.25,323.85,317.65,320.85
1725292800000,320.85,322.0,319.5,321.6
1725307200000,321.6,325.6,321.45,323.4
1725321600000,323.4,326.0,321.4,321.75
1725336000000,321.75,322.3,319.6,321.4
1725350400000,321.4,321.4,318.2,320.85
1725364800000,320.85,321.85,311.95,312.6
1725379200000,312.6,316.9,309.5,311.1
1725393600000,311.1,315.95,308.25,308.6
1725408000000,308.6,311.25,295.25,309.15
1725422400000,309.15,314.0,307.85,312.0
1725436800000,312.0,314.45,308.8,309.4
1725451200000,309.4,317.5,306.85,316.7
1725465600000,316.7,319.25,313.2,314.5
1725480000000,314.5,316.3,313.75,315.0
1725494400000,315.0,316.7,307.9,308.75
1725508800000,308.75,310.7,305.6,310.4
1725523200000,310.4,311.15,307.4,308.65
1725537600000,308.65,312.3,303.6,305.7
1725552000000,305.7,308.3,303.15,305.3
1725566400000,305.3,307.4,304.35,307.25
1725580800000,307.25,311.05,305.5,309.5
1725595200000,309.5,310.1,304.65,308.5
1725609600000,308.5,312.1,308.2,309.75
1725624000000,309.75,312.55,299.0,302.8
1725638400000,302.8,303.45,294.75,296.65
1725652800000,296.65,297.3,285.8,294.85
1725667200000,294.85,296.0,293.1,294.9
1725681600000,294.9,303.15,294.9,302.8
1725696000000,302.8,303.9,300.65,302.65
1725710400000,302.65,308.0,302.65,307.35
1725724800000,307.35,307.75,298.9,301.05
1725739200000,301.05,301.3,297.05,299.0
1725753600000,299.0,303.35,298.3,303.35
1725768000000,303.35,305.4,302.9,304.25
1725782400000,304.25,305.5,302.75,302.95
1725796800000,302.95,303.3,299.5,299.8
1725811200000,299.8,303.3,298.85,301.75
1725825600000,301.75,308.0,301.2,305.0
1725840000000,305.0,307.7,304.55,306.55
1725854400000,306.55,307.95,304.5,307.7
1725868800000,307.7,312.85,307.6,310.15
1725883200000,310.15,314.45,307.8,313.15
1725897600000,313.15,322.85,313.15,321.6
1725912000000,321.6,325.8,320.35,321.95
1725926400000,321.95,322.2,317.8,318.4
1725940800000,318.4,324.35,318.35,323.45
1725955200000,323.45,325.2,322.4,323.5
1725969600000,323.5,327.75,320.3,324.5
1725984000000,324.5,331.3,323.9,330.8
1725998400000,330.8,331.55,327.85,329.3
1726012800000,329.3,329.5,323.3,325.25
1726027200000,325.25,326.05,319.45,326.05
1726041600000,326.05,328.5,324.25,327.7
1726056000000,327.7,334.9,321.65,332.1
1726070400000,332.1,343.75,331.6,337.35
1726084800000,337.35,338.5,334.1,337.25
1726099200000,337.25,340.65,335.95,339.25
1726113600000,339.25,339.9,334.1,334.75
1726128000000,334.75,335.85,332.75,334.4
1726142400000,334.4,336.4,329.75,330.45
1726156800000,330.45,334.45,330.35,333.4
1726171200000,333.4,333.65,330.75,332.75
1726185600000,332.75,333.15,329.85,329.95
1726200000000,329.95,330.5,327.3,328.85
1726214400000,328.85,331.65,327.45,327.85
1726228800000,327.85,336.7,326.45,336.5
1726243200000,336.5,337.35,331.8,332.45
1726257600000,332.45,336.6,332.2,335.25
1726272000000,335.25,337.45,333.3,333.5
1726286400000,333.5,333.7,330.2,331.75
1726300800000,331.75,332.05,328.05,329.2
1726315200000,329.2,330.75,328.4,328.8
1726329600000,328.8,329.25,324.8,327.4
1726344000000,327.4,329.25,325.85,326.8
1726358400000,326.8,328.95,326.7,327.85
1726372800000,327.85,328.05,326.4,327.55
1726387200000,327.55,327.55,324.15,326.25
1726401600000,326.25,328.05,323.15,324.1
1726416000000,324.1,324.1,318.4,319.5
1726430400000,319.5,319.7,313.7,316.05
1726444800000,316.05,316.85,310.35,313.35
1726459200000,313.35,316.05,312.95,315.35
1726473600000,315.35,317.2,312.6,313.7
1726488000000,313.7,313.75,309.15,312.15
1726502400000,312.15,313.9,310.15,312.0
1726516800000,312.0,312.5,308.6,311.55
1726531200000,311.55,313.05,309.1,312.5
1726545600000,312.5,317.05,312.4,314.9
1726560000000,314.9,315.55,311.45,312.25
1726574400000,312.25,321.25,311.35,319.65
1726588800000,319.65,320.3,311.5,313.2
1726603200000,313.2,314.6,312.15,314.05
1726617600000,314.05,315.85,311.1,314.75
1726632000000,314.75,315.55,312.8,314.25
1726646400000,314.25,314.3,308.7,311.0
1726660800000,311.0,312.3,305.95,307.1
1726675200000,307.1,316.05,306.15,312.3
1726689600000,312.3,327.8,310.0,326.75
1726704000000,326.75,349.6,326.05,342.9
1726718400000,342.9,346.3,340.7,345.55
1726732800000,345.55,347.9,342.2,347.85
1726747200000,347.85,349.0,336.1,340.1
1726761600000,340.1,346.2,339.95,341.05
1726776000000,341.05,341.9,337.8,339.75
1726790400000,339.75,343.5,334.75,343.35
1726804800000,343.35,345.15,339.9,342.7
1726819200000,342.7,342.8,337.7,339.7
1726833600000,339.7,342.75,332.35,334.1
1726848000000,334.1,335.35,332.05,334.7
1726862400000,334.7,337.25,334.55,335.65
1726876800000,335.65,335.9,330.6,333.9
1726891200000,333.9,336.85,331.6,336.25
1726905600000,336.25,339.1,335.3,338.9
1726920000000,338.9,342.7,338.3,340.55
1726934400000,340.55,343.8,340.45,342.85
1726948800000,342.85,346.7,342.4,345.35
1726963200000,345.35,347.25,340.65,343.5
1726977600000,343.5,344.85,340.2,341.95
1726992000000,341.95,342.7,335.95,338.75
1727006400000,338.75,340.0,336.1,339.4
1727020800000,339.4,342.5,336.55,341.0
1727035200000,341.0,343.8,333.4,342.35
1727049600000,342.35,349.15,335.7,345.95
1727064000000,345.95,346.25,340.2,340.75
1727078400000,340.75,341.25,337.65,339.85
1727092800000,339.85,341.65,337.15,339.45
1727107200000,339.45,344.0,337.4,341.85
1727121600000,341.85,343.3,339.8,341.8
1727136000000,341.8,342.05,336.75,339.75
1727150400000,339.75,342.1,337.7,341.0
1727164800000,341.0,344.55,340.65,343.5
1727179200000,343.5,347.5,338.85,341.4
1727193600000,341.4,347.4,341.4,346.85
1727208000000,346.85,351.6,345.2,347.75
1727222400000,347.75,355.45,346.35,353.75
1727236800000,353.75,353.8,346.2,348.85
1727251200000,348.85,350.05,345.4,347.9
1727265600000,347.9,349.45,344.55,345.95
1727280000000,345.95,347.5,342.75,344.8
1727294400000,344.8,347.25,341.05,343.15
1727308800000,343.15,344.85,338.7,343.85
1727323200000,343.85,348.9,343.1,348.15
1727337600000,348.15,351.8,345.9,348.75
1727352000000,348.75,355.45,347.8,353.2
1727366400000,353.2,358.1,351.3,351.7
1727380800000,351.7,353.85,348.8,351.55
1727395200000,351.55,363.55,351.55,360.05
1727409600000,360.05,362.5,358.85,359.7
1727424000000,359.7,362.6,356.05,358.5
1727438400000,358.5,364.3,357.1,361.4
1727452800000,361.4,363.75,358.45,359.5
1727467200000,359.5,359.95,357.5,358.5
1727481600000,358.5,360.85,356.85,358.8
1727496000000,358.8,359.65,350.1,351.0
1727510400000,351.0,352.65,345.5,352.35
1727524800000,352.35,352.9,348.75,350.2
1727539200000,350.2,352.75,348.7,352.05
1727553600000,352.05,353.4,348.9,352.2
1727568000000,352.2,353.75,349.9,352.85
1727582400000,352.85,352.9,346.25,346.65
1727596800000,346.65,349.5,345.8,348.65
1727611200000,348.65,350.15,345.25,349.75
1727625600000,349.75,355.75,347.35,354.15
1727640000000,354.15,358.0,350.75,352.35
1727654400000,352.35,353.6,341.0,345.9
1727668800000,345.9,348.7,343.4,348.05
1727683200000,348.05,348.4,338.75,343.9
1727697600000,343.9,345.85,340.05,340.35
1727712000000,340.35,343.2,339.75,340.85
1727726400000,340.85,343.85,333.95,336.9
1727740800000,336.9,344.8,335.8,344.55
1727755200000,344.55,347.35,343.1,345.8
1727769600000,345.8,346.0,342.7,342.8
1727784000000,342.8,344.2,318.6,327.75
1727798400000,327.75,329.4,310.15,319.6
1727812800000,319.6,320.05,311.2,317.5
1727827200000,317.5,323.9,315.5,323.5
1727841600000,323.5,324.35,320.65,322.35
1727856000000,322.35,323.5,314.25,317.75
1727870400000,317.75,320.65,313.3,320.2
1727884800000,320.2,322.5,308.55,315.2
1727899200000,315.2,318.3,312.5,315.8
1727913600000,315.8,319.7,313.25,319.7
1727928000000,319.7,319.8,314.4,314.95
1727942400000,314.95,316.4,307.4,313.9
1727956800000,313.9,323.0,306.9,317.35
1727971200000,317.35,319.85,311.1,319.75
1727985600000,319.75,321.0,316.3,320.1
1728000000000,320.1,325.0,317.9,319.5
1728014400000,319.5,322.6,318.8,321.2
1728028800000,321.2,322.4,318.8,320.95
1728043200000,320.95,324.2,318.45,322.6
1728057600000,322.6,325.8,322.05,324.85
1728072000000,324.85,325.15,322.2,324.55
1728086400000,324.55,325.35,319.7,322.15
1728100800000,322.15,324.7,321.05,323.65
1728115200000,323.65,325.35,322.4,323.25
1728129600000,323.25,324.45,322.0,322.8
1728144000000,322.8,322.95,318.8,319.85
1728158400000,319.85,321.55,317.8,321.55
1728172800000,321.55,323.55,320.55,321.4
1728187200000,321.4,323.45,321.05,322.8
1728201600000,322.8,323.5,321.75,322.8
1728216000000,322.8,325.4,322.3,323.9
1728230400000,323.9,325.1,322.15,323.0
1728244800000,323.0,324.75,321.4,324.3
1728259200000,324.3,332.35,323.4,328.7
1728273600000,328.7,329.45,327.3,327.95
1728288000000,327.95,328.95,319.6,324.85
1728302400000,324.85,332.9,322.5,330.05
1728316800000,330.05,331.75,323.5,328.05
1728331200000,328.05,329.55,322.55,323.4
1728345600000,323.4,327.7,322.65,326.95
1728360000000,326.95,327.7,321.35,324.15
1728374400000,324.15,328.75,322.85,328.65
1728388800000,328.65,332.0,326.05,329.75
1728403200000,329.75,333.65,327.0,330.0
1728417600000,330.0,331.5,326.7,328.8
1728432000000,328.8,330.2,326.5,328.05
1728446400000,328.05,329.15,325.45,327.0
1728460800000,327.0,327.35,325.1,326.2
1728475200000,326.2,327.5,322.7,326.25
1728489600000,326.25,326.4,322.05,323.9
1728504000000,323.9,323.9,317.6,320.3
1728518400000,320.3,322.95,318.0,321.9
1728532800000,321.9,323.75,321.55,321.95
1728547200000,321.95,323.85,319.3,323.4
1728561600000,323.4,324.4,320.05,324.4
1728576000000,324.4,325.65,317.0,321.65
1728590400000,321.65,323.1,320.05,322.85
1728604800000,322.85,324.7,321.9,323.7
1728619200000,323.7,324.35,321.6,323.8
1728633600000,323.8,325.25,322.75,323.25
1728648000000,323.25,326.85,322.4,326.15
1728662400000,326.15,328.65,324.45,327.8
1728676800000,327.8,328.75,326.1,326.75
1728691200000,326.75,328.15,324.65,325.0
1728705600000,325.0,330.1,325.0,329.55
1728720000000,329.55,333.6,328.5,329.65
1728734400000,329.65,331.65,328.7,329.6
1728748800000,329.6,331.6,328.25,329.3
1728763200000,329.3,330.2,328.35,329.2
1728777600000,329.2,329.65,325.05,325.6
1728792000000,325.6,327.8,325.45,326.45
1728806400000,326.45,326.8,323.25,323.35
1728820800000,323.35,325.35,317.65,318.15
1728835200000,318.15,321.2,317.05,320.5
1728849600000,320.5,322.85,320.05,321.2
1728864000000,321.2,328.65,318.6,328.15
1728878400000,328.15,329.5,324.15,328.6
1728892800000,328.6,330.5,327.45,329.65
1728907200000,329.65,362.05,328.25,354.35
1728921600000,354.35,358.75,353.5,354.6
1728936000000,354.6,370.75,354.1,369.3
1728950400000,369.3,386.4,367.6,369.95
1728964800000,369.95,373.9,366.55,366.95
1728979200000,366.95,372.85,358.35,360.15
1728993600000,360.15,379.55,343.85,349.75
1729008000000,349.75,359.2,349.45,354.9
1729022400000,354.9,356.0,348.95,354.25
1729036800000,354.25,371.05,350.95,361.5
1729051200000,361.5,364.5,354.0,355.1
1729065600000,355.1,366.85,354.8,363.75
1729080000000,363.75,370.8,361.35,366.5
1729094400000,366.5,370.75,360.45,367.9
1729108800000,367.9,369.05,361.55,365.2
1729123200000,365.2,373.85,364.1,365.45
1729137600000,365.45,366.35,360.95,364.25
1729152000000,364.25,367.8,360.95,361.55
1729166400000,361.55,371.0,360.6,368.75
1729180800000,368.75,369.45,360.15,361.7
1729195200000,361.7,375.5,361.7,369.4
1729209600000,369.4,377.3,367.8,370.8
1729224000000,370.8,375.5,370.25,373.55
1729238400000,373.55,374.1,365.35,365.55
1729252800000,365.55,370.25,364.9,365.6
1729267200000,365.6,374.5,362.45,374.1
1729281600000,374.1,374.2,363.6,366.75
1729296000000,366.75,368.65,364.85,366.25
1729310400000,366.25,367.2,362.6,363.65
1729324800000,363.65,365.15,361.3,361.55
1729339200000,361.55,364.8,361.15,361.7
1729353600000,361.7,363.9,361.1,362.2
1729368000000,362.2,365.25,362.05,363.1
1729382400000,363.1,363.7,357.3,359.95
1729396800000,359.95,360.9,357.1,359.3
1729411200000,359.3,367.0,359.25,364.25
1729425600000,364.25,371.5,361.5,366.9
1729440000000,366.9,368.55,364.3,364.55
1729454400000,364.55,370.2,364.2,369.65
1729468800000,369.65,376.0,368.3,373.9
1729483200000,373.9,379.15,371.8,373.4
1729497600000,373.4,375.25,367.8,369.1
1729512000000,369.1,370.8,359.0,361.15
1729526400000,361.15,365.05,358.65,364.5
1729540800000,364.5,366.1,363.1,363.35
1729555200000,363.35,366.2,358.65,364.15
1729569600000,364.15,364.7,361.45,361.9
1729584000000,361.9,361.9,355.15,358.8
1729598400000,358.8,359.65,353.8,356.45
1729612800000,356.45,358.9,354.05,357.7
1729627200000,357.7,358.75,356.05,357.0
1729641600000,357.0,357.35,352.1,354.45
1729656000000,354.45,356.95,352.5,352.5
1729670400000,352.5,353.7,348.5,349.4
1729684800000,349.4,352.35,344.4,346.75
1729699200000,346.75,349.65,338.05,349.6
1729713600000,349.6,349.65,345.95,347.8
1729728000000,347.8,356.9,346.4,355.05
1729742400000,355.05,357.55,353.35,353.55
1729756800000,353.55,356.0,350.5,355.65
1729771200000,355.65,361.4,355.15,359.55
1729785600000,359.55,367.1,357.8,365.4
1729800000000,365.4,370.95,362.85,367.85
1729814400000,367.85,370.3,362.7,363.85
1729828800000,363.85,368.2,361.35,366.15
1729843200000,366.15,372.3,363.35,370.2
1729857600000,370.2,374.3,363.0,364.7
1729872000000,364.7,366.9,356.5,362.5
1729886400000,362.5,363.3,338.95,348.75
1729900800000,348.75,354.9,346.2,354.85
1729915200000,354.85,356.85,352.25,353.5
1729929600000,353.5,354.5,351.7,353.7
1729944000000,353.7,353.95,346.3,346.4
1729958400000,346.4,350.5,345.8,350.0
1729972800000,350.0,351.75,347.4,347.6
1729987200000,347.6,351.65,346.8,351.55
1730001600000,351.55,352.5,349.2,350.15
1730016000000,350.15,350.6,346.75,347.15
1730030400000,347.15,352.25,346.9,351.7
1730044800000,351.7,353.15,347.6,350.0
1730059200000,350.0,354.2,349.35,351.9
1730073600000,351.9,353.2,346.6,347.25
1730088000000,347.25,352.2,343.55,350.05
1730102400000,350.05,353.75,349.9,353.05
1730116800000,353.05,364.25,351.35,360.5
1730131200000,360.5,364.6,356.05,362.95
1730145600000,362.95,368.15,361.35,365.2
1730160000000,365.2,382.3,363.65,380.45
1730174400000,380.45,387.4,377.55,379.75
1730188800000,379.75,385.1,379.75,382.45
1730203200000,382.45,388.1,378.2,387.9
1730217600000,387.9,389.45,382.4,382.95
1730232000000,382.95,385.95,378.85,385.95
1730246400000,385.95,387.55,377.95,378.75
1730260800000,378.75,383.8,377.6,380.2
1730275200000,380.2,381.1,367.15,369.2
1730289600000,369.2,375.25,365.3,370.25
1730304000000,370.25,373.75,369.2,370.2
1730318400000,370.2,373.75,367.75,368.65
1730332800000,368.65,375.15,366.0,372.85
1730347200000,372.85,374.4,369.05,374.0
1730361600000,374.0,378.2,371.8,373.6
1730376000000,373.6,375.4,361.75,363.25
1730390400000,363.25,364.05,351.45,351.7
1730404800000,351.7,360.8,349.65,358.45
1730419200000,358.45,358.95,346.6,350.9
1730433600000,350.9,351.65,343.7,345.6
1730448000000,345.6,351.55,345.0,350.7
1730462400000,350.7,359.85,343.05,345.95
1730476800000,345.95,352.3,345.45,348.3
1730491200000,348.3,350.05,344.4,349.35
1730505600000,349.35,352.5,349.15,351.5
1730520000000,351.5,351.75,347.35,349.35
1730534400000,349.35,349.7,346.6,347.9
1730548800000,347.9,348.65,340.85,344.2
1730563200000,344.2,347.5,343.25,347.5
1730577600000,347.5,357.15,347.4,353.5
1730592000000,353.5,354.05,342.5,348.35
1730606400000,348.35,353.3,340.95,344.3
1730620800000,344.3,345.25,340.4,340.8
1730635200000,340.8,342.1,334.15,338.3
1730649600000,338.3,340.9,333.55,340.1
1730664000000,340.1,343.8,339.2,339.75
1730678400000,339.75,342.2,333.25,338.0
1730692800000,338.0,340.2,333.35,333.4
1730707200000,333.4,339.0,332.1,338.15
1730721600000,338.15,340.95,335.35,336.9
1730736000000,336.9,338.05,332.25,332.55
1730750400000,332.55,336.85,321.75,329.0
1730764800000,329.0,332.05,326.15,332.05
1730779200000,332.05,339.95,331.35,338.2
1730793600000,338.2,340.25,336.85,338.7
1730808000000,338.7,344.85,337.7,341.2
1730822400000,341.2,345.05,335.2,336.3
1730836800000,336.3,344.8,335.45,342.5
1730851200000,342.5,370.65,342.45,364.2
1730865600000,364.2,384.35,362.55,371.7
1730880000000,371.7,374.5,364.25,372.9
1730894400000,372.9,374.8,360.95,368.1
1730908800000,368.1,373.25,366.8,372.35
1730923200000,372.35,382.25,371.25,378.15
1730937600000,378.15,386.95,376.75,379.5
1730952000000,379.5,380.0,370.5,373.95
1730966400000,373.95,378.7,373.7,375.45
1730980800000,375.45,382.75,373.25,382.45
1730995200000,382.45,386.15,379.6,382.55
1731009600000,382.55,386.75,374.55,377.6
1731024000000,377.6,383.75,374.6,376.8
1731038400000,376.8,382.55,367.65,371.65
1731052800000,371.65,375.6,369.85,372.1
1731067200000,372.1,376.2,369.5,372.65
1731081600000,372.65,375.95,363.8,374.75
1731096000000,374.75,380.6,371.5,377.0
1731110400000,377.0,377.5,369.25,370.6
1731124800000,370.6,377.75,370.4,373.85
1731139200000,373.85,378.75,373.05,376.15
1731153600000,376.15,384.7,373.4,382.35
1731168000000,382.35,383.7,373.8,378.95
1731182400000,378.95,407.6,378.35,405.2
1731196800000,405.2,437.1,394.55,429.85
1731211200000,429.85,437.3,424.65,427.45
1731225600000,427.45,435.3,424.4,433.9
1731240000000,433.9,453.45,427.65,439.15
1731254400000,439.15,454.5,437.55,443.3
1731268800000,443.3,445.95,420.0,441.3
1731283200000,441.3,452.85,439.8,443.4
1731297600000,443.4,443.6,422.6,430.05
1731312000000,430.05,438.35,427.6,437.4
1731326400000,437.4,449.6,430.05,448.5
1731340800000,448.5,453.75,426.6,443.95
1731355200000,443.95,484.1,443.2,472.75
1731369600000,472.75,473.8,450.95,458.35
1731384000000,458.35,462.65,452.3,459.05
1731398400000,459.05,475.4,422.3,435.85
1731412800000,435.85,439.7,418.6,429.75
1731427200000,429.75,440.4,420.95,436.8
1731441600000,436.8,444.45,430.5,432.4
1731456000000,432.4,437.35,416.95,417.35
1731470400000,417.35,424.5,403.25,414.05
1731484800000,414.05,417.65,409.6,413.6
1731499200000,413.6,440.35,408.1,439.15
1731513600000,439.15,451.05,429.75,431.7
1731528000000,431.7,448.25,425.35,439.6
1731542400000,439.6,444.9,428.2,443.75
1731556800000,443.75,446.1,431.15,441.8
1731571200000,441.8,446.3,431.35,437.6
1731585600000,437.6,437.75,417.8,419.5
1731600000000,419.5,429.55,417.55,424.05
1731614400000,424.05,426.15,409.45,414.85
1731628800000,414.85,422.15,412.05,420.8
1731643200000,420.8,421.0,409.6,417.4
1731657600000,417.4,428.25,413.2,427.55
1731672000000,427.55,436.0,415.8,419.4
1731686400000,419.4,428.15,416.65,426.25
1731700800000,426.25,436.2,426.0,431.65
1731715200000,431.65,435.95,428.5,434.55
1731729600000,434.55,443.25,431.35,434.95
1731744000000,434.95,449.4,433.05,448.1
1731758400000,448.1,470.95,440.4,455.7
1731772800000,455.7,483.9,451.65,482.1
1731787200000,482.1,483.0,460.95,462.15
1731801600000,462.15,489.1,437.6,445.1
1731816000000,445.1,454.9,440.4,448.35
1731830400000,448.35,452.4,438.65,438.65
1731844800000,438.65,444.2,431.95,435.9
1731859200000,435.9,439.7,427.75,432.9
1731873600000,432.9,435.15,424.4,432.9
1731888000000,432.9,449.0,431.05,447.75
1731902400000,447.75,457.3,444.05,450.4
1731916800000,450.4,452.55,436.6,439.45
1731931200000,439.45,448.9,431.75,446.55
1731945600000,446.55,449.55,431.85,440.1
1731960000000,440.1,472.4,436.7,452.85
1731974400000,452.85,460.85,449.85,458.5
1731988800000,458.5,460.85,453.3,453.4
1732003200000,453.4,455.5,442.3,449.9
1732017600000,449.9,455.7,438.7,448.05
1732032000000,448.05,454.45,446.35,449.9
1732046400000,449.9,451.8,438.35,447.1
1732060800000,447.1,447.6,429.45,435.2
1732075200000,435.2,440.95,431.7,439.6
1732089600000,439.6,445.4,437.9,442.3
1732104000000,442.3,454.8,437.85,451.15
1732118400000,451.15,453.75,428.7,434.9
1732132800000,434.9,449.75,431.2,440.3
1732147200000,440.3,456.95,428.75,453.4
1732161600000,453.4,536.5,452.9,526.55
1732176000000,526.55,528.4,511.1,521.1
1732190400000,521.1,526.9,472.85,476.85
1732204800000,476.85,489.45,473.7,483.95
1732219200000,483.95,492.1,477.05,484.95
1732233600000,484.95,503.45,482.6,493.9
1732248000000,493.9,501.15,491.05,492.75
1732262400000,492.75,496.5,483.05,492.05
1732276800000,492.05,492.55,471.85,486.4
1732291200000,486.4,492.0,482.6,487.8
1732305600000,487.8,494.9,486.05,490.75
1732320000000,490.75,569.25,486.45,541.4
1732334400000,541.4,542.45,525.3,529.85
1732348800000,529.85,540.0,526.8,528.75
1732363200000,528.75,543.4,520.3,521.25
1732377600000,521.25,526.85,499.0,507.3
1732392000000,507.3,516.55,494.4,510.4
1732406400000,510.4,527.95,507.4,521.1
1732420800000,521.1,523.6,507.8,512.9
1732435200000,512.9,513.85,495.75,497.8
1732449600000,497.8,503.95,477.3,488.75
1732464000000,488.75,509.75,486.9,502.6
1732478400000,502.6,519.35,501.2,515.55
1732492800000,515.55,516.05,494.7,511.6
1732507200000,511.6,515.75,507.65,511.75
1732521600000,511.75,532.05,510.2,524.25
1732536000000,524.25,533.6,498.05,514.45
1732550400000,514.45,520.85,498.3,502.95
1732564800000,502.95,509.8,483.2,492.35
1732579200000,492.35,504.9,487.6,499.9
1732593600000,499.9,505.55,492.75,495.95
1732608000000,495.95,497.7,471.15,485.4
1732622400000,485.4,493.6,477.5,485.75
1732636800000,485.75,497.8,478.15,485.55
1732651200000,485.55,498.6,483.6,492.85
1732665600000,492.85,497.85,485.4,493.95
1732680000000,493.95,506.1,491.3,505.0
1732694400000,505.0,518.0,495.15,504.1
1732708800000,504.1,526.1,497.6,518.1
1732723200000,518.1,519.3,512.7,518.1
1732737600000,518.1,523.7,513.4,518.3
1732752000000,518.3,525.9,504.9,512.1
1732766400000,512.1,514.3,507.2,508.7
1732780800000,508.7,510.2,499.1,504.1
1732795200000,504.1,511.4,497.8,498.7
1732809600000,498.7,510.4,498.7,509.4
1732824000000,509.4,513.8,506.0,511.5
1732838400000,511.5,516.1,507.6,513.0
1732852800000,513.0,513.7,500.6,500.9
1732867200000,500.9,513.0,498.5,511.6
1732881600000,511.6,523.6,509.1,514.2
1732896000000,514.2,520.7,508.6,516.8
1732910400000,516.8,522.7,516.0,519.2
1732924800000,519.2,526.3,505.7,514.5
1732939200000,514.5,520.5,511.0,517.4
1732953600000,517.4,540.8,515.1,519.1
1732968000000,519.1,538.4,518.9,530.2
1732982400000,530.2,537.1,527.2,529.7
1732996800000,529.7,531.1,521.1,526.5
1733011200000,526.5,528.7,509.9,518.6
1733025600000,518.6,522.1,515.7,520.7
1733040000000,520.7,526.1,517.6,521.1
1733054400000,521.1,532.5,518.2,529.3
1733068800000,529.3,532.7,522.0,526.1
1733083200000,526.1,538.8,513.4,532.8
1733097600000,532.8,563.0,529.7,533.3
1733112000000,533.3,539.0,521.5,526.3
1733126400000,526.3,531.4,495.2,499.4
1733140800000,499.4,535.6,497.4,529.1
1733155200000,529.1,530.8,501.4,519.5
1733169600000,519.5,540.4,518.6,538.8
1733184000000,538.8,549.7,526.9,538.8
1733198400000,538.8,557.8,526.3,534.3
1733212800000,534.3,544.1,523.9,541.8
1733227200000,541.8,575.2,512.0,531.2
1733241600000,531.2,543.3,523.8,534.7
1733256000000,534.7,592.7,533.2,586.4
1733270400000,586.4,602.8,561.1,572.6
1733284800000,572.6,579.9,568.0,578.6
1733299200000,578.6,583.8,565.4,569.6
1733313600000,569.6,573.1,556.6,567.1
1733328000000,567.1,570.2,541.8,567.3
1733342400000,567.3,588.5,566.3,584.3
1733356800000,584.3,614.6,551.0,586.1
1733371200000,586.1,632.1,574.1,620.3
1733385600000,620.3,625.7,602.7,617.1
1733400000000,617.1,638.0,606.5,610.9
1733414400000,610.9,620.5,602.3,604.5
1733428800000,604.5,608.4,569.1,589.2
1733443200000,589.2,600.8,584.1,596.7
1733457600000,596.7,602.1,593.7,596.9
1733472000000,596.9,600.3,580.5,593.7
1733486400000,593.7,624.1,587.4,622.4
1733500800000,622.4,641.1,621.9,637.7
1733515200000,637.7,639.3,615.5,619.8
1733529600000,619.8,627.6,614.3,615.1
1733544000000,615.1,618.8,611.5,617.2
1733558400000,617.2,624.2,612.3,616.7
1733572800000,616.7,620.5,610.5,619.1
1733587200000,619.1,620.0,604.6,609.6
1733601600000,609.6,615.3,607.7,608.2
1733616000000,608.2,623.4,606.3,619.9
1733630400000,619.9,625.5,608.4,614.7
1733644800000,614.7,616.4,600.8,615.6
1733659200000,615.6,624.9,609.9,618.8
1733673600000,618.8,624.8,615.5,619.3
1733688000000,619.3,624.9,614.0,623.1
1733702400000,623.1,624.5,602.1,611.0
1733716800000,611.0,614.3,594.6,604.2
1733731200000,604.2,608.9,588.2,590.5
1733745600000,590.5,614.3,585.2,596.1
1733760000000,596.1,607.1,591.2,597.9
1733774400000,597.9,608.2,507.9,551.2
1733788800000,551.2,563.9,524.8,544.2
1733803200000,544.2,548.8,531.5,545.7
1733817600000,545.7,552.1,538.7,541.2
1733832000000,541.2,542.5,500.3,501.2
1733846400000,501.2,510.4,484.9,507.1
1733860800000,507.1,520.3,503.0,516.1
1733875200000,516.1,521.1,502.1,519.0
1733889600000,519.0,523.9,515.9,517.6
1733904000000,517.6,534.9,517.6,533.0
1733918400000,533.0,550.7,531.8,549.4
1733932800000,549.4,550.6,541.2,544.0
1733947200000,544.0,550.6,542.1,546.7
1733961600000,546.7,564.2,541.8,556.8
1733976000000,556.8,563.5,552.0,555.3
1733990400000,555.3,559.7,544.9,547.9
1734004800000,547.9,558.2,545.5,552.4
1734019200000,552.4,557.6,538.3,540.3
1734033600000,540.3,548.5,537.1,540.3
1734048000000,540.3,543.6,528.6,537.2
1734062400000,537.2,539.4,525.9,531.2
1734076800000,531.2,536.4,526.1,530.2
1734091200000,530.2,544.1,528.5,528.5
1734105600000,528.5,539.3,527.2,538.9
1734120000000,538.9,543.0,529.8,542.3
1734134400000,542.3,551.4,533.7,546.0
1734148800000,546.0,546.6,541.1,542.6
1734163200000,542.6,545.3,536.5,537.2
1734177600000,537.2,538.3,521.4,529.3
1734192000000,529.3,534.0,520.1,525.8
1734206400000,525.8,535.1,519.2,533.8
1734220800000,533.8,536.5,526.6,530.4
1734235200000,530.4,542.0,528.2,531.8
1734249600000,531.8,540.2,528.4,538.4
1734264000000,538.4,547.1,538.4,540.9
1734278400000,540.9,544.4,535.9,537.7
1734292800000,537.7,550.6,524.2,546.1
1734307200000,546.1,557.6,534.3,535.8
1734321600000,535.8,546.1,534.5,539.5
1734336000000,539.5,540.5,521.3,523.6
1734350400000,523.6,539.8,521.8,539.3
1734364800000,539.3,552.2,538.8,545.3
1734379200000,545.3,548.6,536.0,538.0
1734393600000,538.0,539.2,527.9,537.8
1734408000000,537.8,538.1,531.2,533.6
1734422400000,533.6,543.6,533.4,539.7
1734436800000,539.7,544.7,525.8,529.3
1734451200000,529.3,547.7,526.5,536.7
1734465600000,536.7,539.4,523.6,529.8
1734480000000,529.8,543.4,526.4,527.6
1734494400000,527.6,529.1,514.7,520.7
1734508800000,520.7,529.8,516.7,526.2
1734523200000,526.2,527.9,510.3,517.5
1734537600000,517.5,527.5,508.9,508.9
1734552000000,508.9,511.2,469.7,479.8
1734566400000,479.8,484.1,457.0,482.2
1734580800000,482.2,484.3,477.0,482.4
1734595200000,482.4,488.6,476.7,487.4
1734609600000,487.4,488.2,464.2,472.5
1734624000000,472.5,476.4,425.2,432.6
1734638400000,432.6,446.8,420.9,438.3
1734652800000,438.3,449.8,430.9,445.9
1734667200000,445.9,447.6,430.3,438.5
1734681600000,438.5,439.0,388.9,390.5
1734696000000,390.5,447.2,390.0,436.2
1734710400000,436.2,447.1,433.9,443.6
1734724800000,443.6,451.1,435.2,449.0
1734739200000,449.0,454.0,444.9,452.6
1734753600000,452.6,471.6,452.1,469.4
1734768000000,469.4,472.7,464.6,468.3
1734782400000,468.3,468.6,441.9,454.1
1734796800000,454.1,460.0,445.7,452.5
1734811200000,452.5,459.2,447.2,455.7
1734825600000,455.7,458.9,447.2,454.6
1734840000000,454.6,457.0,440.3,449.4
1734854400000,449.4,461.1,449.3,456.2
1734868800000,456.2,459.6,441.2,444.8
1734883200000,444.8,454.2,439.0,440.4
1734897600000,440.4,450.2,434.1,445.5
1734912000000,445.5,457.4,433.5,455.2
1734926400000,455.2,458.5,436.1,441.4
1734940800000,441.4,449.1,440.5,444.4
1734955200000,444.4,447.0,432.0,432.7
1734969600000,432.7,451.5,432.0,447.1
1734984000000,447.1,466.0,445.8,460.7
1734998400000,460.7,461.0,450.2,456.3
1735012800000,456.3,464.0,453.4,457.0
1735027200000,457.0,462.6,455.4,462.1
1735041600000,462.1,477.3,460.5,476.5
1735056000000,476.5,478.6,467.2,467.2
1735070400000,467.2,471.7,463.7,470.1
1735084800000,470.1,470.1,461.6,463.4
1735099200000,463.4,466.6,462.2,462.6
1735113600000,462.6,471.4,462.0,462.6
1735128000000,462.6,467.2,460.3,461.7
1735142400000,461.7,463.2,454.5,461.0
1735156800000,461.0,466.0,457.3,465.1
1735171200000,465.1,468.0,455.9,456.6
1735185600000,456.6,456.6,450.7,451.8
1735200000000,451.8,452.7,436.5,440.5
1735214400000,440.5,442.1,435.4,437.9
1735228800000,437.9,441.5,432.6,438.2
1735243200000,438.2,440.4,432.7,437.1
1735257600000,437.1,442.4,434.5,442.4
1735272000000,442.4,448.7,437.4,441.4
1735286400000,441.4,461.4,441.3,457.6
1735300800000,457.6,458.9,439.8,442.3
1735315200000,442.3,448.9,439.5,446.8
1735329600000,446.8,447.2,437.4,440.8
1735344000000,440.8,443.8,438.0,443.0
1735358400000,443.0,443.3,438.2,439.3
1735372800000,439.3,443.0,439.1,442.2
1735387200000,442.2,449.1,439.8,444.0
1735401600000,444.0,451.1,443.2,447.1
1735416000000,447.1,453.3,446.2,451.3
1735430400000,451.3,451.4,446.6,450.2
1735444800000,450.2,453.2,447.8,453.0
1735459200000,453.0,453.7,448.9,448.9
1735473600000,448.9,452.6,444.0,446.4
1735488000000,446.4,447.0,440.6,443.0
1735502400000,443.0,443.9,434.9,438.7
1735516800000,438.7,450.3,437.0,444.8
1735531200000,444.8,451.7,443.4,449.1
1735545600000,449.1,452.7,443.3,448.6
1735560000000,448.6,453.1,428.7,433.7
1735574400000,433.7,449.9,430.4,449.6
1735588800000,449.6,452.7,438.8,443.7
1735603200000,443.7,443.9,434.3,436.2
1735617600000,436.2,441.1,433.4,438.1
1735632000000,438.1,449.7,437.6,447.8
1735646400000,447.8,455.2,446.3,449.9
1735660800000,449.9,451.3,435.8,436.6
1735675200000,436.6,438.4,433.0,434.3
1735689600000,434.3,440.7,433.6,435.7
1735704000000,435.7,437.1,433.6,435.3
1735718400000,435.3,436.0,430.0,435.0
1735732800000,435.0,444.4,434.9,444.4
1735747200000,444.4,451.4,440.3,450.0
1735761600000,450.0,454.6,444.9,450.2
1735776000000,450.2,458.8,450.2,456.8
1735790400000,456.8,462.1,456.0,459.1
1735804800000,459.1,465.2,458.6,463.5
1735819200000,463.5,466.5,458.3,461.1
1735833600000,461.1,463.6,456.1,459.1
1735848000000,459.1,462.8,458.0,461.6
1735862400000,461.6,465.0,458.2,464.8
1735876800000,464.8,464.8,455.6,457.0
1735891200000,457.0,464.6,456.2,464.0
1735905600000,464.0,472.3,462.6,471.7
1735920000000,471.7,477.2,471.6,475.1
1735934400000,475.1,475.4,471.7,473.7
1735948800000,473.7,475.9,468.5,475.7
1735963200000,475.7,481.5,472.1,478.4
1735977600000,478.4,479.0,469.7,474.2
1735992000000,474.2,483.1,472.5,475.3
1736006400000,475.3,482.4,474.6,475.9
1736020800000,475.9,479.9,474.3,478.8
1736035200000,478.8,479.8,471.4,473.2
1736049600000,473.2,475.5,471.7,472.9
1736064000000,472.9,472.9,465.9,468.3
1736078400000,468.3,470.4,462.0,467.5
1736092800000,467.5,469.5,463.8,468.4
1736107200000,468.4,473.1,468.2,471.0
1736121600000,471.0,477.6,464.5,475.1
1736136000000,475.1,476.7,469.4,471.7
1736150400000,471.7,474.2,467.7,473.3
1736164800000,473.3,480.7,466.1,480.1
1736179200000,480.1,485.7,476.3,481.3
1736193600000,481.3,483.0,475.6,483.0
1736208000000,483.0,486.3,478.6,480.1
1736222400000,480.1,480.8,475.5,477.5
1736236800000,477.5,478.8,466.3,468.7
1736251200000,468.7,470.5,440.6,446.7
1736265600000,446.7,449.6,439.1,440.6
1736280000000,440.6,442.0,435.1,436.6
1736294400000,436.6,441.3,433.0,437.9
1736308800000,437.9,438.0,425.8,433.1
1736323200000,433.1,438.7,430.1,433.0
1736337600000,433.0,441.9,431.3,438.2
1736352000000,438.2,438.8,417.7,430.7
1736366400000,430.7,436.1,427.9,434.1
1736380800000,434.1,436.9,429.2,432.9
1736395200000,432.9,434.0,421.6,422.7
1736409600000,422.7,429.2,421.2,427.0
1736424000000,427.0,431.6,412.2,429.3
1736438400000,429.3,431.6,415.6,416.0
1736452800000,416.0,423.4,410.7,421.5
1736467200000,421.5,425.4,420.1,425.2
1736481600000,425.2,435.0,425.1,432.7
1736496000000,432.7,435.7,431.6,433.5
1736510400000,433.5,445.9,429.3,440.2
1736524800000,440.2,450.2,435.1,448.4
1736539200000,448.4,450.5,445.3,449.7
1736553600000,449.7,450.9,440.5,441.7
1736568000000,441.7,442.1,438.2,439.1
1736582400000,439.1,441.7,437.0,439.1
1736596800000,439.1,440.0,436.4,437.1
1736611200000,437.1,440.4,435.5,439.1
1736625600000,439.1,444.4,438.4,440.7
1736640000000,440.7,444.2,439.0,441.2
1736654400000,441.2,441.9,439.1,441.3
1736668800000,441.3,445.1,436.1,444.9
1736683200000,444.9,458.3,444.0,450.9
1736697600000,450.9,463.8,450.8,456.7
1736712000000,456.7,457.9,443.9,447.7
1736726400000,447.7,454.0,431.6,434.2
1736740800000,434.2,438.7,426.7,429.4
1736755200000,429.4,430.1,406.0,406.5
1736769600000,406.5,419.9,399.6,415.6
1736784000000,415.6,416.4,405.0,412.5
1736798400000,412.5,429.0,410.5,427.6
1736812800000,427.6,431.7,425.8,429.1
1736827200000,429.1,433.9,429.1,429.4
1736841600000,429.4,441.0,429.4,436.1
1736856000000,436.1,440.9,431.9,434.5
1736870400000,434.5,440.0,430.7,436.7
1736884800000,436.7,439.3,433.6,437.6
1736899200000,437.6,441.4,436.7,440.5
1736913600000,440.5,442.2,437.1,439.1
1736928000000,439.1,440.1,430.6,433.6
1736942400000,433.6,449.5,431.7,445.8
1736956800000,445.8,448.7,439.1,448.3
1736971200000,448.3,463.3,447.4,460.0
1736985600000,460.0,467.4,452.3,461.2
1737000000000,461.2,464.4,456.6,457.7
1737014400000,457.7,459.1,450.7,456.7
1737028800000,456.7,463.8,446.0,462.8
1737043200000,462.8,471.3,462.3,468.1
1737057600000,468.1,470.1,458.0,461.5
1737072000000,461.5,477.2,461.5,476.5
1737086400000,476.5,483.5,475.6,477.8
1737100800000,477.8,484.1,476.4,480.6
1737115200000,480.6,486.1,478.2,481.6
1737129600000,481.6,499.9,481.1,499.1
1737144000000,499.1,500.3,489.1,489.4
1737158400000,489.4,494.9,474.5,478.2
1737172800000,478.2,480.2,462.0,463.7
1737187200000,463.7,469.4,457.8,469.1
1737201600000,469.1,471.7,462.7,466.4
1737216000000,466.4,468.0,459.0,466.6
1737230400000,466.6,467.7,460.8,466.3
1737244800000,466.3,470.9,462.9,463.0
1737259200000,463.0,463.2,452.4,457.9
1737273600000,457.9,457.9,436.3,437.8
1737288000000,437.8,464.3,437.2,461.6
1737302400000,461.6,464.1,456.2,463.0
1737316800000,463.0,465.4,418.4,427.4
1737331200000,427.4,435.5,415.2,432.4
1737345600000,432.4,480.5,429.5,462.4
1737360000000,462.4,467.4,451.8,455.1
1737374400000,455.1,456.5,438.8,441.4
1737388800000,441.4,447.2,420.1,438.0
1737403200000,438.0,438.6,425.7,430.5
1737417600000,430.5,431.7,421.3,427.1
1737432000000,427.1,431.2,419.1,428.6
1737446400000,428.6,439.2,427.0,438.7
1737460800000,438.7,444.1,434.7,440.1
1737475200000,440.1,453.6,439.7,453.5
1737489600000,453.5,454.5,444.5,446.4
1737504000000,446.4,451.3,445.9,449.4
1737518400000,449.4,450.7,445.0,445.7
1737532800000,445.7,447.7,442.2,446.1
1737547200000,446.1,447.4,436.9,439.9
1737561600000,439.9,445.8,437.3,440.7
1737576000000,440.7,441.7,433.2,435.4
1737590400000,435.4,436.2,426.0,431.7
1737604800000,431.7,432.4,427.6,431.2
1737619200000,431.2,432.5,426.2,428.2
1737633600000,428.2,440.5,425.0,439.9
1737648000000,439.9,447.3,429.7,431.6
1737662400000,431.6,442.3,426.9,437.3
1737676800000,437.3,438.6,426.2,430.9
1737691200000,430.9,441.5,430.0,436.4
1737705600000,436.4,442.1,435.7,440.4
1737720000000,440.4,442.9,435.7,438.8
1737734400000,438.8,440.6,435.8,437.4
1737748800000,437.4,438.4,428.3,431.9
1737763200000,431.9,443.6,430.3,443.4
1737777600000,443.4,445.0,434.3,436.5
1737792000000,436.5,438.8,432.6,435.1
1737806400000,435.1,443.7,434.3,443.2
1737820800000,443.2,455.1,443.1,450.1
1737835200000,450.1,452.4,444.6,445.2
1737849600000,445.2,448.1,442.3,443.0
1737864000000,443.0,445.7,440.2,441.8
1737878400000,441.8,441.9,435.3,438.8
1737892800000,438.8,438.9,434.6,435.9
1737907200000,435.9,438.0,434.3,437.8
1737921600000,437.8,437.8,423.8,424.8
1737936000000,424.8,427.5,413.2,420.5
1737950400000,420.5,420.5,395.2,404.9
1737964800000,404.9,406.1,396.8,401.7
1737979200000,401.7,420.5,401.0,418.0
1737993600000,418.0,419.8,406.6,412.2
1738008000000,412.2,428.9,412.2,427.2
1738022400000,427.2,430.7,423.1,427.0
1738036800000,427.0,430.5,425.9,427.6
1738051200000,427.6,430.0,424.8,429.3
1738065600000,429.3,431.7,425.2,427.9
1738080000000,427.9,428.5,419.8,421.7
1738094400000,421.7,422.1,406.5,410.3
1738108800000,410.3,417.0,409.8,414.4
1738123200000,414.4,418.9,413.3,416.8
1738137600000,416.8,418.5,410.8,414.4
1738152000000,414.4,415.8,407.0,410.5
1738166400000,410.5,418.4,403.8,414.8
1738180800000,414.8,421.6,410.3,414.6
1738195200000,414.6,428.1,412.3,427.5
1738209600000,427.5,431.8,426.5,427.8
1738224000000,427.8,431.3,427.0,428.1
1738238400000,428.1,436.5,427.1,434.9
1738252800000,434.9,439.2,434.6,437.3
1738267200000,437.3,438.6,433.9,434.7
1738281600000,434.7,437.3,427.5,429.9
1738296000000,429.9,433.3,427.8,430.6
1738310400000,430.6,436.8,428.4,436.4
1738324800000,436.4,444.8,433.3,443.1
1738339200000,443.1,444.8,426.1,429.1
1738353600000,429.1,429.1,419.7,424.0
1738368000000,424.0,430.9,422.4,426.9
1738382400000,426.9,431.3,425.3,425.9
1738396800000,425.9,426.9,420.0,424.3
1738411200000,424.3,425.3,416.5,418.8
1738425600000,418.8,420.1,407.6,408.9
1738440000000,408.9,411.3,399.6,403.6
1738454400000,403.6,410.1,391.3,392.0
1738468800000,392.0,402.0,391.0,397.5
1738483200000,397.5,402.5,391.8,392.6
1738497600000,392.6,398.7,389.1,394.1
1738512000000,394.1,394.2,358.1,370.4
1738526400000,370.4,374.2,340.3,360.3
1738540800000,360.3,360.4,268.8,299.4
1738555200000,299.4,319.6,287.6,319.3
1738569600000,319.3,322.4,309.2,319.5
1738584000000,319.5,332.7,305.6,330.6
1738598400000,330.6,344.2,328.3,343.9
1738612800000,343.9,353.9,337.1,352.7
1738627200000,352.7,355.2,340.3,343.0
1738641600000,343.0,344.2,322.4,323.6
1738656000000,323.6,336.7,322.2,330.0
1738670400000,330.0,339.8,328.7,333.7
1738684800000,333.7,345.2,331.8,333.8
1738699200000,333.8,336.7,320.6,329.5
1738713600000,329.5,334.2,327.1,331.7
1738728000000,331.7,336.0,329.2,332.2
1738742400000,332.2,337.3,327.0,336.2
1738756800000,336.2,337.9,330.8,333.7
1738771200000,333.7,334.6,322.8,330.4
1738785600000,330.4,331.5,323.4,327.7
1738800000000,327.7,330.0,324.7,328.8
1738814400000,328.8,334.9,328.1,332.2
1738828800000,332.2,333.4,326.9,329.6
1738843200000,329.6,330.4,313.4,315.7
1738857600000,315.7,321.5,313.8,314.6
1738872000000,314.6,321.3,313.2,315.9
1738886400000,315.9,323.8,315.5,321.5
1738900800000,321.5,323.3,315.2,320.7
1738915200000,320.7,327.6,319.5,326.9
1738929600000,326.9,335.0,323.8,328.0
1738944000000,328.0,329.4,322.0,323.9
1738958400000,323.9,324.3,308.0,318.2
1738972800000,318.2,320.8,316.2,317.5
1738987200000,317.5,320.2,314.5,318.7
1739001600000,318.7,319.0,315.5,317.3
1739016000000,317.3,321.0,315.4,318.1
1739030400000,318.1,324.1,317.3,322.9
1739044800000,322.9,324.1,320.6,322.9
1739059200000,322.9,328.1,321.4,328.1
1739073600000,328.1,328.1,324.5,326.0
1739088000000,326.0,327.6,324.2,325.1
1739102400000,325.1,328.3,320.9,327.1
1739116800000,327.1,329.3,322.8,324.2
1739131200000,324.2,327.5,312.5,324.2
1739145600000,324.2,329.8,315.1,324.1
1739160000000,324.1,330.9,323.2,330.8
1739174400000,330.8,334.3,328.6,331.8
1739188800000,331.8,334.2,328.1,329.4
1739203200000,329.4,332.3,328.9,329.4
1739217600000,329.4,330.5,327.3,329.0
1739232000000,329.0,334.6,328.8,333.7
1739246400000,333.7,344.2,333.5,340.7
1739260800000,340.7,342.2,337.1,339.9
1739275200000,339.9,341.2,333.2,336.9
1739289600000,336.9,338.2,325.4,326.8
1739304000000,326.8,334.6,326.5,331.1
1739318400000,331.1,334.3,326.6,328.7
1739332800000,328.7,331.4,326.5,330.0
1739347200000,330.0,333.7,329.4,332.2
1739361600000,332.2,335.8,320.9,329.3
1739376000000,329.3,340.0,326.8,338.9
1739390400000,338.9,346.8,338.0,342.9
1739404800000,342.9,345.6,340.7,342.6
1739419200000,342.6,342.7,332.6,333.5
1739433600000,333.5,334.9,329.4,332.5
1739448000000,332.5,334.5,326.9,331.4
1739462400000,331.4,335.2,327.3,332.7
1739476800000,332.7,337.8,332.7,334.7
1739491200000,334.7,339.7,333.8,339.6
1739505600000,339.6,339.8,336.1,338.1
1739520000000,338.1,344.7,338.1,342.6
1739534400000,342.6,346.5,340.5,344.5
1739548800000,344.5,350.8,341.2,344.5
1739563200000,344.5,345.4,338.1,341.5
1739577600000,341.5,345.5,340.1,343.8
1739592000000,343.8,344.5,339.1,340.5
1739606400000,340.5,342.2,338.8,340.2
1739620800000,340.2,341.1,334.9,336.1
1739635200000,336.1,337.3,332.8,333.0
1739649600000,333.0,333.8,330.8,332.7
1739664000000,332.7,334.2,330.8,332.9
1739678400000,332.9,334.7,330.4,330.9
1739692800000,330.9,334.7,330.3,334.4
1739707200000,334.4,334.6,327.5,330.5
1739721600000,330.5,331.2,325.3,328.0
1739736000000,328.0,329.1,325.2,326.1
1739750400000,326.1,330.5,325.6,327.5
1739764800000,327.5,329.2,321.9,325.5
1739779200000,325.5,330.4,323.9,328.2
1739793600000,328.2,336.5,326.3,326.9
1739808000000,326.9,328.7,316.9,320.9
1739822400000,320.9,328.3,320.5,323.6
1739836800000,323.6,325.1,321.3,323.6
1739851200000,323.6,324.5,312.5,314.9
1739865600000,314.9,318.6,311.6,316.3
1739880000000,316.3,320.4,310.1,312.2
1739894400000,312.2,315.2,307.3,313.6
1739908800000,313.6,316.3,311.8,316.0
1739923200000,316.0,317.3,312.8,314.8
1739937600000,314.8,319.8,311.5,318.8
1739952000000,318.8,324.1,317.4,323.6
1739966400000,323.6,324.1,318.1,320.1
1739980800000,320.1,323.6,318.7,321.1
1739995200000,321.1,323.1,319.1,322.4
1740009600000,322.4,326.3,321.7,325.2
1740024000000,325.2,327.0,321.8,322.4
1740038400000,322.4,323.2,321.0,322.3
1740052800000,322.3,325.2,319.7,320.4
1740067200000,320.4,325.6,320.1,324.8
1740081600000,324.8,326.8,322.8,325.6
1740096000000,325.6,327.0,324.0,324.4
1740110400000,324.4,328.7,324.4,327.8
1740124800000,327.8,333.8,327.3,328.4
1740139200000,328.4,333.2,319.0,323.7
1740153600000,323.7,328.8,310.0,311.4
1740168000000,311.4,315.0,309.2,313.3
1740182400000,313.3,317.0,312.0,316.8
1740196800000,316.8,319.2,316.6,317.0
1740211200000,317.0,319.9,316.4,318.8
1740225600000,318.8,321.6,318.3,320.9
1740240000000,320.9,322.4,320.5,321.8
1740254400000,321.8,322.5,320.4,320.7
1740268800000,320.7,325.9,320.3,325.5
1740283200000,325.5,332.1,325.3,330.6
1740297600000,330.6,332.0,327.3,328.2
1740312000000,328.2,329.0,323.2,323.8
1740326400000,323.8,326.9,323.6,324.9
1740340800000,324.9,328.6,324.5,327.6
1740355200000,327.6,329.2,316.8,317.8
1740369600000,317.8,319.4,314.5,316.9
1740384000000,316.9,317.6,309.8,313.2
1740398400000,313.2,315.2,302.3,306.4
1740412800000,306.4,312.3,301.3,304.5
1740427200000,304.5,309.0,287.0,291.3
1740441600000,291.3,296.3,285.4,292.1
1740456000000,292.1,294.7,274.7,282.5
1740470400000,282.5,287.4,275.4,286.5
1740484800000,286.5,288.5,276.6,282.6
1740499200000,282.6,290.1,279.9,289.8
1740513600000,289.8,296.0,288.2,291.6
1740528000000,291.6,297.4,289.1,296.4
1740542400000,296.4,298.2,293.4,294.9
1740556800000,294.9,297.7,292.4,293.9
1740571200000,293.9,298.8,288.1,295.9
1740585600000,295.9,297.7,284.1,287.3
1740600000000,287.3,301.3,285.3,293.8
1740614400000,293.8,296.7,291.0,295.7
1740628800000,295.7,301.8,294.1,299.7
1740643200000,299.7,303.4,299.0,302.0
1740657600000,302.0,303.2,295.3,298.6
1740672000000,298.6,300.2,294.2,295.2
1740686400000,295.2,297.5,289.7,296.5
1740700800000,296.5,297.2,277.0,277.4
1740715200000,277.4,279.8,269.5,275.0
1740729600000,275.0,285.7,270.1,280.6
1740744000000,280.6,306.4,279.9,304.8
1740758400000,304.8,317.9,303.6,317.5
1740772800000,317.5,319.9,313.8,315.4
1740787200000,315.4,323.7,314.3,322.2
1740801600000,322.2,324.0,311.2,312.2
1740816000000,312.2,314.5,309.3,310.4
1740830400000,310.4,312.0,307.3,308.9
1740844800000,308.9,310.9,307.5,309.8
1740859200000,309.8,313.5,308.6,311.1
1740873600000,311.1,316.1,309.4,314.6
1740888000000,314.6,319.2,314.6,317.1
1740902400000,317.1,319.7,314.2,317.5
1740916800000,317.5,331.8,314.7,324.3
1740931200000,324.3,341.3,323.8,336.1
1740945600000,336.1,336.5,331.2,333.9
1740960000000,333.9,334.9,324.6,326.4
1740974400000,326.4,328.1,313.9,318.4
1740988800000,318.4,320.1,310.6,319.1
1741003200000,319.1,357.0,318.1,343.8
1741017600000,343.8,350.3,323.0,325.4
1741032000000,325.4,327.3,315.7,321.1
1741046400000,321.1,329.8,300.2,304.0
1741060800000,304.0,311.1,301.7,306.6
1741075200000,306.6,314.0,304.5,304.8
1741089600000,304.8,319.6,295.1,304.3
1741104000000,304.3,315.9,290.6,314.9
1741118400000,314.9,322.3,311.2,320.2
1741132800000,320.2,355.5,319.1,343.0
1741147200000,343.0,359.8,339.5,352.7
1741161600000,352.7,384.4,351.5,377.5
1741176000000,377.5,397.9,373.8,389.3
1741190400000,389.3,395.8,382.0,391.0
1741204800000,391.0,401.7,386.7,391.7
1741219200000,391.7,404.5,383.9,394.5
1741233600000,394.5,419.7,394.3,404.0
1741248000000,404.0,404.2,390.7,395.3
1741262400000,395.3,396.7,383.4,391.8
1741276800000,391.8,394.6,383.4,390.1
1741291200000,390.1,402.8,389.7,394.6
1741305600000,394.6,410.0,382.2,391.0
1741320000000,391.0,408.6,390.6,404.1
1741334400000,404.1,404.1,394.4,398.8
1741348800000,398.8,404.0,386.0,390.5
1741363200000,390.5,398.3,383.1,395.6
1741377600000,395.6,400.5,386.9,388.6
1741392000000,388.6,393.2,377.4,379.7
1741406400000,379.7,384.9,376.9,382.2
1741420800000,382.2,386.4,376.8,384.5
1741435200000,384.5,390.7,383.9,387.9
1741449600000,387.9,396.1,378.7,391.6
1741464000000,391.6,392.0,384.1,385.5
1741478400000,385.5,386.8,376.4,377.0
1741492800000,377.0,382.4,376.1,381.0
1741507200000,381.0,381.1,369.1,371.7
1741521600000,371.7,372.9,364.7,366.0
1741536000000,366.0,368.4,360.5,366.4
1741550400000,366.4,367.1,355.6,357.2
1741564800000,357.2,371.9,352.8,359.8
1741579200000,359.8,363.1,355.2,356.1
1741593600000,356.1,370.8,350.4,369.3
1741608000000,369.3,369.7,349.1,355.2
1741622400000,355.2,356.5,335.8,344.5
1741636800000,344.5,345.9,330.4,331.4
1741651200000,331.4,337.5,315.8,332.3
1741665600000,332.3,338.4,330.8,337.3
1741680000000,337.3,342.9,334.6,335.6
1741694400000,335.6,340.5,325.4,336.4
1741708800000,336.4,350.3,332.8,347.7
1741723200000,347.7,347.9,338.8,340.0
1741737600000,340.0,345.5,333.4,334.0
1741752000000,334.0,336.1,329.3,335.2
1741766400000,335.2,339.6,331.2,334.7
1741780800000,334.7,352.4,332.3,340.6
1741795200000,340.6,358.1,339.9,355.9
1741809600000,355.9,360.4,349.4,353.7
1741824000000,353.7,355.4,344.7,344.8
1741838400000,344.8,346.0,335.7,336.3
1741852800000,336.3,337.5,330.8,334.7
1741867200000,334.7,339.0,329.1,330.1
1741881600000,330.1,331.1,324.4,324.7
1741896000000,324.7,330.2,323.5,325.5
1741910400000,325.5,330.7,324.8,327.6
1741924800000,327.6,328.9,325.2,327.9
1741939200000,327.9,335.6,326.8,331.7
1741953600000,331.7,334.6,326.2,330.8
1741968000000,330.8,331.3,327.5,328.6
1741982400000,328.6,332.0,325.2,331.1
1741996800000,331.1,337.5,327.7,332.3
1742011200000,332.3,336.8,331.2,334.5
1742025600000,334.5,352.1,333.1,343.2
1742040000000,343.2,343.2,335.6,339.9
1742054400000,339.9,347.5,339.2,344.3
1742068800000,344.3,346.0,341.2,342.0
1742083200000,342.0,342.3,335.8,337.9
1742097600000,337.9,340.0,337.7,339.0
1742112000000,339.0,339.3,324.4,325.4
1742126400000,325.4,331.1,325.0,329.6
1742140800000,329.6,337.6,328.7,333.6
1742155200000,333.6,335.7,331.9,332.7
1742169600000,332.7,339.6,332.6,336.4
1742184000000,336.4,338.8,330.6,333.0
1742198400000,333.0,337.6,331.3,337.2
1742212800000,337.2,342.0,334.4,338.8
1742227200000,338.8,342.3,335.3,339.8
1742241600000,339.8,340.1,335.8,337.1
1742256000000,337.1,337.5,332.0,333.3
1742270400000,333.3,336.5,328.8,335.6
1742284800000,335.6,343.4,333.7,337.5
1742299200000,337.5,339.6,330.0,331.2
1742313600000,331.2,333.6,329.7,332.8
1742328000000,332.8,336.8,332.0,335.1
1742342400000,335.1,336.6,332.1,335.0
1742356800000,335.0,335.4,332.1,333.5
1742371200000,333.5,341.3,332.3,340.4
1742385600000,340.4,343.8,335.8,339.0
1742400000000,339.0,343.1,334.9,341.2
1742414400000,341.2,346.9,341.0,345.1
1742428800000,345.1,349.7,342.9,346.2
1742443200000,346.2,347.7,342.0,343.3
1742457600000,343.3,347.6,340.2,344.0
1742472000000,344.0,345.1,335.5,336.3
1742486400000,336.3,336.7,329.8,332.4
1742500800000,332.4,335.5,331.5,333.4
1742515200000,333.4,334.0,329.9,330.7
1742529600000,330.7,333.6,330.5,332.3
1742544000000,332.3,335.4,331.1,333.8
1742558400000,333.8,335.1,326.0,327.2
1742572800000,327.2,330.8,326.6,327.6
1742587200000,327.6,329.1,319.8,322.9
1742601600000,322.9,325.7,321.3,324.7
1742616000000,324.7,325.9,323.5,324.5
1742630400000,324.5,326.0,323.1,324.6
1742644800000,324.6,324.7,321.8,321.9
1742659200000,321.9,325.5,321.2,325.1
1742673600000,325.1,325.6,320.4,322.1
1742688000000,322.1,324.6,321.6,323.1
1742702400000,323.1,325.4,321.3,324.5
1742716800000,324.5,325.7,321.8,323.7
1742731200000,323.7,325.1,322.3,324.1
1742745600000,324.1,324.7,320.1,322.7
1742760000000,322.7,325.6,321.8,325.1
1742774400000,325.1,332.4,321.1,328.3
1742788800000,328.3,330.6,323.8,329.0
1742803200000,329.0,331.7,328.3,329.8
1742817600000,329.8,334.3,326.7,332.1
1742832000000,332.1,336.4,330.6,336.2
1742846400000,336.2,336.5,330.2,332.4
1742860800000,332.4,334.0,327.2,328.3
1742875200000,328.3,329.3,326.2,328.2
1742889600000,328.2,330.5,326.4,329.6
1742904000000,329.6,339.6,327.7,334.6
1742918400000,334.6,338.9,330.4,335.0
1742932800000,335.0,338.1,332.2,335.8
1742947200000,335.8,341.8,331.5,332.2
1742961600000,332.2,338.4,329.2,337.7
1742976000000,337.7,339.4,336.9,337.4
1742990400000,337.4,337.9,328.0,331.6
1743004800000,331.6,337.8,329.8,333.8
1743019200000,333.8,338.3,331.3,334.8
1743033600000,334.8,339.0,334.4,338.0
1743048000000,338.0,339.6,335.2,335.9
1743062400000,335.9,337.3,329.8,330.2
1743076800000,330.2,331.5,322.9,325.0
1743091200000,325.0,326.3,320.6,321.8
1743105600000,321.8,326.6,321.2,324.4
1743120000000,324.4,327.9,321.8,323.3
1743134400000,323.3,323.9,312.6,312.8
1743148800000,312.8,314.3,308.6,313.3
1743163200000,313.3,313.6,306.6,306.9
1743177600000,306.9,308.5,304.6,305.5
1743192000000,305.5,308.6,304.5,307.3
1743206400000,307.3,308.8,301.3,306.5
1743220800000,306.5,307.8,304.1,306.2
1743235200000,306.2,308.5,299.7,301.4
1743249600000,301.4,308.5,301.1,306.2
1743264000000,306.2,307.2,298.3,302.0
1743278400000,302.0,303.1,298.6,303.0
1743292800000,303.0,306.0,299.9,304.0
1743307200000,304.0,307.9,304.0,306.9
1743321600000,306.9,307.7,304.5,306.2
1743336000000,306.2,307.3,303.0,303.2
1743350400000,303.2,305.5,299.2,302.3
1743364800000,302.3,302.5,293.4,298.8
1743379200000,298.8,303.0,293.5,297.4
1743393600000,297.4,300.4,293.7,295.5
1743408000000,295.5,299.4,289.5,298.4
1743422400000,298.4,305.8,296.2,304.2
1743436800000,304.2,305.5,300.5,302.0
1743451200000,302.0,304.4,301.4,303.3
1743465600000,303.3,306.1,302.0,305.1
1743480000000,305.1,309.8,304.5,309.3
1743494400000,309.3,315.0,309.3,311.6
1743508800000,311.6,318.3,306.2,314.6
1743523200000,314.6,315.5,307.1,310.4
1743537600000,310.4,312.4,307.6,308.0
1743552000000,308.0,308.0,303.4,304.9
1743566400000,304.9,314.9,301.9,303.7
1743580800000,303.7,307.5,302.8,305.3
1743595200000,305.3,314.0,302.5,310.3
1743609600000,310.3,312.7,307.3,311.0
1743624000000,311.0,316.9,289.9,292.7
1743638400000,292.7,305.3,291.0,302.4
1743652800000,302.4,305.6,301.2,303.9
1743667200000,303.9,307.6,299.6,302.2
1743681600000,302.2,303.0,292.5,296.0
1743696000000,296.0,297.1,293.0,295.4
1743710400000,295.4,302.0,292.8,301.0
1743724800000,301.0,303.2,298.4,302.8
1743739200000,302.8,309.3,302.0,308.5
1743753600000,308.5,310.0,294.0,298.4
1743768000000,298.4,303.3,295.7,298.3
1743782400000,298.3,304.4,295.9,299.1
1743796800000,299.1,303.2,297.9,301.2
1743811200000,301.2,303.1,299.2,299.5
1743825600000,299.5,301.5,299.1,301.4
1743840000000,301.4,304.1,301.2,302.9
1743854400000,302.9,303.3,296.8,297.2
1743868800000,297.2,299.7,296.8,298.9
1743883200000,298.9,304.2,298.8,303.8
1743897600000,303.8,308.1,294.4,295.4
1743912000000,295.4,298.0,294.1,294.7
1743926400000,294.7,295.9,293.0,294.1
1743940800000,294.1,296.1,289.0,295.1
1743955200000,295.1,295.9,272.4,275.4
1743969600000,275.4,276.7,265.0,272.0
1743984000000,272.0,276.9,261.7,266.2
1743998400000,266.2,270.2,248.9,252.0
1744012800000,252.0,263.7,250.1,258.9
1744027200000,258.9,282.0,258.5,272.1
1744041600000,272.1,278.8,267.2,276.7
1744056000000,276.7,280.1,274.6,275.1
1744070400000,275.1,282.7,274.0,279.1
1744084800000,279.1,281.0,275.2,277.7
1744099200000,277.7,283.1,276.8,282.5
1744113600000,282.5,284.7,277.9,279.8
1744128000000,279.8,281.1,267.8,270.4
1744142400000,270.4,272.5,266.6,268.9
1744156800000,268.9,271.7,258.8,267.0
1744171200000,267.0,277.1,265.8,274.3
1744185600000,274.3,274.9,267.3,268.9
1744200000000,268.9,275.7,266.9,273.8
1744214400000,273.8,311.3,273.2,306.3
1744228800000,306.3,309.1,300.4,301.3
1744243200000,301.3,304.0,294.3,296.8
1744257600000,296.8,300.8,294.9,296.3
1744272000000,296.3,298.4,292.3,293.3
1744286400000,293.3,298.1,282.2,283.6
1744300800000,283.6,289.4,282.0,287.8
1744315200000,287.8,294.0,287.7,289.6
1744329600000,289.6,297.2,289.3,296.8
1744344000000,296.8,299.3,295.5,298.7
1744358400000,298.7,304.8,297.3,302.3
1744372800000,302.3,310.3,300.3,310.0
1744387200000,310.0,315.8,308.0,312.0
1744401600000,312.0,313.6,310.3,312.6
1744416000000,312.6,314.3,311.1,311.6
1744430400000,311.6,317.5,311.6,314.9
1744444800000,314.9,315.6,311.4,314.7
1744459200000,314.7,358.0,313.6,347.8
1744473600000,347.8,352.8,344.1,351.3
1744488000000,351.3,352.5,342.9,344.4
1744502400000,344.4,345.3,337.2,337.8
1744516800000,337.8,339.5,335.7,339.2
1744531200000,339.2,347.5,338.2,347.0
1744545600000,347.0,353.0,338.3,343.1
1744560000000,343.1,349.6,339.3,343.7
1744574400000,343.7,346.0,339.5,342.4
1744588800000,342.4,373.6,342.3,347.5
1744603200000,347.5,352.6,339.0,342.6
1744617600000,342.6,343.3,333.7,340.3
1744632000000,340.3,340.9,328.5,330.2
1744646400000,330.2,331.3,322.1,325.6
1744660800000,325.6,327.2,322.5,323.2
1744675200000,323.2,327.6,320.7,326.6
1744689600000,326.6,337.1,326.0,334.7
1744704000000,334.7,335.9,329.2,330.4
1744718400000,330.4,332.2,321.8,322.5
1744732800000,322.5,327.1,321.3,323.6
1744747200000,323.6,326.0,316.8,319.4
1744761600000,319.4,321.4,318.2,319.1
1744776000000,319.1,322.5,317.8,319.4
1744790400000,319.4,323.3,318.4,319.8
1744804800000,319.8,323.0,316.0,321.4
1744819200000,321.4,324.6,313.8,321.6
1744833600000,321.6,325.7,319.7,321.3
1744848000000,321.3,332.8,320.6,326.2
1744862400000,326.2,338.9,324.3,333.0
1744876800000,333.0,334.2,329.0,333.1
1744891200000,333.1,335.2,326.4,334.0
1744905600000,334.0,340.0,331.2,338.1
1744920000000,338.1,340.3,332.2,333.6
1744934400000,333.6,333.8,327.5,328.6
1744948800000,328.6,331.3,326.7,329.5
1744963200000,329.5,333.6,328.9,333.0
1744977600000,333.0,343.8,331.0,340.9
1744992000000,340.9,343.1,340.1,342.3
1745006400000,342.3,344.8,334.1,334.7
1745020800000,334.7,339.2,334.2,337.6
1745035200000,337.6,339.3,335.9,338.5
1745049600000,338.5,339.9,336.8,337.1
1745064000000,337.1,338.9,333.6,334.5
1745078400000,334.5,335.8,332.3,334.2
1745092800000,334.2,336.0,333.4,334.9
1745107200000,334.9,342.4,334.8,339.3
1745121600000,339.3,341.3,333.4,335.1
1745136000000,335.1,335.2,331.5,333.1
1745150400000,333.1,335.5,331.1,331.7
1745164800000,331.7,336.4,331.3,336.4
1745179200000,336.4,337.7,334.9,335.9
1745193600000,335.9,341.5,335.3,339.6
1745208000000,339.6,343.6,337.5,340.5
1745222400000,340.5,343.3,338.3,339.7
1745236800000,339.7,345.8,335.5,344.4
1745251200000,344.4,348.2,341.0,346.0
1745265600000,346.0,346.0,341.9,344.9
1745280000000,344.9,346.5,337.1,345.1
1745294400000,345.1,350.4,336.4,348.3
1745308800000,348.3,349.6,344.4,346.6
1745323200000,346.6,361.5,345.7,361.2
1745337600000,361.2,362.2,353.9,356.1
1745352000000,356.1,364.6,354.0,362.1
1745366400000,362.1,363.4,353.6,357.6
1745380800000,357.6,362.6,355.3,360.0
1745395200000,360.0,362.0,356.1,357.9
1745409600000,357.9,361.8,352.5,357.8
1745424000000,357.8,363.8,355.7,356.7
1745438400000,356.7,359.6,356.4,358.0
1745452800000,358.0,368.5,356.6,360.8
1745467200000,360.8,366.0,356.7,358.4
1745481600000,358.4,360.6,346.4,347.8
1745496000000,347.8,355.6,342.3,352.4
1745510400000,352.4,354.6,347.7,350.9
1745524800000,350.9,358.1,347.5,356.4
1745539200000,356.4,358.7,347.5,355.0
1745553600000,355.0,363.6,353.4,360.1
1745568000000,360.1,382.8,359.4,378.7
1745582400000,378.7,384.4,364.8,375.2
1745596800000,375.2,380.1,372.5,375.5
1745611200000,375.5,383.1,372.1,372.9
1745625600000,372.9,377.2,371.2,373.7
1745640000000,373.7,375.0,368.7,369.0
1745654400000,369.0,370.2,357.3,358.3
1745668800000,358.3,361.3,357.3,359.0
1745683200000,359.0,360.0,356.2,358.1
1745697600000,358.1,358.9,354.5,355.0
1745712000000,355.0,359.6,351.4,353.1
1745726400000,353.1,354.6,349.4,352.8
1745740800000,352.8,354.0,350.2,351.9
1745755200000,351.9,353.1,349.1,350.5
1745769600000,350.5,351.9,348.1,349.1
1745784000000,349.1,351.0,344.3,345.2
1745798400000,345.2,349.4,340.7,348.3
1745812800000,348.3,354.5,348.2,354.0
1745827200000,354.0,355.7,348.9,354.8
1745841600000,354.8,355.0,344.2,345.7
1745856000000,345.7,351.7,344.2,350.8
1745870400000,350.8,370.2,349.8,363.9
1745884800000,363.9,376.3,360.3,367.0
1745899200000,367.0,377.7,366.6,371.2
1745913600000,371.2,375.5,369.9,373.5
1745928000000,373.5,374.0,368.3,372.8
1745942400000,372.8,377.2,369.6,369.9
1745956800000,369.9,370.3,361.5,363.6
1745971200000,363.6,364.7,358.5,362.1
1745985600000,362.1,368.6,360.0,363.0
1746000000000,363.0,369.4,362.7,367.9
1746014400000,367.9,368.5,354.5,362.2
1746028800000,362.2,366.8,360.2,363.9
1746043200000,363.9,367.8,363.6,365.8
1746057600000,365.8,370.9,365.7,367.2
1746072000000,367.2,368.9,365.2,365.9
1746086400000,365.9,374.2,363.4,370.5
1746100800000,370.5,373.1,365.1,365.6
1746115200000,365.6,368.4,361.3,361.5
1746129600000,361.5,363.5,359.5,360.2
1746144000000,360.2,370.4,358.1,368.3
1746158400000,368.3,371.5,366.7,368.5
1746172800000,368.5,374.5,367.8,368.3
1746187200000,368.3,385.8,367.7,378.8
1746201600000,378.8,382.7,376.3,377.3
1746216000000,377.3,383.1,376.8,382.4
1746230400000,382.4,383.3,366.8,370.8
1746244800000,370.8,371.3,367.1,368.8
1746259200000,368.8,369.6,364.1,365.9
1746273600000,365.9,370.3,365.0,366.7
1746288000000,366.7,367.9,363.2,365.7
1746302400000,365.7,366.6,361.1,362.1
1746316800000,362.1,370.8,360.2,363.1
1746331200000,363.1,365.6,358.5,359.5
1746345600000,359.5,359.6,356.2,357.3
1746360000000,357.3,358.6,354.8,356.3
1746374400000,356.3,356.6,352.4,355.3
1746388800000,355.3,359.2,354.4,355.7
1746403200000,355.7,358.7,349.6,355.6
1746417600000,355.6,360.9,355.5,359.8
1746432000000,359.8,360.6,351.9,353.0
1746446400000,353.0,354.8,348.7,350.3
1746460800000,350.3,356.7,349.7,353.1
1746475200000,353.1,354.5,348.7,352.8
1746489600000,352.8,357.1,349.8,354.8
1746504000000,354.8,361.5,354.5,359.4
1746518400000,359.4,360.8,350.7,353.6
1746532800000,353.6,358.7,350.3,355.6
1746547200000,355.6,363.0,352.7,359.3
1746561600000,359.3,374.6,352.9,374.3
1746576000000,374.3,381.5,373.5,377.0
1746590400000,377.0,377.3,367.7,373.0
1746604800000,373.0,375.6,366.0,367.3
1746619200000,367.3,367.6,362.6,362.6
1746633600000,362.6,363.0,354.6,357.3
1746648000000,357.3,391.4,356.1,383.4
1746662400000,383.4,412.7,380.6,410.7
1746676800000,410.7,430.0,409.1,417.9
1746691200000,417.9,422.5,412.0,412.9
1746705600000,412.9,424.9,409.2,419.3
1746720000000,419.3,422.7,416.1,418.3
1746734400000,418.3,425.8,416.4,421.5
1746748800000,421.5,421.6,413.2,414.9
1746763200000,414.9,424.4,414.5,420.2
1746777600000,420.2,429.3,404.7,415.2
1746792000000,415.2,416.9,402.7,407.2
1746806400000,407.2,410.1,403.5,408.1
1746820800000,408.1,416.4,405.4,413.3
1746835200000,413.3,417.1,407.6,415.2
1746849600000,415.2,424.5,412.9,419.7
1746864000000,419.7,424.5,413.5,414.3
1746878400000,414.3,422.2,414.3,419.4
1746892800000,419.4,424.7,418.0,419.0
1746907200000,419.0,433.2,417.1,430.8
1746921600000,430.8,432.0,415.5,417.3
1746936000000,417.3,422.5,406.2,409.4
1746950400000,409.4,414.5,408.6,413.5
1746964800000,413.5,414.3,402.9,406.8
1746979200000,406.8,411.2,401.7,409.9
1746993600000,409.9,411.4,405.4,407.9
1747008000000,407.9,413.1,402.4,410.3
1747022400000,410.3,419.4,405.3,412.3
1747036800000,412.3,417.3,408.1,411.1
1747051200000,411.1,418.8,404.5,407.9
1747065600000,407.9,415.4,395.4,407.5
1747080000000,407.5,414.5,404.2,410.4
1747094400000,410.4,410.5,391.1,391.9
1747108800000,391.9,400.4,391.0,398.1
1747123200000,398.1,403.4,396.1,401.5
1747137600000,401.5,405.0,397.6,403.7
1747152000000,403.7,415.6,402.7,413.7
1747166400000,413.7,415.3,407.9,411.0
1747180800000,411.0,413.5,405.3,408.6
1747195200000,408.6,411.6,405.3,407.4
1747209600000,407.4,409.0,399.3,407.6
1747224000000,407.6,409.1,399.7,404.5
1747238400000,404.5,406.1,397.6,403.8
1747252800000,403.8,405.7,399.8,402.2
1747267200000,402.2,404.8,396.5,398.1
1747281600000,398.1,400.2,388.1,389.5
1747296000000,389.5,396.3,387.4,390.9
1747310400000,390.9,394.0,382.6,392.9
1747324800000,392.9,398.1,388.8,393.8
1747339200000,393.8,397.6,388.7,395.6
1747353600000,395.6,403.6,394.7,400.7
1747368000000,400.7,402.1,397.8,399.9
1747382400000,399.9,401.0,394.3,398.7
1747396800000,398.7,400.5,394.7,399.6
1747411200000,399.6,401.8,397.9,400.9
1747425600000,400.9,400.9,392.3,395.5
1747440000000,395.5,397.9,387.0,397.3
1747454400000,397.3,401.4,392.9,394.9
1747468800000,394.9,398.0,391.5,396.2
1747483200000,396.2,396.8,388.7,390.0
1747497600000,390.0,393.6,385.3,389.4
1747512000000,389.4,394.4,387.2,391.7
1747526400000,391.7,397.5,390.4,395.9
1747540800000,395.9,400.4,395.5,398.6
1747555200000,398.6,401.7,397.9,398.0
1747569600000,398.0,408.1,396.9,406.8
1747584000000,406.8,407.8,394.9,396.1
1747598400000,396.1,407.3,388.6,406.2
1747612800000,406.2,408.4,391.1,391.3
1747627200000,391.3,393.5,375.1,382.4
1747641600000,382.4,384.5,379.3,383.4
1747656000000,383.4,388.0,377.5,386.0
1747670400000,386.0,391.8,383.7,390.9
1747684800000,390.9,393.1,389.4,392.2
1747699200000,392.2,398.3,392.2,394.7
1747713600000,394.7,396.3,389.6,390.7
1747728000000,390.7,391.3,386.5,388.9
1747742400000,388.9,388.9,383.7,386.5
1747756800000,386.5,391.7,384.3,391.0
1747771200000,391.0,395.8,389.3,393.9
1747785600000,393.9,395.9,389.8,394.6
1747800000000,394.6,401.8,394.3,398.5
1747814400000,398.5,399.8,393.9,397.6
1747828800000,397.6,410.8,396.2,406.7
1747843200000,406.7,411.8,395.3,406.1
1747857600000,406.1,410.5,401.6,406.7
1747872000000,406.7,425.4,406.7,420.1
1747886400000,420.1,421.2,413.2,415.1
1747900800000,415.1,440.8,415.0,433.5
1747915200000,433.5,435.4,425.4,434.3
1747929600000,434.3,438.9,433.3,435.9
1747944000000,435.9,445.8,434.1,443.9
1747958400000,443.9,461.6,442.2,451.4
1747972800000,451.4,452.6,434.2,435.5
1747987200000,435.5,443.4,427.5,432.1
1748001600000,432.1,445.8,423.2,442.8
1748016000000,442.8,445.3,437.7,438.9
1748030400000,438.9,438.9,424.2,426.3
1748044800000,426.3,432.3,423.8,429.2
1748059200000,429.2,430.8,426.3,427.3
1748073600000,427.3,431.4,426.0,428.7
1748088000000,428.7,429.6,425.6,427.1
1748102400000,427.1,429.6,423.8,424.3
1748116800000,424.3,426.9,419.0,421.2
1748131200000,421.2,422.7,415.4,421.9
1748145600000,421.9,427.1,419.5,420.7
1748160000000,420.7,420.8,409.6,413.4
1748174400000,413.4,415.4,407.2,412.4
1748188800000,412.4,416.8,407.9,415.2
1748203200000,415.2,422.8,409.7,422.3
1748217600000,422.3,428.4,420.9,424.8
1748232000000,424.8,427.2,423.0,424.3
1748246400000,424.3,424.7,417.1,419.8
1748260800000,419.8,421.6,413.6,417.5
1748275200000,417.5,418.7,412.4,414.5
1748289600000,414.5,418.1,413.4,415.1
1748304000000,415.1,416.1,407.8,413.3
1748318400000,413.3,420.2,412.1,419.2
1748332800000,419.2,422.3,418.0,419.7
1748347200000,419.7,424.2,415.2,419.9
1748361600000,419.9,421.4,417.0,418.0
1748376000000,418.0,419.2,412.6,414.1
1748390400000,414.1,416.3,412.0,415.5
1748404800000,415.5,418.4,414.0,417.8
1748419200000,417.8,420.7,414.6,418.6
1748433600000,418.6,419.9,403.4,406.0
1748448000000,406.0,410.2,404.1,404.6
1748462400000,404.6,427.1,404.3,424.4
1748476800000,424.4,427.9,418.9,424.4
1748491200000,424.4,425.1,418.5,422.5
1748505600000,422.5,423.9,418.2,418.9
1748520000000,418.9,418.9,408.2,412.7
1748534400000,412.7,412.8,405.0,407.5
1748548800000,407.5,412.3,407.4,409.3
1748563200000,409.3,414.3,396.1,410.9
1748577600000,410.9,411.9,403.6,404.1
1748592000000,404.1,410.7,400.4,408.3
1748606400000,408.3,413.6,404.4,406.9
1748620800000,406.9,407.8,393.9,406.9
1748635200000,406.9,409.4,397.3,398.1
1748649600000,398.1,401.1,388.6,397.0
1748664000000,397.0,402.5,391.8,400.9
1748678400000,400.9,406.5,399.4,406.1
1748692800000,406.1,419.0,405.9,416.7
1748707200000,416.7,422.6,413.1,417.7
1748721600000,417.7,418.0,411.7,414.7
1748736000000,414.7,415.2,407.6,408.5
1748750400000,408.5,411.3,402.0,402.5
1748764800000,402.5,402.7,396.3,401.7
1748779200000,401.7,404.1,397.9,402.0
1748793600000,402.0,405.9,399.1,405.3
1748808000000,405.3,406.2,402.1,403.0
1748822400000,403.0,403.2,397.4,399.0
1748836800000,399.0,405.9,398.8,404.8
1748851200000,404.8,407.0,399.6,400.1
1748865600000,400.1,402.3,397.3,399.8
1748880000000,399.8,402.3,396.6,398.1
1748894400000,398.1,404.5,398.1,403.4
1748908800000,403.4,406.9,401.6,402.8
1748923200000,402.8,405.5,402.4,403.2
1748937600000,403.2,404.1,399.4,402.2
1748952000000,402.2,408.8,401.4,407.5
1748966400000,407.5,408.1,403.8,405.1
1748980800000,405.1,405.4,399.7,400.4
1748995200000,400.4,404.6,400.2,403.9
1749009600000,403.9,405.0,402.4,403.4
1749024000000,403.4,410.5,403.4,405.5
1749038400000,405.5,406.9,400.4,405.0
1749052800000,405.0,409.3,404.8,405.5
1749067200000,405.5,405.8,396.4,399.7
1749081600000,399.7,402.5,397.8,401.7
1749096000000,401.7,404.6,399.8,400.6
1749110400000,400.6,401.3,396.0,400.3
1749124800000,400.3,404.5,395.9,402.6
1749139200000,402.6,403.4,389.0,392.0
1749153600000,392.0,393.2,377.4,384.7
1749168000000,384.7,386.3,380.1,384.3
1749182400000,384.3,388.1,382.8,386.0
1749196800000,386.0,387.5,383.4,385.5
1749211200000,385.5,395.4,384.8,394.4
1749225600000,394.4,399.3,391.3,396.3
1749240000000,396.3,399.2,394.7,395.4
1749254400000,395.4,398.7,393.3,395.7
1749268800000,395.7,407.2,394.0,406.2
1749283200000,406.2,410.1,403.4,408.8
1749297600000,408.8,411.3,406.2,408.7
1749312000000,408.7,411.1,405.4,406.8
1749326400000,406.8,410.0,406.0,409.1
1749340800000,409.1,411.3,407.1,408.3
1749355200000,408.3,410.2,405.8,408.5
1749369600000,408.5,415.4,407.5,414.7
1749384000000,414.7,417.9,412.2,417.2
1749398400000,417.2,419.5,414.0,415.4
1749412800000,415.4,415.4,410.2,410.5
1749427200000,410.5,417.2,410.2,414.1
1749441600000,414.1,417.8,411.9,414.8
1749456000000,414.8,424.9,414.8,418.9
1749470400000,418.9,420.9,416.2,417.9
1749484800000,417.9,426.2,417.6,421.4
1749499200000,421.4,429.3,420.7,424.8
1749513600000,424.8,428.8,421.3,424.7
1749528000000,424.7,425.4,417.6,418.8
1749542400000,418.8,431.5,418.1,430.1
1749556800000,430.1,434.7,425.2,428.6
1749571200000,428.6,438.1,427.5,435.8
1749585600000,435.8,443.4,434.2,437.8
1749600000000,437.8,445.3,435.8,439.8
1749614400000,439.8,445.1,438.8,443.9
1749628800000,443.9,446.8,436.3,443.0
1749643200000,443.0,445.5,440.2,444.1
1749657600000,444.1,445.4,427.6,429.3
1749672000000,429.3,431.3,421.0,428.4
1749686400000,428.4,431.2,425.0,429.3
1749700800000,429.3,432.6,427.2,428.6
1749715200000,428.6,436.2,425.4,426.9
1749729600000,426.9,434.8,426.2,432.2
1749744000000,432.2,441.5,430.4,431.4
1749758400000,431.4,431.8,423.0,423.6
1749772800000,423.6,423.8,397.3,403.3
1749787200000,403.3,423.0,399.0,415.7
1749801600000,415.7,422.7,411.5,420.7
1749816000000,420.7,425.6,416.3,423.9
1749830400000,423.9,436.7,422.5,433.9
1749844800000,433.9,453.9,433.3,448.5
1749859200000,448.5,450.0,442.7,443.1
1749873600000,443.1,443.3,432.3,433.8
1749888000000,433.8,438.7,430.2,435.5
1749902400000,435.5,438.3,430.6,431.7
1749916800000,431.7,431.9,423.0,423.8
1749931200000,423.8,434.9,420.7,430.4
1749945600000,430.4,437.5,430.4,436.6
1749960000000,436.6,451.4,436.3,441.6
1749974400000,441.6,447.3,436.7,443.6
1749988800000,443.6,461.9,441.7,458.1
1750003200000,458.1,469.4,456.2,461.1
1750017600000,461.1,465.8,457.4,460.2
1750032000000,460.2,464.3,451.5,454.0
1750046400000,454.0,458.5,453.1,457.4
1750060800000,457.4,457.9,450.2,452.9
1750075200000,452.9,474.3,451.2,466.5
1750089600000,466.5,476.0,464.0,473.3
1750104000000,473.3,475.3,461.9,463.3
1750118400000,463.3,483.5,460.7,480.3
1750132800000,480.3,481.6,473.2,475.9
1750147200000,475.9,478.7,463.8,465.3
1750161600000,465.3,474.5,460.0,463.4
1750176000000,463.4,474.4,455.9,472.8
1750190400000,472.8,474.2,462.4,462.4
1750204800000,462.4,480.9,461.9,475.3
1750219200000,475.3,477.9,468.4,470.2
1750233600000,470.2,472.2,463.1,468.7
1750248000000,468.7,469.5,459.6,464.2
1750262400000,464.2,464.3,456.2,457.2
1750276800000,457.2,468.8,456.7,459.3
1750291200000,459.3,461.4,452.1,458.4
1750305600000,458.4,464.0,457.5,458.3
1750320000000,458.3,466.7,457.4,464.9
1750334400000,464.9,489.6,464.3,483.8
1750348800000,483.8,497.5,482.0,494.9
1750363200000,494.9,502.8,489.1,496.8
1750377600000,496.8,500.3,489.4,490.8
1750392000000,490.8,493.6,486.6,489.9
1750406400000,489.9,497.8,484.0,485.3
1750420800000,485.3,488.7,480.5,481.8
1750435200000,481.8,488.4,474.6,480.2
1750449600000,480.2,483.0,471.4,473.5
1750464000000,473.5,473.5,463.6,468.8
1750478400000,468.8,474.9,468.0,469.2
1750492800000,469.2,472.8,465.5,471.0
1750507200000,471.0,475.6,467.9,470.5
1750521600000,470.5,479.6,467.9,469.1
1750536000000,469.1,477.2,457.3,466.9
1750550400000,466.9,470.3,459.0,463.1
1750564800000,463.1,467.5,457.8,459.3
1750579200000,459.3,468.9,458.0,464.5
1750593600000,464.5,466.4,444.0,445.4
1750608000000,445.4,455.9,442.0,444.3
1750622400000,444.3,458.5,436.3,454.3
1750636800000,454.3,455.5,445.2,448.8
1750651200000,448.8,457.9,448.2,453.8
1750665600000,453.8,455.6,450.1,453.1
1750680000000,453.1,458.2,442.0,444.9
1750694400000,444.9,455.5,437.3,454.4
1750708800000,454.4,469.5,451.6,462.0
1750723200000,462.0,462.9,455.3,458.2
1750737600000,458.2,461.8,452.8,454.0
1750752000000,454.0,466.9,453.1,465.2
1750766400000,465.2,465.6,449.0,449.2
1750780800000,449.2,454.5,448.5,450.9
1750795200000,450.9,456.6,450.5,453.3
1750809600000,453.3,493.3,453.0,471.2
1750824000000,471.2,481.9,468.5,480.6
1750838400000,480.6,483.3,475.7,479.0
1750852800000,479.0,482.0,474.5,480.4
1750867200000,480.4,486.6,479.6,486.1
1750881600000,486.1,494.9,480.5,482.6
1750896000000,482.6,490.9,481.2,490.3
1750910400000,490.3,506.4,487.5,499.2
1750924800000,499.2,505.7,492.6,494.1
1750939200000,494.1,498.4,488.2,491.1
1750953600000,491.1,494.6,489.8,491.3
1750968000000,491.3,494.5,486.8,488.6
1750982400000,488.6,499.6,483.8,495.2
1750996800000,495.2,505.1,491.3,497.9
1751011200000,497.9,499.1,494.0,495.2
1751025600000,495.2,501.0,489.1,499.5
1751040000000,499.5,509.9,498.2,500.6
1751054400000,500.6,508.7,500.3,504.3
1751068800000,504.3,504.8,499.5,500.5
1751083200000,500.5,501.5,496.1,496.6
1751097600000,496.6,498.9,494.1,494.7
1751112000000,494.7,494.8,488.3,489.0
1751126400000,489.0,493.4,486.5,490.1
1751140800000,490.1,492.7,489.9,490.7
1751155200000,490.7,494.6,488.1,491.6
1751169600000,491.6,494.5,488.5,489.2
1751184000000,489.2,496.1,489.0,495.1
1751198400000,495.1,495.2,489.3,490.0
1751212800000,490.0,492.2,488.5,489.5
1751227200000,489.5,508.4,489.0,504.2
1751241600000,504.2,504.6,498.1,500.9
1751256000000,500.9,502.3,496.8,498.3
1751270400000,498.3,498.4,487.7,490.1
1751284800000,490.1,522.3,489.8,512.7
1751299200000,512.7,520.7,511.9,517.2
1751313600000,517.2,517.4,502.2,505.4
1751328000000,505.4,527.8,504.3,523.7
1751342400000,523.7,527.5,519.8,526.8
1751356800000,526.8,526.8,518.1,521.3
1751371200000,521.3,521.6,512.4,518.1
1751385600000,518.1,520.6,511.3,511.6
1751400000000,511.6,513.3,494.9,499.9
1751414400000,499.9,504.4,498.3,503.5
1751428800000,503.5,511.9,502.4,504.8
1751443200000,504.8,508.0,501.0,502.1
1751457600000,502.1,505.9,497.9,502.9
1751472000000,502.9,511.7,502.5,506.4
1751486400000,506.4,511.5,502.4,510.3
1751500800000,510.3,514.5,499.7,502.2
1751515200000,502.2,510.8,500.2,506.0
1751529600000,506.0,506.7,500.5,505.7
1751544000000,505.7,505.9,491.3,492.6
1751558400000,492.6,499.3,490.3,495.8
1751572800000,495.8,499.5,495.3,495.9
1751587200000,495.9,496.2,485.0,487.5
1751601600000,487.5,491.9,475.6,476.0
1751616000000,476.0,483.6,468.3,481.1
1751630400000,481.1,487.2,477.3,480.2
1751644800000,480.2,489.1,477.6,487.2
1751659200000,487.2,489.1,483.1,483.5
1751673600000,483.5,488.0,482.9,483.8
1751688000000,483.8,487.3,480.6,483.2
1751702400000,483.2,484.8,481.4,482.1
1751716800000,482.1,487.1,480.8,481.2
1751731200000,481.2,485.4,480.2,485.1
1751745600000,485.1,489.4,483.9,488.9
1751760000000,488.9,489.1,485.0,486.5
1751774400000,486.5,487.8,482.2,483.8
1751788800000,483.8,487.7,482.2,486.2
1751803200000,486.2,495.1,485.7,494.7
1751817600000,494.7,498.2,493.6,497.3
1751832000000,497.3,501.2,490.9,491.0
1751846400000,491.0,500.5,486.9,496.8
1751860800000,496.8,498.8,494.5,494.9
1751875200000,494.9,496.4,492.9,495.6
1751889600000,495.6,498.6,493.5,493.8
1751904000000,493.8,494.1,489.2,492.2
1751918400000,492.2,496.7,490.9,496.2
1751932800000,496.2,499.7,493.6,496.4
1751947200000,496.4,499.0,495.7,498.5
1751961600000,498.5,499.4,496.6,498.4
1751976000000,498.4,508.0,498.3,503.8
1751990400000,503.8,504.6,498.7,499.0
1752004800000,499.0,501.5,497.0,500.5
1752019200000,500.5,516.6,499.1,507.3
1752033600000,507.3,510.6,506.3,507.0
1752048000000,507.0,508.6,504.1,508.5
1752062400000,508.5,510.7,505.5,506.3
1752076800000,506.3,510.5,502.2,509.2
1752091200000,509.2,516.2,506.0,514.3
1752105600000,514.3,515.6,509.2,510.0
1752120000000,510.0,515.5,508.7,515.3
1752134400000,515.3,520.0,514.3,515.6
1752148800000,515.6,517.4,500.6,504.2
1752163200000,504.2,511.7,503.6,511.2
1752177600000,511.2,520.9,509.1,518.2
1752192000000,518.2,522.2,513.5,520.5
1752206400000,520.5,528.0,517.3,519.1
1752220800000,519.1,527.4,518.5,522.3
1752235200000,522.3,539.0,520.3,528.9
1752249600000,528.9,537.9,526.1,536.0
1752264000000,536.0,538.1,523.8,531.3
1752278400000,531.3,535.1,525.2,532.0
1752292800000,532.0,532.1,510.5,517.6
1752307200000,517.6,523.0,515.7,519.2
1752321600000,519.2,519.8,500.1,504.7
1752336000000,504.7,509.9,503.6,508.1
1752350400000,508.1,508.6,501.3,505.8
1752364800000,505.8,508.0,504.2,506.2
1752379200000,506.2,507.9,503.6,507.2
1752393600000,507.2,507.3,500.2,504.3
1752408000000,504.3,512.9,503.4,505.5
1752422400000,505.5,510.5,502.1,508.0
1752436800000,508.0,510.0,501.1,507.5
1752451200000,507.5,515.6,503.7,514.5
1752465600000,514.5,526.8,509.5,516.9
1752480000000,516.9,520.2,512.0,512.8
1752494400000,512.8,514.1,501.2,504.0
1752508800000,504.0,507.2,500.7,503.8
1752523200000,503.8,505.4,497.2,504.5
1752537600000,504.5,505.4,486.9,491.2
1752552000000,491.2,494.0,487.0,487.1
1752566400000,487.1,489.0,481.5,488.7
1752580800000,488.7,492.3,481.4,487.4
1752595200000,487.4,496.7,486.2,486.8
1752609600000,486.8,497.8,485.2,497.4
1752624000000,497.4,505.3,495.4,496.6
1752638400000,496.6,499.8,494.6,499.0
1752652800000,499.0,502.5,497.0,499.6
1752667200000,499.6,501.0,490.4,494.9
1752681600000,494.9,504.4,494.0,500.4
1752696000000,500.4,509.4,497.0,498.6
1752710400000,498.6,502.7,488.3,491.4
1752724800000,491.4,498.3,490.9,495.4
1752739200000,495.4,504.2,493.7,495.7
1752753600000,495.7,498.9,489.3,495.0
1752768000000,495.0,498.9,489.7,490.6
1752782400000,490.6,504.9,486.7,499.4
1752796800000,499.4,514.1,498.6,512.6
1752811200000,512.6,542.8,510.8,525.3
1752825600000,525.3,536.3,525.3,532.0
1752840000000,532.0,534.3,507.4,512.7
1752854400000,512.7,519.2,508.3,514.2
1752868800000,514.2,516.6,505.1,514.5
1752883200000,514.5,520.0,508.1,514.9
1752897600000,514.9,518.3,507.3,509.6
1752912000000,509.6,511.2,505.2,505.8
1752926400000,505.8,507.2,501.5,503.6
1752940800000,503.6,522.2,502.1,514.8
1752955200000,514.8,518.0,510.1,513.0
1752969600000,513.0,525.0,509.4,522.2
1752984000000,522.2,532.0,520.4,525.2
1752998400000,525.2,536.7,524.2,532.2
1753012800000,532.2,553.6,530.9,550.9
1753027200000,550.9,554.0,545.8,548.7
1753041600000,548.7,550.2,539.1,548.0
1753056000000,548.0,548.8,527.0,534.7
1753070400000,534.7,535.2,522.6,530.7
1753084800000,530.7,535.5,525.6,529.3
1753099200000,529.3,536.4,526.7,527.8
1753113600000,527.8,529.7,518.1,519.7
1753128000000,519.7,524.6,516.8,522.8
1753142400000,522.8,525.5,512.2,519.4
1753156800000,519.4,524.6,511.3,521.0
1753171200000,521.0,523.1,512.2,521.5
1753185600000,521.5,522.8,511.7,518.9
1753200000000,518.9,523.3,513.8,514.9
1753214400000,514.9,535.7,514.3,526.4
1753228800000,526.4,529.4,521.0,526.2
1753243200000,526.2,530.3,524.4,527.1
1753257600000,527.1,529.9,522.8,528.7
1753272000000,528.7,528.8,503.8,515.2
1753286400000,515.2,515.7,502.3,510.5
1753300800000,510.5,513.0,496.3,511.9
1753315200000,511.9,524.0,509.4,515.0
1753329600000,515.0,515.7,489.1,503.2
1753344000000,503.2,528.0,500.0,520.2
1753358400000,520.2,527.6,514.6,521.9
1753372800000,521.9,522.4,513.8,515.4
1753387200000,515.4,523.0,509.4,512.9
1753401600000,512.9,527.3,509.1,516.9
1753416000000,516.9,530.2,515.1,525.1
1753430400000,525.1,563.9,524.5,554.3
1753444800000,554.3,558.0,530.1,534.2
1753459200000,534.2,542.9,533.8,540.7
1753473600000,540.7,558.7,539.3,557.3
1753488000000,557.3,559.6,552.0,555.0
1753502400000,555.0,556.7,551.4,551.7
1753516800000,551.7,558.8,551.3,558.5
1753531200000,558.5,558.9,554.8,556.1
1753545600000,556.1,563.3,552.4,561.2
1753560000000,561.2,561.6,558.4,559.1
1753574400000,559.1,579.6,555.1,568.0
1753588800000,568.0,586.1,565.0,585.3
1753603200000,585.3,595.0,582.5,593.1
1753617600000,593.1,604.7,592.6,598.6
1753632000000,598.6,608.3,593.9,604.6
1753646400000,604.6,604.9,589.2,589.7
1753660800000,589.7,595.4,588.2,590.0
1753675200000,590.0,605.6,579.1,580.2
1753689600000,580.2,588.2,576.8,586.0
1753704000000,586.0,590.6,578.3,584.2
1753718400000,584.2,587.0,575.0,578.4
1753732800000,578.4,580.1,568.8,572.6
1753747200000,572.6,583.9,571.2,582.7
1753761600000,582.7,586.7,573.1,575.8
1753776000000,575.8,575.8,564.5,566.6
1753790400000,566.6,574.7,560.0,562.2
1753804800000,562.2,569.3,561.2,564.1
1753819200000,564.1,567.3,560.0,564.1
1753833600000,564.1,572.7,561.4,568.8
1753848000000,568.8,570.4,562.9,566.5
1753862400000,566.5,569.1,556.1,561.9
1753876800000,561.9,571.5,561.5,569.1
1753891200000,569.1,572.0,550.4,564.9
1753905600000,564.9,594.6,564.4,589.7
1753920000000,589.7,596.9,580.5,583.4
1753934400000,583.4,589.1,580.4,582.0
1753948800000,582.0,587.3,578.6,583.2
1753963200000,583.2,584.5,570.3,574.0
1753977600000,574.0,578.1,563.1,563.5
1753992000000,563.5,576.5,558.7,561.0
1754006400000,561.0,574.9,552.4,569.9
1754020800000,569.9,570.3,555.0,558.7
1754035200000,558.7,559.3,546.7,558.1
1754049600000,558.1,561.3,546.2,552.3
1754064000000,552.3,556.9,536.4,539.6
1754078400000,539.6,541.4,526.0,535.7
1754092800000,535.7,543.3,534.1,539.6
1754107200000,539.6,543.6,534.8,541.0
1754121600000,541.0,541.7,530.8,533.9
1754136000000,533.9,539.7,527.6,528.9
1754150400000,528.9,535.1,520.6,522.1
1754164800000,522.1,530.0,517.4,519.8
1754179200000,519.8,529.9,514.1,528.9
1754193600000,528.9,539.6,527.5,535.3
1754208000000,535.3,543.8,535.3,537.4
1754222400000,537.4,542.8,535.8,541.0
1754236800000,541.0,543.5,540.0,541.8
1754251200000,541.8,548.0,541.1,544.0
1754265600000,544.0,553.5,543.7,552.7
1754280000000,552.7,553.6,547.5,553.0
1754294400000,553.0,557.0,551.2,554.5
1754308800000,554.5,579.1,551.7,576.0
1754323200000,576.0,577.5,560.2,560.6
1754337600000,560.6,581.2,556.4,574.1
1754352000000,574.1,577.9,565.3,565.9
1754366400000,565.9,566.6,557.2,562.6
1754380800000,562.6,583.9,555.5,576.7
1754395200000,576.7,577.5,562.3,564.5
1754409600000,564.5,566.2,541.5,543.2
1754424000000,543.2,552.3,540.9,551.4
1754438400000,551.4,557.7,547.3,555.1
1754452800000,555.1,565.3,553.4,562.2
1754467200000,562.2,565.0,556.6,561.6
1754481600000,561.6,571.3,556.7,571.3
1754496000000,571.3,573.4,566.4,571.6
1754510400000,571.6,573.7,567.3,570.7
1754524800000,570.7,572.7,568.0,568.8
1754539200000,568.8,579.1,567.7,576.5
1754553600000,576.5,584.5,567.2,580.9
1754568000000,580.9,583.1,572.4,576.4
1754582400000,576.4,579.9,570.4,579.5
1754596800000,579.5,582.6,578.3,581.7
1754611200000,581.7,586.7,572.7,575.2
1754625600000,575.2,581.0,572.8,579.9
1754640000000,579.9,582.4,578.4,580.1
1754654400000,580.1,584.1,576.6,579.2
1754668800000,579.2,589.0,578.9,588.5
1754683200000,588.5,588.6,585.5,585.7
1754697600000,585.7,587.7,583.2,585.3
1754712000000,585.3,591.9,583.8,586.9
1754726400000,586.9,589.9,584.7,585.8
1754740800000,585.8,588.7,564.5,568.0
1754755200000,568.0,573.1,567.6,571.4
1754769600000,571.4,573.4,565.7,565.7
1754784000000,565.7,581.9,565.6,578.3
1754798400000,578.3,580.7,560.7,562.7
1754812800000,562.7,567.7,558.9,567.5
1754827200000,567.5,585.1,563.1,573.4
1754841600000,573.4,574.3,569.4,571.0
1754856000000,571.0,571.7,566.9,570.0
1754870400000,570.0,578.4,569.2,576.7
1754884800000,576.7,579.2,571.7,573.9
1754899200000,573.9,598.6,571.3,587.2
1754913600000,587.2,600.0,580.0,587.7
1754928000000,587.7,598.4,579.6,583.7
1754942400000,583.7,586.1,574.2,578.2
1754956800000,578.2,601.9,577.8,592.9
1754971200000,592.9,598.7,589.1,590.6
1754985600000,590.6,596.2,586.2,591.9
1755000000000,591.9,606.5,587.5,603.9
1755014400000,603.9,626.2,601.4,619.2
1755028800000,619.2,628.6,616.0,619.0
1755043200000,619.0,622.5,614.3,615.8
1755057600000,615.8,617.0,601.1,608.6
1755072000000,608.6,613.4,605.3,609.1
1755086400000,609.1,632.7,607.2,619.1
1755100800000,619.1,622.2,606.1,612.6
1755115200000,612.6,618.2,609.9,615.8
1755129600000,615.8,626.3,615.3,623.0
1755144000000,623.0,627.4,607.1,608.8
1755158400000,608.8,611.5,603.2,608.5
1755172800000,608.5,611.0,575.0,591.5
1755187200000,591.5,592.7,583.4,590.2
1755201600000,590.2,596.0,581.4,593.0
1755216000000,593.0,597.3,591.0,595.5
1755230400000,595.5,601.8,593.3,598.5
1755244800000,598.5,598.7,593.1,595.2
1755259200000,595.2,597.9,579.6,583.0
1755273600000,583.0,591.7,580.3,587.5
1755288000000,587.5,593.6,584.9,592.2
1755302400000,592.2,597.6,591.5,593.8
1755316800000,593.8,597.1,591.5,593.8
1755331200000,593.8,594.4,588.4,589.2
1755345600000,589.2,589.8,579.4,580.5
1755360000000,580.5,584.5,575.8,583.8
1755374400000,583.8,587.9,582.7,587.2
1755388800000,587.2,589.3,584.2,588.0
1755403200000,588.0,591.0,586.5,588.3
1755417600000,588.3,592.1,587.4,590.2
1755432000000,590.2,590.4,581.1,586.3
1755446400000,586.3,588.6,579.9,583.2
1755460800000,583.2,585.5,581.4,581.6
1755475200000,581.6,582.2,562.8,567.7
1755489600000,567.7,571.1,563.7,566.5
1755504000000,566.5,567.5,560.5,562.0
1755518400000,562.0,567.3,560.3,565.7
1755532800000,565.7,570.8,562.8,570.0
1755547200000,570.0,572.9,566.6,568.5
1755561600000,568.5,573.5,562.2,563.7
1755576000000,563.7,569.3,560.1,564.4
1755590400000,564.4,568.6,563.3,568.2
1755604800000,568.2,568.4,552.7,554.8
1755619200000,554.8,557.3,548.8,555.5
1755633600000,555.5,556.9,547.2,548.1
1755648000000,548.1,553.9,546.4,550.4
1755662400000,550.4,554.8,549.0,549.1
1755676800000,549.1,554.2,545.3,549.9
1755691200000,549.9,557.7,542.8,552.6
1755705600000,552.6,561.8,552.4,561.4
1755720000000,561.4,562.5,558.1,560.6
1755734400000,560.6,564.7,558.2,559.9
1755748800000,559.9,562.5,556.2,559.4
1755763200000,559.4,559.9,553.6,554.5
1755777600000,554.5,558.5,550.2,552.7
1755792000000,552.7,562.2,549.9,556.3
1755806400000,556.3,557.3,552.2,554.2
1755820800000,554.2,566.1,554.0,559.1
1755835200000,559.1,563.9,557.6,562.8
1755849600000,562.8,564.2,555.0,555.3
1755864000000,555.3,601.7,550.4,595.7
1755878400000,595.7,607.8,595.7,601.0
1755892800000,601.0,607.2,598.6,599.7
1755907200000,599.7,601.7,587.5,589.0
1755921600000,589.0,594.0,588.9,589.5
1755936000000,589.5,591.4,584.2,585.5
1755950400000,585.5,592.2,583.4,588.9
1755964800000,588.9,590.4,586.7,589.4
1755979200000,589.4,591.8,587.6,591.1
1755993600000,591.1,597.5,591.0,596.0
1756008000000,596.0,598.1,590.6,591.3
1756022400000,591.3,597.0,590.9,595.2
1756036800000,595.2,596.8,591.0,593.6
1756051200000,593.6,600.0,582.5,589.9
1756065600000,589.9,592.6,581.6,582.8
1756080000000,582.8,589.2,575.8,581.8
1756094400000,581.8,583.2,565.4,566.3
1756108800000,566.3,567.8,560.2,564.2
1756123200000,564.2,567.4,557.8,558.6
1756137600000,558.6,562.5,550.9,551.7
1756152000000,551.7,552.7,535.6,543.3
1756166400000,543.3,546.2,539.0,543.1
1756180800000,543.1,544.6,537.1,542.1
1756195200000,542.1,542.5,533.4,536.0
1756209600000,536.0,544.8,534.6,537.6
1756224000000,537.6,541.6,532.2,541.2
1756238400000,541.2,554.8,537.1,550.3
1756252800000,550.3,555.8,543.5,554.3
1756267200000,554.3,562.6,552.4,553.9
1756281600000,553.9,558.1,551.1,553.0
1756296000000,553.0,560.5,550.1,558.5
1756310400000,558.5,559.5,550.6,555.4
1756324800000,555.4,559.1,549.0,549.9
1756339200000,549.9,554.6,547.6,554.4
1756353600000,554.4,563.7,554.0,562.2
1756368000000,562.2,566.8,554.3,555.4
1756382400000,555.4,558.0,552.8,554.2
1756396800000,554.2,557.4,549.6,550.2
1756411200000,550.2,557.7,549.9,557.5
1756425600000,557.5,559.8,551.4,555.6
1756440000000,555.6,558.3,536.6,537.8
1756454400000,537.8,539.6,530.7,534.7
1756468800000,534.7,544.4,526.8,534.5
1756483200000,534.5,538.8,531.0,532.8
1756497600000,532.8,533.7,528.1,530.5
1756512000000,530.5,535.1,523.8,531.4
1756526400000,531.4,533.1,530.0,532.7
1756540800000,532.7,537.8,530.6,534.8
1756555200000,534.8,545.6,531.6,545.1
1756569600000,545.1,547.5,540.1,542.2
1756584000000,542.2,553.8,541.0,552.3
1756598400000,552.3,554.2,548.1,550.7
1756612800000,550.7,552.4,547.5,551.5
1756627200000,551.5,552.8,547.3,549.0
1756641600000,549.0,549.0,545.4,546.0
1756656000000,546.0,546.0,542.1,543.3
1756670400000,543.3,548.6,542.7,544.0
1756684800000,544.0,544.9,532.9,534.9
1756699200000,534.9,551.1,529.6,549.2
1756713600000,549.2,551.7,542.5,546.4
1756728000000,546.4,549.8,542.4,543.0
1756742400000,543.0,548.1,539.0,546.4
1756756800000,546.4,546.9,533.6,544.9
1756771200000,544.9,566.2,543.1,564.0
1756785600000,564.0,572.2,561.8,567.2
1756800000000,567.2,572.9,562.6,565.3
1756814400000,565.3,587.0,558.8,573.6
1756828800000,573.6,585.6,573.4,582.1
1756843200000,582.1,585.7,580.2,584.3
1756857600000,584.3,591.2,578.1,587.2
1756872000000,587.2,605.5,587.0,599.0
1756886400000,599.0,605.0,597.2,602.5
1756900800000,602.5,604.4,579.0,585.7
1756915200000,585.7,600.0,584.3,598.4
1756929600000,598.4,605.3,596.4,603.2
1756944000000,603.2,604.4,583.2,589.6
1756958400000,589.6,592.6,582.9,586.1
1756972800000,586.1,590.0,584.5,587.2
1756987200000,587.2,591.0,584.2,586.6
1757001600000,586.6,588.7,583.0,586.8
1757016000000,586.8,595.9,585.8,586.3
1757030400000,586.3,594.5,584.4,591.3
1757044800000,591.3,602.4,590.4,599.8
1757059200000,599.8,600.1,593.1,596.8
1757073600000,596.8,622.0,596.1,609.5
1757088000000,609.5,616.2,609.1,611.5
1757102400000,611.5,612.8,606.2,606.3
1757116800000,606.3,616.7,602.5,614.3
1757131200000,614.3,615.6,609.6,611.2
1757145600000,611.2,613.6,583.2,588.7
1757160000000,588.7,596.4,585.7,593.3
1757174400000,593.3,598.8,592.2,594.0
1757188800000,594.0,596.9,591.7,594.8
1757203200000,594.8,607.7,593.1,598.9
1757217600000,598.9,602.3,596.5,601.1
1757232000000,601.1,603.9,595.6,601.9
1757246400000,601.9,607.1,600.6,601.1
1757260800000,601.1,605.1,599.4,604.3
1757275200000,604.3,605.0,602.1,602.9
1757289600000,602.9,605.9,601.9,603.5
1757304000000,603.5,603.6,589.8,592.4
1757318400000,592.4,597.6,586.9,594.5
1757332800000,594.5,596.8,588.8,589.0
1757347200000,589.0,590.3,585.4,587.1
1757361600000,587.1,589.8,584.7,588.0
1757376000000,588.0,590.6,582.5,583.3
1757390400000,583.3,586.2,578.2,585.8
1757404800000,585.8,589.3,582.1,582.3
1757419200000,582.3,586.7,572.7,577.1
1757433600000,577.1,578.9,575.1,578.6
1757448000000,578.6,588.5,577.3,580.1
1757462400000,580.1,582.8,577.1,579.0
1757476800000,579.0,581.6,576.5,581.2
1757491200000,581.2,588.4,579.0,585.3
1757505600000,585.3,590.4,579.2,580.0
1757520000000,580.0,582.8,576.6,579.4
1757534400000,579.4,581.8,579.2,580.6
1757548800000,580.6,585.0,575.9,584.4
1757563200000,584.4,603.8,583.0,598.8
1757577600000,598.8,601.1,593.0,599.0
1757592000000,599.0,603.1,588.4,588.8
1757606400000,588.8,593.4,586.8,589.0
1757620800000,589.0,599.8,587.7,596.2
1757635200000,596.2,601.6,593.3,593.7
1757649600000,593.7,597.8,592.7,593.3
1757664000000,593.3,594.0,589.4,589.9
1757678400000,589.9,593.0,586.9,588.1
1757692800000,588.1,599.4,587.6,598.4
1757707200000,598.4,599.2,594.8,598.4
1757721600000,598.4,603.0,593.7,601.1
1757736000000,601.1,603.9,598.8,599.5
1757750400000,599.5,605.6,599.5,603.4
1757764800000,603.4,604.7,595.6,600.2
1757779200000,600.2,601.9,594.0,596.9
1757793600000,596.9,599.2,596.6,598.4
1757808000000,598.4,599.6,588.3,589.5
1757822400000,589.5,595.9,587.6,591.4
1757836800000,591.4,594.9,590.3,593.9
1757851200000,593.9,602.5,589.5,592.7
1757865600000,592.7,597.0,592.2,594.7
1757880000000,594.7,604.8,592.7,601.1
1757894400000,601.1,605.9,598.5,600.9
1757908800000,600.9,604.4,598.3,599.9
1757923200000,599.9,602.5,590.1,593.5
1757937600000,593.5,594.4,589.1,591.9
1757952000000,591.9,593.5,587.5,591.8
1757966400000,591.8,594.1,591.3,593.3
1757980800000,593.3,594.3,589.9,590.7
1757995200000,590.7,596.8,588.5,594.6
1758009600000,594.6,596.6,590.2,590.3
1758024000000,590.3,596.3,589.4,596.0
1758038400000,596.0,601.6,594.9,600.8
1758052800000,600.8,601.4,596.2,598.4
1758067200000,598.4,600.1,595.8,597.6
1758081600000,597.6,602.1,594.4,601.6
1758096000000,601.6,602.8,596.2,598.9
1758110400000,598.9,600.4,593.0,593.0
1758124800000,593.0,600.4,589.8,599.7
1758139200000,599.7,625.5,597.2,616.4
1758153600000,616.4,647.8,612.0,644.0
1758168000000,644.0,646.8,631.1,635.7
1758182400000,635.7,644.0,634.6,643.7
1758196800000,643.7,650.9,637.3,637.9
1758211200000,637.9,640.5,635.1,636.9
1758225600000,636.9,639.6,620.8,624.2
1758240000000,624.2,632.0,614.5,615.1
1758254400000,615.1,616.2,607.4,610.3
1758268800000,610.3,613.5,604.4,605.6
1758283200000,605.6,607.5,599.7,604.5
1758297600000,604.5,606.7,601.0,601.2
1758312000000,601.2,602.6,597.7,600.3
1758326400000,600.3,606.2,598.9,603.8
1758340800000,603.8,606.0,602.4,605.7
1758355200000,605.7,605.7,599.8,602.2
1758369600000,602.2,604.3,598.3,602.8
1758384000000,602.8,604.0,597.8,598.1
1758398400000,598.1,598.3,592.7,594.2
1758412800000,594.2,599.2,593.2,599.2
1758427200000,599.2,600.6,596.7,597.2
1758441600000,597.2,598.8,593.7,598.3
1758456000000,598.3,602.1,595.2,595.9
1758470400000,595.9,597.6,594.7,596.3
1758484800000,596.3,596.9,593.3,593.4
1758499200000,593.4,594.5,582.5,588.2
1758513600000,588.2,588.6,551.1,571.0
1758528000000,571.0,573.0,566.7,571.1
1758542400000,571.1,573.0,566.4,568.2
1758556800000,568.2,570.1,560.6,561.8
1758571200000,561.8,567.4,561.2,566.6
1758585600000,566.6,569.4,555.4,563.7
1758600000000,563.7,565.5,558.7,563.2
1758614400000,563.2,565.0,559.7,561.6
1758628800000,561.6,562.5,556.8,558.7
1758643200000,558.7,562.3,553.6,554.3
1758657600000,554.3,559.8,553.3,556.5
1758672000000,556.5,560.6,552.1,553.7
1758686400000,553.7,561.4,547.6,558.8
1758700800000,558.8,561.3,556.1,560.4
1758715200000,560.4,563.5,558.2,558.9
1758729600000,558.9,560.2,555.6,556.4
1758744000000,556.4,558.0,553.7,556.0
1758758400000,556.0,557.2,550.3,552.5
1758772800000,552.5,553.3,545.3,547.4
1758787200000,547.4,551.2,543.9,544.8
1758801600000,544.8,554.1,538.8,553.2
1758816000000,553.2,553.4,534.7,542.3
1758830400000,542.3,543.9,532.7,535.9
1758844800000,535.9,542.9,533.9,539.6
1758859200000,539.6,550.7,535.5,545.0
1758873600000,545.0,546.9,537.7,542.0
1758888000000,542.0,547.7,538.4,542.8
1758902400000,542.8,548.5,542.5,546.5
1758916800000,546.5,548.7,546.1,547.8
1758931200000,547.8,547.8,542.7,544.1
1758945600000,544.1,544.5,541.1,542.7
1758960000000,542.7,546.3,540.2,544.6
1758974400000,544.6,546.2,541.6,543.5
1758988800000,543.5,543.5,539.4,541.6
1759003200000,541.6,545.9,541.6,543.5
1759017600000,543.5,544.9,535.5,535.9
1759032000000,535.9,541.4,535.6,540.4
1759046400000,540.4,541.4,536.2,537.5
1759060800000,537.5,544.8,536.3,544.4
1759075200000,544.4,551.7,544.4,550.5
1759089600000,550.5,557.9,549.2,556.0
1759104000000,556.0,557.2,552.3,556.4
1759118400000,556.4,559.6,554.9,555.4
1759132800000,555.4,555.5,549.4,552.6
1759147200000,552.6,562.0,549.7,557.9
1759161600000,557.9,560.7,556.6,560.0
1759176000000,560.0,562.6,559.5,560.6
1759190400000,560.6,562.9,558.1,561.1
1759204800000,561.1,561.9,556.0,557.6
1759219200000,557.6,558.3,549.1,550.5
1759233600000,550.5,554.5,549.1,551.4
1759248000000,551.4,559.5,550.6,559.0
1759262400000,559.0,562.0,556.3,560.4
1759276800000,560.4,562.6,559.3,559.9
1759291200000,559.9,565.3,558.8,561.4
1759305600000,561.4,599.1,560.9,587.1
1759320000000,587.1,589.1,580.9,582.8
1759334400000,582.8,588.9,579.7,587.2
1759348800000,587.2,597.0,585.2,592.4
1759363200000,592.4,595.9,582.9,585.4
1759377600000,585.4,586.6,582.0,585.5
1759392000000,585.5,592.2,583.0,588.2
1759406400000,588.2,594.4,580.0,587.4
1759420800000,587.4,593.1,586.2,591.2
1759435200000,591.2,597.2,589.0,593.8
1759449600000,593.8,597.1,590.2,595.2
1759464000000,595.2,603.9,594.9,599.4
1759478400000,599.4,602.0,596.9,598.6
1759492800000,598.6,609.9,596.6,609.1
1759507200000,609.1,615.1,598.5,604.7
1759521600000,604.7,609.6,601.8,607.9
1759536000000,607.9,608.8,591.5,593.1
1759550400000,593.1,595.2,589.2,590.3
1759564800000,590.3,590.6,587.2,589.8
1759579200000,589.8,591.8,583.8,589.0
1759593600000,589.0,594.5,586.1,587.7
1759608000000,587.7,591.7,587.6,589.7
1759622400000,589.7,613.4,587.2,602.4
1759636800000,602.4,607.6,599.2,604.3
1759651200000,604.3,604.5,597.2,600.5
1759665600000,600.5,600.5,594.1,595.4
1759680000000,595.4,599.9,591.3,594.6
1759694400000,594.6,595.7,591.2,593.9
1759708800000,593.9,602.1,591.8,598.1
1759723200000,598.1,601.8,595.5,597.2
1759737600000,597.2,601.4,596.4,600.4
1759752000000,600.4,602.9,597.8,600.6
1759766400000,600.6,606.6,597.6,603.7
1759780800000,603.7,604.8,598.1,598.6
1759795200000,598.6,599.9,593.1,595.1
1759809600000,595.1,597.7,591.9,595.1
1759824000000,595.1,596.2,591.2,591.5
1759838400000,591.5,595.4,574.5,577.9
1759852800000,577.9,579.7,573.6,577.9
1759867200000,577.9,579.5,574.8,576.1
1759881600000,576.1,581.9,575.9,577.6
1759896000000,577.6,579.6,572.8,577.9
1759910400000,577.9,580.4,577.3,577.6
1759924800000,577.6,583.7,575.7,577.3
1759939200000,577.3,588.3,576.7,586.8
1759953600000,586.8,587.4,581.3,583.0
1759968000000,583.0,583.6,575.3,580.7
1759982400000,580.7,582.7,576.5,578.0
1759996800000,578.0,578.4,568.3,575.0
1760011200000,575.0,581.4,570.5,575.5
1760025600000,575.5,577.4,567.4,575.3
1760040000000,575.3,593.7,573.1,579.6
1760054400000,579.6,600.9,579.4,593.1
1760068800000,593.1,595.2,584.7,585.4
1760083200000,585.4,596.5,584.8,594.7
1760097600000,594.7,596.7,572.5,577.0
1760112000000,577.0,581.8,555.7,559.9
1760126400000,559.9,571.5,457.0,512.9
1760140800000,512.9,537.5,503.1,529.3
1760155200000,529.3,539.3,525.0,528.4
1760169600000,528.4,536.5,526.4,529.9
1760184000000,529.9,530.6,519.7,524.5
1760198400000,524.5,526.6,498.9,501.9
1760212800000,501.9,505.6,477.5,499.7
1760227200000,499.7,513.7,495.0,510.2
1760241600000,510.2,524.1,510.1,521.0
1760256000000,521.0,526.3,516.2,522.9
1760270400000,522.9,538.5,517.9,536.1
1760284800000,536.1,544.0,535.3,541.2
1760299200000,541.2,545.0,533.1,540.2
1760313600000,540.2,547.1,537.2,537.8
1760328000000,537.8,545.8,536.3,542.7
1760342400000,542.7,545.6,530.6,537.0
1760356800000,537.0,545.2,533.8,540.6
1760371200000,540.6,549.1,538.4,546.8
1760385600000,546.8,548.7,542.8,546.1
1760400000000,546.1,546.8,533.4,538.5
1760414400000,538.5,539.1,507.3,516.6
1760428800000,516.6,526.8,507.5,518.2
1760443200000,518.2,530.7,511.5,530.5
1760457600000,530.5,537.9,526.6,533.5
1760472000000,533.5,540.8,532.0,537.8
1760486400000,537.8,540.8,531.4,534.2
1760500800000,534.2,537.8,532.6,536.5
1760515200000,536.5,545.7,529.6,531.3
1760529600000,531.3,533.6,520.6,522.8
1760544000000,522.8,527.5,519.9,522.8
1760558400000,522.8,524.5,517.0,521.7
1760572800000,521.7,527.0,520.6,523.2
1760587200000,523.2,525.0,518.8,521.8
1760601600000,521.8,529.3,511.2,524.3
1760616000000,524.3,527.4,509.0,510.3
1760630400000,510.3,516.8,502.6,506.4
1760644800000,506.4,508.1,500.8,504.5
1760659200000,504.5,510.4,503.1,508.0
1760673600000,508.0,508.4,477.8,478.5
1760688000000,478.5,482.5,443.1,465.7
1760702400000,465.7,469.4,455.4,469.3
1760716800000,469.3,474.2,461.7,465.7
1760731200000,465.7,473.7,465.5,469.4
1760745600000,469.4,475.8,468.0,474.5
1760760000000,474.5,480.9,471.6,475.0
1760774400000,475.0,476.6,470.9,471.8
1760788800000,471.8,471.9,461.6,465.8
1760803200000,465.8,467.3,463.1,466.5
1760817600000,466.5,468.9,464.5,468.0
1760832000000,468.0,468.5,461.9,465.0
1760846400000,465.0,465.8,458.3,461.2
1760860800000,461.2,474.7,456.3,469.5
1760875200000,469.5,478.3,468.5,475.8
1760889600000,475.8,477.6,472.3,472.7
1760904000000,472.7,475.9,471.8,472.2
1760918400000,472.2,478.4,466.6,477.3
1760932800000,477.3,484.7,476.6,480.6
1760947200000,480.6,483.4,479.1,481.1
1760961600000,481.1,485.6,479.3,479.6
1760976000000,479.6,486.1,474.1,484.7
1760990400000,484.7,484.7,478.5,478.5
1761004800000,478.5,479.7,471.9,472.7
1761019200000,472.7,472.8,464.9,468.5
1761033600000,468.5,474.5,463.3,471.9
1761048000000,471.9,509.8,469.4,509.5
1761062400000,509.5,515.0,494.6,494.7
1761076800000,494.7,495.5,478.3,480.5
1761091200000,480.5,484.5,476.8,481.0
1761105600000,481.0,482.8,474.7,478.3
1761120000000,478.3,479.0,466.0,472.8
1761134400000,472.8,477.5,468.2,473.5
1761148800000,473.5,475.4,469.0,474.9
1761163200000,474.9,474.9,461.5,472.8
1761177600000,472.8,489.3,472.2,482.7
1761192000000,482.7,491.2,479.5,483.8
1761206400000,483.8,489.7,481.9,484.1
1761220800000,484.1,486.9,481.3,483.3
1761235200000,483.3,488.5,482.1,483.2
1761249600000,483.2,483.2,477.4,479.8
1761264000000,479.8,482.7,477.9,482.0
1761278400000,482.0,494.8,480.7,490.6
1761292800000,490.6,496.8,487.6,494.4
1761307200000,494.4,507.8,494.3,497.5
1761321600000,497.5,505.3,495.1,499.2
1761336000000,499.2,504.1,498.7,502.9
1761350400000,502.9,507.0,498.9,501.9
1761364800000,501.9,512.2,501.3,507.2
1761379200000,507.2,510.7,495.7,499.5
1761393600000,499.5,510.2,499.2,506.5
1761408000000,506.5,508.5,504.2,506.8
1761422400000,506.8,511.4,504.1,507.6
1761436800000,507.6,518.6,507.6,507.9
1761451200000,507.9,519.1,507.7,518.3
1761465600000,518.3,539.7,516.4,538.5
1761480000000,538.5,565.0,538.4,548.3
1761494400000,548.3,558.5,547.7,554.0
1761508800000,554.0,562.0,548.5,558.9
1761523200000,558.9,566.9,554.2,559.4
1761537600000,559.4,564.2,555.0,560.1
1761552000000,560.1,563.4,555.0,561.3
1761566400000,561.3,572.0,558.9,562.6
1761580800000,562.6,565.1,555.8,557.8
1761595200000,557.8,560.6,550.9,555.3
1761609600000,555.3,560.3,552.5,559.6
1761624000000,559.6,563.9,549.5,554.1
1761638400000,554.1,562.0,551.8,555.2
1761652800000,555.2,571.4,554.3,561.5
1761667200000,561.5,564.9,556.9,560.2
1761681600000,560.2,566.7,549.5,557.3
1761696000000,557.3,565.0,556.2,561.6
1761710400000,561.6,566.4,558.0,559.9
1761724800000,559.9,560.2,548.3,552.5
1761739200000,552.5,562.7,548.3,557.1
1761753600000,557.1,562.2,546.1,556.9
1761768000000,556.9,562.2,554.8,555.2
1761782400000,555.2,562.0,554.1,559.8
1761796800000,559.8,576.8,547.3,572.1
1761811200000,572.1,573.9,559.0,562.3
1761825600000,562.3,565.0,530.7,535.8
1761840000000,535.8,538.5,526.9,529.5
1761854400000,529.5,546.6,527.9,540.6
1761868800000,540.6,567.8,532.1,552.9
1761883200000,552.9,559.6,545.4,554.2
1761897600000,554.2,558.3,550.6,555.3
1761912000000,555.3,558.2,551.2,557.2
1761926400000,557.2,558.1,539.1,546.3
1761940800000,546.3,547.6,534.5,534.6
1761955200000,534.6,545.9,530.5,544.8
1761969600000,544.8,549.7,542.7,547.2
1761984000000,547.2,561.4,547.1,556.6
1761998400000,556.6,558.3,550.5,552.9
1762012800000,552.9,557.4,552.2,554.2
1762027200000,554.2,554.8,551.2,553.7
1762041600000,553.7,555.5,550.0,550.4
1762056000000,550.4,553.8,546.1,550.8
1762070400000,550.8,553.0,522.2,533.6
1762084800000,533.6,535.9,528.3,533.5
1762099200000,533.5,537.3,531.3,532.4
1762113600000,532.4,537.4,530.9,536.6
1762128000000,536.6,536.9,525.5,527.0
1762142400000,527.0,534.4,522.8,525.5
1762156800000,525.5,527.9,516.9,523.6
1762171200000,523.6,527.4,491.1,508.7
1762185600000,508.7,521.7,508.0,513.4
1762200000000,513.4,514.4,500.6,505.5
1762214400000,505.5,512.3,500.0,510.3
1762228800000,510.3,511.5,490.1,494.0
1762243200000,494.0,503.4,488.3,500.2
1762257600000,500.2,507.6,490.6,498.1
1762272000000,498.1,502.0,472.2,474.6
1762286400000,474.6,487.6,459.6,479.7
1762300800000,479.7,488.6,459.9,487.2
1762315200000,487.2,489.4,482.6,483.5
1762329600000,483.5,487.4,477.5,487.3
1762344000000,487.3,491.8,483.0,491.2
1762358400000,491.2,494.2,486.8,489.1
1762372800000,489.1,491.6,485.8,488.7
1762387200000,488.7,489.4,481.8,486.2
1762401600000,486.2,488.8,477.9,478.1
1762416000000,478.1,482.2,476.5,479.7
1762430400000,479.7,483.4,468.3,470.3
1762444800000,470.3,473.9,463.7,471.7
1762459200000,471.7,473.9,467.8,472.5
1762473600000,472.5,485.4,471.6,479.9
1762488000000,479.9,488.4,476.8,487.5
1762502400000,487.5,488.4,474.9,481.1
1762516800000,481.1,487.8,469.9,486.4
1762531200000,486.4,524.2,484.5,515.3
1762545600000,515.3,518.7,510.2,512.0
1762560000000,512.0,515.3,503.7,504.0
1762574400000,504.0,507.8,497.1,503.3
1762588800000,503.3,505.0,496.3,497.8
1762603200000,497.8,498.1,485.7,486.9
1762617600000,486.9,493.8,485.2,490.1
1762632000000,490.1,496.3,489.6,495.3
1762646400000,495.3,500.3,488.0,489.3
1762660800000,489.3,496.0,489.3,494.1
1762675200000,494.1,497.7,489.3,494.5
1762689600000,494.5,504.5,494.0,498.4
1762704000000,498.4,503.8,494.0,503.3
1762718400000,503.3,506.8,500.4,503.0
1762732800000,503.0,509.9,500.4,504.9
1762747200000,504.9,509.9,501.1,509.4
1762761600000,509.4,521.8,505.4,519.2
1762776000000,519.2,524.4,510.4,512.3
1762790400000,512.3,514.8,506.6,509.7
1762804800000,509.7,520.0,501.1,517.3
1762819200000,517.3,532.0,515.2,526.7
1762833600000,526.7,527.0,514.3,514.6
1762848000000,514.6,520.2,510.1,516.0
1762862400000,516.0,518.3,508.1,511.6
1762876800000,511.6,513.7,506.0,507.5
1762891200000,507.5,510.4,503.2,505.1
1762905600000,505.1,510.1,503.4,509.3
1762920000000,509.3,511.8,505.9,507.5
1762934400000,507.5,527.4,507.5,522.4
1762948800000,522.4,532.4,515.0,516.2
1762963200000,516.2,516.9,497.7,503.4
1762977600000,503.4,509.8,501.9,506.8
1762992000000,506.8,526.8,506.1,523.8
1763006400000,523.8,529.6,520.5,524.5
1763020800000,524.5,529.5,522.1,528.0
1763035200000,528.0,530.9,516.7,519.4
1763049600000,519.4,521.5,497.8,499.1
1763064000000,499.1,511.5,493.3,508.8
1763078400000,508.8,517.3,507.2,511.0
1763092800000,511.0,511.3,491.4,500.1
1763107200000,500.1,500.2,484.4,487.7
1763121600000,487.7,499.0,476.2,490.9
1763136000000,490.9,501.8,487.9,493.5
1763150400000,493.5,493.8,475.1,479.2
1763164800000,479.2,503.2,479.1,501.4
1763179200000,501.4,501.8,493.6,496.6
1763193600000,496.6,499.6,490.5,496.8
1763208000000,496.8,519.6,495.6,506.7
1763222400000,506.7,507.9,502.5,506.6
1763236800000,506.6,507.5,498.1,502.0
1763251200000,502.0,503.6,497.5,501.2
1763265600000,501.2,504.0,497.9,503.8
1763280000000,503.8,504.1,492.3,493.2
1763294400000,493.2,497.1,481.0,481.9
1763308800000,481.9,484.3,472.3,478.3
1763323200000,478.3,486.8,474.0,483.0
1763337600000,483.0,491.1,480.3,490.6
1763352000000,490.6,495.0,486.2,493.4
1763366400000,493.4,502.1,492.4,500.4
1763380800000,500.4,515.7,494.3,503.5
1763395200000,503.5,514.3,494.3,496.8
1763409600000,496.8,497.0,484.9,490.3
1763424000000,490.3,492.0,478.0,490.2
1763438400000,490.2,490.6,475.2,488.0
1763452800000,488.0,491.2,484.4,486.1
1763467200000,486.1,507.7,481.9,506.2
1763481600000,506.2,530.2,501.1,529.8
1763496000000,529.8,537.2,520.3,522.7
1763510400000,522.7,523.1,500.4,501.3
1763524800000,501.3,503.0,489.1,500.5
1763539200000,500.5,500.5,493.1,494.3
1763553600000,494.3,495.2,482.9,483.2
1763568000000,483.2,486.5,470.3,474.5
1763582400000,474.5,490.1,473.3,485.8
1763596800000,485.8,493.2,483.9,488.0
1763611200000,488.0,512.7,484.8,501.7
1763625600000,501.7,506.5,494.7,503.9
1763640000000,503.9,504.6,494.7,495.9
1763654400000,495.9,496.5,473.5,476.7
1763668800000,476.7,486.9,473.5,480.1
1763683200000,480.1,486.4,475.8,482.6
1763697600000,482.6,485.4,451.6,464.3
1763712000000,464.3,474.4,455.3,455.5
1763726400000,455.5,500.9,446.3,487.8
1763740800000,487.8,515.0,483.0,510.7
1763755200000,510.7,547.6,505.1,533.2
1763769600000,533.2,539.4,524.5,533.7
1763784000000,533.7,535.4,520.8,534.6
1763798400000,534.6,563.5,528.7,559.3
1763812800000,559.3,561.3,534.4,538.5
1763827200000,538.5,568.6,537.6,563.9
1763841600000,563.9,567.9,550.7,556.1
1763856000000,556.1,557.4,537.9,541.8
1763870400000,541.8,553.1,539.0,552.6
1763884800000,552.6,558.0,546.0,547.8
1763899200000,547.8,554.5,541.0,546.5
1763913600000,546.5,551.8,542.0,547.2
1763928000000,547.2,556.2,536.1,538.9
1763942400000,538.9,563.4,536.8,551.7
1763956800000,551.7,553.4,541.9,544.7
1763971200000,544.7,551.8,538.1,543.8
1763985600000,543.8,555.3,541.5,549.7
1764000000000,549.7,560.4,549.3,556.8
1764014400000,556.8,559.4,546.5,548.9
1764028800000,548.9,549.5,540.0,540.7
1764043200000,540.7,543.4,523.4,526.2
1764057600000,526.2,526.5,515.4,521.4
1764072000000,521.4,527.5,518.0,520.2
1764086400000,520.2,524.7,516.8,519.5
1764100800000,519.5,528.1,518.2,526.9
1764115200000,526.9,532.9,525.4,526.1
1764129600000,526.1,538.2,526.1,533.8
1764144000000,533.8,536.0,530.2,532.5
1764158400000,532.5,543.7,522.3,537.9
1764172800000,537.9,548.4,533.8,543.9
1764187200000,543.9,547.5,540.6,543.3
1764201600000,543.3,547.3,539.2,539.6
1764216000000,539.6,550.5,537.2,545.4
1764230400000,545.4,546.2,540.7,542.8
1764244800000,542.8,543.6,533.6,534.9
1764259200000,534.9,537.1,531.1,533.7
1764273600000,533.7,537.9,531.5,532.3
1764288000000,532.3,544.8,531.3,537.3
1764302400000,537.3,537.6,530.3,535.3
1764316800000,535.3,542.4,534.5,535.7
1764331200000,535.7,543.2,531.6,541.9
1764345600000,541.9,554.4,538.2,551.7
1764360000000,551.7,552.4,541.7,548.2
1764374400000,548.2,548.4,523.3,534.1
1764388800000,534.1,536.8,529.3,531.6
1764403200000,531.6,531.8,528.2,529.1
1764417600000,529.1,529.2,525.2,527.3
1764432000000,527.3,527.8,517.7,520.1
1764446400000,520.1,525.6,517.0,521.2
1764460800000,521.2,527.1,517.6,524.2
1764475200000,524.2,528.8,519.0,523.5
1764489600000,523.5,542.3,521.8,536.8
1764504000000,536.8,562.1,535.6,553.7
1764518400000,553.7,562.4,553.7,555.4
1764532800000,555.4,555.8,540.0,540.5
1764547200000,540.5,544.3,519.6,521.7
1764561600000,521.7,525.0,514.5,521.5
1764576000000,521.5,524.2,518.8,521.0
1764590400000,521.0,528.0,509.1,514.1
1764604800000,514.1,516.8,507.9,510.1
1764619200000,510.1,525.8,510.0,522.6
1764633600000,522.6,535.5,519.4,523.7
1764648000000,523.7,525.8,520.0,522.3
1764662400000,522.3,532.0,521.0,529.2
1764676800000,529.2,542.9,525.2,541.2
1764691200000,541.2,555.4,539.6,553.4
1764705600000,553.4,558.2,544.6,544.9
1764720000000,544.9,560.6,543.4,560.1
1764734400000,560.1,597.9,560.1,583.4
1764748800000,583.4,588.6,572.6,586.6
1764763200000,586.6,593.3,575.3,588.7
1764777600000,588.7,601.7,587.0,597.8
1764792000000,597.8,607.4,587.2,590.1
1764806400000,590.1,598.4,586.4,592.0
1764820800000,592.0,594.0,588.1,592.6
1764835200000,592.6,593.4,573.8,574.5
1764849600000,574.5,586.3,574.2,581.4
1764864000000,581.4,581.7,565.9,574.0
1764878400000,574.0,578.4,571.7,574.4
1764892800000,574.4,582.9,574.3,577.1
1764907200000,577.1,578.4,569.4,575.3
1764921600000,575.3,576.2,564.6,573.3
1764936000000,573.3,582.5,569.3,573.7
1764950400000,573.7,574.7,559.3,568.3
1764964800000,568.3,568.7,556.4,559.1
1764979200000,559.1,572.8,557.5,572.8
1764993600000,572.8,580.0,568.6,575.5
1765008000000,575.5,596.4,571.0,589.5
1765022400000,589.5,595.5,581.4,586.6
1765036800000,586.6,592.0,581.3,591.3
1765051200000,591.3,592.5,581.5,583.2
1765065600000,583.2,589.8,580.1,586.7
1765080000000,586.7,593.3,582.9,587.3
1765094400000,587.3,595.2,574.0,578.5
1765108800000,578.5,580.8,566.7,579.7
1765123200000,579.7,604.5,577.2,595.5
1765137600000,595.5,599.5,580.1,598.1
1765152000000,598.1,605.4,593.9,599.9
1765166400000,599.9,604.9,597.3,600.6
1765180800000,600.6,603.1,593.0,593.7
1765195200000,593.7,594.9,586.2,588.3
1765209600000,588.3,590.0,575.1,575.8
1765224000000,575.8,583.0,575.5,578.6
1765238400000,578.6,582.3,573.7,577.0
1765252800000,577.0,577.4,569.5,574.7
1765267200000,574.7,574.8,569.8,572.5
1765281600000,572.5,588.4,572.0,585.7
1765296000000,585.7,590.9,579.3,584.0
1765310400000,584.0,585.8,573.5,584.3
1765324800000,584.3,588.3,557.8,561.0
1765339200000,561.0,567.5,559.7,563.9
1765353600000,563.9,571.0,560.8,568.2
1765368000000,568.2,572.5,562.1,563.6
1765382400000,563.6,577.5,562.9,576.1
1765396800000,576.1,582.9,570.8,572.1
1765411200000,572.1,572.4,551.0,554.0
1765425600000,554.0,563.5,553.0,558.4
1765440000000,558.4,562.3,557.5,559.5
1765454400000,559.5,564.6,558.4,559.7
1765468800000,559.7,564.3,556.7,562.4
1765483200000,562.4,576.2,562.4,573.8
1765497600000,573.8,584.3,567.6,579.5
1765512000000,579.5,587.7,576.6,577.9
1765526400000,577.9,584.0,572.2,582.7
1765540800000,582.7,585.4,576.3,580.2
1765555200000,580.2,581.9,572.3,576.6
1765569600000,576.6,581.7,575.2,581.4
1765584000000,581.4,586.3,578.3,581.3
1765598400000,581.3,581.7,571.5,573.4
1765612800000,573.4,579.1,573.4,575.7
1765627200000,575.7,578.1,573.3,577.3
1765641600000,577.3,579.4,567.9,573.3
1765656000000,573.3,581.8,572.5,579.6
1765670400000,579.6,583.6,577.0,583.2
1765684800000,583.2,584.7,574.2,576.6
1765699200000,576.6,581.4,570.4,575.3
1765713600000,575.3,576.5,566.8,568.5
1765728000000,568.5,572.2,559.8,560.8
1765742400000,560.8,562.8,553.6,557.7
1765756800000,557.7,573.0,557.4,564.4
1765771200000,564.4,568.7,564.3,566.5
1765785600000,566.5,569.8,562.9,564.3
1765800000000,564.3,566.2,537.6,541.7
1765814400000,541.7,543.0,518.3,529.3
1765828800000,529.3,538.2,525.3,535.3
1765843200000,535.3,539.6,531.8,535.0
1765857600000,535.0,536.4,527.3,530.4
1765872000000,530.4,544.4,527.4,542.8
1765886400000,542.8,557.3,536.5,554.9
1765900800000,554.9,555.0,544.1,547.7
1765915200000,547.7,549.7,544.4,545.6
1765929600000,545.6,549.8,544.4,545.8
1765944000000,545.8,546.9,540.4,546.0
1765958400000,546.0,550.6,544.1,548.3
1765972800000,548.3,568.4,543.2,554.2
1765987200000,554.2,560.0,540.0,546.0
1766001600000,546.0,549.2,543.1,546.2
1766016000000,546.2,554.6,544.3,544.9
1766030400000,544.9,547.0,527.7,530.4
1766044800000,530.4,542.9,530.3,536.9
1766059200000,536.9,576.2,536.2,573.0
1766073600000,573.0,578.7,555.6,560.7
1766088000000,560.7,573.2,559.8,565.3
1766102400000,565.3,596.3,556.2,584.8
1766116800000,584.8,592.5,583.1,585.6
1766131200000,585.6,600.3,585.3,589.7
1766145600000,589.7,596.0,583.8,589.3
1766160000000,589.3,625.6,589.0,623.8
1766174400000,623.8,631.4,619.4,624.4
1766188800000,624.4,625.4,598.2,601.0
1766203200000,601.0,609.6,593.2,594.5
1766217600000,594.5,599.1,591.0,593.5
1766232000000,593.5,600.8,588.0,600.1
1766246400000,600.1,601.0,591.4,594.5
1766260800000,594.5,596.3,591.4,591.7
1766275200000,591.7,602.8,590.3,600.1
1766289600000,600.1,600.1,585.0,588.0
1766304000000,588.0,590.6,583.8,587.3
1766318400000,587.3,588.1,576.7,579.6
1766332800000,579.6,584.1,577.9,583.4
1766347200000,583.4,591.1,583.4,590.8
1766361600000,590.8,598.2,573.1,581.6
1766376000000,581.6,585.2,575.0,577.3
1766390400000,577.3,594.0,577.0,589.8
1766404800000,589.8,596.6,586.5,594.3
1766419200000,594.3,596.6,583.2,588.1
1766433600000,588.1,591.7,586.3,589.9
1766448000000,589.9,593.4,586.9,589.7
1766462400000,589.7,589.7,577.2,581.4
1766476800000,581.4,587.5,579.1,580.3
1766491200000,580.3,580.3,570.6,576.5
1766505600000,576.5,581.0,570.3,574.8
1766520000000,574.8,578.0,571.7,572.1
1766534400000,572.1,577.4,568.1,572.8
1766548800000,572.8,576.6,570.5,572.3
1766563200000,572.3,577.9,568.9,574.7
1766577600000,574.7,580.3,564.4,568.2
1766592000000,568.2,572.6,564.6,565.3
1766606400000,565.3,569.6,563.2,568.5
1766620800000,568.5,574.2,566.3,571.8
1766635200000,571.8,575.4,569.5,574.1
1766649600000,574.1,599.3,574.1,586.2
1766664000000,586.2,595.5,585.3,593.6
1766678400000,593.6,599.6,591.5,595.0
1766692800000,595.0,596.7,585.9,589.4
1766707200000,589.4,613.9,586.1,609.6
1766721600000,609.6,610.4,596.0,599.5
1766736000000,599.5,607.4,598.2,605.5
1766750400000,605.5,607.4,594.8,601.8
1766764800000,601.8,603.3,595.4,598.3
1766779200000,598.3,601.2,590.0,594.6
1766793600000,594.6,602.7,593.0,602.0
1766808000000,602.0,603.0,598.1,600.3
1766822400000,600.3,619.8,598.9,611.1
1766836800000,611.1,622.9,609.2,620.4
1766851200000,620.4,622.2,613.7,619.6
1766865600000,619.6,625.0,617.0,622.8
1766880000000,622.8,624.0,609.3,613.9
1766894400000,613.9,627.7,612.1,620.7
1766908800000,620.7,623.0,617.0,620.0
1766923200000,620.0,637.5,618.8,631.3
1766937600000,631.3,633.2,615.4,619.9
1766952000000,619.9,622.3,614.1,621.9
1766966400000,621.9,626.5,608.5,616.0
1766980800000,616.0,620.0,614.0,616.8
1766995200000,616.8,619.5,600.9,601.1
1767009600000,601.1,606.4,598.4,601.0
1767024000000,601.0,605.3,592.4,596.8
1767038400000,596.8,601.6,594.8,598.8
1767052800000,598.8,603.7,595.5,602.8
1767067200000,602.8,607.9,595.0,597.1
1767081600000,597.1,601.4,595.1,599.7
1767096000000,599.7,605.9,598.6,602.2
1767110400000,602.2,604.8,592.5,596.3
1767124800000,596.3,598.3,590.8,595.4
1767139200000,595.4,599.4,593.8,597.9
1767153600000,597.9,601.3,595.6,600.0
1767168000000,600.0,602.8,597.2,601.7
1767182400000,601.7,602.0,594.1,595.7
1767196800000,595.7,600.5,592.7,597.4
1767211200000,597.4,603.3,595.0,599.0
1767225600000,599.0,606.1,596.2,596.5
1767240000000,596.5,597.3,593.7,594.9
1767254400000,594.9,598.3,592.9,595.6
1767268800000,595.6,595.6,586.3,590.4
1767283200000,590.4,591.7,585.4,590.4
1767297600000,590.4,594.3,590.0,592.7
1767312000000,592.7,593.3,583.3,591.7
1767326400000,591.7,595.7,588.3,594.1
1767340800000,594.1,601.0,593.0,594.9
1767355200000,594.9,599.9,587.4,591.9
1767369600000,591.9,618.0,590.1,611.6
1767384000000,611.6,612.0,603.5,609.5
1767398400000,609.5,640.3,608.1,628.2
1767412800000,628.2,638.7,621.1,626.6
1767427200000,626.6,641.7,626.0,635.6
1767441600000,635.6,642.8,628.0,631.3
1767456000000,631.3,642.2,630.4,638.8
1767470400000,638.8,664.5,637.3,654.2
1767484800000,654.2,662.4,641.4,646.1
1767499200000,646.1,649.9,639.4,641.1
1767513600000,641.1,654.2,639.7,647.6
1767528000000,647.6,649.4,634.4,641.4
1767542400000,641.4,645.5,637.3,641.7
1767556800000,641.7,643.1,637.2,638.8
1767571200000,638.8,654.8,638.7,650.4
1767585600000,650.4,666.6,650.4,661.1
1767600000000,661.1,669.3,648.9,654.1
1767614400000,654.1,654.4,642.1,649.9
1767628800000,649.9,651.4,642.9,649.4
1767643200000,649.4,654.6,643.3,645.0
1767657600000,645.0,656.7,638.7,646.1
1767672000000,646.1,649.6,641.4,641.6
1767686400000,641.6,643.8,635.3,639.4
1767700800000,639.4,641.7,623.4,630.8
1767715200000,630.8,634.7,625.7,630.7
1767729600000,630.7,640.4,630.7,637.9
1767744000000,637.9,637.9,628.2,634.1
1767758400000,634.1,634.9,629.5,633.4
1767772800000,633.4,636.0,625.6,630.2
1767787200000,630.2,634.9,626.0,627.4
1767801600000,627.4,633.0,621.1,628.1
1767816000000,628.1,632.3,626.9,628.9
1767830400000,628.9,653.3,627.6,638.8
1767844800000,638.8,645.0,630.0,635.6
1767859200000,635.6,640.8,623.7,628.6
1767873600000,628.6,638.7,618.4,636.9
1767888000000,636.9,642.5,627.7,630.0
1767902400000,630.0,634.9,625.6,631.7
1767916800000,631.7,642.0,629.0,639.6
1767931200000,639.6,642.3,630.8,630.9
1767945600000,630.9,633.5,625.2,631.6
1767960000000,631.6,638.2,627.2,634.7
1767974400000,634.7,639.1,630.1,630.1
1767988800000,630.1,636.2,627.9,634.3
1768003200000,634.3,638.5,631.0,633.1
1768017600000,633.1,639.3,631.2,638.0
1768032000000,638.0,640.8,635.9,638.1
1768046400000,638.1,640.6,636.2,639.2
1768060800000,639.2,644.4,638.8,642.0
1768075200000,642.0,650.0,641.4,643.4
1768089600000,643.4,649.4,638.8,648.6
1768104000000,648.6,665.6,644.2,652.9
1768118400000,652.9,659.3,647.8,649.7
1768132800000,649.7,655.8,647.4,654.7
1768147200000,654.7,659.3,653.4,655.7
1768161600000,655.7,656.6,636.2,648.7
1768176000000,648.7,660.8,641.9,647.3
1768190400000,647.3,651.0,615.7,618.2
1768204800000,618.2,630.6,617.4,625.7
1768219200000,625.7,627.6,614.1,618.5
1768233600000,618.5,622.1,612.3,620.9
1768248000000,620.9,623.6,617.5,621.1
1768262400000,621.1,625.9,614.1,614.7
1768276800000,614.7,617.7,605.2,611.2
1768291200000,611.2,614.2,608.5,609.1
1768305600000,609.1,614.9,604.8,611.8
1768320000000,611.8,618.2,609.7,613.7
1768334400000,613.7,624.1,610.7,616.6
1768348800000,616.6,618.8,610.1,618.4
1768363200000,618.4,618.8,612.0,613.9
1768377600000,613.9,615.4,595.3,599.2
1768392000000,599.2,609.0,591.5,607.2
1768406400000,607.2,612.2,600.8,603.9
1768420800000,603.9,605.7,595.0,597.0
1768435200000,597.0,600.6,585.6,599.1
1768449600000,599.1,624.0,598.3,611.0
1768464000000,611.0,629.3,610.2,621.5
1768478400000,621.5,623.5,595.6,600.9
1768492800000,600.9,602.3,574.1,581.5
1768507200000,581.5,593.3,579.0,590.2
1768521600000,590.2,598.3,589.2,593.1
1768536000000,593.1,602.0,590.9,600.6
1768550400000,600.6,601.2,596.4,599.4
1768564800000,599.4,601.4,594.1,599.2
1768579200000,599.2,606.7,597.0,600.3
1768593600000,600.3,602.0,598.2,598.8
1768608000000,598.8,602.1,595.5,595.9
1768622400000,595.9,596.0,588.6,592.1
1768636800000,592.1,596.7,591.5,595.3
1768651200000,595.3,600.2,594.5,597.6
1768665600000,597.6,597.6,591.7,593.3
1768680000000,593.3,594.3,590.8,593.5
1768694400000,593.5,595.4,590.2,594.5
1768708800000,594.5,595.9,593.0,594.9
1768723200000,594.9,596.6,591.1,591.3
1768737600000,591.3,593.0,587.3,592.2
1768752000000,592.2,594.3,588.9,592.5
1768766400000,592.5,601.4,590.5,591.0
1768780800000,591.0,594.0,562.0,589.3
1768795200000,589.3,591.0,587.4,590.6
1768809600000,590.6,592.2,588.0,589.6
1768824000000,589.6,594.4,588.4,590.4
1768838400000,590.4,591.8,588.6,589.1
1768852800000,589.1,590.3,579.8,583.5
1768867200000,583.5,586.6,577.2,581.5
1768881600000,581.5,582.3,573.3,578.7
1768896000000,578.7,579.4,572.2,577.7
1768910400000,577.7,578.4,568.3,570.9
1768924800000,570.9,572.2,567.4,570.6
1768939200000,570.6,580.1,563.7,572.7
1768953600000,572.7,591.4,572.1,589.2
1768968000000,589.2,597.6,585.9,592.0
1768982400000,592.0,597.3,590.9,592.5
1768996800000,592.5,593.3,581.4,590.8
1769011200000,590.8,591.0,569.5,588.6
1769025600000,588.6,592.5,583.5,584.2
1769040000000,584.2,600.0,584.1,593.0
1769054400000,593.0,600.0,589.6,596.4
1769068800000,596.4,599.6,594.2,594.8
1769083200000,594.8,598.8,589.2,594.2
1769097600000,594.2,603.4,592.3,602.5
1769112000000,602.5,602.9,594.5,598.6
1769126400000,598.6,600.8,595.2,598.3
1769140800000,598.3,598.7,593.8,594.1
1769155200000,594.1,596.1,591.4,594.7
1769169600000,594.7,598.8,589.7,593.7
1769184000000,593.7,599.2,591.4,592.7
1769198400000,592.7,595.5,585.9,595.1
1769212800000,595.1,596.4,591.8,593.1
1769227200000,593.1,597.1,590.1,593.1
1769241600000,593.1,598.6,592.3,597.2
1769256000000,597.2,598.6,594.7,595.9
1769270400000,595.9,596.5,592.1,594.3
1769284800000,594.3,595.0,593.0,593.1
1769299200000,593.1,595.5,590.7,591.7
1769313600000,591.7,594.2,590.4,590.9
1769328000000,590.9,592.5,586.1,586.6
1769342400000,586.6,587.4,578.5,581.9
1769356800000,581.9,581.9,566.2,568.5
1769371200000,568.5,572.4,563.1,571.8
1769385600000,571.8,582.6,570.7,574.7
1769400000000,574.7,580.5,574.4,580.1
1769414400000,580.1,583.0,575.0,576.8
1769428800000,576.8,583.0,575.1,577.2
1769443200000,577.2,581.8,573.3,577.1
1769457600000,577.1,580.6,574.9,578.2
1769472000000,578.2,598.6,577.1,592.7
1769486400000,592.7,593.1,587.0,589.1
1769500800000,589.1,593.9,587.0,590.0
1769515200000,590.0,591.7,585.7,589.1
1769529600000,589.1,596.4,587.8,595.4
1769544000000,595.4,603.7,595.1,599.6
1769558400000,599.6,601.6,595.0,598.7
1769572800000,598.7,599.2,590.3,592.7
1769587200000,592.7,598.1,590.9,597.5
1769601600000,597.5,599.4,589.8,591.7
1769616000000,591.7,595.6,589.0,592.2
1769630400000,592.2,594.2,589.0,590.8
1769644800000,590.8,591.2,580.2,581.3
1769659200000,581.3,582.9,578.2,582.1
1769673600000,582.1,583.3,576.5,576.8
1769688000000,576.8,577.4,546.9,552.3
1769702400000,552.3,562.7,549.6,553.6
1769716800000,553.6,558.4,552.9,553.8
1769731200000,553.8,554.9,533.2,544.6
1769745600000,544.6,550.4,538.7,548.7
1769760000000,548.7,552.9,543.1,552.3
1769774400000,552.3,556.6,547.3,551.1
1769788800000,551.1,559.4,543.8,556.0
1769803200000,556.0,556.1,550.5,552.9
1769817600000,552.9,553.7,547.4,548.0
1769832000000,548.0,549.2,539.0,542.2
1769846400000,542.2,542.3,532.3,534.0
1769860800000,534.0,536.9,515.3,519.4
1769875200000,519.4,524.7,465.8,486.4
1769889600000,486.4,509.2,480.2,507.1
1769904000000,507.1,519.9,505.8,517.6
1769918400000,517.6,528.6,513.5,525.7
1769932800000,525.7,536.5,522.1,535.2
1769947200000,535.2,538.1,516.8,521.6
1769961600000,521.6,531.3,515.8,520.0
1769976000000,520.0,526.1,508.9,515.6
1769990400000,515.6,526.3,496.8,510.3
1770004800000,510.3,516.5,497.4,511.5
1770019200000,511.5,530.8,511.5,524.1
1770033600000,524.1,542.9,523.1,540.1
1770048000000,540.1,543.9,534.1,535.8
1770062400000,535.8,541.2,533.5,539.3
1770076800000,539.3,540.4,525.9,532.5
1770091200000,532.5,535.2,524.2,529.7
1770105600000,529.7,532.3,524.1,526.2
1770120000000,526.2,532.9,519.7,532.7
1770134400000,532.7,533.0,509.1,527.6
1770148800000,527.6,542.2,522.7,526.4
1770163200000,526.4,537.5,525.2,533.4
1770177600000,533.4,533.9,528.0,530.9
1770192000000,530.9,531.4,521.4,529.0
1770206400000,529.0,530.0,514.9,520.2
1770220800000,520.2,539.6,514.6,538.5
1770235200000,538.5,539.0,524.4,531.9
1770249600000,531.9,542.4,528.3,529.3
1770264000000,529.3,532.6,515.0,526.2
1770278400000,526.2,533.0,508.2,511.2
1770292800000,511.2,513.4,482.3,489.0
1770307200000,489.0,498.4,472.0,474.1
1770321600000,474.1,478.1,452.3,453.5
1770336000000,453.5,465.0,422.7,451.1
1770350400000,451.1,473.9,449.1,465.7
1770364800000,465.7,474.8,464.9,472.4
1770379200000,472.4,504.1,468.8,491.2
1770393600000,491.2,506.2,489.5,501.3
1770408000000,501.3,541.9,497.1,522.7
1770422400000,522.7,535.4,518.3,525.7
1770436800000,525.7,533.1,512.5,519.7
1770451200000,519.7,525.6,514.0,517.8
1770465600000,517.8,530.6,517.5,526.9
1770480000000,526.9,535.7,520.9,534.1
1770494400000,534.1,539.8,519.9,524.8
1770508800000,524.8,526.5,518.6,519.1
1770523200000,519.1,524.0,516.4,523.4
1770537600000,523.4,532.1,520.9,526.7
1770552000000,526.7,540.3,524.5,530.3
1770566400000,530.3,532.9,522.6,532.0
1770580800000,532.0,535.5,523.3,526.5
1770595200000,526.5,531.1,521.4,528.9
1770609600000,528.9,530.4,520.7,521.0
1770624000000,521.0,521.9,510.7,517.6
1770638400000,517.6,524.7,513.5,524.4
1770652800000,524.4,535.0,523.3,534.9
1770667200000,534.9,537.7,528.5,532.6
1770681600000,532.6,533.9,519.7,523.2
1770696000000,523.2,527.4,517.7,520.0
1770710400000,520.0,531.9,519.3,529.1
1770724800000,529.1,531.4,511.2,517.3
1770739200000,517.3,522.7,512.8,520.0
1770753600000,520.0,526.1,517.8,524.1
1770768000000,524.1,527.8,517.9,520.6
1770782400000,520.6,522.3,513.3,517.3
1770796800000,517.3,517.4,507.9,513.5
1770811200000,513.5,522.8,506.8,510.6
1770825600000,510.6,520.4,509.6,518.5
1770840000000,518.5,524.0,512.0,515.7
1770854400000,515.7,520.7,513.6,515.1
1770868800000,515.1,515.3,504.5,510.5
1770883200000,510.5,515.6,507.7,513.6
1770897600000,513.6,518.0,502.5,503.2
1770912000000,503.2,505.2,493.4,501.5
1770926400000,501.5,508.2,496.9,502.7
1770940800000,502.7,513.7,499.6,512.3
1770955200000,512.3,514.6,507.3,511.7
1770969600000,511.7,528.8,511.6,527.4
1770984000000,527.4,546.9,523.4,543.9
1770998400000,543.9,559.5,541.4,557.6
1771012800000,557.6,571.8,549.4,563.6
1771027200000,563.6,567.2,559.8,563.2
1771041600000,563.2,564.5,557.7,562.7
1771056000000,562.7,572.4,562.4,564.7
1771070400000,564.7,565.0,556.5,564.0
1771084800000,564.0,569.2,561.1,568.5
1771099200000,568.5,568.9,561.6,562.5
1771113600000,562.5,565.4,555.6,562.6
1771128000000,562.6,566.0,560.3,560.9
1771142400000,560.9,562.5,555.7,560.3
1771156800000,560.3,561.9,550.8,557.7
1771171200000,557.7,558.9,549.9,552.1
1771185600000,552.1,558.2,550.8,553.2
1771200000000,553.2,562.7,552.8,562.6
1771214400000,562.6,570.8,555.0,557.2
1771228800000,557.2,559.1,553.7,558.0
1771243200000,558.0,570.1,550.8,555.9
1771257600000,555.9,575.9,555.6,570.8
1771272000000,570.8,581.0,566.6,568.9
1771286400000,568.9,577.6,564.7,566.0
1771300800000,566.0,566.6,557.9,559.6
1771315200000,559.6,560.4,555.6,557.3
1771329600000,557.3,566.5,548.9,557.7
1771344000000,557.7,570.7,557.6,566.6
1771358400000,566.6,569.5,561.6,563.0
1771372800000,563.0,564.5,556.0,563.7
1771387200000,563.7,570.0,563.5,566.4
1771401600000,566.4,569.3,555.8,558.5
1771416000000,558.5,563.0,551.1,559.6
1771430400000,559.6,564.5,552.5,554.0
1771444800000,554.0,557.7,549.6,557.4
1771459200000,557.4,560.5,554.5,557.0
1771473600000,557.0,564.5,554.0,561.5
1771488000000,561.5,561.5,544.1,547.2
1771502400000,547.2,551.2,538.4,548.9
1771516800000,548.9,563.2,545.9,559.1
1771531200000,559.1,564.0,555.3,560.1
1771545600000,560.1,563.4,558.3,561.4
1771560000000,561.4,564.2,553.8,558.7
1771574400000,558.7,560.8,551.9,553.0
1771588800000,553.0,559.2,539.9,555.4
1771603200000,555.4,570.3,553.9,559.9
1771617600000,559.9,562.7,555.4,562.0
1771632000000,562.0,567.6,558.2,564.9
1771646400000,564.9,567.7,562.0,564.8
1771660800000,564.8,571.0,562.9,567.3
1771675200000,567.3,576.0,566.3,572.7
1771689600000,572.7,573.1,562.1,563.8
1771704000000,563.8,565.6,562.8,563.8
1771718400000,563.8,570.3,558.7,569.2
1771732800000,569.2,586.4,565.7,580.3
1771747200000,580.3,580.7,567.0,575.2
1771761600000,575.2,575.3,567.7,568.9
1771776000000,568.9,575.9,565.2,566.7
1771790400000,566.7,574.0,566.2,570.1
1771804800000,570.1,570.4,538.1,539.7
1771819200000,539.7,544.0,537.7,542.3
1771833600000,542.3,545.8,537.3,539.7
1771848000000,539.7,540.4,529.4,534.9
1771862400000,534.9,535.1,509.0,509.9
1771876800000,509.9,510.3,486.8,495.2
1771891200000,495.2,498.8,482.9,484.3
1771905600000,484.3,492.2,480.7,481.0
1771920000000,481.0,486.0,475.9,478.8
1771934400000,478.8,481.5,472.4,475.3
1771948800000,475.3,494.2,470.4,482.6
1771963200000,482.6,486.1,479.9,484.2
1771977600000,484.2,506.0,483.4,499.0
1771992000000,499.0,500.8,486.8,490.5
1772006400000,490.5,494.3,485.5,486.9
1772020800000,486.9,520.1,486.6,517.1
1772035200000,517.1,519.5,510.4,515.4
1772049600000,515.4,517.6,490.3,492.4
1772064000000,492.4,502.0,490.3,499.6
1772078400000,499.6,505.5,498.5,501.3
1772092800000,501.3,502.8,496.2,500.6
1772107200000,500.6,502.1,485.6,489.2
1772121600000,489.2,489.7,478.8,482.2
1772136000000,482.2,483.3,475.2,477.9
1772150400000,477.9,482.0,474.9,480.7
1772164800000,480.7,490.3,478.1,481.2
1772179200000,481.2,485.7,470.7,474.1
1772193600000,474.1,475.2,461.0,465.2
1772208000000,465.2,468.1,460.4,463.0
1772222400000,463.0,464.8,454.8,461.1
1772236800000,461.1,464.2,460.0,461.6
1772251200000,461.6,461.7,440.4,446.0
1772265600000,446.0,448.3,439.1,444.8
1772280000000,444.8,452.3,441.5,444.2
1772294400000,444.2,451.6,440.6,448.6
1772308800000,448.6,467.9,447.2,457.1
1772323200000,457.1,466.4,451.0,460.7
1772337600000,460.7,461.5,449.2,452.5
1772352000000,452.5,453.5,444.1,446.0
1772366400000,446.0,453.5,444.7,446.9
1772380800000,446.9,449.3,433.5,436.6
1772395200000,436.6,444.8,431.4,441.2
1772409600000,441.2,453.9,440.7,449.9
1772424000000,449.9,453.3,439.7,440.4
1772438400000,440.4,445.5,435.8,437.4
1772452800000,437.4,451.6,436.7,447.0
1772467200000,447.0,452.9,441.3,444.1
1772481600000,444.1,450.2,439.8,444.7
1772496000000,444.7,447.8,439.2,443.8
1772510400000,443.8,448.1,439.7,444.1
1772524800000,444.1,444.1,434.2,437.5
1772539200000,437.5,441.3,431.9,440.0
1772553600000,440.0,445.4,436.2,441.3
1772568000000,441.3,449.8,437.9,443.6
1772582400000,443.6,445.1,439.3,442.2
1772596800000,442.2,456.5,438.7,451.9
1772611200000,451.9,462.4,449.3,458.2
1772625600000,458.2,472.8,452.6,472.5
1772640000000,472.5,476.4,463.4,471.2
1772654400000,471.2,471.8,464.3,466.7
1772668800000,466.7,466.7,456.3,460.0
1772683200000,460.0,464.1,456.2,458.5
1772697600000,458.5,467.8,457.7,462.7
1772712000000,462.7,464.5,457.4,458.8
1772726400000,458.8,462.7,453.7,456.6
1772740800000,456.6,463.9,456.6,461.3
1772755200000,461.3,463.1,457.6,459.8
1772769600000,459.8,460.3,455.7,459.3
1772784000000,459.3,459.5,452.7,452.8
1772798400000,452.8,453.6,441.4,442.8
1772812800000,442.8,452.8,441.8,449.6
1772827200000,449.6,451.2,447.7,449.2
1772841600000,449.2,451.9,447.5,448.5
1772856000000,448.5,449.5,446.3,448.4
1772870400000,448.4,452.1,448.2,450.4
1772884800000,450.4,452.4,448.2,450.0
1772899200000,450.0,451.9,445.4,446.2
1772913600000,446.2,453.8,445.6,449.7
1772928000000,449.7,450.9,445.2,447.8
1772942400000,447.8,450.2,446.0,449.6
1772956800000,449.6,455.0,448.0,448.5
1772971200000,448.5,449.8,444.6,446.7
1772985600000,446.7,448.2,442.7,446.8
1773000000000,446.8,449.5,439.8,442.7
1773014400000,442.7,454.3,442.5,450.4
1773028800000,450.4,452.4,444.2,447.0
1773043200000,447.0,451.1,445.7,449.4
1773057600000,449.4,456.3,445.1,448.3
1773072000000,448.3,453.7,448.0,450.0
1773086400000,450.0,451.2,443.3,444.2
1773100800000,444.2,454.0,443.4,446.6
1773115200000,446.6,449.1,442.3,445.8
1773129600000,445.8,451.6,445.1,446.5
1773144000000,446.5,451.8,442.0,450.3
1773158400000,450.3,452.5,443.7,445.2
1773172800000,445.2,447.2,443.5,446.6
1773187200000,446.6,449.5,445.3,447.5
1773201600000,447.5,453.0,446.2,449.0
1773216000000,449.0,450.2,446.7,447.8
1773230400000,447.8,460.8,446.4,455.1
1773244800000,455.1,458.6,454.7,457.6
1773259200000,457.6,460.2,454.3,454.7
1773273600000,454.7,458.1,451.4,453.1
1773288000000,453.1,455.6,452.5,455.1
1773302400000,455.1,460.2,453.6,457.8
1773316800000,457.8,461.1,452.0,456.0
1773331200000,456.0,458.1,453.4,456.0
1773345600000,456.0,457.3,452.8,454.8
1773360000000,454.8,474.8,454.4,467.6
1773374400000,467.6,470.9,463.8,465.5
1773388800000,465.5,470.9,464.5,469.9
1773403200000,469.9,477.2,462.4,463.1
1773417600000,463.1,465.4,461.2,462.8
1773432000000,462.8,464.4,459.3,460.6
1773446400000,460.6,461.5,456.1,460.6
1773460800000,460.6,462.6,456.2,458.9
1773475200000,458.9,461.6,453.8,460.0
1773489600000,460.0,463.4,456.9,461.2
1773504000000,461.2,463.7,460.8,463.4
1773518400000,463.4,468.1,462.3,467.3
1773532800000,467.3,468.6,460.7,464.8
1773547200000,464.8,466.6,463.1,464.4
1773561600000,464.4,469.3,463.7,468.1
1773576000000,468.1,468.2,459.5,462.2
1773590400000,462.2,464.2,460.3,461.1
1773604800000,461.1,470.2,460.4,469.4
1773619200000,469.4,475.0,464.9,471.3
1773633600000,471.3,474.1,468.7,471.3
1773648000000,471.3,475.7,468.7,473.8
1773662400000,473.8,479.9,473.0,475.7
1773676800000,475.7,481.9,475.2,479.4
1773691200000,479.4,483.7,476.6,478.5
1773705600000,478.5,480.9,472.5,474.9
1773720000000,474.9,475.7,470.9,473.4
1773734400000,473.4,475.5,471.0,474.6
1773748800000,474.6,477.6,470.2,472.3
1773763200000,472.3,476.8,471.6,473.9
1773777600000,473.9,475.7,469.7,470.1
1773792000000,470.1,472.2,468.9,470.2
1773806400000,470.2,472.1,468.5,469.8
1773820800000,469.8,471.1,461.5,462.2
1773835200000,462.2,462.2,446.0,448.0
1773849600000,448.0,455.3,446.2,451.8
1773864000000,451.8,457.8,450.6,456.4
1773878400000,456.4,459.8,453.3,456.7
1773892800000,456.7,458.6,449.2,455.7
1773907200000,455.7,460.0,453.8,455.2
1773921600000,455.2,459.0,451.7,453.3
1773936000000,453.3,457.9,451.4,455.9
1773950400000,455.9,458.2,453.3,455.1
1773964800000,455.1,464.9,454.6,464.3
1773979200000,464.3,467.6,460.2,466.6
1773993600000,466.6,470.5,457.8,467.1
1774008000000,467.1,471.9,463.7,468.8
1774022400000,468.8,469.8,464.2,468.5
1774036800000,468.5,476.0,464.8,474.1
1774051200000,474.1,476.9,469.4,470.5
1774065600000,470.5,471.8,465.1,467.7
1774080000000,467.7,469.9,466.2,467.5
1774094400000,467.5,469.9,465.4,465.9
1774108800000,465.9,469.9,465.2,467.4
1774123200000,467.4,469.0,459.3,462.2
1774137600000,462.2,467.9,457.0,464.3
1774152000000,464.3,468.8,463.6,464.3
1774166400000,464.3,468.3,462.7,464.8
1774180800000,464.8,469.7,464.7,468.4
1774195200000,468.4,469.1,464.6,465.1
1774209600000,465.1,471.2,460.6,467.2
1774224000000,467.2,472.7,463.7,468.4
1774238400000,468.4,468.9,462.3,466.0
1774252800000,466.0,485.8,463.8,475.6
1774267200000,475.6,484.1,474.1,477.7
1774281600000,477.7,480.3,475.1,476.4
1774296000000,476.4,479.8,475.4,477.5
1774310400000,477.5,478.3,470.9,473.7
1774324800000,473.7,476.8,472.0,476.3
1774339200000,476.3,479.5,468.0,472.9
1774353600000,472.9,474.5,469.4,474.0
1774368000000,474.0,475.2,470.8,473.7
1774382400000,473.7,478.1,472.5,477.0
1774396800000,477.0,478.9,475.8,478.7
1774411200000,478.7,479.8,474.6,477.8
1774425600000,477.8,479.9,476.6,477.2
1774440000000,477.2,478.4,472.6,475.9
1774454400000,475.9,479.0,473.0,473.7
1774468800000,473.7,474.5,470.9,473.3
1774483200000,473.3,473.6,469.5,470.2
1774497600000,470.2,472.8,464.2,466.6
1774512000000,466.6,468.0,460.7,461.5
1774526400000,461.5,464.9,460.7,461.4
1774540800000,461.4,463.7,458.5,459.7
1774555200000,459.7,464.1,459.3,461.7
1774569600000,461.7,465.6,461.4,463.5
1774584000000,463.5,473.0,457.4,458.0
1774598400000,458.0,468.0,457.9,461.4
1774612800000,461.4,469.3,460.0,466.3
1774627200000,466.3,471.1,463.5,465.8
1774641600000,465.8,472.7,465.5,472.2
1774656000000,472.2,476.7,471.2,474.5
1774670400000,474.5,479.7,470.3,479.2
1774684800000,479.2,479.8,473.8,477.4
1774699200000,477.4,483.5,475.5,482.2
1774713600000,482.2,483.5,480.7,482.0
1774728000000,482.0,483.0,477.6,480.5
1774742400000,480.5,484.0,480.1,483.3
1774756800000,483.3,484.1,481.1,482.2
1774771200000,482.2,483.6,480.4,482.0
1774785600000,482.0,482.3,457.3,458.8
1774800000000,458.8,458.8,449.0,454.2
1774814400000,454.2,455.3,445.1,452.3
1774828800000,452.3,460.0,450.3,456.4
1774843200000,456.4,456.5,451.5,453.0
1774857600000,453.0,458.0,452.1,456.1
1774872000000,456.1,466.0,455.3,464.8
1774886400000,464.8,467.1,456.7,459.0
1774900800000,459.0,463.1,457.0,459.9
1774915200000,459.9,468.2,459.7,466.5
1774929600000,466.5,470.5,464.7,469.8
1774944000000,469.8,471.8,464.2,466.7
1774958400000,466.7,475.1,464.7,469.4
1774972800000,469.4,478.1,469.0,470.5
1774987200000,470.5,471.8,463.4,466.3
1775001600000,466.3,466.4,460.0,462.8
1775016000000,462.8,466.0,459.6,460.1
1775030400000,460.1,463.4,457.8,462.1
1775044800000,462.1,462.6,457.3,458.8
1775059200000,458.8,460.2,455.0,455.3
1775073600000,455.3,455.8,453.4,454.9
1775088000000,454.9,455.4,444.5,444.8
1775102400000,444.8,445.8,439.3,441.2
1775116800000,441.2,445.7,441.0,443.8
1775131200000,443.8,448.7,440.7,442.3
1775145600000,442.3,445.1,439.0,442.2
1775160000000,442.2,445.2,441.2,443.9
1775174400000,443.9,445.1,442.4,444.6
1775188800000,444.6,446.3,443.3,444.4
1775203200000,444.4,445.3,440.6,443.2
1775217600000,443.2,445.6,439.6,440.2
1775232000000,440.2,442.5,439.2,441.5
1775246400000,441.5,444.3,441.1,442.7
1775260800000,442.7,443.7,441.7,443.3
1775275200000,443.3,444.0,442.0,442.5
1775289600000,442.5,443.8,441.6,442.3
1775304000000,442.3,444.9,442.0,442.3
1775318400000,442.3,442.8,440.5,440.8
1775332800000,440.8,442.6,440.5,440.7
1775347200000,440.7,441.9,439.5,440.0
1775361600000,440.0,440.5,433.6,435.2
1775376000000,435.2,436.0,432.3,432.7
1775390400000,432.7,432.9,420.2,421.0
1775404800000,421.0,427.9,420.7,425.2
1775419200000,425.2,429.0,421.5,428.1
1775433600000,428.1,435.0,428.1,432.6
1775448000000,432.6,436.7,431.9,435.8
1775462400000,435.8,440.4,435.6,438.7
1775476800000,438.7,439.8,436.5,438.0
1775491200000,438.0,438.3,435.2,436.2
1775505600000,436.2,438.6,432.2,434.8
1775520000000,434.8,437.8,430.3,432.2
1775534400000,432.2,433.2,429.5,430.7
1775548800000,430.7,434.2,430.2,432.1
1775563200000,432.1,435.6,429.7,432.9
1775577600000,432.9,436.3,432.0,435.4
1775592000000,435.4,448.1,435.3,445.6
1775606400000,445.6,446.1,441.6,442.7
1775620800000,442.7,445.5,442.4,443.8
1775635200000,443.8,447.3,443.7,445.3
1775649600000,445.3,449.5,441.8,444.7
1775664000000,444.7,445.8,442.0,442.3
1775678400000,442.3,444.3,439.8,441.1
1775692800000,441.1,441.8,439.6,440.6
1775707200000,440.6,445.5,437.9,443.5
1775721600000,443.5,444.1,439.8,440.8
1775736000000,440.8,441.8,432.9,440.9
1775750400000,440.9,446.5,440.1,444.6
1775764800000,444.6,446.5,442.4,442.9
1775779200000,442.9,446.1,441.9,442.8
1775793600000,442.8,443.5,436.7,436.9
1775808000000,436.9,442.3,434.0,442.1
1775822400000,442.1,445.0,440.5,442.5
1775836800000,442.5,446.8,442.4,445.6
1775851200000,445.6,446.1,443.2,443.5
1775865600000,443.5,444.9,442.5,442.8
1775880000000,442.8,443.1,438.5,440.0
1775894400000,440.0,441.8,438.3,439.7
1775908800000,439.7,440.4,437.5,438.2
1775923200000,438.2,441.1,437.7,440.6
1775937600000,440.6,440.8,436.1,437.2
1775952000000,437.2,437.8,424.3,426.4
1775966400000,426.4,427.0,422.4,425.1
1775980800000,425.1,426.2,423.2,425.3
1775995200000,425.3,425.4,421.3,422.0
1776009600000,422.0,423.5,421.2,423.1
1776024000000,423.1,425.4,417.9,420.9
1776038400000,420.9,425.7,420.7,425.5
1776052800000,425.5,427.4,423.8,424.4
1776067200000,424.4,426.1,422.8,425.7
1776081600000,425.7,428.0,424.3,426.1
1776096000000,426.1,428.2,424.6,427.9
1776110400000,427.9,440.5,426.3,438.0
1776124800000,438.0,438.5,433.7,434.5
1776139200000,434.5,438.2,434.4,435.6
1776153600000,435.6,439.5,435.0,439.1
1776168000000,439.1,443.9,436.9,441.0
1776182400000,441.0,442.8,433.2,434.2
1776196800000,434.2,437.0,433.8,436.0
1776211200000,436.0,438.3,433.9,434.8
1776225600000,434.8,435.3,428.0,428.4
1776240000000,428.4,436.6,427.4,435.1
1776254400000,435.1,437.4,432.0,434.4
1776268800000,434.4,443.2,434.0,441.7
1776283200000,441.7,442.1,438.1,440.6
1776297600000,440.6,443.8,439.0,442.5
1776312000000,442.5,443.7,440.2,441.1
1776326400000,441.1,441.2,438.3,439.7
1776340800000,439.7,442.7,433.7,441.2
1776355200000,441.2,447.1,438.5,446.8
1776369600000,446.8,457.4,444.7,454.6
1776384000000,454.6,458.1,449.2,449.3
1776398400000,449.3,451.3,447.2,449.3
1776412800000,449.3,451.5,446.3,449.5
1776427200000,449.5,461.7,448.8,458.1
1776441600000,458.1,460.3,453.2,454.6
1776456000000,454.6,455.8,451.5,453.1
1776470400000,453.1,455.6,452.0,453.7
1776484800000,453.7,454.5,451.9,452.9
1776499200000,452.9,453.2,443.8,445.0
1776513600000,445.0,447.7,444.0,445.5
1776528000000,445.5,447.5,443.0,443.9
1776542400000,443.9,444.9,443.0,443.4
1776556800000,443.4,445.7,443.1,444.6
1776571200000,444.6,445.3,439.0,441.5
1776585600000,441.5,442.5,437.6,440.6
1776600000000,440.6,444.2,439.8,442.6
1776614400000,442.6,442.8,437.5,440.0
1776628800000,440.0,440.2,433.5,434.7
1776643200000,434.7,438.9,434.6,438.3
1776657600000,438.3,442.6,435.9,440.9
1776672000000,440.9,442.7,439.7,440.0
1776686400000,440.0,443.6,438.9,442.4
1776700800000,442.4,445.0,440.0,444.1
1776715200000,444.1,446.1,443.2,443.5
1776729600000,443.5,444.8,441.0,441.8
1776744000000,441.8,444.7,441.0,444.4
1776758400000,444.4,446.7,442.7,445.0
1776772800000,445.0,447.2,443.0,445.4
1776787200000,445.4,447.6,440.0,441.0
1776801600000,441.0,449.2,440.5,448.2
1776816000000,448.2,453.8,447.4,452.9
1776830400000,452.9,470.7,452.9,469.6
1776844800000,469.6,473.7,465.9,466.6
1776859200000,466.6,467.1,461.6,464.8
1776873600000,464.8,466.5,461.9,462.7
1776888000000,462.7,463.7,460.0,460.1
1776902400000,460.1,460.6,453.7,454.7
1776916800000,454.7,457.2,454.2,454.9
1776931200000,454.9,456.3,451.9,455.6
1776945600000,455.6,459.4,454.4,458.0
1776960000000,458.0,458.6,453.2,456.9
1776974400000,456.9,460.5,456.7,460.4
1776988800000,460.4,461.4,455.7,456.4
1777003200000,456.4,457.6,455.2,455.8
1777017600000,455.8,458.1,454.1,457.2
1777032000000,457.2,460.8,456.3,459.9
1777046400000,459.9,460.6,456.0,456.2
1777060800000,456.2,458.3,454.6,456.0
1777075200000,456.0,456.3,454.1,455.2
1777089600000,455.2,455.8,453.9,454.3
1777104000000,454.3,455.1,452.5,453.4
1777118400000,453.4,455.1,452.8,453.5
1777132800000,453.5,454.2,451.9,452.4
1777147200000,452.4,454.3,451.7,452.8
1777161600000,452.8,453.4,451.0,451.9
1777176000000,451.9,455.3,451.8,453.4
1777190400000,453.4,454.0,451.9,452.5
1777204800000,452.5,452.5,450.0,451.9
1777219200000,451.9,453.9,450.3,453.7
1777233600000,453.7,455.5,452.5,454.6
1777248000000,454.6,457.7,453.0,455.4
1777262400000,455.4,456.2,446.1,446.6
1777276800000,446.6,448.4,445.9,447.6
1777291200000,447.6,455.5,447.3,451.1
1777305600000,451.1,451.1,446.6,448.2
1777320000000,448.2,449.9,447.5,449.5
1777334400000,449.5,451.6,446.7,447.6
1777348800000,447.6,449.1,444.2,446.4
1777363200000,446.4,447.9,445.8,446.4
1777377600000,446.4,447.9,442.2,445.9
1777392000000,445.9,449.9,445.2,449.6
1777406400000,449.6,453.8,449.6,453.3
1777420800000,453.3,454.6,451.1,453.3
1777435200000,453.3,455.5,452.3,453.0
1777449600000,453.0,455.1,451.9,453.9
1777464000000,453.9,453.9,446.1,446.5
1777478400000,446.5,449.1,441.5,445.1
1777492800000,445.1,448.0,444.7,447.2
1777507200000,447.2,448.9,445.1,446.6
1777521600000,446.6,446.8,441.7,445.3
1777536000000,445.3,447.0,443.1,444.3
1777550400000,444.3,445.7,440.8,443.9
1777564800000,443.9,444.0,440.1,440.8
1777579200000,440.8,441.9,440.2,440.6
1777593600000,440.6,444.5,440.6,444.0
