open_time_ms,open,high,low,close
1616054400000,36.005,36.71,36.005,36.315
1616068800000,36.315,36.895,35.87,36.71
1616083200000,36.71,37.005,35.58,35.635
1616097600000,35.635,35.995,35.34,35.505
1616112000000,35.505,35.625,34.725,35.515
1616126400000,35.515,36.76,35.255,36.015
1616140800000,36.015,36.585,35.875,36.46
1616155200000,36.46,38.82,36.46,38.465
1616169600000,38.465,38.835,37.87,38.22
1616184000000,38.22,38.92,37.925,38.165
1616198400000,38.165,40.08,37.815,39.78
1616212800000,39.78,39.79,38.84,39.06
1616227200000,39.06,39.65,39.06,39.445
1616241600000,39.445,40.19,39.1,39.875
1616256000000,39.875,40.095,39.265,39.36
1616270400000,39.36,39.36,37.205,37.24
1616284800000,37.24,38.125,36.585,37.565
1616299200000,37.565,37.655,36.47,36.92
1616313600000,36.92,37.41,36.18,36.54
1616328000000,36.54,37.31,36.165,36.89
1616342400000,36.89,37.48,36.545,37.23
1616356800000,37.23,37.455,36.645,36.76
1616371200000,36.76,37.27,35.71,37.245
1616385600000,37.245,37.305,36.925,37.23
1616400000000,37.23,37.835,36.25,37.74
1616414400000,37.74,37.765,37.02,37.465
1616428800000,37.465,37.645,36.365,36.455
1616443200000,36.455,36.715,35.04,35.25
1616457600000,35.25,36.31,35.01,36.2
1616472000000,36.2,36.22,34.485,35.095
1616486400000,35.095,35.335,34.695,34.785
1616500800000,34.785,35.475,34.785,34.99
1616515200000,34.99,35.49,34.705,35.1
1616529600000,35.1,35.1,34.05,34.23
1616544000000,34.23,34.445,33.465,34.3
1616558400000,34.3,35.46,34.01,35.155
1616572800000,35.155,35.88,35.155,35.75
1616587200000,35.75,36.155,35.525,35.655
1616601600000,35.655,35.77,33.67,33.785
1616616000000,33.785,33.825,27.26,30.275
1616630400000,30.275,30.81,28.395,30.11
1616644800000,30.11,31.23,29.615,29.86
1616659200000,29.86,30.98,29.715,29.97
1616673600000,29.97,30.17,28.47,29.35
1616688000000,29.35,30.79,28.95,30.335
1616702400000,30.335,30.8,29.66,29.81
1616716800000,29.81,30.835,29.81,30.595
1616731200000,30.595,31.145,30.24,31.145
1616745600000,31.145,31.8,30.835,31.8
1616760000000,31.8,32.02,31.395,31.695
1616774400000,31.695,32.92,31.405,32.55
1616788800000,32.55,33.365,32.55,33.19
1616803200000,33.19,33.48,32.18,32.465
1616817600000,32.465,33.25,32.37,32.69
1616832000000,32.69,32.825,31.825,31.87
1616846400000,31.87,32.21,31.14,32.05
1616860800000,32.05,32.73,32.04,32.35
1616875200000,32.35,33.365,32.35,32.625
1616889600000,32.625,33.045,32.185,32.955
1616904000000,32.955,33.24,32.62,32.95
1616918400000,32.95,33.08,32.47,32.485
1616932800000,32.485,32.575,31.865,32.455
1616947200000,32.455,32.765,31.315,31.705
1616961600000,31.705,32.26,31.45,32.245
1616976000000,32.245,33.045,31.815,32.845
1616990400000,32.845,33.595,32.375,33.385
1617004800000,33.385,34.595,33.385,34.23
1617019200000,34.23,34.76,33.87,34.195
1617033600000,34.195,34.74,33.895,34.02
1617048000000,34.02,34.42,33.905,34.385
1617062400000,34.385,34.46,33.6,33.74
1617076800000,33.74,34.23,33.62,34.13
1617091200000,34.13,34.865,34.05,34.605
1617105600000,34.605,34.725,33.905,33.925
1617120000000,33.925,34.36,33.925,34.105
1617134400000,34.105,34.125,33.705,34.02
1617148800000,34.02,34.92,33.935,34.135
1617163200000,34.135,34.615,33.695,33.88
1617177600000,33.88,36.62,33.295,36.42
1617192000000,36.42,37.415,36.03,36.645
1617206400000,36.645,38.315,36.18,36.415
1617220800000,36.415,37.35,35.605,37.05
1617235200000,37.05,37.1,36.1,36.375
1617249600000,36.375,38.75,36.16,38.75
1617264000000,38.75,39.0,37.56,37.805
1617278400000,37.805,38.52,37.69,37.815
1617292800000,37.815,38.21,36.42,37.795
1617307200000,37.795,38.5,37.465,37.47
1617321600000,37.47,38.53,36.7,38.005
1617336000000,38.005,38.44,37.695,38.025
1617350400000,38.025,38.865,37.635,38.305
1617364800000,38.305,40.135,37.8,39.905
1617379200000,39.905,40.395,39.1,39.275
1617393600000,39.275,41.495,39.2,41.115
1617408000000,41.115,45.0,41.06,43.74
1617422400000,43.74,46.81,43.61,45.73
1617436800000,45.73,46.075,44.02,45.24
1617451200000,45.24,45.405,43.1,43.115
1617465600000,43.115,45.2,42.3,44.46
1617480000000,44.46,44.49,41.29,41.38
1617494400000,41.38,45.09,40.705,44.42
1617508800000,44.42,44.45,43.225,44.315
1617523200000,44.315,44.92,43.33,43.57
1617537600000,43.57,44.69,43.14,44.095
1617552000000,44.095,44.195,43.305,43.595
1617566400000,43.595,44.545,43.175,44.32
1617580800000,44.32,44.765,43.22,43.39
1617595200000,43.39,43.68,41.9,42.745
1617609600000,42.745,43.87,42.305,43.46
1617624000000,43.46,45.01,42.55,44.825
1617638400000,44.825,45.07,43.65,44.065
1617652800000,44.065,45.94,43.68,45.9
1617667200000,45.9,46.4,44.96,45.17
1617681600000,45.17,45.405,44.0,44.16
1617696000000,44.16,44.95,43.41,43.615
1617710400000,43.615,44.355,41.675,42.545
1617724800000,42.545,43.635,42.345,43.5
1617739200000,43.5,43.72,42.32,43.275
1617753600000,43.275,43.485,42.21,42.56
1617768000000,42.56,43.06,41.57,41.795
1617782400000,41.795,41.87,37.61,39.005
1617796800000,39.005,40.75,37.815,39.155
1617811200000,39.155,40.205,38.155,39.475
1617825600000,39.475,40.7,38.955,39.55
1617840000000,39.55,40.61,39.29,40.24
1617854400000,40.24,41.49,40.24,40.92
1617868800000,40.92,41.285,39.37,39.965
1617883200000,39.965,41.065,39.87,40.98
1617897600000,40.98,41.27,40.56,40.955
1617912000000,40.955,41.6,40.37,41.36
1617926400000,41.36,42.135,41.295,41.45
1617940800000,41.45,41.58,40.9,41.155
1617955200000,41.155,41.705,40.745,41.38
1617969600000,41.38,41.57,40.505,40.56
1617984000000,40.56,40.86,40.105,40.735
1617998400000,40.735,41.02,40.415,40.75
1618012800000,40.75,41.84,40.55,41.835
1618027200000,41.835,42.845,41.835,42.225
1618041600000,42.225,42.53,41.795,42.02
1618056000000,42.02,42.12,41.135,41.28
1618070400000,41.28,41.715,40.61,41.02
1618084800000,41.02,41.655,40.005,41.58
1618099200000,41.58,41.765,40.9,41.0
1618113600000,41.0,41.0,40.125,40.685
1618128000000,40.685,41.01,40.445,40.765
1618142400000,40.765,40.815,40.1,40.47
1618156800000,40.47,41.555,40.32,41.125
1618171200000,41.125,41.945,41.045,41.41
1618185600000,41.41,41.5,40.755,41.165
1618200000000,41.165,41.76,41.045,41.315
1618214400000,41.315,41.51,40.11,40.61
1618228800000,40.61,40.85,39.44,39.79
1618243200000,39.79,40.615,39.51,40.605
1618257600000,40.605,40.915,40.43,40.45
1618272000000,40.45,40.905,40.3,40.43
1618286400000,40.43,40.58,39.9,40.21
1618300800000,40.21,41.67,40.21,40.985
1618315200000,40.985,41.8,40.885,41.19
1618329600000,41.19,43.43,41.165,42.955
1618344000000,42.955,43.475,42.06,43.02
1618358400000,43.02,44.35,42.425,44.135
1618372800000,44.135,44.69,43.3,43.61
1618387200000,43.61,44.14,42.035,43.0
1618401600000,43.0,43.01,40.14,41.62
1618416000000,41.62,42.35,40.54,41.275
1618430400000,41.275,42.925,41.06,42.545
1618444800000,42.545,43.56,42.06,43.065
1618459200000,43.065,43.235,42.53,42.53
1618473600000,42.53,42.745,41.545,41.815
1618488000000,41.815,43.585,41.81,43.0
1618502400000,43.0,44.205,42.55,43.685
1618516800000,43.685,44.37,43.215,43.395
1618531200000,43.395,43.77,42.55,43.115
1618545600000,43.115,43.165,41.72,42.55
1618560000000,42.55,43.19,40.55,41.34
1618574400000,41.34,42.05,40.015,42.045
1618588800000,42.045,42.35,41.22,41.775
1618603200000,41.775,42.31,41.365,41.405
1618617600000,41.405,43.43,41.405,43.225
1618632000000,43.225,43.4,42.545,42.77
1618646400000,42.77,48.485,42.77,45.655
1618660800000,45.655,45.655,42.315,42.975
1618675200000,42.975,44.14,42.025,43.555
1618689600000,43.555,44.16,42.07,42.095
1618704000000,42.095,42.725,31.875,35.46
1618718400000,35.46,36.82,34.34,36.38
1618732800000,36.38,36.69,34.17,34.595
1618747200000,34.595,36.76,34.585,36.525
1618761600000,36.525,37.69,36.03,37.12
1618776000000,37.12,38.085,37.05,37.35
1618790400000,37.35,38.72,36.43,38.365
1618804800000,38.365,38.405,37.37,37.86
1618819200000,37.86,38.02,35.25,36.78
1618833600000,36.78,36.88,34.0,34.495
1618848000000,34.495,35.87,34.17,35.85
1618862400000,35.85,36.07,34.76,34.76
1618876800000,34.76,34.965,32.07,33.115
1618891200000,33.115,33.91,31.52,32.435
1618905600000,32.435,34.58,32.28,34.32
1618920000000,34.32,35.095,33.595,34.275
1618934400000,34.275,35.585,33.76,35.385
1618948800000,35.385,35.79,34.465,35.45
1618963200000,35.45,35.86,34.25,34.25
1618977600000,34.25,35.07,34.0,34.84
1618992000000,34.84,34.94,33.085,33.455
1619006400000,33.455,36.285,33.24,36.26
1619020800000,36.26,36.34,35.535,36.2
1619035200000,36.2,36.2,33.63,33.84
1619049600000,33.84,34.47,32.88,33.14
1619064000000,33.14,35.225,33.11,34.64
1619078400000,34.64,35.63,33.295,35.195
1619092800000,35.195,36.105,34.89,35.835
1619107200000,35.835,36.8,33.91,34.465
1619121600000,34.465,34.485,32.82,32.99
1619136000000,32.99,33.51,26.52,30.17
1619150400000,30.17,30.375,28.38,28.69
1619164800000,28.69,31.33,28.08,30.91
1619179200000,30.91,31.815,30.22,31.47
1619193600000,31.47,32.295,31.075,31.835
1619208000000,31.835,32.5,31.3,32.25
1619222400000,32.25,32.275,30.545,31.72
1619236800000,31.72,32.385,31.35,31.6
1619251200000,31.6,32.155,29.2,29.785
1619265600000,29.785,30.53,28.59,30.07
1619280000000,30.07,30.255,28.985,30.155
1619294400000,30.155,30.37,28.81,29.01
1619308800000,29.01,29.885,28.87,29.06
1619323200000,29.06,29.7,29.01,29.425
1619337600000,29.425,30.395,29.32,30.085
1619352000000,30.085,31.295,30.085,30.93
1619366400000,30.93,31.085,29.61,29.66
1619380800000,29.66,29.885,28.12,29.78
1619395200000,29.78,32.025,29.76,31.8
1619409600000,31.8,33.27,31.42,32.5
1619424000000,32.5,33.3,31.785,33.0
1619438400000,33.0,33.235,32.235,32.62
1619452800000,32.62,33.47,31.86,33.01
1619467200000,33.01,33.485,31.975,33.42
1619481600000,33.42,34.2,33.23,33.7
1619496000000,33.7,34.705,33.43,34.065
1619510400000,34.065,34.95,33.84,34.8
1619524800000,34.8,34.805,33.21,34.09
1619539200000,34.09,34.375,33.54,33.96
1619553600000,33.96,34.865,33.95,34.81
1619568000000,34.81,35.4,33.71,33.715
1619582400000,33.715,34.145,32.63,33.335
1619596800000,33.335,34.0,32.665,33.765
1619611200000,33.765,34.15,33.115,33.295
1619625600000,33.295,33.98,33.07,33.915
1619640000000,33.915,34.26,33.205,33.96
1619654400000,33.96,34.15,33.275,33.5
1619668800000,33.5,33.99,32.85,33.76
1619683200000,33.76,34.63,33.575,34.285
1619697600000,34.285,34.525,33.56,33.78
1619712000000,33.78,33.97,33.075,33.535
1619726400000,33.535,35.97,33.155,35.96
1619740800000,35.96,36.73,35.165,36.015
1619755200000,36.015,36.795,35.815,36.36
1619769600000,36.36,36.44,35.35,35.905
1619784000000,35.905,36.45,35.67,36.215
1619798400000,36.215,36.475,35.85,36.065
1619812800000,36.065,36.595,35.76,36.575
1619827200000,36.575,37.42,36.19,37.245
1619841600000,37.245,37.395,36.5,36.685
1619856000000,36.685,36.88,35.83,36.53
1619870400000,36.53,36.765,35.93,36.285
1619884800000,36.285,37.345,36.09,37.22
1619899200000,37.22,37.365,36.34,36.93
1619913600000,36.93,37.2,35.875,35.985
1619928000000,35.985,36.52,35.51,36.095
1619942400000,36.095,37.045,35.675,36.675
1619956800000,36.675,36.93,36.225,36.435
1619971200000,36.435,36.83,36.23,36.59
1619985600000,36.59,36.975,36.235,36.69
1620000000000,36.69,37.8,36.64,37.545
1620014400000,37.545,38.305,37.435,38.185
1620028800000,38.185,38.36,37.52,37.845
1620043200000,37.845,38.2,36.73,37.135
1620057600000,37.135,38.005,36.87,37.49
1620072000000,37.49,37.58,36.74,37.29
1620086400000,37.29,37.31,35.015,35.465
1620100800000,35.465,36.37,35.31,35.86
1620115200000,35.86,37.625,35.545,37.135
1620129600000,37.135,38.06,35.37,35.39
1620144000000,35.39,36.29,34.445,36.21
1620158400000,36.21,36.24,34.655,34.795
1620172800000,34.795,36.495,34.555,36.08
1620187200000,36.08,37.46,35.72,37.395
1620201600000,37.395,38.7,36.86,38.605
1620216000000,38.605,39.805,38.535,38.89
1620230400000,38.89,39.83,38.585,39.315
1620244800000,39.315,40.795,38.77,40.47
1620259200000,40.47,41.12,39.39,39.67
1620273600000,39.67,39.955,37.92,39.035
1620288000000,39.035,40.37,38.735,40.28
1620302400000,40.28,41.51,39.775,40.08
1620316800000,40.08,44.145,39.675,41.485
1620331200000,41.485,42.63,40.755,41.66
1620345600000,41.66,42.335,39.855,40.335
1620360000000,40.335,40.99,39.6,40.135
1620374400000,40.135,41.835,39.9,41.3
1620388800000,41.3,42.665,40.71,42.13
1620403200000,42.13,42.63,40.615,40.845
1620417600000,40.845,41.165,38.29,39.825
1620432000000,39.825,40.5,39.28,39.985
1620446400000,39.985,40.365,39.28,40.16
1620460800000,40.16,40.665,39.615,39.785
1620475200000,39.785,40.25,38.87,38.9
1620489600000,38.9,39.905,38.8,39.68
1620504000000,39.68,39.99,39.22,39.92
1620518400000,39.92,40.375,39.105,39.13
1620532800000,39.13,39.595,38.22,39.185
1620547200000,39.185,40.205,39.01,39.46
1620561600000,39.46,40.1,38.25,39.845
1620576000000,39.845,40.57,39.385,39.625
1620590400000,39.625,40.55,39.53,40.325
1620604800000,40.325,41.875,40.1,41.52
1620619200000,41.52,41.875,41.005,41.005
1620633600000,41.005,41.085,39.02,39.985
1620648000000,39.985,40.205,38.82,39.77
1620662400000,39.77,39.84,35.23,36.645
1620676800000,36.645,37.15,32.055,36.42
1620691200000,36.42,37.01,35.575,36.0
1620705600000,36.0,36.915,35.76,36.835
1620720000000,36.835,37.715,36.525,36.835
1620734400000,36.835,37.87,36.58,37.65
1620748800000,37.65,38.04,37.39,37.95
1620763200000,37.95,38.7,37.51,38.695
1620777600000,38.695,41.0,38.59,40.62
1620792000000,40.62,40.97,39.63,39.75
1620806400000,39.75,40.52,38.945,40.04
1620820800000,40.04,42.65,39.015,39.835
1620835200000,39.835,40.41,37.28,38.845
1620849600000,38.845,39.685,33.695,35.04
1620864000000,35.04,37.43,32.83,36.695
1620878400000,36.695,41.875,36.625,40.29
1620892800000,40.29,40.53,36.24,38.96
1620907200000,38.96,40.95,38.48,39.47
1620921600000,39.47,41.71,37.225,39.285
1620936000000,39.285,40.775,38.745,40.03
1620950400000,40.03,41.89,39.745,40.025
1620964800000,40.025,40.835,39.5,40.295
1620979200000,40.295,41.895,40.295,41.3
1620993600000,41.3,44.855,40.645,44.385
1621008000000,44.385,46.33,42.92,45.31
1621022400000,45.31,48.08,43.485,48.065
1621036800000,48.065,49.865,46.325,49.35
1621051200000,49.35,49.805,35.1,46.385
1621065600000,46.385,47.495,44.45,45.975
1621080000000,45.975,49.07,45.2,47.375
1621094400000,47.375,47.425,44.52,45.955
1621108800000,45.955,46.48,42.785,43.58
1621123200000,43.58,45.195,43.26,44.46
1621137600000,44.46,46.67,44.26,46.245
1621152000000,46.245,46.765,45.125,45.25
1621166400000,45.25,45.495,42.815,42.915
1621180800000,42.915,43.62,39.325,40.425
1621195200000,40.425,42.69,39.515,42.45
1621209600000,42.45,42.455,37.175,37.35
1621224000000,37.35,40.015,35.135,39.985
1621238400000,39.985,40.755,39.085,40.535
1621252800000,40.535,40.675,37.635,38.095
1621267200000,38.095,40.03,36.89,39.905
1621281600000,39.905,40.075,37.605,38.695
1621296000000,38.695,40.875,38.315,40.19
1621310400000,40.19,41.48,40.165,40.655
1621324800000,40.655,41.63,40.2,40.94
1621339200000,40.94,41.035,37.71,38.54
1621353600000,38.54,40.05,38.26,39.825
1621368000000,39.825,42.605,39.39,40.645
1621382400000,40.645,41.44,36.915,37.535
1621396800000,37.535,37.895,35.0,37.41
1621411200000,37.41,40.26,32.395,35.95
1621425600000,35.95,36.45,16.15,26.975
1621440000000,26.975,30.71,25.145,27.815
1621454400000,27.815,28.91,25.005,25.08
1621468800000,25.08,27.22,21.11,26.27
1621483200000,26.27,29.33,26.115,28.225
1621497600000,28.225,29.155,26.84,29.155
1621512000000,29.155,31.26,28.5,29.83
1621526400000,29.83,29.88,26.175,29.18
1621540800000,29.18,29.69,28.03,28.93
1621555200000,28.93,30.99,28.68,29.07
1621569600000,29.07,29.265,27.57,27.965
1621584000000,27.965,28.855,27.375,28.22
1621598400000,28.22,28.5,22.705,22.955
1621612800000,22.955,24.555,21.9,22.65
1621627200000,22.65,24.525,19.97,24.41
1621641600000,24.41,24.59,22.28,22.7
1621656000000,22.7,22.965,20.31,21.57
1621670400000,21.57,24.31,21.57,23.825
1621684800000,23.825,24.48,21.815,22.695
1621699200000,22.695,23.08,21.325,21.385
1621713600000,21.385,22.735,21.385,22.04
1621728000000,22.04,23.445,21.5,22.555
1621742400000,22.555,22.59,20.135,20.62
1621756800000,20.62,20.625,18.2,19.02
1621771200000,19.02,19.24,15.925,16.65
1621785600000,16.65,16.995,13.615,16.225
1621800000000,16.225,18.49,16.225,17.885
1621814400000,17.885,18.99,17.125,18.27
1621828800000,18.27,20.135,17.51,20.11
1621843200000,20.11,20.995,19.2,20.565
1621857600000,20.565,21.545,19.975,20.8
1621872000000,20.8,23.05,20.075,22.87
1621886400000,22.87,23.465,21.95,23.265
1621900800000,23.265,24.205,21.41,21.795
1621915200000,21.795,23.14,20.925,22.745
1621929600000,22.745,22.95,19.645,19.77
1621944000000,19.77,21.97,19.685,21.83
1621958400000,21.83,22.295,20.55,20.72
1621972800000,20.72,22.55,20.615,22.145
1621987200000,22.145,23.67,21.62,23.55
1622001600000,23.55,24.575,23.035,24.455
1622016000000,24.455,24.75,23.025,23.645
1622030400000,23.645,24.235,22.055,22.89
1622044800000,22.89,23.95,22.41,23.505
1622059200000,23.505,24.765,23.345,24.54
1622073600000,24.54,24.54,21.78,22.3
1622088000000,22.3,23.06,21.97,22.845
1622102400000,22.845,24.04,22.45,23.96
1622116800000,23.96,24.395,23.305,23.67
1622131200000,23.67,24.94,23.14,24.045
1622145600000,24.045,24.71,23.23,23.98
1622160000000,23.98,26.205,23.42,25.89
1622174400000,25.89,26.045,22.055,23.305
1622188800000,23.305,23.61,20.045,20.455
1622203200000,20.455,23.16,20.25,22.52
1622217600000,22.52,22.745,21.39,22.19
1622232000000,22.19,22.515,20.56,21.37
1622246400000,21.37,22.255,21.34,21.97
1622260800000,21.97,22.3,21.15,21.35
1622275200000,21.35,21.49,20.355,21.155
1622289600000,21.155,21.155,19.545,20.145
1622304000000,20.145,20.67,18.91,19.175
1622318400000,19.175,20.05,18.8,19.845
1622332800000,19.845,19.91,18.41,19.71
1622347200000,19.71,21.22,19.4,21.08
1622361600000,21.08,21.27,20.52,21.25
1622376000000,21.25,21.34,19.85,20.155
1622390400000,20.155,21.18,19.885,20.78
1622404800000,20.78,21.015,20.28,20.455
1622419200000,20.455,21.045,19.43,19.64
1622433600000,19.64,20.8,19.065,20.44
1622448000000,20.44,22.0,20.31,21.595
1622462400000,21.595,22.02,21.06,21.85
1622476800000,21.85,22.755,21.69,22.19
1622491200000,22.19,23.435,22.07,23.27
1622505600000,23.27,23.525,22.02,22.465
1622520000000,22.465,23.15,22.275,22.74
1622534400000,22.74,23.165,21.755,22.55
1622548800000,22.55,22.82,21.7,22.205
1622563200000,22.205,22.58,21.965,22.11
1622577600000,22.11,22.995,22.075,22.8
1622592000000,22.8,23.99,22.645,23.78
1622606400000,23.78,24.315,23.54,24.045
1622620800000,24.045,24.545,23.835,24.305
1622635200000,24.305,25.975,24.27,25.86
1622649600000,25.86,26.85,25.09,26.115
1622664000000,26.115,26.65,25.405,25.9
1622678400000,25.9,27.84,25.615,27.74
1622692800000,27.74,28.0,27.235,27.355
1622707200000,27.355,28.585,27.045,27.375
1622721600000,27.375,27.79,26.725,26.965
1622736000000,26.965,27.93,26.5,26.595
1622750400000,26.595,27.34,26.35,26.955
1622764800000,26.955,26.99,24.555,25.77
1622779200000,25.77,25.77,23.815,24.4
1622793600000,24.4,25.065,23.95,24.28
1622808000000,24.28,24.895,23.64,24.765
1622822400000,24.765,25.58,24.52,25.02
1622836800000,25.02,25.515,24.54,25.005
1622851200000,25.005,26.085,24.785,25.58
1622865600000,25.58,26.36,25.58,26.005
1622880000000,26.005,26.225,23.8,24.105
1622894400000,24.105,24.56,23.46,24.295
1622908800000,24.295,24.33,23.64,23.75
1622923200000,23.75,24.15,22.875,23.775
1622937600000,23.775,24.33,23.64,23.95
1622952000000,23.95,24.31,23.805,24.17
1622966400000,24.17,24.44,23.935,23.96
1622980800000,23.96,24.29,23.55,24.18
1622995200000,24.18,24.375,23.755,23.775
1623009600000,23.775,24.195,23.595,24.155
1623024000000,24.155,25.23,23.9,24.89
1623038400000,24.89,25.05,24.29,24.695
1623052800000,24.695,25.06,24.415,24.835
1623067200000,24.835,25.305,24.55,24.71
1623081600000,24.71,24.75,23.635,23.855
1623096000000,23.855,23.94,21.31,21.7
1623110400000,21.7,22.265,20.49,21.005
1623124800000,21.005,21.47,20.535,21.24
1623139200000,21.24,21.895,20.99,21.83
1623153600000,21.83,22.01,19.59,20.29
1623168000000,20.29,21.565,20.07,21.425
1623182400000,21.425,21.945,21.275,21.64
1623196800000,21.64,21.815,20.38,20.915
1623211200000,20.915,21.99,20.47,21.53
1623225600000,21.53,21.93,21.07,21.91
1623240000000,21.91,22.775,21.35,22.655
1623254400000,22.655,23.105,22.265,22.335
1623268800000,22.335,23.3,22.315,23.185
1623283200000,23.185,24.56,22.85,23.88
1623297600000,23.88,24.16,23.355,23.965
1623312000000,23.965,24.35,23.015,23.805
1623326400000,23.805,24.0,23.085,23.585
1623340800000,23.585,23.785,22.56,22.8
1623355200000,22.8,22.955,22.06,22.66
1623369600000,22.66,23.07,22.085,22.945
1623384000000,22.945,23.18,22.435,22.67
1623398400000,22.67,22.91,22.525,22.62
1623412800000,22.62,22.76,21.71,21.85
1623427200000,21.85,22.03,21.005,21.15
1623441600000,21.15,21.405,20.485,20.955
1623456000000,20.955,21.12,19.72,20.07
1623470400000,20.07,20.535,19.525,20.365
1623484800000,20.365,20.625,19.74,20.505
1623499200000,20.505,21.085,20.42,20.64
1623513600000,20.64,21.12,20.54,20.82
1623528000000,20.82,21.24,20.68,20.705
1623542400000,20.705,21.085,20.18,20.2
1623556800000,20.2,20.47,20.1,20.28
1623571200000,20.28,20.65,20.21,20.405
1623585600000,20.405,20.55,19.915,20.18
1623600000000,20.18,21.335,20.105,21.25
1623614400000,21.25,22.37,21.25,22.045
1623628800000,22.045,22.215,21.55,21.7
1623643200000,21.7,21.895,21.605,21.72
1623657600000,21.72,21.745,21.255,21.44
1623672000000,21.44,23.07,21.375,23.01
1623686400000,23.01,25.455,22.765,24.465
1623700800000,24.465,26.015,24.355,25.84
1623715200000,25.84,26.0,25.04,25.165
1623729600000,25.165,25.545,24.6,24.975
1623744000000,24.975,25.075,24.15,24.41
1623758400000,24.41,24.595,23.66,24.095
1623772800000,24.095,24.81,23.785,23.86
1623787200000,23.86,24.5,23.545,23.95
1623801600000,23.95,24.095,23.44,23.78
1623816000000,23.78,24.38,23.75,24.215
1623830400000,24.215,24.59,22.835,22.965
1623844800000,22.965,23.47,22.865,23.305
1623859200000,23.305,23.69,22.5,23.195
1623873600000,23.195,23.56,22.77,23.015
1623888000000,23.015,23.73,23.01,23.585
1623902400000,23.585,23.945,23.535,23.88
1623916800000,23.88,23.985,23.595,23.69
1623931200000,23.69,23.69,23.07,23.355
1623945600000,23.355,23.44,22.08,22.22
1623960000000,22.22,22.535,22.0,22.52
1623974400000,22.52,22.555,21.795,22.275
1623988800000,22.275,22.485,22.06,22.315
1624003200000,22.315,22.4,21.445,21.8
1624017600000,21.8,21.85,20.755,20.81
1624032000000,20.81,21.265,20.205,20.375
1624046400000,20.375,21.565,20.33,21.41
1624060800000,21.41,21.59,20.59,20.815
1624075200000,20.815,21.385,20.695,21.275
1624089600000,21.275,21.34,20.87,21.07
1624104000000,21.07,21.37,20.86,21.205
1624118400000,21.205,21.285,20.445,20.805
1624132800000,20.805,20.97,20.22,20.22
1624147200000,20.22,20.51,19.99,20.255
1624161600000,20.255,20.49,20.2,20.335
1624176000000,20.335,20.44,18.98,19.145
1624190400000,19.145,19.925,18.865,19.87
1624204800000,19.87,20.65,19.68,20.65
1624219200000,20.65,20.98,20.545,20.6
1624233600000,20.6,20.775,19.425,19.435
1624248000000,19.435,19.7,17.955,18.205
1624262400000,18.205,18.405,16.545,17.49
1624276800000,17.49,18.225,16.935,17.62
1624291200000,17.62,17.96,16.62,17.125
1624305600000,17.125,17.29,15.34,15.71
1624320000000,15.71,16.91,14.99,16.685
1624334400000,16.685,16.745,15.8,16.07
1624348800000,16.07,16.1,14.165,14.17
1624363200000,14.17,15.37,12.985,15.03
1624377600000,15.03,15.85,14.935,14.995
1624392000000,14.995,15.455,14.325,14.665
1624406400000,14.665,16.59,13.955,16.155
1624420800000,16.155,16.55,15.85,16.24
1624435200000,16.24,16.455,15.735,15.965
1624449600000,15.965,16.785,15.715,15.79
1624464000000,15.79,16.27,15.02,15.05
1624478400000,15.05,15.925,15.03,15.785
1624492800000,15.785,15.97,14.715,15.185
1624507200000,15.185,15.78,15.035,15.53
1624521600000,15.53,16.095,15.515,16.03
1624536000000,16.03,16.465,15.93,16.045
1624550400000,16.045,16.585,15.895,16.38
1624564800000,16.38,16.425,16.1,16.225
1624579200000,16.225,16.725,15.825,16.235
1624593600000,16.235,16.255,15.395,15.555
1624608000000,15.555,15.775,15.04,15.155
1624622400000,15.155,15.54,14.915,15.035
1624636800000,15.035,15.16,14.49,14.93
1624651200000,14.93,15.0,14.405,14.42
1624665600000,14.42,14.805,14.24,14.64
1624680000000,14.64,14.96,13.975,14.05
1624694400000,14.05,14.47,13.69,14.455
1624708800000,14.455,14.555,13.715,14.095
1624723200000,14.095,14.275,13.62,14.095
1624737600000,14.095,14.505,13.755,14.505
1624752000000,14.505,14.885,14.345,14.69
1624766400000,14.69,14.785,14.52,14.715
1624780800000,14.715,14.735,14.245,14.435
1624795200000,14.435,14.49,14.035,14.385
1624809600000,14.385,14.475,14.06,14.215
1624824000000,14.215,15.0,14.12,14.965
1624838400000,14.965,15.205,14.755,14.78
1624852800000,14.78,15.365,14.67,15.27
1624867200000,15.27,15.47,14.6,14.78
1624881600000,14.78,15.825,14.695,15.82
1624896000000,15.82,15.845,15.15,15.79
1624910400000,15.79,16.0,15.505,15.77
1624924800000,15.77,16.385,15.715,16.045
1624939200000,16.045,16.4,15.945,16.19
1624953600000,16.19,16.595,16.065,16.54
1624968000000,16.54,17.0,16.275,16.695
1624982400000,16.695,17.005,16.325,16.555
1624996800000,16.555,16.595,16.045,16.29
1625011200000,16.29,16.62,16.005,16.075
1625025600000,16.075,16.165,15.595,15.95
1625040000000,15.95,15.955,15.44,15.56
1625054400000,15.56,15.645,15.06,15.16
1625068800000,15.16,15.98,15.11,15.9
1625083200000,15.9,16.425,15.875,16.36
1625097600000,16.36,16.375,15.53,15.56
1625112000000,15.56,15.835,15.19,15.22
1625126400000,15.22,15.615,15.145,15.59
1625140800000,15.59,15.625,15.175,15.365
1625155200000,15.365,15.515,14.855,14.985
1625169600000,14.985,15.345,14.915,15.17
1625184000000,15.17,15.435,14.69,14.745
1625198400000,14.745,14.975,14.58,14.955
1625212800000,14.955,15.05,14.66,14.8
1625227200000,14.8,15.3,14.735,15.25
1625241600000,15.25,15.255,14.95,15.115
1625256000000,15.115,15.31,14.875,15.29
1625270400000,15.29,15.315,15.055,15.15
1625284800000,15.15,15.585,15.01,15.44
1625299200000,15.44,15.635,15.34,15.535
1625313600000,15.535,15.73,15.48,15.635
1625328000000,15.635,15.705,15.515,15.595
1625342400000,15.595,15.675,15.26,15.515
1625356800000,15.515,15.515,15.165,15.285
1625371200000,15.285,15.985,15.285,15.92
1625385600000,15.92,15.97,15.685,15.84
1625400000000,15.84,15.95,15.61,15.945
1625414400000,15.945,16.365,15.87,16.265
1625428800000,16.265,16.56,15.96,15.985
1625443200000,15.985,15.985,15.52,15.57
1625457600000,15.57,15.635,15.37,15.555
1625472000000,15.555,15.785,14.75,14.875
1625486400000,14.875,15.14,14.82,14.95
1625500800000,14.95,15.5,14.825,15.48
1625515200000,15.48,15.545,15.195,15.22
1625529600000,15.22,15.53,15.18,15.455
1625544000000,15.455,16.1,15.455,15.885
1625558400000,15.885,16.17,15.26,15.465
1625572800000,15.465,15.75,15.31,15.6
1625587200000,15.6,16.04,15.37,15.8
1625601600000,15.8,16.135,15.47,16.135
1625616000000,16.135,16.675,16.08,16.615
1625630400000,16.615,16.925,16.52,16.645
1625644800000,16.645,17.005,16.565,16.84
1625659200000,16.84,17.275,16.71,16.825
1625673600000,16.825,17.655,16.7,17.55
1625688000000,17.55,17.555,16.765,16.87
1625702400000,16.87,16.895,15.96,16.2
1625716800000,16.2,16.2,15.325,15.49
1625731200000,15.49,15.605,15.17,15.605
1625745600000,15.605,15.63,15.25,15.58
1625760000000,15.58,15.615,15.31,15.58
1625774400000,15.58,15.61,15.0,15.305
1625788800000,15.305,15.38,14.81,15.325
1625803200000,15.325,15.51,15.245,15.32
1625817600000,15.32,15.565,15.12,15.245
1625832000000,15.245,15.735,15.13,15.71
1625846400000,15.71,15.79,15.38,15.455
1625860800000,15.455,15.905,15.455,15.665
1625875200000,15.665,15.98,15.335,15.485
1625889600000,15.485,15.565,15.23,15.47
1625904000000,15.47,15.555,15.255,15.36
1625918400000,15.36,15.43,15.235,15.345
1625932800000,15.345,15.555,15.09,15.16
1625947200000,15.16,15.37,15.025,15.27
1625961600000,15.27,15.44,15.2,15.225
1625976000000,15.225,15.41,15.14,15.37
1625990400000,15.37,15.48,15.325,15.44
1626004800000,15.44,15.63,15.375,15.6
1626019200000,15.6,15.69,15.42,15.465
1626033600000,15.465,15.68,15.375,15.48
1626048000000,15.48,15.62,15.4,15.56
1626062400000,15.56,15.64,15.43,15.56
1626076800000,15.56,15.625,15.095,15.145
1626091200000,15.145,15.21,15.065,15.095
1626105600000,15.095,15.155,14.47,14.54
1626120000000,14.54,14.925,14.42,14.86
1626134400000,14.86,15.09,14.72,14.855
1626148800000,14.855,14.88,14.395,14.715
1626163200000,14.715,14.805,14.52,14.585
1626177600000,14.585,14.595,14.14,14.445
1626192000000,14.445,14.525,14.03,14.075
1626206400000,14.075,14.255,14.02,14.19
1626220800000,14.19,14.195,13.17,13.285
1626235200000,13.285,13.465,13.16,13.395
1626249600000,13.395,13.75,13.205,13.63
1626264000000,13.63,14.21,13.56,13.965
1626278400000,13.965,14.115,13.55,13.58
1626292800000,13.58,13.96,13.58,13.8
1626307200000,13.8,14.105,13.585,13.7
1626321600000,13.7,13.735,13.33,13.425
1626336000000,13.425,13.635,13.05,13.155
1626350400000,13.155,13.31,12.775,13.085
1626364800000,13.085,13.185,12.74,13.1
1626379200000,13.1,13.28,12.96,13.09
1626393600000,13.09,13.31,12.835,13.23
1626408000000,13.23,13.3,12.6,12.74
1626422400000,12.74,12.76,12.15,12.265
1626436800000,12.265,12.94,12.235,12.89
1626451200000,12.89,12.9,12.335,12.38
1626465600000,12.38,12.555,12.0,12.015
1626480000000,12.015,12.125,11.7,11.86
1626494400000,11.86,12.46,11.825,12.095
1626508800000,12.095,12.39,11.865,12.025
1626523200000,12.025,12.215,11.97,12.14
1626537600000,12.14,12.73,12.05,12.655
1626552000000,12.655,12.74,12.215,12.285
1626566400000,12.285,12.905,12.255,12.725
1626580800000,12.725,12.735,12.49,12.56
1626595200000,12.56,12.92,12.545,12.855
1626609600000,12.855,12.885,12.295,12.375
1626624000000,12.375,12.61,12.31,12.485
1626638400000,12.485,12.79,12.465,12.65
1626652800000,12.65,12.73,12.185,12.28
1626667200000,12.28,12.49,12.215,12.365
1626681600000,12.365,12.43,11.835,11.845
1626696000000,11.845,11.905,11.36,11.475
1626710400000,11.475,11.605,11.37,11.505
1626724800000,11.505,11.62,11.415,11.455
1626739200000,11.455,11.545,10.435,10.575
1626753600000,10.575,10.79,10.5,10.765
1626768000000,10.765,10.81,10.365,10.775
1626782400000,10.775,11.075,10.605,10.995
1626796800000,10.995,11.135,10.86,11.06
1626811200000,11.06,11.225,10.805,10.955
1626825600000,10.955,11.2,10.665,11.13
1626840000000,11.13,11.79,11.09,11.605
1626854400000,11.605,12.35,11.475,12.2
1626868800000,12.2,12.495,12.105,12.45
1626883200000,12.45,12.84,12.13,12.135
1626897600000,12.135,12.535,12.08,12.325
1626912000000,12.325,12.47,11.805,12.015
1626926400000,12.015,12.36,11.895,12.31
1626940800000,12.31,12.735,12.06,12.455
1626955200000,12.455,12.95,12.165,12.95
1626969600000,12.95,13.3,12.9,13.185
1626984000000,13.185,13.35,12.9,13.145
1626998400000,13.145,13.52,13.045,13.19
1627012800000,13.19,13.365,13.065,13.16
1627027200000,13.16,13.185,12.78,12.78
1627041600000,12.78,12.985,12.605,12.635
1627056000000,12.635,12.64,12.32,12.625
1627070400000,12.625,13.4,12.59,13.385
1627084800000,13.385,13.405,13.12,13.38
1627099200000,13.38,13.705,13.255,13.505
1627113600000,13.505,13.745,13.315,13.635
1627128000000,13.635,13.725,13.435,13.51
1627142400000,13.51,14.035,13.485,13.55
1627156800000,13.55,13.82,13.48,13.76
1627171200000,13.76,13.8,13.105,13.32
1627185600000,13.32,13.815,13.25,13.725
1627200000000,13.725,13.74,13.365,13.43
1627214400000,13.43,13.44,13.095,13.29
1627228800000,13.29,13.515,13.16,13.345
1627243200000,13.345,13.735,13.265,13.73
1627257600000,13.73,15.0,13.635,14.85
1627272000000,14.85,15.245,14.54,14.64
1627286400000,14.64,14.9,14.435,14.815
1627300800000,14.815,14.9,14.45,14.76
1627315200000,14.76,15.295,14.655,14.825
1627329600000,14.825,14.855,13.9,13.925
1627344000000,13.925,14.165,13.365,13.635
1627358400000,13.635,13.8,13.575,13.62
1627372800000,13.62,14.215,13.545,14.21
1627387200000,14.21,14.52,13.93,14.035
1627401600000,14.035,14.095,13.63,13.79
1627416000000,13.79,14.5,13.79,14.36
1627430400000,14.36,14.585,13.99,14.235
1627444800000,14.235,14.66,13.905,14.545
1627459200000,14.545,14.74,14.26,14.66
1627473600000,14.66,14.685,14.225,14.52
1627488000000,14.52,14.73,14.105,14.495
1627502400000,14.495,14.6,14.31,14.53
1627516800000,14.53,14.565,14.25,14.455
1627531200000,14.455,15.04,14.385,14.79
1627545600000,14.79,14.93,14.58,14.645
1627560000000,14.645,15.22,14.545,15.08
1627574400000,15.08,15.2,14.865,15.07
1627588800000,15.07,15.385,14.875,15.255
1627603200000,15.255,15.575,15.1,15.5
1627617600000,15.5,15.585,15.19,15.295
1627632000000,15.295,15.3,14.535,14.63
1627646400000,14.63,14.745,14.41,14.735
1627660800000,14.735,15.35,14.62,15.35
1627675200000,15.35,15.83,15.295,15.775
1627689600000,15.775,16.08,15.575,16.015
1627704000000,16.015,16.085,15.59,15.925
1627718400000,15.925,16.605,15.925,16.34
1627732800000,16.34,16.525,16.1,16.525
1627747200000,16.525,16.64,16.15,16.405
1627761600000,16.405,16.99,16.355,16.755
1627776000000,16.755,19.6,16.535,18.695
1627790400000,18.695,19.025,18.195,18.23
1627804800000,18.23,18.545,17.74,18.145
1627819200000,18.145,19.485,17.92,19.09
1627833600000,19.09,19.91,18.575,19.46
1627848000000,19.46,19.54,17.995,18.405
1627862400000,18.405,18.675,17.85,18.07
1627876800000,18.07,18.915,17.565,18.55
1627891200000,18.55,18.59,18.015,18.24
1627905600000,18.24,18.575,17.8,18.28
1627920000000,18.28,18.69,18.1,18.15
1627934400000,18.15,18.445,17.92,17.995
1627948800000,17.995,18.54,17.83,17.92
1627963200000,17.92,18.04,17.15,17.43
1627977600000,17.43,17.43,16.975,17.14
1627992000000,17.14,17.645,16.805,17.45
1628006400000,17.45,17.495,17.055,17.2
1628020800000,17.2,17.58,16.99,17.43
1628035200000,17.43,17.805,17.13,17.445
1628049600000,17.445,17.67,17.19,17.31
1628064000000,17.31,17.59,17.115,17.485
1628078400000,17.485,18.875,17.485,18.825
1628092800000,18.825,19.62,18.775,19.16
1628107200000,19.16,19.4,18.875,19.165
1628121600000,19.165,19.395,18.725,19.22
1628136000000,19.22,19.48,18.755,18.895
1628150400000,18.895,19.005,18.15,18.34
1628164800000,18.34,19.22,17.865,18.92
1628179200000,18.92,19.3,18.835,19.0
1628193600000,19.0,19.41,19.0,19.145
1628208000000,19.145,19.235,18.52,18.61
1628222400000,18.61,19.085,18.55,18.875
1628236800000,18.875,19.18,18.745,18.96
1628251200000,18.96,20.21,18.835,20.075
1628265600000,20.075,20.795,20.075,20.63
1628280000000,20.63,20.71,20.135,20.42
1628294400000,20.42,21.0,20.22,20.88
1628308800000,20.88,21.44,20.745,20.875
1628323200000,20.875,21.545,20.75,21.34
1628337600000,21.34,21.72,20.58,20.725
1628352000000,20.725,20.745,20.05,20.45
1628366400000,20.45,21.07,20.355,20.99
1628380800000,20.99,21.22,20.23,20.56
1628395200000,20.56,21.14,20.315,20.63
1628409600000,20.63,20.815,20.315,20.455
1628424000000,20.455,20.785,19.77,19.99
1628438400000,19.99,20.125,19.215,19.49
1628452800000,19.49,20.245,19.32,19.68
1628467200000,19.68,19.8,18.71,19.33
1628481600000,19.33,19.745,19.08,19.61
1628496000000,19.61,20.755,19.44,20.7
1628510400000,20.7,21.005,20.245,20.85
1628524800000,20.85,21.275,20.615,20.665
1628539200000,20.665,20.89,20.135,20.59
1628553600000,20.59,20.835,20.315,20.355
1628568000000,20.355,20.665,20.245,20.655
1628582400000,20.655,20.905,20.38,20.605
1628596800000,20.605,21.45,20.465,20.59
1628611200000,20.59,20.735,20.09,20.66
1628625600000,20.66,21.03,20.445,20.635
1628640000000,20.635,21.155,20.59,21.085
1628654400000,21.085,21.715,20.96,21.505
1628668800000,21.505,22.0,21.215,21.57
1628683200000,21.57,22.165,21.17,21.765
1628697600000,21.765,22.48,21.745,22.19
1628712000000,22.19,22.33,21.02,21.365
1628726400000,21.365,22.345,21.305,21.935
1628740800000,21.935,22.025,20.5,21.265
1628755200000,21.265,21.515,20.725,20.75
1628769600000,20.75,21.03,20.165,20.395
1628784000000,20.395,20.765,19.94,20.665
1628798400000,20.665,20.82,20.075,20.775
1628812800000,20.775,21.38,20.525,21.175
1628827200000,21.175,22.11,21.06,21.995
1628841600000,21.995,22.195,21.82,21.82
1628856000000,21.82,22.16,21.39,21.595
1628870400000,21.595,22.0,21.495,21.815
1628884800000,21.815,22.74,21.755,22.74
1628899200000,22.74,22.75,22.185,22.6
1628913600000,22.6,22.985,22.4,22.87
1628928000000,22.87,23.48,21.805,22.415
1628942400000,22.415,22.915,22.01,22.765
1628956800000,22.765,22.83,22.305,22.71
1628971200000,22.71,22.965,22.11,22.86
1628985600000,22.86,23.335,22.63,22.63
1629000000000,22.63,22.825,21.87,22.03
1629014400000,22.03,22.375,21.91,22.175
1629028800000,22.175,22.415,21.84,22.155
1629043200000,22.155,22.78,21.885,22.69
1629057600000,22.69,23.34,22.68,23.165
1629072000000,23.165,23.495,22.815,22.93
1629086400000,22.93,24.5,22.93,24.265
1629100800000,24.265,25.44,24.02,25.255
1629115200000,25.255,25.315,24.04,24.765
1629129600000,24.765,25.72,24.635,24.7
1629144000000,24.7,25.215,24.01,24.435
1629158400000,24.435,27.41,23.385,26.79
1629172800000,26.79,27.095,25.73,26.31
1629187200000,26.31,26.815,25.905,26.42
1629201600000,26.42,26.78,25.14,25.215
1629216000000,25.215,25.85,24.69,24.75
1629230400000,24.75,24.895,23.0,23.58
1629244800000,23.58,24.725,22.47,23.915
1629259200000,23.915,24.51,23.575,23.665
1629273600000,23.665,24.305,23.325,23.39
1629288000000,23.39,24.855,23.355,24.84
1629302400000,24.84,25.175,23.72,23.78
1629316800000,23.78,24.49,23.36,23.87
1629331200000,23.87,24.565,23.515,23.73
1629345600000,23.73,24.235,23.55,24.005
1629360000000,24.005,24.285,23.675,23.675
1629374400000,23.675,25.89,23.465,25.795
1629388800000,25.795,26.865,25.06,26.7
1629403200000,26.7,26.8,26.175,26.595
1629417600000,26.595,27.16,26.365,26.765
1629432000000,26.765,27.03,26.3,26.39
1629446400000,26.39,28.095,26.115,27.66
1629460800000,27.66,28.455,27.63,28.05
1629475200000,28.05,28.535,27.575,28.06
1629489600000,28.06,28.34,27.755,28.185
1629504000000,28.185,29.03,27.54,28.88
1629518400000,28.88,29.37,28.54,28.965
1629532800000,28.965,29.145,27.515,28.095
1629547200000,28.095,29.1,28.025,28.585
1629561600000,28.585,28.965,27.605,27.745
1629576000000,27.745,28.53,27.705,27.89
1629590400000,27.89,28.545,27.6,27.625
1629604800000,27.625,28.18,27.615,28.11
1629619200000,28.11,28.325,27.72,28.01
1629633600000,28.01,28.1,26.55,27.14
1629648000000,27.14,27.32,26.605,27.11
1629662400000,27.11,27.98,26.55,27.69
1629676800000,27.69,28.665,27.685,28.59
1629691200000,28.59,28.64,28.06,28.085
1629705600000,28.085,28.35,27.72,28.03
1629720000000,28.03,28.29,27.36,27.65
1629734400000,27.65,28.09,27.41,27.545
1629748800000,27.545,28.235,27.355,27.905
1629763200000,27.905,28.19,27.16,27.605
1629777600000,27.605,27.915,27.405,27.785
1629792000000,27.785,27.785,27.265,27.54
1629806400000,27.54,27.54,25.39,25.92
1629820800000,25.92,25.925,24.295,25.335
1629835200000,25.335,25.95,25.035,25.1
1629849600000,25.1,26.51,25.085,25.845
1629864000000,25.845,26.445,25.68,25.92
1629878400000,25.92,25.95,24.5,25.115
1629892800000,25.115,26.31,24.415,26.225
1629907200000,26.225,26.56,25.87,25.97
1629921600000,25.97,26.35,25.65,26.015
1629936000000,26.015,26.445,25.125,25.325
1629950400000,25.325,25.48,24.32,24.69
1629964800000,24.69,24.905,24.375,24.435
1629979200000,24.435,24.82,23.855,24.085
1629993600000,24.085,24.215,23.455,23.89
1630008000000,23.89,24.51,23.85,23.925
1630022400000,23.925,25.03,23.47,24.685
1630036800000,24.685,24.995,24.225,24.95
1630051200000,24.95,25.465,24.57,25.23
1630065600000,25.23,26.105,24.815,25.89
1630080000000,25.89,26.025,25.615,25.84
1630094400000,25.84,26.83,25.665,26.555
1630108800000,26.555,26.745,26.045,26.055
1630123200000,26.055,26.19,25.705,25.925
1630137600000,25.925,26.37,25.835,25.9
1630152000000,25.9,26.495,25.555,25.82
1630166400000,25.82,26.135,25.45,25.585
1630180800000,25.585,26.11,25.53,25.97
1630195200000,25.97,26.475,25.5,25.55
1630209600000,25.55,25.93,25.285,25.845
1630224000000,25.845,26.14,25.655,25.67
1630238400000,25.67,26.09,25.555,25.735
1630252800000,25.735,25.945,25.655,25.915
1630267200000,25.915,26.165,25.685,25.73
1630281600000,25.73,25.775,25.015,25.125
1630296000000,25.125,25.32,24.75,25.055
1630310400000,25.055,25.235,24.785,24.855
1630324800000,24.855,25.17,24.335,25.13
1630339200000,25.13,27.505,25.025,27.36
1630353600000,27.36,27.61,25.69,26.02
1630368000000,26.02,26.875,25.635,26.72
1630382400000,26.72,27.875,26.635,27.615
1630396800000,27.615,28.91,27.395,28.77
1630411200000,28.77,31.08,28.56,31.005
1630425600000,31.005,31.705,29.52,30.36
1630440000000,30.36,31.97,29.415,31.375
1630454400000,31.375,32.095,29.825,30.18
1630468800000,30.18,30.815,29.925,30.29
1630483200000,30.29,30.6,29.84,29.875
1630497600000,29.875,30.395,29.665,30.185
1630512000000,30.185,32.87,29.975,32.635
1630526400000,32.635,33.86,32.2,33.24
1630540800000,33.24,33.24,32.225,32.345
1630555200000,32.345,32.61,31.875,32.1
1630569600000,32.1,32.925,32.02,32.66
1630584000000,32.66,32.845,31.345,31.675
1630598400000,31.675,32.67,31.675,32.27
1630612800000,32.27,32.63,31.8,31.8
1630627200000,31.8,32.795,30.9,32.74
1630641600000,32.74,33.655,32.73,32.98
1630656000000,32.98,33.31,32.405,32.805
1630670400000,32.805,33.38,32.485,32.875
1630684800000,32.875,34.075,32.71,33.765
1630699200000,33.765,33.94,32.9,33.555
1630713600000,33.555,34.165,33.11,33.56
1630728000000,33.56,33.565,33.14,33.255
1630742400000,33.255,33.475,32.85,33.035
1630756800000,33.035,33.415,32.86,33.06
1630771200000,33.06,33.205,32.06,32.455
1630785600000,32.455,32.885,32.35,32.425
1630800000000,32.425,32.83,32.17,32.215
1630814400000,32.215,32.44,32.02,32.225
1630828800000,32.225,32.83,32.175,32.72
1630843200000,32.72,34.03,32.615,33.305
1630857600000,33.305,34.12,33.26,33.915
1630872000000,33.915,34.785,33.8,34.455
1630886400000,34.455,34.58,33.63,33.75
1630900800000,33.75,34.73,33.675,34.425
1630915200000,34.425,35.09,33.885,34.005
1630929600000,34.005,34.595,32.24,33.96
1630944000000,33.96,35.145,33.73,34.27
1630958400000,34.27,34.79,33.875,34.385
1630972800000,34.385,35.05,33.735,34.655
1630987200000,34.655,35.745,34.215,35.165
1631001600000,35.165,35.275,31.315,32.37
1631016000000,32.37,32.81,22.7,28.38
1631030400000,28.38,29.92,25.455,27.23
1631044800000,27.23,28.335,26.51,27.94
1631059200000,27.94,28.835,27.18,27.605
1631073600000,27.605,28.54,25.56,25.605
1631088000000,25.605,27.925,25.195,27.36
1631102400000,27.36,28.595,27.285,27.935
1631116800000,27.935,28.595,27.66,28.31
1631131200000,28.31,28.315,26.83,27.76
1631145600000,27.76,28.02,27.005,27.61
1631160000000,27.61,29.335,27.445,28.955
1631174400000,28.955,29.7,28.37,29.085
1631188800000,29.085,30.345,27.7,30.25
1631203200000,30.25,31.855,29.88,30.14
1631217600000,30.14,30.64,29.45,29.85
1631232000000,29.85,32.66,29.785,31.74
1631246400000,31.74,32.195,30.61,30.845
1631260800000,30.845,32.18,29.915,31.39
1631275200000,31.39,31.585,28.09,29.51
1631289600000,29.51,29.97,28.74,29.585
1631304000000,29.585,29.92,28.01,29.175
1631318400000,29.175,29.805,28.265,28.67
1631332800000,28.67,29.305,28.43,28.88
1631347200000,28.88,30.22,28.495,29.905
1631361600000,29.905,30.98,29.82,30.54
1631376000000,30.54,31.96,30.07,31.595
1631390400000,31.595,32.095,30.87,31.59
1631404800000,31.59,32.8,30.675,31.64
1631419200000,31.64,32.085,31.035,31.51
1631433600000,31.51,33.195,31.21,33.085
1631448000000,33.085,34.98,32.71,34.425
1631462400000,34.425,34.98,33.68,34.575
1631476800000,34.575,36.445,32.73,35.815
1631491200000,35.815,38.02,34.475,34.735
1631505600000,34.735,36.075,33.1,33.845
1631520000000,33.845,34.76,32.82,34.48
1631534400000,34.48,36.405,31.5,36.05
1631548800000,36.05,37.055,35.265,35.445
1631563200000,35.445,36.285,34.25,34.87
1631577600000,34.87,35.545,34.11,35.23
1631592000000,35.23,36.86,35.105,36.345
1631606400000,36.345,37.425,36.01,36.31
1631620800000,36.31,38.73,35.775,37.425
1631635200000,37.425,37.51,36.345,37.17
1631649600000,37.17,38.225,36.63,37.405
1631664000000,37.405,38.0,36.51,36.73
1631678400000,36.73,37.02,36.145,36.885
1631692800000,36.885,37.095,36.225,36.335
1631707200000,36.335,36.745,35.605,36.74
1631721600000,36.74,37.355,36.4,36.565
1631736000000,36.565,36.75,36.115,36.485
1631750400000,36.485,37.01,35.115,35.53
1631764800000,35.53,36.16,35.465,35.935
1631779200000,35.935,36.065,35.345,35.73
1631793600000,35.73,36.055,34.23,34.97
1631808000000,34.97,35.245,34.425,34.97
1631822400000,34.97,35.68,33.95,35.52
1631836800000,35.52,36.94,35.1,36.895
1631851200000,36.895,36.945,35.655,35.74
1631865600000,35.74,36.245,32.865,33.55
1631880000000,33.55,34.235,33.005,33.95
1631894400000,33.95,34.34,33.135,33.87
1631908800000,33.87,33.895,32.125,33.025
1631923200000,33.025,34.15,32.52,34.02
1631937600000,34.02,35.28,33.935,35.005
1631952000000,35.005,35.47,34.585,34.7
1631966400000,34.7,35.875,34.545,35.01
1631980800000,35.01,35.175,34.525,34.995
1631995200000,34.995,35.2,34.315,34.9
1632009600000,34.9,34.93,33.66,33.94
1632024000000,33.94,34.275,33.815,34.145
1632038400000,34.145,34.505,33.055,33.26
1632052800000,33.26,34.14,33.09,33.915
1632067200000,33.915,34.585,33.77,34.06
1632081600000,34.06,34.44,33.105,33.83
1632096000000,33.83,33.895,30.84,31.42
1632110400000,31.42,31.975,30.19,30.695
1632124800000,30.695,31.09,28.14,28.835
1632139200000,28.835,29.895,26.515,29.39
1632153600000,29.39,29.82,27.77,28.84
1632168000000,28.84,29.445,27.71,28.295
1632182400000,28.295,29.68,26.385,28.735
1632196800000,28.735,29.58,27.98,29.575
1632211200000,29.575,30.36,29.315,29.69
1632225600000,29.69,30.07,28.21,29.14
1632240000000,29.14,29.275,27.445,27.515
1632254400000,27.515,27.745,25.505,26.36
1632268800000,26.36,27.76,25.925,27.335
1632283200000,27.335,28.77,26.995,28.54
1632297600000,28.54,28.81,27.805,27.975
1632312000000,27.975,30.46,27.92,30.36
1632326400000,30.36,31.835,30.21,31.445
1632340800000,31.445,31.985,30.875,31.565
1632355200000,31.565,32.04,30.78,31.975
1632369600000,31.975,32.55,31.5,31.85
1632384000000,31.85,31.93,30.36,30.61
1632398400000,30.61,31.785,30.485,31.225
1632412800000,31.225,32.78,31.06,32.735
1632427200000,32.735,33.56,32.325,33.385
1632441600000,33.385,33.495,31.95,32.15
1632456000000,32.15,32.905,31.515,32.74
1632470400000,32.74,33.185,27.815,29.405
1632484800000,29.405,31.19,28.61,30.13
1632499200000,30.13,30.715,29.72,30.28
1632513600000,30.28,31.395,30.28,30.76
1632528000000,30.76,32.2,30.565,31.385
1632542400000,31.385,31.89,30.16,30.32
1632556800000,30.32,31.08,29.435,30.535
1632571200000,30.535,30.78,29.74,30.26
1632585600000,30.26,30.405,29.75,30.2
1632600000000,30.2,30.23,29.49,29.83
1632614400000,29.83,29.99,28.32,28.965
1632628800000,28.965,29.09,26.89,27.345
1632643200000,27.345,30.04,26.765,29.155
1632657600000,29.155,29.825,29.06,29.635
1632672000000,29.635,29.75,28.9,29.045
1632686400000,29.045,29.665,28.43,28.855
1632700800000,28.855,30.215,28.28,29.615
1632715200000,29.615,29.98,29.215,29.29
1632729600000,29.29,29.805,28.975,29.195
1632744000000,29.195,29.39,28.415,28.645
1632758400000,28.645,28.665,27.8,27.85
1632772800000,27.85,28.62,27.56,27.705
1632787200000,27.705,28.195,27.39,28.075
1632801600000,28.075,28.355,27.23,27.37
1632816000000,27.37,28.025,27.22,27.905
1632830400000,27.905,28.12,26.94,26.955
1632844800000,26.955,27.18,26.38,26.665
1632859200000,26.665,27.06,26.13,26.3
1632873600000,26.3,27.475,26.095,27.435
1632888000000,27.435,27.83,27.215,27.745
1632902400000,27.745,28.555,27.395,28.32
1632916800000,28.32,28.485,27.515,27.61
1632931200000,27.61,27.775,26.745,26.81
1632945600000,26.81,27.275,26.435,27.245
1632960000000,27.245,28.37,27.12,28.31
1632974400000,28.31,28.45,27.715,27.81
1632988800000,27.81,28.14,27.525,27.81
1633003200000,27.81,28.355,27.725,28.065
1633017600000,28.065,28.955,27.85,28.41
1633032000000,28.41,28.675,28.11,28.6
1633046400000,28.6,29.305,28.44,28.705
1633060800000,28.705,29.42,28.55,29.385
1633075200000,29.385,31.025,29.36,30.955
1633089600000,30.955,31.39,30.38,31.355
1633104000000,31.355,32.29,31.1,32.08
1633118400000,32.08,32.28,31.35,31.94
1633132800000,31.94,32.705,31.52,31.82
1633147200000,31.82,32.28,31.67,32.05
1633161600000,32.05,32.485,31.76,32.175
1633176000000,32.175,32.985,32.095,32.94
1633190400000,32.94,33.39,32.52,33.09
1633204800000,33.09,33.105,31.84,32.03
1633219200000,32.03,32.385,31.25,32.15
1633233600000,32.15,32.385,31.925,31.97
1633248000000,31.97,32.155,31.53,32.11
1633262400000,32.11,32.695,31.86,31.97
1633276800000,31.97,32.67,31.515,32.385
1633291200000,32.385,32.445,31.65,32.115
1633305600000,32.115,32.13,30.83,30.94
1633320000000,30.94,31.34,30.645,31.34
1633334400000,31.34,31.35,30.485,30.8
1633348800000,30.8,31.575,30.055,30.885
1633363200000,30.885,31.585,30.795,31.325
1633377600000,31.325,31.49,30.81,31.185
1633392000000,31.185,31.69,30.845,31.58
1633406400000,31.58,31.6,31.13,31.41
1633420800000,31.41,32.145,31.32,31.785
1633435200000,31.785,31.825,30.57,30.845
1633449600000,30.845,31.495,30.73,31.41
1633464000000,31.41,31.845,31.39,31.425
1633478400000,31.425,31.45,30.685,30.745
1633492800000,30.745,30.875,30.13,30.32
1633507200000,30.32,30.4,29.13,29.72
1633521600000,29.72,32.03,29.625,31.905
1633536000000,31.905,32.86,31.85,32.5
1633550400000,32.5,33.09,32.205,32.225
1633564800000,32.225,32.235,30.925,31.37
1633579200000,31.37,32.48,31.18,32.43
1633593600000,32.43,34.665,32.385,34.605
1633608000000,34.605,35.32,33.19,35.015
1633622400000,35.015,35.04,34.1,34.325
1633636800000,34.325,34.7,33.505,33.98
1633651200000,33.98,34.285,33.27,33.54
1633665600000,33.54,34.265,33.35,34.145
1633680000000,34.145,34.505,33.415,33.55
1633694400000,33.55,33.92,33.07,33.875
1633708800000,33.875,34.45,33.565,33.88
1633723200000,33.88,33.915,33.195,33.36
1633737600000,33.36,33.615,33.04,33.48
1633752000000,33.48,34.295,33.43,34.19
1633766400000,34.19,34.86,33.685,34.52
1633780800000,34.52,35.81,34.51,35.435
1633795200000,35.435,36.67,35.425,36.13
1633809600000,36.13,36.955,35.845,36.355
1633824000000,36.355,37.46,35.36,37.11
1633838400000,37.11,37.23,36.13,36.27
1633852800000,36.27,36.335,35.63,36.135
1633867200000,36.135,36.55,35.82,36.09
1633881600000,36.09,36.175,35.38,35.645
1633896000000,35.645,36.2,34.17,34.45
1633910400000,34.45,35.23,34.01,34.825
1633924800000,34.825,35.525,34.7,35.37
1633939200000,35.37,36.11,34.91,35.22
1633953600000,35.22,35.45,34.705,34.915
1633968000000,34.915,35.095,33.63,33.645
1633982400000,33.645,34.245,33.27,34.145
1633996800000,34.145,34.165,32.62,33.05
1634011200000,33.05,33.61,32.725,33.3
1634025600000,33.3,33.84,32.27,32.795
1634040000000,32.795,33.98,32.08,33.885
1634054400000,33.885,34.7,33.425,34.035
1634068800000,34.035,35.435,33.815,35.19
1634083200000,35.19,35.775,34.95,35.135
1634097600000,35.135,35.31,33.645,34.31
1634112000000,34.31,35.48,34.285,34.97
1634126400000,34.97,35.435,34.52,34.86
1634140800000,34.86,42.365,34.86,42.34
1634155200000,42.34,43.24,40.865,41.7
1634169600000,41.7,42.215,40.56,41.555
1634184000000,41.555,42.41,40.815,41.01
1634198400000,41.01,42.545,40.925,41.645
1634212800000,41.645,41.675,40.09,40.67
1634227200000,40.67,40.84,39.34,39.99
1634241600000,39.99,40.93,39.59,40.73
1634256000000,40.73,41.48,39.6,40.94
1634270400000,40.94,42.065,40.165,40.79
1634284800000,40.79,40.915,39.5,39.955
1634299200000,39.955,40.635,39.635,40.22
1634313600000,40.22,43.97,39.99,43.765
1634328000000,43.765,44.245,42.74,43.32
1634342400000,43.32,44.81,43.245,43.655
1634356800000,43.655,43.84,42.865,43.33
1634371200000,43.33,43.845,43.09,43.16
1634385600000,43.16,43.26,42.055,42.555
1634400000000,42.555,43.275,41.565,41.575
1634414400000,41.575,42.255,41.3,41.805
1634428800000,41.805,42.75,41.2,42.745
1634443200000,42.745,42.92,42.28,42.295
1634457600000,42.295,42.535,41.94,41.94
1634472000000,41.94,42.695,41.03,41.25
1634486400000,41.25,42.01,41.16,41.38
1634500800000,41.38,42.25,39.515,42.12
1634515200000,42.12,43.275,42.08,42.565
1634529600000,42.565,42.965,42.27,42.565
1634544000000,42.565,43.09,41.33,41.57
1634558400000,41.57,41.97,40.77,41.205
1634572800000,41.205,41.285,40.295,40.66
1634587200000,40.66,41.225,40.385,41.205
1634601600000,41.205,41.495,40.6,41.305
1634616000000,41.305,41.59,40.87,41.15
1634630400000,41.15,41.23,40.725,41.025
1634644800000,41.025,41.2,40.015,40.23
1634659200000,40.23,41.66,40.23,40.8
1634673600000,40.8,41.58,40.655,41.385
1634688000000,41.385,41.975,41.12,41.26
1634702400000,41.26,41.645,41.215,41.59
1634716800000,41.59,41.69,41.13,41.315
1634731200000,41.315,43.98,41.31,43.93
1634745600000,43.93,45.28,43.785,44.915
1634760000000,44.915,44.985,44.17,44.465
1634774400000,44.465,45.585,43.3,44.03
1634788800000,44.03,44.22,43.545,43.97
1634803200000,43.97,45.0,43.405,43.705
1634817600000,43.705,44.415,42.02,42.785
1634832000000,42.785,43.34,42.41,42.95
1634846400000,42.95,43.44,42.58,42.85
1634860800000,42.85,45.435,42.73,45.105
1634875200000,45.105,45.695,44.67,45.23
1634889600000,45.23,46.4,44.93,46.18
1634904000000,46.18,46.235,43.88,44.365
1634918400000,44.365,44.5,43.025,43.535
1634932800000,43.535,43.85,43.05,43.51
1634947200000,43.51,44.58,43.2,44.535
1634961600000,44.535,44.795,43.955,44.33
1634976000000,44.33,44.765,43.13,44.29
1634990400000,44.29,44.31,43.625,44.03
1635004800000,44.03,44.23,43.17,43.2
1635019200000,43.2,44.03,43.135,43.99
1635033600000,43.99,44.195,43.745,43.755
1635048000000,43.755,44.075,43.3,43.965
1635062400000,43.965,44.06,42.485,42.595
1635076800000,42.595,42.855,41.63,41.775
1635091200000,41.775,42.365,41.32,42.13
1635105600000,42.13,42.78,42.04,42.335
1635120000000,42.335,43.75,42.16,43.34
1635134400000,43.34,43.88,43.205,43.615
1635148800000,43.615,43.99,43.385,43.605
1635163200000,43.605,43.835,43.38,43.8
1635177600000,43.8,44.74,43.595,44.295
1635192000000,44.295,44.805,44.245,44.555
1635206400000,44.555,44.575,43.805,44.03
1635220800000,44.03,44.19,43.62,43.765
1635235200000,43.765,44.205,43.76,43.95
1635249600000,43.95,44.28,43.305,43.91
1635264000000,43.91,44.95,43.56,44.615
1635278400000,44.615,46.02,43.645,44.935
1635292800000,44.935,45.155,44.355,44.89
1635307200000,44.89,45.775,43.195,43.2
1635321600000,43.2,43.2,38.325,41.71
1635336000000,41.71,42.285,41.335,41.495
1635350400000,41.495,41.695,40.02,40.965
1635364800000,40.965,41.355,40.03,40.42
1635379200000,40.42,41.21,39.82,41.015
1635393600000,41.015,41.63,40.155,41.245
1635408000000,41.245,43.11,41.22,42.43
1635422400000,42.43,42.92,42.325,42.515
1635436800000,42.515,42.87,41.51,42.66
1635451200000,42.66,43.065,41.79,41.87
1635465600000,41.87,43.785,41.62,43.575
1635480000000,43.575,43.735,42.56,42.57
1635494400000,42.57,43.18,42.4,42.675
1635508800000,42.675,43.4,42.315,43.345
1635523200000,43.345,44.385,43.34,44.13
1635537600000,44.13,44.36,43.925,44.17
1635552000000,44.17,44.33,43.06,43.18
1635566400000,43.18,43.45,42.975,43.3
1635580800000,43.3,43.565,42.765,43.445
1635595200000,43.445,43.45,42.47,43.09
1635609600000,43.09,43.33,42.65,43.325
1635624000000,43.325,43.425,42.115,42.77
1635638400000,42.77,43.385,41.81,42.14
1635652800000,42.14,42.235,41.315,42.03
1635667200000,42.03,42.03,41.375,41.505
1635681600000,41.505,42.29,41.05,42.15
1635696000000,42.15,42.54,41.845,42.325
1635710400000,42.325,43.105,42.14,42.765
1635724800000,42.765,43.51,42.055,42.21
1635739200000,42.21,43.515,41.76,43.515
1635753600000,43.515,45.12,43.32,44.855
1635768000000,44.855,49.01,44.825,48.805
1635782400000,48.805,49.605,47.745,49.13
1635796800000,49.13,51.57,48.805,49.99
1635811200000,49.99,50.03,48.465,49.43
1635825600000,49.43,49.865,48.11,48.235
1635840000000,48.235,53.375,48.2,52.09
1635854400000,52.09,52.84,50.785,51.395
1635868800000,51.395,52.635,51.17,52.35
1635883200000,52.35,52.4,50.88,51.735
1635897600000,51.735,51.835,49.885,50.645
1635912000000,50.645,51.875,49.75,51.435
1635926400000,51.435,52.535,51.015,51.29
1635940800000,51.29,53.54,49.175,53.385
1635955200000,53.385,54.61,52.115,54.185
1635969600000,54.185,54.33,53.15,53.36
1635984000000,53.36,53.43,52.26,53.305
1635998400000,53.305,53.675,52.46,52.64
1636012800000,52.64,53.385,52.34,52.46
1636027200000,52.46,55.15,52.35,52.95
1636041600000,52.95,53.94,52.55,53.675
1636056000000,53.675,54.43,53.28,53.89
1636070400000,53.89,53.96,52.415,52.805
1636084800000,52.805,53.165,52.465,52.845
1636099200000,52.845,52.89,51.625,51.94
1636113600000,51.94,52.615,50.71,50.97
1636128000000,50.97,51.74,50.665,51.395
1636142400000,51.395,51.98,50.84,51.815
1636156800000,51.815,52.42,50.91,51.315
1636171200000,51.315,51.6,50.515,50.76
1636185600000,50.76,51.165,49.045,49.725
1636200000000,49.725,50.69,49.015,50.395
1636214400000,50.395,51.44,50.33,51.415
1636228800000,51.415,52.19,51.245,52.025
1636243200000,52.025,52.2,51.335,52.125
1636257600000,52.125,52.175,51.565,51.925
1636272000000,51.925,53.525,51.92,53.015
1636286400000,53.015,53.48,52.6,53.02
1636300800000,53.02,53.135,51.845,51.955
1636315200000,51.955,52.33,51.675,52.235
1636329600000,52.235,53.24,51.75,52.895
1636344000000,52.895,53.125,52.32,52.895
1636358400000,52.895,53.74,52.465,53.565
1636372800000,53.565,53.685,52.51,53.22
1636387200000,53.22,53.885,52.885,53.525
1636401600000,53.525,53.6,53.05,53.42
1636416000000,53.42,53.45,52.65,53.06
1636430400000,53.06,53.205,52.7,52.765
1636444800000,52.765,52.965,51.615,52.12
1636459200000,52.12,52.28,50.505,51.115
1636473600000,51.115,51.635,50.51,50.98
1636488000000,50.98,51.405,50.725,50.77
1636502400000,50.77,50.99,50.14,50.36
1636516800000,50.36,50.81,50.12,50.575
1636531200000,50.575,52.04,50.57,50.97
1636545600000,50.97,51.55,50.08,51.335
1636560000000,51.335,51.895,49.14,49.295
1636574400000,49.295,49.32,42.0,46.82
1636588800000,46.82,48.105,45.6,47.925
1636603200000,47.925,49.375,47.36,49.085
1636617600000,49.085,49.415,47.87,49.3
1636632000000,49.3,49.4,47.19,47.885
1636646400000,47.885,48.655,47.65,48.61
1636660800000,48.61,48.66,47.43,47.43
1636675200000,47.43,47.71,45.84,47.01
1636689600000,47.01,47.4,45.8,46.185
1636704000000,46.185,46.745,44.705,45.385
1636718400000,45.385,46.27,44.58,45.035
1636732800000,45.035,46.31,44.07,45.005
1636747200000,45.005,46.165,45.005,45.9
1636761600000,45.9,46.785,45.75,45.925
1636776000000,45.925,46.29,45.415,46.23
1636790400000,46.23,46.31,45.23,45.575
1636804800000,45.575,46.755,44.905,46.745
1636819200000,46.745,47.5,46.46,46.81
1636833600000,46.81,47.19,46.695,47.085
1636848000000,47.085,47.82,46.6,46.64
1636862400000,46.64,47.025,46.22,46.36
1636876800000,46.36,46.745,45.845,46.63
1636891200000,46.63,46.785,45.72,45.785
1636905600000,45.785,45.94,45.1,45.72
1636920000000,45.72,46.44,45.615,46.4
1636934400000,46.4,47.22,46.4,46.73
1636948800000,46.73,46.955,46.55,46.615
1636963200000,46.615,47.14,46.22,46.89
1636977600000,46.89,47.49,45.695,45.76
1636992000000,45.76,45.875,45.11,45.76
1637006400000,45.76,45.76,44.545,44.805
1637020800000,44.805,44.81,40.85,41.785
1637035200000,41.785,42.44,40.81,42.29
1637049600000,42.29,42.59,37.735,41.22
1637064000000,41.22,42.695,40.565,41.98
1637078400000,41.98,42.365,41.12,41.55
1637092800000,41.55,41.625,40.01,40.815
1637107200000,40.815,41.19,38.7,39.39
1637121600000,39.39,40.535,38.92,40.165
1637136000000,40.165,41.93,38.98,41.91
1637150400000,41.91,42.53,40.23,40.81
1637164800000,40.81,42.115,40.455,41.93
1637179200000,41.93,42.775,41.325,42.73
1637193600000,42.73,43.23,42.38,42.385
1637208000000,42.385,42.505,40.5,41.225
1637222400000,41.225,41.3,40.175,40.25
1637236800000,40.25,41.045,38.34,38.97
1637251200000,38.97,40.045,37.4,39.935
1637265600000,39.935,40.23,38.47,39.035
1637280000000,39.035,40.31,38.4,38.905
1637294400000,38.905,39.85,38.85,39.07
1637308800000,39.07,40.52,39.055,39.86
1637323200000,39.86,41.925,39.805,41.76
1637337600000,41.76,42.26,41.21,41.715
1637352000000,41.715,41.765,40.855,41.22
1637366400000,41.22,41.935,41.22,41.37
1637380800000,41.37,41.7,41.0,41.36
1637395200000,41.36,41.825,41.36,41.595
1637409600000,41.595,41.98,40.1,40.22
1637424000000,40.22,41.82,39.88,41.53
1637438400000,41.53,42.11,41.46,42.1
1637452800000,42.1,42.55,40.965,41.08
1637467200000,41.08,41.47,40.86,40.87
1637481600000,40.87,42.445,40.685,41.35
1637496000000,41.35,41.68,40.84,41.48
1637510400000,41.48,41.775,41.17,41.32
1637524800000,41.32,43.55,41.255,41.955
1637539200000,41.955,42.15,40.0,40.22
1637553600000,40.22,40.405,39.44,39.885
1637568000000,39.885,40.54,39.885,39.91
1637582400000,39.91,41.055,39.51,40.185
1637596800000,40.185,40.475,38.9,39.015
1637611200000,39.015,39.875,38.8,39.485
1637625600000,39.485,39.82,39.11,39.46
1637640000000,39.46,39.755,38.69,39.06
1637654400000,39.06,39.915,38.575,39.06
1637668800000,39.06,40.92,39.04,40.78
1637683200000,40.78,41.49,40.71,41.37
1637697600000,41.37,41.38,40.475,40.795
1637712000000,40.795,40.915,39.34,39.555
1637726400000,39.555,39.845,39.24,39.64
1637740800000,39.64,40.225,39.275,39.385
1637755200000,39.385,39.685,38.385,39.385
1637769600000,39.385,39.475,38.17,38.325
1637784000000,38.325,38.775,38.085,38.33
1637798400000,38.33,39.375,38.085,39.17
1637812800000,39.17,39.2,38.3,38.755
1637827200000,38.755,39.38,38.4,39.345
1637841600000,39.345,40.495,39.31,40.195
1637856000000,40.195,40.93,39.935,40.1
1637870400000,40.1,40.215,39.22,39.48
1637884800000,39.48,39.64,38.6,38.625
1637899200000,38.625,38.9,37.045,37.635
1637913600000,37.635,37.66,33.97,34.445
1637928000000,34.445,36.275,33.65,35.605
1637942400000,35.605,35.84,34.735,35.485
1637956800000,35.485,35.735,34.31,34.54
1637971200000,34.54,35.215,34.4,34.945
1637985600000,34.945,35.255,34.57,34.89
1638000000000,34.89,35.84,34.89,35.24
1638014400000,35.24,35.91,35.175,35.59
1638028800000,35.59,35.915,35.495,35.625
1638043200000,35.625,35.81,34.61,35.15
1638057600000,35.15,35.15,32.73,33.105
1638072000000,33.105,33.865,32.855,33.69
1638086400000,33.69,34.165,33.225,33.8
1638100800000,33.8,33.95,33.39,33.735
1638115200000,33.735,33.805,32.2,33.555
1638129600000,33.555,35.815,33.525,35.77
1638144000000,35.77,36.93,35.605,36.24
1638158400000,36.24,36.52,35.815,36.39
1638172800000,36.39,36.445,35.385,35.48
1638187200000,35.48,36.27,35.46,35.945
1638201600000,35.945,37.255,35.68,36.19
1638216000000,36.19,37.505,36.19,37.08
1638230400000,37.08,37.535,35.91,36.39
1638244800000,36.39,36.575,35.395,35.765
1638259200000,35.765,36.67,35.545,36.635
1638273600000,36.635,38.755,36.635,37.645
1638288000000,37.645,39.295,37.075,38.545
1638302400000,38.545,38.645,37.875,37.905
1638316800000,37.905,38.74,37.625,38.265
1638331200000,38.265,38.3,37.4,37.78
1638345600000,37.78,38.045,37.165,37.38
1638360000000,37.38,38.275,37.26,38.055
1638374400000,38.055,38.265,37.03,37.455
1638388800000,37.455,37.5,36.215,36.805
1638403200000,36.805,36.805,35.07,35.18
1638417600000,35.18,35.84,35.15,35.785
1638432000000,35.785,36.22,35.42,35.785
1638446400000,35.785,36.61,35.49,36.135
1638460800000,36.135,36.515,35.66,35.865
1638475200000,35.865,36.32,35.705,35.77
1638489600000,35.77,36.09,35.155,35.53
1638504000000,35.53,36.22,35.45,35.875
1638518400000,35.875,36.52,35.735,36.485
1638532800000,36.485,36.86,35.195,35.285
1638547200000,35.285,35.285,33.485,33.59
1638561600000,33.59,34.23,32.455,33.725
1638576000000,33.725,33.845,31.31,31.37
1638590400000,31.37,32.32,23.795,27.73
1638604800000,27.73,28.655,27.1,27.63
1638619200000,27.63,29.205,27.63,28.9
1638633600000,28.9,29.81,27.89,29.675
1638648000000,29.675,29.91,28.69,29.385
1638662400000,29.385,29.725,28.295,29.065
1638676800000,29.065,29.095,28.25,28.485
1638691200000,28.485,28.71,27.95,28.465
1638705600000,28.465,28.88,26.345,26.83
1638720000000,26.83,28.255,26.685,27.785
1638734400000,27.785,28.58,27.29,28.3
1638748800000,28.3,28.33,26.625,27.355
1638763200000,27.355,27.725,25.665,26.27
1638777600000,26.27,26.96,24.85,26.305
1638792000000,26.305,27.105,25.84,27.105
1638806400000,27.105,27.38,26.775,27.185
1638820800000,27.185,28.945,26.95,28.135
1638835200000,28.135,28.53,27.695,28.21
1638849600000,28.21,28.74,27.895,28.635
1638864000000,28.635,29.94,28.52,29.84
1638878400000,29.84,31.015,28.56,30.915
1638892800000,30.915,31.455,30.06,30.23
1638907200000,30.23,30.515,29.395,30.505
1638921600000,30.505,30.62,28.62,28.85
1638936000000,28.85,29.57,28.83,29.385
1638950400000,29.385,29.64,28.025,28.51
1638964800000,28.51,30.145,28.175,29.585
1638979200000,29.585,29.775,29.1,29.445
1638993600000,29.445,29.91,29.19,29.8
1639008000000,29.8,30.125,28.655,28.785
1639022400000,28.785,29.16,28.32,28.83
1639036800000,28.83,28.83,28.135,28.62
1639051200000,28.62,28.825,27.27,27.71
1639065600000,27.71,28.03,27.02,27.285
1639080000000,27.285,27.61,26.81,26.92
1639094400000,26.92,27.655,26.71,27.34
1639108800000,27.34,27.485,26.11,26.445
1639123200000,26.445,27.42,26.355,27.365
1639137600000,27.365,28.395,26.135,26.28
1639152000000,26.28,26.495,25.71,26.44
1639166400000,26.44,27.57,26.35,26.435
1639180800000,26.435,28.09,25.805,27.395
1639195200000,27.395,28.175,27.345,27.685
1639209600000,27.685,28.075,27.115,27.16
1639224000000,27.16,27.635,27.03,27.545
1639238400000,27.545,27.985,27.49,27.75
1639252800000,27.75,27.995,27.29,27.79
1639267200000,27.79,27.985,27.55,27.745
1639281600000,27.745,27.895,27.32,27.75
1639296000000,27.75,28.45,27.35,28.33
1639310400000,28.33,28.795,28.24,28.575
1639324800000,28.575,29.715,28.515,29.5
1639339200000,29.5,29.995,29.08,29.51
1639353600000,29.51,29.82,28.365,28.995
1639368000000,28.995,29.035,27.905,28.0
1639382400000,28.0,28.42,27.645,28.13
1639396800000,28.13,28.295,26.27,26.5
1639411200000,26.5,26.96,25.525,26.125
1639425600000,26.125,26.46,25.765,25.935
1639440000000,25.935,26.44,25.675,26.33
1639454400000,26.33,26.51,25.39,26.03
1639468800000,26.03,26.325,25.65,26.305
1639483200000,26.305,26.66,25.47,25.645
1639497600000,25.645,25.955,24.99,25.335
1639512000000,25.335,26.455,25.335,26.16
1639526400000,26.16,26.355,25.75,26.29
1639540800000,26.29,26.475,25.825,26.245
1639555200000,26.245,26.62,25.825,25.91
1639569600000,25.91,26.055,24.435,24.455
1639584000000,24.455,27.2,24.28,27.02
1639598400000,27.02,28.015,26.59,27.125
1639612800000,27.125,27.82,26.815,26.905
1639627200000,26.905,27.255,26.645,26.88
1639641600000,26.88,27.72,26.785,27.545
1639656000000,27.545,27.66,26.725,27.4
1639670400000,27.4,27.655,26.05,26.21
1639684800000,26.21,26.96,25.74,26.01
1639699200000,26.01,26.2,25.735,25.87
1639713600000,25.87,26.045,25.135,25.445
1639728000000,25.445,25.625,24.7,24.92
1639742400000,24.92,25.19,24.16,24.955
1639756800000,24.955,25.465,24.66,24.815
1639771200000,24.815,24.965,24.225,24.64
1639785600000,24.64,24.92,24.22,24.69
1639800000000,24.69,25.115,24.56,24.93
1639814400000,24.93,25.525,24.84,25.24
1639828800000,25.24,25.42,24.91,25.245
1639843200000,25.245,25.48,25.01,25.435
1639857600000,25.435,25.72,25.275,25.485
1639872000000,25.485,25.7,24.85,25.575
1639886400000,25.575,25.84,25.36,25.4
1639900800000,25.4,25.435,24.86,25.115
1639915200000,25.115,25.495,24.92,25.06
1639929600000,25.06,25.235,24.68,24.735
1639944000000,24.735,25.115,24.62,24.78
1639958400000,24.78,24.99,24.42,24.58
1639972800000,24.58,24.85,24.19,24.385
1639987200000,24.385,24.485,23.665,23.96
1640001600000,23.96,23.96,23.255,23.52
1640016000000,23.52,24.185,23.465,24.16
1640030400000,24.16,24.645,24.025,24.075
1640044800000,24.075,24.515,23.76,24.47
1640059200000,24.47,24.84,24.305,24.495
1640073600000,24.495,24.945,24.445,24.945
1640088000000,24.945,25.35,24.665,24.795
1640102400000,24.795,25.145,24.735,25.13
1640116800000,25.13,25.61,24.995,25.145
1640131200000,25.145,25.92,24.985,25.79
1640145600000,25.79,26.14,25.55,26.07
1640160000000,26.07,26.815,25.93,26.625
1640174400000,26.625,27.335,26.005,27.29
1640188800000,27.29,27.945,27.12,27.835
1640203200000,27.835,28.175,26.89,27.19
1640217600000,27.19,28.465,26.825,28.09
1640232000000,28.09,28.095,27.015,27.12
1640246400000,27.12,27.46,26.745,26.865
1640260800000,26.865,28.18,26.755,28.01
1640275200000,28.01,29.77,27.51,29.39
1640289600000,29.39,29.495,28.88,29.115
1640304000000,29.115,29.28,28.67,28.905
1640318400000,28.905,29.165,28.575,29.035
1640332800000,29.035,29.62,28.98,29.13
1640347200000,29.13,29.47,28.385,28.94
1640361600000,28.94,29.48,28.675,28.78
1640376000000,28.78,29.01,27.815,28.12
1640390400000,28.12,28.545,27.945,28.175
1640404800000,28.175,28.685,28.125,28.53
1640419200000,28.53,28.755,28.245,28.31
1640433600000,28.31,28.46,28.11,28.375
1640448000000,28.375,28.74,28.05,28.69
1640462400000,28.69,29.09,28.59,28.815
1640476800000,28.815,29.43,28.265,28.37
1640491200000,28.37,28.77,28.275,28.59
1640505600000,28.59,29.545,28.535,29.16
1640520000000,29.16,29.97,29.05,29.835
1640534400000,29.835,31.22,29.835,30.85
1640548800000,30.85,31.695,30.015,31.27
1640563200000,31.27,31.835,31.27,31.455
1640577600000,31.455,31.775,30.905,31.395
1640592000000,31.395,31.595,30.88,31.415
1640606400000,31.415,32.67,31.085,32.33
1640620800000,32.33,32.74,32.06,32.09
1640635200000,32.09,32.225,30.83,30.97
1640649600000,30.97,30.97,29.24,29.515
1640664000000,29.515,29.515,28.615,28.995
1640678400000,28.995,29.795,28.88,29.73
1640692800000,29.73,29.88,28.605,29.455
1640707200000,29.455,29.475,27.465,27.93
1640721600000,27.93,28.655,27.73,27.82
1640736000000,27.82,28.83,27.79,28.765
1640750400000,28.765,28.935,27.745,27.955
1640764800000,27.955,28.41,27.82,28.375
1640779200000,28.375,28.795,27.01,28.72
1640793600000,28.72,28.8,27.85,27.975
1640808000000,27.975,28.25,26.455,26.795
1640822400000,26.795,26.875,26.15,26.39
1640836800000,26.39,27.515,26.385,27.365
1640851200000,27.365,27.85,27.02,27.78
1640865600000,27.78,28.12,27.465,27.485
1640880000000,27.485,28.38,27.485,28.175
1640894400000,28.175,28.26,27.24,27.53
1640908800000,27.53,27.82,26.405,26.905
1640923200000,26.905,27.23,26.595,26.91
1640937600000,26.91,28.105,26.79,27.595
1640952000000,27.595,27.955,27.55,27.835
1640966400000,27.835,27.99,26.24,26.275
1640980800000,26.275,27.06,26.225,26.625
1640995200000,26.625,27.405,26.625,27.16
1641009600000,27.16,27.49,26.83,27.365
1641024000000,27.365,27.405,26.835,27.03
1641038400000,27.03,27.695,26.925,27.57
1641052800000,27.57,28.055,27.45,27.945
1641067200000,27.945,28.615,27.945,28.56
1641081600000,28.56,28.605,28.055,28.19
1641096000000,28.19,28.495,27.81,28.36
1641110400000,28.36,28.925,28.195,28.885
1641124800000,28.885,29.77,28.69,29.7
1641139200000,29.7,30.575,29.275,29.91
1641153600000,29.91,30.145,29.575,29.695
1641168000000,29.695,30.28,28.76,28.805
1641182400000,28.805,29.13,28.64,28.915
1641196800000,28.915,30.055,28.78,30.005
1641211200000,30.005,30.87,29.78,30.16
1641225600000,30.16,30.33,29.165,29.9
1641240000000,29.9,30.67,29.29,30.095
1641254400000,30.095,30.575,29.48,29.875
1641268800000,29.875,30.145,29.7,29.82
1641283200000,29.82,30.04,29.255,30.01
1641297600000,30.01,30.32,29.49,29.73
1641312000000,29.73,30.115,28.74,29.18
1641326400000,29.18,29.585,28.685,28.705
1641340800000,28.705,29.51,28.375,29.455
1641355200000,29.455,29.9,29.285,29.67
1641369600000,29.67,30.355,29.515,29.785
1641384000000,29.785,30.295,29.53,30.03
1641398400000,30.03,30.05,27.81,27.98
1641412800000,27.98,28.145,25.005,26.655
1641427200000,26.655,26.925,25.555,25.565
1641441600000,25.565,26.41,25.505,26.39
1641456000000,26.39,26.42,25.6,25.895
1641470400000,25.895,26.365,25.58,26.11
1641484800000,26.11,27.275,25.935,27.16
1641499200000,27.16,27.315,26.6,26.695
1641513600000,26.695,26.815,24.97,25.04
1641528000000,25.04,25.33,24.23,24.93
1641542400000,24.93,26.005,24.825,25.495
1641556800000,25.495,25.88,24.46,25.06
1641571200000,25.06,26.025,24.585,25.475
1641585600000,25.475,25.63,24.73,24.865
1641600000000,24.865,25.47,24.775,25.315
1641614400000,25.315,25.51,25.13,25.315
1641628800000,25.315,25.47,25.02,25.22
1641643200000,25.22,25.265,24.465,24.65
1641657600000,24.65,24.83,23.105,23.38
1641672000000,23.38,24.47,23.22,23.975
1641686400000,23.975,24.5,23.67,24.115
1641700800000,24.115,24.375,24.0,24.07
1641715200000,24.07,24.85,23.74,24.695
1641729600000,24.695,24.78,24.065,24.375
1641744000000,24.375,25.295,24.325,25.255
1641758400000,25.255,25.27,24.465,24.61
1641772800000,24.61,24.93,24.34,24.89
1641787200000,24.89,25.185,24.805,24.94
1641801600000,24.94,24.995,24.24,24.305
1641816000000,24.305,24.38,22.345,23.26
1641830400000,23.26,24.0,22.775,23.21
1641844800000,23.21,23.78,23.085,23.69
1641859200000,23.69,24.275,23.475,24.255
1641873600000,24.255,24.35,23.855,24.215
1641888000000,24.215,24.445,23.695,23.9
1641902400000,23.9,24.815,23.82,24.775
1641916800000,24.775,25.955,24.775,25.645
1641931200000,25.645,25.75,25.4,25.53
1641945600000,25.53,25.87,25.45,25.7
1641960000000,25.7,26.12,25.535,25.765
1641974400000,25.765,26.35,25.71,26.14
1641988800000,26.14,27.355,26.12,27.105
1642003200000,27.105,27.49,26.825,27.335
1642017600000,27.335,27.56,27.165,27.305
1642032000000,27.305,27.66,26.46,26.6
1642046400000,26.6,27.095,26.575,26.805
1642060800000,26.805,27.195,26.54,26.685
1642075200000,26.685,27.46,26.11,26.41
1642089600000,26.41,26.745,25.935,26.09
1642104000000,26.09,26.235,25.705,25.78
1642118400000,25.78,27.65,25.535,27.295
1642132800000,27.295,27.455,26.76,26.91
1642147200000,26.91,26.96,26.12,26.335
1642161600000,26.335,27.43,26.075,27.21
1642176000000,27.21,27.32,26.76,27.02
1642190400000,27.02,27.87,26.955,27.725
1642204800000,27.725,27.84,27.19,27.385
1642219200000,27.385,27.42,27.03,27.26
1642233600000,27.26,27.585,27.18,27.36
1642248000000,27.36,27.42,26.825,27.375
1642262400000,27.375,28.375,27.34,28.23
1642276800000,28.23,28.36,27.585,27.585
1642291200000,27.585,28.44,27.56,28.155
1642305600000,28.155,28.32,27.77,28.16
1642320000000,28.16,28.42,27.755,27.845
1642334400000,27.845,28.135,27.25,27.745
1642348800000,27.745,28.2,27.565,27.6
1642363200000,27.6,27.78,27.39,27.68
1642377600000,27.68,27.725,26.495,26.5
1642392000000,26.5,26.89,26.245,26.64
1642406400000,26.64,26.85,26.47,26.515
1642420800000,26.515,26.635,25.86,25.955
1642435200000,25.955,26.18,25.52,25.8
1642449600000,25.8,25.865,25.08,25.665
1642464000000,25.665,26.025,25.28,25.42
1642478400000,25.42,25.52,25.1,25.35
1642492800000,25.35,25.35,24.435,24.92
1642507200000,24.92,24.985,24.22,24.58
1642521600000,24.58,24.925,24.455,24.855
1642536000000,24.855,25.33,24.655,25.13
1642550400000,25.13,25.265,24.445,24.58
1642564800000,24.58,24.755,23.655,23.825
1642579200000,23.825,24.385,23.73,24.37
1642593600000,24.37,24.79,24.14,24.31
1642608000000,24.31,24.455,23.935,24.28
1642622400000,24.28,24.35,23.99,24.06
1642636800000,24.06,24.54,23.945,24.405
1642651200000,24.405,24.71,24.38,24.605
1642665600000,24.605,24.67,24.28,24.515
1642680000000,24.515,25.585,24.365,25.375
1642694400000,25.375,25.505,24.93,24.975
1642708800000,24.975,25.01,22.7,23.0
1642723200000,23.0,23.445,21.83,22.025
1642737600000,22.025,22.565,22.025,22.435
1642752000000,22.435,22.66,22.13,22.305
1642766400000,22.305,22.335,20.905,22.07
1642780800000,22.07,22.225,21.535,21.535
1642795200000,21.535,21.74,18.95,19.645
1642809600000,19.645,20.105,19.16,19.495
1642824000000,19.495,19.68,17.055,17.285
1642838400000,17.285,18.82,16.03,18.425
1642852800000,18.425,19.245,17.505,17.58
1642867200000,17.58,18.365,17.175,17.545
1642881600000,17.545,18.925,17.44,18.265
1642896000000,18.265,18.89,18.03,18.26
1642910400000,18.26,18.85,17.9,18.69
1642924800000,18.69,19.165,18.47,18.59
1642939200000,18.59,18.93,17.705,18.1
1642953600000,18.1,18.335,17.715,17.88
1642968000000,17.88,19.035,17.76,18.805
1642982400000,18.805,18.805,17.655,17.84
1642996800000,17.84,17.945,17.065,17.15
1643011200000,17.15,17.585,16.17,16.42
1643025600000,16.42,17.1,15.81,16.99
1643040000000,16.99,17.79,16.605,17.56
1643054400000,17.56,18.345,17.485,18.02
1643068800000,18.02,18.08,17.64,17.875
1643083200000,17.875,17.94,17.35,17.695
1643097600000,17.695,18.33,17.655,18.155
1643112000000,18.155,18.895,17.77,18.48
1643126400000,18.48,19.02,18.35,18.71
1643140800000,18.71,18.73,18.205,18.29
1643155200000,18.29,18.805,18.15,18.785
1643169600000,18.785,18.985,18.42,18.62
1643184000000,18.62,18.98,18.62,18.94
1643198400000,18.94,19.46,18.58,19.17
1643212800000,19.17,20.035,18.335,18.895
1643227200000,18.895,18.905,17.52,18.05
1643241600000,18.05,18.175,17.12,17.34
1643256000000,17.34,17.67,17.295,17.55
1643270400000,17.55,17.99,17.385,17.945
1643284800000,17.945,18.46,17.82,18.1
1643299200000,18.1,18.27,17.7,17.895
1643313600000,17.895,18.21,17.23,18.095
1643328000000,18.095,18.47,17.71,18.335
1643342400000,18.335,18.445,17.85,17.885
1643356800000,17.885,18.045,17.475,17.62
1643371200000,17.62,17.965,17.345,17.925
1643385600000,17.925,18.27,17.72,17.94
1643400000000,17.94,18.415,17.865,18.315
1643414400000,18.315,18.535,18.06,18.4
1643428800000,18.4,18.765,18.36,18.715
1643443200000,18.715,18.76,18.475,18.55
1643457600000,18.55,18.885,18.255,18.4
1643472000000,18.4,18.75,18.25,18.605
1643486400000,18.605,19.065,18.54,18.71
1643500800000,18.71,18.725,18.38,18.535
1643515200000,18.535,18.99,18.505,18.845
1643529600000,18.845,18.96,18.67,18.845
1643544000000,18.845,18.905,18.335,18.485
1643558400000,18.485,18.605,17.835,17.93
1643572800000,17.93,18.34,17.79,18.13
1643587200000,18.13,18.17,17.325,17.515
1643601600000,17.515,17.525,17.115,17.49
1643616000000,17.49,17.805,17.46,17.67
1643630400000,17.67,18.675,17.45,18.63
1643644800000,18.63,19.18,18.41,19.085
1643659200000,19.085,19.595,19.025,19.345
1643673600000,19.345,19.855,19.145,19.735
1643688000000,19.735,19.75,19.21,19.405
1643702400000,19.405,19.77,19.11,19.59
1643716800000,19.59,19.915,19.275,19.665
1643731200000,19.665,19.98,19.54,19.635
1643745600000,19.635,19.86,19.55,19.56
1643760000000,19.56,20.56,19.44,20.3
1643774400000,20.3,20.325,19.955,20.015
1643788800000,20.015,20.44,19.92,20.38
1643803200000,20.38,20.53,19.165,19.215
1643817600000,19.215,19.58,18.795,19.49
1643832000000,19.49,19.505,18.465,18.74
1643846400000,18.74,18.865,18.28,18.335
1643860800000,18.335,18.57,18.285,18.54
1643875200000,18.54,18.69,18.02,18.33
1643889600000,18.33,18.67,17.97,18.57
1643904000000,18.57,18.71,18.2,18.31
1643918400000,18.31,18.95,18.15,18.89
1643932800000,18.89,18.94,18.74,18.795
1643947200000,18.795,19.385,18.705,19.18
1643961600000,19.18,19.52,19.16,19.285
1643976000000,19.285,19.875,18.86,19.67
1643990400000,19.67,20.315,19.65,20.225
1644004800000,20.225,20.49,19.985,20.455
1644019200000,20.455,22.065,20.3,21.74
1644033600000,21.74,22.235,21.645,21.67
1644048000000,21.67,21.96,21.415,21.615
1644062400000,21.615,21.945,21.445,21.8
1644076800000,21.8,21.85,20.84,21.17
1644091200000,21.17,21.495,21.07,21.32
1644105600000,21.32,21.865,21.3,21.46
1644120000000,21.46,21.555,21.03,21.38
1644134400000,21.38,21.49,21.21,21.3
1644148800000,21.3,21.68,20.76,21.08
1644163200000,21.08,21.34,20.985,21.28
1644177600000,21.28,21.94,21.08,21.88
1644192000000,21.88,22.235,21.38,22.165
1644206400000,22.165,22.45,22.03,22.195
1644220800000,22.195,22.51,21.815,22.385
1644235200000,22.385,22.61,21.65,22.565
1644249600000,22.565,22.68,22.19,22.395
1644264000000,22.395,22.59,22.205,22.35
1644278400000,22.35,22.88,21.845,22.64
1644292800000,22.64,23.17,22.5,22.5
1644307200000,22.5,22.57,21.31,21.735
1644321600000,21.735,21.735,21.075,21.415
1644336000000,21.415,21.52,21.07,21.215
1644350400000,21.215,21.74,21.175,21.655
1644364800000,21.655,21.845,21.2,21.285
1644379200000,21.285,21.595,21.035,21.54
1644393600000,21.54,21.79,21.335,21.765
1644408000000,21.765,22.17,21.705,21.91
1644422400000,21.91,22.15,21.76,22.085
1644436800000,22.085,22.215,21.825,21.935
1644451200000,21.935,22.0,21.445,21.49
1644465600000,21.49,21.76,21.465,21.76
1644480000000,21.76,22.455,21.66,22.24
1644494400000,22.24,22.32,20.54,21.72
1644508800000,21.72,22.015,20.86,20.875
1644523200000,20.875,21.04,20.485,20.5
1644537600000,20.5,20.685,20.02,20.43
1644552000000,20.43,20.535,20.175,20.505
1644566400000,20.505,20.68,20.255,20.45
1644580800000,20.45,20.725,20.32,20.52
1644595200000,20.52,20.56,19.295,19.52
1644609600000,19.52,19.59,18.585,18.97
1644624000000,18.97,19.13,18.64,18.75
1644638400000,18.75,18.965,18.245,18.695
1644652800000,18.695,18.975,18.455,18.91
1644667200000,18.91,18.92,18.4,18.765
1644681600000,18.765,19.4,18.65,18.97
1644696000000,18.97,19.115,18.485,18.795
1644710400000,18.795,19.15,18.67,19.095
1644724800000,19.095,19.26,18.96,19.09
1644739200000,19.09,19.18,18.805,19.035
1644753600000,19.035,19.14,18.705,19.005
1644768000000,19.005,19.025,18.36,18.505
1644782400000,18.505,18.895,18.445,18.725
1644796800000,18.725,18.865,18.0,18.27
1644811200000,18.27,18.395,18.045,18.395
1644825600000,18.395,18.485,18.165,18.29
1644840000000,18.29,18.93,18.115,18.665
1644854400000,18.665,18.89,18.325,18.44
1644868800000,18.44,18.8,18.34,18.68
1644883200000,18.68,19.355,18.64,19.18
1644897600000,19.18,19.38,19.105,19.35
1644912000000,19.35,19.87,19.345,19.7
1644926400000,19.7,20.12,19.625,19.985
1644940800000,19.985,19.995,19.565,19.745
1644955200000,19.745,20.315,19.73,20.14
1644969600000,20.14,20.155,19.735,19.79
1644984000000,19.79,19.9,19.39,19.89
1644998400000,19.89,19.97,19.56,19.75
1645012800000,19.75,19.795,19.06,19.235
1645027200000,19.235,20.095,19.1,20.06
1645041600000,20.06,20.18,19.71,19.75
1645056000000,19.75,19.985,19.355,19.36
1645070400000,19.36,19.555,19.1,19.515
1645084800000,19.515,19.585,18.945,19.11
1645099200000,19.11,19.2,18.4,18.6
1645113600000,18.6,18.745,17.75,18.295
1645128000000,18.295,18.295,17.76,18.15
1645142400000,18.15,18.39,17.96,18.365
1645156800000,18.365,18.515,18.235,18.385
1645171200000,18.385,18.605,18.04,18.13
1645185600000,18.13,18.385,17.61,17.86
1645200000000,17.86,18.125,17.615,17.97
1645214400000,17.97,18.015,17.64,17.82
1645228800000,17.82,18.125,17.745,17.99
1645243200000,17.99,18.2,17.955,18.065
1645257600000,18.065,18.095,17.375,17.53
1645272000000,17.53,17.795,17.345,17.79
1645286400000,17.79,17.975,17.58,17.615
1645300800000,17.615,17.885,17.525,17.82
1645315200000,17.82,17.845,17.385,17.425
1645329600000,17.425,17.46,16.67,16.99
1645344000000,16.99,17.155,16.715,17.155
1645358400000,17.155,17.35,16.68,16.965
1645372800000,16.965,17.1,16.73,17.02
1645387200000,17.02,17.27,16.71,16.9
1645401600000,16.9,17.515,16.82,17.285
1645416000000,17.285,17.655,17.285,17.65
1645430400000,17.65,17.71,16.46,16.645
1645444800000,16.645,17.525,16.31,17.115
1645459200000,17.115,17.285,16.37,16.65
1645473600000,16.65,16.755,16.015,16.165
1645488000000,16.165,16.435,15.785,15.875
1645502400000,15.875,16.21,15.825,15.905
1645516800000,15.905,16.47,15.885,16.325
1645531200000,16.325,16.705,16.15,16.515
1645545600000,16.515,16.59,16.04,16.36
1645560000000,16.36,16.635,16.14,16.59
1645574400000,16.59,16.68,16.075,16.205
1645588800000,16.205,16.93,16.165,16.905
1645603200000,16.905,17.39,16.845,17.21
1645617600000,17.21,17.48,16.925,16.96
1645632000000,16.96,17.345,16.26,16.285
1645646400000,16.285,16.3,15.91,15.955
1645660800000,15.955,16.145,14.635,14.835
1645675200000,14.835,15.02,14.095,14.485
1645689600000,14.485,14.785,14.025,14.375
1645704000000,14.375,15.535,14.235,15.37
1645718400000,15.37,16.085,15.09,16.075
1645732800000,16.075,16.73,15.665,16.15
1645747200000,16.15,16.32,15.855,16.19
1645761600000,16.19,16.23,15.83,16.09
1645776000000,16.09,16.16,15.77,16.105
1645790400000,16.105,16.73,16.08,16.53
1645804800000,16.53,16.625,16.16,16.375
1645819200000,16.375,17.51,16.29,17.235
1645833600000,17.235,18.2,17.165,17.895
1645848000000,17.895,18.235,17.625,18.005
1645862400000,18.005,18.79,17.555,18.37
1645876800000,18.37,18.435,18.06,18.13
1645891200000,18.13,18.555,17.75,18.455
1645905600000,18.455,18.675,17.805,17.99
1645920000000,17.99,18.075,17.375,17.64
1645934400000,17.64,17.97,17.495,17.835
1645948800000,17.835,18.575,17.615,18.49
1645963200000,18.49,18.71,17.645,18.55
1645977600000,18.55,18.55,17.29,17.36
1645992000000,17.36,17.68,17.055,17.475
1646006400000,17.475,17.65,17.14,17.355
1646020800000,17.355,17.52,16.61,17.07
1646035200000,17.07,17.255,16.805,16.98
1646049600000,16.98,17.95,16.74,17.91
1646064000000,17.91,18.085,17.525,17.735
1646078400000,17.735,19.09,17.73,18.93
1646092800000,18.93,19.32,18.57,18.66
1646107200000,18.66,18.88,18.31,18.81
1646121600000,18.81,18.985,18.36,18.825
1646136000000,18.825,19.545,18.575,18.845
1646150400000,18.845,19.02,18.45,18.68
1646164800000,18.68,18.98,18.645,18.875
1646179200000,18.875,19.2,18.37,19.1
1646193600000,19.1,19.26,18.565,18.72
1646208000000,18.72,19.07,18.57,18.945
1646222400000,18.945,19.165,18.335,18.64
1646236800000,18.64,18.745,18.355,18.505
1646251200000,18.505,18.815,18.445,18.6
1646265600000,18.6,18.64,18.005,18.175
1646280000000,18.175,18.42,18.035,18.32
1646294400000,18.32,18.4,18.085,18.315
1646308800000,18.315,18.625,18.005,18.11
1646323200000,18.11,18.205,17.76,18.045
1646337600000,18.045,18.1,17.78,18.01
1646352000000,18.01,18.045,17.05,17.33
1646366400000,17.33,17.36,17.115,17.26
1646380800000,17.26,17.53,16.94,17.415
1646395200000,17.415,17.525,16.96,17.015
1646409600000,17.015,17.245,16.705,16.765
1646424000000,16.765,16.835,16.47,16.76
1646438400000,16.76,16.785,16.175,16.57
1646452800000,16.57,16.88,16.45,16.815
1646467200000,16.815,17.235,16.69,17.005
1646481600000,17.005,17.435,16.835,17.315
1646496000000,17.315,17.79,17.19,17.415
1646510400000,17.415,17.46,17.235,17.295
1646524800000,17.295,17.44,16.865,16.94
1646539200000,16.94,17.155,16.66,17.04
1646553600000,17.04,17.045,16.52,16.72
1646568000000,16.72,16.96,16.675,16.945
1646582400000,16.945,17.335,16.86,17.165
1646596800000,17.165,17.575,16.885,16.97
1646611200000,16.97,16.99,16.255,16.385
1646625600000,16.385,16.62,16.32,16.39
1646640000000,16.39,16.535,16.155,16.5
1646654400000,16.5,17.11,16.5,16.88
1646668800000,16.88,17.055,16.02,16.105
1646683200000,16.105,16.56,15.99,16.395
1646697600000,16.395,16.715,16.3,16.68
1646712000000,16.68,16.825,16.355,16.625
1646726400000,16.625,16.93,16.6,16.87
1646740800000,16.87,16.975,16.625,16.81
1646755200000,16.81,17.235,16.65,17.11
1646769600000,17.11,17.15,16.765,16.945
1646784000000,16.945,17.775,16.88,17.715
1646798400000,17.715,17.865,17.56,17.815
1646812800000,17.815,17.96,17.645,17.8
1646827200000,17.8,17.955,17.63,17.94
1646841600000,17.94,18.065,17.54,17.75
1646856000000,17.75,17.96,17.565,17.845
1646870400000,17.845,17.925,17.35,17.35
1646884800000,17.35,17.4,16.67,16.955
1646899200000,16.955,17.07,16.82,16.92
1646913600000,16.92,17.245,16.68,16.91
1646928000000,16.91,17.15,16.88,17.095
1646942400000,17.095,17.14,16.84,16.955
1646956800000,16.955,17.05,16.68,17.015
1646971200000,17.015,17.855,16.93,17.71
1646985600000,17.71,18.23,17.565,18.225
1647000000000,18.225,18.47,17.73,17.89
1647014400000,17.89,18.37,17.435,17.97
1647028800000,17.97,18.025,17.625,17.675
1647043200000,17.675,18.42,17.66,18.12
1647057600000,18.12,18.685,18.015,18.28
1647072000000,18.28,18.41,18.07,18.185
1647086400000,18.185,18.395,17.915,18.27
1647100800000,18.27,18.705,18.2,18.43
1647115200000,18.43,18.51,18.085,18.12
1647129600000,18.12,18.375,18.015,18.2
1647144000000,18.2,18.265,18.005,18.115
1647158400000,18.115,18.145,17.75,17.86
1647172800000,17.86,17.955,17.585,17.75
1647187200000,17.75,18.05,17.715,17.845
1647201600000,17.845,17.925,17.12,17.215
1647216000000,17.215,17.365,16.995,17.34
1647230400000,17.34,17.72,17.33,17.69
1647244800000,17.69,17.835,17.56,17.56
1647259200000,17.56,17.65,17.37,17.525
1647273600000,17.525,17.615,17.155,17.325
1647288000000,17.325,17.81,17.225,17.69
1647302400000,17.69,17.775,17.385,17.415
1647316800000,17.415,17.47,17.055,17.175
1647331200000,17.175,17.32,17.045,17.25
1647345600000,17.25,17.55,17.11,17.465
1647360000000,17.465,17.985,17.43,17.93
1647374400000,17.93,18.03,17.76,17.8
1647388800000,17.8,18.67,17.725,17.96
1647403200000,17.96,18.24,17.855,18.2
1647417600000,18.2,18.46,18.065,18.26
1647432000000,18.26,18.405,18.095,18.23
1647446400000,18.23,18.59,17.675,18.575
1647460800000,18.575,19.18,18.51,19.035
1647475200000,19.035,19.34,18.74,19.1
1647489600000,19.1,19.28,18.855,18.96
1647504000000,18.96,19.055,18.73,18.795
1647518400000,18.795,19.1,18.765,18.845
1647532800000,18.845,18.93,18.605,18.83
1647547200000,18.83,18.85,18.66,18.725
1647561600000,18.725,18.825,18.355,18.4
1647576000000,18.4,18.655,18.355,18.46
1647590400000,18.46,18.645,18.305,18.37
1647604800000,18.37,18.63,18.11,18.57
1647619200000,18.57,19.06,18.55,19.06
1647633600000,19.06,19.19,18.825,18.945
1647648000000,18.945,19.315,18.85,19.025
1647662400000,19.025,19.07,18.865,18.895
1647676800000,18.895,19.31,18.88,19.235
1647691200000,19.235,19.74,19.22,19.575
1647705600000,19.575,19.775,19.385,19.485
1647720000000,19.485,19.68,19.13,19.385
1647734400000,19.385,19.45,19.075,19.225
1647748800000,19.225,19.37,19.02,19.125
1647763200000,19.125,19.2,18.61,18.675
1647777600000,18.675,18.86,18.505,18.595
1647792000000,18.595,18.77,18.255,18.755
1647806400000,18.755,18.855,18.485,18.645
1647820800000,18.645,18.905,18.305,18.595
1647835200000,18.595,18.925,18.465,18.875
1647849600000,18.875,19.055,18.795,18.865
1647864000000,18.865,19.04,18.585,18.98
1647878400000,18.98,18.99,18.575,18.79
1647892800000,18.79,18.87,18.65,18.73
1647907200000,18.73,19.66,18.655,19.585
1647921600000,19.585,19.97,19.55,19.73
1647936000000,19.73,20.21,19.675,20.135
1647950400000,20.135,20.175,19.79,19.9
1647964800000,19.9,20.04,19.76,19.77
1647979200000,19.77,20.46,19.76,20.2
1647993600000,20.2,20.71,19.78,20.255
1648008000000,20.255,20.48,20.06,20.275
1648022400000,20.275,20.415,19.95,20.205
1648036800000,20.205,20.97,20.16,20.85
1648051200000,20.85,20.94,20.36,20.655
1648065600000,20.655,21.125,20.635,20.985
1648080000000,20.985,21.2,20.7,20.805
1648094400000,20.805,21.135,20.785,20.95
1648108800000,20.95,20.96,20.51,20.68
1648123200000,20.68,21.15,20.23,21.12
1648137600000,21.12,21.5,20.935,21.16
1648152000000,21.16,21.36,21.055,21.235
1648166400000,21.235,21.36,20.935,21.05
1648180800000,21.05,21.195,20.755,20.79
1648195200000,20.79,21.155,20.52,21.105
1648209600000,21.105,21.155,20.525,20.65
1648224000000,20.65,20.77,20.165,20.605
1648238400000,20.605,20.765,20.43,20.53
1648252800000,20.53,20.625,20.235,20.46
1648267200000,20.46,20.895,20.435,20.825
1648281600000,20.825,20.96,20.68,20.855
1648296000000,20.855,20.935,20.7,20.83
1648310400000,20.83,20.97,20.79,20.835
1648324800000,20.835,21.035,20.71,20.895
1648339200000,20.895,21.145,20.845,20.99
1648353600000,20.99,21.195,20.905,21.15
1648368000000,21.15,21.16,20.915,20.98
1648382400000,20.98,21.13,20.69,21.1
1648396800000,21.1,21.47,21.025,21.435
1648411200000,21.435,22.455,21.285,22.44
1648425600000,22.44,22.96,22.225,22.925
1648440000000,22.925,22.98,22.615,22.83
1648454400000,22.83,23.31,22.685,22.99
1648468800000,22.99,23.285,22.815,22.815
1648483200000,22.815,22.955,22.56,22.76
1648497600000,22.76,22.88,21.76,21.975
1648512000000,21.975,22.395,21.92,22.21
1648526400000,22.21,22.75,22.15,22.445
1648540800000,22.445,22.845,22.385,22.84
1648555200000,22.84,22.945,22.185,22.255
1648569600000,22.255,22.625,21.83,22.46
1648584000000,22.46,22.52,21.855,22.43
1648598400000,22.43,22.525,21.585,22.26
1648612800000,22.26,22.485,22.04,22.365
1648627200000,22.365,22.465,22.14,22.305
1648641600000,22.305,22.375,21.85,22.13
1648656000000,22.13,23.005,22.045,22.255
1648670400000,22.255,22.635,22.17,22.44
1648684800000,22.44,22.92,22.35,22.61
1648699200000,22.61,22.855,22.52,22.795
1648713600000,22.795,23.06,22.735,22.765
1648728000000,22.765,22.945,21.62,21.84
1648742400000,21.84,21.88,21.235,21.325
1648756800000,21.325,21.62,21.075,21.325
1648771200000,21.325,21.695,20.58,20.925
1648785600000,20.925,21.4,20.885,21.385
1648800000000,21.385,21.51,21.045,21.08
1648814400000,21.08,22.055,20.615,21.96
1648828800000,21.96,22.075,21.67,22.0
1648843200000,22.0,22.14,21.785,22.045
1648857600000,22.045,22.485,21.94,22.26
1648872000000,22.26,22.49,22.19,22.38
1648886400000,22.38,23.39,22.31,23.2
1648900800000,23.2,23.84,22.605,22.75
1648915200000,22.75,23.18,22.41,22.91
1648929600000,22.91,23.395,22.51,22.58
1648944000000,22.58,23.355,22.49,22.665
1648958400000,22.665,23.275,22.615,23.13
1648972800000,23.13,23.4,22.86,23.095
1648987200000,23.095,23.355,22.94,23.07
1649001600000,23.07,23.19,22.915,23.03
1649016000000,23.03,23.565,23.015,23.185
1649030400000,23.185,23.195,22.68,22.805
1649044800000,22.805,22.96,22.63,22.855
1649059200000,22.855,22.865,22.215,22.64
1649073600000,22.64,22.75,21.905,22.045
1649088000000,22.045,22.375,21.58,22.33
1649102400000,22.33,22.87,22.13,22.87
1649116800000,22.87,23.075,22.74,22.8
1649131200000,22.8,23.02,22.64,22.92
1649145600000,22.92,22.98,22.725,22.895
1649160000000,22.895,23.1,22.1,22.305
1649174400000,22.305,22.375,21.945,22.3
1649188800000,22.3,22.335,21.67,21.75
1649203200000,21.75,21.805,20.76,21.47
1649217600000,21.47,21.74,21.335,21.495
1649232000000,21.495,21.515,20.78,20.905
1649246400000,20.905,21.115,20.035,20.3
1649260800000,20.3,20.425,19.665,20.32
1649275200000,20.32,20.42,19.74,19.82
1649289600000,19.82,20.155,19.44,19.935
1649304000000,19.935,20.26,19.845,20.2
1649318400000,20.2,20.485,19.955,20.385
1649332800000,20.385,20.49,19.69,19.985
1649347200000,19.985,20.48,19.955,20.33
1649361600000,20.33,20.635,20.18,20.375
1649376000000,20.375,20.56,20.26,20.47
1649390400000,20.47,20.53,20.19,20.435
1649404800000,20.435,20.5,20.015,20.055
1649419200000,20.055,20.35,19.72,20.28
1649433600000,20.28,20.34,19.68,19.845
1649448000000,19.845,19.935,19.12,19.41
1649462400000,19.41,19.65,19.275,19.52
1649476800000,19.52,19.74,19.51,19.655
1649491200000,19.655,19.715,19.505,19.615
1649505600000,19.615,19.765,19.39,19.4
1649520000000,19.4,19.67,19.395,19.51
1649534400000,19.51,19.81,19.405,19.735
1649548800000,19.735,19.96,19.58,19.83
1649563200000,19.83,19.885,19.645,19.675
1649577600000,19.675,19.755,19.435,19.55
1649592000000,19.55,19.665,19.335,19.545
1649606400000,19.545,20.22,19.455,20.09
1649620800000,20.09,20.185,19.135,19.2
1649635200000,19.2,19.275,18.725,18.88
1649649600000,18.88,19.035,18.795,18.855
1649664000000,18.855,18.885,17.67,17.925
1649678400000,17.925,18.04,17.53,17.63
1649692800000,17.63,17.9,17.52,17.605
1649707200000,17.605,17.65,16.955,17.175
1649721600000,17.175,17.49,17.155,17.295
1649736000000,17.295,17.8,17.25,17.705
1649750400000,17.705,17.845,17.52,17.795
1649764800000,17.795,18.015,17.555,17.71
1649779200000,17.71,17.82,17.135,17.17
1649793600000,17.17,17.87,17.145,17.745
1649808000000,17.745,17.92,17.56,17.81
1649822400000,17.81,17.985,17.725,17.82
1649836800000,17.82,17.9,17.44,17.46
1649851200000,17.46,18.25,17.36,18.085
1649865600000,18.085,18.28,17.995,18.1
1649880000000,18.1,18.275,18.06,18.175
1649894400000,18.175,18.485,18.11,18.315
1649908800000,18.315,18.39,18.115,18.25
1649923200000,18.25,18.335,17.965,18.025
1649937600000,18.025,18.4,17.605,17.645
1649952000000,17.645,17.775,17.455,17.59
1649966400000,17.59,17.955,17.54,17.895
1649980800000,17.895,18.27,17.775,18.235
1649995200000,18.235,18.26,17.955,18.145
1650009600000,18.145,18.33,18.04,18.2
1650024000000,18.2,18.465,17.89,18.13
1650038400000,18.13,18.27,18.02,18.135
1650052800000,18.135,18.375,18.105,18.32
1650067200000,18.32,18.585,18.255,18.315
1650081600000,18.315,18.405,18.265,18.325
1650096000000,18.325,18.395,18.22,18.325
1650110400000,18.325,18.555,18.18,18.235
1650124800000,18.235,18.62,18.155,18.335
1650139200000,18.335,18.675,18.29,18.59
1650153600000,18.59,18.795,18.485,18.525
1650168000000,18.525,18.595,18.49,18.54
1650182400000,18.54,18.715,18.52,18.58
1650196800000,18.58,18.66,18.405,18.545
1650211200000,18.545,18.57,18.06,18.245
1650225600000,18.245,18.325,17.635,17.73
1650240000000,17.73,17.975,17.665,17.875
1650254400000,17.875,17.92,17.085,17.21
1650268800000,17.21,17.495,17.11,17.41
1650283200000,17.41,17.74,17.41,17.57
1650297600000,17.57,18.345,17.375,18.25
1650312000000,18.25,18.335,18.09,18.135
1650326400000,18.135,18.325,18.055,18.145
1650340800000,18.145,18.275,18.07,18.095
1650355200000,18.095,18.41,18.025,18.235
1650369600000,18.235,18.855,18.2,18.57
1650384000000,18.57,18.88,18.515,18.8
1650398400000,18.8,18.945,18.74,18.875
1650412800000,18.875,18.9,18.565,18.655
1650427200000,18.655,19.145,18.53,19.11
1650441600000,19.11,19.375,19.055,19.26
1650456000000,19.26,19.515,18.865,19.075
1650470400000,19.075,19.13,18.635,18.83
1650484800000,18.83,19.385,18.735,19.075
1650499200000,19.075,19.42,19.03,19.325
1650513600000,19.325,19.38,18.94,19.295
1650528000000,19.295,19.505,19.085,19.405
1650542400000,19.405,19.665,19.22,19.3
1650556800000,19.3,19.3,18.695,18.735
1650571200000,18.735,18.785,18.015,18.155
1650585600000,18.155,18.375,18.065,18.265
1650600000000,18.265,18.515,18.15,18.335
1650614400000,18.335,18.495,18.105,18.4
1650628800000,18.4,18.48,18.045,18.195
1650643200000,18.195,18.42,18.115,18.25
1650657600000,18.25,18.415,18.215,18.265
1650672000000,18.265,18.38,18.14,18.215
1650686400000,18.215,18.375,17.86,18.365
1650700800000,18.365,18.785,18.315,18.635
1650715200000,18.635,18.97,18.51,18.89
1650729600000,18.89,19.245,18.85,18.89
1650744000000,18.89,19.07,18.63,18.68
1650758400000,18.68,19.145,18.65,19.05
1650772800000,19.05,19.105,18.85,18.915
1650787200000,18.915,18.94,18.57,18.615
1650801600000,18.615,18.645,18.34,18.465
1650816000000,18.465,18.475,18.03,18.36
1650830400000,18.36,18.455,18.12,18.155
1650844800000,18.155,18.185,17.535,17.825
1650859200000,17.825,17.845,17.11,17.185
1650873600000,17.185,17.45,17.105,17.44
1650888000000,17.44,17.7,17.315,17.48
1650902400000,17.48,18.01,17.46,18.005
1650916800000,18.005,18.235,17.91,18.09
1650931200000,18.09,18.32,17.95,17.975
1650945600000,17.975,18.11,17.755,17.88
1650960000000,17.88,18.07,17.76,17.85
1650974400000,17.85,17.945,16.92,17.08
1650988800000,17.08,17.205,16.57,16.83
1651003200000,16.83,16.975,16.23,16.665
1651017600000,16.665,16.91,16.455,16.77
1651032000000,16.77,17.285,16.745,17.215
1651046400000,17.215,17.245,16.75,16.935
1651060800000,16.935,17.225,16.645,16.91
1651075200000,16.91,17.065,16.715,16.8
1651089600000,16.8,17.02,16.79,16.93
1651104000000,16.93,17.14,16.795,16.9
1651118400000,16.9,17.045,16.82,16.93
1651132800000,16.93,17.425,16.91,17.17
1651147200000,17.17,17.325,16.73,16.865
1651161600000,16.865,17.265,16.73,17.035
1651176000000,17.035,17.205,16.885,16.98
1651190400000,16.98,17.06,16.755,16.885
1651204800000,16.885,16.965,16.705,16.95
1651219200000,16.95,16.955,16.225,16.345
1651233600000,16.345,16.64,16.27,16.57
1651248000000,16.57,16.635,15.975,16.105
1651262400000,16.105,16.21,15.98,16.17
1651276800000,16.17,16.435,16.15,16.25
1651291200000,16.25,16.365,16.2,16.215
1651305600000,16.215,16.26,16.01,16.095
1651320000000,16.095,16.135,15.515,15.775
1651334400000,15.775,15.87,15.52,15.665
1651348800000,15.665,15.675,14.135,14.475
1651363200000,14.475,14.955,14.465,14.875
1651377600000,14.875,15.045,14.735,14.89
1651392000000,14.89,15.08,14.865,14.89
1651406400000,14.89,15.375,14.83,15.29
1651420800000,15.29,15.515,14.855,14.975
1651435200000,14.975,15.465,14.915,15.335
1651449600000,15.335,15.575,15.245,15.365
1651464000000,15.365,15.555,15.27,15.325
1651478400000,15.325,15.345,14.78,14.82
1651492800000,14.82,15.1,14.63,14.96
1651507200000,14.96,15.06,14.545,14.89
1651521600000,14.89,15.27,14.76,14.95
1651536000000,14.95,15.21,14.865,15.135
1651550400000,15.135,15.185,14.995,15.15
1651564800000,15.15,15.2,14.85,15.14
1651579200000,15.14,15.16,14.845,14.99
1651593600000,14.99,15.04,14.515,14.61
1651608000000,14.61,14.87,14.495,14.715
1651622400000,14.715,15.035,14.655,14.98
1651636800000,14.98,15.315,14.91,15.25
1651651200000,15.25,15.5,15.235,15.4
1651665600000,15.4,15.46,14.955,15.105
1651680000000,15.105,16.125,15.025,16.045
1651694400000,16.045,16.33,16.04,16.31
1651708800000,16.31,16.44,16.22,16.32
1651723200000,16.32,16.365,16.055,16.165
1651737600000,16.165,16.205,15.77,15.895
1651752000000,15.895,16.02,14.18,14.46
1651766400000,14.46,14.64,13.94,14.435
1651780800000,14.435,14.635,14.32,14.565
1651795200000,14.565,14.595,14.26,14.515
1651809600000,14.515,14.65,14.105,14.37
1651824000000,14.37,14.55,14.005,14.135
1651838400000,14.135,14.515,13.78,14.2
1651852800000,14.2,14.39,14.12,14.275
1651867200000,14.275,14.485,14.165,14.315
1651881600000,14.315,14.355,14.025,14.055
1651896000000,14.055,14.24,13.9,14.185
1651910400000,14.185,14.325,14.125,14.215
1651924800000,14.215,14.235,14.07,14.165
1651939200000,14.165,14.18,14.055,14.105
1651953600000,14.105,14.135,13.35,13.745
1651968000000,13.745,13.865,13.25,13.48
1651982400000,13.48,13.705,13.44,13.455
1651996800000,13.455,13.63,13.335,13.56
1652011200000,13.56,13.6,13.215,13.37
1652025600000,13.37,13.54,13.02,13.455
1652040000000,13.455,13.525,13.14,13.235
1652054400000,13.235,13.47,12.825,13.0
1652068800000,13.0,13.13,12.61,12.61
1652083200000,12.61,12.645,11.755,12.015
1652097600000,12.015,12.15,11.335,11.48
1652112000000,11.48,11.65,10.69,11.08
1652126400000,11.08,11.57,10.49,10.62
1652140800000,10.62,11.32,10.3,10.935
1652155200000,10.935,12.435,10.88,11.69
1652169600000,11.69,11.97,11.545,11.9
1652184000000,11.9,12.34,11.285,11.68
1652198400000,11.68,12.1,11.42,11.55
1652212800000,11.55,11.55,10.77,11.345
1652227200000,11.345,11.64,11.01,11.295
1652241600000,11.295,11.405,10.21,10.49
1652256000000,10.49,11.285,10.365,10.44
1652270400000,10.44,10.76,7.935,9.81
1652284800000,9.81,9.97,8.725,8.77
1652299200000,8.77,9.14,8.165,9.07
1652313600000,9.07,9.51,8.225,8.26
1652328000000,8.26,8.435,7.245,8.04
1652342400000,8.04,8.68,7.765,8.205
1652356800000,8.205,9.28,7.94,8.78
1652371200000,8.78,9.245,8.545,8.775
1652385600000,8.775,8.855,8.19,8.69
1652400000000,8.69,9.825,8.545,9.655
1652414400000,9.655,10.345,9.515,9.97
1652428800000,9.97,11.385,9.965,11.26
1652443200000,11.26,11.8,10.865,11.175
1652457600000,11.175,11.345,10.555,10.655
1652472000000,10.655,11.225,10.22,10.455
1652486400000,10.455,11.06,10.32,10.725
1652500800000,10.725,10.725,10.165,10.48
1652515200000,10.48,10.95,9.865,10.26
1652529600000,10.26,10.335,9.75,9.86
1652544000000,9.86,11.335,9.8,10.85
1652558400000,10.85,11.555,10.85,11.285
1652572800000,11.285,11.47,10.755,10.925
1652587200000,10.925,11.29,10.86,10.96
1652601600000,10.96,11.25,10.85,11.175
1652616000000,11.175,11.285,10.56,10.77
1652630400000,10.77,11.525,10.64,11.44
1652644800000,11.44,11.85,11.36,11.795
1652659200000,11.795,11.805,11.155,11.23
1652673600000,11.23,11.455,10.605,10.87
1652688000000,10.87,11.15,10.62,10.85
1652702400000,10.85,11.11,10.355,10.59
1652716800000,10.59,10.805,10.39,10.63
1652731200000,10.63,10.975,10.505,10.615
1652745600000,10.615,11.065,10.585,11.005
1652760000000,11.005,11.24,10.925,11.055
1652774400000,11.055,11.28,10.855,10.89
1652788800000,10.89,11.335,10.64,10.79
1652803200000,10.79,10.94,10.4,10.775
1652817600000,10.775,11.175,10.745,11.03
1652832000000,11.03,11.165,10.46,10.535
1652846400000,10.535,10.615,10.37,10.485
1652860800000,10.485,10.52,10.255,10.365
1652875200000,10.365,10.395,9.655,9.855
1652889600000,9.855,10.14,9.705,10.06
1652904000000,10.06,10.065,9.42,9.475
1652918400000,9.475,9.755,9.21,9.69
1652932800000,9.69,9.875,9.515,9.72
1652947200000,9.72,10.075,9.395,10.03
1652961600000,10.03,10.39,9.695,10.21
1652976000000,10.21,10.24,9.94,9.94
1652990400000,9.94,10.115,9.81,10.02
1653004800000,10.02,10.25,9.89,9.95
1653019200000,9.95,10.105,9.635,9.905
1653033600000,9.905,10.18,9.865,10.135
1653048000000,10.135,10.15,9.52,9.605
1653062400000,9.605,9.775,9.43,9.745
1653076800000,9.745,9.8,9.63,9.66
1653091200000,9.66,9.75,9.455,9.73
1653105600000,9.73,9.855,9.655,9.82
1653120000000,9.82,9.865,9.7,9.765
1653134400000,9.765,9.905,9.665,9.9
1653148800000,9.9,10.09,9.84,9.915
1653163200000,9.915,10.06,9.825,9.98
1653177600000,9.98,10.055,9.855,9.965
1653192000000,9.965,10.115,9.935,10.065
1653206400000,10.065,10.32,10.025,10.08
1653220800000,10.08,10.255,10.0,10.07
1653235200000,10.07,10.145,9.93,9.97
1653249600000,9.97,10.24,9.965,10.15
1653264000000,10.15,10.295,9.97,10.065
1653278400000,10.065,10.43,10.035,10.335
1653292800000,10.335,10.455,10.225,10.395
1653307200000,10.395,10.655,10.245,10.58
1653321600000,10.58,10.725,10.045,10.165
1653336000000,10.165,10.485,9.79,9.88
1653350400000,9.88,10.045,9.82,10.01
1653364800000,10.01,10.025,9.865,9.98
1653379200000,9.98,9.985,9.67,9.855
1653393600000,9.855,10.07,9.555,9.975
1653408000000,9.975,10.14,9.865,10.01
1653422400000,10.01,10.265,9.945,10.165
1653436800000,10.165,10.325,10.01,10.265
1653451200000,10.265,10.27,9.88,9.975
1653465600000,9.975,10.125,9.85,9.95
1653480000000,9.95,10.14,9.81,9.93
1653494400000,9.93,10.025,9.76,9.92
1653508800000,9.92,10.05,9.82,9.865
1653523200000,9.865,9.995,9.775,9.895
1653537600000,9.895,9.9,9.545,9.725
1653552000000,9.725,9.73,9.08,9.195
1653566400000,9.195,9.495,8.81,9.36
1653580800000,9.36,9.54,9.13,9.145
1653595200000,9.145,9.405,9.105,9.13
1653609600000,9.13,9.205,8.68,9.01
1653624000000,9.01,9.05,8.56,8.85
1653638400000,8.85,9.97,8.755,9.66
1653652800000,9.66,10.025,9.43,9.545
1653667200000,9.545,9.61,9.015,9.25
1653681600000,9.25,9.37,9.03,9.11
1653696000000,9.11,9.335,8.945,9.24
1653710400000,9.24,9.425,9.1,9.165
1653724800000,9.165,9.5,9.13,9.375
1653739200000,9.375,9.585,9.32,9.445
1653753600000,9.445,9.7,9.32,9.64
1653768000000,9.64,9.8,9.565,9.64
1653782400000,9.64,9.68,9.32,9.41
1653796800000,9.41,9.49,9.335,9.435
1653811200000,9.435,9.65,9.39,9.62
1653825600000,9.62,10.025,9.6,9.805
1653840000000,9.805,9.935,9.79,9.845
1653854400000,9.845,10.015,9.75,9.975
1653868800000,9.975,10.42,9.9,10.24
1653883200000,10.24,10.665,10.17,10.445
1653897600000,10.445,10.475,10.095,10.175
1653912000000,10.175,10.395,10.0,10.295
1653926400000,10.295,10.385,10.15,10.285
1653940800000,10.285,10.79,10.25,10.465
1653955200000,10.465,10.635,10.29,10.51
1653969600000,10.51,10.585,10.21,10.37
1653984000000,10.37,10.485,10.175,10.4
1653998400000,10.4,10.495,9.925,10.405
1654012800000,10.405,10.49,10.165,10.26
1654027200000,10.26,10.56,10.26,10.34
1654041600000,10.34,10.39,10.08,10.105
1654056000000,10.105,10.49,10.02,10.295
1654070400000,10.295,10.575,10.23,10.38
1654084800000,10.38,10.76,10.005,10.02
1654099200000,10.02,10.02,9.57,9.605
1654113600000,9.605,9.615,9.24,9.455
1654128000000,9.455,9.565,9.285,9.39
1654142400000,9.39,9.535,9.34,9.47
1654156800000,9.47,9.63,9.43,9.62
1654171200000,9.62,9.66,9.365,9.59
1654185600000,9.59,9.945,9.56,9.86
1654200000000,9.86,10.065,9.795,9.875
1654214400000,9.875,9.905,9.72,9.79
1654228800000,9.79,9.9,9.73,9.775
1654243200000,9.775,9.84,9.275,9.315
1654257600000,9.315,9.405,9.185,9.25
1654272000000,9.25,9.44,9.225,9.31
1654286400000,9.31,9.495,9.285,9.365
1654300800000,9.365,9.415,9.11,9.195
1654315200000,9.195,9.41,9.19,9.38
1654329600000,9.38,9.45,9.29,9.31
1654344000000,9.31,9.485,9.19,9.43
1654358400000,9.43,9.475,9.335,9.37
1654372800000,9.37,9.555,9.36,9.44
1654387200000,9.44,9.48,9.255,9.38
1654401600000,9.38,9.4,9.3,9.305
1654416000000,9.305,9.37,9.235,9.32
1654430400000,9.32,9.465,9.265,9.445
1654444800000,9.445,9.535,9.355,9.5
1654459200000,9.5,9.55,9.305,9.34
1654473600000,9.34,9.855,9.315,9.82
1654488000000,9.82,9.885,9.685,9.865
1654502400000,9.865,9.93,9.765,9.765
1654516800000,9.765,9.85,9.62,9.695
1654531200000,9.695,9.705,9.435,9.57
1654545600000,9.57,9.57,9.38,9.495
1654560000000,9.495,9.5,8.825,9.085
1654574400000,9.085,9.125,9.02,9.06
1654588800000,9.06,9.155,8.94,8.99
1654603200000,8.99,9.22,8.92,9.105
1654617600000,9.105,9.445,9.035,9.325
1654632000000,9.325,9.49,8.97,9.21
1654646400000,9.21,9.4,8.955,9.015
1654660800000,9.015,9.215,8.965,9.145
1654675200000,9.145,9.175,9.045,9.09
1654689600000,9.09,9.25,8.97,9.135
1654704000000,9.135,9.155,8.885,9.005
1654718400000,9.005,9.105,8.955,8.995
1654732800000,8.995,9.105,8.9,9.085
1654747200000,9.085,9.29,9.05,9.24
1654761600000,9.24,9.38,9.155,9.17
1654776000000,9.17,9.365,9.07,9.26
1654790400000,9.26,9.455,9.165,9.18
1654804800000,9.18,9.315,9.15,9.23
1654819200000,9.23,9.365,9.0,9.27
1654833600000,9.27,9.365,9.13,9.215
1654848000000,9.215,9.23,9.005,9.11
1654862400000,9.11,9.195,8.625,8.845
1654876800000,8.845,8.845,8.545,8.695
1654891200000,8.695,8.805,8.505,8.655
1654905600000,8.655,8.795,8.625,8.75
1654920000000,8.75,8.845,8.68,8.83
1654934400000,8.83,8.84,8.235,8.335
1654948800000,8.335,8.385,7.895,8.035
1654963200000,8.035,8.315,7.99,8.145
1654977600000,8.145,8.215,7.945,8.025
1654992000000,8.025,8.1,7.53,7.665
1655006400000,7.665,7.765,7.49,7.7
1655020800000,7.7,7.785,7.53,7.67
1655035200000,7.67,8.1,7.45,7.985
1655049600000,7.985,8.03,7.735,7.785
1655064000000,7.785,7.82,7.375,7.395
1655078400000,7.395,7.475,6.885,7.085
1655092800000,7.085,7.32,6.65,6.75
1655107200000,6.75,6.8,6.34,6.545
1655121600000,6.545,7.015,6.545,6.945
1655136000000,6.945,7.21,6.83,7.01
1655150400000,7.01,7.205,6.765,7.035
1655164800000,7.035,7.275,6.67,7.245
1655179200000,7.245,7.54,7.035,7.505
1655193600000,7.505,7.51,7.135,7.21
1655208000000,7.21,7.5,7.07,7.445
1655222400000,7.445,7.495,7.22,7.285
1655236800000,7.285,7.43,7.045,7.35
1655251200000,7.35,7.685,7.32,7.395
1655265600000,7.395,7.4,6.985,7.06
1655280000000,7.06,7.34,6.835,7.19
1655294400000,7.19,7.425,7.105,7.295
1655308800000,7.295,8.14,6.855,7.85
1655323200000,7.85,8.785,7.805,8.485
1655337600000,8.485,8.55,8.185,8.19
1655352000000,8.19,8.325,7.81,7.87
1655366400000,7.87,7.93,7.405,7.51
1655380800000,7.51,7.705,7.22,7.41
1655395200000,7.41,7.545,7.135,7.2
1655409600000,7.2,7.415,6.965,7.115
1655424000000,7.115,7.39,7.025,7.11
1655438400000,7.11,7.42,7.07,7.32
1655452800000,7.32,7.435,7.175,7.325
1655467200000,7.325,7.455,7.185,7.295
1655481600000,7.295,7.33,7.125,7.26
1655496000000,7.26,7.405,7.245,7.265
1655510400000,7.265,7.4,7.085,7.21
1655524800000,7.21,7.255,6.725,6.78
1655539200000,6.78,6.865,6.62,6.755
1655553600000,6.755,6.91,6.74,6.825
1655568000000,6.825,6.925,6.535,6.555
1655582400000,6.555,7.225,6.45,7.045
1655596800000,7.045,7.145,6.75,6.865
1655611200000,6.865,7.085,6.79,6.92
1655625600000,6.92,7.335,6.875,7.225
1655640000000,7.225,7.365,7.1,7.34
1655654400000,7.34,7.615,7.13,7.41
1655668800000,7.41,7.635,7.405,7.505
1655683200000,7.505,7.56,7.145,7.295
1655697600000,7.295,7.395,7.205,7.345
1655712000000,7.345,8.02,7.33,7.965
1655726400000,7.965,7.98,7.72,7.835
1655740800000,7.835,7.845,7.615,7.74
1655755200000,7.74,7.945,7.62,7.865
1655769600000,7.865,7.93,7.7,7.91
1655784000000,7.91,8.265,7.9,8.09
1655798400000,8.09,8.23,7.93,7.95
1655812800000,7.95,8.27,7.93,8.07
1655827200000,8.07,8.15,7.775,7.795
1655841600000,7.795,7.865,7.665,7.75
1655856000000,7.75,7.765,7.445,7.465
1655870400000,7.465,7.62,7.36,7.385
1655884800000,7.385,7.655,7.345,7.58
1655899200000,7.58,7.81,7.445,7.515
1655913600000,7.515,7.66,7.42,7.555
1655928000000,7.555,7.595,7.37,7.375
1655942400000,7.375,7.64,7.35,7.495
1655956800000,7.495,7.7,7.485,7.565
1655971200000,7.565,7.685,7.51,7.6
1655985600000,7.6,7.775,7.475,7.56
1656000000000,7.56,7.75,7.435,7.72
1656014400000,7.72,7.83,7.615,7.765
1656028800000,7.765,8.09,7.72,7.975
1656043200000,7.975,8.01,7.79,7.9
1656057600000,7.9,8.165,7.895,8.055
1656072000000,8.055,8.195,7.975,8.075
1656086400000,8.075,8.185,7.99,8.18
1656100800000,8.18,8.35,8.1,8.175
1656115200000,8.175,8.29,8.055,8.175
1656129600000,8.175,8.305,8.105,8.265
1656144000000,8.265,8.36,8.145,8.16
1656158400000,8.16,8.19,7.785,7.805
1656172800000,7.805,8.04,7.79,8.0
1656187200000,8.0,8.165,7.945,8.125
1656201600000,8.125,8.21,7.98,8.07
1656216000000,8.07,8.28,8.035,8.21
1656230400000,8.21,8.42,8.135,8.37
1656244800000,8.37,8.48,8.02,8.115
1656259200000,8.115,8.16,7.9,8.03
1656273600000,8.03,8.265,7.8,7.835
1656288000000,7.835,8.01,7.795,7.995
1656302400000,7.995,8.08,7.915,8.075
1656316800000,8.075,8.195,8.07,8.085
1656331200000,8.085,8.165,7.785,7.93
1656345600000,7.93,7.94,7.675,7.76
1656360000000,7.76,7.885,7.695,7.73
1656374400000,7.73,7.82,7.465,7.565
1656388800000,7.565,7.735,7.54,7.71
1656403200000,7.71,7.89,7.685,7.845
1656417600000,7.845,7.995,7.27,7.57
1656432000000,7.57,7.645,7.405,7.455
1656446400000,7.455,7.52,7.25,7.3
1656460800000,7.3,7.445,7.255,7.305
1656475200000,7.305,7.32,7.045,7.235
1656489600000,7.235,7.3,7.12,7.2
1656504000000,7.2,7.26,7.005,7.185
1656518400000,7.185,7.2,7.02,7.14
1656532800000,7.14,7.215,6.94,7.03
1656547200000,7.03,7.04,6.825,6.915
1656561600000,6.915,6.97,6.75,6.8
1656576000000,6.8,6.805,6.64,6.745
1656590400000,6.745,6.905,6.625,6.83
1656604800000,6.83,6.935,6.725,6.805
1656619200000,6.805,7.1,6.665,7.06
1656633600000,7.06,7.25,6.83,6.85
1656648000000,6.85,6.855,6.54,6.79
1656662400000,6.79,6.88,6.625,6.7
1656676800000,6.7,6.825,6.645,6.705
1656691200000,6.705,6.835,6.68,6.82
1656705600000,6.82,6.935,6.695,6.74
1656720000000,6.74,6.81,6.615,6.655
1656734400000,6.655,6.75,6.655,6.68
1656748800000,6.68,6.84,6.635,6.81
1656763200000,6.81,6.86,6.705,6.75
1656777600000,6.75,6.91,6.72,6.84
1656792000000,6.84,6.9,6.79,6.82
1656806400000,6.82,6.86,6.725,6.78
1656820800000,6.78,6.845,6.6,6.71
1656835200000,6.71,6.735,6.655,6.715
1656849600000,6.715,6.76,6.63,6.675
1656864000000,6.675,6.905,6.66,6.905
1656878400000,6.905,6.98,6.795,6.845
1656892800000,6.845,6.885,6.655,6.7
1656907200000,6.7,6.775,6.655,6.72
1656921600000,6.72,6.98,6.705,6.95
1656936000000,6.95,7.145,6.915,6.985
1656950400000,6.985,7.08,6.955,7.01
1656964800000,7.01,7.21,6.97,7.16
1656979200000,7.16,7.215,6.77,7.035
1656993600000,7.035,7.11,6.975,7.035
1657008000000,7.035,7.035,6.78,6.81
1657022400000,6.81,6.82,6.36,6.715
1657036800000,6.715,6.94,6.67,6.88
1657051200000,6.88,6.98,6.8,6.835
1657065600000,6.835,6.925,6.68,6.805
1657080000000,6.805,6.9,6.765,6.835
1657094400000,6.835,6.97,6.79,6.875
1657108800000,6.875,6.96,6.84,6.89
1657123200000,6.89,6.955,6.795,6.86
1657137600000,6.86,7.005,6.835,6.915
1657152000000,6.915,7.01,6.88,6.93
1657166400000,6.93,6.96,6.875,6.95
1657180800000,6.95,7.07,6.95,7.03
1657195200000,7.03,7.155,6.965,7.115
1657209600000,7.115,7.31,7.11,7.3
1657224000000,7.3,7.35,7.205,7.295
1657238400000,7.295,7.455,7.24,7.335
1657252800000,7.335,7.38,7.14,7.215
1657267200000,7.215,7.22,6.96,7.03
1657281600000,7.03,7.17,6.93,7.115
1657296000000,7.115,7.155,7.015,7.115
1657310400000,7.115,7.19,7.01,7.03
1657324800000,7.03,7.14,7.03,7.095
1657339200000,7.095,7.3,7.065,7.26
1657353600000,7.26,7.36,7.2,7.215
1657368000000,7.215,7.26,7.175,7.215
1657382400000,7.215,7.335,7.2,7.255
1657396800000,7.255,7.315,7.235,7.25
1657411200000,7.25,7.26,7.005,7.04
1657425600000,7.04,7.095,6.97,7.085
1657440000000,7.085,7.11,6.95,7.01
1657454400000,7.01,7.035,6.755,6.81
1657468800000,6.81,6.89,6.755,6.88
1657483200000,6.88,6.915,6.8,6.85
1657497600000,6.85,6.855,6.69,6.785
1657512000000,6.785,6.805,6.705,6.755
1657526400000,6.755,6.9,6.755,6.805
1657540800000,6.805,6.9,6.68,6.795
1657555200000,6.795,6.9,6.765,6.83
1657569600000,6.83,6.835,6.475,6.515
1657584000000,6.515,6.62,6.49,6.54
1657598400000,6.54,6.62,6.42,6.46
1657612800000,6.46,6.495,6.32,6.47
1657627200000,6.47,6.55,6.445,6.505
1657641600000,6.505,6.56,6.325,6.37
1657656000000,6.37,6.425,6.245,6.275
1657670400000,6.275,6.395,6.21,6.365
1657684800000,6.365,6.455,6.35,6.455
1657699200000,6.455,6.5,6.425,6.465
1657713600000,6.465,6.55,5.97,6.23
1657728000000,6.23,6.395,6.175,6.28
1657742400000,6.28,6.485,6.27,6.47
1657756800000,6.47,6.51,6.43,6.455
1657771200000,6.455,6.505,6.4,6.43
1657785600000,6.43,6.445,6.285,6.34
1657800000000,6.34,6.54,6.285,6.525
1657814400000,6.525,6.76,6.485,6.715
1657828800000,6.715,6.755,6.635,6.715
1657843200000,6.715,6.805,6.65,6.71
1657857600000,6.71,6.795,6.67,6.78
1657872000000,6.78,6.935,6.77,6.835
1657886400000,6.835,6.945,6.795,6.815
1657900800000,6.815,6.95,6.74,6.94
1657915200000,6.94,6.99,6.765,6.79
1657929600000,6.79,6.805,6.68,6.745
1657944000000,6.745,6.76,6.545,6.585
1657958400000,6.585,6.64,6.57,6.615
1657972800000,6.615,6.85,6.605,6.835
1657987200000,6.835,7.185,6.83,7.09
1658001600000,7.09,7.215,7.03,7.19
1658016000000,7.19,7.265,7.07,7.165
1658030400000,7.165,7.33,7.14,7.205
1658044800000,7.205,7.225,7.065,7.135
1658059200000,7.135,7.155,6.99,7.025
1658073600000,7.025,7.135,6.87,7.0
1658088000000,7.0,7.05,6.905,6.91
1658102400000,6.91,7.25,6.9,7.195
1658116800000,7.195,7.57,7.13,7.52
1658131200000,7.52,7.625,7.38,7.435
1658145600000,7.435,7.72,7.345,7.67
1658160000000,7.67,7.675,7.22,7.315
1658174400000,7.315,7.715,7.26,7.65
1658188800000,7.65,7.98,7.565,7.595
1658203200000,7.595,7.695,7.485,7.56
1658217600000,7.56,7.805,7.525,7.72
1658232000000,7.72,7.92,7.605,7.795
1658246400000,7.795,8.02,7.775,7.835
1658260800000,7.835,7.97,7.735,7.785
1658275200000,7.785,7.925,7.64,7.89
1658289600000,7.89,8.075,7.81,7.815
1658304000000,7.815,7.96,7.685,7.835
1658318400000,7.835,8.0,7.695,7.94
1658332800000,7.94,7.955,7.61,7.68
1658347200000,7.68,7.725,7.355,7.455
1658361600000,7.455,7.545,7.18,7.25
1658376000000,7.25,7.405,7.165,7.35
1658390400000,7.35,7.425,7.265,7.31
1658404800000,7.31,7.43,7.22,7.325
1658419200000,7.325,7.55,7.32,7.54
1658433600000,7.54,7.585,7.45,7.52
1658448000000,7.52,7.635,7.395,7.43
1658462400000,7.43,7.72,7.36,7.67
1658476800000,7.67,7.845,7.64,7.805
1658491200000,7.805,7.83,7.495,7.52
1658505600000,7.52,7.615,7.3,7.33
1658520000000,7.33,7.375,7.25,7.285
1658534400000,7.285,7.45,7.205,7.35
1658548800000,7.35,7.49,7.345,7.4
1658563200000,7.4,7.45,7.155,7.16
1658577600000,7.16,7.285,7.125,7.25
1658592000000,7.25,7.27,7.08,7.195
1658606400000,7.195,7.37,7.19,7.32
1658620800000,7.32,7.53,7.295,7.335
1658635200000,7.335,7.495,7.33,7.455
1658649600000,7.455,7.54,7.365,7.44
1658664000000,7.44,7.48,7.315,7.48
1658678400000,7.48,7.485,7.37,7.42
1658692800000,7.42,7.575,7.355,7.39
1658707200000,7.39,7.44,7.01,7.055
1658721600000,7.055,7.115,7.005,7.1
1658736000000,7.1,7.19,7.06,7.13
1658750400000,7.13,7.135,6.945,7.05
1658764800000,7.05,7.11,6.815,6.95
1658779200000,6.95,7.075,6.715,6.74
1658793600000,6.74,6.76,6.595,6.71
1658808000000,6.71,6.755,6.615,6.65
1658822400000,6.65,6.715,6.59,6.67
1658836800000,6.67,6.71,6.51,6.535
1658851200000,6.535,6.64,6.515,6.585
1658865600000,6.585,6.79,6.55,6.77
1658880000000,6.77,6.795,6.64,6.655
1658894400000,6.655,6.84,6.655,6.795
1658908800000,6.795,6.835,6.705,6.725
1658923200000,6.725,6.86,6.705,6.815
1658937600000,6.815,7.275,6.71,7.235
1658952000000,7.235,7.7,7.22,7.665
1658966400000,7.665,7.935,7.655,7.705
1658980800000,7.705,7.755,7.555,7.56
1658995200000,7.56,7.685,7.515,7.68
1659009600000,7.68,7.965,7.445,7.86
1659024000000,7.86,7.97,7.81,7.885
1659038400000,7.885,8.065,7.815,7.85
1659052800000,7.85,8.17,7.745,8.13
1659067200000,8.13,8.245,7.92,7.985
1659081600000,7.985,8.145,7.81,7.905
1659096000000,7.905,8.33,7.765,8.25
1659110400000,8.25,8.285,7.97,8.215
1659124800000,8.215,8.41,8.13,8.17
1659139200000,8.17,8.44,8.145,8.38
1659153600000,8.38,8.515,8.215,8.45
1659168000000,8.45,8.845,8.44,8.63
1659182400000,8.63,8.7,8.505,8.65
1659196800000,8.65,8.8,8.405,8.44
1659211200000,8.44,8.475,8.15,8.205
1659225600000,8.205,8.35,8.15,8.185
1659240000000,8.185,8.33,8.185,8.245
1659254400000,8.245,8.355,8.07,8.305
1659268800000,8.305,8.385,8.24,8.355
1659283200000,8.355,9.195,8.325,8.99
1659297600000,8.99,9.195,8.605,8.615
1659312000000,8.615,8.98,8.57,8.905
1659326400000,8.905,8.935,8.6,8.79
1659340800000,8.79,8.83,8.37,8.48
1659355200000,8.48,8.585,8.275,8.46
1659369600000,8.46,8.47,8.07,8.185
1659384000000,8.185,8.26,8.01,8.165
1659398400000,8.165,8.28,7.665,7.69
1659412800000,7.69,7.86,7.665,7.815
1659427200000,7.815,7.965,7.7,7.895
1659441600000,7.895,8.09,7.74,8.0
1659456000000,8.0,8.225,7.85,7.925
1659470400000,7.925,8.03,7.875,7.915
1659484800000,7.915,7.965,7.66,7.905
1659499200000,7.905,8.04,7.875,7.98
1659513600000,7.98,8.175,7.98,8.145
1659528000000,8.145,8.325,8.13,8.275
1659542400000,8.275,8.41,8.25,8.37
1659556800000,8.37,8.435,7.945,7.985
1659571200000,7.985,8.235,7.96,8.18
1659585600000,8.18,8.265,7.95,8.085
1659600000000,8.085,8.11,7.99,8.045
1659614400000,8.045,8.235,7.965,8.13
1659628800000,8.13,8.205,7.855,7.955
1659643200000,7.955,8.105,7.955,8.08
1659657600000,8.08,8.41,8.07,8.38
1659672000000,8.38,8.51,8.345,8.36
1659686400000,8.36,8.535,8.335,8.52
1659700800000,8.52,8.545,8.26,8.365
1659715200000,8.365,8.69,8.315,8.515
1659729600000,8.515,8.835,8.47,8.795
1659744000000,8.795,8.82,8.595,8.64
1659758400000,8.64,8.8,8.625,8.775
1659772800000,8.775,8.88,8.65,8.68
1659787200000,8.68,8.775,8.63,8.695
1659801600000,8.695,8.72,8.53,8.61
1659816000000,8.61,8.625,8.475,8.51
1659830400000,8.51,8.565,8.335,8.525
1659844800000,8.525,8.565,8.42,8.475
1659859200000,8.475,8.53,8.405,8.525
1659873600000,8.525,8.625,8.51,8.54
1659888000000,8.54,8.93,8.505,8.75
1659902400000,8.75,8.835,8.56,8.645
1659916800000,8.645,8.855,8.63,8.775
1659931200000,8.775,9.095,8.765,9.06
1659945600000,9.06,9.385,9.055,9.32
1659960000000,9.32,9.355,9.12,9.18
1659974400000,9.18,9.29,9.08,9.255
1659988800000,9.255,9.355,9.05,9.26
1660003200000,9.26,9.47,9.1,9.195
1660017600000,9.195,9.265,9.07,9.145
1660032000000,9.145,9.15,8.815,8.875
1660046400000,8.875,9.035,8.635,8.685
1660060800000,8.685,8.805,8.67,8.775
1660075200000,8.775,8.96,8.765,8.89
1660089600000,8.89,8.91,8.535,8.61
1660104000000,8.61,8.72,8.56,8.675
1660118400000,8.675,8.8,8.665,8.765
1660132800000,8.765,9.645,8.69,9.515
1660147200000,9.515,9.625,9.425,9.49
1660161600000,9.49,9.62,9.43,9.52
1660176000000,9.52,9.645,9.43,9.475
1660190400000,9.475,9.525,9.31,9.37
1660204800000,9.37,9.44,9.29,9.37
1660219200000,9.37,9.55,9.245,9.265
1660233600000,9.265,9.36,9.19,9.29
1660248000000,9.29,9.315,9.115,9.19
1660262400000,9.19,9.28,9.02,9.23
1660276800000,9.23,9.265,9.105,9.22
1660291200000,9.22,9.365,9.035,9.1
1660305600000,9.1,9.46,9.09,9.37
1660320000000,9.37,9.45,9.305,9.39
1660334400000,9.39,9.49,9.295,9.465
1660348800000,9.465,9.575,9.375,9.565
1660363200000,9.565,9.67,9.455,9.47
1660377600000,9.47,9.545,9.415,9.485
1660392000000,9.485,9.535,9.385,9.465
1660406400000,9.465,9.51,9.335,9.34
1660420800000,9.34,9.4,9.24,9.295
1660435200000,9.295,9.38,9.205,9.345
1660449600000,9.345,9.55,9.31,9.49
1660464000000,9.49,9.51,9.33,9.355
1660478400000,9.355,9.355,9.1,9.185
1660492800000,9.185,9.21,8.815,8.945
1660507200000,8.945,9.01,8.875,8.94
1660521600000,8.94,9.38,8.87,9.255
1660536000000,9.255,9.27,8.685,8.735
1660550400000,8.735,8.88,8.675,8.77
1660564800000,8.77,8.92,8.695,8.91
1660579200000,8.91,8.945,8.745,8.77
1660593600000,8.77,8.835,8.605,8.77
1660608000000,8.77,8.88,8.615,8.775
1660622400000,8.775,8.815,8.625,8.74
1660636800000,8.74,8.89,8.695,8.855
1660651200000,8.855,8.94,8.625,8.785
1660665600000,8.785,8.925,8.66,8.83
1660680000000,8.83,8.92,8.76,8.83
1660694400000,8.83,9.01,8.81,8.945
1660708800000,8.945,9.17,8.795,8.805
1660723200000,8.805,8.89,8.71,8.745
1660737600000,8.745,8.75,8.315,8.4
1660752000000,8.4,8.525,8.355,8.405
1660766400000,8.405,8.49,8.31,8.36
1660780800000,8.36,8.485,8.25,8.415
1660795200000,8.415,8.5,8.365,8.475
1660809600000,8.475,8.51,8.4,8.485
1660824000000,8.485,8.595,8.425,8.485
1660838400000,8.485,8.5,8.295,8.37
1660852800000,8.37,8.445,7.955,8.07
1660867200000,8.07,8.085,7.745,7.795
1660881600000,7.795,7.86,7.27,7.515
1660896000000,7.515,7.595,7.355,7.48
1660910400000,7.48,7.565,7.365,7.53
1660924800000,7.53,7.68,7.39,7.49
1660939200000,7.49,7.52,7.22,7.295
1660953600000,7.295,7.47,7.27,7.4
1660968000000,7.4,7.51,7.365,7.48
1660982400000,7.48,7.48,7.385,7.41
1660996800000,7.41,7.445,7.365,7.41
1661011200000,7.41,7.425,7.075,7.135
1661025600000,7.135,7.275,7.025,7.22
1661040000000,7.22,7.295,7.195,7.22
1661054400000,7.22,7.39,7.16,7.37
1661068800000,7.37,7.495,7.31,7.435
1661083200000,7.435,7.465,7.335,7.395
1661097600000,7.395,7.475,7.365,7.435
1661112000000,7.435,7.54,7.29,7.43
1661126400000,7.43,7.435,7.33,7.33
1661140800000,7.33,7.37,7.1,7.13
1661155200000,7.13,7.255,6.985,7.165
1661169600000,7.165,7.275,7.06,7.255
1661184000000,7.255,7.315,7.13,7.195
1661198400000,7.195,7.41,7.195,7.4
1661212800000,7.4,7.46,7.36,7.39
1661227200000,7.39,7.425,7.175,7.385
1661241600000,7.385,7.715,7.385,7.615
1661256000000,7.615,7.68,7.495,7.58
1661270400000,7.58,7.645,7.51,7.615
1661284800000,7.615,7.69,7.57,7.63
1661299200000,7.63,7.68,7.42,7.465
1661313600000,7.465,7.57,7.41,7.47
1661328000000,7.47,7.635,7.47,7.595
1661342400000,7.595,7.68,7.495,7.66
1661356800000,7.66,7.775,7.635,7.665
1661371200000,7.665,7.715,7.55,7.56
1661385600000,7.56,7.69,7.525,7.555
1661400000000,7.555,7.755,7.545,7.72
1661414400000,7.72,7.735,7.625,7.68
1661428800000,7.68,7.7,7.45,7.53
1661443200000,7.53,7.59,7.48,7.58
1661457600000,7.58,7.64,7.51,7.575
1661472000000,7.575,7.575,7.455,7.55
1661486400000,7.55,7.56,7.36,7.435
1661500800000,7.435,7.49,7.275,7.37
1661515200000,7.37,7.675,7.12,7.19
1661529600000,7.19,7.195,7.015,7.09
1661544000000,7.09,7.14,6.845,6.915
1661558400000,6.915,6.98,6.865,6.93
1661572800000,6.93,7.04,6.79,7.03
1661587200000,7.03,7.06,6.975,7.02
1661601600000,7.02,7.065,6.9,6.98
1661616000000,6.98,7.065,6.885,7.02
1661630400000,7.02,7.11,6.975,7.04
1661644800000,7.04,7.12,6.965,7.03
1661659200000,7.03,7.11,7.0,7.08
1661673600000,7.08,7.105,7.025,7.06
1661688000000,7.06,7.085,6.94,7.08
1661702400000,7.08,7.145,7.04,7.06
1661716800000,7.06,7.095,6.805,6.85
1661731200000,6.85,6.995,6.77,6.955
1661745600000,6.955,6.975,6.89,6.96
1661760000000,6.96,6.965,6.9,6.94
1661774400000,6.94,7.275,6.93,7.21
1661788800000,7.21,7.25,7.135,7.165
1661803200000,7.165,7.305,7.15,7.265
1661817600000,7.265,7.285,7.175,7.25
1661832000000,7.25,7.36,7.245,7.305
1661846400000,7.305,7.37,7.215,7.25
1661860800000,7.25,7.27,6.95,7.03
1661875200000,7.03,7.1,6.865,7.015
1661889600000,7.015,7.09,6.97,7.0
1661904000000,7.0,7.27,7.0,7.235
1661918400000,7.235,7.28,7.15,7.17
1661932800000,7.17,7.255,7.11,7.19
1661947200000,7.19,7.235,6.995,7.095
1661961600000,7.095,7.135,6.97,7.09
1661976000000,7.09,7.135,6.975,7.025
1661990400000,7.025,7.08,6.935,6.985
1662004800000,6.985,7.045,6.905,6.95
1662019200000,6.95,7.085,6.92,7.065
1662033600000,7.065,7.075,6.845,6.95
1662048000000,6.95,7.07,6.92,7.045
1662062400000,7.045,7.195,7.045,7.17
1662076800000,7.17,7.305,7.115,7.26
1662091200000,7.26,7.295,7.19,7.27
1662105600000,7.27,7.3,7.19,7.25
1662120000000,7.25,7.565,7.235,7.535
1662134400000,7.535,7.56,7.25,7.305
1662148800000,7.305,7.375,7.27,7.3
1662163200000,7.3,7.31,7.165,7.22
1662177600000,7.22,7.305,7.17,7.23
1662192000000,7.23,7.27,7.2,7.22
1662206400000,7.22,7.29,7.21,7.245
1662220800000,7.245,7.3,7.195,7.245
1662235200000,7.245,7.285,7.23,7.285
1662249600000,7.285,7.4,7.275,7.3
1662264000000,7.3,7.335,7.2,7.2
1662278400000,7.2,7.275,7.135,7.275
1662292800000,7.275,7.33,7.145,7.24
1662307200000,7.24,7.29,7.2,7.265
1662321600000,7.265,7.41,7.25,7.365
1662336000000,7.365,7.585,7.365,7.575
1662350400000,7.575,7.63,7.44,7.465
1662364800000,7.465,7.54,7.435,7.48
1662379200000,7.48,7.575,7.46,7.51
1662393600000,7.51,7.55,7.255,7.27
1662408000000,7.27,7.39,7.245,7.365
1662422400000,7.365,7.665,7.36,7.52
1662436800000,7.52,7.615,7.51,7.57
1662451200000,7.57,7.685,7.525,7.615
1662465600000,7.615,7.65,7.45,7.565
1662480000000,7.565,7.59,6.865,6.92
1662494400000,6.92,6.965,6.8,6.865
1662508800000,6.865,6.93,6.745,6.87
1662523200000,6.87,6.975,6.845,6.97
1662537600000,6.97,6.995,6.93,6.96
1662552000000,6.96,7.175,6.925,7.1
1662566400000,7.1,7.215,7.065,7.115
1662580800000,7.115,7.29,7.115,7.195
1662595200000,7.195,7.245,7.155,7.175
1662609600000,7.175,7.22,7.045,7.105
1662624000000,7.105,7.32,7.025,7.23
1662638400000,7.23,7.325,7.07,7.25
1662652800000,7.25,7.425,7.16,7.42
1662667200000,7.42,7.445,7.34,7.38
1662681600000,7.38,7.57,7.355,7.535
1662696000000,7.535,7.725,7.515,7.71
1662710400000,7.71,7.865,7.68,7.79
1662724800000,7.79,7.94,7.75,7.78
1662739200000,7.78,7.915,7.66,7.735
1662753600000,7.735,7.86,7.66,7.75
1662768000000,7.75,7.83,7.695,7.725
1662782400000,7.725,7.87,7.625,7.665
1662796800000,7.665,7.745,7.625,7.685
1662811200000,7.685,7.74,7.58,7.645
1662825600000,7.645,7.74,7.625,7.725
1662840000000,7.725,7.83,7.665,7.77
1662854400000,7.77,7.83,7.7,7.715
1662868800000,7.715,7.775,7.605,7.71
1662883200000,7.71,7.735,7.67,7.7
1662897600000,7.7,7.895,7.675,7.73
1662912000000,7.73,7.83,7.7,7.725
1662926400000,7.725,7.735,7.525,7.695
1662940800000,7.695,7.88,7.555,7.61
1662955200000,7.61,7.77,7.6,7.755
1662969600000,7.755,8.01,7.715,7.915
1662984000000,7.915,8.04,7.655,7.71
1662998400000,7.71,7.755,7.6,7.735
1663012800000,7.735,7.78,7.625,7.655
1663027200000,7.655,7.665,7.46,7.61
1663041600000,7.61,7.705,7.57,7.655
1663056000000,7.655,7.895,7.61,7.875
1663070400000,7.875,7.95,7.2,7.23
1663084800000,7.23,7.275,7.05,7.15
1663099200000,7.15,7.205,7.025,7.065
1663113600000,7.065,7.215,7.025,7.19
1663128000000,7.19,7.225,7.06,7.14
1663142400000,7.14,7.2,7.09,7.16
1663156800000,7.16,7.295,7.09,7.205
1663171200000,7.205,7.235,7.01,7.145
1663185600000,7.145,7.24,7.105,7.2
1663200000000,7.2,7.235,6.94,7.03
1663214400000,7.03,7.21,6.92,7.165
1663228800000,7.165,7.165,7.045,7.085
1663243200000,7.085,7.14,6.88,6.945
1663257600000,6.945,7.035,6.91,6.97
1663272000000,6.97,7.0,6.865,6.925
1663286400000,6.925,6.97,6.84,6.91
1663300800000,6.91,6.935,6.875,6.885
1663315200000,6.885,6.92,6.805,6.915
1663329600000,6.915,6.92,6.735,6.835
1663344000000,6.835,6.885,6.695,6.81
1663358400000,6.81,6.905,6.805,6.9
1663372800000,6.9,7.055,6.895,6.975
1663387200000,6.975,7.025,6.955,7.02
1663401600000,7.02,7.035,6.94,6.95
1663416000000,6.95,7.085,6.915,7.075
1663430400000,7.075,7.14,7.065,7.105
1663444800000,7.105,7.155,7.005,7.05
1663459200000,7.05,7.065,6.945,6.97
1663473600000,6.97,7.04,6.96,6.985
1663488000000,6.985,7.015,6.835,6.895
1663502400000,6.895,6.905,6.79,6.805
1663516800000,6.805,6.83,6.7,6.775
1663531200000,6.775,6.78,6.295,6.44
1663545600000,6.44,6.55,6.235,6.3
1663560000000,6.3,6.335,6.095,6.195
1663574400000,6.195,6.27,6.14,6.25
1663588800000,6.25,6.445,6.25,6.335
1663603200000,6.335,6.4,6.225,6.39
1663617600000,6.39,6.435,6.36,6.375
1663632000000,6.375,6.42,6.245,6.315
1663646400000,6.315,6.405,6.275,6.32
1663660800000,6.32,6.355,6.235,6.285
1663675200000,6.285,6.365,6.165,6.355
1663689600000,6.355,6.38,6.2,6.295
1663704000000,6.295,6.315,6.2,6.285
1663718400000,6.285,6.355,6.255,6.32
1663732800000,6.32,6.375,6.135,6.245
1663747200000,6.245,6.36,6.22,6.345
1663761600000,6.345,6.41,6.25,6.28
1663776000000,6.28,6.57,6.14,6.255
1663790400000,6.255,6.265,5.96,6.12
1663804800000,6.12,6.24,6.075,6.205
1663819200000,6.205,6.345,6.205,6.34
1663833600000,6.34,6.47,6.32,6.465
1663848000000,6.465,6.485,6.31,6.365
1663862400000,6.365,6.515,6.305,6.45
1663876800000,6.45,6.515,6.39,6.435
1663891200000,6.435,6.615,6.38,6.55
1663905600000,6.55,6.635,6.45,6.475
1663920000000,6.475,6.495,6.25,6.285
1663934400000,6.285,6.43,6.185,6.305
1663948800000,6.305,6.34,6.23,6.33
1663963200000,6.33,6.48,6.285,6.43
1663977600000,6.43,6.505,6.37,6.43
1663992000000,6.43,6.495,6.375,6.405
1664006400000,6.405,6.455,6.365,6.41
1664020800000,6.41,6.475,6.4,6.445
1664035200000,6.445,6.47,6.405,6.42
1664049600000,6.42,6.44,6.23,6.27
1664064000000,6.27,6.335,6.245,6.335
1664078400000,6.335,6.35,6.27,6.34
1664092800000,6.34,6.37,6.255,6.335
1664107200000,6.335,6.34,6.205,6.265
1664121600000,6.265,6.31,6.16,6.235
1664136000000,6.235,6.24,6.08,6.2
1664150400000,6.2,6.395,6.17,6.305
1664164800000,6.305,6.32,6.145,6.255
1664179200000,6.255,6.435,6.25,6.39
1664193600000,6.39,6.555,6.365,6.535
1664208000000,6.535,6.575,6.44,6.525
1664222400000,6.525,6.57,6.49,6.555
1664236800000,6.555,6.78,6.535,6.75
1664251200000,6.75,6.795,6.72,6.725
1664265600000,6.725,6.76,6.67,6.71
1664280000000,6.71,6.765,6.625,6.635
1664294400000,6.635,6.655,6.235,6.345
1664308800000,6.345,6.4,6.3,6.36
1664323200000,6.36,6.41,6.17,6.255
1664337600000,6.255,6.31,6.225,6.305
1664352000000,6.305,6.35,6.215,6.32
1664366400000,6.32,6.435,6.3,6.43
1664380800000,6.43,6.465,6.34,6.42
1664395200000,6.42,6.46,6.365,6.38
1664409600000,6.38,6.445,6.36,6.43
1664424000000,6.43,6.47,6.335,6.385
1664438400000,6.385,6.485,6.365,6.45
1664452800000,6.45,6.45,6.255,6.36
1664467200000,6.36,6.41,6.32,6.375
1664481600000,6.375,6.44,6.36,6.435
1664496000000,6.435,6.47,6.39,6.41
1664510400000,6.41,6.53,6.4,6.51
1664524800000,6.51,6.53,6.395,6.42
1664539200000,6.42,6.565,6.34,6.44
1664553600000,6.44,6.475,6.23,6.235
1664568000000,6.235,6.325,6.21,6.315
1664582400000,6.315,6.33,6.28,6.315
1664596800000,6.315,6.325,6.26,6.315
1664611200000,6.315,6.325,6.26,6.295
1664625600000,6.295,6.315,6.27,6.29
1664640000000,6.29,6.29,6.205,6.265
1664654400000,6.265,6.29,6.23,6.27
1664668800000,6.27,6.315,6.255,6.305
1664683200000,6.305,6.32,6.27,6.295
1664697600000,6.295,6.305,6.14,6.22
1664712000000,6.22,6.23,6.18,6.225
1664726400000,6.225,6.31,6.215,6.29
1664740800000,6.29,6.305,6.12,6.15
1664755200000,6.15,6.26,6.08,6.23
1664769600000,6.23,6.27,6.175,6.22
1664784000000,6.22,6.305,6.205,6.29
1664798400000,6.29,6.36,6.245,6.315
1664812800000,6.315,6.37,6.285,6.32
1664827200000,6.32,6.405,6.32,6.365
1664841600000,6.365,6.4,6.34,6.38
1664856000000,6.38,6.445,6.34,6.435
1664870400000,6.435,6.465,6.39,6.435
1664884800000,6.435,6.51,6.435,6.465
1664899200000,6.465,6.49,6.39,6.475
1664913600000,6.475,6.525,6.46,6.485
1664928000000,6.485,6.5,6.375,6.395
1664942400000,6.395,6.465,6.385,6.42
1664956800000,6.42,6.425,6.315,6.33
1664971200000,6.33,6.34,6.265,6.335
1664985600000,6.335,6.405,6.315,6.38
1665000000000,6.38,6.44,6.37,6.425
1665014400000,6.425,6.515,6.425,6.485
1665028800000,6.485,6.515,6.415,6.445
1665043200000,6.445,6.465,6.4,6.465
1665057600000,6.465,6.495,6.34,6.375
1665072000000,6.375,6.415,6.345,6.38
1665086400000,6.38,6.38,6.305,6.34
1665100800000,6.34,6.385,6.33,6.365
1665115200000,6.365,6.39,6.33,6.355
1665129600000,6.355,6.385,6.345,6.365
1665144000000,6.365,6.385,6.255,6.3
1665158400000,6.3,6.31,6.25,6.305
1665172800000,6.305,6.335,6.295,6.32
1665187200000,6.32,6.39,6.315,6.36
1665201600000,6.36,6.375,6.33,6.355
1665216000000,6.355,6.365,6.33,6.36
1665230400000,6.36,6.365,6.315,6.335
1665244800000,6.335,6.355,6.315,6.315
1665259200000,6.315,6.33,6.26,6.305
1665273600000,6.305,6.32,6.275,6.295
1665288000000,6.295,6.355,6.285,6.345
1665302400000,6.345,6.41,6.33,6.385
1665316800000,6.385,6.46,6.38,6.46
1665331200000,6.46,6.49,6.44,6.465
1665345600000,6.465,6.48,6.43,6.475
1665360000000,6.475,6.54,6.43,6.44
1665374400000,6.44,6.47,6.385,6.405
1665388800000,6.405,6.415,6.275,6.36
1665403200000,6.36,6.4,6.315,6.34
1665417600000,6.34,6.375,6.295,6.345
1665432000000,6.345,6.365,6.225,6.255
1665446400000,6.255,6.255,6.11,6.195
1665460800000,6.195,6.21,6.165,6.195
1665475200000,6.195,6.215,6.155,6.21
1665489600000,6.21,6.24,6.13,6.23
1665504000000,6.23,6.245,6.16,6.195
1665518400000,6.195,6.205,6.15,6.175
1665532800000,6.175,6.22,6.16,6.185
1665547200000,6.185,6.23,6.18,6.2
1665561600000,6.2,6.24,6.19,6.205
1665576000000,6.205,6.22,6.135,6.19
1665590400000,6.19,6.19,6.125,6.16
1665604800000,6.16,6.19,6.145,6.17
1665619200000,6.17,6.175,6.005,6.09
1665633600000,6.09,6.1,5.805,5.885
1665648000000,5.885,5.93,5.69,5.86
1665662400000,5.86,6.025,5.645,6.005
1665676800000,6.005,6.145,5.985,6.115
1665691200000,6.115,6.15,6.1,6.105
1665705600000,6.105,6.265,6.08,6.23
1665720000000,6.23,6.245,6.18,6.195
1665734400000,6.195,6.24,6.17,6.175
1665748800000,6.175,6.265,6.1,6.105
1665763200000,6.105,6.12,6.025,6.04
1665777600000,6.04,6.065,6.005,6.04
1665792000000,6.04,6.065,6.03,6.065
1665806400000,6.065,6.09,6.05,6.075
1665820800000,6.075,6.08,6.01,6.08
1665835200000,6.08,6.095,6.045,6.07
1665849600000,6.07,6.09,6.03,6.075
1665864000000,6.075,6.09,6.025,6.045
1665878400000,6.045,6.14,6.045,6.12
1665892800000,6.12,6.155,6.115,6.12
1665907200000,6.12,6.185,6.12,6.155
1665921600000,6.155,6.165,6.12,6.155
1665936000000,6.155,6.235,6.125,6.23
1665950400000,6.23,6.245,6.115,6.175
1665964800000,6.175,6.2,6.12,6.14
1665979200000,6.14,6.215,6.13,6.18
1665993600000,6.18,6.225,6.15,6.21
1666008000000,6.21,6.27,6.185,6.225
1666022400000,6.225,6.24,6.175,6.22
1666036800000,6.22,6.29,6.175,6.245
1666051200000,6.245,6.29,6.195,6.235
1666065600000,6.235,6.265,6.215,6.26
1666080000000,6.26,6.26,6.13,6.18
1666094400000,6.18,6.22,6.08,6.14
1666108800000,6.14,6.165,6.06,6.14
1666123200000,6.14,6.19,6.13,6.155
1666137600000,6.155,6.175,6.095,6.13
1666152000000,6.13,6.135,6.06,6.105
1666166400000,6.105,6.145,6.065,6.1
1666180800000,6.1,6.235,6.08,6.235
1666195200000,6.235,6.25,6.16,6.225
1666209600000,6.225,6.235,6.05,6.1
1666224000000,6.1,6.11,5.985,6.065
1666238400000,6.065,6.15,6.06,6.105
1666252800000,6.105,6.145,6.075,6.125
1666267200000,6.125,6.145,6.065,6.105
1666281600000,6.105,6.11,5.89,5.96
1666296000000,5.96,5.965,5.815,5.875
1666310400000,5.875,5.885,5.77,5.865
1666324800000,5.865,5.875,5.81,5.83
1666339200000,5.83,5.86,5.715,5.815
1666353600000,5.815,5.895,5.735,5.85
1666368000000,5.85,5.89,5.78,5.855
1666382400000,5.855,5.875,5.815,5.835
1666396800000,5.835,5.845,5.78,5.8
1666411200000,5.8,5.83,5.76,5.815
1666425600000,5.815,5.855,5.8,5.84
1666440000000,5.84,5.87,5.815,5.835
1666454400000,5.835,5.84,5.795,5.825
1666468800000,5.825,5.855,5.815,5.84
1666483200000,5.84,5.88,5.8,5.86
1666497600000,5.86,5.865,5.82,5.835
1666512000000,5.835,5.855,5.77,5.79
1666526400000,5.79,5.825,5.745,5.82
1666540800000,5.82,5.945,5.805,5.92
1666555200000,5.92,5.975,5.885,5.955
1666569600000,5.955,5.985,5.855,5.86
1666584000000,5.86,5.865,5.805,5.83
1666598400000,5.83,5.905,5.81,5.9
1666612800000,5.9,5.905,5.8,5.865
1666627200000,5.865,5.91,5.84,5.875
1666641600000,5.875,5.95,5.86,5.91
1666656000000,5.91,5.95,5.89,5.93
1666670400000,5.93,5.96,5.9,5.94
1666684800000,5.94,5.96,5.91,5.945
1666699200000,5.945,6.18,5.93,6.15
1666713600000,6.15,6.62,6.145,6.535
1666728000000,6.535,6.555,6.39,6.43
1666742400000,6.43,6.515,6.425,6.49
1666756800000,6.49,6.545,6.46,6.515
1666771200000,6.515,6.61,6.475,6.51
1666785600000,6.51,6.585,6.405,6.47
1666800000000,6.47,6.5,6.425,6.455
1666814400000,6.455,6.495,6.42,6.46
1666828800000,6.46,6.535,6.45,6.5
1666843200000,6.5,6.65,6.455,6.515
1666857600000,6.515,6.535,6.425,6.45
1666872000000,6.45,6.545,6.395,6.425
1666886400000,6.425,6.465,6.365,6.44
1666900800000,6.44,6.445,6.275,6.32
1666915200000,6.32,6.4,6.26,6.375
1666929600000,6.375,6.415,6.32,6.36
1666944000000,6.36,6.41,6.355,6.37
1666958400000,6.37,6.485,6.325,6.445
1666972800000,6.445,6.55,6.435,6.515
1666987200000,6.515,6.575,6.495,6.51
1667001600000,6.51,6.665,6.49,6.66
1667016000000,6.66,6.685,6.55,6.595
1667030400000,6.595,6.69,6.53,6.56
1667044800000,6.56,6.59,6.485,6.525
1667059200000,6.525,6.77,6.51,6.67
1667073600000,6.67,6.695,6.56,6.635
1667088000000,6.635,6.645,6.57,6.62
1667102400000,6.62,6.735,6.58,6.73
1667116800000,6.73,6.74,6.53,6.61
1667131200000,6.61,6.625,6.515,6.54
1667145600000,6.54,6.625,6.51,6.605
1667160000000,6.605,6.66,6.535,6.645
1667174400000,6.645,6.79,6.565,6.755
1667188800000,6.755,6.755,6.63,6.735
1667203200000,6.735,6.825,6.645,6.785
1667217600000,6.785,6.8,6.58,6.64
1667232000000,6.64,6.7,6.6,6.63
1667246400000,6.63,6.66,6.56,6.625
1667260800000,6.625,6.69,6.595,6.62
1667275200000,6.62,6.71,6.6,6.685
1667289600000,6.685,6.71,6.59,6.62
1667304000000,6.62,6.63,6.465,6.515
1667318400000,6.515,6.525,6.455,6.49
1667332800000,6.49,6.49,6.445,6.45
1667347200000,6.45,6.465,6.39,6.445
1667361600000,6.445,6.465,6.32,6.36
1667376000000,6.36,6.46,6.28,6.355
1667390400000,6.355,6.395,6.32,6.32
1667404800000,6.32,6.525,6.235,6.285
1667419200000,6.285,6.315,6.155,6.25
1667433600000,6.25,6.435,6.22,6.43
1667448000000,6.43,6.525,6.415,6.43
1667462400000,6.43,6.49,6.34,6.375
1667476800000,6.375,6.485,6.315,6.435
1667491200000,6.435,6.52,6.435,6.495
1667505600000,6.495,6.5,6.405,6.415
1667520000000,6.415,6.61,6.38,6.585
1667534400000,6.585,6.72,6.57,6.685
1667548800000,6.685,6.775,6.665,6.685
1667563200000,6.685,6.96,6.585,6.745
1667577600000,6.745,7.0,6.71,6.985
1667592000000,6.985,7.095,6.945,7.05
1667606400000,7.05,7.235,7.01,7.075
1667620800000,7.075,7.095,7.015,7.06
1667635200000,7.06,7.085,6.955,7.055
1667649600000,7.055,7.13,6.965,7.105
1667664000000,7.105,7.24,7.04,7.125
1667678400000,7.125,7.125,6.935,7.025
1667692800000,7.025,7.065,6.945,7.065
1667707200000,7.065,7.065,6.945,7.0
1667721600000,7.0,7.13,6.98,7.1
1667736000000,7.1,7.14,7.015,7.095
1667750400000,7.095,7.14,6.965,7.02
1667764800000,7.02,7.035,6.78,6.81
1667779200000,6.81,6.94,6.785,6.865
1667793600000,6.865,6.915,6.645,6.665
1667808000000,6.665,6.845,6.645,6.815
1667822400000,6.815,7.135,6.805,7.135
1667836800000,7.135,7.41,7.085,7.34
1667851200000,7.34,7.36,7.03,7.115
1667865600000,7.115,7.2,6.705,6.725
1667880000000,6.725,6.79,6.36,6.635
1667894400000,6.635,6.675,6.505,6.565
1667908800000,6.565,6.625,6.4,6.58
1667923200000,6.58,6.965,5.795,6.195
1667937600000,6.195,6.39,6.04,6.295
1667952000000,6.295,6.37,6.06,6.185
1667966400000,6.185,6.325,6.095,6.27
1667980800000,6.27,6.275,5.885,6.245
1667995200000,6.245,6.315,5.955,5.985
1668009600000,5.985,6.08,5.79,5.93
1668024000000,5.93,5.985,5.325,5.405
1668038400000,5.405,5.685,5.315,5.585
1668052800000,5.585,5.82,5.54,5.75
1668067200000,5.75,5.795,5.585,5.645
1668081600000,5.645,6.165,5.635,6.045
1668096000000,6.045,6.18,5.84,5.95
1668110400000,5.95,6.065,5.865,5.965
1668124800000,5.965,6.0,5.665,5.72
1668139200000,5.72,5.845,5.675,5.825
1668153600000,5.825,5.86,5.76,5.825
1668168000000,5.825,5.915,5.52,5.63
1668182400000,5.63,5.67,5.505,5.625
1668196800000,5.625,5.79,5.56,5.745
1668211200000,5.745,5.83,5.705,5.785
1668225600000,5.785,5.79,5.555,5.7
1668240000000,5.7,5.735,5.64,5.72
1668254400000,5.72,5.81,5.67,5.775
1668268800000,5.775,5.845,5.76,5.83
1668283200000,5.83,5.875,5.71,5.775
1668297600000,5.775,5.875,5.755,5.84
1668312000000,5.84,5.965,5.795,5.885
1668326400000,5.885,5.89,5.67,5.785
1668340800000,5.785,5.895,5.735,5.83
1668355200000,5.83,5.84,5.71,5.8
1668369600000,5.8,5.8,5.615,5.745
1668384000000,5.745,5.785,5.465,5.53
1668398400000,5.53,5.81,5.44,5.795
1668412800000,5.795,5.85,5.755,5.79
1668427200000,5.79,5.895,5.665,5.82
1668441600000,5.82,5.875,5.685,5.715
1668456000000,5.715,5.88,5.705,5.86
1668470400000,5.86,5.905,5.8,5.875
1668484800000,5.875,5.915,5.82,5.9
1668499200000,5.9,5.955,5.875,5.925
1668513600000,5.925,6.045,5.925,6.005
1668528000000,6.005,6.03,5.88,5.915
1668542400000,5.915,5.935,5.885,5.915
1668556800000,5.915,5.985,5.865,5.98
1668571200000,5.98,5.99,5.92,5.935
1668585600000,5.935,5.94,5.79,5.8
1668600000000,5.8,5.805,5.625,5.66
1668614400000,5.66,5.725,5.59,5.675
1668628800000,5.675,5.74,5.635,5.705
1668643200000,5.705,5.725,5.645,5.665
1668657600000,5.665,5.71,5.57,5.68
1668672000000,5.68,5.695,5.61,5.645
1668686400000,5.645,5.705,5.555,5.655
1668700800000,5.655,5.72,5.63,5.68
1668715200000,5.68,5.72,5.645,5.67
1668729600000,5.67,5.775,5.67,5.745
1668744000000,5.745,5.745,5.7,5.715
1668758400000,5.715,5.735,5.68,5.73
1668772800000,5.73,5.755,5.675,5.7
1668787200000,5.7,5.72,5.625,5.655
1668801600000,5.655,5.66,5.61,5.645
1668816000000,5.645,5.66,5.585,5.61
1668830400000,5.61,5.61,5.525,5.555
1668844800000,5.555,5.58,5.54,5.58
1668859200000,5.58,5.61,5.55,5.595
1668873600000,5.595,5.61,5.565,5.565
1668888000000,5.565,5.64,5.55,5.595
1668902400000,5.595,5.655,5.59,5.595
1668916800000,5.595,5.635,5.59,5.61
1668931200000,5.61,5.62,5.42,5.455
1668945600000,5.455,5.495,5.415,5.47
1668960000000,5.47,5.47,5.39,5.46
1668974400000,5.46,5.46,5.25,5.295
1668988800000,5.295,5.3,5.135,5.245
1669003200000,5.245,5.29,5.18,5.215
1669017600000,5.215,5.235,5.17,5.205
1669032000000,5.205,5.275,5.18,5.235
1669046400000,5.235,5.245,5.06,5.135
1669060800000,5.135,5.235,5.125,5.185
1669075200000,5.185,5.26,5.16,5.18
1669089600000,5.18,5.19,4.97,5.06
1669104000000,5.06,5.06,4.99,5.01
1669118400000,5.01,5.31,5.0,5.295
1669132800000,5.295,5.315,5.21,5.24
1669147200000,5.24,5.29,5.235,5.285
1669161600000,5.285,5.41,5.245,5.395
1669176000000,5.395,5.445,5.375,5.44
1669190400000,5.44,5.485,5.37,5.39
1669204800000,5.39,5.4,5.31,5.37
1669219200000,5.37,5.445,5.305,5.39
1669233600000,5.39,5.45,5.37,5.43
1669248000000,5.43,5.48,5.385,5.465
1669262400000,5.465,5.51,5.44,5.475
1669276800000,5.475,5.48,5.365,5.385
1669291200000,5.385,5.4,5.345,5.375
1669305600000,5.375,5.415,5.355,5.375
1669320000000,5.375,5.405,5.32,5.385
1669334400000,5.385,5.385,5.265,5.285
1669348800000,5.285,5.305,5.245,5.29
1669363200000,5.29,5.38,5.265,5.325
1669377600000,5.325,5.365,5.255,5.285
1669392000000,5.285,5.31,5.24,5.285
1669406400000,5.285,5.315,5.255,5.265
1669420800000,5.265,5.35,5.235,5.305
1669435200000,5.305,5.345,5.29,5.335
1669449600000,5.335,5.435,5.335,5.395
1669464000000,5.395,5.455,5.33,5.39
1669478400000,5.39,5.415,5.285,5.33
1669492800000,5.33,5.34,5.255,5.295
1669507200000,5.295,5.375,5.295,5.37
1669521600000,5.37,5.435,5.36,5.405
1669536000000,5.405,5.415,5.32,5.355
1669550400000,5.355,5.41,5.355,5.41
1669564800000,5.41,5.425,5.375,5.4
1669579200000,5.4,5.405,5.24,5.295
1669593600000,5.295,5.315,5.055,5.12
1669608000000,5.12,5.18,5.105,5.175
1669622400000,5.175,5.2,5.155,5.195
1669636800000,5.195,5.205,5.1,5.125
1669651200000,5.125,5.23,5.07,5.165
1669665600000,5.165,5.185,5.095,5.125
1669680000000,5.125,5.19,5.085,5.17
1669694400000,5.17,5.285,5.165,5.26
1669708800000,5.26,5.305,5.255,5.295
1669723200000,5.295,5.315,5.245,5.275
1669737600000,5.275,5.355,5.22,5.3
1669752000000,5.3,5.335,5.29,5.31
1669766400000,5.31,5.505,5.31,5.35
1669780800000,5.35,5.43,5.35,5.42
1669795200000,5.42,5.45,5.35,5.4
1669809600000,5.4,5.42,5.355,5.415
1669824000000,5.415,5.46,5.29,5.415
1669838400000,5.415,5.505,5.41,5.465
1669852800000,5.465,5.475,5.385,5.43
1669867200000,5.43,5.435,5.37,5.37
1669881600000,5.37,5.395,5.365,5.395
1669896000000,5.395,5.44,5.315,5.38
1669910400000,5.38,5.41,5.345,5.38
1669924800000,5.38,5.405,5.35,5.405
1669939200000,5.405,5.485,5.36,5.42
1669953600000,5.42,5.445,5.385,5.425
1669968000000,5.425,5.625,5.42,5.615
1669982400000,5.615,5.68,5.525,5.64
1669996800000,5.64,5.65,5.585,5.625
1670011200000,5.625,5.655,5.605,5.62
1670025600000,5.62,5.705,5.58,5.595
1670040000000,5.595,5.615,5.545,5.55
1670054400000,5.55,5.595,5.535,5.595
1670068800000,5.595,5.595,5.545,5.555
1670083200000,5.555,5.58,5.525,5.55
1670097600000,5.55,5.55,5.48,5.49
1670112000000,5.49,5.555,5.485,5.52
1670126400000,5.52,5.595,5.515,5.575
1670140800000,5.575,5.59,5.5,5.515
1670155200000,5.515,5.555,5.505,5.545
1670169600000,5.545,5.585,5.535,5.555
1670184000000,5.555,5.605,5.515,5.585
1670198400000,5.585,5.7,5.575,5.68
1670212800000,5.68,5.73,5.675,5.7
1670227200000,5.7,5.73,5.66,5.67
1670241600000,5.67,5.67,5.525,5.535
1670256000000,5.535,5.565,5.43,5.47
1670270400000,5.47,5.5,5.445,5.485
1670284800000,5.485,5.51,5.465,5.495
1670299200000,5.495,5.495,5.465,5.485
1670313600000,5.485,5.5,5.415,5.455
1670328000000,5.455,5.495,5.44,5.48
1670342400000,5.48,5.485,5.445,5.47
1670356800000,5.47,5.515,5.435,5.5
1670371200000,5.5,5.52,5.445,5.475
1670385600000,5.475,5.48,5.24,5.255
1670400000000,5.255,5.335,5.235,5.305
1670414400000,5.305,5.35,5.3,5.32
1670428800000,5.32,5.33,5.26,5.28
1670443200000,5.28,5.315,5.25,5.295
1670457600000,5.295,5.325,5.26,5.305
1670472000000,5.305,5.305,5.27,5.29
1670486400000,5.29,5.325,5.25,5.315
1670500800000,5.315,5.34,5.29,5.32
1670515200000,5.32,5.455,5.3,5.45
1670529600000,5.45,5.455,5.4,5.425
1670544000000,5.425,5.44,5.39,5.405
1670558400000,5.405,5.415,5.38,5.41
1670572800000,5.41,5.42,5.385,5.395
1670587200000,5.395,5.42,5.31,5.355
1670601600000,5.355,5.36,5.26,5.28
1670616000000,5.28,5.305,5.255,5.295
1670630400000,5.295,5.3,5.275,5.29
1670644800000,5.29,5.3,5.28,5.28
1670659200000,5.28,5.3,5.25,5.295
1670673600000,5.295,5.32,5.27,5.32
1670688000000,5.32,5.33,5.29,5.305
1670702400000,5.305,5.305,5.26,5.275
1670716800000,5.275,5.295,5.27,5.285
1670731200000,5.285,5.3,5.275,5.28
1670745600000,5.28,5.285,5.27,5.275
1670760000000,5.275,5.305,5.27,5.3
1670774400000,5.3,5.325,5.275,5.295
1670788800000,5.295,5.295,5.08,5.16
1670803200000,5.16,5.16,5.005,5.09
1670817600000,5.09,5.145,5.08,5.125
1670832000000,5.125,5.155,5.11,5.15
1670846400000,5.15,5.16,5.105,5.125
1670860800000,5.125,5.145,5.115,5.13
1670875200000,5.13,5.205,5.12,5.17
1670889600000,5.17,5.19,5.115,5.12
1670904000000,5.12,5.125,4.99,5.06
1670918400000,5.06,5.16,5.06,5.155
1670932800000,5.155,5.34,5.14,5.26
1670947200000,5.26,5.28,5.21,5.25
1670961600000,5.25,5.29,5.25,5.285
1670976000000,5.285,5.31,5.26,5.28
1670990400000,5.28,5.31,5.265,5.3
1671004800000,5.3,5.315,5.27,5.31
1671019200000,5.31,5.355,5.29,5.34
1671033600000,5.34,5.36,5.155,5.21
1671048000000,5.21,5.24,5.175,5.215
1671062400000,5.215,5.22,5.11,5.175
1671076800000,5.175,5.195,5.16,5.175
1671091200000,5.175,5.225,5.17,5.215
1671105600000,5.215,5.255,5.195,5.22
1671120000000,5.22,5.225,5.145,5.215
1671134400000,5.215,5.245,5.195,5.23
1671148800000,5.23,5.25,5.205,5.215
1671163200000,5.215,5.245,5.185,5.23
1671177600000,5.23,5.25,5.065,5.1
1671192000000,5.1,5.1,5.015,5.055
1671206400000,5.055,5.055,4.995,5.04
1671220800000,5.04,5.06,4.49,4.65
1671235200000,4.65,4.705,4.58,4.65
1671249600000,4.65,4.7,4.64,4.695
1671264000000,4.695,4.7,4.655,4.675
1671278400000,4.675,4.695,4.66,4.685
1671292800000,4.685,4.69,4.645,4.67
1671307200000,4.67,4.725,4.66,4.705
1671321600000,4.705,4.715,4.665,4.685
1671336000000,4.685,4.705,4.675,4.685
1671350400000,4.685,4.685,4.625,4.65
1671364800000,4.65,4.66,4.62,4.62
1671379200000,4.62,4.68,4.62,4.655
1671393600000,4.655,4.695,4.64,4.655
1671408000000,4.655,4.705,4.565,4.6
1671422400000,4.6,4.64,4.595,4.62
1671436800000,4.62,4.635,4.605,4.62
1671451200000,4.62,4.655,4.595,4.62
1671465600000,4.62,4.625,4.45,4.51
1671480000000,4.51,4.545,4.405,4.48
1671494400000,4.48,4.59,4.46,4.55
1671508800000,4.55,4.62,4.545,4.6
1671523200000,4.6,4.62,4.58,4.61
1671537600000,4.61,4.655,4.555,4.62
1671552000000,4.62,4.62,4.57,4.595
1671566400000,4.595,4.62,4.58,4.605
1671580800000,4.605,4.61,4.51,4.525
1671595200000,4.525,4.53,4.48,4.52
1671609600000,4.52,4.535,4.465,4.525
1671624000000,4.525,4.525,4.445,4.485
1671638400000,4.485,4.495,4.435,4.45
1671652800000,4.45,4.48,4.445,4.48
1671667200000,4.48,4.495,4.465,4.485
1671681600000,4.485,4.485,4.41,4.435
1671696000000,4.435,4.5,4.42,4.48
1671710400000,4.48,4.495,4.365,4.39
1671724800000,4.39,4.42,4.37,4.415
1671739200000,4.415,4.54,4.41,4.53
1671753600000,4.53,4.545,4.48,4.52
1671768000000,4.52,4.535,4.495,4.51
1671782400000,4.51,4.53,4.495,4.51
1671796800000,4.51,4.52,4.45,4.485
1671811200000,4.485,4.5,4.475,4.485
1671825600000,4.485,4.495,4.455,4.47
1671840000000,4.47,4.49,4.47,4.48
1671854400000,4.48,4.49,4.45,4.465
1671868800000,4.465,4.47,4.43,4.44
1671883200000,4.44,4.46,4.435,4.455
1671897600000,4.455,4.475,4.45,4.455
1671912000000,4.455,4.46,4.435,4.455
1671926400000,4.455,4.47,4.445,4.46
1671940800000,4.46,4.46,4.43,4.435
1671955200000,4.435,4.45,4.43,4.445
1671969600000,4.445,4.465,4.405,4.44
1671984000000,4.44,4.445,4.395,4.43
1671998400000,4.43,4.5,4.425,4.49
1672012800000,4.49,4.505,4.465,4.495
1672027200000,4.495,4.5,4.475,4.48
1672041600000,4.48,4.505,4.46,4.5
1672056000000,4.5,4.52,4.495,4.505
1672070400000,4.505,4.535,4.5,4.53
1672084800000,4.53,4.575,4.515,4.57
1672099200000,4.57,4.585,4.505,4.51
1672113600000,4.51,4.53,4.51,4.525
1672128000000,4.525,4.57,4.495,4.535
1672142400000,4.535,4.535,4.47,4.495
1672156800000,4.495,4.505,4.455,4.495
1672171200000,4.495,4.495,4.465,4.48
1672185600000,4.48,4.49,4.405,4.435
1672200000000,4.435,4.445,4.25,4.35
1672214400000,4.35,4.365,4.335,4.35
1672228800000,4.35,4.39,4.315,4.32
1672243200000,4.32,4.365,4.29,4.3
1672257600000,4.3,4.32,4.24,4.285
1672272000000,4.285,4.31,4.225,4.305
1672286400000,4.305,4.325,4.29,4.325
1672300800000,4.325,4.35,4.295,4.34
1672315200000,4.34,4.355,4.32,4.335
1672329600000,4.335,4.345,4.295,4.315
1672344000000,4.315,4.32,4.235,4.31
1672358400000,4.31,4.325,4.275,4.3
1672372800000,4.3,4.305,4.22,4.245
1672387200000,4.245,4.28,4.245,4.275
1672401600000,4.275,4.305,4.235,4.295
1672416000000,4.295,4.335,4.285,4.325
1672430400000,4.325,4.34,4.29,4.325
1672444800000,4.325,4.335,4.305,4.305
1672459200000,4.305,4.35,4.305,4.34
1672473600000,4.34,4.36,4.335,4.35
1672488000000,4.35,4.395,4.34,4.37
1672502400000,4.37,4.375,4.33,4.345
1672516800000,4.345,4.35,4.3,4.31
1672531200000,4.31,4.315,4.275,4.3
1672545600000,4.3,4.305,4.275,4.305
1672560000000,4.305,4.345,4.285,4.335
1672574400000,4.335,4.345,4.315,4.34
1672588800000,4.34,4.375,4.335,4.355
1672603200000,4.355,4.39,4.355,4.37
1672617600000,4.37,4.45,4.31,4.44
1672632000000,4.44,4.495,4.42,4.47
1672646400000,4.47,4.52,4.47,4.49
1672660800000,4.49,4.515,4.465,4.495
1672675200000,4.495,4.535,4.485,4.515
1672689600000,4.515,4.525,4.47,4.485
1672704000000,4.485,4.505,4.465,4.49
1672718400000,4.49,4.545,4.48,4.51
1672732800000,4.51,4.54,4.485,4.515
1672747200000,4.515,4.545,4.485,4.505
1672761600000,4.505,4.525,4.475,4.505
1672776000000,4.505,4.525,4.495,4.525
1672790400000,4.525,4.685,4.52,4.675
1672804800000,4.675,4.68,4.64,4.655
1672819200000,4.655,4.67,4.62,4.625
1672833600000,4.625,4.66,4.6,4.655
1672848000000,4.655,4.67,4.61,4.62
1672862400000,4.62,4.63,4.58,4.63
1672876800000,4.63,4.65,4.58,4.6
1672891200000,4.6,4.64,4.57,4.58
1672905600000,4.58,4.59,4.545,4.58
1672920000000,4.58,4.595,4.54,4.575
1672934400000,4.575,4.605,4.56,4.605
1672948800000,4.605,4.64,4.595,4.62
1672963200000,4.62,4.665,4.615,4.635
1672977600000,4.635,4.645,4.545,4.57
1672992000000,4.57,4.605,4.56,4.6
1673006400000,4.6,4.68,4.555,4.67
1673020800000,4.67,4.685,4.645,4.67
1673035200000,4.67,4.705,4.645,4.68
1673049600000,4.68,4.705,4.665,4.685
1673064000000,4.685,4.685,4.65,4.66
1673078400000,4.66,4.67,4.645,4.65
1673092800000,4.65,4.665,4.635,4.66
1673107200000,4.66,4.67,4.64,4.665
1673121600000,4.665,4.675,4.64,4.66
1673136000000,4.66,4.675,4.595,4.63
1673150400000,4.63,4.645,4.625,4.635
1673164800000,4.635,4.685,4.63,4.66
1673179200000,4.66,4.76,4.66,4.745
1673193600000,4.745,4.75,4.7,4.73
1673208000000,4.73,4.83,4.715,4.83
1673222400000,4.83,4.92,4.8,4.905
1673236800000,4.905,4.955,4.88,4.905
1673251200000,4.905,5.055,4.88,4.965
1673265600000,4.965,5.07,4.93,5.035
1673280000000,5.035,5.055,4.935,4.94
1673294400000,4.94,4.955,4.86,4.885
1673308800000,4.885,4.935,4.815,4.885
1673323200000,4.885,4.915,4.865,4.88
1673337600000,4.88,4.93,4.87,4.905
1673352000000,4.905,4.935,4.855,4.92
1673366400000,4.92,4.96,4.88,4.95
1673380800000,4.95,4.965,4.885,4.915
1673395200000,4.915,4.935,4.83,4.865
1673409600000,4.865,4.89,4.845,4.885
1673424000000,4.885,4.905,4.855,4.895
1673438400000,4.895,4.91,4.83,4.845
1673452800000,4.845,5.025,4.825,5.015
1673467200000,5.015,5.135,4.945,5.125
1673481600000,5.125,5.18,5.085,5.145
1673496000000,5.145,5.165,5.085,5.115
1673510400000,5.115,5.12,5.035,5.08
1673524800000,5.08,5.18,5.005,5.07
1673539200000,5.07,5.235,5.055,5.195
1673553600000,5.195,5.255,5.18,5.23
1673568000000,5.23,5.24,5.16,5.23
1673582400000,5.23,5.265,5.205,5.215
1673596800000,5.215,5.28,5.2,5.215
1673611200000,5.215,5.3,5.155,5.285
1673625600000,5.285,5.29,5.22,5.27
1673640000000,5.27,5.415,5.25,5.395
1673654400000,5.395,5.725,5.39,5.63
1673668800000,5.63,6.55,5.595,6.21
1673683200000,6.21,6.395,5.835,6.05
1673697600000,6.05,6.27,5.915,6.115
1673712000000,6.115,6.16,5.965,6.01
1673726400000,6.01,6.065,5.94,6.025
1673740800000,6.025,6.065,5.775,5.895
1673755200000,5.895,5.93,5.805,5.87
1673769600000,5.87,5.985,5.77,5.95
1673784000000,5.95,6.055,5.89,6.03
1673798400000,6.03,6.03,5.845,5.91
1673812800000,5.91,5.985,5.88,5.935
1673827200000,5.935,6.09,5.855,5.97
1673841600000,5.97,6.055,5.935,5.965
1673856000000,5.965,5.98,5.635,5.78
1673870400000,5.78,5.82,5.6,5.76
1673884800000,5.76,5.89,5.73,5.865
1673899200000,5.865,5.905,5.77,5.81
1673913600000,5.81,5.855,5.685,5.785
1673928000000,5.785,6.105,5.775,6.005
1673942400000,6.005,6.04,5.93,5.99
1673956800000,5.99,6.22,5.92,6.01
1673971200000,6.01,6.12,5.93,6.12
1673985600000,6.12,6.13,5.925,5.95
1674000000000,5.95,6.07,5.935,6.03
1674014400000,6.03,6.07,5.99,6.01
1674028800000,6.01,6.015,5.865,5.915
1674043200000,5.915,6.215,5.65,5.825
1674057600000,5.825,5.87,5.595,5.74
1674072000000,5.74,5.845,5.575,5.65
1674086400000,5.65,5.76,5.645,5.74
1674100800000,5.74,5.8,5.73,5.74
1674115200000,5.74,5.795,5.7,5.72
1674129600000,5.72,5.795,5.66,5.735
1674144000000,5.735,5.815,5.7,5.8
1674158400000,5.8,5.835,5.765,5.8
1674172800000,5.8,5.885,5.77,5.85
1674187200000,5.85,5.88,5.795,5.83
1674201600000,5.83,5.84,5.755,5.765
1674216000000,5.765,5.915,5.75,5.85
1674230400000,5.85,6.005,5.835,5.99
1674244800000,5.99,6.305,5.99,6.255
1674259200000,6.255,6.315,6.15,6.24
1674273600000,6.24,6.29,6.19,6.265
1674288000000,6.265,6.35,5.965,6.2
1674302400000,6.2,6.255,6.115,6.15
1674316800000,6.15,6.41,6.145,6.36
1674331200000,6.36,6.47,6.21,6.24
1674345600000,6.24,6.31,6.135,6.205
1674360000000,6.205,6.3,6.205,6.26
1674374400000,6.26,6.31,6.22,6.25
1674388800000,6.25,6.425,6.2,6.315
1674403200000,6.315,6.47,6.26,6.295
1674417600000,6.295,6.3,6.08,6.21
1674432000000,6.21,6.375,6.2,6.29
1674446400000,6.29,6.35,6.25,6.29
1674460800000,6.29,6.415,6.27,6.415
1674475200000,6.415,6.595,6.29,6.545
1674489600000,6.545,6.82,6.47,6.67
1674504000000,6.67,6.765,6.545,6.56
1674518400000,6.56,6.705,6.525,6.66
1674532800000,6.66,6.675,6.575,6.605
1674547200000,6.605,6.645,6.465,6.505
1674561600000,6.505,6.52,6.405,6.48
1674576000000,6.48,6.52,6.37,6.515
1674590400000,6.515,6.52,6.055,6.185
1674604800000,6.185,6.21,6.005,6.19
1674619200000,6.19,6.28,6.165,6.265
1674633600000,6.265,6.295,6.15,6.175
1674648000000,6.175,6.295,6.08,6.165
1674662400000,6.165,6.245,6.125,6.245
1674676800000,6.245,6.565,6.24,6.4
1674691200000,6.4,6.505,6.39,6.425
1674705600000,6.425,6.495,6.35,6.39
1674720000000,6.39,6.43,6.3,6.35
1674734400000,6.35,6.56,6.32,6.41
1674748800000,6.41,6.49,6.315,6.45
1674763200000,6.45,6.515,6.435,6.47
1674777600000,6.47,6.51,6.265,6.375
1674792000000,6.375,6.46,6.36,6.455
1674806400000,6.455,6.48,6.375,6.425
1674820800000,6.425,6.47,6.34,6.41
1674835200000,6.41,6.54,6.4,6.535
1674849600000,6.535,6.63,6.48,6.58
1674864000000,6.58,6.665,6.555,6.585
1674878400000,6.585,6.635,6.455,6.52
1674892800000,6.52,6.525,6.46,6.5
1674907200000,6.5,6.505,6.33,6.44
1674921600000,6.44,6.46,6.38,6.415
1674936000000,6.415,6.425,6.315,6.395
1674950400000,6.395,6.52,6.325,6.49
1674964800000,6.49,6.515,6.475,6.49
1674979200000,6.49,6.615,6.48,6.59
1674993600000,6.59,6.615,6.55,6.57
1675008000000,6.57,6.7,6.52,6.685
1675022400000,6.685,6.69,6.57,6.605
1675036800000,6.605,6.65,6.515,6.555
1675051200000,6.555,6.585,6.455,6.485
1675065600000,6.485,6.505,6.22,6.27
1675080000000,6.27,6.335,6.23,6.285
1675094400000,6.285,6.34,5.995,6.14
1675108800000,6.14,6.19,6.055,6.19
1675123200000,6.19,6.255,6.145,6.22
1675137600000,6.22,6.27,6.16,6.255
1675152000000,6.255,6.275,6.155,6.2
1675166400000,6.2,6.305,6.185,6.275
1675180800000,6.275,6.325,6.26,6.3
1675195200000,6.3,6.31,6.185,6.26
1675209600000,6.26,6.28,6.215,6.245
1675224000000,6.245,6.275,6.155,6.205
1675238400000,6.205,6.215,6.105,6.16
1675252800000,6.16,6.205,6.025,6.055
1675267200000,6.055,6.345,6.02,6.295
1675281600000,6.295,6.485,6.28,6.455
1675296000000,6.455,6.58,6.445,6.535
1675310400000,6.535,6.585,6.47,6.495
1675324800000,6.495,6.575,6.485,6.555
1675339200000,6.555,6.675,6.515,6.63
1675353600000,6.63,6.925,6.625,6.71
1675368000000,6.71,6.735,6.46,6.55
1675382400000,6.55,6.66,6.5,6.63
1675396800000,6.63,6.775,6.62,6.68
1675411200000,6.68,6.849,6.64,6.808
1675425600000,6.808,7.078,6.705,6.959
1675440000000,6.959,7.125,6.928,6.976
1675454400000,6.976,7.04,6.922,7.007
1675468800000,7.007,7.039,6.869,6.879
1675483200000,6.879,6.891,6.816,6.875
1675497600000,6.875,6.912,6.848,6.897
1675512000000,6.897,7.075,6.897,6.946
1675526400000,6.946,6.971,6.891,6.935
1675540800000,6.935,6.98,6.831,6.871
1675555200000,6.871,6.89,6.768,6.815
1675569600000,6.815,6.892,6.812,6.859
1675584000000,6.859,6.887,6.795,6.817
1675598400000,6.817,6.84,6.563,6.63
1675612800000,6.63,6.671,6.521,6.59
1675627200000,6.59,6.653,6.509,6.635
1675641600000,6.635,6.789,6.623,6.661
1675656000000,6.661,6.781,6.558,6.742
1675670400000,6.742,6.771,6.603,6.71
1675684800000,6.71,6.756,6.609,6.756
1675699200000,6.756,6.775,6.643,6.654
1675713600000,6.654,6.656,6.37,6.491
1675728000000,6.491,6.609,6.473,6.599
1675742400000,6.599,6.667,6.591,6.622
1675756800000,6.622,6.729,6.596,6.711
1675771200000,6.711,6.745,6.642,6.676
1675785600000,6.676,6.847,6.585,6.776
1675800000000,6.776,6.948,6.746,6.939
1675814400000,6.939,7.018,6.925,6.937
1675828800000,6.937,6.952,6.852,6.906
1675843200000,6.906,6.907,6.829,6.894
1675857600000,6.894,6.913,6.743,6.761
1675872000000,6.761,6.809,6.613,6.719
1675886400000,6.719,6.767,6.65,6.753
1675900800000,6.753,6.867,6.512,6.56
1675915200000,6.56,6.693,6.512,6.684
1675929600000,6.684,6.972,6.68,6.828
1675944000000,6.828,6.95,6.757,6.846
1675958400000,6.846,6.886,6.266,6.404
1675972800000,6.404,6.404,6.048,6.228
1675987200000,6.228,6.275,6.202,6.244
1676001600000,6.244,6.288,6.16,6.285
1676016000000,6.285,6.306,6.198,6.207
1676030400000,6.207,6.276,6.122,6.204
1676044800000,6.204,6.302,6.145,6.289
1676059200000,6.289,6.294,6.098,6.18
1676073600000,6.18,6.233,6.154,6.218
1676088000000,6.218,6.237,6.176,6.206
1676102400000,6.206,6.218,6.192,6.204
1676116800000,6.204,6.255,6.18,6.231
1676131200000,6.231,6.234,6.162,6.206
1676145600000,6.206,6.288,6.189,6.272
1676160000000,6.272,6.274,6.233,6.237
1676174400000,6.237,6.254,6.221,6.244
1676188800000,6.244,6.332,6.242,6.322
1676203200000,6.322,6.34,6.26,6.323
1676217600000,6.323,6.382,6.315,6.352
1676232000000,6.352,6.368,6.065,6.178
1676246400000,6.178,6.215,6.036,6.168
1676260800000,6.168,6.24,6.16,6.213
1676275200000,6.213,6.215,5.952,6.043
1676289600000,6.043,6.09,5.994,5.998
1676304000000,5.998,6.049,5.877,6.019
1676318400000,6.019,6.141,5.996,6.141
1676332800000,6.141,6.15,6.076,6.09
1676347200000,6.09,6.127,6.083,6.12
1676361600000,6.12,6.152,6.058,6.093
1676376000000,6.093,6.262,6.008,6.199
1676390400000,6.199,6.256,6.143,6.252
1676404800000,6.252,6.261,6.202,6.227
1676419200000,6.227,6.236,6.158,6.182
1676433600000,6.182,6.21,6.175,6.19
1676448000000,6.19,6.269,6.168,6.267
1676462400000,6.267,6.35,6.266,6.301
1676476800000,6.301,6.423,6.272,6.423
1676491200000,6.423,6.615,6.413,6.61
1676505600000,6.61,6.679,6.553,6.628
1676520000000,6.628,6.666,6.564,6.599
1676534400000,6.599,6.626,6.535,6.561
1676548800000,6.561,6.655,6.47,6.655
1676563200000,6.655,6.742,6.541,6.676
1676577600000,6.676,6.74,6.319,6.326
1676592000000,6.326,6.571,6.29,6.569
1676606400000,6.569,6.82,6.569,6.644
1676620800000,6.644,6.788,6.617,6.76
1676635200000,6.76,6.895,6.685,6.834
1676649600000,6.834,7.397,6.808,7.375
1676664000000,7.375,7.417,7.144,7.29
1676678400000,7.29,7.381,7.172,7.328
1676692800000,7.328,7.345,7.207,7.248
1676707200000,7.248,7.262,7.114,7.193
1676721600000,7.193,7.298,7.183,7.218
1676736000000,7.218,7.316,7.148,7.221
1676750400000,7.221,7.274,7.174,7.236
1676764800000,7.236,7.33,7.19,7.207
1676779200000,7.207,7.563,7.191,7.399
1676793600000,7.399,7.79,7.352,7.655
1676808000000,7.655,7.799,7.602,7.733
1676822400000,7.733,7.9,7.427,7.552
1676836800000,7.552,7.615,7.424,7.448
1676851200000,7.448,7.528,7.234,7.5
1676865600000,7.5,7.548,7.443,7.506
1676880000000,7.506,7.565,7.411,7.541
1676894400000,7.541,7.584,7.453,7.514
1676908800000,7.514,7.565,7.386,7.514
1676923200000,7.514,7.572,7.479,7.553
1676937600000,7.553,7.575,7.441,7.456
1676952000000,7.456,7.503,7.417,7.483
1676966400000,7.483,7.535,7.242,7.284
1676980800000,7.284,7.355,7.231,7.272
1676995200000,7.272,7.369,7.223,7.314
1677009600000,7.314,7.321,7.118,7.253
1677024000000,7.253,7.274,7.025,7.199
1677038400000,7.199,7.201,7.046,7.121
1677052800000,7.121,7.144,6.96,7.101
1677067200000,7.101,7.137,6.885,6.935
1677081600000,6.935,7.098,6.889,7.039
1677096000000,7.039,7.188,7.01,7.186
1677110400000,7.186,7.36,7.169,7.331
1677124800000,7.331,7.382,7.267,7.321
1677139200000,7.321,7.337,7.119,7.16
1677153600000,7.16,7.328,7.125,7.205
1677168000000,7.205,7.21,7.041,7.116
1677182400000,7.116,7.161,7.014,7.096
1677196800000,7.096,7.149,7.046,7.054
1677211200000,7.054,7.087,7.009,7.054
1677225600000,7.054,7.073,6.924,7.01
1677240000000,7.01,7.042,6.698,6.715
1677254400000,6.715,6.73,6.531,6.644
1677268800000,6.644,6.687,6.463,6.607
1677283200000,6.607,6.649,6.588,6.608
1677297600000,6.608,6.614,6.528,6.598
1677312000000,6.598,6.64,6.544,6.589
1677326400000,6.589,6.617,6.518,6.571
1677340800000,6.571,6.608,6.41,6.463
1677355200000,6.463,6.542,6.336,6.54
1677369600000,6.54,6.616,6.501,6.602
1677384000000,6.602,6.614,6.542,6.58
1677398400000,6.58,6.613,6.557,6.597
1677412800000,6.597,6.607,6.538,6.604
1677427200000,6.604,6.702,6.559,6.693
1677441600000,6.693,6.724,6.607,6.688
1677456000000,6.688,6.704,6.641,6.666
1677470400000,6.666,6.668,6.584,6.61
1677484800000,6.61,6.624,6.544,6.601
1677499200000,6.601,6.778,6.572,6.689
1677513600000,6.689,6.703,6.487,6.524
1677528000000,6.524,6.604,6.489,6.58
1677542400000,6.58,6.596,6.522,6.578
1677556800000,6.578,6.583,6.439,6.441
1677571200000,6.441,6.479,6.418,6.467
1677585600000,6.467,6.52,6.428,6.479
1677600000000,6.479,6.507,6.36,6.386
1677614400000,6.386,6.423,6.271,6.341
1677628800000,6.341,6.527,6.313,6.524
1677643200000,6.524,6.589,6.513,6.538
1677657600000,6.538,6.601,6.525,6.548
1677672000000,6.548,6.573,6.481,6.525
1677686400000,6.525,6.525,6.375,6.39
1677700800000,6.39,6.541,6.38,6.535
1677715200000,6.535,6.558,6.353,6.399
1677729600000,6.399,6.437,6.361,6.387
1677744000000,6.387,6.403,6.336,6.357
1677758400000,6.357,6.37,6.219,6.311
1677772800000,6.311,6.342,6.252,6.327
1677787200000,6.327,6.336,6.265,6.333
1677801600000,6.333,6.335,5.771,6.034
1677816000000,6.034,6.111,6.01,6.04
1677830400000,6.04,6.081,6.029,6.033
1677844800000,6.033,6.087,6.004,6.045
1677859200000,6.045,6.075,6.017,6.044
1677873600000,6.044,6.057,5.979,6.036
1677888000000,6.036,6.054,5.968,5.975
1677902400000,5.975,5.997,5.911,5.986
1677916800000,5.986,6.03,5.974,6.009
1677931200000,6.009,6.019,5.967,5.967
1677945600000,5.967,5.981,5.864,5.882
1677960000000,5.882,5.915,5.727,5.914
1677974400000,5.914,6.038,5.883,5.994
1677988800000,5.994,6.02,5.962,5.974
1678003200000,5.974,6.018,5.941,6.003
1678017600000,6.003,6.057,6.003,6.035
1678032000000,6.035,6.036,5.988,6.015
1678046400000,6.015,6.047,5.931,5.972
1678060800000,5.972,5.991,5.856,5.929
1678075200000,5.929,5.944,5.877,5.928
1678089600000,5.928,5.967,5.893,5.927
1678104000000,5.927,6.039,5.906,6.029
1678118400000,6.029,6.039,5.944,5.954
1678132800000,5.954,5.958,5.892,5.92
1678147200000,5.92,6.016,5.885,5.954
1678161600000,5.954,5.961,5.917,5.923
1678176000000,5.923,5.935,5.814,5.818
1678190400000,5.818,5.886,5.735,5.854
1678204800000,5.854,5.907,5.797,5.812
1678219200000,5.812,5.858,5.741,5.844
1678233600000,5.844,5.943,5.802,5.828
1678248000000,5.828,5.842,5.627,5.69
1678262400000,5.69,5.742,5.675,5.699
1678276800000,5.699,5.708,5.553,5.678
1678291200000,5.678,5.708,5.618,5.685
1678305600000,5.685,5.766,5.496,5.595
1678320000000,5.595,5.647,5.56,5.632
1678334400000,5.632,5.665,5.595,5.607
1678348800000,5.607,5.698,5.564,5.685
1678363200000,5.685,5.79,5.663,5.739
1678377600000,5.739,5.795,5.462,5.492
1678392000000,5.492,5.495,5.24,5.379
1678406400000,5.379,5.453,5.282,5.376
1678420800000,5.376,5.451,5.348,5.377
1678435200000,5.377,5.38,5.141,5.286
1678449600000,5.286,5.559,5.263,5.473
1678464000000,5.473,5.545,5.438,5.526
1678478400000,5.526,5.58,5.435,5.545
1678492800000,5.545,5.675,5.534,5.585
1678507200000,5.585,5.597,5.272,5.314
1678521600000,5.314,5.417,5.278,5.305
1678536000000,5.305,5.345,5.225,5.25
1678550400000,5.25,5.393,5.221,5.364
1678564800000,5.364,5.471,5.361,5.459
1678579200000,5.459,5.492,5.404,5.454
1678593600000,5.454,5.502,5.431,5.451
1678608000000,5.451,5.505,5.443,5.469
1678622400000,5.469,5.47,5.357,5.39
1678636800000,5.39,5.665,5.367,5.576
1678651200000,5.576,5.902,5.572,5.892
1678665600000,5.892,6.035,5.848,5.875
1678680000000,5.875,5.941,5.875,5.903
1678694400000,5.903,5.905,5.707,5.776
1678708800000,5.776,6.106,5.702,6.02
1678723200000,6.02,6.119,5.965,6.074
1678737600000,6.074,6.142,6.023,6.096
1678752000000,6.096,6.142,6.057,6.138
1678766400000,6.138,6.192,6.024,6.039
1678780800000,6.039,6.123,5.983,6.082
1678795200000,6.082,6.538,6.062,6.514
1678809600000,6.514,6.529,6.229,6.343
1678824000000,6.343,6.36,6.085,6.223
1678838400000,6.223,6.372,6.143,6.288
1678852800000,6.288,6.362,6.243,6.316
1678867200000,6.316,6.343,6.084,6.187
1678881600000,6.187,6.245,5.934,5.964
1678896000000,5.964,5.978,5.773,5.914
1678910400000,5.914,5.952,5.824,5.873
1678924800000,5.873,5.938,5.758,5.912
1678939200000,5.912,5.997,5.859,5.976
1678953600000,5.976,6.084,5.943,6.064
1678968000000,6.064,6.085,5.908,6.056
1678982400000,6.056,6.138,6.021,6.114
1678996800000,6.114,6.114,5.982,6.085
1679011200000,6.085,6.237,6.024,6.202
1679025600000,6.202,6.283,6.155,6.262
1679040000000,6.262,6.54,6.243,6.531
1679054400000,6.531,6.537,6.268,6.366
1679068800000,6.366,6.461,6.324,6.429
1679083200000,6.429,6.628,6.364,6.62
1679097600000,6.62,6.699,6.522,6.675
1679112000000,6.675,6.678,6.572,6.646
1679126400000,6.646,6.652,6.519,6.606
1679140800000,6.606,6.637,6.385,6.471
1679155200000,6.471,6.511,6.302,6.44
1679169600000,6.44,6.488,6.281,6.315
1679184000000,6.315,6.479,6.311,6.472
1679198400000,6.472,6.491,6.321,6.418
1679212800000,6.418,6.457,6.35,6.447
1679227200000,6.447,6.571,6.404,6.502
1679241600000,6.502,6.6,6.491,6.54
1679256000000,6.54,6.557,6.405,6.449
1679270400000,6.449,6.48,6.262,6.287
1679284800000,6.287,6.437,6.218,6.425
1679299200000,6.425,6.465,6.378,6.434
1679313600000,6.434,6.45,6.329,6.336
1679328000000,6.336,6.37,6.093,6.147
1679342400000,6.147,6.211,6.046,6.088
1679356800000,6.088,6.182,6.067,6.145
1679371200000,6.145,6.168,6.002,6.04
1679385600000,6.04,6.177,5.995,6.152
1679400000000,6.152,6.345,6.129,6.241
1679414400000,6.241,6.316,6.129,6.277
1679428800000,6.277,6.454,6.263,6.359
1679443200000,6.359,6.38,6.251,6.324
1679457600000,6.324,6.366,6.276,6.308
1679472000000,6.308,6.316,6.213,6.24
1679486400000,6.24,6.385,6.212,6.296
1679500800000,6.296,6.329,5.904,5.943
1679515200000,5.943,6.057,5.915,6.047
1679529600000,6.047,6.101,5.99,6.058
1679544000000,6.058,6.171,6.042,6.164
1679558400000,6.164,6.198,6.146,6.183
1679572800000,6.183,6.388,6.092,6.374
1679587200000,6.374,6.417,6.23,6.321
1679601600000,6.321,6.325,6.208,6.319
1679616000000,6.319,6.338,6.281,6.283
1679630400000,6.283,6.323,6.251,6.318
1679644800000,6.318,6.328,6.046,6.088
1679659200000,6.088,6.169,6.034,6.071
1679673600000,6.071,6.108,5.951,6.072
1679688000000,6.072,6.083,5.947,6.016
1679702400000,6.016,6.077,5.998,6.053
1679716800000,6.053,6.064,5.993,6.02
1679731200000,6.02,6.029,5.969,6.012
1679745600000,6.012,6.039,5.969,6.017
1679760000000,6.017,6.027,5.823,5.845
1679774400000,5.845,5.913,5.831,5.901
1679788800000,5.901,5.985,5.875,5.961
1679803200000,5.961,6.012,5.946,5.995
1679817600000,5.995,6.062,5.984,6.038
1679832000000,6.038,6.101,6.007,6.025
1679846400000,6.025,6.035,5.968,6.009
1679860800000,6.009,6.064,5.972,6.04
1679875200000,6.04,6.049,5.976,5.996
1679889600000,5.996,6.006,5.934,5.962
1679904000000,5.962,6.016,5.946,6.012
1679918400000,6.012,6.112,5.737,5.845
1679932800000,5.845,5.89,5.781,5.817
1679947200000,5.817,5.877,5.79,5.866
1679961600000,5.866,5.885,5.752,5.809
1679976000000,5.809,5.912,5.805,5.864
1679990400000,5.864,5.923,5.811,5.917
1680004800000,5.917,6.002,5.902,5.963
1680019200000,5.963,6.11,5.902,6.084
1680033600000,6.084,6.098,6.015,6.052
1680048000000,6.052,6.134,6.046,6.103
1680062400000,6.103,6.261,6.094,6.22
1680076800000,6.22,6.279,6.211,6.267
1680091200000,6.267,6.277,6.137,6.204
1680105600000,6.204,6.213,6.158,6.203
1680120000000,6.203,6.206,6.115,6.178
1680134400000,6.178,6.291,6.065,6.166
1680148800000,6.166,6.211,6.141,6.185
1680163200000,6.185,6.19,6.103,6.161
1680177600000,6.161,6.163,6.093,6.113
1680192000000,6.113,6.113,6.025,6.076
1680206400000,6.076,6.121,6.063,6.118
1680220800000,6.118,6.248,6.098,6.214
1680235200000,6.214,6.245,6.115,6.193
1680249600000,6.193,6.263,6.144,6.184
1680264000000,6.184,6.371,6.171,6.325
1680278400000,6.325,6.38,6.301,6.323
1680292800000,6.323,6.346,6.296,6.335
1680307200000,6.335,6.391,6.32,6.333
1680321600000,6.333,6.335,6.225,6.263
1680336000000,6.263,6.296,6.222,6.261
1680350400000,6.261,6.304,6.228,6.26
1680364800000,6.26,6.274,6.187,6.265
1680379200000,6.265,6.362,6.264,6.346
1680393600000,6.346,6.428,6.307,6.395
1680408000000,6.395,6.445,6.384,6.397
1680422400000,6.397,6.411,6.338,6.342
1680436800000,6.342,6.392,6.263,6.341
1680451200000,6.341,6.358,6.171,6.212
1680465600000,6.212,6.281,6.204,6.263
1680480000000,6.263,6.267,6.087,6.176
1680494400000,6.176,6.25,6.161,6.249
1680508800000,6.249,6.391,6.249,6.343
1680523200000,6.343,6.389,6.265,6.321
1680537600000,6.321,6.499,6.282,6.446
1680552000000,6.446,6.457,6.118,6.415
1680566400000,6.415,6.474,6.364,6.411
1680580800000,6.411,6.441,6.375,6.403
1680595200000,6.403,6.494,6.403,6.481
1680609600000,6.481,6.518,6.402,6.431
1680624000000,6.431,6.521,6.42,6.514
1680638400000,6.514,6.53,6.388,6.432
1680652800000,6.432,6.586,6.397,6.561
1680667200000,6.561,6.561,6.508,6.533
1680681600000,6.533,6.563,6.487,6.498
1680696000000,6.498,6.525,6.315,6.374
1680710400000,6.374,6.405,6.321,6.385
1680724800000,6.385,6.412,6.373,6.402
1680739200000,6.402,6.411,6.283,6.405
1680753600000,6.405,6.405,6.294,6.303
1680768000000,6.303,6.331,6.249,6.321
1680782400000,6.321,6.416,6.307,6.356
1680796800000,6.356,6.376,6.296,6.326
1680811200000,6.326,6.348,6.266,6.277
1680825600000,6.277,6.314,6.213,6.233
1680840000000,6.233,6.254,6.14,6.159
1680854400000,6.159,6.212,6.134,6.16
1680868800000,6.16,6.218,6.137,6.201
1680883200000,6.201,6.215,6.149,6.172
1680897600000,6.172,6.196,6.141,6.173
1680912000000,6.173,6.176,6.102,6.162
1680926400000,6.162,6.23,6.153,6.199
1680940800000,6.199,6.21,6.173,6.188
1680955200000,6.188,6.223,6.177,6.205
1680969600000,6.205,6.209,6.086,6.127
1680984000000,6.127,6.148,6.099,6.126
1680998400000,6.126,6.239,6.126,6.17
1681012800000,6.17,6.193,6.1,6.128
1681027200000,6.128,6.137,6.092,6.136
1681041600000,6.136,6.151,6.094,6.131
1681056000000,6.131,6.21,6.104,6.192
1681070400000,6.192,6.258,6.171,6.21
1681084800000,6.21,6.224,6.11,6.159
1681099200000,6.159,6.183,6.142,6.177
1681113600000,6.177,6.188,6.159,6.164
1681128000000,6.164,6.17,6.116,6.146
1681142400000,6.146,6.252,6.118,6.219
1681156800000,6.219,6.311,6.182,6.288
1681171200000,6.288,6.34,6.273,6.333
1681185600000,6.333,6.469,6.311,6.444
1681200000000,6.444,6.452,6.386,6.413
1681214400000,6.413,6.479,6.39,6.435
1681228800000,6.435,6.491,6.386,6.42
1681243200000,6.42,6.439,6.392,6.414
1681257600000,6.414,6.465,6.206,6.244
1681272000000,6.244,6.326,6.224,6.296
1681286400000,6.296,6.305,6.257,6.277
1681300800000,6.277,6.438,6.252,6.392
1681315200000,6.392,6.428,6.317,6.351
1681329600000,6.351,6.419,6.351,6.399
1681344000000,6.399,6.414,6.346,6.405
1681358400000,6.405,6.424,6.382,6.411
1681372800000,6.411,6.484,6.392,6.463
1681387200000,6.463,6.579,6.463,6.56
1681401600000,6.56,6.619,6.533,6.587
1681416000000,6.587,6.649,6.537,6.635
1681430400000,6.635,6.849,6.624,6.79
1681444800000,6.79,6.84,6.718,6.731
1681459200000,6.731,6.783,6.729,6.775
1681473600000,6.775,6.775,6.546,6.561
1681488000000,6.561,6.762,6.54,6.748
1681502400000,6.748,6.766,6.703,6.729
1681516800000,6.729,6.735,6.632,6.657
1681531200000,6.657,6.715,6.639,6.7
1681545600000,6.7,6.79,6.691,6.771
1681560000000,6.771,6.823,6.725,6.766
1681574400000,6.766,6.875,6.741,6.788
1681588800000,6.788,6.829,6.734,6.802
1681603200000,6.802,6.831,6.711,6.755
1681617600000,6.755,6.817,6.747,6.789
1681632000000,6.789,6.8,6.678,6.694
1681646400000,6.694,6.784,6.684,6.779
1681660800000,6.779,6.881,6.737,6.803
1681675200000,6.803,6.876,6.746,6.826
1681689600000,6.826,6.837,6.622,6.727
1681704000000,6.727,6.741,6.678,6.709
1681718400000,6.709,6.736,6.631,6.696
1681732800000,6.696,6.748,6.64,6.689
1681747200000,6.689,6.732,6.674,6.703
1681761600000,6.703,6.731,6.66,6.701
1681776000000,6.701,6.725,6.566,6.715
1681790400000,6.715,6.84,6.71,6.838
1681804800000,6.838,6.964,6.822,6.952
1681819200000,6.952,6.982,6.855,6.883
1681833600000,6.883,6.929,6.811,6.868
1681848000000,6.868,6.935,6.84,6.916
1681862400000,6.916,6.921,6.833,6.848
1681876800000,6.848,6.898,6.777,6.828
1681891200000,6.828,6.829,6.227,6.474
1681905600000,6.474,6.541,6.442,6.462
1681920000000,6.462,6.49,6.359,6.392
1681934400000,6.392,6.421,6.228,6.307
1681948800000,6.307,6.429,6.285,6.394
1681963200000,6.394,6.431,6.372,6.392
1681977600000,6.392,6.435,6.318,6.334
1681992000000,6.334,6.418,6.23,6.237
1682006400000,6.237,6.241,6.063,6.106
1682020800000,6.106,6.144,6.054,6.107
1682035200000,6.107,6.17,6.084,6.146
1682049600000,6.146,6.16,5.996,6.115
1682064000000,6.115,6.131,6.021,6.043
1682078400000,6.043,6.095,5.983,6.024
1682092800000,6.024,6.035,5.769,5.821
1682107200000,5.821,5.853,5.767,5.846
1682121600000,5.846,5.883,5.817,5.878
1682136000000,5.878,5.918,5.862,5.885
1682150400000,5.885,5.917,5.865,5.91
1682164800000,5.91,5.975,5.892,5.944
1682179200000,5.944,5.972,5.926,5.945
1682193600000,5.945,5.962,5.92,5.943
1682208000000,5.943,5.945,5.844,5.916
1682222400000,5.916,5.957,5.911,5.949
1682236800000,5.949,5.968,5.916,5.95
1682251200000,5.95,5.968,5.832,5.869
1682265600000,5.869,5.911,5.755,5.822
1682280000000,5.822,5.957,5.803,5.902
1682294400000,5.902,6.028,5.856,5.976
1682308800000,5.976,6.007,5.888,5.921
1682323200000,5.921,5.97,5.864,5.968
1682337600000,5.968,5.988,5.841,5.848
1682352000000,5.848,5.957,5.792,5.923
1682366400000,5.923,5.944,5.878,5.88
1682380800000,5.88,5.908,5.842,5.864
1682395200000,5.864,5.894,5.816,5.829
1682409600000,5.829,5.878,5.804,5.863
1682424000000,5.863,5.888,5.776,5.793
1682438400000,5.793,5.879,5.781,5.837
1682452800000,5.837,6.007,5.836,5.997
1682467200000,5.997,6.038,5.953,5.991
1682481600000,5.991,6.047,5.99,6.019
1682496000000,6.019,6.125,6.012,6.075
1682510400000,6.075,6.214,6.075,6.201
1682524800000,6.201,6.203,5.692,5.757
1682539200000,5.757,5.874,5.574,5.845
1682553600000,5.845,6.014,5.826,5.906
1682568000000,5.906,5.977,5.845,5.9
1682582400000,5.9,5.919,5.868,5.898
1682596800000,5.898,5.998,5.837,5.945
1682611200000,5.945,6.046,5.917,6.014
1682625600000,6.014,6.039,5.904,5.968
1682640000000,5.968,5.977,5.916,5.92
1682654400000,5.92,5.962,5.909,5.935
1682668800000,5.935,5.936,5.833,5.841
1682683200000,5.841,5.895,5.769,5.875
1682697600000,5.875,5.948,5.869,5.905
1682712000000,5.905,5.948,5.905,5.943
1682726400000,5.943,5.998,5.92,5.983
1682740800000,5.983,6.0,5.946,5.951
1682755200000,5.951,5.983,5.929,5.976
1682769600000,5.976,6.029,5.976,5.993
1682784000000,5.993,6.054,5.915,6.051
1682798400000,6.051,6.051,5.998,6.04
1682812800000,6.04,6.04,5.95,5.971
1682827200000,5.971,6.023,5.971,6.006
1682841600000,6.006,6.07,6.006,6.015
1682856000000,6.015,6.083,5.98,6.03
1682870400000,6.03,6.064,5.896,5.935
1682884800000,5.935,5.935,5.841,5.871
1682899200000,5.871,5.906,5.731,5.836
1682913600000,5.836,5.854,5.797,5.839
1682928000000,5.839,5.857,5.8,5.802
1682942400000,5.802,5.824,5.729,5.746
1682956800000,5.746,5.748,5.598,5.618
1682971200000,5.618,5.67,5.593,5.665
1682985600000,5.665,5.667,5.617,5.666
1683000000000,5.666,5.709,5.646,5.696
1683014400000,5.696,5.703,5.647,5.668
1683028800000,5.668,5.733,5.618,5.694
1683043200000,5.694,5.755,5.677,5.727
1683057600000,5.727,5.736,5.703,5.71
1683072000000,5.71,5.711,5.627,5.672
1683086400000,5.672,5.695,5.649,5.682
1683100800000,5.682,5.693,5.62,5.627
1683115200000,5.627,5.632,5.554,5.602
1683129600000,5.602,5.712,5.588,5.649
1683144000000,5.649,5.808,5.639,5.774
1683158400000,5.774,5.793,5.728,5.775
1683172800000,5.775,5.789,5.731,5.741
1683187200000,5.741,5.785,5.733,5.747
1683201600000,5.747,5.751,5.661,5.664
1683216000000,5.664,5.693,5.617,5.632
1683230400000,5.632,5.668,5.624,5.667
1683244800000,5.667,5.786,5.661,5.728
1683259200000,5.728,5.753,5.711,5.749
1683273600000,5.749,5.79,5.739,5.752
1683288000000,5.752,5.868,5.653,5.818
1683302400000,5.818,5.9,5.818,5.865
1683316800000,5.865,5.88,5.839,5.845
1683331200000,5.845,5.895,5.782,5.807
1683345600000,5.807,5.827,5.753,5.754
1683360000000,5.754,5.787,5.702,5.784
1683374400000,5.784,5.784,5.581,5.601
1683388800000,5.601,5.695,5.589,5.659
1683403200000,5.659,5.666,5.624,5.632
1683417600000,5.632,5.679,5.596,5.613
1683432000000,5.613,5.661,5.6,5.648
1683446400000,5.648,5.671,5.629,5.656
1683460800000,5.656,5.693,5.653,5.664
1683475200000,5.664,5.684,5.637,5.67
1683489600000,5.67,5.702,5.603,5.626
1683504000000,5.626,5.644,5.354,5.461
1683518400000,5.461,5.471,5.334,5.384
1683532800000,5.384,5.448,5.354,5.429
1683547200000,5.429,5.459,5.388,5.412
1683561600000,5.412,5.422,5.158,5.298
1683576000000,5.298,5.375,5.277,5.364
1683590400000,5.364,5.408,5.333,5.377
1683604800000,5.377,5.393,5.333,5.374
1683619200000,5.374,5.375,5.299,5.342
1683633600000,5.342,5.359,5.292,5.298
1683648000000,5.298,5.362,5.287,5.311
1683662400000,5.311,5.334,5.29,5.317
1683676800000,5.317,5.374,5.317,5.324
1683691200000,5.324,5.364,5.316,5.316
1683705600000,5.316,5.331,5.299,5.331
1683720000000,5.331,5.497,5.305,5.477
1683734400000,5.477,5.498,5.201,5.436
1683748800000,5.436,5.517,5.429,5.459
1683763200000,5.459,5.465,5.378,5.383
1683777600000,5.383,5.462,5.366,5.432
1683792000000,5.432,5.432,5.355,5.365
1683806400000,5.365,5.417,5.264,5.296
1683820800000,5.296,5.315,5.177,5.257
1683835200000,5.257,5.302,5.24,5.272
1683849600000,5.272,5.312,5.147,5.182
1683864000000,5.182,5.248,5.137,5.212
1683878400000,5.212,5.26,5.207,5.216
1683892800000,5.216,5.281,5.208,5.222
1683907200000,5.222,5.254,5.11,5.249
1683921600000,5.249,5.347,5.232,5.337
1683936000000,5.337,5.382,5.311,5.362
1683950400000,5.362,5.371,5.341,5.368
1683964800000,5.368,5.394,5.356,5.364
1683979200000,5.364,5.38,5.307,5.336
1683993600000,5.336,5.38,5.317,5.345
1684008000000,5.345,5.37,5.33,5.344
1684022400000,5.344,5.376,5.309,5.373
1684036800000,5.373,5.384,5.356,5.368
1684051200000,5.368,5.373,5.347,5.363
1684065600000,5.363,5.443,5.346,5.417
1684080000000,5.417,5.43,5.313,5.329
1684094400000,5.329,5.366,5.309,5.346
1684108800000,5.346,5.403,5.256,5.382
1684123200000,5.382,5.428,5.366,5.413
1684137600000,5.413,5.424,5.376,5.376
1684152000000,5.376,5.396,5.333,5.374
1684166400000,5.374,5.408,5.319,5.342
1684180800000,5.342,5.348,5.298,5.312
1684195200000,5.312,5.334,5.228,5.272
1684209600000,5.272,5.301,5.251,5.299
1684224000000,5.299,5.307,5.255,5.281
1684238400000,5.281,5.29,5.228,5.273
1684252800000,5.273,5.304,5.25,5.257
1684267200000,5.257,5.305,5.237,5.294
1684281600000,5.294,5.36,5.276,5.341
1684296000000,5.341,5.374,5.277,5.296
1684310400000,5.296,5.317,5.242,5.25
1684324800000,5.25,5.281,5.216,5.255
1684339200000,5.255,5.424,5.237,5.406
1684353600000,5.406,5.436,5.382,5.415
1684368000000,5.415,5.464,5.387,5.455
1684382400000,5.455,5.462,5.397,5.433
1684396800000,5.433,5.45,5.408,5.429
1684411200000,5.429,5.43,5.344,5.373
1684425600000,5.373,5.394,5.244,5.294
1684440000000,5.294,5.368,5.284,5.335
1684454400000,5.335,5.361,5.323,5.348
1684468800000,5.348,5.376,5.343,5.351
1684483200000,5.351,5.36,5.338,5.343
1684497600000,5.343,5.39,5.309,5.361
1684512000000,5.361,5.378,5.327,5.342
1684526400000,5.342,5.384,5.338,5.368
1684540800000,5.368,5.38,5.329,5.372
1684555200000,5.372,5.373,5.343,5.36
1684569600000,5.36,5.405,5.359,5.387
1684584000000,5.387,5.429,5.387,5.422
1684598400000,5.422,5.443,5.399,5.419
1684612800000,5.419,5.424,5.396,5.407
1684627200000,5.407,5.429,5.379,5.385
1684641600000,5.385,5.403,5.379,5.381
1684656000000,5.381,5.383,5.314,5.321
1684670400000,5.321,5.34,5.267,5.285
1684684800000,5.285,5.305,5.272,5.3
1684699200000,5.3,5.305,5.239,5.27
1684713600000,5.27,5.29,5.217,5.276
1684728000000,5.276,5.311,5.27,5.286
1684742400000,5.286,5.334,5.284,5.313
1684756800000,5.313,5.334,5.283,5.305
1684771200000,5.305,5.323,5.277,5.312
1684785600000,5.312,5.329,5.297,5.309
1684800000000,5.309,5.447,5.288,5.42
1684814400000,5.42,5.44,5.367,5.384
1684828800000,5.384,5.405,5.368,5.377
1684843200000,5.377,5.393,5.35,5.386
1684857600000,5.386,5.392,5.351,5.37
1684872000000,5.37,5.412,5.365,5.397
1684886400000,5.397,5.401,5.27,5.295
1684900800000,5.295,5.33,5.274,5.284
1684915200000,5.284,5.312,5.272,5.287
1684929600000,5.287,5.303,5.195,5.238
1684944000000,5.238,5.251,5.193,5.232
1684958400000,5.232,5.272,5.229,5.251
1684972800000,5.251,5.256,5.136,5.237
1684987200000,5.237,5.259,5.222,5.244
1685001600000,5.244,5.267,5.244,5.266
1685016000000,5.266,5.296,5.224,5.228
1685030400000,5.228,5.293,5.223,5.255
1685044800000,5.255,5.259,5.232,5.242
1685059200000,5.242,5.249,5.197,5.213
1685073600000,5.213,5.241,5.185,5.24
1685088000000,5.24,5.241,5.215,5.222
1685102400000,5.222,5.269,5.205,5.261
1685116800000,5.261,5.261,5.214,5.255
1685131200000,5.255,5.263,5.237,5.242
1685145600000,5.242,5.273,5.229,5.262
1685160000000,5.262,5.288,5.262,5.271
1685174400000,5.271,5.287,5.258,5.277
1685188800000,5.277,5.372,5.251,5.319
1685203200000,5.319,5.331,5.298,5.313
1685217600000,5.313,5.342,5.313,5.333
1685232000000,5.333,5.385,5.314,5.37
1685246400000,5.37,5.383,5.358,5.377
1685260800000,5.377,5.404,5.361,5.373
1685275200000,5.373,5.399,5.363,5.387
1685289600000,5.387,5.445,5.372,5.423
1685304000000,5.423,5.56,5.422,5.497
1685318400000,5.497,5.536,5.457,5.462
1685332800000,5.462,5.5,5.44,5.471
1685347200000,5.471,5.487,5.447,5.484
1685361600000,5.484,5.487,5.425,5.432
1685376000000,5.432,5.475,5.41,5.455
1685390400000,5.455,5.477,5.443,5.458
1685404800000,5.458,5.494,5.436,5.478
1685419200000,5.478,5.491,5.438,5.45
1685433600000,5.45,5.527,5.45,5.5
1685448000000,5.5,5.508,5.417,5.436
1685462400000,5.436,5.462,5.408,5.453
1685476800000,5.453,5.467,5.431,5.439
1685491200000,5.439,5.459,5.398,5.434
1685505600000,5.434,5.438,5.299,5.333
1685520000000,5.333,5.339,5.303,5.313
1685534400000,5.313,5.329,5.264,5.278
1685548800000,5.278,5.316,5.266,5.291
1685563200000,5.291,5.319,5.288,5.313
1685577600000,5.313,5.331,5.197,5.237
1685592000000,5.237,5.239,5.206,5.217
1685606400000,5.217,5.244,5.208,5.229
1685620800000,5.229,5.241,5.215,5.227
1685635200000,5.227,5.261,5.186,5.223
1685649600000,5.223,5.229,5.187,5.205
1685664000000,5.205,5.266,5.155,5.254
1685678400000,5.254,5.31,5.246,5.259
1685692800000,5.259,5.287,5.258,5.268
1685707200000,5.268,5.275,5.198,5.245
1685721600000,5.245,5.28,5.217,5.275
1685736000000,5.275,5.295,5.263,5.277
1685750400000,5.277,5.277,5.238,5.26
1685764800000,5.26,5.285,5.252,5.282
1685779200000,5.282,5.297,5.274,5.283
1685793600000,5.283,5.3,5.259,5.289
1685808000000,5.289,5.297,5.235,5.249
1685822400000,5.249,5.339,5.242,5.339
1685836800000,5.339,5.386,5.308,5.335
1685851200000,5.335,5.357,5.323,5.355
1685865600000,5.355,5.369,5.338,5.347
1685880000000,5.347,5.363,5.326,5.333
1685894400000,5.333,5.356,5.312,5.337
1685908800000,5.337,5.372,5.304,5.312
1685923200000,5.312,5.32,5.257,5.263
1685937600000,5.263,5.296,5.234,5.295
1685952000000,5.295,5.317,5.268,5.305
1685966400000,5.305,5.307,5.013,5.018
1685980800000,5.018,5.065,4.877,5.05
1685995200000,5.05,5.081,5.012,5.062
1686009600000,5.062,5.075,5.027,5.069
1686024000000,5.069,5.09,5.062,5.065
1686038400000,5.065,5.087,5.053,5.062
1686052800000,5.062,5.115,4.981,5.083
1686067200000,5.083,5.259,5.081,5.245
1686081600000,5.245,5.267,5.195,5.202
1686096000000,5.202,5.209,5.131,5.169
1686110400000,5.169,5.209,5.154,5.17
1686124800000,5.17,5.187,5.065,5.136
1686139200000,5.136,5.139,5.008,5.033
1686153600000,5.033,5.048,4.992,5.04
1686168000000,5.04,5.045,4.972,5.02
1686182400000,5.02,5.056,4.972,5.004
1686196800000,5.004,5.038,4.986,5.022
1686211200000,5.022,5.022,4.983,5.008
1686225600000,5.008,5.053,4.994,5.04
1686240000000,5.04,5.045,4.986,5.026
1686254400000,5.026,5.039,5.013,5.019
1686268800000,5.019,5.025,4.951,5.006
1686283200000,5.006,5.019,4.969,4.988
1686297600000,4.988,5.028,4.983,5.023
1686312000000,5.023,5.07,5.021,5.029
1686326400000,5.029,5.045,4.926,4.934
1686340800000,4.934,5.0,4.928,4.979
1686355200000,4.979,4.984,4.797,4.813
1686369600000,4.813,4.837,4.061,4.338
1686384000000,4.338,4.482,4.315,4.474
1686398400000,4.474,4.475,4.402,4.412
1686412800000,4.412,4.536,4.371,4.495
1686427200000,4.495,4.533,4.468,4.513
1686441600000,4.513,4.519,4.461,4.483
1686456000000,4.483,4.488,4.433,4.44
1686470400000,4.44,4.498,4.425,4.483
1686484800000,4.483,4.492,4.435,4.447
1686499200000,4.447,4.521,4.444,4.51
1686513600000,4.51,4.546,4.468,4.517
1686528000000,4.517,4.518,4.405,4.48
1686542400000,4.48,4.513,4.45,4.46
1686556800000,4.46,4.551,4.45,4.518
1686571200000,4.518,4.531,4.486,4.507
1686585600000,4.507,4.546,4.447,4.518
1686600000000,4.518,4.539,4.509,4.529
1686614400000,4.529,4.607,4.494,4.597
1686628800000,4.597,4.639,4.558,4.612
1686643200000,4.612,4.663,4.598,4.655
1686657600000,4.655,4.717,4.532,4.552
1686672000000,4.552,4.615,4.548,4.606
1686686400000,4.606,4.629,4.587,4.623
1686700800000,4.623,4.648,4.612,4.634
1686715200000,4.634,4.639,4.603,4.615
1686729600000,4.615,4.676,4.611,4.672
1686744000000,4.672,4.702,4.658,4.672
1686758400000,4.672,4.797,4.667,4.725
1686772800000,4.725,4.729,4.502,4.568
1686787200000,4.568,4.615,4.553,4.609
1686801600000,4.609,4.613,4.395,4.404
1686816000000,4.404,4.424,4.299,4.362
1686830400000,4.362,4.409,4.325,4.331
1686844800000,4.331,4.39,4.271,4.39
1686859200000,4.39,4.451,4.353,4.373
1686873600000,4.373,4.385,4.325,4.374
1686888000000,4.374,4.398,4.357,4.371
1686902400000,4.371,4.391,4.311,4.341
1686916800000,4.341,4.382,4.268,4.369
1686931200000,4.369,4.466,4.352,4.415
1686945600000,4.415,4.428,4.378,4.417
1686960000000,4.417,4.433,4.391,4.417
1686974400000,4.417,4.533,4.41,4.504
1686988800000,4.504,4.539,4.495,4.533
1687003200000,4.533,4.555,4.487,4.548
1687017600000,4.548,4.561,4.503,4.513
1687032000000,4.513,4.547,4.504,4.528
1687046400000,4.528,4.531,4.476,4.526
1687060800000,4.526,4.552,4.504,4.53
1687075200000,4.53,4.664,4.53,4.608
1687089600000,4.608,4.623,4.579,4.592
1687104000000,4.592,4.604,4.568,4.604
1687118400000,4.604,4.606,4.499,4.535
1687132800000,4.535,4.585,4.505,4.564
1687147200000,4.564,4.58,4.531,4.537
1687161600000,4.537,4.55,4.507,4.519
1687176000000,4.519,4.542,4.456,4.485
1687190400000,4.485,4.544,4.426,4.496
1687204800000,4.496,4.529,4.491,4.526
1687219200000,4.526,4.564,4.495,4.495
1687233600000,4.495,4.502,4.468,4.482
1687248000000,4.482,4.482,4.45,4.479
1687262400000,4.479,4.487,4.37,4.42
1687276800000,4.42,4.634,4.402,4.63
1687291200000,4.63,4.675,4.607,4.659
1687305600000,4.659,4.761,4.629,4.718
1687320000000,4.718,4.753,4.681,4.707
1687334400000,4.707,4.714,4.644,4.686
1687348800000,4.686,4.764,4.662,4.722
1687363200000,4.722,4.858,4.707,4.802
1687377600000,4.802,4.851,4.757,4.818
1687392000000,4.818,4.971,4.805,4.923
1687406400000,4.923,4.925,4.815,4.907
1687420800000,4.907,4.943,4.771,4.819
1687435200000,4.819,4.894,4.739,4.796
1687449600000,4.796,4.892,4.791,4.85
1687464000000,4.85,4.863,4.806,4.824
1687478400000,4.824,4.887,4.817,4.874
1687492800000,4.874,4.936,4.861,4.883
1687507200000,4.883,4.93,4.857,4.924
1687521600000,4.924,5.105,4.857,5.084
1687536000000,5.084,5.126,5.003,5.097
1687550400000,5.097,5.134,5.012,5.096
1687564800000,5.096,5.134,5.059,5.097
1687579200000,5.097,5.117,5.029,5.038
1687593600000,5.038,5.061,5.025,5.044
1687608000000,5.044,5.063,4.897,4.986
1687622400000,4.986,5.02,4.935,5.0
1687636800000,5.0,5.009,4.952,5.005
1687651200000,5.005,5.132,4.997,5.127
1687665600000,5.127,5.205,5.099,5.2
1687680000000,5.2,5.241,5.148,5.171
1687694400000,5.171,5.197,5.101,5.125
1687708800000,5.125,5.17,5.094,5.128
1687723200000,5.128,5.201,5.117,5.192
1687737600000,5.192,5.217,5.067,5.18
1687752000000,5.18,5.222,5.108,5.181
1687766400000,5.181,5.212,5.118,5.181
1687780800000,5.181,5.237,5.146,5.189
1687795200000,5.189,5.215,5.067,5.135
1687809600000,5.135,5.147,5.002,5.022
1687824000000,5.022,5.097,4.993,5.076
1687838400000,5.076,5.108,5.04,5.098
1687852800000,5.098,5.123,5.054,5.115
1687867200000,5.115,5.152,5.035,5.061
1687881600000,5.061,5.124,5.05,5.102
1687896000000,5.102,5.125,5.075,5.091
1687910400000,5.091,5.097,5.008,5.067
1687924800000,5.067,5.093,4.951,4.971
1687939200000,4.971,5.011,4.957,4.98
1687953600000,4.98,5.035,4.948,5.003
1687968000000,5.003,5.008,4.743,4.867
1687982400000,4.867,4.907,4.837,4.876
1687996800000,4.876,4.939,4.866,4.915
1688011200000,4.915,4.952,4.91,4.936
1688025600000,4.936,4.994,4.92,4.991
1688040000000,4.991,5.23,4.949,5.02
1688054400000,5.02,5.058,4.963,4.985
1688068800000,4.985,4.998,4.916,4.984
1688083200000,4.984,5.109,4.905,5.097
1688097600000,5.097,5.183,5.022,5.076
1688112000000,5.076,5.173,5.061,5.163
1688126400000,5.163,5.196,4.757,4.969
1688140800000,4.969,5.173,4.943,5.117
1688155200000,5.117,5.184,5.095,5.174
1688169600000,5.174,5.234,5.146,5.192
1688184000000,5.192,5.222,5.106,5.219
1688198400000,5.219,5.323,5.215,5.299
1688212800000,5.299,5.368,5.273,5.282
1688227200000,5.282,5.34,5.242,5.333
1688241600000,5.333,5.367,5.307,5.351
1688256000000,5.351,5.353,5.219,5.24
1688270400000,5.24,5.29,5.228,5.275
1688284800000,5.275,5.287,5.228,5.286
1688299200000,5.286,5.397,5.255,5.34
1688313600000,5.34,5.407,5.319,5.378
1688328000000,5.378,5.528,5.376,5.495
1688342400000,5.495,5.636,5.485,5.573
1688356800000,5.573,5.595,5.446,5.494
1688371200000,5.494,5.516,5.439,5.453
1688385600000,5.453,5.51,5.393,5.487
1688400000000,5.487,5.494,5.409,5.461
1688414400000,5.461,5.471,5.367,5.428
1688428800000,5.428,5.491,5.396,5.481
1688443200000,5.481,5.489,5.431,5.438
1688457600000,5.438,5.504,5.391,5.491
1688472000000,5.491,5.508,5.419,5.425
1688486400000,5.425,5.444,5.253,5.313
1688500800000,5.313,5.371,5.304,5.347
1688515200000,5.347,5.379,5.332,5.372
1688529600000,5.372,5.374,5.325,5.338
1688544000000,5.338,5.346,5.165,5.2
1688558400000,5.2,5.226,5.114,5.167
1688572800000,5.167,5.252,5.154,5.183
1688587200000,5.183,5.227,5.162,5.204
1688601600000,5.204,5.227,5.161,5.198
1688616000000,5.198,5.287,5.19,5.263
1688630400000,5.263,5.36,5.202,5.23
1688644800000,5.23,5.24,5.038,5.141
1688659200000,5.141,5.152,5.076,5.097
1688673600000,5.097,5.104,5.005,5.008
1688688000000,5.008,5.091,4.971,5.09
1688702400000,5.09,5.118,5.058,5.082
1688716800000,5.082,5.138,5.067,5.112
1688731200000,5.112,5.174,5.078,5.146
1688745600000,5.146,5.15,5.066,5.098
1688760000000,5.098,5.115,5.074,5.115
1688774400000,5.115,5.163,5.101,5.132
1688788800000,5.132,5.161,5.11,5.142
1688803200000,5.142,5.193,5.133,5.164
1688817600000,5.164,5.185,5.142,5.147
1688832000000,5.147,5.167,5.063,5.065
1688846400000,5.065,5.127,5.051,5.125
1688860800000,5.125,5.156,5.113,5.144
1688875200000,5.144,5.144,5.088,5.109
1688889600000,5.109,5.12,5.089,5.101
1688904000000,5.101,5.122,5.061,5.089
1688918400000,5.089,5.101,5.059,5.08
1688932800000,5.08,5.106,5.057,5.077
1688947200000,5.077,5.078,4.976,5.029
1688961600000,5.029,5.059,5.014,5.057
1688976000000,5.057,5.091,4.996,5.088
1688990400000,5.088,5.122,5.055,5.106
1689004800000,5.106,5.201,5.081,5.189
1689019200000,5.189,5.228,5.095,5.127
1689033600000,5.127,5.148,5.087,5.122
1689048000000,5.122,5.175,5.119,5.145
1689062400000,5.145,5.156,5.088,5.122
1689076800000,5.122,5.173,5.106,5.147
1689091200000,5.147,5.171,5.124,5.162
1689105600000,5.162,5.212,5.16,5.208
1689120000000,5.208,5.306,5.202,5.246
1689134400000,5.246,5.261,5.225,5.247
1689148800000,5.247,5.264,5.233,5.24
1689163200000,5.24,5.284,5.164,5.175
1689177600000,5.175,5.195,5.103,5.109
1689192000000,5.109,5.152,5.095,5.145
1689206400000,5.145,5.157,5.098,5.11
1689220800000,5.11,5.179,5.087,5.158
1689235200000,5.158,5.261,5.151,5.249
1689249600000,5.249,5.393,5.211,5.352
1689264000000,5.352,5.551,5.324,5.52
1689278400000,5.52,5.55,5.379,5.54
1689292800000,5.54,5.741,5.54,5.663
1689307200000,5.663,5.682,5.533,5.55
1689321600000,5.55,5.644,5.531,5.625
1689336000000,5.625,5.682,5.578,5.656
1689350400000,5.656,5.685,5.286,5.329
1689364800000,5.329,5.458,5.316,5.451
1689379200000,5.451,5.451,5.388,5.398
1689393600000,5.398,5.562,5.383,5.545
1689408000000,5.545,5.548,5.467,5.484
1689422400000,5.484,5.516,5.442,5.487
1689436800000,5.487,5.498,5.445,5.465
1689451200000,5.465,5.465,5.392,5.428
1689465600000,5.428,5.446,5.314,5.349
1689480000000,5.349,5.394,5.341,5.377
1689494400000,5.377,5.406,5.363,5.395
1689508800000,5.395,5.413,5.357,5.381
1689523200000,5.381,5.392,5.296,5.306
1689537600000,5.306,5.363,5.255,5.307
1689552000000,5.307,5.397,5.284,5.389
1689566400000,5.389,5.414,5.367,5.391
1689580800000,5.391,5.412,5.18,5.266
1689595200000,5.266,5.317,5.196,5.274
1689609600000,5.274,5.299,5.168,5.217
1689624000000,5.217,5.303,5.193,5.299
1689638400000,5.299,5.386,5.291,5.343
1689652800000,5.343,5.351,5.196,5.224
1689667200000,5.224,5.273,5.177,5.186
1689681600000,5.186,5.241,5.154,5.195
1689696000000,5.195,5.217,5.079,5.127
1689710400000,5.127,5.183,5.124,5.183
1689724800000,5.183,5.253,5.161,5.227
1689739200000,5.227,5.254,5.203,5.21
1689753600000,5.21,5.211,5.152,5.199
1689768000000,5.199,5.227,5.126,5.179
1689782400000,5.179,5.247,5.145,5.217
1689796800000,5.217,5.226,5.161,5.189
1689811200000,5.189,5.279,5.18,5.237
1689825600000,5.237,5.31,5.221,5.309
1689840000000,5.309,5.45,5.309,5.446
1689854400000,5.446,5.486,5.252,5.298
1689868800000,5.298,5.322,5.254,5.298
1689883200000,5.298,5.358,5.229,5.352
1689897600000,5.352,5.7,5.332,5.654
1689912000000,5.654,5.656,5.427,5.428
1689926400000,5.428,5.542,5.427,5.477
1689940800000,5.477,5.53,5.438,5.467
1689955200000,5.467,5.538,5.433,5.48
1689969600000,5.48,5.514,5.446,5.481
1689984000000,5.481,5.513,5.435,5.439
1689998400000,5.439,5.462,5.364,5.414
1690012800000,5.414,5.418,5.291,5.367
1690027200000,5.367,5.381,5.335,5.368
1690041600000,5.368,5.373,5.329,5.352
1690056000000,5.352,5.375,5.26,5.308
1690070400000,5.308,5.418,5.27,5.418
1690084800000,5.418,5.467,5.384,5.421
1690099200000,5.421,5.486,5.399,5.405
1690113600000,5.405,5.425,5.36,5.373
1690128000000,5.373,5.48,5.37,5.434
1690142400000,5.434,5.457,5.365,5.386
1690156800000,5.386,5.411,5.286,5.303
1690171200000,5.303,5.368,5.265,5.334
1690185600000,5.334,5.334,5.061,5.197
1690200000000,5.197,5.212,5.112,5.175
1690214400000,5.175,5.244,5.159,5.206
1690228800000,5.206,5.244,5.188,5.208
1690243200000,5.208,5.252,5.192,5.216
1690257600000,5.216,5.22,5.165,5.173
1690272000000,5.173,5.226,5.157,5.196
1690286400000,5.196,5.202,5.123,5.155
1690300800000,5.155,5.197,5.136,5.158
1690315200000,5.158,5.18,5.135,5.171
1690329600000,5.171,5.198,5.108,5.173
1690344000000,5.173,5.211,5.164,5.19
1690358400000,5.19,5.201,5.156,5.171
1690372800000,5.171,5.231,5.169,5.225
1690387200000,5.225,5.269,5.175,5.253
1690401600000,5.253,5.292,5.208,5.231
1690416000000,5.231,5.285,5.212,5.265
1690430400000,5.265,5.332,5.245,5.286
1690444800000,5.286,5.313,5.27,5.287
1690459200000,5.287,5.292,5.21,5.23
1690473600000,5.23,5.246,5.177,5.208
1690488000000,5.208,5.246,5.198,5.235
1690502400000,5.235,5.242,5.202,5.215
1690516800000,5.215,5.215,5.163,5.174
1690531200000,5.174,5.237,5.159,5.224
1690545600000,5.224,5.27,5.209,5.243
1690560000000,5.243,5.244,5.192,5.206
1690574400000,5.206,5.218,5.193,5.216
1690588800000,5.216,5.247,5.201,5.229
1690603200000,5.229,5.257,5.226,5.229
1690617600000,5.229,5.242,5.221,5.224
1690632000000,5.224,5.244,5.22,5.229
1690646400000,5.229,5.256,5.223,5.246
1690660800000,5.246,5.254,5.232,5.246
1690675200000,5.246,5.275,5.233,5.253
1690689600000,5.253,5.266,5.231,5.235
1690704000000,5.235,5.249,5.205,5.226
1690718400000,5.226,5.257,5.207,5.246
1690732800000,5.246,5.246,5.114,5.14
1690747200000,5.14,5.193,5.084,5.181
1690761600000,5.181,5.257,5.167,5.208
1690776000000,5.208,5.213,5.163,5.171
1690790400000,5.171,5.203,5.16,5.169
1690804800000,5.169,5.184,5.115,5.121
1690819200000,5.121,5.158,5.037,5.076
1690833600000,5.076,5.111,5.047,5.103
1690848000000,5.103,5.127,4.936,5.032
1690862400000,5.032,5.083,5.019,5.06
1690876800000,5.06,5.099,5.048,5.062
1690891200000,5.062,5.104,5.024,5.093
1690905600000,5.093,5.15,5.082,5.135
1690920000000,5.135,5.207,5.118,5.205
1690934400000,5.205,5.216,5.159,5.163
1690948800000,5.163,5.168,5.127,5.133
1690963200000,5.133,5.176,5.116,5.161
1690977600000,5.161,5.171,5.055,5.092
1690992000000,5.092,5.1,5.004,5.069
1691006400000,5.069,5.075,5.042,5.056
1691020800000,5.056,5.07,5.025,5.028
1691035200000,5.028,5.031,4.985,5.002
1691049600000,5.002,5.032,4.974,5.026
1691064000000,5.026,5.053,5.002,5.021
1691078400000,5.021,5.044,4.993,5.008
1691092800000,5.008,5.026,4.924,4.974
1691107200000,4.974,4.996,4.963,4.987
1691121600000,4.987,5.007,4.969,4.987
1691136000000,4.987,5.008,4.975,4.994
1691150400000,4.994,5.042,4.988,5.023
1691164800000,5.023,5.039,4.943,4.976
1691179200000,4.976,4.998,4.934,4.993
1691193600000,4.993,4.993,4.946,4.965
1691208000000,4.965,4.966,4.939,4.957
1691222400000,4.957,4.968,4.947,4.95
1691236800000,4.95,4.962,4.925,4.938
1691251200000,4.938,4.969,4.923,4.954
1691265600000,4.954,4.978,4.949,4.972
1691280000000,4.972,5.008,4.958,5.001
1691294400000,5.001,5.021,4.992,4.998
1691308800000,4.998,5.019,4.986,5.001
1691323200000,5.001,5.013,4.954,4.963
1691337600000,4.963,5.004,4.957,4.996
1691352000000,4.996,5.044,4.991,5.003
1691366400000,5.003,5.049,4.986,5.022
1691380800000,5.022,5.034,4.972,5.006
1691395200000,5.006,5.015,4.981,5.013
1691409600000,5.013,5.014,4.914,4.93
1691424000000,4.93,4.962,4.823,4.948
1691438400000,4.948,4.972,4.943,4.966
1691452800000,4.966,4.969,4.93,4.949
1691467200000,4.949,4.985,4.942,4.962
1691481600000,4.962,5.013,4.957,5.013
1691496000000,5.013,5.041,4.998,5.027
1691510400000,5.027,5.094,5.02,5.046
1691524800000,5.046,5.095,5.042,5.056
1691539200000,5.056,5.075,5.026,5.038
1691553600000,5.038,5.05,5.026,5.045
1691568000000,5.045,5.065,5.037,5.057
1691582400000,5.057,5.104,5.033,5.048
1691596800000,5.048,5.057,5.007,5.012
1691611200000,5.012,5.056,4.992,5.055
1691625600000,5.055,5.065,5.042,5.044
1691640000000,5.044,5.044,5.008,5.009
1691654400000,5.009,5.022,4.991,5.003
1691668800000,5.003,5.058,4.998,5.009
1691683200000,5.009,5.015,4.969,4.989
1691697600000,4.989,5.002,4.979,5.001
1691712000000,5.001,5.016,4.982,4.992
1691726400000,4.992,5.013,4.99,4.998
1691740800000,4.998,5.009,4.987,5.006
1691755200000,5.006,5.012,4.964,4.969
1691769600000,4.969,4.991,4.949,4.989
1691784000000,4.989,5.006,4.988,5.005
1691798400000,5.005,5.016,4.992,4.997
1691812800000,4.997,5.008,4.994,5.008
1691827200000,5.008,5.033,5.003,5.026
1691841600000,5.026,5.033,5.014,5.026
1691856000000,5.026,5.038,5.015,5.022
1691870400000,5.022,5.042,5.019,5.038
1691884800000,5.038,5.041,5.024,5.031
1691899200000,5.031,5.04,5.017,5.032
1691913600000,5.032,5.038,5.024,5.029
1691928000000,5.029,5.032,5.008,5.012
1691942400000,5.012,5.037,4.996,5.034
1691956800000,5.034,5.038,4.964,4.984
1691971200000,4.984,5.005,4.947,5.0
1691985600000,5.0,5.016,4.992,5.002
1692000000000,5.002,5.014,4.985,4.991
1692014400000,4.991,5.053,4.977,5.039
1692028800000,5.039,5.049,4.966,4.975
1692043200000,4.975,4.997,4.968,4.987
1692057600000,4.987,4.994,4.963,4.973
1692072000000,4.973,4.973,4.943,4.966
1692086400000,4.966,4.982,4.957,4.957
1692100800000,4.957,4.972,4.936,4.949
1692115200000,4.949,4.953,4.595,4.774
1692129600000,4.774,4.824,4.76,4.813
1692144000000,4.813,4.837,4.802,4.823
1692158400000,4.823,4.833,4.774,4.786
1692172800000,4.786,4.788,4.758,4.772
1692187200000,4.772,4.772,4.704,4.718
1692201600000,4.718,4.755,4.692,4.702
1692216000000,4.702,4.71,4.522,4.667
1692230400000,4.667,4.72,4.574,4.707
1692244800000,4.707,4.812,4.707,4.756
1692259200000,4.756,4.793,4.735,4.76
1692273600000,4.76,4.793,4.642,4.668
1692288000000,4.668,4.731,4.621,4.698
1692302400000,4.698,4.701,4.15,4.423
1692316800000,4.423,4.472,4.374,4.399
1692331200000,4.399,4.514,4.36,4.495
1692345600000,4.495,4.516,4.473,4.5
1692360000000,4.5,4.557,4.482,4.5
1692374400000,4.5,4.549,4.431,4.5
1692388800000,4.5,4.546,4.5,4.508
1692403200000,4.508,4.534,4.472,4.483
1692417600000,4.483,4.491,4.446,4.476
1692432000000,4.476,4.491,4.465,4.474
1692446400000,4.474,4.528,4.469,4.527
1692460800000,4.527,4.545,4.502,4.527
1692475200000,4.527,4.537,4.497,4.513
1692489600000,4.513,4.524,4.485,4.492
1692504000000,4.492,4.496,4.458,4.478
1692518400000,4.478,4.524,4.473,4.524
1692532800000,4.524,4.527,4.462,4.485
1692547200000,4.485,4.51,4.463,4.496
1692561600000,4.496,4.523,4.494,4.516
1692576000000,4.516,4.535,4.483,4.491
1692590400000,4.491,4.511,4.47,4.479
1692604800000,4.479,4.502,4.447,4.497
1692619200000,4.497,4.505,4.351,4.39
1692633600000,4.39,4.447,4.375,4.435
1692648000000,4.435,4.466,4.421,4.421
1692662400000,4.421,4.444,4.417,4.425
1692676800000,4.425,4.437,4.402,4.428
1692691200000,4.428,4.437,4.382,4.393
1692705600000,4.393,4.423,4.355,4.366
1692720000000,4.366,4.377,4.279,4.318
1692734400000,4.318,4.426,4.228,4.419
1692748800000,4.419,4.431,4.391,4.393
1692763200000,4.393,4.434,4.375,4.408
1692777600000,4.408,4.423,4.402,4.414
1692792000000,4.414,4.462,4.388,4.453
1692806400000,4.453,4.532,4.447,4.51
1692820800000,4.51,4.514,4.45,4.484
1692835200000,4.484,4.505,4.482,4.505
1692849600000,4.505,4.512,4.487,4.493
1692864000000,4.493,4.498,4.464,4.468
1692878400000,4.468,4.468,4.381,4.386
1692892800000,4.386,4.424,4.365,4.401
1692907200000,4.401,4.428,4.361,4.421
1692921600000,4.421,4.432,4.364,4.404
1692936000000,4.404,4.411,4.351,4.403
1692950400000,4.403,4.475,4.403,4.452
1692964800000,4.452,4.48,4.41,4.454
1692979200000,4.454,4.492,4.421,4.461
1692993600000,4.461,4.488,4.447,4.487
1693008000000,4.487,4.501,4.472,4.498
1693022400000,4.498,4.504,4.479,4.487
1693036800000,4.487,4.504,4.475,4.499
1693051200000,4.499,4.51,4.495,4.495
1693065600000,4.495,4.502,4.481,4.494
1693080000000,4.494,4.51,4.49,4.504
1693094400000,4.504,4.522,4.5,4.517
1693108800000,4.517,4.531,4.501,4.514
1693123200000,4.514,4.526,4.506,4.509
1693137600000,4.509,4.544,4.49,4.498
1693152000000,4.498,4.501,4.457,4.492
1693166400000,4.492,4.503,4.469,4.487
1693180800000,4.487,4.487,4.433,4.467
1693195200000,4.467,4.479,4.414,4.447
1693209600000,4.447,4.457,4.409,4.457
1693224000000,4.457,4.583,4.456,4.562
1693238400000,4.562,4.599,4.545,4.576
1693252800000,4.576,4.619,4.565,4.607
1693267200000,4.607,4.68,4.589,4.598
1693281600000,4.598,4.625,4.572,4.573
1693296000000,4.573,4.58,4.533,4.569
1693310400000,4.569,4.802,4.539,4.681
1693324800000,4.681,4.735,4.661,4.684
1693339200000,4.684,4.696,4.644,4.67
1693353600000,4.67,4.676,4.596,4.619
1693368000000,4.619,4.619,4.577,4.599
1693382400000,4.599,4.607,4.564,4.566
1693396800000,4.566,4.59,4.507,4.544
1693411200000,4.544,4.573,4.532,4.54
1693425600000,4.54,4.551,4.523,4.528
1693440000000,4.528,4.53,4.471,4.482
1693454400000,4.482,4.5,4.473,4.487
1693468800000,4.487,4.515,4.465,4.488
1693483200000,4.488,4.488,4.342,4.366
1693497600000,4.366,4.375,4.231,4.31
1693512000000,4.31,4.31,4.228,4.266
1693526400000,4.266,4.294,4.258,4.277
1693540800000,4.277,4.278,4.246,4.256
1693555200000,4.256,4.273,4.244,4.271
1693569600000,4.271,4.279,4.189,4.216
1693584000000,4.216,4.238,4.129,4.203
1693598400000,4.203,4.235,4.194,4.214
1693612800000,4.214,4.228,4.202,4.227
1693627200000,4.227,4.244,4.215,4.23
1693641600000,4.23,4.257,4.228,4.239
1693656000000,4.239,4.269,4.218,4.248
1693670400000,4.248,4.256,4.197,4.242
1693684800000,4.242,4.267,4.232,4.258
1693699200000,4.258,4.282,4.248,4.279
1693713600000,4.279,4.297,4.268,4.293
1693728000000,4.293,4.294,4.262,4.276
1693742400000,4.276,4.283,4.241,4.25
1693756800000,4.25,4.289,4.221,4.275
1693771200000,4.275,4.287,4.252,4.255
1693785600000,4.255,4.317,4.249,4.279
1693800000000,4.279,4.289,4.256,4.275
1693814400000,4.275,4.291,4.259,4.261
1693828800000,4.261,4.264,4.187,4.229
1693843200000,4.229,4.276,4.226,4.248
1693857600000,4.248,4.257,4.188,4.256
1693872000000,4.256,4.26,4.195,4.232
1693886400000,4.232,4.251,4.231,4.248
1693900800000,4.248,4.279,4.234,4.273
1693915200000,4.273,4.303,4.256,4.275
1693929600000,4.275,4.284,4.233,4.234
1693944000000,4.234,4.264,4.223,4.253
1693958400000,4.253,4.268,4.237,4.248
1693972800000,4.248,4.252,4.229,4.233
1693987200000,4.233,4.243,4.229,4.243
1694001600000,4.243,4.252,4.2,4.215
1694016000000,4.215,4.287,4.166,4.223
1694030400000,4.223,4.271,4.221,4.268
1694044800000,4.268,4.281,4.257,4.276
1694059200000,4.276,4.282,4.247,4.25
1694073600000,4.25,4.264,4.232,4.237
1694088000000,4.237,4.266,4.23,4.249
1694102400000,4.249,4.28,4.247,4.269
1694116800000,4.269,4.306,4.259,4.289
1694131200000,4.289,4.326,4.285,4.3
1694145600000,4.3,4.314,4.28,4.29
1694160000000,4.29,4.29,4.196,4.23
1694174400000,4.23,4.241,4.208,4.221
1694188800000,4.221,4.25,4.215,4.24
1694203200000,4.24,4.249,4.226,4.247
1694217600000,4.247,4.252,4.234,4.247
1694232000000,4.247,4.277,4.246,4.267
1694246400000,4.267,4.273,4.257,4.267
1694260800000,4.267,4.274,4.25,4.26
1694275200000,4.26,4.261,4.236,4.246
1694289600000,4.246,4.248,4.232,4.234
1694304000000,4.234,4.234,4.192,4.208
1694318400000,4.208,4.208,4.088,4.176
1694332800000,4.176,4.187,4.148,4.149
1694347200000,4.149,4.191,4.097,4.132
1694361600000,4.132,4.164,4.098,4.151
1694376000000,4.151,4.177,4.141,4.145
1694390400000,4.145,4.151,4.073,4.114
1694404800000,4.114,4.129,4.099,4.113
1694419200000,4.113,4.118,3.949,4.004
1694433600000,4.004,4.036,3.96,4.007
1694448000000,4.007,4.026,3.903,3.932
1694462400000,3.932,3.986,3.916,3.984
1694476800000,3.984,4.06,3.963,4.023
1694491200000,4.023,4.04,3.989,4.007
1694505600000,4.007,4.092,3.986,4.039
1694520000000,4.039,4.041,3.974,4.002
1694534400000,4.002,4.052,3.948,3.985
1694548800000,3.985,4.003,3.975,3.984
1694563200000,3.984,4.008,3.963,3.979
1694577600000,3.979,4.103,3.946,3.97
1694592000000,3.97,4.028,3.968,4.018
1694606400000,4.018,4.051,3.988,4.025
1694620800000,4.025,4.032,3.981,3.995
1694635200000,3.995,4.023,3.992,3.995
1694649600000,3.995,4.072,3.992,4.004
1694664000000,4.004,4.021,3.967,4.008
1694678400000,4.008,4.045,4.0,4.036
1694692800000,4.036,4.069,4.009,4.039
1694707200000,4.039,4.082,4.023,4.066
1694721600000,4.066,4.084,4.045,4.058
1694736000000,4.058,4.097,4.044,4.083
1694750400000,4.083,4.095,4.058,4.061
1694764800000,4.061,4.095,4.061,4.068
1694779200000,4.068,4.118,4.063,4.111
1694793600000,4.111,4.132,4.087,4.106
1694808000000,4.106,4.168,4.106,4.135
1694822400000,4.135,4.219,4.133,4.191
1694836800000,4.191,4.219,4.178,4.187
1694851200000,4.187,4.197,4.156,4.162
1694865600000,4.162,4.17,4.126,4.15
1694880000000,4.15,4.157,4.134,4.138
1694894400000,4.138,4.184,4.138,4.181
1694908800000,4.181,4.185,4.1,4.135
1694923200000,4.135,4.135,4.105,4.105
1694937600000,4.105,4.137,4.101,4.113
1694952000000,4.113,4.132,4.106,4.125
1694966400000,4.125,4.128,4.074,4.094
1694980800000,4.094,4.095,4.036,4.067
1694995200000,4.067,4.122,4.008,4.117
1695009600000,4.117,4.141,4.102,4.12
1695024000000,4.12,4.199,4.109,4.19
1695038400000,4.19,4.214,4.169,4.179
1695052800000,4.179,4.186,4.091,4.123
1695067200000,4.123,4.125,4.091,4.104
1695081600000,4.104,4.114,4.074,4.106
1695096000000,4.106,4.121,4.092,4.097
1695110400000,4.097,4.167,4.091,4.125
1695124800000,4.125,4.14,4.079,4.131
1695139200000,4.131,4.151,4.111,4.137
1695153600000,4.137,4.162,4.121,4.149
1695168000000,4.149,4.164,4.116,4.126
1695182400000,4.126,4.129,4.1,4.115
1695196800000,4.115,4.133,4.078,4.105
1695211200000,4.105,4.114,4.071,4.104
1695225600000,4.104,4.152,4.057,4.098
1695240000000,4.098,4.152,4.094,4.135
1695254400000,4.135,4.165,4.123,4.148
1695268800000,4.148,4.15,4.094,4.106
1695283200000,4.106,4.115,4.017,4.052
1695297600000,4.052,4.052,4.002,4.036
1695312000000,4.036,4.039,4.016,4.024
1695326400000,4.024,4.025,3.995,4.009
1695340800000,4.009,4.033,3.973,4.02
1695355200000,4.02,4.028,4.001,4.019
1695369600000,4.019,4.031,4.013,4.026
1695384000000,4.026,4.032,3.998,4.003
1695398400000,4.003,4.017,3.99,4.0
1695412800000,4.0,4.026,3.992,4.014
1695427200000,4.014,4.036,4.0,4.005
1695441600000,4.005,4.016,3.997,4.01
1695456000000,4.01,4.014,4.003,4.009
1695470400000,4.009,4.016,3.996,4.004
1695484800000,4.004,4.031,3.997,4.026
1695499200000,4.026,4.031,4.013,4.03
1695513600000,4.03,4.031,4.007,4.016
1695528000000,4.016,4.02,4.004,4.012
1695542400000,4.012,4.043,4.012,4.043
1695556800000,4.043,4.053,4.032,4.038
1695571200000,4.038,4.056,4.009,4.013
1695585600000,4.013,4.026,3.963,3.989
1695600000000,3.989,4.02,3.941,3.996
1695614400000,3.996,4.062,3.99,4.059
1695628800000,4.059,4.068,4.018,4.026
1695643200000,4.026,4.081,4.021,4.064
1695657600000,4.064,4.086,4.053,4.065
1695672000000,4.065,4.078,4.048,4.064
1695686400000,4.064,4.086,4.056,4.058
1695700800000,4.058,4.059,4.031,4.041
1695715200000,4.041,4.048,4.017,4.036
1695729600000,4.036,4.036,3.999,4.009
1695744000000,4.009,4.023,3.994,4.015
1695758400000,4.015,4.016,3.971,4.011
1695772800000,4.011,4.017,3.99,4.005
1695787200000,4.005,4.007,3.989,3.999
1695801600000,3.999,4.069,3.993,4.058
1695816000000,4.058,4.072,3.975,4.006
1695830400000,4.006,4.011,3.98,3.994
1695844800000,3.994,4.0,3.965,3.989
1695859200000,3.989,4.012,3.984,3.99
1695873600000,3.99,4.032,3.98,4.023
1695888000000,4.023,4.046,4.009,4.037
1695902400000,4.037,4.082,4.032,4.076
1695916800000,4.076,4.098,4.048,4.077
1695931200000,4.077,4.086,4.051,4.071
1695945600000,4.071,4.084,4.055,4.073
1695960000000,4.073,4.117,4.062,4.107
1695974400000,4.107,4.111,4.072,4.076
1695988800000,4.076,4.106,4.051,4.093
1696003200000,4.093,4.093,4.064,4.075
1696017600000,4.075,4.082,4.068,4.072
1696032000000,4.072,4.086,4.068,4.075
1696046400000,4.075,4.088,4.073,4.075
1696060800000,4.075,4.093,4.073,4.082
1696075200000,4.082,4.11,4.082,4.095
1696089600000,4.095,4.112,4.083,4.107
1696104000000,4.107,4.118,4.094,4.103
1696118400000,4.103,4.121,4.1,4.114
1696132800000,4.114,4.159,4.108,4.137
1696147200000,4.137,4.21,4.13,4.198
1696161600000,4.198,4.212,4.178,4.189
1696176000000,4.189,4.192,4.155,4.192
1696190400000,4.192,4.286,4.181,4.259
1696204800000,4.259,4.277,4.235,4.262
1696219200000,4.262,4.292,4.239,4.276
1696233600000,4.276,4.298,4.225,4.227
1696248000000,4.227,4.253,4.144,4.163
1696262400000,4.163,4.195,4.032,4.152
1696276800000,4.152,4.155,4.082,4.114
1696291200000,4.114,4.158,4.111,4.152
1696305600000,4.152,4.153,4.118,4.12
1696320000000,4.12,4.145,4.119,4.131
1696334400000,4.131,4.136,4.07,4.081
1696348800000,4.081,4.098,4.046,4.063
1696363200000,4.063,4.085,4.049,4.072
1696377600000,4.072,4.073,3.95,4.03
1696392000000,4.03,4.049,4.003,4.046
1696406400000,4.046,4.058,4.027,4.036
1696420800000,4.036,4.047,3.985,4.006
1696435200000,4.006,4.056,3.996,4.031
1696449600000,4.031,4.051,4.023,4.038
1696464000000,4.038,4.052,4.019,4.031
1696478400000,4.031,4.049,4.025,4.035
1696492800000,4.035,4.078,4.027,4.044
1696507200000,4.044,4.069,3.995,4.021
1696521600000,4.021,4.036,4.001,4.014
1696536000000,4.014,4.027,4.008,4.018
1696550400000,4.018,4.052,4.018,4.034
1696564800000,4.034,4.055,4.029,4.049
1696579200000,4.049,4.054,4.029,4.033
1696593600000,4.033,4.071,3.992,4.06
1696608000000,4.06,4.09,4.05,4.068
1696622400000,4.068,4.089,4.058,4.065
1696636800000,4.065,4.071,4.055,4.063
1696651200000,4.063,4.096,4.063,4.093
1696665600000,4.093,4.108,4.082,4.085
1696680000000,4.085,4.09,4.069,4.074
1696694400000,4.074,4.075,4.037,4.046
1696708800000,4.046,4.054,4.045,4.047
1696723200000,4.047,4.067,4.044,4.066
1696737600000,4.066,4.066,4.026,4.031
1696752000000,4.031,4.031,3.999,4.011
1696766400000,4.011,4.033,4.002,4.018
1696780800000,4.018,4.03,4.011,4.015
1696795200000,4.015,4.018,3.995,4.009
1696809600000,4.009,4.027,3.996,4.021
1696824000000,4.021,4.022,3.98,3.987
1696838400000,3.987,3.989,3.762,3.842
1696852800000,3.842,3.867,3.833,3.842
1696867200000,3.842,3.86,3.746,3.853
1696881600000,3.853,3.875,3.819,3.875
1696896000000,3.875,3.889,3.817,3.85
1696910400000,3.85,3.859,3.83,3.836
1696924800000,3.836,3.852,3.804,3.808
1696939200000,3.808,3.836,3.796,3.805
1696953600000,3.805,3.819,3.793,3.812
1696968000000,3.812,3.823,3.763,3.807
1696982400000,3.807,3.819,3.71,3.742
1696996800000,3.742,3.767,3.734,3.735
1697011200000,3.735,3.778,3.731,3.765
1697025600000,3.765,3.784,3.706,3.729
1697040000000,3.729,3.739,3.695,3.72
1697054400000,3.72,3.738,3.699,3.738
1697068800000,3.738,3.738,3.699,3.718
1697083200000,3.718,3.728,3.703,3.707
1697097600000,3.707,3.713,3.614,3.689
1697112000000,3.689,3.691,3.645,3.66
1697126400000,3.66,3.673,3.615,3.661
1697140800000,3.661,3.675,3.648,3.673
1697155200000,3.673,3.688,3.67,3.674
1697169600000,3.674,3.695,3.664,3.69
1697184000000,3.69,3.693,3.676,3.687
1697198400000,3.687,3.715,3.671,3.684
1697212800000,3.684,3.706,3.683,3.702
1697227200000,3.702,3.774,3.701,3.717
1697241600000,3.717,3.741,3.714,3.736
1697256000000,3.736,3.741,3.717,3.724
1697270400000,3.724,3.732,3.718,3.73
1697284800000,3.73,3.758,3.73,3.755
1697299200000,3.755,3.758,3.728,3.734
1697313600000,3.734,3.748,3.728,3.731
1697328000000,3.731,3.745,3.723,3.727
1697342400000,3.727,3.727,3.703,3.713
1697356800000,3.713,3.772,3.712,3.737
1697371200000,3.737,3.754,3.724,3.738
1697385600000,3.738,3.764,3.736,3.757
1697400000000,3.757,3.774,3.745,3.75
1697414400000,3.75,3.755,3.735,3.755
1697428800000,3.755,3.819,3.748,3.798
1697443200000,3.798,3.807,3.749,3.784
1697457600000,3.784,3.895,3.728,3.756
1697472000000,3.756,3.796,3.747,3.778
1697486400000,3.778,3.81,3.764,3.775
1697500800000,3.775,3.777,3.734,3.738
1697515200000,3.738,3.75,3.723,3.746
1697529600000,3.746,3.75,3.717,3.727
1697544000000,3.727,3.727,3.625,3.692
1697558400000,3.692,3.702,3.639,3.673
1697572800000,3.673,3.673,3.657,3.668
1697587200000,3.668,3.668,3.643,3.663
1697601600000,3.663,3.706,3.658,3.672
1697616000000,3.672,3.724,3.665,3.694
1697630400000,3.694,3.699,3.659,3.679
1697644800000,3.679,3.687,3.646,3.652
1697659200000,3.652,3.662,3.625,3.649
1697673600000,3.649,3.655,3.553,3.613
1697688000000,3.613,3.623,3.601,3.615
1697702400000,3.615,3.629,3.602,3.623
1697716800000,3.623,3.645,3.613,3.629
1697731200000,3.629,3.658,3.605,3.638
1697745600000,3.638,3.658,3.622,3.646
1697760000000,3.646,3.713,3.634,3.704
1697774400000,3.704,3.737,3.694,3.722
1697788800000,3.722,3.8,3.722,3.754
1697803200000,3.754,3.767,3.693,3.709
1697817600000,3.709,3.712,3.67,3.71
1697832000000,3.71,3.727,3.705,3.713
1697846400000,3.713,3.736,3.703,3.72
1697860800000,3.72,3.764,3.719,3.762
1697875200000,3.762,3.814,3.749,3.807
1697889600000,3.807,3.874,3.776,3.862
1697904000000,3.862,3.977,3.847,3.937
1697918400000,3.937,3.954,3.89,3.906
1697932800000,3.906,3.949,3.855,3.871
1697947200000,3.871,3.937,3.807,3.867
1697961600000,3.867,3.877,3.816,3.829
1697976000000,3.829,3.853,3.803,3.816
1697990400000,3.816,3.897,3.811,3.849
1698004800000,3.849,3.969,3.849,3.963
1698019200000,3.963,4.037,3.944,4.027
1698033600000,4.027,4.057,3.932,3.964
1698048000000,3.964,4.032,3.913,4.03
1698062400000,4.03,4.131,3.971,4.092
1698076800000,4.092,4.196,4.076,4.188
1698091200000,4.188,4.366,4.163,4.356
1698105600000,4.356,4.419,4.292,4.292
1698120000000,4.292,4.392,4.211,4.25
1698134400000,4.25,4.311,4.241,4.295
1698148800000,4.295,4.376,4.09,4.152
1698163200000,4.152,4.223,4.117,4.177
1698177600000,4.177,4.221,4.139,4.185
1698192000000,4.185,4.276,4.161,4.204
1698206400000,4.204,4.256,4.13,4.174
1698220800000,4.174,4.23,4.146,4.195
1698235200000,4.195,4.334,4.195,4.327
1698249600000,4.327,4.353,4.235,4.321
1698264000000,4.321,4.326,4.241,4.287
1698278400000,4.287,4.363,4.267,4.363
1698292800000,4.363,4.384,4.245,4.383
1698307200000,4.383,4.451,4.263,4.305
1698321600000,4.305,4.356,4.136,4.197
1698336000000,4.197,4.238,4.164,4.234
1698350400000,4.234,4.251,4.206,4.233
1698364800000,4.233,4.236,4.116,4.176
1698379200000,4.176,4.189,4.12,4.121
1698393600000,4.121,4.177,4.102,4.119
1698408000000,4.119,4.184,4.097,4.16
1698422400000,4.16,4.173,4.033,4.12
1698436800000,4.12,4.149,4.114,4.134
1698451200000,4.134,4.199,4.13,4.198
1698465600000,4.198,4.208,4.168,4.176
1698480000000,4.176,4.224,4.172,4.196
1698494400000,4.196,4.205,4.145,4.188
1698508800000,4.188,4.19,4.147,4.15
1698523200000,4.15,4.194,4.149,4.178
1698537600000,4.178,4.191,4.122,4.158
1698552000000,4.158,4.184,4.149,4.176
1698566400000,4.176,4.206,4.169,4.191
1698580800000,4.191,4.285,4.189,4.264
1698595200000,4.264,4.298,4.237,4.289
1698609600000,4.289,4.353,4.279,4.312
1698624000000,4.312,4.335,4.267,4.279
1698638400000,4.279,4.294,4.231,4.244
1698652800000,4.244,4.365,4.234,4.325
1698667200000,4.325,4.364,4.303,4.359
1698681600000,4.359,4.379,4.266,4.378
1698696000000,4.378,4.533,4.336,4.525
1698710400000,4.525,4.603,4.478,4.481
1698724800000,4.481,4.532,4.421,4.427
1698739200000,4.427,4.517,4.383,4.506
1698753600000,4.506,4.507,4.264,4.363
1698768000000,4.363,4.464,4.344,4.427
1698782400000,4.427,4.467,4.407,4.45
1698796800000,4.45,4.496,4.406,4.42
1698811200000,4.42,4.429,4.337,4.367
1698825600000,4.367,4.388,4.328,4.363
1698840000000,4.363,4.457,4.32,4.364
1698854400000,4.364,4.766,4.361,4.676
1698868800000,4.676,4.822,4.672,4.736
1698883200000,4.736,4.804,4.707,4.747
1698897600000,4.747,4.758,4.621,4.652
1698912000000,4.652,4.752,4.605,4.704
1698926400000,4.704,4.795,4.573,4.593
1698940800000,4.593,4.69,4.515,4.673
1698955200000,4.673,4.684,4.59,4.633
1698969600000,4.633,4.633,4.453,4.519
1698984000000,4.519,4.564,4.468,4.56
1698998400000,4.56,4.592,4.483,4.532
1699012800000,4.532,4.644,4.502,4.627
1699027200000,4.627,4.648,4.558,4.586
1699041600000,4.586,4.635,4.578,4.615
1699056000000,4.615,4.644,4.589,4.634
1699070400000,4.634,4.68,4.611,4.65
1699084800000,4.65,4.678,4.63,4.641
1699099200000,4.641,4.786,4.632,4.647
1699113600000,4.647,4.677,4.641,4.671
1699128000000,4.671,4.728,4.638,4.691
1699142400000,4.691,4.776,4.658,4.766
1699156800000,4.766,4.852,4.741,4.799
1699171200000,4.799,4.835,4.748,4.81
1699185600000,4.81,4.918,4.704,4.779
1699200000000,4.779,4.871,4.766,4.81
1699214400000,4.81,4.845,4.653,4.762
1699228800000,4.762,4.857,4.737,4.793
1699243200000,4.793,4.805,4.678,4.782
1699257600000,4.782,4.907,4.747,4.877
1699272000000,4.877,4.904,4.802,4.873
1699286400000,4.873,4.963,4.83,4.929
1699300800000,4.929,4.998,4.889,4.971
1699315200000,4.971,5.001,4.857,4.948
1699329600000,4.948,5.011,4.909,4.971
1699344000000,4.971,4.989,4.846,4.876
1699358400000,4.876,4.924,4.744,4.787
1699372800000,4.787,4.952,4.724,4.916
1699387200000,4.916,4.998,4.903,4.931
1699401600000,4.931,4.96,4.862,4.881
1699416000000,4.881,4.938,4.868,4.91
1699430400000,4.91,4.969,4.896,4.94
1699444800000,4.94,5.099,4.919,4.951
1699459200000,4.951,5.062,4.942,5.057
1699473600000,5.057,5.09,4.993,5.035
1699488000000,5.035,5.143,5.015,5.112
1699502400000,5.112,5.159,5.081,5.085
1699516800000,5.085,5.164,5.064,5.106
1699531200000,5.106,5.27,5.071,5.155
1699545600000,5.155,5.186,4.375,4.877
1699560000000,4.877,5.107,4.777,5.095
1699574400000,5.095,5.218,5.073,5.117
1699588800000,5.117,5.159,5.068,5.087
1699603200000,5.087,5.204,5.001,5.187
1699617600000,5.187,5.191,4.97,5.037
1699632000000,5.037,5.204,5.034,5.156
1699646400000,5.156,5.324,5.133,5.304
1699660800000,5.304,5.349,5.189,5.196
1699675200000,5.196,5.271,5.088,5.219
1699689600000,5.219,5.363,5.195,5.264
1699704000000,5.264,5.509,5.237,5.477
1699718400000,5.477,5.678,5.477,5.662
1699732800000,5.662,5.688,5.482,5.562
1699747200000,5.562,5.644,5.338,5.607
1699761600000,5.607,5.766,5.489,5.723
1699776000000,5.723,5.867,5.685,5.818
1699790400000,5.818,5.844,5.676,5.771
1699804800000,5.771,5.787,5.647,5.716
1699819200000,5.716,5.833,5.652,5.715
1699833600000,5.715,5.896,5.622,5.66
1699848000000,5.66,5.771,5.544,5.713
1699862400000,5.713,5.747,5.556,5.597
1699876800000,5.597,5.629,5.429,5.597
1699891200000,5.597,5.632,5.431,5.534
1699905600000,5.534,5.539,5.327,5.352
1699920000000,5.352,5.386,5.221,5.377
1699934400000,5.377,5.518,5.357,5.478
1699948800000,5.478,5.529,5.239,5.295
1699963200000,5.295,5.469,5.236,5.349
1699977600000,5.349,5.407,4.987,5.146
1699992000000,5.146,5.265,5.13,5.203
1700006400000,5.203,5.264,5.187,5.208
1700020800000,5.208,5.326,5.208,5.309
1700035200000,5.309,5.46,5.296,5.446
1700049600000,5.446,5.457,5.372,5.454
1700064000000,5.454,5.631,5.402,5.631
1700078400000,5.631,5.645,5.532,5.57
1700092800000,5.57,5.649,5.549,5.591
1700107200000,5.591,5.808,5.555,5.714
1700121600000,5.714,5.786,5.582,5.611
1700136000000,5.611,5.614,5.407,5.474
1700150400000,5.474,5.553,5.271,5.416
1700164800000,5.416,5.436,5.307,5.358
1700179200000,5.358,5.492,5.339,5.462
1700193600000,5.462,5.483,5.353,5.369
1700208000000,5.369,5.459,5.274,5.31
1700222400000,5.31,5.377,5.055,5.075
1700236800000,5.075,5.275,5.062,5.215
1700251200000,5.215,5.291,5.196,5.249
1700265600000,5.249,5.251,5.123,5.133
1700280000000,5.133,5.186,4.991,5.106
1700294400000,5.106,5.173,5.073,5.137
1700308800000,5.137,5.237,5.058,5.23
1700323200000,5.23,5.287,5.212,5.264
1700337600000,5.264,5.298,5.231,5.292
1700352000000,5.292,5.301,5.176,5.293
1700366400000,5.293,5.309,5.264,5.295
1700380800000,5.295,5.317,5.198,5.233
1700395200000,5.233,5.312,5.204,5.295
1700409600000,5.295,5.483,5.272,5.477
1700424000000,5.477,5.484,5.394,5.437
1700438400000,5.437,5.485,5.401,5.459
1700452800000,5.459,5.486,5.386,5.474
1700467200000,5.474,5.574,5.447,5.493
1700481600000,5.493,5.494,5.321,5.442
1700496000000,5.442,5.462,5.322,5.355
1700510400000,5.355,5.376,5.255,5.307
1700524800000,5.307,5.331,5.193,5.253
1700539200000,5.253,5.267,5.193,5.204
1700553600000,5.204,5.24,5.165,5.195
1700568000000,5.195,5.215,5.03,5.147
1700582400000,5.147,5.19,4.903,5.034
1700596800000,5.034,5.067,4.806,4.859
1700611200000,4.859,5.057,4.846,5.03
1700625600000,5.03,5.082,5.006,5.058
1700640000000,5.058,5.111,5.055,5.073
1700654400000,5.073,5.122,5.046,5.09
1700668800000,5.09,5.252,5.059,5.224
1700683200000,5.224,5.289,5.147,5.174
1700697600000,5.174,5.22,5.148,5.171
1700712000000,5.171,5.201,5.145,5.176
1700726400000,5.176,5.223,5.132,5.161
1700740800000,5.161,5.172,5.081,5.107
1700755200000,5.107,5.153,5.098,5.105
1700769600000,5.105,5.147,5.104,5.139
1700784000000,5.139,5.192,5.122,5.17
1700798400000,5.17,5.248,5.154,5.229
1700812800000,5.229,5.261,5.182,5.215
1700827200000,5.215,5.277,5.171,5.249
1700841600000,5.249,5.297,5.2,5.234
1700856000000,5.234,5.296,5.211,5.247
1700870400000,5.247,5.336,5.212,5.306
1700884800000,5.306,5.32,5.267,5.316
1700899200000,5.316,5.33,5.241,5.272
1700913600000,5.272,5.393,5.265,5.349
1700928000000,5.349,5.365,5.331,5.349
1700942400000,5.349,5.359,5.317,5.334
1700956800000,5.334,5.36,5.298,5.33
1700971200000,5.33,5.417,5.318,5.365
1700985600000,5.365,5.374,5.326,5.337
1701000000000,5.337,5.378,5.261,5.281
1701014400000,5.281,5.311,5.144,5.306
1701028800000,5.306,5.388,5.292,5.33
1701043200000,5.33,5.378,5.251,5.293
1701057600000,5.293,5.335,5.211,5.253
1701072000000,5.253,5.267,5.129,5.153
1701086400000,5.153,5.168,5.074,5.084
1701100800000,5.084,5.16,5.036,5.073
1701115200000,5.073,5.173,5.039,5.158
1701129600000,5.158,5.192,5.143,5.167
1701144000000,5.167,5.211,5.122,5.168
1701158400000,5.168,5.211,5.103,5.202
1701172800000,5.202,5.238,5.164,5.226
1701187200000,5.226,5.316,5.208,5.279
1701201600000,5.279,5.308,5.235,5.276
1701216000000,5.276,5.316,5.255,5.279
1701230400000,5.279,5.308,5.25,5.283
1701244800000,5.283,5.391,5.277,5.353
1701259200000,5.353,5.381,5.193,5.232
1701273600000,5.232,5.245,5.178,5.202
1701288000000,5.202,5.203,5.152,5.164
1701302400000,5.164,5.192,5.121,5.184
1701316800000,5.184,5.195,5.145,5.175
1701331200000,5.175,5.206,5.129,5.203
1701345600000,5.203,5.498,5.178,5.494
1701360000000,5.494,5.583,5.393,5.458
1701374400000,5.458,5.506,5.426,5.477
1701388800000,5.477,5.502,5.416,5.5
1701403200000,5.5,5.531,5.442,5.457
1701417600000,5.457,5.484,5.423,5.455
1701432000000,5.455,5.457,5.373,5.428
1701446400000,5.428,5.484,5.409,5.476
1701460800000,5.476,5.486,5.439,5.474
1701475200000,5.474,5.491,5.456,5.487
1701489600000,5.487,5.514,5.465,5.499
1701504000000,5.499,5.547,5.497,5.527
1701518400000,5.527,5.545,5.456,5.488
1701532800000,5.488,5.577,5.459,5.556
1701547200000,5.556,5.61,5.55,5.567
1701561600000,5.567,5.614,5.525,5.549
1701576000000,5.549,5.559,5.509,5.541
1701590400000,5.541,5.541,5.472,5.506
1701604800000,5.506,5.556,5.434,5.511
1701619200000,5.511,5.532,5.438,5.473
1701633600000,5.473,5.633,5.465,5.544
1701648000000,5.544,5.633,5.534,5.614
1701662400000,5.614,5.707,5.613,5.654
1701676800000,5.654,5.728,5.383,5.581
1701691200000,5.581,5.669,5.475,5.493
1701705600000,5.493,5.586,5.487,5.574
1701720000000,5.574,5.642,5.554,5.639
1701734400000,5.639,5.703,5.558,5.611
1701748800000,5.611,5.693,5.567,5.636
1701763200000,5.636,5.738,5.513,5.538
1701777600000,5.538,5.639,5.516,5.633
1701792000000,5.633,5.836,5.604,5.789
1701806400000,5.789,5.951,5.743,5.91
1701820800000,5.91,6.002,5.855,5.881
1701835200000,5.881,5.959,5.771,5.955
1701849600000,5.955,6.029,5.792,5.949
1701864000000,5.949,6.163,5.937,6.134
1701878400000,6.134,6.208,6.082,6.085
1701892800000,6.085,6.11,5.992,6.051
1701907200000,6.051,6.142,6.036,6.065
1701921600000,6.065,6.191,6.052,6.13
1701936000000,6.13,6.144,5.905,5.973
1701950400000,5.973,6.141,5.962,6.106
1701964800000,6.106,6.312,6.085,6.208
1701979200000,6.208,6.289,6.188,6.249
1701993600000,6.249,6.278,6.174,6.225
1702008000000,6.225,6.33,6.216,6.24
1702022400000,6.24,6.389,6.233,6.382
1702036800000,6.382,6.704,6.381,6.686
1702051200000,6.686,6.825,6.605,6.66
1702065600000,6.66,6.924,6.641,6.849
1702080000000,6.849,7.527,6.839,7.423
1702094400000,7.423,7.615,7.38,7.573
1702108800000,7.573,7.7,7.322,7.601
1702123200000,7.601,7.645,7.272,7.326
1702137600000,7.326,7.358,7.059,7.295
1702152000000,7.295,7.296,7.02,7.111
1702166400000,7.111,7.335,7.111,7.269
1702180800000,7.269,7.338,7.161,7.209
1702195200000,7.209,7.218,6.967,7.098
1702209600000,7.098,7.276,7.098,7.23
1702224000000,7.23,7.248,7.111,7.189
1702238400000,7.189,7.374,7.185,7.357
1702252800000,7.357,7.373,6.15,6.851
1702267200000,6.851,6.919,6.631,6.666
1702281600000,6.666,6.767,6.605,6.766
1702296000000,6.766,6.823,6.577,6.691
1702310400000,6.691,6.747,6.401,6.531
1702324800000,6.531,6.771,6.495,6.714
1702339200000,6.714,7.051,6.702,6.916
1702353600000,6.916,7.292,6.865,7.265
1702368000000,7.265,7.299,7.077,7.149
1702382400000,7.149,7.35,7.0,7.148
1702396800000,7.148,7.183,6.834,7.053
1702411200000,7.053,7.141,6.897,7.136
1702425600000,7.136,7.254,6.731,6.782
1702440000000,6.782,6.856,6.61,6.771
1702454400000,6.771,6.876,6.747,6.759
1702468800000,6.759,7.083,6.74,7.049
1702483200000,7.049,7.301,6.925,7.28
1702497600000,7.28,7.661,7.241,7.609
1702512000000,7.609,7.642,7.364,7.439
1702526400000,7.439,7.49,7.355,7.42
1702540800000,7.42,7.576,7.276,7.548
1702555200000,7.548,7.585,6.78,7.266
1702569600000,7.266,7.598,7.262,7.404
1702584000000,7.404,7.782,7.343,7.514
1702598400000,7.514,7.573,7.426,7.449
1702612800000,7.449,7.462,7.194,7.22
1702627200000,7.22,7.375,7.16,7.327
1702641600000,7.327,7.334,7.033,7.107
1702656000000,7.107,7.201,7.051,7.073
1702670400000,7.073,7.089,6.911,6.958
1702684800000,6.958,7.095,6.856,7.09
1702699200000,7.09,7.171,7.061,7.1
1702713600000,7.1,7.208,7.096,7.204
1702728000000,7.204,7.329,7.16,7.287
1702742400000,7.287,7.363,7.046,7.063
1702756800000,7.063,7.119,7.006,7.098
1702771200000,7.098,7.168,7.014,7.086
1702785600000,7.086,7.163,6.957,6.977
1702800000000,6.977,7.077,6.947,7.002
1702814400000,7.002,7.02,6.844,6.933
1702828800000,6.933,7.016,6.833,6.91
1702843200000,6.91,6.948,6.749,6.792
1702857600000,6.792,6.863,6.626,6.722
1702872000000,6.722,6.78,6.64,6.666
1702886400000,6.666,6.724,6.374,6.544
1702900800000,6.544,6.708,6.473,6.601
1702915200000,6.601,6.727,6.576,6.696
1702929600000,6.696,6.892,6.644,6.889
1702944000000,6.889,7.001,6.841,6.931
1702958400000,6.931,6.999,6.882,6.978
1702972800000,6.978,7.055,6.835,6.838
1702987200000,6.838,6.898,6.701,6.774
1703001600000,6.774,6.83,6.611,6.736
1703016000000,6.736,6.77,6.677,6.714
1703030400000,6.714,6.778,6.62,6.775
1703044800000,6.775,6.916,6.765,6.909
1703059200000,6.909,7.061,6.874,7.004
1703073600000,7.004,7.144,6.954,7.084
1703088000000,7.084,7.09,6.958,6.977
1703102400000,6.977,6.996,6.835,6.961
1703116800000,6.961,7.198,6.926,7.13
1703131200000,7.13,7.49,7.118,7.446
1703145600000,7.446,7.629,7.412,7.577
1703160000000,7.577,7.85,7.482,7.549
1703174400000,7.549,8.329,7.535,8.255
1703188800000,8.255,8.446,8.149,8.431
1703203200000,8.431,8.585,8.159,8.244
1703217600000,8.244,8.249,7.851,7.957
1703232000000,7.957,8.139,7.855,8.139
1703246400000,8.139,8.143,7.916,8.083
1703260800000,8.083,8.123,7.905,7.935
1703275200000,7.935,8.012,7.915,7.964
1703289600000,7.964,7.968,7.586,7.63
1703304000000,7.63,7.765,7.592,7.735
1703318400000,7.735,7.967,7.722,7.841
1703332800000,7.841,7.941,7.808,7.828
1703347200000,7.828,8.002,7.81,7.965
1703361600000,7.965,8.454,7.867,8.335
1703376000000,8.335,8.97,8.323,8.81
1703390400000,8.81,8.816,8.338,8.598
1703404800000,8.598,9.16,8.519,9.071
1703419200000,9.071,9.235,8.86,8.948
1703433600000,8.948,9.044,8.785,8.88
1703448000000,8.88,8.954,8.51,8.625
1703462400000,8.625,8.919,8.51,8.754
1703476800000,8.754,9.412,8.725,9.211
1703491200000,9.211,9.323,9.012,9.154
1703505600000,9.154,9.287,9.063,9.184
1703520000000,9.184,9.379,8.922,9.183
1703534400000,9.183,9.33,9.01,9.206
1703548800000,9.206,9.6,9.206,9.309
1703563200000,9.309,9.418,8.951,9.115
1703577600000,9.115,9.192,8.856,9.179
1703592000000,9.179,9.224,8.824,8.866
1703606400000,8.866,8.946,8.309,8.656
1703620800000,8.656,8.854,8.65,8.828
1703635200000,8.828,8.839,8.408,8.475
1703649600000,8.475,8.704,8.471,8.689
1703664000000,8.689,8.998,8.683,8.847
1703678400000,8.847,9.026,8.67,8.928
1703692800000,8.928,9.034,8.748,8.809
1703707200000,8.809,8.886,8.609,8.703
1703721600000,8.703,8.925,8.571,8.59
1703736000000,8.59,8.703,8.43,8.583
1703750400000,8.583,8.766,8.545,8.711
1703764800000,8.711,8.725,8.269,8.391
1703779200000,8.391,8.502,8.353,8.457
1703793600000,8.457,8.517,8.301,8.438
1703808000000,8.438,8.52,8.139,8.447
1703822400000,8.447,8.506,8.292,8.321
1703836800000,8.321,8.638,8.315,8.575
1703851200000,8.575,8.691,8.301,8.368
1703865600000,8.368,8.426,8.157,8.285
1703880000000,8.285,8.313,8.038,8.303
1703894400000,8.303,8.457,8.275,8.372
1703908800000,8.372,8.5,8.31,8.33
1703923200000,8.33,8.361,8.098,8.216
1703937600000,8.216,8.398,8.178,8.393
1703952000000,8.393,8.413,8.287,8.321
1703966400000,8.321,8.434,8.292,8.355
1703980800000,8.355,8.427,8.16,8.222
1703995200000,8.222,8.621,8.215,8.572
1704009600000,8.572,8.662,8.46,8.48
1704024000000,8.48,8.568,8.422,8.497
1704038400000,8.497,8.549,8.433,8.454
1704052800000,8.454,8.458,8.02,8.212
1704067200000,8.212,8.333,8.124,8.159
1704081600000,8.159,8.188,8.069,8.178
1704096000000,8.178,8.28,8.152,8.251
1704110400000,8.251,8.392,8.217,8.392
1704124800000,8.392,8.613,8.318,8.606
1704139200000,8.606,8.666,8.48,8.609
1704153600000,8.609,8.784,8.552,8.688
1704168000000,8.688,8.72,8.629,8.72
1704182400000,8.72,8.822,8.61,8.665
1704196800000,8.665,8.772,8.401,8.429
1704211200000,8.429,8.527,8.366,8.447
1704225600000,8.447,8.496,8.33,8.421
1704240000000,8.421,8.562,8.398,8.451
1704254400000,8.451,8.585,8.433,8.458
1704268800000,8.458,8.566,8.08,8.148
1704283200000,8.148,8.179,6.18,7.761
1704297600000,7.761,7.789,7.518,7.678
1704312000000,7.678,7.819,7.584,7.628
1704326400000,7.628,7.694,7.464,7.644
1704340800000,7.644,7.755,7.6,7.601
1704355200000,7.601,7.712,7.503,7.664
1704369600000,7.664,7.975,7.631,7.888
1704384000000,7.888,7.975,7.776,7.886
1704398400000,7.886,8.005,7.814,7.875
1704412800000,7.875,7.953,7.51,7.705
1704427200000,7.705,7.746,7.616,7.62
1704441600000,7.62,7.676,7.427,7.455
1704456000000,7.455,7.535,7.236,7.355
1704470400000,7.355,7.388,7.164,7.301
1704484800000,7.301,7.447,7.297,7.447
1704499200000,7.447,7.449,7.288,7.296
1704513600000,7.296,7.34,6.938,7.117
1704528000000,7.117,7.226,7.075,7.195
1704542400000,7.195,7.273,7.101,7.237
1704556800000,7.237,7.311,7.157,7.196
1704571200000,7.196,7.228,7.022,7.138
1704585600000,7.138,7.254,7.073,7.127
1704600000000,7.127,7.326,7.127,7.289
1704614400000,7.289,7.328,7.121,7.191
1704628800000,7.191,7.295,7.113,7.149
1704643200000,7.149,7.233,7.031,7.213
1704657600000,7.213,7.222,6.804,6.9
1704672000000,6.9,6.964,6.505,6.688
1704686400000,6.688,6.989,6.643,6.936
1704700800000,6.936,7.139,6.851,7.138
1704715200000,7.138,7.264,7.102,7.226
1704729600000,7.226,7.494,7.175,7.483
1704744000000,7.483,7.504,7.363,7.486
1704758400000,7.486,7.529,7.31,7.32
1704772800000,7.32,7.522,7.315,7.459
1704787200000,7.459,7.518,7.279,7.315
1704801600000,7.315,7.348,6.987,7.138
1704816000000,7.138,7.162,6.955,7.034
1704830400000,7.034,7.197,6.908,7.128
1704844800000,7.128,7.225,7.087,7.138
1704859200000,7.138,7.188,7.068,7.073
1704873600000,7.073,7.228,6.982,7.138
1704888000000,7.138,7.142,6.792,7.081
1704902400000,7.081,7.258,7.006,7.253
1704916800000,7.253,8.088,7.092,7.991
1704931200000,7.991,8.25,7.923,8.217
1704945600000,8.217,8.392,7.857,8.334
1704960000000,8.334,8.442,8.271,8.402
1704974400000,8.402,8.579,8.139,8.238
1704988800000,8.238,8.29,8.049,8.229
1705003200000,8.229,8.327,8.053,8.151
1705017600000,8.151,8.217,8.026,8.08
1705032000000,8.08,8.204,8.029,8.073
1705046400000,8.073,8.122,7.968,8.07
1705060800000,8.07,8.217,7.832,7.901
1705075200000,7.901,7.956,7.552,7.77
1705089600000,7.77,7.818,7.273,7.568
1705104000000,7.568,7.652,7.369,7.588
1705118400000,7.588,7.744,7.575,7.692
1705132800000,7.692,7.742,7.588,7.649
1705147200000,7.649,7.753,7.575,7.708
1705161600000,7.708,7.743,7.614,7.624
1705176000000,7.624,7.681,7.597,7.617
1705190400000,7.617,7.627,7.501,7.512
1705204800000,7.512,7.67,7.462,7.614
1705219200000,7.614,7.7,7.571,7.583
1705233600000,7.583,7.677,7.534,7.671
1705248000000,7.671,7.698,7.462,7.475
1705262400000,7.475,7.55,7.314,7.322
1705276800000,7.322,7.65,7.311,7.604
1705291200000,7.604,7.69,7.514,7.537
1705305600000,7.537,7.688,7.504,7.585
1705320000000,7.585,7.672,7.406,7.421
1705334400000,7.421,7.699,7.411,7.625
1705348800000,7.625,7.675,7.437,7.512
1705363200000,7.512,7.615,7.501,7.599
1705377600000,7.599,7.607,7.486,7.552
1705392000000,7.552,7.693,7.461,7.525
1705406400000,7.525,7.595,7.338,7.515
1705420800000,7.515,7.55,7.396,7.459
1705435200000,7.459,7.608,7.452,7.492
1705449600000,7.492,7.598,7.464,7.497
1705464000000,7.497,7.513,7.363,7.375
1705478400000,7.375,7.433,7.351,7.398
1705492800000,7.398,7.471,7.324,7.346
1705507200000,7.346,7.385,7.252,7.34
1705521600000,7.34,7.379,7.255,7.353
1705536000000,7.353,7.397,7.23,7.353
1705550400000,7.353,7.385,7.29,7.347
1705564800000,7.347,7.356,7.18,7.214
1705579200000,7.214,7.249,7.104,7.218
1705593600000,7.218,7.233,6.817,6.876
1705608000000,6.876,7.064,6.857,7.02
1705622400000,7.02,7.055,6.821,6.955
1705636800000,6.955,7.052,6.937,7.003
1705651200000,7.003,7.04,6.961,7.004
1705665600000,7.004,7.012,6.773,6.8
1705680000000,6.8,6.879,6.567,6.852
1705694400000,6.852,6.919,6.813,6.895
1705708800000,6.895,6.895,6.777,6.828
1705723200000,6.828,6.95,6.819,6.904
1705737600000,6.904,6.931,6.795,6.856
1705752000000,6.856,6.888,6.803,6.861
1705766400000,6.861,6.887,6.794,6.845
1705780800000,6.845,6.929,6.837,6.912
1705795200000,6.912,6.976,6.857,6.919
1705809600000,6.919,6.924,6.856,6.903
1705824000000,6.903,6.933,6.888,6.9
1705838400000,6.9,6.97,6.86,6.886
1705852800000,6.886,6.912,6.834,6.907
1705867200000,6.907,6.912,6.802,6.817
1705881600000,6.817,6.849,6.674,6.726
1705896000000,6.726,6.763,6.638,6.721
1705910400000,6.721,6.815,6.537,6.583
1705924800000,6.583,6.683,6.395,6.514
1705939200000,6.514,6.57,6.287,6.377
1705953600000,6.377,6.486,6.317,6.339
1705968000000,6.339,6.453,6.317,6.418
1705982400000,6.418,6.455,6.276,6.312
1705996800000,6.312,6.341,5.968,6.094
1706011200000,6.094,6.239,5.97,6.224
1706025600000,6.224,6.345,6.186,6.193
1706040000000,6.193,6.364,6.154,6.359
1706054400000,6.359,6.411,6.254,6.271
1706068800000,6.271,6.423,6.26,6.374
1706083200000,6.374,6.536,6.37,6.472
1706097600000,6.472,6.539,6.365,6.422
1706112000000,6.422,6.451,6.292,6.342
1706126400000,6.342,6.474,6.289,6.46
1706140800000,6.46,6.497,6.413,6.47
1706155200000,6.47,6.531,6.403,6.503
1706169600000,6.503,6.572,6.429,6.526
1706184000000,6.526,6.534,6.35,6.389
1706198400000,6.389,6.508,6.342,6.444
1706212800000,6.444,6.493,6.409,6.438
1706227200000,6.438,6.483,6.354,6.445
1706241600000,6.445,6.46,6.353,6.368
1706256000000,6.368,6.611,6.362,6.592
1706270400000,6.592,6.628,6.497,6.616
1706284800000,6.616,6.722,6.615,6.669
1706299200000,6.669,6.725,6.626,6.663
1706313600000,6.663,6.715,6.662,6.685
1706328000000,6.685,6.691,6.544,6.567
1706342400000,6.567,6.658,6.525,6.646
1706356800000,6.646,6.711,6.618,6.688
1706371200000,6.688,6.71,6.632,6.68
1706385600000,6.68,6.753,6.648,6.668
1706400000000,6.668,6.736,6.649,6.731
1706414400000,6.731,6.79,6.686,6.699
1706428800000,6.699,6.774,6.674,6.726
1706443200000,6.726,6.732,6.614,6.652
1706457600000,6.652,6.681,6.564,6.593
1706472000000,6.593,6.871,6.56,6.863
1706486400000,6.863,6.95,6.751,6.92
1706500800000,6.92,6.999,6.801,6.813
1706515200000,6.813,6.855,6.756,6.825
1706529600000,6.825,6.861,6.697,6.816
1706544000000,6.816,7.169,6.774,7.105
1706558400000,7.105,7.299,7.014,7.029
1706572800000,7.029,7.081,6.952,7.001
1706587200000,7.001,7.052,6.935,7.009
1706601600000,7.009,7.069,6.984,7.039
1706616000000,7.039,7.06,6.903,6.998
1706630400000,6.998,7.033,6.934,7.003
1706644800000,7.003,7.035,6.814,6.834
1706659200000,6.834,6.862,6.743,6.806
1706673600000,6.806,6.886,6.787,6.869
1706688000000,6.869,6.874,6.662,6.758
1706702400000,6.758,6.796,6.61,6.79
1706716800000,6.79,6.85,6.751,6.816
1706731200000,6.816,6.823,6.578,6.65
1706745600000,6.65,6.69,6.523,6.646
1706760000000,6.646,6.691,6.613,6.652
1706774400000,6.652,6.698,6.628,6.639
1706788800000,6.639,6.786,6.63,6.728
1706803200000,6.728,6.815,6.681,6.8
1706817600000,6.8,6.806,6.75,6.789
1706832000000,6.789,6.841,6.767,6.791
1706846400000,6.791,6.877,6.764,6.864
1706860800000,6.864,6.947,6.846,6.903
1706875200000,6.903,7.004,6.754,6.99
1706889600000,6.99,7.024,6.902,6.936
1706904000000,6.936,6.96,6.874,6.944
1706918400000,6.944,7.006,6.908,6.912
1706932800000,6.912,6.948,6.851,6.868
1706947200000,6.868,6.958,6.859,6.892
1706961600000,6.892,6.92,6.811,6.879
1706976000000,6.879,6.917,6.862,6.903
1706990400000,6.903,6.905,6.816,6.821
1707004800000,6.821,6.824,6.738,6.816
1707019200000,6.816,6.818,6.714,6.74
1707033600000,6.74,6.822,6.711,6.802
1707048000000,6.802,6.814,6.764,6.779
1707062400000,6.779,6.785,6.668,6.738
1707076800000,6.738,6.788,6.636,6.667
1707091200000,6.667,6.845,6.584,6.836
1707105600000,6.836,6.913,6.817,6.909
1707120000000,6.909,6.969,6.881,6.958
1707134400000,6.958,6.973,6.776,6.789
1707148800000,6.789,6.82,6.738,6.787
1707163200000,6.787,6.793,6.665,6.731
1707177600000,6.731,6.793,6.667,6.751
1707192000000,6.751,6.769,6.698,6.743
1707206400000,6.743,6.783,6.631,6.706
1707220800000,6.706,6.779,6.638,6.764
1707235200000,6.764,6.798,6.698,6.794
1707249600000,6.794,6.83,6.772,6.806
1707264000000,6.806,6.823,6.729,6.733
1707278400000,6.733,6.759,6.674,6.69
1707292800000,6.69,6.767,6.67,6.701
1707307200000,6.701,6.847,6.697,6.8
1707321600000,6.8,6.911,6.783,6.888
1707336000000,6.888,6.961,6.887,6.938
1707350400000,6.938,6.99,6.933,6.954
1707364800000,6.954,6.973,6.901,6.95
1707379200000,6.95,6.982,6.888,6.903
1707393600000,6.903,7.079,6.864,7.042
1707408000000,7.042,7.063,6.902,7.006
1707422400000,7.006,7.11,7.002,7.01
1707436800000,7.01,7.114,6.958,7.05
1707451200000,7.05,7.103,7.032,7.097
1707465600000,7.097,7.189,7.059,7.162
1707480000000,7.162,7.332,7.128,7.207
1707494400000,7.207,7.212,7.112,7.146
1707508800000,7.146,7.224,7.143,7.193
1707523200000,7.193,7.277,7.168,7.249
1707537600000,7.249,7.262,7.17,7.177
1707552000000,7.177,7.215,7.048,7.107
1707566400000,7.107,7.153,7.071,7.139
1707580800000,7.139,7.213,7.112,7.206
1707595200000,7.206,7.291,7.19,7.2
1707609600000,7.2,7.25,7.153,7.244
1707624000000,7.244,7.303,7.234,7.288
1707638400000,7.288,7.347,7.23,7.305
1707652800000,7.305,7.315,7.16,7.203
1707667200000,7.203,7.233,7.127,7.19
1707681600000,7.19,7.206,7.077,7.102
1707696000000,7.102,7.17,6.984,7.071
1707710400000,7.071,7.121,6.995,7.101
1707724800000,7.101,7.13,6.976,7.014
1707739200000,7.014,7.255,7.0,7.246
1707753600000,7.246,7.379,7.191,7.224
1707768000000,7.224,7.36,7.223,7.345
1707782400000,7.345,7.458,7.284,7.303
1707796800000,7.303,7.419,7.303,7.408
1707811200000,7.408,7.449,7.324,7.385
1707825600000,7.385,7.39,7.116,7.208
1707840000000,7.208,7.28,7.157,7.232
1707854400000,7.232,7.372,7.231,7.362
1707868800000,7.362,7.584,7.281,7.509
1707883200000,7.509,7.651,7.49,7.599
1707897600000,7.599,7.722,7.565,7.669
1707912000000,7.669,7.686,7.55,7.587
1707926400000,7.587,7.672,7.518,7.651
1707940800000,7.651,7.69,7.632,7.655
1707955200000,7.655,7.744,7.579,7.675
1707969600000,7.675,7.677,7.532,7.654
1707984000000,7.654,7.924,7.623,7.911
1707998400000,7.911,7.96,7.762,7.802
1708012800000,7.802,7.847,7.698,7.763
1708027200000,7.763,7.792,7.63,7.786
1708041600000,7.786,7.827,7.721,7.826
1708056000000,7.826,7.872,7.724,7.734
1708070400000,7.734,7.846,7.705,7.773
1708084800000,7.773,7.872,7.535,7.651
1708099200000,7.651,7.714,7.554,7.585
1708113600000,7.585,7.678,7.566,7.657
1708128000000,7.657,7.692,7.479,7.587
1708142400000,7.587,7.676,7.548,7.668
1708156800000,7.668,7.676,7.534,7.612
1708171200000,7.612,7.642,7.341,7.467
1708185600000,7.467,7.568,7.431,7.566
1708200000000,7.566,7.717,7.542,7.71
1708214400000,7.71,7.853,7.709,7.749
1708228800000,7.749,7.832,7.683,7.785
1708243200000,7.785,7.865,7.747,7.783
1708257600000,7.783,7.82,7.722,7.786
1708272000000,7.786,7.872,7.748,7.798
1708286400000,7.798,7.927,7.732,7.864
1708300800000,7.864,7.901,7.79,7.82
1708315200000,7.82,7.919,7.754,7.897
1708329600000,7.897,7.901,7.721,7.833
1708344000000,7.833,7.836,7.662,7.745
1708358400000,7.745,7.814,7.655,7.787
1708372800000,7.787,8.155,7.761,8.036
1708387200000,8.036,8.125,7.823,7.824
1708401600000,7.824,7.95,7.796,7.853
1708416000000,7.853,7.865,7.631,7.852
1708430400000,7.852,7.949,7.4,7.573
1708444800000,7.573,7.657,7.433,7.655
1708459200000,7.655,7.837,7.624,7.738
1708473600000,7.738,7.738,7.572,7.62
1708488000000,7.62,7.63,7.373,7.427
1708502400000,7.427,7.475,7.214,7.323
1708516800000,7.323,7.443,7.235,7.384
1708531200000,7.384,7.43,7.249,7.366
1708545600000,7.366,7.492,7.315,7.472
1708560000000,7.472,7.474,7.281,7.388
1708574400000,7.388,7.563,7.35,7.54
1708588800000,7.54,7.618,7.498,7.533
1708603200000,7.533,7.612,7.389,7.576
1708617600000,7.576,7.654,7.524,7.568
1708632000000,7.568,7.693,7.468,7.489
1708646400000,7.489,7.542,7.358,7.388
1708660800000,7.388,7.471,7.322,7.349
1708675200000,7.349,7.402,7.283,7.363
1708689600000,7.363,7.522,7.276,7.41
1708704000000,7.41,7.635,7.298,7.621
1708718400000,7.621,7.652,7.452,7.57
1708732800000,7.57,7.647,7.437,7.606
1708747200000,7.606,7.826,7.584,7.798
1708761600000,7.798,7.829,7.715,7.762
1708776000000,7.762,7.857,7.72,7.787
1708790400000,7.787,7.855,7.743,7.833
1708804800000,7.833,7.898,7.784,7.825
1708819200000,7.825,7.86,7.701,7.768
1708833600000,7.768,7.794,7.716,7.753
1708848000000,7.753,7.775,7.682,7.763
1708862400000,7.763,7.818,7.723,7.736
1708876800000,7.736,7.841,7.702,7.839
1708891200000,7.839,7.948,7.772,7.927
1708905600000,7.927,7.935,7.801,7.857
1708920000000,7.857,7.901,7.746,7.757
1708934400000,7.757,7.769,7.605,7.649
1708948800000,7.649,7.9,7.591,7.867
1708963200000,7.867,8.099,7.862,8.083
1708977600000,8.083,8.127,8.018,8.116
1708992000000,8.116,8.19,8.036,8.055
1709006400000,8.055,8.179,8.043,8.047
1709020800000,8.047,8.175,8.043,8.108
1709035200000,8.108,8.256,8.007,8.048
1709049600000,8.048,8.235,8.002,8.224
1709064000000,8.224,8.455,8.187,8.376
1709078400000,8.376,8.45,8.258,8.262
1709092800000,8.262,8.375,8.214,8.37
1709107200000,8.37,8.613,8.331,8.416
1709121600000,8.416,8.639,8.365,8.427
1709136000000,8.427,8.738,7.65,8.132
1709150400000,8.132,8.39,8.036,8.353
1709164800000,8.353,8.518,8.271,8.44
1709179200000,8.44,8.679,8.412,8.649
1709193600000,8.649,8.918,8.618,8.738
1709208000000,8.738,8.889,8.631,8.831
1709222400000,8.831,8.878,8.445,8.58
1709236800000,8.58,8.608,8.031,8.267
1709251200000,8.267,8.437,8.267,8.364
1709265600000,8.364,8.46,8.346,8.359
1709280000000,8.359,8.488,8.316,8.434
1709294400000,8.434,8.537,8.291,8.307
1709308800000,8.307,8.46,8.279,8.382
1709323200000,8.382,8.686,8.376,8.672
1709337600000,8.672,8.996,8.577,8.965
1709352000000,8.965,9.069,8.805,8.937
1709366400000,8.937,9.052,8.822,8.972
1709380800000,8.972,9.215,8.96,9.025
1709395200000,9.025,9.319,9.025,9.241
1709409600000,9.241,9.483,9.113,9.482
1709424000000,9.482,9.489,9.229,9.382
1709438400000,9.382,9.415,8.51,8.947
1709452800000,8.947,9.194,8.855,9.188
1709467200000,9.188,9.341,9.143,9.311
1709481600000,9.311,9.922,9.244,9.683
1709496000000,9.683,9.921,9.666,9.792
1709510400000,9.792,10.004,9.563,9.71
1709524800000,9.71,9.932,9.644,9.802
1709539200000,9.802,10.194,9.79,9.985
1709553600000,9.985,10.326,9.811,10.172
1709568000000,10.172,10.188,9.632,9.95
1709582400000,9.95,10.095,9.776,9.882
1709596800000,9.882,10.004,9.764,9.82
1709611200000,9.82,10.704,9.667,10.547
1709625600000,10.547,10.796,10.474,10.488
1709640000000,10.488,10.595,10.125,10.305
1709654400000,10.305,10.379,8.0,8.907
1709668800000,8.907,9.387,8.678,9.321
1709683200000,9.321,9.385,8.925,9.106
1709697600000,9.106,10.307,9.105,10.266
1709712000000,10.266,10.294,9.872,10.145
1709726400000,10.145,10.159,9.692,9.993
1709740800000,9.993,10.47,9.982,10.239
1709755200000,10.239,10.572,10.19,10.556
1709769600000,10.556,11.011,10.454,10.509
1709784000000,10.509,10.593,10.226,10.424
1709798400000,10.424,10.555,10.357,10.469
1709812800000,10.469,10.534,10.244,10.431
1709827200000,10.431,10.506,10.31,10.445
1709841600000,10.445,10.521,10.355,10.415
1709856000000,10.415,10.679,10.343,10.424
1709870400000,10.424,10.466,10.27,10.338
1709884800000,10.338,10.497,10.291,10.448
1709899200000,10.448,10.578,10.032,10.227
1709913600000,10.227,10.691,9.947,10.505
1709928000000,10.505,10.716,10.415,10.65
1709942400000,10.65,10.816,10.536,10.653
1709956800000,10.653,10.788,10.604,10.714
1709971200000,10.714,10.977,10.603,10.91
1709985600000,10.91,10.948,10.632,10.77
1710000000000,10.77,10.791,10.442,10.453
1710014400000,10.453,10.538,10.422,10.508
1710028800000,10.508,10.589,10.44,10.467
1710043200000,10.467,10.576,10.428,10.555
1710057600000,10.555,10.579,10.275,10.425
1710072000000,10.425,10.454,10.034,10.183
1710086400000,10.183,10.335,10.176,10.295
1710100800000,10.295,10.312,9.958,10.269
1710115200000,10.269,10.389,9.762,10.365
1710129600000,10.365,10.573,10.234,10.55
1710144000000,10.55,11.026,10.548,10.74
1710158400000,10.74,10.99,10.681,10.87
1710172800000,10.87,11.261,10.721,11.046
1710187200000,11.046,11.233,11.036,11.064
1710201600000,11.064,11.163,10.851,10.881
1710216000000,10.881,10.986,10.67,10.737
1710230400000,10.737,10.756,10.429,10.632
1710244800000,10.632,10.857,10.439,10.675
1710259200000,10.675,10.816,10.062,10.791
1710273600000,10.791,10.793,10.523,10.759
1710288000000,10.759,10.969,10.653,10.938
1710302400000,10.938,11.097,10.841,11.024
1710316800000,11.024,11.337,11.014,11.029
1710331200000,11.029,11.121,10.656,10.828
1710345600000,10.828,11.071,10.767,11.041
1710360000000,11.041,11.403,10.906,11.385
1710374400000,11.385,11.41,11.088,11.191
1710388800000,11.191,11.427,10.98,11.35
1710403200000,11.35,11.909,11.247,11.718
1710417600000,11.718,11.792,11.014,11.175
1710432000000,11.175,11.658,10.684,10.981
1710446400000,10.981,11.613,10.962,11.574
1710460800000,11.574,11.727,10.358,10.787
1710475200000,10.787,10.935,10.464,10.804
1710489600000,10.804,10.826,9.974,10.398
1710504000000,10.398,10.6,10.31,10.426
1710518400000,10.426,11.04,10.242,10.682
1710532800000,10.682,10.883,10.405,10.824
1710547200000,10.824,10.913,10.622,10.697
1710561600000,10.697,10.747,10.421,10.677
1710576000000,10.677,10.682,10.269,10.354
1710590400000,10.354,10.388,10.071,10.294
1710604800000,10.294,10.296,9.724,9.854
1710619200000,9.854,10.007,9.504,9.692
1710633600000,9.692,9.867,9.523,9.856
1710648000000,9.856,9.859,9.201,9.473
1710662400000,9.473,9.944,9.434,9.849
1710676800000,9.849,10.095,9.669,10.051
1710691200000,10.051,10.247,9.951,10.236
1710705600000,10.236,10.258,10.016,10.091
1710720000000,10.091,10.094,9.727,10.011
1710734400000,10.011,10.399,9.91,10.37
1710748800000,10.37,10.46,10.131,10.203
1710763200000,10.203,10.217,9.708,9.891
1710777600000,9.891,10.022,9.605,9.749
1710792000000,9.749,10.045,9.748,9.912
1710806400000,9.912,10.005,9.236,9.418
1710820800000,9.418,9.461,8.88,9.204
1710835200000,9.204,9.208,8.702,9.131
1710849600000,9.131,9.246,8.952,9.212
1710864000000,9.212,9.276,9.075,9.198
1710878400000,9.198,9.223,8.606,8.774
1710892800000,8.774,8.997,8.701,8.726
1710907200000,8.726,9.144,8.489,9.09
1710921600000,9.09,9.295,9.033,9.283
1710936000000,9.283,9.367,8.876,8.931
1710950400000,8.931,9.323,8.56,9.286
1710964800000,9.286,9.572,9.242,9.487
1710979200000,9.487,9.587,9.388,9.439
1710993600000,9.439,9.503,9.205,9.342
1711008000000,9.342,9.476,9.31,9.4
1711022400000,9.4,9.471,9.233,9.317
1711036800000,9.317,9.538,9.072,9.229
1711051200000,9.229,9.354,9.107,9.19
1711065600000,9.19,9.263,9.025,9.249
1711080000000,9.249,9.377,9.206,9.3
1711094400000,9.3,9.367,9.027,9.066
1711108800000,9.066,9.127,8.721,8.899
1711123200000,8.899,8.988,8.809,8.9
1711137600000,8.9,8.946,8.696,8.945
1711152000000,8.945,9.108,8.857,8.971
1711166400000,8.971,9.114,8.955,9.064
1711180800000,9.064,9.123,9.004,9.11
1711195200000,9.11,9.231,9.067,9.173
1711209600000,9.173,9.202,9.115,9.137
1711224000000,9.137,9.157,8.964,8.973
1711238400000,8.973,9.146,8.965,9.008
1711252800000,9.008,9.145,8.959,9.102
1711267200000,9.102,9.237,9.087,9.205
1711281600000,9.205,9.278,9.179,9.224
1711296000000,9.224,9.3,9.065,9.263
1711310400000,9.263,9.441,9.244,9.378
1711324800000,9.378,9.489,9.29,9.471
1711339200000,9.471,9.527,9.336,9.357
1711353600000,9.357,9.559,9.349,9.443
1711368000000,9.443,9.766,9.4,9.734
1711382400000,9.734,9.844,9.676,9.802
1711396800000,9.802,9.839,9.646,9.745
1711411200000,9.745,9.941,9.717,9.925
1711425600000,9.925,10.071,9.896,9.916
1711440000000,9.916,10.053,9.863,9.933
1711454400000,9.933,9.961,9.607,9.813
1711468800000,9.813,9.873,9.538,9.562
1711483200000,9.562,9.753,9.562,9.692
1711497600000,9.692,9.808,9.656,9.711
1711512000000,9.711,9.749,9.451,9.53
1711526400000,9.53,9.628,9.326,9.615
1711540800000,9.615,9.826,9.314,9.392
1711555200000,9.392,9.574,9.317,9.423
1711569600000,9.423,9.508,9.406,9.456
1711584000000,9.456,9.525,9.306,9.373
1711598400000,9.373,9.623,9.363,9.622
1711612800000,9.622,9.674,9.522,9.585
1711627200000,9.585,9.624,9.426,9.602
1711641600000,9.602,9.627,9.447,9.5
1711656000000,9.5,9.593,9.45,9.535
1711670400000,9.535,9.56,9.368,9.438
1711684800000,9.438,9.62,9.348,9.381
1711699200000,9.381,9.576,9.372,9.566
1711713600000,9.566,9.822,9.513,9.592
1711728000000,9.592,9.707,9.489,9.531
1711742400000,9.531,9.629,9.398,9.613
1711756800000,9.613,9.707,9.566,9.591
1711771200000,9.591,9.708,9.52,9.527
1711785600000,9.527,9.624,9.48,9.61
1711800000000,9.61,9.624,9.498,9.531
1711814400000,9.531,9.572,9.426,9.507
1711828800000,9.507,9.538,9.393,9.438
1711843200000,9.438,9.53,9.424,9.469
1711857600000,9.469,9.595,9.455,9.585
1711872000000,9.585,9.614,9.549,9.572
1711886400000,9.572,9.613,9.554,9.583
1711900800000,9.583,9.621,9.517,9.594
1711915200000,9.594,9.662,9.547,9.66
1711929600000,9.66,9.713,9.608,9.678
1711944000000,9.678,9.757,9.05,9.348
1711958400000,9.348,9.351,9.186,9.196
1711972800000,9.196,9.353,8.945,9.012
1711987200000,9.012,9.174,8.927,9.168
1712001600000,9.168,9.202,9.121,9.154
1712016000000,9.154,9.155,8.577,8.754
1712030400000,8.754,8.866,8.645,8.747
1712044800000,8.747,8.777,8.387,8.522
1712059200000,8.522,8.62,8.378,8.465
1712073600000,8.465,8.679,8.427,8.604
1712088000000,8.604,8.669,8.544,8.586
1712102400000,8.586,8.704,8.342,8.649
1712116800000,8.649,8.771,8.606,8.702
1712131200000,8.702,8.786,8.622,8.687
1712145600000,8.687,8.766,8.535,8.547
1712160000000,8.547,8.616,8.383,8.413
1712174400000,8.413,8.474,8.289,8.425
1712188800000,8.425,8.558,8.335,8.347
1712203200000,8.347,8.521,8.268,8.46
1712217600000,8.46,8.538,8.453,8.474
1712232000000,8.474,8.674,8.464,8.619
1712246400000,8.619,8.718,8.511,8.523
1712260800000,8.523,8.53,8.369,8.494
1712275200000,8.494,8.518,8.282,8.43
1712289600000,8.43,8.431,8.202,8.284
1712304000000,8.284,8.415,8.122,8.134
1712318400000,8.134,8.414,8.075,8.408
1712332800000,8.408,8.445,8.328,8.382
1712347200000,8.382,8.451,8.361,8.385
1712361600000,8.385,8.461,8.341,8.455
1712376000000,8.455,8.485,8.412,8.434
1712390400000,8.434,8.506,8.401,8.404
1712404800000,8.404,8.448,8.335,8.435
1712419200000,8.435,8.491,8.396,8.416
1712433600000,8.416,8.564,8.403,8.503
1712448000000,8.503,8.666,8.463,8.646
1712462400000,8.646,8.675,8.604,8.62
1712476800000,8.62,8.683,8.59,8.673
1712491200000,8.673,8.748,8.641,8.653
1712505600000,8.653,8.746,8.536,8.561
1712520000000,8.561,8.723,8.555,8.712
1712534400000,8.712,8.721,8.575,8.629
1712548800000,8.629,8.844,8.584,8.786
1712563200000,8.786,9.016,8.773,8.985
1712577600000,8.985,9.101,8.946,9.03
1712592000000,9.03,9.104,8.959,9.006
1712606400000,9.006,9.098,8.99,9.054
1712620800000,9.054,9.12,8.935,8.983
1712635200000,8.983,9.09,8.802,8.856
1712649600000,8.856,9.022,8.72,9.007
1712664000000,9.007,9.11,8.645,8.878
1712678400000,8.878,8.944,8.755,8.845
1712692800000,8.845,8.864,8.635,8.666
1712707200000,8.666,8.708,8.41,8.572
1712721600000,8.572,8.627,8.509,8.538
1712736000000,8.538,8.546,8.354,8.432
1712750400000,8.432,8.448,8.117,8.318
1712764800000,8.318,8.444,8.242,8.374
1712779200000,8.374,8.49,8.356,8.417
1712793600000,8.417,8.469,8.346,8.435
1712808000000,8.435,8.538,8.348,8.469
1712822400000,8.469,8.532,8.247,8.262
1712836800000,8.262,8.368,8.19,8.294
1712851200000,8.294,8.33,8.198,8.285
1712865600000,8.285,8.396,8.252,8.389
1712880000000,8.389,8.502,8.378,8.461
1712894400000,8.461,8.493,8.373,8.399
1712908800000,8.399,8.468,8.332,8.435
1712923200000,8.435,8.467,8.121,8.137
1712937600000,8.137,8.162,6.358,6.92
1712952000000,6.92,7.272,6.879,7.235
1712966400000,7.235,7.302,6.958,7.141
1712980800000,7.141,7.327,7.096,7.241
1712995200000,7.241,7.329,7.14,7.215
1713009600000,7.215,7.27,7.062,7.104
1713024000000,7.104,7.128,6.126,6.397
1713038400000,6.397,6.53,5.624,6.387
1713052800000,6.387,6.421,6.187,6.384
1713067200000,6.384,6.778,6.342,6.771
1713081600000,6.771,6.818,6.567,6.604
1713096000000,6.604,6.713,6.436,6.558
1713110400000,6.558,6.736,6.355,6.603
1713124800000,6.603,6.922,6.485,6.847
1713139200000,6.847,6.848,6.659,6.738
1713153600000,6.738,7.159,6.663,7.113
1713168000000,7.113,7.204,7.048,7.067
1713182400000,7.067,7.162,6.738,6.874
1713196800000,6.874,6.917,6.429,6.704
1713211200000,6.704,6.763,6.573,6.704
1713225600000,6.704,6.751,6.546,6.592
1713240000000,6.592,6.816,6.42,6.758
1713254400000,6.758,6.796,6.468,6.692
1713268800000,6.692,6.692,6.369,6.408
1713283200000,6.408,6.67,6.367,6.593
1713297600000,6.593,6.753,6.583,6.696
1713312000000,6.696,6.731,6.614,6.686
1713326400000,6.686,6.779,6.593,6.642
1713340800000,6.642,6.674,6.528,6.533
1713355200000,6.533,6.61,6.349,6.391
1713369600000,6.391,6.733,6.315,6.619
1713384000000,6.619,6.703,6.531,6.574
1713398400000,6.574,6.718,6.442,6.666
1713412800000,6.666,6.702,6.472,6.521
1713427200000,6.521,6.746,6.467,6.685
1713441600000,6.685,6.79,6.564,6.744
1713456000000,6.744,6.791,6.606,6.753
1713470400000,6.753,6.824,6.721,6.777
1713484800000,6.777,6.78,6.267,6.5
1713499200000,6.5,6.857,6.478,6.713
1713513600000,6.713,6.914,6.677,6.827
1713528000000,6.827,6.835,6.696,6.801
1713542400000,6.801,6.824,6.707,6.79
1713556800000,6.79,6.797,6.573,6.676
1713571200000,6.676,6.762,6.606,6.733
1713585600000,6.733,6.831,6.716,6.81
1713600000000,6.81,6.813,6.707,6.746
1713614400000,6.746,6.968,6.718,6.967
1713628800000,6.967,7.249,6.939,7.24
1713643200000,7.24,7.279,7.171,7.236
1713657600000,7.236,7.287,7.132,7.202
1713672000000,7.202,7.234,7.144,7.181
1713686400000,7.181,7.213,7.12,7.177
1713700800000,7.177,7.181,7.042,7.114
1713715200000,7.114,7.124,6.936,7.084
1713729600000,7.084,7.202,7.063,7.136
1713744000000,7.136,7.312,7.083,7.267
1713758400000,7.267,7.525,7.255,7.429
1713772800000,7.429,7.579,7.407,7.433
1713787200000,7.433,7.477,7.335,7.443
1713801600000,7.443,7.488,7.376,7.48
1713816000000,7.48,7.557,7.458,7.459
1713830400000,7.459,7.528,7.358,7.374
1713844800000,7.374,7.475,7.308,7.358
1713859200000,7.358,7.447,7.329,7.366
1713873600000,7.366,7.537,7.313,7.409
1713888000000,7.409,7.436,7.332,7.381
1713902400000,7.381,7.387,7.198,7.238
1713916800000,7.238,7.308,7.207,7.286
1713931200000,7.286,7.455,7.276,7.418
1713945600000,7.418,7.498,7.407,7.424
1713960000000,7.424,7.445,7.006,7.021
1713974400000,7.021,7.124,6.94,7.041
1713988800000,7.041,7.05,6.85,6.929
1714003200000,6.929,6.999,6.835,6.92
1714017600000,6.92,6.975,6.824,6.881
1714032000000,6.881,6.9,6.73,6.819
1714046400000,6.819,6.924,6.695,6.913
1714060800000,6.913,6.96,6.869,6.93
1714075200000,6.93,6.977,6.821,6.858
1714089600000,6.858,6.89,6.72,6.836
1714104000000,6.836,6.92,6.804,6.849
1714118400000,6.849,6.916,6.827,6.88
1714132800000,6.88,6.949,6.715,6.806
1714147200000,6.806,6.866,6.769,6.842
1714161600000,6.842,6.894,6.709,6.762
1714176000000,6.762,6.787,6.494,6.713
1714190400000,6.713,6.768,6.653,6.655
1714204800000,6.655,6.694,6.58,6.607
1714219200000,6.607,6.725,6.597,6.638
1714233600000,6.638,6.867,6.621,6.797
1714248000000,6.797,6.811,6.731,6.802
1714262400000,6.802,6.945,6.799,6.912
1714276800000,6.912,6.943,6.878,6.923
1714291200000,6.923,6.935,6.798,6.808
1714305600000,6.808,6.884,6.795,6.846
1714320000000,6.846,6.913,6.835,6.86
1714334400000,6.86,6.881,6.685,6.723
1714348800000,6.723,6.821,6.645,6.653
1714363200000,6.653,6.726,6.505,6.576
1714377600000,6.576,6.579,6.478,6.503
1714392000000,6.503,6.637,6.463,6.626
1714406400000,6.626,6.634,6.513,6.557
1714420800000,6.557,6.661,6.492,6.584
1714435200000,6.584,6.665,6.454,6.567
1714449600000,6.567,6.599,6.521,6.538
1714464000000,6.538,6.557,6.244,6.269
1714478400000,6.269,6.299,6.118,6.151
1714492800000,6.151,6.175,6.033,6.105
1714507200000,6.105,6.491,6.105,6.42
1714521600000,6.42,6.466,6.333,6.451
1714536000000,6.451,6.557,6.268,6.291
1714550400000,6.291,6.514,6.126,6.494
1714564800000,6.494,6.639,6.469,6.488
1714579200000,6.488,6.926,6.431,6.72
1714593600000,6.72,6.929,6.687,6.891
1714608000000,6.891,6.948,6.688,6.861
1714622400000,6.861,6.938,6.827,6.869
1714636800000,6.869,7.095,6.853,7.042
1714651200000,7.042,7.056,6.885,6.997
1714665600000,6.997,7.378,6.972,7.253
1714680000000,7.253,7.41,7.246,7.273
1714694400000,7.273,7.322,7.188,7.208
1714708800000,7.208,7.253,7.035,7.048
1714723200000,7.048,7.092,7.001,7.061
1714737600000,7.061,7.277,7.024,7.25
1714752000000,7.25,7.315,7.209,7.274
1714766400000,7.274,7.382,7.235,7.242
1714780800000,7.242,7.248,7.14,7.155
1714795200000,7.155,7.198,7.132,7.134
1714809600000,7.134,7.238,7.104,7.133
1714824000000,7.133,7.219,7.118,7.185
1714838400000,7.185,7.196,7.141,7.187
1714852800000,7.187,7.209,7.11,7.121
1714867200000,7.121,7.145,7.035,7.089
1714881600000,7.089,7.102,7.022,7.073
1714896000000,7.073,7.139,7.038,7.07
1714910400000,7.07,7.249,6.999,7.24
1714924800000,7.24,7.324,7.193,7.276
1714939200000,7.276,7.404,7.27,7.301
1714953600000,7.301,7.332,7.219,7.245
1714968000000,7.245,7.396,7.235,7.387
1714982400000,7.387,7.473,7.228,7.29
1714996800000,7.29,7.307,7.048,7.174
1715011200000,7.174,7.242,7.113,7.188
1715025600000,7.188,7.223,7.113,7.115
1715040000000,7.115,7.195,7.016,7.086
1715054400000,7.086,7.182,7.07,7.165
1715068800000,7.165,7.291,7.129,7.132
1715083200000,7.132,7.274,7.125,7.191
1715097600000,7.191,7.225,7.091,7.12
1715112000000,7.12,7.157,6.971,6.987
1715126400000,6.987,7.106,6.912,7.086
1715140800000,7.086,7.092,6.981,7.008
1715155200000,7.008,7.126,6.925,6.946
1715169600000,6.946,7.183,6.88,7.15
1715184000000,7.15,7.166,7.003,7.049
1715198400000,7.049,7.091,6.924,6.979
1715212800000,6.979,7.062,6.967,7.042
1715227200000,7.042,7.065,6.895,6.918
1715241600000,6.918,6.937,6.777,6.837
1715256000000,6.837,6.977,6.822,6.956
1715270400000,6.956,7.037,6.94,7.033
1715284800000,7.033,7.086,6.997,7.046
1715299200000,7.046,7.113,6.994,7.106
1715313600000,7.106,7.145,7.045,7.119
1715328000000,7.119,7.132,7.06,7.128
1715342400000,7.128,7.129,6.8,6.859
1715356800000,6.859,6.878,6.743,6.807
1715371200000,6.807,6.832,6.673,6.742
1715385600000,6.742,6.805,6.711,6.725
1715400000000,6.725,6.792,6.703,6.762
1715414400000,6.762,6.772,6.627,6.673
1715428800000,6.673,6.786,6.673,6.726
1715443200000,6.726,6.738,6.687,6.721
1715457600000,6.721,6.722,6.648,6.659
1715472000000,6.659,6.712,6.646,6.697
1715486400000,6.697,6.721,6.634,6.646
1715500800000,6.646,6.746,6.641,6.731
1715515200000,6.731,6.761,6.719,6.75
1715529600000,6.75,6.788,6.662,6.679
1715544000000,6.679,6.684,6.576,6.613
1715558400000,6.613,6.685,6.426,6.508
1715572800000,6.508,6.697,6.441,6.689
1715587200000,6.689,6.783,6.677,6.726
1715601600000,6.726,6.775,6.669,6.755
1715616000000,6.755,6.822,6.635,6.702
1715630400000,6.702,6.707,6.646,6.668
1715644800000,6.668,6.693,6.6,6.641
1715659200000,6.641,6.667,6.486,6.607
1715673600000,6.607,6.66,6.578,6.648
1715688000000,6.648,6.688,6.528,6.642
1715702400000,6.642,6.647,6.493,6.548
1715716800000,6.548,6.574,6.465,6.481
1715731200000,6.481,6.538,6.455,6.518
1715745600000,6.518,6.53,6.462,6.52
1715760000000,6.52,6.674,6.486,6.548
1715774400000,6.548,6.935,6.516,6.86
1715788800000,6.86,7.005,6.832,7.003
1715803200000,7.003,7.032,6.914,6.953
1715817600000,6.953,7.014,6.919,6.974
1715832000000,6.974,6.987,6.936,6.954
1715846400000,6.954,6.966,6.875,6.905
1715860800000,6.905,6.961,6.806,6.924
1715875200000,6.924,6.997,6.884,6.953
1715889600000,6.953,7.064,6.887,7.025
1715904000000,7.025,7.086,6.997,7.0
1715918400000,7.0,7.299,7.0,7.271
1715932800000,7.271,7.287,7.187,7.198
1715947200000,7.198,7.258,7.135,7.231
1715961600000,7.231,7.268,7.174,7.197
1715976000000,7.197,7.226,7.173,7.192
1715990400000,7.192,7.228,7.149,7.205
1716004800000,7.205,7.216,7.153,7.196
1716019200000,7.196,7.228,7.169,7.182
1716033600000,7.182,7.185,7.06,7.133
1716048000000,7.133,7.186,7.119,7.172
1716062400000,7.172,7.182,7.116,7.155
1716076800000,7.155,7.181,7.12,7.151
1716091200000,7.151,7.155,7.072,7.106
1716105600000,7.106,7.124,7.033,7.102
1716120000000,7.102,7.102,6.96,7.028
1716134400000,7.028,7.034,6.911,6.931
1716148800000,6.931,6.966,6.884,6.93
1716163200000,6.93,6.972,6.851,6.944
1716177600000,6.944,7.067,6.874,6.997
1716192000000,6.997,7.064,6.994,7.008
1716206400000,7.008,7.05,6.951,7.044
1716220800000,7.044,7.451,7.031,7.407
1716235200000,7.407,7.586,7.32,7.574
1716249600000,7.574,7.664,7.463,7.49
1716264000000,7.49,7.555,7.432,7.545
1716278400000,7.545,7.601,7.518,7.586
1716292800000,7.586,7.673,7.496,7.528
1716307200000,7.528,7.66,7.484,7.536
1716321600000,7.536,7.634,7.533,7.613
1716336000000,7.613,7.703,7.571,7.612
1716350400000,7.612,7.664,7.459,7.64
1716364800000,7.64,7.684,7.539,7.568
1716379200000,7.568,7.662,7.424,7.612
1716393600000,7.612,7.635,7.437,7.45
1716408000000,7.45,7.514,7.383,7.471
1716422400000,7.471,7.596,7.469,7.589
1716436800000,7.589,7.608,7.519,7.591
1716451200000,7.591,7.593,7.414,7.515
1716465600000,7.515,7.549,7.161,7.214
1716480000000,7.214,7.217,7.013,7.131
1716494400000,7.131,7.258,6.876,7.203
1716508800000,7.203,7.316,7.182,7.261
1716523200000,7.261,7.278,7.016,7.111
1716537600000,7.111,7.227,7.03,7.223
1716552000000,7.223,7.391,7.204,7.266
1716566400000,7.266,7.321,7.187,7.27
1716580800000,7.27,7.296,7.218,7.248
1716595200000,7.248,7.316,7.223,7.31
1716609600000,7.31,7.336,7.267,7.3
1716624000000,7.3,7.347,7.272,7.307
1716638400000,7.307,7.355,7.263,7.335
1716652800000,7.335,7.405,7.333,7.365
1716667200000,7.365,7.435,7.334,7.421
1716681600000,7.421,7.518,7.409,7.474
1716696000000,7.474,7.474,7.386,7.437
1716710400000,7.437,7.49,7.365,7.445
1716724800000,7.445,7.64,7.419,7.583
1716739200000,7.583,7.631,7.492,7.549
1716753600000,7.549,7.594,7.468,7.556
1716768000000,7.556,7.578,7.48,7.495
1716782400000,7.495,7.505,7.38,7.413
1716796800000,7.413,7.494,7.413,7.486
1716811200000,7.486,7.742,7.461,7.731
1716825600000,7.731,7.781,7.504,7.558
1716840000000,7.558,7.687,7.547,7.64
1716854400000,7.64,7.669,7.483,7.541
1716868800000,7.541,7.546,7.319,7.337
1716883200000,7.337,7.49,7.324,7.401
1716897600000,7.401,7.42,7.28,7.394
1716912000000,7.394,7.445,7.307,7.438
1716926400000,7.438,7.495,7.345,7.373
1716940800000,7.373,7.413,7.308,7.393
1716955200000,7.393,7.571,7.386,7.412
1716969600000,7.412,7.492,7.322,7.378
1716984000000,7.378,7.418,7.215,7.232
1716998400000,7.232,7.281,7.18,7.187
1717012800000,7.187,7.218,7.138,7.18
1717027200000,7.18,7.246,7.148,7.23
1717041600000,7.23,7.238,6.945,6.978
1717056000000,6.978,7.089,6.926,7.053
1717070400000,7.053,7.122,7.031,7.076
1717084800000,7.076,7.144,7.025,7.057
1717099200000,7.057,7.058,6.969,7.0
1717113600000,7.0,7.021,6.956,7.008
1717128000000,7.008,7.029,6.915,6.996
1717142400000,6.996,7.028,6.966,6.999
1717156800000,6.999,7.06,6.86,6.866
1717171200000,6.866,7.011,6.806,6.994
1717185600000,6.994,7.022,6.957,6.988
1717200000000,6.988,7.009,6.961,7.0
1717214400000,7.0,7.05,6.997,7.017
1717228800000,7.017,7.088,7.009,7.071
1717243200000,7.071,7.138,7.068,7.094
1717257600000,7.094,7.107,7.064,7.08
1717272000000,7.08,7.115,7.053,7.067
1717286400000,7.067,7.098,7.058,7.086
1717300800000,7.086,7.124,7.041,7.044
1717315200000,7.044,7.1,6.99,7.094
1717329600000,7.094,7.131,7.052,7.089
1717344000000,7.089,7.106,6.922,7.01
1717358400000,7.01,7.039,6.958,6.993
1717372800000,6.993,7.11,6.936,7.078
1717387200000,7.078,7.18,7.032,7.137
1717401600000,7.137,7.184,7.093,7.124
1717416000000,7.124,7.192,7.024,7.14
1717430400000,7.14,7.146,7.059,7.11
1717444800000,7.11,7.12,7.003,7.012
1717459200000,7.012,7.04,6.964,7.034
1717473600000,7.034,7.037,6.984,7.009
1717488000000,7.009,7.034,6.946,7.013
1717502400000,7.013,7.215,6.986,7.173
1717516800000,7.173,7.227,7.137,7.198
1717531200000,7.198,7.24,7.171,7.187
1717545600000,7.187,7.247,7.181,7.219
1717560000000,7.219,7.304,7.184,7.267
1717574400000,7.267,7.267,7.176,7.215
1717588800000,7.215,7.241,7.154,7.235
1717603200000,7.235,7.3,7.21,7.275
1717617600000,7.275,7.292,7.221,7.257
1717632000000,7.257,7.283,7.213,7.214
1717646400000,7.214,7.229,7.155,7.182
1717660800000,7.182,7.23,7.165,7.226
1717675200000,7.226,7.293,7.184,7.256
1717689600000,7.256,7.271,7.121,7.129
1717704000000,7.129,7.159,7.054,7.152
1717718400000,7.152,7.156,7.076,7.104
1717732800000,7.104,7.199,7.099,7.16
1717747200000,7.16,7.282,7.133,7.272
1717761600000,7.272,7.299,7.087,7.222
1717776000000,7.222,7.229,6.003,6.589
1717790400000,6.589,6.668,6.568,6.655
1717804800000,6.655,6.683,6.61,6.625
1717819200000,6.625,6.636,6.597,6.622
1717833600000,6.622,6.623,6.42,6.441
1717848000000,6.441,6.476,6.356,6.463
1717862400000,6.463,6.485,6.379,6.392
1717876800000,6.392,6.408,6.333,6.383
1717891200000,6.383,6.438,6.373,6.425
1717905600000,6.425,6.443,6.374,6.419
1717920000000,6.419,6.5,6.411,6.459
1717934400000,6.459,6.497,6.42,6.469
1717948800000,6.469,6.528,6.46,6.526
1717963200000,6.526,6.533,6.489,6.524
1717977600000,6.524,6.544,6.438,6.461
1717992000000,6.461,6.474,6.354,6.363
1718006400000,6.363,6.529,6.36,6.487
1718020800000,6.487,6.58,6.414,6.549
1718035200000,6.549,6.567,6.494,6.513
1718049600000,6.513,6.54,6.468,6.505
1718064000000,6.505,6.526,6.321,6.439
1718078400000,6.439,6.461,6.292,6.364
1718092800000,6.364,6.418,6.336,6.354
1718107200000,6.354,6.377,6.211,6.296
1718121600000,6.296,6.455,6.239,6.421
1718136000000,6.421,6.424,6.337,6.371
1718150400000,6.371,6.424,6.269,6.402
1718164800000,6.402,6.434,6.377,6.403
1718179200000,6.403,6.444,6.361,6.376
1718193600000,6.376,6.705,6.375,6.7
1718208000000,6.7,6.924,6.592,6.699
1718222400000,6.699,6.812,6.671,6.735
1718236800000,6.735,6.741,6.471,6.542
1718251200000,6.542,6.596,6.495,6.527
1718265600000,6.527,6.536,6.444,6.469
1718280000000,6.469,6.564,6.358,6.379
1718294400000,6.379,6.494,6.318,6.458
1718308800000,6.458,6.464,6.332,6.356
1718323200000,6.356,6.414,6.291,6.35
1718337600000,6.35,6.469,6.35,6.436
1718352000000,6.436,6.488,6.397,6.402
1718366400000,6.402,6.41,6.189,6.217
1718380800000,6.217,6.226,5.965,6.109
1718395200000,6.109,6.203,6.073,6.161
1718409600000,6.161,6.175,6.104,6.163
1718424000000,6.163,6.258,6.149,6.216
1718438400000,6.216,6.237,6.188,6.202
1718452800000,6.202,6.246,6.181,6.223
1718467200000,6.223,6.24,6.168,6.192
1718481600000,6.192,6.232,6.152,6.219
1718496000000,6.219,6.234,6.164,6.181
1718510400000,6.181,6.244,6.143,6.208
1718524800000,6.208,6.222,6.161,6.211
1718539200000,6.211,6.348,6.197,6.34
1718553600000,6.34,6.376,6.307,6.361
1718568000000,6.361,6.421,6.344,6.392
1718582400000,6.392,6.414,6.292,6.306
1718596800000,6.306,6.344,6.198,6.27
1718611200000,6.27,6.281,6.105,6.202
1718625600000,6.202,6.226,6.087,6.103
1718640000000,6.103,6.306,5.98,6.245
1718654400000,6.245,6.245,6.056,6.067
1718668800000,6.067,6.084,5.4,5.759
1718683200000,5.759,5.858,5.731,5.855
1718697600000,5.855,5.945,5.811,5.862
1718712000000,5.862,5.877,5.676,5.797
1718726400000,5.797,5.797,5.583,5.677
1718740800000,5.677,5.792,5.641,5.769
1718755200000,5.769,5.89,5.727,5.851
1718769600000,5.851,5.977,5.842,5.96
1718784000000,5.96,5.991,5.876,5.9
1718798400000,5.9,5.937,5.783,5.806
1718812800000,5.806,5.908,5.774,5.825
1718827200000,5.825,5.868,5.774,5.794
1718841600000,5.794,5.913,5.763,5.815
1718856000000,5.815,5.971,5.78,5.936
1718870400000,5.936,5.972,5.854,5.888
1718884800000,5.888,5.895,5.639,5.65
1718899200000,5.65,5.735,5.593,5.721
1718913600000,5.721,5.735,5.633,5.638
1718928000000,5.638,5.707,5.573,5.691
1718942400000,5.691,5.734,5.615,5.656
1718956800000,5.656,5.708,5.558,5.693
1718971200000,5.693,5.717,5.582,5.649
1718985600000,5.649,5.677,5.544,5.616
1719000000000,5.616,5.667,5.578,5.606
1719014400000,5.606,5.61,5.537,5.571
1719028800000,5.571,5.657,5.558,5.65
1719043200000,5.65,5.75,5.628,5.721
1719057600000,5.721,5.801,5.71,5.745
1719072000000,5.745,5.763,5.734,5.756
1719086400000,5.756,5.763,5.733,5.748
1719100800000,5.748,5.788,5.725,5.768
1719115200000,5.768,5.781,5.743,5.755
1719129600000,5.755,5.816,5.74,5.78
1719144000000,5.78,5.783,5.687,5.702
1719158400000,5.702,5.705,5.633,5.689
1719172800000,5.689,5.691,5.575,5.648
1719187200000,5.648,5.724,5.615,5.684
1719201600000,5.684,5.695,5.54,5.601
1719216000000,5.601,5.638,5.358,5.582
1719230400000,5.582,5.72,5.519,5.54
1719244800000,5.54,5.697,5.533,5.587
1719259200000,5.587,5.737,5.525,5.725
1719273600000,5.725,5.837,5.702,5.799
1719288000000,5.799,5.819,5.766,5.806
1719302400000,5.806,5.866,5.721,5.861
1719316800000,5.861,5.973,5.844,5.937
1719331200000,5.937,5.95,5.862,5.902
1719345600000,5.902,5.91,5.83,5.838
1719360000000,5.838,5.874,5.799,5.822
1719374400000,5.822,5.886,5.781,5.877
1719388800000,5.877,5.896,5.84,5.875
1719403200000,5.875,5.943,5.832,5.85
1719417600000,5.85,5.872,5.755,5.871
1719432000000,5.871,5.884,5.783,5.795
1719446400000,5.795,5.797,5.731,5.753
1719460800000,5.753,5.817,5.699,5.797
1719475200000,5.797,5.956,5.789,5.933
1719489600000,5.933,6.36,5.924,6.285
1719504000000,6.285,6.375,6.228,6.339
1719518400000,6.339,6.353,6.268,6.284
1719532800000,6.284,6.312,6.237,6.251
1719547200000,6.251,6.286,6.211,6.282
1719561600000,6.282,6.402,6.255,6.365
1719576000000,6.365,6.439,6.282,6.302
1719590400000,6.302,6.393,6.232,6.26
1719604800000,6.26,6.297,6.156,6.188
1719619200000,6.188,6.302,6.186,6.255
1719633600000,6.255,6.256,6.195,6.216
1719648000000,6.216,6.221,6.125,6.131
1719662400000,6.131,6.138,6.071,6.107
1719676800000,6.107,6.126,6.061,6.118
1719691200000,6.118,6.125,6.056,6.078
1719705600000,6.078,6.116,6.019,6.084
1719720000000,6.084,6.195,6.056,6.148
1719734400000,6.148,6.172,6.088,6.108
1719748800000,6.108,6.157,6.079,6.134
1719763200000,6.134,6.21,6.108,6.193
1719777600000,6.193,6.256,6.147,6.209
1719792000000,6.209,6.338,6.19,6.269
1719806400000,6.269,6.338,6.265,6.298
1719820800000,6.298,6.391,6.286,6.359
1719835200000,6.359,6.392,6.272,6.357
1719849600000,6.357,6.416,6.312,6.375
1719864000000,6.375,6.448,6.323,6.326
1719878400000,6.326,6.454,6.319,6.446
1719892800000,6.446,6.537,6.364,6.374
1719907200000,6.374,6.431,6.324,6.4
1719921600000,6.4,6.485,6.311,6.375
1719936000000,6.375,6.566,6.308,6.505
1719950400000,6.505,6.605,6.483,6.526
1719964800000,6.526,6.543,6.274,6.329
1719979200000,6.329,6.384,6.288,6.299
1719993600000,6.299,6.314,6.093,6.128
1720008000000,6.128,6.216,6.051,6.209
1720022400000,6.209,6.223,6.028,6.06
1720036800000,6.06,6.099,5.987,6.076
1720051200000,6.076,6.128,5.753,5.907
1720065600000,5.907,5.942,5.834,5.835
1720080000000,5.835,5.88,5.757,5.811
1720094400000,5.811,5.852,5.598,5.836
1720108800000,5.836,5.853,5.733,5.734
1720123200000,5.734,5.808,5.537,5.553
1720137600000,5.553,5.557,4.921,5.045
1720152000000,5.045,5.392,4.893,5.38
1720166400000,5.38,5.615,5.218,5.599
1720180800000,5.599,5.88,5.493,5.86
1720195200000,5.86,5.912,5.75,5.789
1720209600000,5.789,5.834,5.651,5.682
1720224000000,5.682,5.795,5.618,5.677
1720238400000,5.677,5.875,5.624,5.825
1720252800000,5.825,5.993,5.766,5.989
1720267200000,5.989,6.042,5.868,6.003
1720281600000,6.003,6.312,5.99,6.259
1720296000000,6.259,6.262,6.196,6.236
1720310400000,6.236,6.27,6.17,6.243
1720324800000,6.243,6.307,6.159,6.207
1720339200000,6.207,6.296,6.169,6.212
1720353600000,6.212,6.226,5.982,6.023
1720368000000,6.023,6.141,5.996,6.098
1720382400000,6.098,6.105,5.88,5.906
1720396800000,5.906,5.955,5.69,5.913
1720411200000,5.913,6.047,5.882,5.932
1720425600000,5.932,6.295,5.919,6.158
1720440000000,6.158,6.188,5.806,5.973
1720454400000,5.973,6.028,5.917,5.956
1720468800000,5.956,5.985,5.883,5.941
1720483200000,5.941,6.0,5.839,5.931
1720497600000,5.931,6.117,5.884,6.081
1720512000000,6.081,6.183,6.054,6.107
1720526400000,6.107,6.157,6.032,6.149
1720540800000,6.149,6.163,6.034,6.073
1720555200000,6.073,6.125,6.054,6.115
1720569600000,6.115,6.173,6.045,6.169
1720584000000,6.169,6.257,6.132,6.152
1720598400000,6.152,6.169,6.081,6.107
1720612800000,6.107,6.162,6.051,6.124
1720627200000,6.124,6.175,6.074,6.099
1720641600000,6.099,6.113,6.053,6.095
1720656000000,6.095,6.145,6.01,6.063
1720670400000,6.063,6.142,6.051,6.135
1720684800000,6.135,6.163,6.102,6.154
1720699200000,6.154,6.242,5.982,6.001
1720713600000,6.001,6.04,5.93,5.94
1720728000000,5.94,5.954,5.89,5.901
1720742400000,5.901,5.937,5.827,5.889
1720756800000,5.889,5.916,5.833,5.86
1720771200000,5.86,5.872,5.797,5.826
1720785600000,5.826,6.009,5.817,5.997
1720800000000,5.997,6.098,5.971,5.996
1720814400000,5.996,6.099,5.951,6.096
1720828800000,6.096,6.129,6.07,6.124
1720843200000,6.124,6.276,6.117,6.259
1720857600000,6.259,6.285,6.194,6.22
1720872000000,6.22,6.274,6.171,6.267
1720886400000,6.267,6.303,6.232,6.298
1720900800000,6.298,6.299,6.185,6.229
1720915200000,6.229,6.265,6.155,6.184
1720929600000,6.184,6.247,6.169,6.223
1720944000000,6.223,6.316,6.222,6.236
1720958400000,6.236,6.286,6.177,6.286
1720972800000,6.286,6.287,6.209,6.228
1720987200000,6.228,6.353,6.224,6.315
1721001600000,6.315,6.515,6.303,6.508
1721016000000,6.508,6.535,6.452,6.496
1721030400000,6.496,6.512,6.306,6.316
1721044800000,6.316,6.386,6.291,6.319
1721059200000,6.319,6.424,6.296,6.389
1721073600000,6.389,6.508,6.383,6.483
1721088000000,6.483,6.511,6.423,6.474
1721102400000,6.474,6.483,6.186,6.208
1721116800000,6.208,6.287,6.119,6.272
1721131200000,6.272,6.479,6.22,6.457
1721145600000,6.457,6.477,6.348,6.379
1721160000000,6.379,6.393,6.286,6.331
1721174400000,6.331,6.478,6.327,6.414
1721188800000,6.414,6.498,6.411,6.465
1721203200000,6.465,6.505,6.388,6.432
1721217600000,6.432,6.531,6.37,6.376
1721232000000,6.376,6.396,6.27,6.366
1721246400000,6.366,6.383,6.242,6.252
1721260800000,6.252,6.403,6.247,6.361
1721275200000,6.361,6.391,6.265,6.269
1721289600000,6.269,6.283,6.121,6.19
1721304000000,6.19,6.272,6.072,6.079
1721318400000,6.079,6.14,6.011,6.084
1721332800000,6.084,6.124,6.049,6.088
1721347200000,6.088,6.132,5.978,6.127
1721361600000,6.127,6.237,6.054,6.086
1721376000000,6.086,6.138,6.046,6.119
1721390400000,6.119,6.254,6.102,6.24
1721404800000,6.24,6.32,6.238,6.319
1721419200000,6.319,6.348,6.304,6.335
1721433600000,6.335,6.358,6.284,6.324
1721448000000,6.324,6.363,6.31,6.318
1721462400000,6.318,6.34,6.255,6.259
1721476800000,6.259,6.339,6.218,6.325
1721491200000,6.325,6.393,6.304,6.325
1721505600000,6.325,6.347,6.302,6.328
1721520000000,6.328,6.372,6.321,6.338
1721534400000,6.338,6.348,6.227,6.253
1721548800000,6.253,6.301,6.25,6.266
1721563200000,6.266,6.33,6.206,6.285
1721577600000,6.285,6.336,6.095,6.262
1721592000000,6.262,6.443,6.255,6.429
1721606400000,6.429,6.473,6.36,6.367
1721620800000,6.367,6.371,6.213,6.247
1721635200000,6.247,6.32,6.204,6.312
1721649600000,6.312,6.351,6.187,6.218
1721664000000,6.218,6.23,6.156,6.227
1721678400000,6.227,6.236,6.075,6.092
1721692800000,6.092,6.16,6.078,6.118
1721707200000,6.118,6.13,5.975,5.997
1721721600000,5.997,6.136,5.989,6.049
1721736000000,6.049,6.057,5.932,5.942
1721750400000,5.942,5.945,5.796,5.931
1721764800000,5.931,5.955,5.893,5.915
1721779200000,5.915,5.95,5.873,5.941
1721793600000,5.941,5.967,5.889,5.96
1721808000000,5.96,5.995,5.942,5.986
1721822400000,5.986,5.992,5.887,5.894
1721836800000,5.894,5.927,5.819,5.826
1721851200000,5.826,5.847,5.643,5.742
1721865600000,5.742,5.773,5.555,5.631
1721880000000,5.631,5.71,5.608,5.696
1721894400000,5.696,5.764,5.672,5.712
1721908800000,5.712,5.747,5.629,5.67
1721923200000,5.67,5.756,5.589,5.64
1721937600000,5.64,5.757,5.536,5.754
1721952000000,5.754,5.833,5.723,5.795
1721966400000,5.795,5.87,5.785,5.861
1721980800000,5.861,5.888,5.821,5.822
1721995200000,5.822,5.868,5.766,5.814
1722009600000,5.814,5.868,5.803,5.85
1722024000000,5.85,5.869,5.822,5.863
1722038400000,5.863,5.865,5.81,5.824
1722052800000,5.824,5.899,5.821,5.873
1722067200000,5.873,5.887,5.842,5.873
1722081600000,5.873,5.939,5.789,5.832
1722096000000,5.832,5.863,5.765,5.834
1722110400000,5.834,5.889,5.709,5.821
1722124800000,5.821,5.84,5.765,5.785
1722139200000,5.785,5.786,5.682,5.749
1722153600000,5.749,5.77,5.726,5.736
1722168000000,5.736,5.761,5.695,5.705
1722182400000,5.705,5.752,5.668,5.744
1722196800000,5.744,5.752,5.678,5.716
1722211200000,5.716,5.865,5.715,5.821
1722225600000,5.821,5.864,5.804,5.856
1722240000000,5.856,5.873,5.812,5.814
1722254400000,5.814,5.846,5.676,5.717
1722268800000,5.717,5.731,5.65,5.7
1722283200000,5.7,5.708,5.618,5.646
1722297600000,5.646,5.712,5.602,5.686
1722312000000,5.686,5.721,5.652,5.697
1722326400000,5.697,5.702,5.658,5.684
1722340800000,5.684,5.706,5.619,5.643
1722355200000,5.643,5.668,5.506,5.557
1722369600000,5.557,5.568,5.479,5.517
1722384000000,5.517,5.53,5.467,5.511
1722398400000,5.511,5.552,5.451,5.522
1722412800000,5.522,5.548,5.509,5.539
1722427200000,5.539,5.559,5.454,5.458
1722441600000,5.458,5.519,5.386,5.436
1722456000000,5.436,5.436,5.331,5.385
1722470400000,5.385,5.421,5.348,5.361
1722484800000,5.361,5.377,5.258,5.356
1722499200000,5.356,5.377,5.334,5.367
1722513600000,5.367,5.384,5.128,5.159
1722528000000,5.159,5.211,5.021,5.198
1722542400000,5.198,5.364,5.168,5.336
1722556800000,5.336,5.365,5.225,5.279
1722571200000,5.279,5.286,5.147,5.236
1722585600000,5.236,5.276,5.183,5.233
1722600000000,5.233,5.284,4.993,5.122
1722614400000,5.122,5.134,5.061,5.106
1722628800000,5.106,5.149,5.044,5.119
1722643200000,5.119,5.15,4.994,5.133
1722657600000,5.133,5.206,5.117,5.178
1722672000000,5.178,5.182,5.139,5.159
1722686400000,5.159,5.203,5.043,5.053
1722700800000,5.053,5.07,4.852,4.882
1722715200000,4.882,5.063,4.864,5.042
1722729600000,5.042,5.094,5.018,5.067
1722744000000,5.067,5.079,4.949,4.953
1722758400000,4.953,4.998,4.898,4.901
1722772800000,4.901,4.906,4.713,4.717
1722787200000,4.717,4.785,4.531,4.765
1722801600000,4.765,4.826,4.67,4.686
1722816000000,4.686,4.723,3.911,4.009
1722830400000,4.009,4.046,3.579,4.011
1722844800000,4.011,4.015,3.716,3.884
1722859200000,3.884,4.245,3.777,4.232
1722873600000,4.232,4.285,4.068,4.119
1722888000000,4.119,4.279,4.113,4.194
1722902400000,4.194,4.417,4.187,4.338
1722916800000,4.338,4.451,4.322,4.43
1722931200000,4.43,4.434,4.305,4.339
1722945600000,4.339,4.486,4.263,4.484
1722960000000,4.484,4.597,4.467,4.544
1722974400000,4.544,4.581,4.475,4.505
1722988800000,4.505,4.629,4.472,4.54
1723003200000,4.54,4.591,4.527,4.567
1723017600000,4.567,4.621,4.532,4.537
1723032000000,4.537,4.636,4.399,4.509
1723046400000,4.509,4.607,4.466,4.575
1723060800000,4.575,4.612,4.484,4.574
1723075200000,4.574,4.82,4.474,4.729
1723089600000,4.729,4.776,4.701,4.715
1723104000000,4.715,4.741,4.607,4.61
1723118400000,4.61,4.769,4.572,4.746
1723132800000,4.746,4.785,4.716,4.757
1723147200000,4.757,4.901,4.738,4.876
1723161600000,4.876,4.92,4.819,4.825
1723176000000,4.825,4.827,4.757,4.812
1723190400000,4.812,4.833,4.742,4.781
1723204800000,4.781,4.838,4.726,4.757
1723219200000,4.757,4.837,4.747,4.795
1723233600000,4.795,4.811,4.743,4.78
1723248000000,4.78,4.828,4.728,4.741
1723262400000,4.741,4.772,4.727,4.767
1723276800000,4.767,4.779,4.723,4.762
1723291200000,4.762,4.774,4.73,4.743
1723305600000,4.743,4.759,4.719,4.745
1723320000000,4.745,4.777,4.74,4.748
1723334400000,4.748,4.812,4.742,4.779
1723348800000,4.779,4.785,4.748,4.784
1723363200000,4.784,4.826,4.697,4.713
1723377600000,4.713,4.72,4.596,4.618
1723392000000,4.618,4.642,4.559,4.56
1723406400000,4.56,4.562,4.462,4.492
1723420800000,4.492,4.556,4.491,4.522
1723435200000,4.522,4.552,4.447,4.537
1723449600000,4.537,4.655,4.498,4.643
1723464000000,4.643,4.678,4.458,4.638
1723478400000,4.638,4.656,4.494,4.533
1723492800000,4.533,4.604,4.486,4.583
1723507200000,4.583,4.613,4.505,4.515
1723521600000,4.515,4.539,4.492,4.498
1723536000000,4.498,4.514,4.394,4.446
1723550400000,4.446,4.523,4.437,4.503
1723564800000,4.503,4.605,4.499,4.552
1723579200000,4.552,4.566,4.527,4.543
1723593600000,4.543,4.55,4.492,4.521
1723608000000,4.521,4.531,4.481,4.508
1723622400000,4.508,4.547,4.491,4.504
1723636800000,4.504,4.554,4.371,4.439
1723651200000,4.439,4.439,4.346,4.378
1723665600000,4.378,4.404,4.355,4.382
1723680000000,4.382,4.407,4.361,4.392
1723694400000,4.392,4.418,4.362,4.397
1723708800000,4.397,4.424,4.372,4.419
1723723200000,4.419,4.479,4.413,4.451
1723737600000,4.451,4.468,4.249,4.273
1723752000000,4.273,4.303,4.224,4.275
1723766400000,4.275,4.313,4.24,4.278
1723780800000,4.278,4.384,4.272,4.367
1723795200000,4.367,4.373,4.301,4.308
1723809600000,4.308,4.33,4.209,4.251
1723824000000,4.251,4.34,4.234,4.33
1723838400000,4.33,4.355,4.28,4.289
1723852800000,4.289,4.319,4.269,4.287
1723867200000,4.287,4.318,4.275,4.309
1723881600000,4.309,4.325,4.29,4.304
1723896000000,4.304,4.356,4.297,4.322
1723910400000,4.322,4.364,4.318,4.357
1723924800000,4.357,4.382,4.343,4.368
1723939200000,4.368,4.398,4.348,4.355
1723953600000,4.355,4.382,4.342,4.371
1723968000000,4.371,4.428,4.35,4.427
1723982400000,4.427,4.463,4.395,4.426
1723996800000,4.426,4.52,4.371,4.5
1724011200000,4.5,4.512,4.381,4.387
1724025600000,4.387,4.423,4.341,4.405
1724040000000,4.405,4.425,4.371,4.408
1724054400000,4.408,4.427,4.352,4.422
1724068800000,4.422,4.5,4.417,4.445
1724083200000,4.445,4.489,4.393,4.477
1724097600000,4.477,4.491,4.448,4.477
1724112000000,4.477,4.6,4.466,4.571
1724126400000,4.571,4.587,4.551,4.575
1724140800000,4.575,4.579,4.517,4.526
1724155200000,4.526,4.568,4.451,4.496
1724169600000,4.496,4.557,4.471,4.551
1724184000000,4.551,4.573,4.513,4.521
1724198400000,4.521,4.57,4.492,4.557
1724212800000,4.557,4.613,4.557,4.585
1724227200000,4.585,4.593,4.527,4.535
1724241600000,4.535,4.596,4.49,4.548
1724256000000,4.548,4.724,4.531,4.722
1724270400000,4.722,4.744,4.642,4.66
1724284800000,4.66,4.674,4.592,4.652
1724299200000,4.652,4.676,4.644,4.666
1724313600000,4.666,4.694,4.641,4.688
1724328000000,4.688,4.71,4.62,4.634
1724342400000,4.634,4.651,4.605,4.611
1724356800000,4.611,4.702,4.611,4.688
1724371200000,4.688,4.763,4.681,4.714
1724385600000,4.714,4.761,4.702,4.751
1724400000000,4.751,4.78,4.7,4.716
1724414400000,4.716,4.821,4.679,4.786
1724428800000,4.786,4.891,4.766,4.86
1724443200000,4.86,4.95,4.858,4.89
1724457600000,4.89,4.915,4.85,4.861
1724472000000,4.861,4.878,4.843,4.871
1724486400000,4.871,4.98,4.866,4.922
1724500800000,4.922,4.974,4.906,4.956
1724515200000,4.956,5.098,4.95,5.061
1724529600000,5.061,5.067,4.908,4.981
1724544000000,4.981,4.992,4.839,4.896
1724558400000,4.896,4.902,4.745,4.77
1724572800000,4.77,4.831,4.741,4.797
1724587200000,4.797,4.894,4.79,4.862
1724601600000,4.862,4.895,4.806,4.822
1724616000000,4.822,4.905,4.806,4.815
1724630400000,4.815,4.862,4.753,4.813
1724644800000,4.813,4.824,4.716,4.718
1724659200000,4.718,4.765,4.691,4.717
1724673600000,4.717,4.725,4.621,4.654
1724688000000,4.654,4.673,4.535,4.554
1724702400000,4.554,4.589,4.524,4.553
1724716800000,4.553,4.62,4.552,4.607
1724731200000,4.607,4.656,4.596,4.614
1724745600000,4.614,4.637,4.496,4.521
1724760000000,4.521,4.566,4.491,4.522
1724774400000,4.522,4.581,4.496,4.548
1724788800000,4.548,4.548,4.224,4.374
1724803200000,4.374,4.374,4.311,4.349
1724817600000,4.349,4.379,4.296,4.297
1724832000000,4.297,4.451,4.271,4.378
1724846400000,4.378,4.411,4.273,4.3
1724860800000,4.3,4.335,4.161,4.267
1724875200000,4.267,4.341,4.208,4.251
1724889600000,4.251,4.293,4.242,4.276
1724904000000,4.276,4.321,4.258,4.302
1724918400000,4.302,4.342,4.274,4.304
1724932800000,4.304,4.403,4.299,4.385
1724947200000,4.385,4.387,4.187,4.217
1724961600000,4.217,4.25,4.173,4.247
1724976000000,4.247,4.27,4.218,4.242
1724990400000,4.242,4.331,4.237,4.296
1725004800000,4.296,4.328,4.269,4.27
1725019200000,4.27,4.31,4.097,4.114
1725033600000,4.114,4.275,4.099,4.218
1725048000000,4.218,4.288,4.218,4.274
1725062400000,4.274,4.311,4.272,4.29
1725076800000,4.29,4.314,4.286,4.286
1725091200000,4.286,4.297,4.254,4.284
1725105600000,4.284,4.285,4.247,4.269
1725120000000,4.269,4.272,4.215,4.238
1725134400000,4.238,4.269,4.225,4.255
1725148800000,4.255,4.255,4.182,4.217
1725163200000,4.217,4.223,4.137,4.199
1725177600000,4.199,4.202,4.152,4.191
1725192000000,4.191,4.198,4.106,4.185
1725206400000,4.185,4.217,4.097,4.193
1725220800000,4.193,4.215,4.027,4.066
1725235200000,4.066,4.123,4.063,4.111
1725249600000,4.111,4.131,4.048,4.069
1725264000000,4.069,4.207,4.069,4.187
1725278400000,4.187,4.2,4.118,4.153
1725292800000,4.153,4.172,4.132,4.162
1725307200000,4.162,4.232,4.159,4.206
1725321600000,4.206,4.276,4.196,4.256
1725336000000,4.256,4.265,4.229,4.262
1725350400000,4.262,4.275,4.222,4.261
1725364800000,4.261,4.283,4.092,4.104
1725379200000,4.104,4.152,4.093,4.105
1725393600000,4.105,4.136,4.052,4.06
1725408000000,4.06,4.095,3.861,4.032
1725422400000,4.032,4.089,4.028,4.081
1725436800000,4.081,4.087,4.008,4.01
1725451200000,4.01,4.161,4.002,4.155
1725465600000,4.155,4.194,4.094,4.118
1725480000000,4.118,4.18,4.097,4.108
1725494400000,4.108,4.125,4.007,4.014
1725508800000,4.014,4.076,3.997,4.068
1725523200000,4.068,4.086,4.037,4.041
1725537600000,4.041,4.084,3.969,3.998
1725552000000,3.998,4.043,3.976,4.014
1725566400000,4.014,4.045,3.989,4.018
1725580800000,4.018,4.079,4.005,4.061
1725595200000,4.061,4.072,3.945,3.996
1725609600000,3.996,4.035,3.971,4.013
1725624000000,4.013,4.094,3.937,4.007
1725638400000,4.007,4.01,3.908,3.923
1725652800000,3.923,3.962,3.815,3.956
1725667200000,3.956,3.989,3.932,3.972
1725681600000,3.972,4.051,3.972,4.035
1725696000000,4.035,4.061,4.033,4.059
1725710400000,4.059,4.13,4.049,4.119
1725724800000,4.119,4.13,4.075,4.112
1725739200000,4.112,4.116,4.045,4.077
1725753600000,4.077,4.115,4.055,4.109
1725768000000,4.109,4.139,4.102,4.13
1725782400000,4.13,4.197,4.115,4.189
1725796800000,4.189,4.193,4.109,4.116
1725811200000,4.116,4.162,4.088,4.123
1725825600000,4.123,4.204,4.115,4.161
1725840000000,4.161,4.183,4.118,4.136
1725854400000,4.136,4.192,4.108,4.188
1725868800000,4.188,4.206,4.168,4.169
1725883200000,4.169,4.205,4.156,4.192
1725897600000,4.192,4.318,4.192,4.317
1725912000000,4.317,4.337,4.276,4.284
1725926400000,4.284,4.286,4.232,4.233
1725940800000,4.233,4.268,4.224,4.26
1725955200000,4.26,4.265,4.201,4.238
1725969600000,4.238,4.246,4.196,4.197
1725984000000,4.197,4.267,4.195,4.251
1725998400000,4.251,4.265,4.229,4.248
1726012800000,4.248,4.255,4.171,4.179
1726027200000,4.179,4.179,4.109,4.148
1726041600000,4.148,4.158,4.102,4.146
1726056000000,4.146,4.187,4.057,4.121
1726070400000,4.121,4.189,4.116,4.154
1726084800000,4.154,4.194,4.152,4.188
1726099200000,4.188,4.259,4.186,4.236
1726113600000,4.236,4.26,4.195,4.207
1726128000000,4.207,4.226,4.203,4.217
1726142400000,4.217,4.275,4.191,4.215
1726156800000,4.215,4.293,4.212,4.287
1726171200000,4.287,4.299,4.263,4.291
1726185600000,4.291,4.305,4.274,4.288
1726200000000,4.288,4.311,4.279,4.297
1726214400000,4.297,4.338,4.294,4.299
1726228800000,4.299,4.424,4.268,4.417
1726243200000,4.417,4.463,4.399,4.418
1726257600000,4.418,4.469,4.409,4.416
1726272000000,4.416,4.435,4.399,4.423
1726286400000,4.423,4.432,4.374,4.392
1726300800000,4.392,4.404,4.343,4.361
1726315200000,4.361,4.408,4.349,4.399
1726329600000,4.399,4.419,4.371,4.406
1726344000000,4.406,4.443,4.4,4.434
1726358400000,4.434,4.515,4.433,4.497
1726372800000,4.497,4.523,4.466,4.511
1726387200000,4.511,4.536,4.479,4.491
1726401600000,4.491,4.554,4.475,4.54
1726416000000,4.54,4.549,4.458,4.47
1726430400000,4.47,4.475,4.353,4.39
1726444800000,4.39,4.39,4.234,4.279
1726459200000,4.279,4.347,4.275,4.342
1726473600000,4.342,4.36,4.281,4.309
1726488000000,4.309,4.315,4.213,4.234
1726502400000,4.234,4.242,4.182,4.217
1726516800000,4.217,4.225,4.146,4.193
1726531200000,4.193,4.2,4.127,4.173
1726545600000,4.173,4.225,4.161,4.2
1726560000000,4.2,4.215,4.154,4.17
1726574400000,4.17,4.285,4.156,4.249
1726588800000,4.249,4.251,4.127,4.156
1726603200000,4.156,4.172,4.14,4.154
1726617600000,4.154,4.173,4.105,4.159
1726632000000,4.159,4.166,4.113,4.128
1726646400000,4.128,4.129,4.024,4.061
1726660800000,4.061,4.076,3.976,3.99
1726675200000,3.99,4.12,3.969,4.052
1726689600000,4.052,4.177,4.027,4.174
1726704000000,4.174,4.264,4.174,4.221
1726718400000,4.221,4.237,4.206,4.237
1726732800000,4.237,4.24,4.176,4.211
1726747200000,4.211,4.295,4.196,4.275
1726761600000,4.275,4.346,4.263,4.296
1726776000000,4.296,4.304,4.23,4.252
1726790400000,4.252,4.33,4.187,4.329
1726804800000,4.329,4.401,4.325,4.391
1726819200000,4.391,4.394,4.31,4.325
1726833600000,4.325,4.343,4.259,4.306
1726848000000,4.306,4.313,4.234,4.278
1726862400000,4.278,4.338,4.276,4.338
1726876800000,4.338,4.365,4.309,4.325
1726891200000,4.325,4.343,4.28,4.342
1726905600000,4.342,4.346,4.303,4.33
1726920000000,4.33,4.432,4.33,4.425
1726934400000,4.425,4.451,4.401,4.42
1726948800000,4.42,4.476,4.409,4.46
1726963200000,4.46,4.481,4.387,4.405
1726977600000,4.405,4.424,4.356,4.376
1726992000000,4.376,4.408,4.321,4.346
1727006400000,4.346,4.372,4.302,4.322
1727020800000,4.322,4.351,4.276,4.338
1727035200000,4.338,4.357,4.231,4.308
1727049600000,4.308,4.441,4.229,4.397
1727064000000,4.397,4.413,4.342,4.361
1727078400000,4.361,4.383,4.33,4.369
1727092800000,4.369,4.448,4.343,4.418
1727107200000,4.418,4.435,4.367,4.411
1727121600000,4.411,4.46,4.39,4.454
1727136000000,4.454,4.491,4.398,4.489
1727150400000,4.489,4.538,4.45,4.525
1727164800000,4.525,4.595,4.51,4.586
1727179200000,4.586,4.609,4.483,4.494
1727193600000,4.494,4.595,4.494,4.588
1727208000000,4.588,4.682,4.568,4.632
1727222400000,4.632,4.681,4.618,4.673
1727236800000,4.673,4.684,4.586,4.601
1727251200000,4.601,4.677,4.601,4.672
1727265600000,4.672,4.749,4.651,4.698
1727280000000,4.698,4.771,4.694,4.707
1727294400000,4.707,4.731,4.619,4.634
1727308800000,4.634,4.67,4.561,4.662
1727323200000,4.662,4.81,4.659,4.807
1727337600000,4.807,4.815,4.757,4.763
1727352000000,4.763,4.851,4.751,4.834
1727366400000,4.834,4.873,4.775,4.776
1727380800000,4.776,4.818,4.752,4.812
1727395200000,4.812,4.93,4.806,4.927
1727409600000,4.927,4.963,4.875,4.886
1727424000000,4.886,4.916,4.845,4.88
1727438400000,4.88,4.936,4.871,4.895
1727452800000,4.895,4.938,4.856,4.861
1727467200000,4.861,4.907,4.848,4.881
1727481600000,4.881,4.927,4.867,4.892
1727496000000,4.892,4.914,4.808,4.819
1727510400000,4.819,4.846,4.748,4.819
1727524800000,4.819,4.836,4.771,4.797
1727539200000,4.797,4.817,4.775,4.804
1727553600000,4.804,4.822,4.742,4.793
1727568000000,4.793,4.829,4.771,4.812
1727582400000,4.812,4.813,4.705,4.71
1727596800000,4.71,4.746,4.69,4.738
1727611200000,4.738,4.779,4.681,4.778
1727625600000,4.778,4.836,4.755,4.835
1727640000000,4.835,4.856,4.738,4.765
1727654400000,4.765,4.769,4.631,4.69
1727668800000,4.69,4.73,4.646,4.71
1727683200000,4.71,4.71,4.58,4.627
1727697600000,4.627,4.648,4.51,4.514
1727712000000,4.514,4.559,4.493,4.516
1727726400000,4.516,4.552,4.397,4.429
1727740800000,4.429,4.537,4.39,4.526
1727755200000,4.526,4.559,4.51,4.534
1727769600000,4.534,4.54,4.503,4.505
1727784000000,4.505,4.517,4.189,4.292
1727798400000,4.292,4.311,4.044,4.164
1727812800000,4.164,4.198,4.094,4.15
1727827200000,4.15,4.246,4.123,4.228
1727841600000,4.228,4.27,4.181,4.248
1727856000000,4.248,4.256,4.117,4.147
1727870400000,4.147,4.178,4.089,4.156
1727884800000,4.156,4.198,4.0,4.059
1727899200000,4.059,4.125,4.044,4.098
1727913600000,4.098,4.167,4.062,4.165
1727928000000,4.165,4.172,4.075,4.079
1727942400000,4.079,4.095,3.997,4.038
1727956800000,4.038,4.089,3.986,4.055
1727971200000,4.055,4.119,4.002,4.117
1727985600000,4.117,4.132,4.085,4.127
1728000000000,4.127,4.161,4.104,4.118
1728014400000,4.118,4.168,4.115,4.144
1728028800000,4.144,4.171,4.129,4.164
1728043200000,4.164,4.194,4.114,4.172
1728057600000,4.172,4.207,4.156,4.18
1728072000000,4.18,4.208,4.158,4.191
1728086400000,4.191,4.23,4.148,4.158
1728100800000,4.158,4.209,4.147,4.179
1728115200000,4.179,4.208,4.178,4.198
1728129600000,4.198,4.211,4.158,4.173
1728144000000,4.173,4.174,4.118,4.125
1728158400000,4.125,4.14,4.074,4.134
1728172800000,4.134,4.162,4.117,4.119
1728187200000,4.119,4.142,4.094,4.133
1728201600000,4.133,4.148,4.118,4.14
1728216000000,4.14,4.192,4.131,4.175
1728230400000,4.175,4.188,4.149,4.154
1728244800000,4.154,4.194,4.143,4.189
1728259200000,4.189,4.268,4.172,4.252
1728273600000,4.252,4.267,4.217,4.241
1728288000000,4.241,4.257,4.127,4.183
1728302400000,4.183,4.253,4.157,4.198
1728316800000,4.198,4.245,4.143,4.204
1728331200000,4.204,4.228,4.064,4.128
1728345600000,4.128,4.179,4.111,4.169
1728360000000,4.169,4.182,4.086,4.116
1728374400000,4.116,4.157,4.103,4.153
1728388800000,4.153,4.17,4.025,4.109
1728403200000,4.109,4.136,4.078,4.098
1728417600000,4.098,4.132,4.073,4.101
1728432000000,4.101,4.144,4.089,4.114
1728446400000,4.114,4.148,4.1,4.111
1728460800000,4.111,4.119,4.087,4.098
1728475200000,4.098,4.107,4.028,4.099
1728489600000,4.099,4.101,4.032,4.046
1728504000000,4.046,4.046,3.948,4.02
1728518400000,4.02,4.065,3.996,4.056
1728532800000,4.056,4.074,4.038,4.038
1728547200000,4.038,4.069,3.987,4.067
1728561600000,4.067,4.072,4.001,4.052
1728576000000,4.052,4.056,3.962,4.029
1728590400000,4.029,4.071,4.022,4.07
1728604800000,4.07,4.112,4.05,4.099
1728619200000,4.099,4.111,4.071,4.1
1728633600000,4.1,4.132,4.088,4.124
1728648000000,4.124,4.169,4.119,4.165
1728662400000,4.165,4.193,4.146,4.178
1728676800000,4.178,4.188,4.152,4.17
1728691200000,4.17,4.201,4.149,4.163
1728705600000,4.163,4.207,4.161,4.202
1728720000000,4.202,4.247,4.201,4.237
1728734400000,4.237,4.26,4.223,4.231
1728748800000,4.231,4.251,4.185,4.2
1728763200000,4.2,4.219,4.188,4.202
1728777600000,4.202,4.214,4.153,4.159
1728792000000,4.159,4.2,4.159,4.187
1728806400000,4.187,4.2,4.154,4.157
1728820800000,4.157,4.184,4.082,4.104
1728835200000,4.104,4.148,4.093,4.123
1728849600000,4.123,4.17,4.115,4.16
1728864000000,4.16,4.258,4.131,4.254
1728878400000,4.254,4.28,4.212,4.269
1728892800000,4.269,4.295,4.242,4.278
1728907200000,4.278,4.357,4.269,4.341
1728921600000,4.341,4.372,4.325,4.352
1728936000000,4.352,4.399,4.343,4.375
1728950400000,4.375,4.429,4.363,4.374
1728964800000,4.374,4.427,4.364,4.423
1728979200000,4.423,4.534,4.363,4.38
1728993600000,4.38,4.523,4.286,4.364
1729008000000,4.364,4.445,4.363,4.385
1729022400000,4.385,4.407,4.306,4.404
1729036800000,4.404,4.409,4.356,4.374
1729051200000,4.374,4.387,4.301,4.31
1729065600000,4.31,4.383,4.303,4.362
1729080000000,4.362,4.376,4.292,4.316
1729094400000,4.316,4.331,4.284,4.306
1729108800000,4.306,4.349,4.303,4.311
1729123200000,4.311,4.348,4.303,4.329
1729137600000,4.329,4.33,4.226,4.243
1729152000000,4.243,4.254,4.178,4.185
1729166400000,4.185,4.249,4.18,4.237
1729180800000,4.237,4.237,4.143,4.177
1729195200000,4.177,4.201,4.171,4.19
1729209600000,4.19,4.245,4.17,4.208
1729224000000,4.208,4.266,4.207,4.265
1729238400000,4.265,4.272,4.209,4.212
1729252800000,4.212,4.265,4.196,4.259
1729267200000,4.259,4.294,4.232,4.274
1729281600000,4.274,4.308,4.243,4.308
1729296000000,4.308,4.48,4.307,4.398
1729310400000,4.398,4.411,4.368,4.375
1729324800000,4.375,4.393,4.328,4.329
1729339200000,4.329,4.407,4.327,4.403
1729353600000,4.403,4.429,4.382,4.403
1729368000000,4.403,4.441,4.402,4.429
1729382400000,4.429,4.439,4.355,4.382
1729396800000,4.382,4.429,4.374,4.405
1729411200000,4.405,4.426,4.386,4.418
1729425600000,4.418,4.556,4.407,4.545
1729440000000,4.545,4.583,4.514,4.528
1729454400000,4.528,4.593,4.526,4.574
1729468800000,4.574,4.614,4.513,4.535
1729483200000,4.535,4.573,4.502,4.506
1729497600000,4.506,4.528,4.454,4.472
1729512000000,4.472,4.489,4.355,4.378
1729526400000,4.378,4.4,4.333,4.397
1729540800000,4.397,4.411,4.372,4.374
1729555200000,4.374,4.429,4.321,4.403
1729569600000,4.403,4.435,4.39,4.391
1729584000000,4.391,4.394,4.308,4.35
1729598400000,4.35,4.365,4.268,4.326
1729612800000,4.326,4.335,4.288,4.315
1729627200000,4.315,4.346,4.298,4.321
1729641600000,4.321,4.331,4.245,4.28
1729656000000,4.28,4.306,4.234,4.245
1729670400000,4.245,4.267,4.202,4.212
1729684800000,4.212,4.246,4.155,4.189
1729699200000,4.189,4.198,4.101,4.196
1729713600000,4.196,4.215,4.168,4.207
1729728000000,4.207,4.258,4.19,4.213
1729742400000,4.213,4.257,4.183,4.186
1729756800000,4.186,4.204,4.139,4.178
1729771200000,4.178,4.209,4.172,4.193
1729785600000,4.193,4.223,4.167,4.222
1729800000000,4.222,4.25,4.196,4.205
1729814400000,4.205,4.218,4.156,4.158
1729828800000,4.158,4.162,4.102,4.119
1729843200000,4.119,4.17,4.112,4.157
1729857600000,4.157,4.193,4.111,4.139
1729872000000,4.139,4.164,4.034,4.095
1729886400000,4.095,4.122,3.837,3.993
1729900800000,3.993,4.053,3.94,4.027
1729915200000,4.027,4.059,4.016,4.032
1729929600000,4.032,4.051,4.018,4.039
1729944000000,4.039,4.051,3.974,4.0
1729958400000,4.0,4.021,3.982,4.009
1729972800000,4.009,4.052,4.005,4.033
1729987200000,4.033,4.039,4.006,4.034
1730001600000,4.034,4.04,4.007,4.023
1730016000000,4.023,4.034,4.007,4.011
1730030400000,4.011,4.09,4.007,4.087
1730044800000,4.087,4.107,4.079,4.104
1730059200000,4.104,4.134,4.1,4.126
1730073600000,4.126,4.14,4.091,4.095
1730088000000,4.095,4.16,4.069,4.152
1730102400000,4.152,4.223,4.152,4.195
1730116800000,4.195,4.198,4.012,4.013
1730131200000,4.013,4.094,3.998,4.071
1730145600000,4.071,4.155,4.069,4.129
1730160000000,4.129,4.206,4.122,4.187
1730174400000,4.187,4.202,4.127,4.134
1730188800000,4.134,4.182,4.118,4.161
1730203200000,4.161,4.179,4.136,4.175
1730217600000,4.175,4.252,4.162,4.172
1730232000000,4.172,4.2,4.132,4.192
1730246400000,4.192,4.203,4.148,4.201
1730260800000,4.201,4.216,4.17,4.193
1730275200000,4.193,4.219,4.138,4.143
1730289600000,4.143,4.211,4.118,4.197
1730304000000,4.197,4.213,4.143,4.15
1730318400000,4.15,4.206,4.138,4.19
1730332800000,4.19,4.215,4.158,4.184
1730347200000,4.184,4.186,4.131,4.153
1730361600000,4.153,4.155,4.086,4.1
1730376000000,4.1,4.103,3.972,3.997
1730390400000,3.997,3.997,3.9,3.911
1730404800000,3.911,3.971,3.901,3.958
1730419200000,3.958,3.972,3.878,3.948
1730433600000,3.948,3.972,3.888,3.917
1730448000000,3.917,3.95,3.916,3.928
1730462400000,3.928,3.994,3.844,3.892
1730476800000,3.892,3.949,3.881,3.921
1730491200000,3.921,3.927,3.858,3.908
1730505600000,3.908,3.938,3.903,3.911
1730520000000,3.911,3.944,3.895,3.918
1730534400000,3.918,3.922,3.888,3.896
1730548800000,3.896,3.9,3.821,3.856
1730563200000,3.856,3.887,3.852,3.878
1730577600000,3.878,3.913,3.873,3.905
1730592000000,3.905,3.927,3.732,3.789
1730606400000,3.789,3.839,3.785,3.824
1730620800000,3.824,3.831,3.742,3.748
1730635200000,3.748,3.772,3.663,3.732
1730649600000,3.732,3.786,3.709,3.78
1730664000000,3.78,3.82,3.768,3.782
1730678400000,3.782,3.835,3.745,3.802
1730692800000,3.802,3.818,3.768,3.772
1730707200000,3.772,3.808,3.742,3.797
1730721600000,3.797,3.825,3.765,3.795
1730736000000,3.795,3.801,3.745,3.78
1730750400000,3.78,3.79,3.675,3.748
1730764800000,3.748,3.804,3.743,3.796
1730779200000,3.796,3.834,3.788,3.829
1730793600000,3.829,3.859,3.822,3.837
1730808000000,3.837,3.918,3.828,3.866
1730822400000,3.866,3.915,3.823,3.836
1730836800000,3.836,3.899,3.825,3.855
1730851200000,3.855,4.087,3.855,4.078
1730865600000,4.078,4.129,4.015,4.067
1730880000000,4.067,4.101,4.005,4.089
1730894400000,4.089,4.104,4.026,4.046
1730908800000,4.046,4.095,4.023,4.085
1730923200000,4.085,4.131,4.053,4.112
1730937600000,4.112,4.2,4.095,4.169
1730952000000,4.169,4.175,4.059,4.086
1730966400000,4.086,4.122,4.046,4.062
1730980800000,4.062,4.151,4.043,4.15
1730995200000,4.15,4.169,4.082,4.138
1731009600000,4.138,4.178,4.121,4.166
1731024000000,4.166,4.219,4.113,4.148
1731038400000,4.148,4.392,4.144,4.324
1731052800000,4.324,4.334,4.254,4.29
1731067200000,4.29,4.386,4.271,4.342
1731081600000,4.342,4.393,4.24,4.333
1731096000000,4.333,4.346,4.262,4.325
1731110400000,4.325,4.347,4.263,4.269
1731124800000,4.269,4.393,4.266,4.369
1731139200000,4.369,4.399,4.338,4.39
1731153600000,4.39,4.398,4.315,4.374
1731168000000,4.374,4.434,4.315,4.398
1731182400000,4.398,4.645,4.397,4.634
1731196800000,4.634,4.861,4.587,4.838
1731211200000,4.838,5.177,4.8,4.927
1731225600000,4.927,5.185,4.927,5.163
1731240000000,5.163,5.453,5.084,5.246
1731254400000,5.246,5.481,5.209,5.32
1731268800000,5.32,5.339,4.977,5.244
1731283200000,5.244,5.384,5.197,5.258
1731297600000,5.258,5.273,4.978,5.082
1731312000000,5.082,5.175,5.033,5.17
1731326400000,5.17,5.276,5.048,5.201
1731340800000,5.201,5.31,5.141,5.247
1731355200000,5.247,5.79,5.23,5.715
1731369600000,5.715,5.733,5.44,5.577
1731384000000,5.577,5.603,5.414,5.585
1731398400000,5.585,5.852,5.172,5.375
1731412800000,5.375,5.468,5.126,5.292
1731427200000,5.292,5.434,5.207,5.361
1731441600000,5.361,5.436,5.283,5.313
1731456000000,5.313,5.38,5.082,5.085
1731470400000,5.085,5.17,4.912,5.087
1731484800000,5.087,5.119,4.978,5.071
1731499200000,5.071,5.435,5.01,5.379
1731513600000,5.379,5.413,5.031,5.058
1731528000000,5.058,5.129,4.956,5.077
1731542400000,5.077,5.099,4.986,5.08
1731556800000,5.08,5.22,5.043,5.127
1731571200000,5.127,5.157,4.916,5.008
1731585600000,5.008,5.024,4.774,4.83
1731600000000,4.83,4.937,4.802,4.926
1731614400000,4.926,4.939,4.683,4.778
1731628800000,4.778,4.861,4.725,4.849
1731643200000,4.849,4.9,4.707,4.862
1731657600000,4.862,4.978,4.813,4.97
1731672000000,4.97,5.06,4.86,4.923
1731686400000,4.923,5.079,4.892,5.053
1731700800000,5.053,5.177,5.049,5.167
1731715200000,5.167,5.274,5.137,5.271
1731729600000,5.271,5.324,5.211,5.248
1731744000000,5.248,5.503,5.227,5.497
1731758400000,5.497,5.574,5.366,5.465
1731772800000,5.465,5.796,5.423,5.715
1731787200000,5.715,5.808,5.656,5.787
1731801600000,5.787,6.151,5.517,5.732
1731816000000,5.732,5.755,5.584,5.675
1731830400000,5.675,5.704,5.476,5.485
1731844800000,5.485,5.6,5.474,5.548
1731859200000,5.548,5.607,5.405,5.441
1731873600000,5.441,5.47,5.313,5.427
1731888000000,5.427,5.807,5.398,5.767
1731902400000,5.767,5.988,5.738,5.913
1731916800000,5.913,5.958,5.704,5.739
1731931200000,5.739,5.89,5.636,5.849
1731945600000,5.849,6.002,5.709,5.835
1731960000000,5.835,6.1,5.772,6.013
1731974400000,6.013,6.053,5.894,6.034
1731988800000,6.034,6.053,5.83,5.832
1732003200000,5.832,5.889,5.741,5.889
1732017600000,5.889,6.04,5.768,5.841
1732032000000,5.841,5.903,5.776,5.832
1732046400000,5.832,5.859,5.663,5.81
1732060800000,5.81,5.887,5.65,5.748
1732075200000,5.748,5.892,5.678,5.817
1732089600000,5.817,6.078,5.809,6.066
1732104000000,6.066,6.085,5.855,5.929
1732118400000,5.929,5.956,5.535,5.602
1732132800000,5.602,5.829,5.581,5.723
1732147200000,5.723,5.8,5.476,5.552
1732161600000,5.552,5.766,5.545,5.707
1732176000000,5.707,5.755,5.562,5.726
1732190400000,5.726,5.972,5.712,5.778
1732204800000,5.778,5.909,5.764,5.836
1732219200000,5.836,5.955,5.814,5.939
1732233600000,5.939,6.257,5.883,6.165
1732248000000,6.165,6.282,6.082,6.092
1732262400000,6.092,6.196,6.006,6.182
1732276800000,6.182,6.372,5.961,6.363
1732291200000,6.363,6.424,6.237,6.362
1732305600000,6.362,6.694,6.313,6.636
1732320000000,6.636,7.272,6.59,7.204
1732334400000,7.204,7.715,7.187,7.631
1732348800000,7.631,7.998,7.541,7.931
1732363200000,7.931,9.002,7.861,8.855
1732377600000,8.855,9.442,8.368,8.65
1732392000000,8.65,8.717,8.27,8.524
1732406400000,8.524,10.514,8.521,9.408
1732420800000,9.408,9.48,8.772,9.129
1732435200000,9.129,9.162,8.48,8.49
1732449600000,8.49,8.794,8.01,8.247
1732464000000,8.247,8.57,8.173,8.49
1732478400000,8.49,9.037,8.452,8.833
1732492800000,8.833,8.836,8.417,8.726
1732507200000,8.726,9.374,8.708,9.207
1732521600000,9.207,9.251,8.889,8.99
1732536000000,8.99,9.007,8.36,8.585
1732550400000,8.585,8.656,8.36,8.514
1732564800000,8.514,8.592,8.12,8.243
1732579200000,8.243,8.483,8.188,8.342
1732593600000,8.342,8.456,8.16,8.234
1732608000000,8.234,8.238,7.556,7.854
1732622400000,7.854,8.039,7.757,7.883
1732636800000,7.883,8.171,7.782,8.016
1732651200000,8.016,8.154,7.961,8.071
1732665600000,8.071,8.176,7.848,8.062
1732680000000,8.062,8.32,7.981,8.288
1732694400000,8.288,8.45,8.166,8.301
1732708800000,8.301,8.494,8.147,8.411
1732723200000,8.411,8.464,8.227,8.39
1732737600000,8.39,8.577,8.334,8.461
1732752000000,8.461,8.51,8.091,8.215
1732766400000,8.215,8.28,8.116,8.177
1732780800000,8.177,8.255,8.107,8.205
1732795200000,8.205,8.277,8.008,8.036
1732809600000,8.036,8.59,8.036,8.581
1732824000000,8.581,8.759,8.427,8.623
1732838400000,8.623,8.758,8.523,8.577
1732852800000,8.577,8.599,8.442,8.456
1732867200000,8.456,8.814,8.453,8.713
1732881600000,8.713,9.024,8.616,8.705
1732896000000,8.705,8.761,8.581,8.727
1732910400000,8.727,9.087,8.622,9.036
1732924800000,9.036,9.041,8.609,8.683
1732939200000,8.683,8.908,8.655,8.876
1732953600000,8.876,9.158,8.759,8.895
1732968000000,8.895,8.993,8.783,8.859
1732982400000,8.859,9.139,8.79,9.129
1732996800000,9.129,9.236,8.938,8.956
1733011200000,8.956,9.164,8.701,8.851
1733025600000,8.851,8.865,8.751,8.815
1733040000000,8.815,9.235,8.781,9.186
1733054400000,9.186,9.255,9.04,9.118
1733068800000,9.118,9.236,8.956,9.15
1733083200000,9.15,9.399,8.981,9.301
1733097600000,9.301,9.53,9.071,9.119
1733112000000,9.119,9.217,8.915,9.047
1733126400000,9.047,9.113,8.46,8.546
1733140800000,8.546,9.198,8.511,9.148
1733155200000,9.148,9.264,8.774,9.23
1733169600000,9.23,10.214,9.21,10.027
1733184000000,10.027,10.401,9.828,10.153
1733198400000,10.153,10.358,9.795,9.868
1733212800000,9.868,10.138,9.771,10.073
1733227200000,10.073,10.127,9.057,9.576
1733241600000,9.576,9.753,9.328,9.57
1733256000000,9.57,9.917,9.55,9.789
1733270400000,9.789,10.058,9.673,9.967
1733284800000,9.967,10.115,9.939,10.059
1733299200000,10.059,11.277,10.001,11.008
1733313600000,11.008,11.67,10.929,10.997
1733328000000,10.997,11.335,10.362,11.085
1733342400000,11.085,11.128,10.407,10.527
1733356800000,10.527,10.638,9.907,10.285
1733371200000,10.285,10.761,10.214,10.725
1733385600000,10.725,11.178,10.611,11.124
1733400000000,11.124,11.201,10.701,10.911
1733414400000,10.911,11.251,10.771,10.825
1733428800000,10.825,10.938,10.166,10.382
1733443200000,10.382,10.763,10.254,10.61
1733457600000,10.61,10.768,10.484,10.515
1733472000000,10.515,10.631,10.102,10.247
1733486400000,10.247,10.676,10.024,10.559
1733500800000,10.559,10.783,10.436,10.734
1733515200000,10.734,10.886,10.593,10.684
1733529600000,10.684,10.734,10.461,10.516
1733544000000,10.516,10.76,10.415,10.516
1733558400000,10.516,10.592,10.317,10.458
1733572800000,10.458,10.851,10.437,10.77
1733587200000,10.77,10.945,10.523,10.694
1733601600000,10.694,10.803,10.555,10.607
1733616000000,10.607,10.825,10.556,10.586
1733630400000,10.586,10.638,10.358,10.481
1733644800000,10.481,10.512,10.195,10.468
1733659200000,10.468,10.56,10.292,10.356
1733673600000,10.356,10.42,10.23,10.321
1733688000000,10.321,10.45,10.255,10.404
1733702400000,10.404,10.409,9.946,10.061
1733716800000,10.061,10.163,9.717,9.884
1733731200000,9.884,9.889,9.411,9.462
1733745600000,9.462,9.846,9.368,9.505
1733760000000,9.505,9.675,9.451,9.497
1733774400000,9.497,9.532,7.408,8.466
1733788800000,8.466,8.716,7.935,8.318
1733803200000,8.318,8.657,8.104,8.575
1733817600000,8.575,8.7,8.454,8.639
1733832000000,8.639,8.659,7.864,7.882
1733846400000,7.882,8.125,7.588,8.102
1733860800000,8.102,8.464,8.07,8.39
1733875200000,8.39,8.415,8.027,8.369
1733889600000,8.369,8.44,8.255,8.268
1733904000000,8.268,8.646,8.257,8.605
1733918400000,8.605,9.262,8.604,9.188
1733932800000,9.188,9.217,8.942,9.032
1733947200000,9.032,9.13,8.988,8.992
1733961600000,8.992,9.421,8.926,9.269
1733976000000,9.269,9.671,9.257,9.317
1733990400000,9.317,9.408,9.036,9.101
1734004800000,9.101,9.397,9.101,9.233
1734019200000,9.233,9.395,8.94,8.972
1734033600000,8.972,9.163,8.911,9.065
1734048000000,9.065,9.236,8.847,9.133
1734062400000,9.133,9.154,8.776,8.885
1734076800000,8.885,9.176,8.834,9.027
1734091200000,9.027,9.208,8.831,8.836
1734105600000,8.836,9.066,8.796,9.042
1734120000000,9.042,9.14,8.941,9.091
1734134400000,9.091,9.213,9.001,9.028
1734148800000,9.028,9.102,8.966,8.975
1734163200000,8.975,9.041,8.741,8.758
1734177600000,8.758,8.778,8.465,8.643
1734192000000,8.643,8.661,8.409,8.498
1734206400000,8.498,8.588,8.355,8.553
1734220800000,8.553,8.662,8.454,8.506
1734235200000,8.506,8.638,8.364,8.43
1734249600000,8.43,8.771,8.421,8.727
1734264000000,8.727,9.264,8.684,9.045
1734278400000,9.045,9.112,8.916,8.962
1734292800000,8.962,9.107,8.643,9.03
1734307200000,9.03,9.207,8.831,8.918
1734321600000,8.918,8.992,8.811,8.885
1734336000000,8.885,8.909,8.607,8.64
1734350400000,8.64,8.932,8.587,8.908
1734364800000,8.908,9.174,8.889,8.95
1734379200000,8.95,8.993,8.724,8.759
1734393600000,8.759,8.795,8.623,8.765
1734408000000,8.765,8.766,8.602,8.643
1734422400000,8.643,8.974,8.64,8.894
1734436800000,8.894,8.958,8.53,8.606
1734451200000,8.606,8.872,8.52,8.667
1734465600000,8.667,8.729,8.377,8.488
1734480000000,8.488,8.547,8.352,8.363
1734494400000,8.363,8.371,8.132,8.23
1734508800000,8.23,8.398,8.159,8.363
1734523200000,8.363,8.371,8.086,8.186
1734537600000,8.186,8.472,8.097,8.099
1734552000000,8.099,8.158,7.543,7.679
1734566400000,7.679,7.77,7.163,7.651
1734580800000,7.651,7.675,7.563,7.641
1734595200000,7.641,7.802,7.516,7.732
1734609600000,7.732,7.754,7.272,7.433
1734624000000,7.433,7.685,6.832,6.956
1734638400000,6.956,7.151,6.759,6.937
1734652800000,6.937,7.27,6.828,7.121
1734667200000,7.121,7.182,6.811,6.952
1734681600000,6.952,6.954,6.029,6.072
1734696000000,6.072,6.933,6.061,6.856
1734710400000,6.856,7.267,6.804,7.18
1734724800000,7.18,7.353,7.041,7.286
1734739200000,7.286,7.388,7.217,7.307
1734753600000,7.307,7.798,7.301,7.699
1734768000000,7.699,7.717,7.365,7.449
1734782400000,7.449,7.457,6.951,7.118
1734796800000,7.118,7.136,6.831,6.95
1734811200000,6.95,7.056,6.861,6.97
1734825600000,6.97,7.035,6.87,6.969
1734840000000,6.969,7.014,6.76,6.956
1734854400000,6.956,7.263,6.954,7.097
1734868800000,7.097,7.142,6.811,6.889
1734883200000,6.889,7.034,6.73,6.762
1734897600000,6.762,6.927,6.681,6.838
1734912000000,6.838,7.084,6.65,7.062
1734926400000,7.062,7.129,6.799,6.902
1734940800000,6.902,7.048,6.854,6.978
1734955200000,6.978,7.067,6.834,6.861
1734969600000,6.861,7.132,6.848,7.049
1734984000000,7.049,7.565,7.045,7.378
1734998400000,7.378,7.385,7.147,7.324
1735012800000,7.324,7.355,7.183,7.224
1735027200000,7.224,7.313,7.183,7.299
1735041600000,7.299,7.633,7.229,7.561
1735056000000,7.561,7.621,7.443,7.447
1735070400000,7.447,7.612,7.361,7.549
1735084800000,7.549,7.572,7.416,7.46
1735099200000,7.46,7.51,7.384,7.398
1735113600000,7.398,7.677,7.387,7.402
1735128000000,7.402,7.556,7.348,7.452
1735142400000,7.452,7.536,7.355,7.517
1735156800000,7.517,7.583,7.411,7.5
1735171200000,7.5,7.59,7.317,7.338
1735185600000,7.338,7.339,7.15,7.165
1735200000000,7.165,7.179,6.93,7.03
1735214400000,7.03,7.063,6.935,6.954
1735228800000,6.954,7.051,6.877,6.979
1735243200000,6.979,7.046,6.875,6.93
1735257600000,6.93,7.066,6.866,7.021
1735272000000,7.021,7.111,6.883,6.95
1735286400000,6.95,7.304,6.949,7.217
1735300800000,7.217,7.23,6.833,6.868
1735315200000,6.868,7.066,6.809,6.987
1735329600000,6.987,6.998,6.862,6.908
1735344000000,6.908,6.934,6.826,6.919
1735358400000,6.919,6.936,6.784,6.81
1735372800000,6.81,6.898,6.805,6.891
1735387200000,6.891,7.056,6.84,6.943
1735401600000,6.943,7.12,6.928,7.042
1735416000000,7.042,7.18,7.024,7.11
1735430400000,7.11,7.134,7.029,7.116
1735444800000,7.116,7.144,7.033,7.142
1735459200000,7.142,7.152,7.03,7.03
1735473600000,7.03,7.103,6.938,6.983
1735488000000,6.983,6.985,6.878,6.924
1735502400000,6.924,6.933,6.801,6.863
1735516800000,6.863,7.108,6.831,6.955
1735531200000,6.955,7.056,6.893,6.958
1735545600000,6.958,7.011,6.76,6.835
1735560000000,6.835,6.94,6.546,6.609
1735574400000,6.609,6.893,6.533,6.85
1735588800000,6.85,6.94,6.609,6.701
1735603200000,6.701,6.702,6.586,6.604
1735617600000,6.604,6.648,6.563,6.605
1735632000000,6.605,6.812,6.601,6.703
1735646400000,6.703,6.928,6.7,6.843
1735660800000,6.843,6.855,6.621,6.698
1735675200000,6.698,6.72,6.616,6.637
1735689600000,6.637,6.753,6.628,6.659
1735704000000,6.659,6.684,6.622,6.645
1735718400000,6.645,6.661,6.517,6.62
1735732800000,6.62,6.809,6.613,6.797
1735747200000,6.797,7.039,6.725,6.995
1735761600000,6.995,7.142,6.995,7.051
1735776000000,7.051,7.227,7.051,7.161
1735790400000,7.161,7.269,7.117,7.225
1735804800000,7.225,7.357,7.175,7.291
1735819200000,7.291,7.335,7.153,7.185
1735833600000,7.185,7.25,7.106,7.155
1735848000000,7.155,7.204,7.099,7.173
1735862400000,7.173,7.346,7.132,7.324
1735876800000,7.324,7.334,7.19,7.216
1735891200000,7.216,7.79,7.216,7.686
1735905600000,7.686,7.936,7.682,7.865
1735920000000,7.865,7.992,7.746,7.754
1735934400000,7.754,7.77,7.633,7.751
1735948800000,7.751,7.846,7.627,7.767
1735963200000,7.767,7.817,7.688,7.749
1735977600000,7.749,7.757,7.63,7.685
1735992000000,7.685,7.879,7.601,7.683
1736006400000,7.683,7.75,7.659,7.682
1736020800000,7.682,7.74,7.646,7.675
1736035200000,7.675,7.709,7.551,7.609
1736049600000,7.609,7.732,7.594,7.653
1736064000000,7.653,7.662,7.502,7.546
1736078400000,7.546,7.612,7.458,7.57
1736092800000,7.57,7.648,7.533,7.609
1736107200000,7.609,7.731,7.573,7.672
1736121600000,7.672,7.826,7.537,7.811
1736136000000,7.811,7.839,7.673,7.705
1736150400000,7.705,7.763,7.584,7.703
1736164800000,7.703,7.885,7.598,7.881
1736179200000,7.881,7.992,7.696,7.812
1736193600000,7.812,7.84,7.686,7.77
1736208000000,7.77,7.791,7.65,7.716
1736222400000,7.716,7.849,7.659,7.77
1736236800000,7.77,7.889,7.65,7.724
1736251200000,7.724,7.86,7.186,7.3
1736265600000,7.3,7.394,7.043,7.098
1736280000000,7.098,7.16,7.002,7.009
1736294400000,7.009,7.13,6.865,6.942
1736308800000,6.942,6.964,6.707,6.865
1736323200000,6.865,7.006,6.791,6.868
1736337600000,6.868,6.938,6.765,6.847
1736352000000,6.847,6.853,6.419,6.644
1736366400000,6.644,6.789,6.601,6.755
1736380800000,6.755,6.841,6.674,6.727
1736395200000,6.727,6.763,6.557,6.57
1736409600000,6.57,6.714,6.547,6.682
1736424000000,6.682,6.835,6.458,6.789
1736438400000,6.789,6.83,6.521,6.534
1736452800000,6.534,6.613,6.441,6.553
1736467200000,6.553,6.66,6.537,6.623
1736481600000,6.623,6.804,6.575,6.754
1736496000000,6.754,6.792,6.675,6.722
1736510400000,6.722,6.788,6.478,6.628
1736524800000,6.628,6.805,6.551,6.766
1736539200000,6.766,6.779,6.696,6.727
1736553600000,6.727,6.767,6.643,6.656
1736568000000,6.656,6.7,6.614,6.635
1736582400000,6.635,6.727,6.589,6.702
1736596800000,6.702,6.715,6.611,6.635
1736611200000,6.635,6.666,6.582,6.636
1736625600000,6.636,6.878,6.624,6.739
1736640000000,6.739,6.813,6.704,6.778
1736654400000,6.778,6.785,6.657,6.719
1736668800000,6.719,6.752,6.607,6.675
1736683200000,6.675,6.755,6.639,6.733
1736697600000,6.733,6.761,6.67,6.691
1736712000000,6.691,6.706,6.538,6.628
1736726400000,6.628,6.805,6.42,6.45
1736740800000,6.45,6.56,6.335,6.4
1736755200000,6.4,6.408,6.051,6.055
1736769600000,6.055,6.348,5.986,6.28
1736784000000,6.28,6.314,6.115,6.192
1736798400000,6.192,6.476,6.153,6.391
1736812800000,6.391,6.456,6.364,6.408
1736827200000,6.408,6.498,6.396,6.397
1736841600000,6.397,6.586,6.396,6.464
1736856000000,6.464,6.568,6.388,6.518
1736870400000,6.518,6.678,6.461,6.622
1736884800000,6.622,6.685,6.565,6.665
1736899200000,6.665,6.738,6.607,6.699
1736913600000,6.699,6.799,6.635,6.771
1736928000000,6.771,6.835,6.557,6.589
1736942400000,6.589,7.067,6.551,7.014
1736956800000,7.014,7.094,6.871,7.023
1736971200000,7.023,7.19,6.958,7.161
1736985600000,7.161,7.189,6.985,7.058
1737000000000,7.058,7.086,7.01,7.014
1737014400000,7.014,7.087,6.845,7.077
1737028800000,7.077,7.39,6.979,7.234
1737043200000,7.234,7.351,7.204,7.327
1737057600000,7.327,7.35,7.095,7.148
1737072000000,7.148,7.409,7.148,7.286
1737086400000,7.286,7.408,7.244,7.327
1737100800000,7.327,7.443,7.288,7.395
1737115200000,7.395,7.448,7.289,7.407
1737129600000,7.407,7.501,7.354,7.479
1737144000000,7.479,7.599,7.463,7.501
1737158400000,7.501,7.586,7.235,7.282
1737172800000,7.282,7.318,6.981,7.037
1737187200000,7.037,7.108,6.918,7.089
1737201600000,7.089,7.122,6.959,7.006
1737216000000,7.006,7.026,6.834,6.976
1737230400000,6.976,7.057,6.872,7.041
1737244800000,7.041,7.237,7.009,7.039
1737259200000,7.039,7.051,6.759,6.794
1737273600000,6.794,6.794,6.412,6.46
1737288000000,6.46,6.9,6.449,6.815
1737302400000,6.815,6.912,6.758,6.827
1737316800000,6.827,6.843,6.097,6.243
1737331200000,6.243,6.369,6.051,6.304
1737345600000,6.304,7.1,6.222,6.771
1737360000000,6.771,6.868,6.604,6.693
1737374400000,6.693,6.702,6.421,6.501
1737388800000,6.501,6.61,6.149,6.433
1737403200000,6.433,6.479,6.277,6.378
1737417600000,6.378,6.403,6.193,6.277
1737432000000,6.277,6.355,6.149,6.315
1737446400000,6.315,6.538,6.279,6.521
1737460800000,6.521,6.61,6.473,6.564
1737475200000,6.564,6.845,6.546,6.716
1737489600000,6.716,6.762,6.599,6.624
1737504000000,6.624,6.695,6.561,6.609
1737518400000,6.609,6.627,6.556,6.585
1737532800000,6.585,6.639,6.491,6.625
1737547200000,6.625,6.655,6.483,6.516
1737561600000,6.516,6.599,6.457,6.522
1737576000000,6.522,6.557,6.408,6.446
1737590400000,6.446,6.47,6.293,6.354
1737604800000,6.354,6.365,6.276,6.36
1737619200000,6.36,6.376,6.239,6.308
1737633600000,6.308,6.482,6.24,6.4
1737648000000,6.4,6.502,6.205,6.229
1737662400000,6.229,6.414,6.191,6.349
1737676800000,6.349,6.37,6.197,6.28
1737691200000,6.28,6.501,6.254,6.417
1737705600000,6.417,6.497,6.395,6.458
1737720000000,6.458,6.543,6.408,6.465
1737734400000,6.465,6.503,6.406,6.429
1737748800000,6.429,6.449,6.281,6.317
1737763200000,6.317,6.386,6.242,6.38
1737777600000,6.38,6.381,6.286,6.293
1737792000000,6.293,6.332,6.257,6.323
1737806400000,6.323,6.377,6.279,6.365
1737820800000,6.365,6.406,6.338,6.358
1737835200000,6.358,6.394,6.312,6.32
1737849600000,6.32,6.351,6.261,6.326
1737864000000,6.326,6.392,6.317,6.357
1737878400000,6.357,6.383,6.276,6.368
1737892800000,6.368,6.392,6.331,6.351
1737907200000,6.351,6.462,6.317,6.45
1737921600000,6.45,6.47,6.162,6.173
1737936000000,6.173,6.21,5.879,5.982
1737950400000,5.982,5.982,5.476,5.699
1737964800000,5.699,5.726,5.568,5.628
1737979200000,5.628,5.901,5.591,5.837
1737993600000,5.837,5.856,5.679,5.754
1738008000000,5.754,6.019,5.753,5.949
1738022400000,5.949,5.999,5.873,5.967
1738036800000,5.967,6.033,5.911,5.926
1738051200000,5.926,5.968,5.882,5.92
1738065600000,5.92,5.953,5.812,5.895
1738080000000,5.895,5.901,5.744,5.802
1738094400000,5.802,5.825,5.596,5.646
1738108800000,5.646,5.799,5.633,5.773
1738123200000,5.773,5.846,5.754,5.832
1738137600000,5.832,5.848,5.703,5.733
1738152000000,5.733,5.743,5.594,5.642
1738166400000,5.642,5.823,5.537,5.749
1738180800000,5.749,5.877,5.669,5.761
1738195200000,5.761,5.957,5.716,5.949
1738209600000,5.949,5.983,5.893,5.917
1738224000000,5.917,6.01,5.891,6.002
1738238400000,6.002,6.253,5.979,6.213
1738252800000,6.213,6.249,6.127,6.175
1738267200000,6.175,6.205,6.108,6.123
1738281600000,6.123,6.18,6.026,6.058
1738296000000,6.058,6.312,6.025,6.212
1738310400000,6.212,6.305,6.132,6.296
1738324800000,6.296,6.483,6.286,6.467
1738339200000,6.467,6.499,6.234,6.261
1738353600000,6.261,6.451,6.191,6.319
1738368000000,6.319,6.441,6.288,6.396
1738382400000,6.396,6.489,6.341,6.407
1738396800000,6.407,6.429,6.242,6.395
1738411200000,6.395,6.409,6.179,6.229
1738425600000,6.229,6.26,6.043,6.088
1738440000000,6.088,6.092,5.855,5.903
1738454400000,5.903,6.043,5.704,5.714
1738468800000,5.714,5.87,5.7,5.802
1738483200000,5.802,5.908,5.607,5.623
1738497600000,5.623,5.731,5.563,5.643
1738512000000,5.643,5.645,5.083,5.29
1738526400000,5.29,5.355,4.85,5.147
1738540800000,5.147,5.151,3.752,4.335
1738555200000,4.335,4.71,4.125,4.702
1738569600000,4.702,4.781,4.509,4.684
1738584000000,4.684,4.939,4.483,4.908
1738598400000,4.908,5.177,4.862,5.165
1738612800000,5.165,5.276,4.99,5.174
1738627200000,5.174,5.225,4.991,5.03
1738641600000,5.03,5.058,4.632,4.642
1738656000000,4.642,4.889,4.628,4.773
1738670400000,4.773,4.915,4.72,4.795
1738684800000,4.795,4.943,4.745,4.745
1738699200000,4.745,4.799,4.578,4.737
1738713600000,4.737,4.796,4.689,4.74
1738728000000,4.74,4.803,4.69,4.745
1738742400000,4.745,4.826,4.694,4.821
1738756800000,4.821,4.859,4.721,4.812
1738771200000,4.812,4.826,4.625,4.763
1738785600000,4.763,4.787,4.626,4.685
1738800000000,4.685,4.779,4.664,4.751
1738814400000,4.751,4.836,4.738,4.781
1738828800000,4.781,4.82,4.712,4.751
1738843200000,4.751,4.757,4.488,4.528
1738857600000,4.528,4.594,4.465,4.498
1738872000000,4.498,4.589,4.429,4.487
1738886400000,4.487,4.624,4.48,4.582
1738900800000,4.582,4.618,4.503,4.581
1738915200000,4.581,4.724,4.559,4.712
1738929600000,4.712,4.935,4.684,4.832
1738944000000,4.832,4.836,4.665,4.677
1738958400000,4.677,4.682,4.454,4.588
1738972800000,4.588,4.65,4.551,4.57
1738987200000,4.57,4.628,4.5,4.598
1739001600000,4.598,4.614,4.504,4.533
1739016000000,4.533,4.62,4.494,4.571
1739030400000,4.571,4.676,4.545,4.665
1739044800000,4.665,4.761,4.646,4.741
1739059200000,4.741,4.844,4.709,4.827
1739073600000,4.827,4.828,4.711,4.789
1739088000000,4.789,4.873,4.753,4.792
1739102400000,4.792,4.843,4.693,4.803
1739116800000,4.803,4.849,4.712,4.724
1739131200000,4.724,4.78,4.508,4.758
1739145600000,4.758,4.884,4.603,4.779
1739160000000,4.779,4.841,4.731,4.818
1739174400000,4.818,4.885,4.796,4.842
1739188800000,4.842,4.918,4.771,4.831
1739203200000,4.831,4.91,4.819,4.859
1739217600000,4.859,4.888,4.814,4.842
1739232000000,4.842,4.987,4.84,4.981
1739246400000,4.981,5.208,4.966,5.137
1739260800000,5.137,5.18,5.029,5.089
1739275200000,5.089,5.102,4.884,4.973
1739289600000,4.973,5.003,4.746,4.763
1739304000000,4.763,4.874,4.753,4.804
1739318400000,4.804,4.868,4.781,4.813
1739332800000,4.813,4.849,4.774,4.823
1739347200000,4.823,4.994,4.812,4.952
1739361600000,4.952,5.222,4.751,5.091
1739376000000,5.091,5.325,5.007,5.28
1739390400000,5.28,5.315,5.187,5.225
1739404800000,5.225,5.276,5.181,5.211
1739419200000,5.211,5.217,5.062,5.142
1739433600000,5.142,5.191,5.088,5.152
1739448000000,5.152,5.205,5.063,5.158
1739462400000,5.158,5.193,5.074,5.135
1739476800000,5.135,5.189,5.106,5.128
1739491200000,5.128,5.241,5.093,5.228
1739505600000,5.228,5.24,5.131,5.172
1739520000000,5.172,5.293,5.172,5.222
1739534400000,5.222,5.275,5.15,5.223
1739548800000,5.223,5.375,5.183,5.287
1739563200000,5.287,5.306,5.122,5.168
1739577600000,5.168,5.215,5.109,5.185
1739592000000,5.185,5.202,5.088,5.099
1739606400000,5.099,5.122,5.027,5.056
1739620800000,5.056,5.114,4.994,5.044
1739635200000,5.044,5.12,5.008,5.056
1739649600000,5.056,5.065,4.977,5.019
1739664000000,5.019,5.043,4.941,4.973
1739678400000,4.973,5.012,4.881,4.906
1739692800000,4.906,5.018,4.892,5.01
1739707200000,5.01,5.025,4.874,4.938
1739721600000,4.938,4.956,4.824,4.891
1739736000000,4.891,4.927,4.85,4.875
1739750400000,4.875,4.952,4.873,4.891
1739764800000,4.891,4.927,4.786,4.872
1739779200000,4.872,4.983,4.853,4.95
1739793600000,4.95,5.067,4.888,4.9
1739808000000,4.9,4.941,4.769,4.861
1739822400000,4.861,4.93,4.854,4.886
1739836800000,4.886,4.912,4.837,4.901
1739851200000,4.901,4.915,4.674,4.71
1739865600000,4.71,4.804,4.667,4.765
1739880000000,4.765,4.834,4.615,4.654
1739894400000,4.654,4.697,4.556,4.67
1739908800000,4.67,4.77,4.648,4.765
1739923200000,4.765,4.794,4.701,4.778
1739937600000,4.778,4.824,4.695,4.794
1739952000000,4.794,4.843,4.754,4.834
1739966400000,4.834,4.89,4.782,4.822
1739980800000,4.822,4.886,4.806,4.864
1739995200000,4.864,4.907,4.819,4.882
1740009600000,4.882,4.998,4.875,4.975
1740024000000,4.975,5.036,4.934,4.934
1740038400000,4.934,4.992,4.923,4.962
1740052800000,4.962,5.03,4.911,4.923
1740067200000,4.923,5.061,4.915,5.042
1740081600000,5.042,5.065,5.008,5.044
1740096000000,5.044,5.06,5.021,5.025
1740110400000,5.025,5.094,5.024,5.038
1740124800000,5.038,5.178,5.028,5.154
1740139200000,5.154,5.339,5.09,5.2
1740153600000,5.2,5.298,4.95,4.982
1740168000000,4.982,5.12,4.97,5.059
1740182400000,5.059,5.217,5.044,5.138
1740196800000,5.138,5.198,5.082,5.098
1740211200000,5.098,5.129,5.074,5.093
1740225600000,5.093,5.135,5.025,5.066
1740240000000,5.066,5.145,5.066,5.093
1740254400000,5.093,5.093,5.033,5.043
1740268800000,5.043,5.127,5.029,5.059
1740283200000,5.059,5.113,5.031,5.103
1740297600000,5.103,5.118,5.01,5.01
1740312000000,5.01,5.033,4.944,4.953
1740326400000,4.953,4.995,4.929,4.94
1740340800000,4.94,4.981,4.904,4.957
1740355200000,4.957,4.984,4.784,4.793
1740369600000,4.793,4.835,4.739,4.801
1740384000000,4.801,4.803,4.659,4.731
1740398400000,4.731,4.763,4.606,4.668
1740412800000,4.668,4.711,4.579,4.62
1740427200000,4.62,4.679,4.332,4.412
1740441600000,4.412,4.461,4.297,4.39
1740456000000,4.39,4.422,4.134,4.26
1740470400000,4.26,4.409,4.184,4.402
1740484800000,4.402,4.51,4.321,4.427
1740499200000,4.427,4.635,4.368,4.632
1740513600000,4.632,4.755,4.607,4.638
1740528000000,4.638,4.745,4.591,4.706
1740542400000,4.706,4.7999,4.682,4.7638
1740556800000,4.7638,4.868,4.7175,4.8009
1740571200000,4.8009,4.9007,4.678,4.8433
1740585600000,4.8433,4.9296,4.645,4.6869
1740600000000,4.6869,4.8658,4.6126,4.7544
1740614400000,4.7544,4.909,4.712,4.85
1740628800000,4.85,5.0342,4.8063,4.9983
1740643200000,4.9983,5.181,4.9682,5.0654
1740657600000,5.0654,5.1674,5.0221,5.0835
1740672000000,5.0835,5.1105,4.9042,4.9221
1740686400000,4.9221,4.9555,4.8416,4.9319
1740700800000,4.9319,4.9322,4.5881,4.5994
1740715200000,4.5994,4.6211,4.4852,4.534
1740729600000,4.534,4.672,4.4491,4.571
1740744000000,4.571,4.7938,4.48,4.7402
1740758400000,4.7402,4.7567,4.6583,4.7185
1740772800000,4.7185,4.738,4.6714,4.71
1740787200000,4.71,4.8153,4.6824,4.719
1740801600000,4.719,4.7651,4.6135,4.6151
1740816000000,4.6151,4.6841,4.5531,4.5804
1740830400000,4.5804,4.5923,4.5201,4.5742
1740844800000,4.5742,4.6515,4.5604,4.6426
1740859200000,4.6426,4.7289,4.6211,4.6601
1740873600000,4.6601,4.7094,4.635,4.6802
1740888000000,4.6802,4.6974,4.6235,4.6252
1740902400000,4.6252,4.6632,4.5964,4.633
1740916800000,4.633,4.8407,4.562,4.7455
1740931200000,4.7455,5.177,4.7361,5.1038
1740945600000,5.1038,5.226,5.0687,5.202
1740960000000,5.202,5.2466,5.051,5.0929
1740974400000,5.0929,5.146,4.8837,4.964
1740988800000,4.964,4.9757,4.802,4.9091
1741003200000,4.9091,5.0236,4.7971,4.862
1741017600000,4.862,4.9109,4.4431,4.4923
1741032000000,4.4923,4.5524,4.429,4.47
1741046400000,4.47,4.5108,4.1404,4.2232
1741060800000,4.2232,4.3363,4.2131,4.243
1741075200000,4.243,4.3087,4.2056,4.2254
1741089600000,4.2254,4.3581,4.1018,4.2195
1741104000000,4.2195,4.3829,4.0108,4.3714
1741118400000,4.3714,4.4178,4.275,4.3244
1741132800000,4.3244,4.3964,4.2751,4.2857
1741147200000,4.2857,4.3418,4.2739,4.3371
1741161600000,4.3371,4.4785,4.3284,4.3959
1741176000000,4.3959,4.4404,4.3044,4.3623
1741190400000,4.3623,4.492,4.3268,4.4828
1741204800000,4.4828,4.546,4.4828,4.5224
1741219200000,4.5224,4.5569,4.4479,4.5551
1741233600000,4.5551,4.66,4.5178,4.5277
1741248000000,4.5277,4.6014,4.5179,4.5728
1741262400000,4.5728,4.5795,4.4222,4.495
1741276800000,4.495,4.5128,4.3404,4.375
1741291200000,4.375,4.4914,4.3684,4.4249
1741305600000,4.4249,4.4733,4.2078,4.3731
1741320000000,4.3731,4.5506,4.3642,4.5469
1741334400000,4.5469,4.6356,4.5202,4.6226
1741348800000,4.6226,4.6753,4.5168,4.5745
1741363200000,4.5745,4.6233,4.4616,4.5518
1741377600000,4.5518,4.5765,4.3685,4.4098
1741392000000,4.4098,4.4416,4.3087,4.3891
1741406400000,4.3891,4.418,4.3498,4.3733
1741420800000,4.3733,4.4048,4.2875,4.328
1741435200000,4.328,4.4012,4.3245,4.338
1741449600000,4.338,4.3714,4.2553,4.3533
1741464000000,4.3533,4.354,4.2619,4.2863
1741478400000,4.2863,4.3458,4.2636,4.304
1741492800000,4.304,4.3438,4.2865,4.3142
1741507200000,4.3142,4.3145,4.1987,4.2189
1741521600000,4.2189,4.2641,4.1271,4.1584
1741536000000,4.1584,4.1856,3.9754,4.0565
1741550400000,4.0565,4.09,3.9827,4.0153
1741564800000,4.0153,4.2211,3.9663,4.1979
1741579200000,4.1979,4.2446,4.1457,4.1658
1741593600000,4.1658,4.281,4.12,4.2153
1741608000000,4.2153,4.2374,3.99,4.0618
1741622400000,4.0618,4.0812,3.77,3.9329
1741636800000,3.9329,3.9706,3.8592,3.8665
1741651200000,3.8665,3.9234,3.6479,3.8821
1741665600000,3.8821,3.9876,3.8762,3.9433
1741680000000,3.9433,4.0216,3.9326,3.9936
1741694400000,3.9936,4.0204,3.8145,3.9724
1741708800000,3.9724,4.1191,3.9324,4.1015
1741723200000,4.1015,4.1108,4.0291,4.0398
1741737600000,4.0398,4.0937,3.946,3.9511
1741752000000,3.9511,4.0114,3.9114,3.9857
1741766400000,3.9857,4.0639,3.9471,4.0155
1741780800000,4.0155,4.0944,3.844,3.9278
1741795200000,3.9278,3.9852,3.9154,3.9678
1741809600000,3.9678,3.9951,3.946,3.966
1741824000000,3.966,4.0271,3.923,3.9688
1741838400000,3.9688,3.984,3.9081,3.9451
1741852800000,3.9451,4.0686,3.9177,4.0673
1741867200000,4.0673,4.1074,3.94,3.9586
1741881600000,3.9586,3.9641,3.8217,3.8834
1741896000000,3.8834,4.002,3.8711,3.9779
1741910400000,3.9779,4.0605,3.966,4.0268
1741924800000,4.0268,4.0476,4.0112,4.0257
1741939200000,4.0257,4.189,4.0224,4.1605
1741953600000,4.1605,4.2015,4.0976,4.1652
1741968000000,4.1652,4.217,4.1646,4.1807
1741982400000,4.1807,4.2248,4.1552,4.1838
1741996800000,4.1838,4.249,4.1816,4.2358
1742011200000,4.2358,4.3082,4.225,4.2546
1742025600000,4.2546,4.3469,4.243,4.3454
1742040000000,4.3454,4.425,4.3387,4.375
1742054400000,4.375,4.401,4.3312,4.3509
1742068800000,4.3509,4.4008,4.3401,4.3465
1742083200000,4.3465,4.3568,4.2905,4.33
1742097600000,4.33,4.3538,4.2988,4.311
1742112000000,4.311,4.3228,4.1804,4.194
1742126400000,4.194,4.2591,4.1886,4.234
1742140800000,4.234,4.338,4.1985,4.226
1742155200000,4.226,4.3604,4.2216,4.2969
1742169600000,4.2969,4.464,4.2937,4.4317
1742184000000,4.4317,4.4404,4.3387,4.3863
1742198400000,4.3863,4.4332,4.3568,4.3676
1742212800000,4.3676,4.4186,4.3212,4.3716
1742227200000,4.3716,4.4342,4.336,4.4005
1742241600000,4.4005,4.4322,4.3633,4.3657
1742256000000,4.3657,4.3676,4.2552,4.26
1742270400000,4.26,4.3085,4.2279,4.2978
1742284800000,4.2978,4.3333,4.2488,4.2602
1742299200000,4.2602,4.3286,4.2519,4.2874
1742313600000,4.2874,4.3956,4.2372,4.3819
1742328000000,4.3819,4.4845,4.3555,4.4488
1742342400000,4.4488,4.5309,4.4334,4.5232
1742356800000,4.5232,4.5537,4.4926,4.5056
1742371200000,4.5056,4.5567,4.4688,4.5325
1742385600000,4.5325,4.5859,4.4853,4.5314
1742400000000,4.5314,4.5959,4.4536,4.5598
1742414400000,4.5598,4.5767,4.5006,4.534
1742428800000,4.534,4.5629,4.4654,4.4707
1742443200000,4.4707,4.4746,4.4314,4.4658
1742457600000,4.4658,4.497,4.3807,4.3947
1742472000000,4.3947,4.4541,4.3807,4.3865
1742486400000,4.3865,4.4034,4.3215,4.3404
1742500800000,4.3404,4.3984,4.3358,4.3952
1742515200000,4.3952,4.5378,4.3873,4.4615
1742529600000,4.4615,4.5636,4.4613,4.5061
1742544000000,4.5061,4.5351,4.4054,4.4227
1742558400000,4.4227,4.4688,4.3767,4.4433
1742572800000,4.4433,4.5766,4.4185,4.5134
1742587200000,4.5134,4.5845,4.4868,4.4963
1742601600000,4.4963,4.5007,4.4381,4.4569
1742616000000,4.4569,4.5274,4.4468,4.4719
1742630400000,4.4719,4.5074,4.4439,4.462
1742644800000,4.462,4.4814,4.4119,4.463
1742659200000,4.463,4.5429,4.45,4.5223
1742673600000,4.5223,4.5296,4.4244,4.4434
1742688000000,4.4434,4.4655,4.4282,4.4503
1742702400000,4.4503,4.486,4.4009,4.4558
1742716800000,4.4558,4.4848,4.418,4.4701
1742731200000,4.4701,4.4946,4.4477,4.4483
1742745600000,4.4483,4.4663,4.3967,4.4663
1742760000000,4.4663,4.5154,4.441,4.4987
1742774400000,4.4987,4.5681,4.466,4.547
1742788800000,4.547,4.7447,4.547,4.7072
1742803200000,4.7072,4.7711,4.6836,4.6903
1742817600000,4.6903,4.7499,4.6574,4.7229
1742832000000,4.7229,4.728,4.6636,4.6857
1742846400000,4.6857,4.7013,4.5776,4.6179
1742860800000,4.6179,4.6743,4.5797,4.5948
1742875200000,4.5948,4.6421,4.582,4.6103
1742889600000,4.6103,4.6814,4.6103,4.67
1742904000000,4.67,4.7184,4.6492,4.6648
1742918400000,4.6648,4.6818,4.6295,4.6567
1742932800000,4.6567,4.6849,4.6046,4.6344
1742947200000,4.6344,4.6937,4.5915,4.603
1742961600000,4.603,4.7264,4.5967,4.7184
1742976000000,4.7184,4.7652,4.678,4.7519
1742990400000,4.7519,4.76,4.6103,4.7077
1743004800000,4.7077,4.7366,4.6014,4.665
1743019200000,4.665,4.73,4.6391,4.69
1743033600000,4.69,4.755,4.682,4.7346
1743048000000,4.7346,4.7394,4.6606,4.6707
1743062400000,4.6707,4.6845,4.5751,4.5782
1743076800000,4.5782,4.6548,4.4912,4.5704
1743091200000,4.5704,4.6118,4.5447,4.5824
1743105600000,4.5824,4.6649,4.5777,4.6215
1743120000000,4.6215,4.6443,4.5519,4.5683
1743134400000,4.5683,4.572,4.3037,4.306
1743148800000,4.306,4.3299,4.246,4.2896
1743163200000,4.2896,4.3489,4.2382,4.2866
1743177600000,4.2866,4.315,4.2457,4.2658
1743192000000,4.2658,4.3068,4.2457,4.278
1743206400000,4.278,4.3011,4.1658,4.2284
1743220800000,4.2284,4.2379,4.1216,4.1368
1743235200000,4.1368,4.1771,4.0481,4.078
1743249600000,4.078,4.1149,4.0578,4.068
1743264000000,4.068,4.0885,4.0023,4.0672
1743278400000,4.0672,4.0686,3.9923,4.0479
1743292800000,4.0479,4.1475,4.0246,4.1043
1743307200000,4.1043,4.1327,4.0859,4.1246
1743321600000,4.1246,4.1693,4.0866,4.094
1743336000000,4.094,4.1093,4.0229,4.0601
1743350400000,4.0601,4.118,3.9971,4.0769
1743364800000,4.0769,4.0823,3.9822,4.0404
1743379200000,4.0404,4.0797,3.9691,4.0157
1743393600000,4.0157,4.0847,3.974,3.9972
1743408000000,3.9972,4.0389,3.9431,4.0251
1743422400000,4.0251,4.0897,3.9622,4.0539
1743436800000,4.0539,4.0814,4.0128,4.0335
1743451200000,4.0335,4.0568,4.006,4.0178
1743465600000,4.0178,4.0877,4.0123,4.078
1743480000000,4.078,4.1628,4.0731,4.1395
1743494400000,4.1395,4.257,4.1393,4.1894
1743508800000,4.1894,4.2801,4.1282,4.2494
1743523200000,4.2494,4.2596,4.144,4.1511
1743537600000,4.1511,4.1944,4.1264,4.168
1743552000000,4.168,4.1728,4.0585,4.1041
1743566400000,4.1041,4.1193,4.0119,4.0629
1743580800000,4.0629,4.1327,4.0477,4.063
1743595200000,4.063,4.2351,4.0404,4.2084
1743609600000,4.2084,4.2246,4.1146,4.1479
1743624000000,4.1479,4.2335,3.9076,3.9623
1743638400000,3.9623,4.1046,3.9379,4.0367
1743652800000,4.0367,4.0659,3.9707,3.9975
1743667200000,3.9975,4.023,3.9257,3.9404
1743681600000,3.9404,3.959,3.8419,3.9548
1743696000000,3.9548,4.0576,3.9417,4.0214
1743710400000,4.0214,4.0782,4.0003,4.0568
1743724800000,4.0568,4.0712,3.9845,4.0167
1743739200000,4.0167,4.0922,3.9777,4.0801
1743753600000,4.0801,4.1286,3.9426,4.0188
1743768000000,4.0188,4.1197,3.9918,4.054
1743782400000,4.054,4.0979,4.0172,4.0405
1743796800000,4.0405,4.0737,4.0076,4.0313
1743811200000,4.0313,4.067,4.0117,4.0208
1743825600000,4.0208,4.0272,3.9873,4.0033
1743840000000,4.0033,4.014,3.978,3.9809
1743854400000,3.9809,3.9887,3.8933,3.909
1743868800000,3.909,3.9517,3.9004,3.9244
1743883200000,3.9244,3.9618,3.9202,3.9535
1743897600000,3.9535,3.9736,3.9114,3.929
1743912000000,3.929,3.9586,3.9057,3.9179
1743926400000,3.9179,3.943,3.903,3.9382
1743940800000,3.9382,3.9413,3.836,3.8902
1743955200000,3.8902,3.8987,3.6805,3.7353
1743969600000,3.7353,3.7538,3.5962,3.6811
1743984000000,3.6811,3.7048,3.4378,3.4967
1743998400000,3.4967,3.544,3.2778,3.3282
1744012800000,3.3282,3.4782,3.301,3.401
1744027200000,3.401,3.7316,3.381,3.5958
1744041600000,3.5958,3.6482,3.5147,3.563
1744056000000,3.563,3.6492,3.5609,3.5896
1744070400000,3.5896,3.7027,3.5694,3.6471
1744084800000,3.6471,3.6773,3.5768,3.598
1744099200000,3.598,3.6754,3.564,3.6692
1744113600000,3.6692,3.6842,3.567,3.5912
1744128000000,3.5912,3.5935,3.3864,3.403
1744142400000,3.403,3.4486,3.3392,3.3744
1744156800000,3.3744,3.4188,3.2459,3.3527
1744171200000,3.3527,3.4885,3.3431,3.4762
1744185600000,3.4762,3.4886,3.3596,3.383
1744200000000,3.383,3.4522,3.337,3.3684
1744214400000,3.3684,3.7364,3.3581,3.6901
1744228800000,3.6901,3.7508,3.6272,3.639
1744243200000,3.639,3.6462,3.503,3.5487
1744257600000,3.5487,3.6077,3.5156,3.5537
1744272000000,3.5537,3.5612,3.4542,3.4987
1744286400000,3.4987,3.5649,3.3892,3.4083
1744300800000,3.4083,3.465,3.3879,3.448
1744315200000,3.448,3.4928,3.4448,3.461
1744329600000,3.461,3.5384,3.449,3.5297
1744344000000,3.5297,3.5414,3.4764,3.5024
1744358400000,3.5024,3.5444,3.4822,3.5086
1744372800000,3.5086,3.5507,3.4835,3.5277
1744387200000,3.5277,3.593,3.519,3.5674
1744401600000,3.5674,3.596,3.5385,3.5552
1744416000000,3.5552,3.5693,3.5228,3.5462
1744430400000,3.5462,3.5863,3.5351,3.5721
1744444800000,3.5721,3.6045,3.5655,3.5957
1744459200000,3.5957,3.7541,3.5873,3.7234
1744473600000,3.7234,3.7385,3.6776,3.7
1744488000000,3.7,3.7444,3.6951,3.7106
1744502400000,3.7106,3.7338,3.6687,3.6857
1744516800000,3.6857,3.6892,3.6302,3.6351
1744531200000,3.6351,3.7644,3.6226,3.7313
1744545600000,3.7313,3.7608,3.6403,3.701
1744560000000,3.701,3.8144,3.6538,3.7033
1744574400000,3.7033,3.7647,3.609,3.6653
1744588800000,3.6653,3.771,3.6626,3.6873
1744603200000,3.6873,3.732,3.6292,3.6643
1744617600000,3.6643,3.7874,3.6374,3.7723
1744632000000,3.7723,3.7987,3.681,3.7042
1744646400000,3.7042,3.7634,3.675,3.7314
1744660800000,3.7314,3.7388,3.659,3.6727
1744675200000,3.6727,3.7002,3.6307,3.6973
1744689600000,3.6973,3.6994,3.6457,3.6951
1744704000000,3.6951,3.7319,3.632,3.6572
1744718400000,3.6572,3.7203,3.5752,3.6008
1744732800000,3.6008,3.6169,3.5503,3.5768
1744747200000,3.5768,3.6039,3.5135,3.5169
1744761600000,3.5169,3.5686,3.5009,3.5512
1744776000000,3.5512,3.5569,3.5057,3.5152
1744790400000,3.5152,3.552,3.4818,3.5232
1744804800000,3.5232,3.6088,3.4818,3.5534
1744819200000,3.5534,3.6034,3.4661,3.5729
1744833600000,3.5729,3.617,3.5389,3.553
1744848000000,3.553,3.5915,3.5369,3.5584
1744862400000,3.5584,3.6962,3.5472,3.6565
1744876800000,3.6565,3.6782,3.6162,3.6389
1744891200000,3.6389,3.6558,3.5678,3.6379
1744905600000,3.6379,3.6848,3.6032,3.6305
1744920000000,3.6305,3.6607,3.6069,3.6328
1744934400000,3.6328,3.6595,3.608,3.6579
1744948800000,3.6579,3.6885,3.6411,3.6753
1744963200000,3.6753,3.7238,3.6675,3.7142
1744977600000,3.7142,3.7448,3.6711,3.6848
1744992000000,3.6848,3.7136,3.6793,3.694
1745006400000,3.694,3.7174,3.6723,3.6726
1745020800000,3.6726,3.7384,3.6429,3.7272
1745035200000,3.7272,3.736,3.713,3.727
1745049600000,3.727,3.7362,3.7168,3.7358
1745064000000,3.7358,3.7496,3.7144,3.73
1745078400000,3.73,3.785,3.7137,3.7781
1745092800000,3.7781,3.8908,3.777,3.8782
1745107200000,3.8782,3.9188,3.8648,3.9112
1745121600000,3.9112,3.9488,3.8651,3.8796
1745136000000,3.8796,3.8811,3.8088,3.8247
1745150400000,3.8247,3.8707,3.7857,3.8589
1745164800000,3.8589,3.9128,3.8534,3.888
1745179200000,3.888,3.9245,3.8677,3.8768
1745193600000,3.8768,3.9532,3.8706,3.9055
1745208000000,3.9055,3.9648,3.8902,3.9505
1745222400000,3.9505,3.9795,3.8822,3.8968
1745236800000,3.8968,3.9404,3.8631,3.882
1745251200000,3.882,3.8947,3.7921,3.8391
1745265600000,3.8391,3.8407,3.768,3.7771
1745280000000,3.7771,3.8097,3.7174,3.7481
1745294400000,3.7481,3.7792,3.6864,3.7632
1745308800000,3.7632,3.7953,3.7236,3.7803
1745323200000,3.7803,3.9286,3.7565,3.863
1745337600000,3.863,3.9206,3.8499,3.9024
1745352000000,3.9024,4.0375,3.8931,4.0062
1745366400000,4.0062,4.0952,3.9972,4.0901
1745380800000,4.0901,4.115,4.0502,4.0957
1745395200000,4.0957,4.1958,4.0787,4.1087
1745409600000,4.1087,4.1712,4.0102,4.0763
1745424000000,4.0763,4.1493,4.0388,4.067
1745438400000,4.067,4.1129,4.062,4.0904
1745452800000,4.0904,4.1006,3.9748,3.9797
1745467200000,3.9797,4.0416,3.964,3.9768
1745481600000,3.9768,4.0221,3.9278,3.9993
1745496000000,3.9993,4.168,3.982,4.1253
1745510400000,4.1253,4.2422,4.1171,4.2061
1745524800000,4.2061,4.2848,4.2061,4.2669
1745539200000,4.2669,4.3712,4.2036,4.2578
1745553600000,4.2578,4.3625,4.2367,4.3264
1745568000000,4.3264,4.3496,4.2582,4.3001
1745582400000,4.3001,4.3262,4.222,4.3022
1745596800000,4.3022,4.3207,4.2511,4.27
1745611200000,4.27,4.3013,4.2234,4.2492
1745625600000,4.2492,4.3592,4.2492,4.2648
1745640000000,4.2648,4.3296,4.2379,4.3031
1745654400000,4.3031,4.3398,4.2262,4.236
1745668800000,4.236,4.2915,4.1976,4.2817
1745683200000,4.2817,4.2935,4.2576,4.2754
1745697600000,4.2754,4.2985,4.252,4.26
1745712000000,4.26,4.2885,4.147,4.1762
1745726400000,4.1762,4.1869,4.1077,4.1409
1745740800000,4.1409,4.1596,4.1032,4.1125
1745755200000,4.1125,4.1383,4.071,4.0917
1745769600000,4.0917,4.1365,4.0519,4.1348
1745784000000,4.1348,4.1486,4.0841,4.0856
1745798400000,4.0856,4.1229,4.0065,4.1123
1745812800000,4.1123,4.2306,4.1039,4.2194
1745827200000,4.2194,4.2618,4.1764,4.226
1745841600000,4.226,4.2295,4.0831,4.1094
1745856000000,4.1094,4.2434,4.0852,4.2396
1745870400000,4.2396,4.2644,4.2067,4.2386
1745884800000,4.2386,4.3092,4.2386,4.274
1745899200000,4.274,4.3272,4.2348,4.2946
1745913600000,4.2946,4.3083,4.2379,4.251
1745928000000,4.251,4.2853,4.1948,4.27
1745942400000,4.27,4.2808,4.2236,4.225
1745956800000,4.225,4.2294,4.097,4.142
1745971200000,4.142,4.1709,4.0851,4.1659
1745985600000,4.1659,4.172,4.087,4.1117
1746000000000,4.1117,4.1697,4.0801,4.156
1746014400000,4.156,4.1572,4.0214,4.073
1746028800000,4.073,4.11,4.0343,4.0734
1746043200000,4.0734,4.135,4.0596,4.0629
1746057600000,4.0629,4.1273,4.0607,4.0952
1746072000000,4.0952,4.1209,4.0741,4.116
1746086400000,4.116,4.1875,4.1058,4.1746
1746100800000,4.1746,4.2115,4.1175,4.1539
1746115200000,4.1539,4.2036,4.1375,4.1652
1746129600000,4.1652,4.2221,4.1507,4.173
1746144000000,4.173,4.2856,4.1645,4.2392
1746158400000,4.2392,4.2493,4.1681,4.1834
1746172800000,4.1834,4.2306,4.1615,4.172
1746187200000,4.172,4.2382,4.1528,4.1998
1746201600000,4.1998,4.2295,4.1214,4.1353
1746216000000,4.1353,4.1675,4.1273,4.158
1746230400000,4.158,4.1599,4.0973,4.135
1746244800000,4.135,4.1699,4.1298,4.1387
1746259200000,4.1387,4.1468,4.071,4.081
1746273600000,4.081,4.1423,4.081,4.11
1746288000000,4.11,4.111,4.0057,4.0665
1746302400000,4.0665,4.0716,4.0212,4.0238
1746316800000,4.0238,4.0492,3.983,4.0016
1746331200000,4.0016,4.0398,3.978,4.0182
1746345600000,4.0182,4.027,3.949,3.9625
1746360000000,3.9625,3.9952,3.9258,3.9609
1746374400000,3.9609,3.9666,3.8952,3.9399
1746388800000,3.9399,3.9714,3.9019,3.9166
1746403200000,3.9166,4.0034,3.911,3.9694
1746417600000,3.9694,4.019,3.9546,3.9779
1746432000000,3.9779,3.9883,3.8902,3.9113
1746446400000,3.9113,3.9368,3.8831,3.8931
1746460800000,3.8931,3.9825,3.892,3.9343
1746475200000,3.9343,3.9561,3.8799,3.9154
1746489600000,3.9154,3.9282,3.8556,3.914
1746504000000,3.914,3.9265,3.8794,3.889
1746518400000,3.889,3.9,3.8201,3.838
1746532800000,3.838,3.9287,3.8235,3.9054
1746547200000,3.9054,3.9616,3.883,3.9334
1746561600000,3.9334,3.9737,3.8424,3.9677
1746576000000,3.9677,4.0044,3.9305,3.9607
1746590400000,3.9607,3.9833,3.9294,3.9796
1746604800000,3.9796,4.0008,3.9631,3.9746
1746619200000,3.9746,3.9778,3.9117,3.9182
1746633600000,3.9182,3.937,3.877,3.8996
1746648000000,3.8996,3.9838,3.8888,3.966
1746662400000,3.966,4.1686,3.9628,4.1668
1746676800000,4.1668,4.2641,4.1668,4.2103
1746691200000,4.2103,4.3212,4.2097,4.245
1746705600000,4.245,4.3489,4.2008,4.2963
1746720000000,4.2963,4.3323,4.2722,4.328
1746734400000,4.328,4.4904,4.3114,4.4542
1746748800000,4.4542,4.5491,4.4322,4.4726
1746763200000,4.4726,4.6343,4.4454,4.6035
1746777600000,4.6035,4.7509,4.5492,4.6865
1746792000000,4.6865,4.7609,4.6244,4.7294
1746806400000,4.7294,4.8624,4.6916,4.7598
1746820800000,4.7598,4.8191,4.7439,4.7992
1746835200000,4.7992,5.0364,4.7957,4.9778
1746849600000,4.9778,5.1315,4.9291,5.0612
1746864000000,5.0612,5.2086,5.0287,5.0461
1746878400000,5.0461,5.1165,4.9711,5.0026
1746892800000,5.0026,5.1383,4.9859,5.0725
1746907200000,5.0725,5.3189,5.0405,5.3068
1746921600000,5.3068,5.3638,5.0456,5.124
1746936000000,5.124,5.2119,4.9453,5.0
1746950400000,5.0,5.1155,4.9767,5.1069
1746964800000,5.1069,5.1194,4.9931,5.0469
1746979200000,5.0469,5.1509,4.9812,5.1005
1746993600000,5.1005,5.1471,5.0532,5.0941
1747008000000,5.0941,5.156,5.0149,5.1462
1747022400000,5.1462,5.3947,5.0924,5.268
1747036800000,5.268,5.3095,5.1745,5.1983
1747051200000,5.1983,5.3756,5.0581,5.1056
1747065600000,5.1056,5.1836,4.8861,5.0464
1747080000000,5.0464,5.114,5.0121,5.0664
1747094400000,5.0664,5.067,4.8177,4.8396
1747108800000,4.8396,5.0108,4.8285,4.9691
1747123200000,4.9691,5.0622,4.939,5.0021
1747137600000,5.0021,5.0713,4.9502,5.0412
1747152000000,5.0412,5.2736,5.0328,5.2108
1747166400000,5.2108,5.2335,5.1524,5.1906
1747180800000,5.1906,5.2662,5.1211,5.1944
1747195200000,5.1944,5.2497,5.1332,5.1483
1747209600000,5.1483,5.1641,5.0094,5.1248
1747224000000,5.1248,5.13,4.9705,5.0187
1747238400000,5.0187,5.0419,4.9503,5.0146
1747252800000,5.0146,5.0253,4.9441,4.9776
1747267200000,4.9776,5.025,4.8826,4.8992
1747281600000,4.8992,4.9276,4.753,4.759
1747296000000,4.759,4.8512,4.7127,4.7853
1747310400000,4.7853,4.8924,4.6801,4.8347
1747324800000,4.8347,4.9281,4.7438,4.8027
1747339200000,4.8027,4.8389,4.6745,4.7744
1747353600000,4.7744,4.8781,4.7457,4.8684
1747368000000,4.8684,4.9118,4.8141,4.8758
1747382400000,4.8758,4.9542,4.7898,4.9269
1747396800000,4.9269,4.9395,4.8451,4.9045
1747411200000,4.9045,4.9258,4.802,4.8386
1747425600000,4.8386,4.8405,4.701,4.75
1747440000000,4.75,4.7659,4.6015,4.6806
1747454400000,4.6806,4.761,4.6695,4.7268
1747468800000,4.7268,4.7476,4.65,4.6822
1747483200000,4.6822,4.6979,4.6024,4.6564
1747497600000,4.6564,4.6768,4.5634,4.5892
1747512000000,4.5892,4.6788,4.5524,4.6102
1747526400000,4.6102,4.6419,4.5781,4.6034
1747540800000,4.6034,4.754,4.6019,4.747
1747555200000,4.747,4.7992,4.7314,4.742
1747569600000,4.742,4.9181,4.716,4.9081
1747584000000,4.9081,4.9165,4.5818,4.5831
1747598400000,4.5831,4.811,4.504,4.79
1747612800000,4.79,4.8185,4.539,4.5496
1747627200000,4.5496,4.5792,4.41,4.4978
1747641600000,4.4978,4.531,4.4583,4.5201
1747656000000,4.5201,4.5819,4.4331,4.5547
1747670400000,4.5547,4.6499,4.52,4.5964
1747684800000,4.5964,4.6114,4.5548,4.5924
1747699200000,4.5924,4.7245,4.571,4.6434
1747713600000,4.6434,4.6823,4.5731,4.5897
1747728000000,4.5897,4.6079,4.5259,4.5662
1747742400000,4.5662,4.6061,4.516,4.5976
1747756800000,4.5976,4.6536,4.5212,4.6314
1747771200000,4.6314,4.7012,4.6121,4.6734
1747785600000,4.6734,4.751,4.6186,4.7253
1747800000000,4.7253,4.7716,4.6651,4.6796
1747814400000,4.6796,4.7152,4.619,4.6781
1747828800000,4.6781,4.7734,4.6467,4.7561
1747843200000,4.7561,4.8749,4.6084,4.7509
1747857600000,4.7509,4.7997,4.7021,4.7363
1747872000000,4.7363,4.8608,4.7283,4.8414
1747886400000,4.8414,4.8618,4.7803,4.8549
1747900800000,4.8549,4.9477,4.8447,4.8774
1747915200000,4.8774,4.9765,4.8393,4.9314
1747929600000,4.9314,4.9656,4.8875,4.9009
1747944000000,4.9009,4.9604,4.8801,4.9462
1747958400000,4.9462,5.1087,4.928,5.1041
1747972800000,5.1041,5.1176,4.899,4.9202
1747987200000,4.9202,5.0117,4.715,4.7439
1748001600000,4.7439,4.816,4.5795,4.7124
1748016000000,4.7124,4.7671,4.6751,4.6895
1748030400000,4.6895,4.6899,4.5269,4.5567
1748044800000,4.5567,4.6309,4.5376,4.6134
1748059200000,4.6134,4.6284,4.561,4.5891
1748073600000,4.5891,4.6309,4.5737,4.6072
1748088000000,4.6072,4.6133,4.5541,4.5658
1748102400000,4.5658,4.6071,4.5402,4.5888
1748116800000,4.5888,4.6038,4.5089,4.5426
1748131200000,4.5426,4.5615,4.4531,4.5159
1748145600000,4.5159,4.5466,4.4904,4.509
1748160000000,4.509,4.509,4.425,4.4548
1748174400000,4.4548,4.4893,4.3464,4.4088
1748188800000,4.4088,4.4599,4.3661,4.4416
1748203200000,4.4416,4.5269,4.3936,4.5206
1748217600000,4.5206,4.5716,4.492,4.5604
1748232000000,4.5604,4.615,4.5329,4.6052
1748246400000,4.6052,4.6066,4.509,4.5189
1748260800000,4.5189,4.5518,4.4624,4.5242
1748275200000,4.5242,4.5458,4.4235,4.4452
1748289600000,4.4452,4.4985,4.431,4.4659
1748304000000,4.4659,4.4915,4.3678,4.4248
1748318400000,4.4248,4.5365,4.4234,4.5193
1748332800000,4.5193,4.5725,4.5193,4.5595
1748347200000,4.5595,4.6119,4.4925,4.58
1748361600000,4.58,4.6128,4.5466,4.5517
1748376000000,4.5517,4.5938,4.5123,4.5334
1748390400000,4.5334,4.5593,4.4832,4.5466
1748404800000,4.5466,4.5719,4.4909,4.534
1748419200000,4.534,4.614,4.5012,4.6139
1748433600000,4.6139,4.6619,4.47,4.4866
1748448000000,4.4866,4.5551,4.4152,4.4213
1748462400000,4.4213,4.5948,4.4177,4.5854
1748476800000,4.5854,4.6817,4.5606,4.627
1748491200000,4.627,4.6329,4.5206,4.5514
1748505600000,4.5514,4.5959,4.535,4.5829
1748520000000,4.5829,4.5851,4.4518,4.4946
1748534400000,4.4946,4.5156,4.4,4.4317
1748548800000,4.4317,4.4656,4.3268,4.33
1748563200000,4.33,4.3545,4.0894,4.2099
1748577600000,4.2099,4.2227,4.135,4.185
1748592000000,4.185,4.2228,4.1591,4.2145
1748606400000,4.2145,4.2214,4.1544,4.1721
1748620800000,4.1721,4.194,4.0351,4.18
1748635200000,4.18,4.1835,4.0,4.0456
1748649600000,4.0456,4.0607,3.8904,3.9584
1748664000000,3.9584,4.0082,3.923,3.9829
1748678400000,3.9829,4.0133,3.9612,3.9778
1748692800000,3.9778,4.1178,3.9711,4.076
1748707200000,4.076,4.1172,4.0642,4.0936
1748721600000,4.0936,4.1147,4.0663,4.0733
1748736000000,4.0733,4.0849,4.0237,4.064
1748750400000,4.064,4.0993,4.0335,4.0432
1748764800000,4.0432,4.0456,3.9661,4.0218
1748779200000,4.0218,4.0638,3.9876,4.0461
1748793600000,4.0461,4.0846,3.9909,4.0369
1748808000000,4.0369,4.0789,4.0204,4.0628
1748822400000,4.0628,4.0871,3.9989,4.0174
1748836800000,4.0174,4.0482,4.006,4.0117
1748851200000,4.0117,4.0229,3.948,3.9684
1748865600000,3.9684,4.054,3.9629,4.0314
1748880000000,4.0314,4.0592,4.007,4.0334
1748894400000,4.0334,4.1685,4.0333,4.1448
1748908800000,4.1448,4.22,4.1392,4.1455
1748923200000,4.1455,4.1865,4.1211,4.1614
1748937600000,4.1614,4.179,4.1334,4.149
1748952000000,4.149,4.2041,4.1274,4.1807
1748966400000,4.1807,4.204,4.1622,4.1908
1748980800000,4.1908,4.1933,4.092,4.1344
1748995200000,4.1344,4.2042,4.1174,4.1866
1749009600000,4.1866,4.2114,4.1668,4.18
1749024000000,4.18,4.2022,4.123,4.126
1749038400000,4.126,4.1339,4.035,4.1044
1749052800000,4.1044,4.1052,4.0277,4.037
1749067200000,4.037,4.0431,3.9814,4.0036
1749081600000,4.0036,4.0438,3.9945,4.0318
1749096000000,4.0318,4.0557,4.0066,4.0274
1749110400000,4.0274,4.038,3.9839,4.0039
1749124800000,4.0039,4.0747,3.9576,4.0156
1749139200000,4.0156,4.0174,3.8258,3.8928
1749153600000,3.8928,3.9107,3.7372,3.8106
1749168000000,3.8106,3.917,3.7991,3.9129
1749182400000,3.9129,3.9208,3.8749,3.8778
1749196800000,3.8778,3.9164,3.8657,3.9074
1749211200000,3.9074,3.9892,3.9055,3.966
1749225600000,3.966,3.9799,3.8769,3.8866
1749240000000,3.8866,3.9098,3.8734,3.8828
1749254400000,3.8828,3.9787,3.864,3.9766
1749268800000,3.9766,4.0296,3.9552,4.0243
1749283200000,4.0243,4.034,3.9837,4.0235
1749297600000,4.0235,4.0555,4.0221,4.0368
1749312000000,4.0368,4.0437,4.0008,4.0133
1749326400000,4.0133,4.0505,4.0131,4.0275
1749340800000,4.0275,4.0378,4.0082,4.0176
1749355200000,4.0176,4.055,4.0121,4.0197
1749369600000,4.0197,4.0445,3.9732,4.0399
1749384000000,4.0399,4.0975,4.0269,4.0731
1749398400000,4.0731,4.1098,4.0576,4.0771
1749412800000,4.0771,4.0812,4.0144,4.022
1749427200000,4.022,4.0373,3.9831,4.0038
1749441600000,4.0038,4.0086,3.9595,3.9839
1749456000000,3.9839,4.0748,3.9709,4.053
1749470400000,4.053,4.0552,3.9783,4.0186
1749484800000,4.0186,4.0924,4.0186,4.0609
1749499200000,4.0609,4.1584,4.0608,4.1495
1749513600000,4.1495,4.2128,4.1409,4.148
1749528000000,4.148,4.1527,4.0931,4.1236
1749542400000,4.1236,4.2388,4.1011,4.2316
1749556800000,4.2316,4.308,4.1889,4.2364
1749571200000,4.2364,4.3125,4.2239,4.2716
1749585600000,4.2716,4.3148,4.228,4.2924
1749600000000,4.2924,4.3097,4.2359,4.2726
1749614400000,4.2726,4.3322,4.2484,4.3125
1749628800000,4.3125,4.3227,4.2068,4.2266
1749643200000,4.2266,4.3412,4.2128,4.3316
1749657600000,4.3316,4.3373,4.2151,4.2406
1749672000000,4.2406,4.2656,4.1379,4.1854
1749686400000,4.1854,4.2004,4.1206,4.1374
1749700800000,4.1374,4.1461,4.0531,4.0531
1749715200000,4.0531,4.0817,3.9981,4.0125
1749729600000,4.0125,4.1031,4.0032,4.024
1749744000000,4.024,4.094,3.9638,3.9768
1749758400000,3.9768,3.9928,3.9025,3.9167
1749772800000,3.9167,3.9169,3.6566,3.775
1749787200000,3.775,3.8304,3.7489,3.8216
1749801600000,3.8216,3.8548,3.7794,3.8427
1749816000000,3.8427,3.8558,3.7789,3.8224
1749830400000,3.8224,3.857,3.7488,3.7629
1749844800000,3.7629,3.8417,3.7563,3.8344
1749859200000,3.8344,3.8435,3.7936,3.8156
1749873600000,3.8156,3.8276,3.7844,3.8089
1749888000000,3.8089,3.8094,3.7749,3.8023
1749902400000,3.8023,3.8144,3.7471,3.7604
1749916800000,3.7604,3.7674,3.715,3.7405
1749931200000,3.7405,3.7909,3.7165,3.7787
1749945600000,3.7787,3.7942,3.7666,3.7843
1749960000000,3.7843,3.816,3.7653,3.7728
1749974400000,3.7728,3.7879,3.7521,3.7802
1749988800000,3.7802,3.8319,3.7705,3.802
1750003200000,3.802,3.8094,3.7622,3.7826
1750017600000,3.7826,3.8266,3.7328,3.8184
1750032000000,3.8184,3.8562,3.784,3.8405
1750046400000,3.8405,3.9041,3.8388,3.9018
1750060800000,3.9018,3.9157,3.8741,3.9038
1750075200000,3.9038,3.9588,3.8853,3.934
1750089600000,3.934,3.9886,3.934,3.9704
1750104000000,3.9704,3.9902,3.8349,3.845
1750118400000,3.845,3.8945,3.7688,3.8705
1750132800000,3.8705,3.873,3.8218,3.8304
1750147200000,3.8304,3.8327,3.7592,3.7728
1750161600000,3.7728,3.788,3.6944,3.7247
1750176000000,3.7247,3.7652,3.66,3.7446
1750190400000,3.7446,3.7525,3.6922,3.7163
1750204800000,3.7163,3.7592,3.714,3.7493
1750219200000,3.7493,3.7837,3.7378,3.7484
1750233600000,3.7484,3.7579,3.6322,3.6872
1750248000000,3.6872,3.696,3.5842,3.6344
1750262400000,3.6344,3.6432,3.5722,3.5968
1750276800000,3.5968,3.6717,3.5866,3.6205
1750291200000,3.6205,3.6558,3.5801,3.6036
1750305600000,3.6036,3.6158,3.56,3.5685
1750320000000,3.5685,3.5863,3.5528,3.5765
1750334400000,3.5765,3.5934,3.5224,3.5252
1750348800000,3.5252,3.5786,3.4934,3.552
1750363200000,3.552,3.5712,3.5347,3.5457
1750377600000,3.5457,3.5622,3.5027,3.5086
1750392000000,3.5086,3.5403,3.4562,3.538
1750406400000,3.538,3.5633,3.4956,3.543
1750420800000,3.543,3.5743,3.4613,3.4712
1750435200000,3.4712,3.4741,3.3278,3.4209
1750449600000,3.4209,3.4537,3.3949,3.436
1750464000000,3.436,3.4636,3.4318,3.4562
1750478400000,3.4562,3.4938,3.4426,3.4794
1750492800000,3.4794,3.5057,3.4576,3.4609
1750507200000,3.4609,3.4654,3.3848,3.4083
1750521600000,3.4083,3.4222,3.3417,3.3449
1750536000000,3.3449,3.3803,3.2029,3.3215
1750550400000,3.3215,3.3603,3.2327,3.2572
1750564800000,3.2572,3.3231,3.2449,3.2828
1750579200000,3.2828,3.3039,3.2449,3.2809
1750593600000,3.2809,3.2947,3.1227,3.1713
1750608000000,3.1713,3.2026,3.1304,3.1436
1750622400000,3.1436,3.1584,3.0108,3.1512
1750636800000,3.1512,3.18,3.1202,3.1761
1750651200000,3.1761,3.2451,3.1634,3.2121
1750665600000,3.2121,3.2264,3.168,3.1916
1750680000000,3.1916,3.2976,3.1767,3.2044
1750694400000,3.2044,3.2935,3.1093,3.2819
1750708800000,3.2819,3.4188,3.275,3.4132
1750723200000,3.4132,3.4294,3.3834,3.3987
1750737600000,3.3987,3.4826,3.3839,3.4112
1750752000000,3.4112,3.4493,3.382,3.4258
1750766400000,3.4258,3.4767,3.412,3.4471
1750780800000,3.4471,3.5208,3.4125,3.4302
1750795200000,3.4302,3.4612,3.4159,3.4368
1750809600000,3.4368,3.4573,3.4044,3.4245
1750824000000,3.4245,3.4408,3.3943,3.4284
1750838400000,3.4284,3.441,3.3717,3.4217
1750852800000,3.4217,3.4567,3.3482,3.359
1750867200000,3.359,3.4117,3.3431,3.3928
1750881600000,3.3928,3.4166,3.3378,3.3507
1750896000000,3.3507,3.4311,3.3312,3.3795
1750910400000,3.3795,3.3941,3.3311,3.3723
1750924800000,3.3723,3.3805,3.3104,3.3249
1750939200000,3.3249,3.3306,3.2679,3.3099
1750953600000,3.3099,3.3297,3.2827,3.3202
1750968000000,3.3202,3.3555,3.2888,3.2969
1750982400000,3.2969,3.3536,3.2719,3.3432
1750996800000,3.3432,3.377,3.2844,3.2932
1751011200000,3.2932,3.3297,3.2908,3.3095
1751025600000,3.3095,3.3602,3.2911,3.355
1751040000000,3.355,3.393,3.2895,3.3237
1751054400000,3.3237,3.3763,3.3163,3.3578
1751068800000,3.3578,3.3861,3.3461,3.3579
1751083200000,3.3579,3.3593,3.3374,3.3516
1751097600000,3.3516,3.3617,3.328,3.3544
1751112000000,3.3544,3.3749,3.3379,3.3725
1751126400000,3.3725,3.4159,3.3628,3.4006
1751140800000,3.4006,3.4235,3.3888,3.4046
1751155200000,3.4046,3.4226,3.3786,3.3798
1751169600000,3.3798,3.4095,3.3759,3.4091
1751184000000,3.4091,3.4359,3.406,3.4322
1751198400000,3.4322,3.4392,3.3908,3.3976
1751212800000,3.3976,3.4372,3.3942,3.4304
1751227200000,3.4304,3.5812,3.3996,3.5402
1751241600000,3.5402,3.5585,3.4681,3.4765
1751256000000,3.4765,3.4799,3.4099,3.4564
1751270400000,3.4564,3.4636,3.4068,3.4182
1751284800000,3.4182,3.4363,3.3478,3.3931
1751299200000,3.3931,3.458,3.3793,3.4534
1751313600000,3.4534,3.4628,3.3928,3.3952
1751328000000,3.3952,3.4179,3.3707,3.3827
1751342400000,3.3827,3.383,3.3102,3.3522
1751356800000,3.3522,3.3522,3.3188,3.3321
1751371200000,3.3321,3.3605,3.3056,3.3298
1751385600000,3.3298,3.3479,3.2778,3.2789
1751400000000,3.2789,3.2986,3.2535,3.2794
1751414400000,3.2794,3.313,3.2408,3.2993
1751428800000,3.2993,3.3385,3.2937,3.3114
1751443200000,3.3114,3.3355,3.2918,3.3237
1751457600000,3.3237,3.4321,3.3151,3.4305
1751472000000,3.4305,3.5882,3.4304,3.5781
1751486400000,3.5781,3.6226,3.5363,3.5436
1751500800000,3.5436,3.5696,3.5302,3.5331
1751515200000,3.5331,3.6623,3.531,3.6527
1751529600000,3.6527,3.6589,3.5767,3.5875
1751544000000,3.5875,3.6241,3.495,3.5036
1751558400000,3.5036,3.5496,3.5017,3.5432
1751572800000,3.5432,3.564,3.5282,3.5374
1751587200000,3.5374,3.5593,3.5009,3.5136
1751601600000,3.5136,3.5227,3.4412,3.4434
1751616000000,3.4434,3.4618,3.4082,3.4352
1751630400000,3.4352,3.4418,3.3485,3.3507
1751644800000,3.3507,3.3553,3.311,3.3288
1751659200000,3.3288,3.3941,3.3211,3.3546
1751673600000,3.3546,3.3805,3.3335,3.3654
1751688000000,3.3654,3.3878,3.3411,3.3711
1751702400000,3.3711,3.381,3.3427,3.362
1751716800000,3.362,3.3642,3.3349,3.3432
1751731200000,3.3432,3.3494,3.3047,3.3354
1751745600000,3.3354,3.3613,3.3275,3.3531
1751760000000,3.3531,3.3563,3.3336,3.3422
1751774400000,3.3422,3.3545,3.3261,3.3452
1751788800000,3.3452,3.3686,3.3338,3.3684
1751803200000,3.3684,3.4206,3.346,3.3889
1751817600000,3.3889,3.4057,3.3666,3.3894
1751832000000,3.3894,3.4455,3.353,3.3918
1751846400000,3.3918,3.4356,3.3763,3.4129
1751860800000,3.4129,3.426,3.3786,3.4089
1751875200000,3.4089,3.4136,3.3688,3.3814
1751889600000,3.3814,3.4253,3.3637,3.391
1751904000000,3.391,3.4041,3.3456,3.3798
1751918400000,3.3798,3.3799,3.3217,3.3673
1751932800000,3.3673,3.385,3.331,3.3453
1751947200000,3.3453,3.3548,3.33,3.3532
1751961600000,3.3532,3.3978,3.3238,3.3826
1751976000000,3.3826,3.4142,3.3619,3.3697
1751990400000,3.3697,3.467,3.357,3.436
1752004800000,3.436,3.4742,3.4272,3.4455
1752019200000,3.4455,3.4527,3.4127,3.4167
1752033600000,3.4167,3.4859,3.4153,3.4811
1752048000000,3.4811,3.5264,3.4704,3.5193
1752062400000,3.5193,3.5637,3.4889,3.5213
1752076800000,3.5213,3.6335,3.4985,3.6228
1752091200000,3.6228,3.658,3.5828,3.6188
1752105600000,3.6188,3.6478,3.5883,3.6395
1752120000000,3.6395,3.6818,3.6213,3.6576
1752134400000,3.6576,3.6972,3.6436,3.6668
1752148800000,3.6668,3.6839,3.6146,3.627
1752163200000,3.627,3.7559,3.6209,3.711
1752177600000,3.711,3.8928,3.7091,3.8796
1752192000000,3.8796,3.9314,3.8103,3.9147
1752206400000,3.9147,4.0148,3.8883,3.9076
1752220800000,3.9076,3.9977,3.9071,3.9352
1752235200000,3.9352,4.1087,3.9318,3.9776
1752249600000,3.9776,4.0842,3.9558,4.0762
1752264000000,4.0762,4.0766,3.8277,3.9053
1752278400000,3.9053,4.014,3.8499,4.014
1752292800000,4.014,4.0666,3.9062,3.9861
1752307200000,3.9861,4.024,3.9571,3.9883
1752321600000,3.9883,4.0032,3.7923,3.8224
1752336000000,3.8224,3.9098,3.8055,3.8983
1752350400000,3.8983,3.9039,3.8281,3.8907
1752364800000,3.8907,3.9283,3.8745,3.9193
1752379200000,3.9193,4.0001,3.8958,3.9994
1752393600000,3.9994,4.0131,3.9349,3.9676
1752408000000,3.9676,4.066,3.9537,4.007
1752422400000,4.007,4.0588,3.9707,4.0174
1752436800000,4.0174,4.0414,3.936,3.9817
1752451200000,3.9817,4.1582,3.9697,4.1398
1752465600000,4.1398,4.194,4.0723,4.1495
1752480000000,4.1495,4.1532,4.0771,4.0855
1752494400000,4.0855,4.1313,3.9674,4.0023
1752508800000,4.0023,4.0372,3.9302,3.9448
1752523200000,3.9448,3.9758,3.8997,3.948
1752537600000,3.948,3.9833,3.8008,3.8318
1752552000000,3.8318,3.8974,3.797,3.8632
1752566400000,3.8632,3.901,3.8322,3.8824
1752580800000,3.8824,3.9636,3.8364,3.946
1752595200000,3.946,4.0985,3.9438,3.9484
1752609600000,3.9484,4.0996,3.934,4.0827
1752624000000,4.0827,4.1265,4.0106,4.0424
1752638400000,4.0424,4.144,4.009,4.1261
1752652800000,4.1261,4.1397,4.0924,4.1156
1752667200000,4.1156,4.1895,4.0793,4.1335
1752681600000,4.1335,4.2348,4.1114,4.1716
1752696000000,4.1716,4.2727,4.1352,4.1557
1752710400000,4.1557,4.2165,4.0635,4.0958
1752724800000,4.0958,4.2249,4.0804,4.1879
1752739200000,4.1879,4.2778,4.18,4.2232
1752753600000,4.2232,4.2706,4.1406,4.1891
1752768000000,4.1891,4.2087,4.1002,4.122
1752782400000,4.122,4.3057,4.0743,4.2592
1752796800000,4.2592,4.438,4.234,4.4373
1752811200000,4.4373,4.6264,4.4098,4.4865
1752825600000,4.4865,4.5438,4.3809,4.4285
1752840000000,4.4285,4.4954,4.2517,4.2942
1752854400000,4.2942,4.3609,4.2239,4.257
1752868800000,4.257,4.2712,4.1278,4.2291
1752883200000,4.2291,4.3,4.1314,4.2973
1752897600000,4.2973,4.3359,4.2719,4.2846
1752912000000,4.2846,4.3038,4.224,4.2298
1752926400000,4.2298,4.2531,4.1641,4.2201
1752940800000,4.2201,4.4082,4.2022,4.3887
1752955200000,4.3887,4.4542,4.309,4.41
1752969600000,4.41,4.4354,4.3577,4.3901
1752984000000,4.3901,4.4437,4.3496,4.4154
1752998400000,4.4154,4.5101,4.4153,4.4928
1753012800000,4.4928,4.5564,4.462,4.5418
1753027200000,4.5418,4.5899,4.4713,4.5273
1753041600000,4.5273,4.5396,4.3705,4.4802
1753056000000,4.4802,4.5497,4.3942,4.5396
1753070400000,4.5396,4.607,4.5041,4.5852
1753084800000,4.5852,4.6239,4.513,4.5861
1753099200000,4.5861,4.6783,4.549,4.598
1753113600000,4.598,4.6027,4.4301,4.4475
1753128000000,4.4475,4.5232,4.4264,4.5012
1753142400000,4.5012,4.5432,4.3548,4.4204
1753156800000,4.4204,4.4421,4.3083,4.3901
1753171200000,4.3901,4.4175,4.2797,4.4096
1753185600000,4.4096,4.5008,4.3325,4.4233
1753200000000,4.4233,4.4752,4.3562,4.3704
1753214400000,4.3704,4.5566,4.3561,4.5528
1753228800000,4.5528,4.5548,4.4477,4.477
1753243200000,4.477,4.5433,4.4309,4.4504
1753257600000,4.4504,4.4683,4.328,4.3678
1753272000000,4.3678,4.3794,4.1215,4.2423
1753286400000,4.2423,4.2423,4.075,4.1391
1753300800000,4.1391,4.1659,4.0,4.1138
1753315200000,4.1138,4.2033,4.0872,4.1412
1753329600000,4.1412,4.1568,3.8889,4.0085
1753344000000,4.0085,4.0408,3.9137,4.0195
1753358400000,4.0195,4.1365,3.938,4.0826
1753372800000,4.0826,4.1112,3.9815,4.0576
1753387200000,4.0576,4.0972,3.9801,4.0002
1753401600000,4.0002,4.0154,3.8613,3.9242
1753416000000,3.9242,3.982,3.8804,3.9366
1753430400000,3.9366,4.0606,3.9232,4.0467
1753444800000,4.0467,4.077,3.898,3.9539
1753459200000,3.9539,4.0224,3.9281,3.9944
1753473600000,3.9944,4.1015,3.9934,4.0875
1753488000000,4.0875,4.1305,4.0688,4.1208
1753502400000,4.1208,4.1257,4.0873,4.0937
1753516800000,4.0937,4.1174,4.0838,4.1056
1753531200000,4.1056,4.1459,4.0879,4.1443
1753545600000,4.1443,4.196,4.1035,4.1912
1753560000000,4.1912,4.1953,4.1192,4.1236
1753574400000,4.1236,4.1934,4.1122,4.1617
1753588800000,4.1617,4.2061,4.1523,4.1624
1753603200000,4.1624,4.19,4.114,4.1511
1753617600000,4.1511,4.186,4.1346,4.1702
1753632000000,4.1702,4.2191,4.1616,4.182
1753646400000,4.182,4.254,4.1629,4.2411
1753660800000,4.2411,4.2691,4.1816,4.248
1753675200000,4.248,4.3105,4.2259,4.274
1753689600000,4.274,4.2864,4.2079,4.2248
1753704000000,4.2248,4.2384,4.0474,4.0712
1753718400000,4.0712,4.0944,3.9729,4.0057
1753732800000,4.0057,4.0131,3.9269,3.964
1753747200000,3.964,4.0019,3.9021,3.99
1753761600000,3.99,4.0807,3.9636,4.0713
1753776000000,4.0713,4.0742,3.9581,3.992
1753790400000,3.992,4.0389,3.8879,3.9137
1753804800000,3.9137,3.921,3.8361,3.8543
1753819200000,3.8543,3.9136,3.8174,3.9021
1753833600000,3.9021,3.9201,3.8338,3.8944
1753848000000,3.8944,3.9067,3.8499,3.8679
1753862400000,3.8679,3.8862,3.7341,3.756
1753876800000,3.756,3.8572,3.7283,3.818
1753891200000,3.818,3.858,3.6165,3.7764
1753905600000,3.7764,3.8106,3.7334,3.8042
1753920000000,3.8042,3.88,3.7968,3.8732
1753934400000,3.8732,3.8997,3.861,3.8838
1753948800000,3.8838,3.9194,3.8765,3.8857
1753963200000,3.8857,3.8891,3.7403,3.786
1753977600000,3.786,3.871,3.7324,3.7465
1753992000000,3.7465,3.7615,3.6615,3.6787
1754006400000,3.6787,3.72,3.5826,3.6905
1754020800000,3.6905,3.6907,3.6146,3.655
1754035200000,3.655,3.6577,3.5564,3.6495
1754049600000,3.6495,3.6905,3.5414,3.6419
1754064000000,3.6419,3.6699,3.5328,3.6236
1754078400000,3.6236,3.6306,3.4408,3.5437
1754092800000,3.5437,3.5975,3.5344,3.5944
1754107200000,3.5944,3.6275,3.5068,3.5841
1754121600000,3.5841,3.5904,3.5118,3.551
1754136000000,3.551,3.5723,3.4819,3.4934
1754150400000,3.4934,3.5338,3.4241,3.4778
1754164800000,3.4778,3.5272,3.4725,3.5059
1754179200000,3.5059,3.5541,3.4552,3.5378
1754193600000,3.5378,3.5791,3.5261,3.5739
1754208000000,3.5739,3.614,3.5682,3.6028
1754222400000,3.6028,3.6141,3.5643,3.5869
1754236800000,3.5869,3.6139,3.5692,3.5956
1754251200000,3.5956,3.6246,3.5848,3.5998
1754265600000,3.5998,3.6641,3.5952,3.6205
1754280000000,3.6205,3.651,3.6037,3.6325
1754294400000,3.6325,3.646,3.608,3.6182
1754308800000,3.6182,3.7074,3.6115,3.6894
1754323200000,3.6894,3.7539,3.6641,3.6773
1754337600000,3.6773,3.7331,3.6708,3.7171
1754352000000,3.7171,3.7222,3.6583,3.66
1754366400000,3.66,3.6761,3.5838,3.5955
1754380800000,3.5955,3.702,3.5892,3.6982
1754395200000,3.6982,3.7027,3.5576,3.576
1754409600000,3.576,3.6161,3.5682,3.5812
1754424000000,3.5812,3.623,3.5343,3.6186
1754438400000,3.6186,3.6186,3.5572,3.5698
1754452800000,3.5698,3.6461,3.5509,3.6329
1754467200000,3.6329,3.642,3.5925,3.6057
1754481600000,3.6057,3.6797,3.5711,3.676
1754496000000,3.676,3.6943,3.6386,3.6714
1754510400000,3.6714,3.6838,3.6564,3.6724
1754524800000,3.6724,3.6957,3.6421,3.645
1754539200000,3.645,3.6904,3.6426,3.6822
1754553600000,3.6822,3.7869,3.6704,3.7852
1754568000000,3.7852,3.8025,3.739,3.7641
1754582400000,3.7641,3.7863,3.688,3.7856
1754596800000,3.7856,3.8795,3.782,3.8652
1754611200000,3.8652,3.927,3.8066,3.8741
1754625600000,3.8741,3.9491,3.8369,3.9189
1754640000000,3.9189,3.9432,3.8855,3.914
1754654400000,3.914,3.964,3.8557,3.882
1754668800000,3.882,3.9872,3.8794,3.9871
1754683200000,3.9871,3.9971,3.9555,3.9777
1754697600000,3.9777,4.0209,3.969,3.9978
1754712000000,3.9978,4.09,3.9876,4.0718
1754726400000,4.0718,4.1128,4.0671,4.0992
1754740800000,4.0992,4.1404,4.0485,4.0737
1754755200000,4.0737,4.1391,4.0737,4.1289
1754769600000,4.1289,4.1642,4.1067,4.1357
1754784000000,4.1357,4.1789,4.0851,4.1348
1754798400000,4.1348,4.1688,4.0034,4.0083
1754812800000,4.0083,4.0559,3.9633,3.9911
1754827200000,3.9911,4.0822,3.9734,4.0546
1754841600000,4.0546,4.0908,4.0319,4.0717
1754856000000,4.0717,4.0794,4.0099,4.047
1754870400000,4.047,4.1556,4.0305,4.1285
1754884800000,4.1285,4.1584,4.0373,4.0447
1754899200000,4.0447,4.0717,3.909,3.9304
1754913600000,3.9304,3.9836,3.8808,3.9632
1754928000000,3.9632,4.02,3.8768,3.9079
1754942400000,3.9079,3.922,3.8153,3.8536
1754956800000,3.8536,3.9327,3.8439,3.8948
1754971200000,3.8948,3.9339,3.8499,3.92
1754985600000,3.92,3.9212,3.8333,3.8826
1755000000000,3.8826,4.0939,3.869,4.0916
1755014400000,4.0916,4.232,4.0714,4.1723
1755028800000,4.1723,4.2093,4.1244,4.1549
1755043200000,4.1549,4.1992,4.0961,4.1878
1755057600000,4.1878,4.2245,4.131,4.2013
1755072000000,4.2013,4.2904,4.1969,4.26
1755086400000,4.26,4.3168,4.1822,4.2201
1755100800000,4.2201,4.2533,4.1764,4.2493
1755115200000,4.2493,4.318,4.2212,4.2771
1755129600000,4.2771,4.3697,4.246,4.3351
1755144000000,4.3351,4.351,4.2166,4.2564
1755158400000,4.2564,4.2569,4.1648,4.1973
1755172800000,4.1973,4.228,3.9047,4.0262
1755187200000,4.0262,4.0262,3.9354,3.9914
1755201600000,3.9914,3.9989,3.9,3.9831
1755216000000,3.9831,4.0486,3.9626,4.0339
1755230400000,4.0339,4.1017,3.9934,4.03
1755244800000,4.03,4.0405,3.972,3.9882
1755259200000,3.9882,4.0346,3.83,3.8588
1755273600000,3.8588,3.9102,3.8149,3.8287
1755288000000,3.8287,3.935,3.8167,3.8929
1755302400000,3.8929,3.9525,3.8869,3.9077
1755316800000,3.9077,3.9382,3.8883,3.9334
1755331200000,3.9334,3.9646,3.8936,3.8966
1755345600000,3.8966,3.9948,3.8898,3.9785
1755360000000,3.9785,3.9888,3.934,3.945
1755374400000,3.945,3.9802,3.94,3.962
1755388800000,3.962,3.9867,3.9235,3.9784
1755403200000,3.9784,4.035,3.977,4.0208
1755417600000,4.0208,4.0947,4.018,4.0885
1755432000000,4.0885,4.1695,4.0463,4.1695
1755446400000,4.1695,4.1913,4.0403,4.0599
1755460800000,4.0599,4.102,4.0466,4.0496
1755475200000,4.0496,4.0591,3.8454,3.895
1755489600000,3.895,3.9287,3.833,3.8623
1755504000000,3.8623,3.925,3.8299,3.9167
1755518400000,3.9167,3.9774,3.8644,3.9166
1755532800000,3.9166,3.9544,3.8749,3.928
1755547200000,3.928,3.9718,3.8974,3.9112
1755561600000,3.9112,3.9584,3.8082,3.8209
1755576000000,3.8209,3.8495,3.7812,3.8364
1755590400000,3.8364,3.8969,3.8086,3.8861
1755604800000,3.8861,3.9075,3.7689,3.7725
1755619200000,3.7725,3.8032,3.7193,3.7384
1755633600000,3.7384,3.7834,3.71,3.7183
1755648000000,3.7183,3.7748,3.693,3.7511
1755662400000,3.7511,3.7864,3.7506,3.7674
1755676800000,3.7674,3.8152,3.7314,3.7764
1755691200000,3.7764,3.865,3.7071,3.8203
1755705600000,3.8203,3.9035,3.8153,3.9016
1755720000000,3.9016,3.9044,3.8739,3.884
1755734400000,3.884,3.9227,3.855,3.8794
1755748800000,3.8794,3.8975,3.8407,3.8712
1755763200000,3.8712,3.8742,3.8188,3.8291
1755777600000,3.8291,3.8782,3.7826,3.7923
1755792000000,3.7923,3.848,3.771,3.7976
1755806400000,3.7976,3.8391,3.7797,3.7956
1755820800000,3.7956,3.8518,3.7668,3.7959
1755835200000,3.7959,3.8486,3.7951,3.8389
1755849600000,3.8389,3.8511,3.7502,3.7506
1755864000000,3.7506,4.0014,3.6868,3.9571
1755878400000,3.9571,4.1139,3.9571,4.0975
1755892800000,4.0975,4.204,4.0975,4.1801
1755907200000,4.1801,4.1922,4.0248,4.0482
1755921600000,4.0482,4.1846,4.0477,4.1454
1755936000000,4.1454,4.1636,4.1211,4.1401
1755950400000,4.1401,4.1731,4.1206,4.1551
1755964800000,4.1551,4.2424,4.1342,4.2357
1755979200000,4.2357,4.2662,4.1817,4.2263
1755993600000,4.2263,4.24,4.1385,4.1626
1756008000000,4.1626,4.1726,4.0755,4.088
1756022400000,4.088,4.1118,4.0141,4.0348
1756036800000,4.0348,4.1058,4.0211,4.0608
1756051200000,4.0608,4.2848,4.043,4.134
1756065600000,4.134,4.1606,4.0391,4.11
1756080000000,4.11,4.1462,4.0317,4.0999
1756094400000,4.0999,4.1089,3.894,3.9116
1756108800000,3.9116,3.937,3.8506,3.8992
1756123200000,3.8992,3.9302,3.8595,3.8676
1756137600000,3.8676,3.894,3.7673,3.7745
1756152000000,3.7745,3.7937,3.6802,3.7312
1756166400000,3.7312,3.8082,3.7057,3.7874
1756180800000,3.7874,3.8136,3.7544,3.7934
1756195200000,3.7934,3.8106,3.7586,3.7788
1756209600000,3.7788,3.8531,3.7577,3.8103
1756224000000,3.8103,3.9122,3.8026,3.9056
1756238400000,3.9056,3.9206,3.8784,3.885
1756252800000,3.885,3.9096,3.8457,3.891
1756267200000,3.891,3.9234,3.8467,3.85
1756281600000,3.85,3.888,3.8364,3.882
1756296000000,3.882,3.9326,3.8541,3.9112
1756310400000,3.9112,3.916,3.8382,3.8644
1756324800000,3.8644,3.9117,3.8208,3.8364
1756339200000,3.8364,3.8756,3.8052,3.8724
1756353600000,3.8724,3.9395,3.8649,3.932
1756368000000,3.932,3.988,3.9288,3.9643
1756382400000,3.9643,4.0199,3.945,3.9551
1756396800000,3.9551,3.9825,3.8792,3.8792
1756411200000,3.8792,4.0034,3.8728,3.9798
1756425600000,3.9798,4.002,3.9222,3.9501
1756440000000,3.9501,3.9578,3.8053,3.8135
1756454400000,3.8135,3.831,3.7467,3.8258
1756468800000,3.8258,3.9126,3.7527,3.7693
1756483200000,3.7693,3.7878,3.7209,3.7608
1756497600000,3.7608,3.7852,3.7217,3.772
1756512000000,3.772,3.8223,3.7101,3.8159
1756526400000,3.8159,3.8182,3.7884,3.811
1756540800000,3.811,3.8122,3.7734,3.7941
1756555200000,3.7941,3.795,3.7304,3.786
1756569600000,3.786,3.7911,3.756,3.7899
1756584000000,3.7899,3.8097,3.7725,3.8081
1756598400000,3.8081,3.8728,3.8076,3.8573
1756612800000,3.8573,3.8598,3.7983,3.8013
1756627200000,3.8013,3.8442,3.7828,3.8158
1756641600000,3.8158,3.8267,3.776,3.815
1756656000000,3.815,3.8269,3.7863,3.7964
1756670400000,3.7964,3.8138,3.7324,3.7406
1756684800000,3.7406,3.7503,3.6721,3.6845
1756699200000,3.6845,3.8194,3.6524,3.8184
1756713600000,3.8184,3.8841,3.7584,3.7682
1756728000000,3.7682,3.7952,3.7182,3.7311
1756742400000,3.7311,3.7407,3.6923,3.7392
1756756800000,3.7392,3.7404,3.6092,3.6912
1756771200000,3.6912,3.7851,3.6744,3.7706
1756785600000,3.7706,3.7878,3.7441,3.7538
1756800000000,3.7538,3.7832,3.7493,3.754
1756814400000,3.754,3.815,3.6891,3.7317
1756828800000,3.7317,3.7865,3.7312,3.7488
1756843200000,3.7488,3.8247,3.7429,3.8193
1756857600000,3.8193,3.8406,3.7909,3.8186
1756872000000,3.8186,3.827,3.7846,3.8087
1756886400000,3.8087,3.8499,3.8057,3.8256
1756900800000,3.8256,3.9045,3.8118,3.8908
1756915200000,3.8908,3.9029,3.8633,3.892
1756929600000,3.892,3.8987,3.8586,3.8648
1756944000000,3.8648,3.8765,3.8046,3.8094
1756958400000,3.8094,3.8192,3.7592,3.7848
1756972800000,3.7848,3.804,3.7658,3.7806
1756987200000,3.7806,3.7988,3.7389,3.7556
1757001600000,3.7556,3.7747,3.7236,3.7373
1757016000000,3.7373,3.8035,3.7335,3.7623
1757030400000,3.7623,3.7889,3.7554,3.783
1757044800000,3.783,3.8434,3.774,3.8378
1757059200000,3.8378,3.8406,3.8072,3.8285
1757073600000,3.8285,3.8932,3.7733,3.8073
1757088000000,3.8073,3.8274,3.7855,3.8269
1757102400000,3.8269,3.8458,3.8042,3.8258
1757116800000,3.8258,3.8839,3.8236,3.8816
1757131200000,3.8816,3.8816,3.8182,3.8242
1757145600000,3.8242,3.8268,3.7951,3.8122
1757160000000,3.8122,3.8234,3.7872,3.7912
1757174400000,3.7912,3.8218,3.78,3.7904
1757188800000,3.7904,3.8328,3.7886,3.821
1757203200000,3.821,3.86,3.8201,3.8478
1757217600000,3.8478,3.8674,3.8433,3.8504
1757232000000,3.8504,3.8647,3.8439,3.8647
1757246400000,3.8647,4.0848,3.8623,3.9655
1757260800000,3.9655,4.0115,3.9508,3.9886
1757275200000,3.9886,4.0162,3.9742,3.9925
1757289600000,3.9925,4.0717,3.9792,4.0482
1757304000000,4.0482,4.0552,3.9842,3.9957
1757318400000,3.9957,4.0534,3.994,4.023
1757332800000,4.023,4.075,4.0038,4.0687
1757347200000,4.0687,4.0808,4.0133,4.0216
1757361600000,4.0216,4.07,4.0022,4.0433
1757376000000,4.0433,4.1,4.0025,4.0441
1757390400000,4.0441,4.1732,4.028,4.1264
1757404800000,4.1264,4.1829,4.1193,4.1488
1757419200000,4.1488,4.1826,4.0473,4.0691
1757433600000,4.0691,4.114,4.0278,4.1045
1757448000000,4.1045,4.1424,4.0881,4.1381
1757462400000,4.1381,4.153,4.0953,4.1327
1757476800000,4.1327,4.1328,4.0685,4.1138
1757491200000,4.1138,4.1246,4.0523,4.0812
1757505600000,4.0812,4.2074,4.0761,4.1727
1757520000000,4.1727,4.198,4.1422,4.1601
1757534400000,4.1601,4.2254,4.1576,4.216
1757548800000,4.216,4.2573,4.1955,4.2409
1757563200000,4.2409,4.2442,4.1938,4.2246
1757577600000,4.2246,4.2258,4.1731,4.1924
1757592000000,4.1924,4.2441,4.1213,4.1615
1757606400000,4.1615,4.2309,4.1597,4.2119
1757620800000,4.2119,4.2574,4.2034,4.2407
1757635200000,4.2407,4.2794,4.2002,4.2171
1757649600000,4.2171,4.2709,4.2046,4.232
1757664000000,4.232,4.2329,4.1683,4.1728
1757678400000,4.1728,4.2446,4.1508,4.1959
1757692800000,4.1959,4.2969,4.1938,4.2928
1757707200000,4.2928,4.3218,4.2504,4.3177
1757721600000,4.3177,4.3818,4.3023,4.3767
1757736000000,4.3767,4.5042,4.361,4.4576
1757750400000,4.4576,4.5955,4.4512,4.5861
1757764800000,4.5861,4.6268,4.4851,4.5114
1757779200000,4.5114,4.5428,4.4157,4.4638
1757793600000,4.4638,4.5154,4.4599,4.4919
1757808000000,4.4919,4.4965,4.3942,4.3985
1757822400000,4.3985,4.4456,4.3622,4.4181
1757836800000,4.4181,4.4661,4.3644,4.3724
1757851200000,4.3724,4.3952,4.2768,4.3257
1757865600000,4.3257,4.3745,4.315,4.3293
1757880000000,4.3293,4.3724,4.3069,4.3143
1757894400000,4.3143,4.376,4.2854,4.3676
1757908800000,4.3676,4.4019,4.2363,4.2493
1757923200000,4.2493,4.2497,4.1344,4.1871
1757937600000,4.1871,4.2033,4.112,4.1406
1757952000000,4.1406,4.1606,4.1013,4.1418
1757966400000,4.1418,4.1768,4.1346,4.1487
1757980800000,4.1487,4.1618,4.1178,4.1508
1757995200000,4.1508,4.209,4.1046,4.1667
1758009600000,4.1667,4.2506,4.1663,4.208
1758024000000,4.208,4.2448,4.1485,4.2258
1758038400000,4.2258,4.2839,4.1916,4.2735
1758052800000,4.2735,4.2934,4.2418,4.2515
1758067200000,4.2515,4.2628,4.2086,4.211
1758081600000,4.211,4.2373,4.1715,4.2287
1758096000000,4.2287,4.229,4.1578,4.1791
1758110400000,4.1791,4.2003,4.1521,4.1652
1758124800000,4.1652,4.2822,4.1336,4.2822
1758139200000,4.2822,4.4293,4.2214,4.4007
1758153600000,4.4007,4.4868,4.3712,4.4739
1758168000000,4.4739,4.5172,4.4145,4.4882
1758182400000,4.4882,4.5681,4.4749,4.5238
1758196800000,4.5238,4.5775,4.5102,4.5471
1758211200000,4.5471,4.5927,4.5265,4.5602
1758225600000,4.5602,4.5719,4.509,4.5314
1758240000000,4.5314,4.8787,4.5313,4.6298
1758254400000,4.6298,4.6732,4.5661,4.6008
1758268800000,4.6008,4.6385,4.4584,4.4932
1758283200000,4.4932,4.5386,4.4105,4.4406
1758297600000,4.4406,4.4568,4.3503,4.3865
1758312000000,4.3865,4.416,4.3146,4.3556
1758326400000,4.3556,4.3855,4.2888,4.3322
1758340800000,4.3322,4.4132,4.319,4.4125
1758355200000,4.4125,4.4125,4.331,4.3557
1758369600000,4.3557,4.4589,4.3195,4.4009
1758384000000,4.4009,4.419,4.3412,4.3542
1758398400000,4.3542,4.3918,4.3387,4.3536
1758412800000,4.3536,4.3714,4.3165,4.3548
1758427200000,4.3548,4.3839,4.3294,4.3662
1758441600000,4.3662,4.3762,4.2824,4.3033
1758456000000,4.3033,4.3367,4.2741,4.2801
1758470400000,4.2801,4.2987,4.2339,4.287
1758484800000,4.287,4.2896,4.2511,4.2597
1758499200000,4.2597,4.2776,4.0801,4.1343
1758513600000,4.1343,4.1469,3.7914,3.9771
1758528000000,3.9771,3.9996,3.9346,3.9731
1758542400000,3.9731,4.0242,3.9622,3.974
1758556800000,3.974,3.9955,3.9269,3.9426
1758571200000,3.9426,4.0364,3.9376,4.034
1758585600000,4.034,4.0565,3.9339,4.0171
1758600000000,4.0171,4.0433,3.9841,4.0127
1758614400000,4.0127,4.0415,3.9971,4.0175
1758628800000,4.0175,4.0495,3.9937,4.0306
1758643200000,4.0306,4.054,3.9565,3.9649
1758657600000,3.9649,4.0133,3.9577,3.9627
1758672000000,3.9627,4.0199,3.9248,3.9391
1758686400000,3.9391,4.0414,3.8868,4.0307
1758700800000,4.0307,4.0814,4.0229,4.0649
1758715200000,4.0649,4.1139,4.0488,4.0612
1758729600000,4.0612,4.0698,4.0184,4.0372
1758744000000,4.0372,4.049,3.9765,3.9891
1758758400000,3.9891,4.0021,3.9254,3.9516
1758772800000,3.9516,3.9623,3.8712,3.9048
1758787200000,3.9048,3.9544,3.8887,3.901
1758801600000,3.901,3.9885,3.8289,3.9318
1758816000000,3.9318,3.9364,3.7724,3.8574
1758830400000,3.8574,3.8677,3.7669,3.8012
1758844800000,3.8012,3.8605,3.7906,3.8344
1758859200000,3.8344,3.858,3.8002,3.8325
1758873600000,3.8325,3.8524,3.7733,3.8186
1758888000000,3.8186,3.9066,3.7817,3.8988
1758902400000,3.8988,3.9678,3.8951,3.9176
1758916800000,3.9176,3.9383,3.9042,3.9223
1758931200000,3.9223,3.9243,3.8966,3.906
1758945600000,3.906,3.9176,3.8726,3.884
1758960000000,3.884,3.8919,3.8471,3.8762
1758974400000,3.8762,3.8972,3.859,3.8933
1758988800000,3.8933,3.8959,3.851,3.8741
1759003200000,3.8741,3.9145,3.866,3.887
1759017600000,3.887,3.889,3.8185,3.8332
1759032000000,3.8332,3.8368,3.8023,3.826
1759046400000,3.826,3.8317,3.7908,3.8108
1759060800000,3.8108,3.8696,3.7937,3.8636
1759075200000,3.8636,3.9098,3.8632,3.8992
1759089600000,3.8992,4.0261,3.8948,3.9924
1759104000000,3.9924,4.0052,3.957,3.9846
1759118400000,3.9846,3.9863,3.9218,3.9393
1759132800000,3.9393,4.0011,3.9114,3.9314
1759147200000,3.9314,3.9999,3.8565,3.9554
1759161600000,3.9554,3.978,3.9136,3.9739
1759176000000,3.9739,4.0208,3.9679,3.9774
1759190400000,3.9774,3.9897,3.9255,3.9307
1759204800000,3.9307,3.9386,3.893,3.9006
1759219200000,3.9006,3.9046,3.8572,3.9023
1759233600000,3.9023,3.9076,3.8058,3.8351
1759248000000,3.8351,3.9061,3.8049,3.8979
1759262400000,3.8979,3.9326,3.8776,3.9057
1759276800000,3.9057,3.9377,3.8813,3.8905
1759291200000,3.8905,3.935,3.8861,3.9119
1759305600000,3.9119,4.1087,3.9092,4.0784
1759320000000,4.0784,4.0862,4.0386,4.0708
1759334400000,4.0708,4.1199,4.0468,4.1088
1759348800000,4.1088,4.1244,4.0823,4.1231
1759363200000,4.1231,4.1829,4.0977,4.1718
1759377600000,4.1718,4.2484,4.1568,4.1915
1759392000000,4.1915,4.2669,4.1726,4.2512
1759406400000,4.2512,4.316,4.1685,4.2386
1759420800000,4.2386,4.3383,4.2264,4.3138
1759435200000,4.3138,4.3282,4.2816,4.3032
1759449600000,4.3032,4.309,4.2202,4.2383
1759464000000,4.2383,4.2792,4.1841,4.2016
1759478400000,4.2016,4.2466,4.1757,4.2252
1759492800000,4.2252,4.321,4.196,4.3165
1759507200000,4.3165,4.3808,4.2358,4.3153
1759521600000,4.3153,4.3427,4.293,4.317
1759536000000,4.317,4.3262,4.2489,4.2677
1759550400000,4.2677,4.3077,4.2438,4.2755
1759564800000,4.2755,4.281,4.1885,4.204
1759579200000,4.204,4.2454,4.1367,4.1496
1759593600000,4.1496,4.1807,4.1323,4.1724
1759608000000,4.1724,4.208,4.1679,4.1877
1759622400000,4.1877,4.2754,4.1636,4.2469
1759636800000,4.2469,4.3564,4.2376,4.3564
1759651200000,4.3564,4.3781,4.2293,4.2629
1759665600000,4.2629,4.264,4.2079,4.2405
1759680000000,4.2405,4.2519,4.0757,4.0968
1759694400000,4.0968,4.1466,4.0755,4.132
1759708800000,4.132,4.1808,4.1058,4.1566
1759723200000,4.1566,4.1949,4.1309,4.1614
1759737600000,4.1614,4.2358,4.1598,4.215
1759752000000,4.215,4.4353,4.2111,4.3766
1759766400000,4.3766,4.4046,4.3465,4.3878
1759780800000,4.3878,4.4078,4.3513,4.3954
1759795200000,4.3954,4.4342,4.359,4.365
1759809600000,4.365,4.3863,4.2783,4.2887
1759824000000,4.2887,4.3353,4.2447,4.3272
1759838400000,4.3272,4.3629,4.1276,4.1528
1759852800000,4.1528,4.202,4.1054,4.1396
1759867200000,4.1396,4.1881,4.1299,4.1368
1759881600000,4.1368,4.1847,4.0812,4.0984
1759896000000,4.0984,4.1553,4.0589,4.1522
1759910400000,4.1522,4.1826,4.1101,4.1512
1759924800000,4.1512,4.1969,4.1105,4.1348
1759939200000,4.1348,4.2398,4.1256,4.2174
1759953600000,4.2174,4.2266,4.1853,4.1913
1759968000000,4.1913,4.1959,4.0631,4.1078
1759982400000,4.1078,4.1278,4.0519,4.0541
1759996800000,4.0541,4.0588,3.9814,4.0352
1760011200000,4.0352,4.078,3.9784,4.0018
1760025600000,4.0018,4.0405,3.9587,4.0326
1760040000000,4.0326,4.1061,4.0229,4.0723
1760054400000,4.0723,4.1499,4.0482,4.1134
1760068800000,4.1134,4.1504,4.0727,4.0803
1760083200000,4.0803,4.187,4.0614,4.176
1760097600000,4.176,4.2886,4.0082,4.0564
1760112000000,4.0564,4.0861,3.8741,3.9269
1760126400000,3.9269,3.9652,0.9032,2.9395
1760140800000,2.9395,3.1834,2.8573,3.1154
1760155200000,3.1154,3.2111,3.0893,3.1903
1760169600000,3.1903,3.3118,3.1591,3.2196
1760184000000,3.2196,3.2196,3.0701,3.14
1760198400000,3.14,3.1621,2.9787,3.0131
1760212800000,3.0131,3.0227,2.8934,2.9944
1760227200000,2.9944,3.0037,2.9062,2.9749
1760241600000,2.9749,3.0586,2.9733,3.0174
1760256000000,3.0174,3.0354,2.9668,3.021
1760270400000,3.021,3.2092,2.982,3.1987
1760284800000,3.1987,3.2872,3.1982,3.2766
1760299200000,3.2766,3.3054,3.1925,3.2387
1760313600000,3.2387,3.265,3.1905,3.2208
1760328000000,3.2208,3.326,3.1972,3.2923
1760342400000,3.2923,3.3622,3.2162,3.2692
1760356800000,3.2692,3.3492,3.2337,3.3165
1760371200000,3.3165,3.4071,3.2834,3.3943
1760385600000,3.3943,3.4416,3.3643,3.3722
1760400000000,3.3722,3.397,3.2859,3.2988
1760414400000,3.2988,3.3101,3.0684,3.1127
1760428800000,3.1127,3.1705,3.0708,3.1362
1760443200000,3.1362,3.2372,3.0631,3.2352
1760457600000,3.2352,3.2831,3.1802,3.2321
1760472000000,3.2321,3.263,3.2059,3.2454
1760486400000,3.2454,3.2627,3.1981,3.2218
1760500800000,3.2218,3.2846,3.2038,3.2772
1760515200000,3.2772,3.339,3.212,3.2217
1760529600000,3.2217,3.2349,3.1161,3.142
1760544000000,3.142,3.1866,3.1186,3.145
1760558400000,3.145,3.1653,3.0852,3.1342
1760572800000,3.1342,3.1745,3.117,3.121
1760587200000,3.121,3.1749,3.1113,3.1454
1760601600000,3.1454,3.1976,3.0339,3.1808
1760616000000,3.1808,3.2038,3.0392,3.0554
1760630400000,3.0554,3.1266,2.9904,3.018
1760644800000,3.018,3.035,2.9632,3.015
1760659200000,3.015,3.058,3.0052,3.0414
1760673600000,3.0414,3.0445,2.8072,2.8176
1760688000000,2.8176,2.9362,2.7677,2.9081
1760702400000,2.9081,2.9288,2.8531,2.9206
1760716800000,2.9206,2.9585,2.8876,2.9012
1760731200000,2.9012,2.9459,2.8824,2.8893
1760745600000,2.8893,2.9436,2.8865,2.9324
1760760000000,2.9324,2.9683,2.8952,2.9218
1760774400000,2.9218,2.9473,2.9111,2.9427
1760788800000,2.9427,2.9536,2.897,2.9189
1760803200000,2.9189,2.9373,2.8909,2.9323
1760817600000,2.9323,2.9461,2.9162,2.9292
1760832000000,2.9292,2.9402,2.902,2.9334
1760846400000,2.9334,2.9378,2.8968,2.9136
1760860800000,2.9136,3.0179,2.8821,2.9812
1760875200000,2.9812,3.042,2.962,3.0283
1760889600000,3.0283,3.055,3.0098,3.024
1760904000000,3.024,3.0368,3.0011,3.0063
1760918400000,3.0063,3.0705,2.9446,3.0588
1760932800000,3.0588,3.1202,3.0495,3.0906
1760947200000,3.0906,3.1115,3.0683,3.091
1760961600000,3.091,3.1298,3.0772,3.0844
1760976000000,3.0844,3.1087,3.0301,3.0966
1760990400000,3.0966,3.1125,3.0712,3.0835
1761004800000,3.0835,3.0881,3.0171,3.022
1761019200000,3.022,3.0233,2.9466,2.9908
1761033600000,2.9908,3.011,2.9581,3.0022
1761048000000,3.0022,3.181,2.987,3.1702
1761062400000,3.1702,3.1867,3.1071,3.1287
1761076800000,3.1287,3.1333,2.9951,3.003
1761091200000,3.003,3.0258,2.9785,3.0066
1761105600000,3.0066,3.0252,2.9621,2.9846
1761120000000,2.9846,2.9918,2.9157,2.9737
1761134400000,2.9737,3.0257,2.9502,2.988
1761148800000,2.988,2.9968,2.9165,2.9423
1761163200000,2.9423,2.9499,2.8244,2.916
1761177600000,2.916,2.9439,2.9095,2.9184
1761192000000,2.9184,2.9771,2.9132,2.9652
1761206400000,2.9652,2.9849,2.9551,2.9597
1761220800000,2.9597,3.0063,2.9322,2.9934
1761235200000,2.9934,3.0352,2.9824,2.9943
1761249600000,2.9943,3.0035,2.9541,3.0003
1761264000000,3.0003,3.0097,2.9886,3.0036
1761278400000,3.0036,3.0629,2.998,3.0501
1761292800000,3.0501,3.0746,3.0217,3.0566
1761307200000,3.0566,3.1198,3.0174,3.0268
1761321600000,3.0268,3.0738,3.0092,3.0676
1761336000000,3.0676,3.0914,3.0662,3.0768
1761350400000,3.0768,3.0794,3.0486,3.0504
1761364800000,3.0504,3.0633,3.0388,3.0441
1761379200000,3.0441,3.0557,3.0251,3.0444
1761393600000,3.0444,3.0754,3.0422,3.0634
1761408000000,3.0634,3.0908,3.0547,3.0908
1761422400000,3.0908,3.1045,3.0764,3.0886
1761436800000,3.0886,3.0969,3.0548,3.063
1761451200000,3.063,3.0982,3.059,3.0976
1761465600000,3.0976,3.1465,3.0946,3.1404
1761480000000,3.1404,3.1839,3.1355,3.1783
1761494400000,3.1783,3.1799,3.1544,3.174
1761508800000,3.174,3.2417,3.1408,3.1935
1761523200000,3.1935,3.2303,3.185,3.2052
1761537600000,3.2052,3.2451,3.1816,3.2003
1761552000000,3.2003,3.21,3.1397,3.172
1761566400000,3.172,3.1742,3.1151,3.1493
1761580800000,3.1493,3.2139,3.1493,3.1712
1761595200000,3.1712,3.1722,3.1182,3.1379
1761609600000,3.1379,3.1636,3.1094,3.123
1761624000000,3.123,3.1771,3.0975,3.1385
1761638400000,3.1385,3.1542,3.1225,3.1298
1761652800000,3.1298,3.192,3.0876,3.1336
1761667200000,3.1336,3.167,3.0695,3.0834
1761681600000,3.0834,3.0846,2.987,3.0476
1761696000000,3.0476,3.0681,3.0351,3.0496
1761710400000,3.0496,3.0856,3.0465,3.0766
1761724800000,3.0766,3.1077,3.0436,3.1025
1761739200000,3.1025,3.131,3.0437,3.0597
1761753600000,3.0597,3.1741,3.0134,3.1405
1761768000000,3.1405,3.1752,3.0641,3.0768
1761782400000,3.0768,3.1159,3.0578,3.0857
1761796800000,3.0857,3.0991,2.962,3.0885
1761811200000,3.0885,3.0891,2.9925,2.9928
1761825600000,2.9928,2.9999,2.8476,2.8598
1761840000000,2.8598,2.8774,2.7788,2.7946
1761854400000,2.7946,2.8742,2.7836,2.8693
1761868800000,2.8693,2.9141,2.8649,2.8935
1761883200000,2.8935,2.9229,2.8843,2.8927
1761897600000,2.8927,2.9124,2.8657,2.9101
1761912000000,2.9101,2.9233,2.8789,2.8986
1761926400000,2.8986,2.9066,2.8238,2.8936
1761940800000,2.8936,2.8969,2.8581,2.8796
1761955200000,2.8796,2.9115,2.8628,2.9073
1761969600000,2.9073,2.9143,2.8743,2.9009
1761984000000,2.9009,2.9437,2.9005,2.9394
1761998400000,2.9394,2.9536,2.9041,2.9481
1762012800000,2.9481,2.9668,2.9381,2.9483
1762027200000,2.9483,2.9712,2.9264,2.9686
1762041600000,2.9686,2.9691,2.9443,2.9496
1762056000000,2.9496,3.0124,2.9467,3.0056
1762070400000,3.0056,3.0108,2.9579,2.9985
1762084800000,2.9985,2.9998,2.8965,2.9047
1762099200000,2.9047,2.9216,2.8599,2.901
1762113600000,2.901,2.9912,2.8932,2.9831
1762128000000,2.9831,2.9915,2.7775,2.7859
1762142400000,2.7859,2.8209,2.7215,2.7658
1762156800000,2.7658,2.8027,2.7194,2.7587
1762171200000,2.7587,2.7912,2.478,2.5798
1762185600000,2.5798,2.6671,2.5573,2.5763
1762200000000,2.5763,2.5832,2.5181,2.5825
1762214400000,2.5825,2.6515,2.5626,2.6483
1762228800000,2.6483,2.6609,2.5032,2.5308
1762243200000,2.5308,2.6355,2.5166,2.6079
1762257600000,2.6079,2.6505,2.5547,2.5983
1762272000000,2.5983,2.6182,2.417,2.4557
1762286400000,2.4557,2.5265,2.3332,2.5058
1762300800000,2.5058,2.574,2.3822,2.5663
1762315200000,2.5663,2.5861,2.5455,2.5844
1762329600000,2.5844,2.6075,2.5331,2.605
1762344000000,2.605,2.6322,2.573,2.6315
1762358400000,2.6315,2.6532,2.5967,2.6389
1762372800000,2.6389,2.6748,2.634,2.6676
1762387200000,2.6676,2.6794,2.613,2.6555
1762401600000,2.6555,2.6644,2.5916,2.6008
1762416000000,2.6008,2.6176,2.5805,2.6121
1762430400000,2.6121,2.6482,2.5576,2.5734
1762444800000,2.5734,2.6604,2.5276,2.6548
1762459200000,2.6548,2.6692,2.621,2.6653
1762473600000,2.6653,2.8165,2.6601,2.7931
1762488000000,2.7931,2.8598,2.737,2.8522
1762502400000,2.8522,2.8562,2.7431,2.7812
1762516800000,2.7812,2.9075,2.7038,2.8885
1762531200000,2.8885,3.338,2.8762,3.2604
1762545600000,3.2604,3.2935,3.1922,3.2513
1762560000000,3.2513,3.5244,3.1877,3.3684
1762574400000,3.3684,3.4377,3.2169,3.2544
1762588800000,3.2544,3.3115,3.2026,3.2746
1762603200000,3.2746,3.2876,3.1167,3.1243
1762617600000,3.1243,3.2295,3.0849,3.1603
1762632000000,3.1603,3.2516,3.1454,3.2476
1762646400000,3.2476,3.3066,3.1248,3.1305
1762660800000,3.1305,3.1667,3.0832,3.1444
1762675200000,3.1444,3.1717,3.0362,3.144
1762689600000,3.144,3.2633,3.1268,3.2379
1762704000000,3.2379,3.2507,3.1578,3.2238
1762718400000,3.2238,3.2463,3.1771,3.2292
1762732800000,3.2292,3.27,3.1973,3.255
1762747200000,3.255,3.2763,3.2123,3.2559
1762761600000,3.2559,3.2781,3.1941,3.252
1762776000000,3.252,3.3164,3.1573,3.1695
1762790400000,3.1695,3.2534,3.1236,3.2224
1762804800000,3.2224,3.305,3.1922,3.264
1762819200000,3.264,3.3833,3.2147,3.3111
1762833600000,3.3111,3.323,3.1439,3.1466
1762848000000,3.1466,3.1984,3.1354,3.1659
1762862400000,3.1659,3.2173,3.1511,3.1867
1762876800000,3.1867,3.221,3.118,3.1244
1762891200000,3.1244,3.1323,3.0387,3.0522
1762905600000,3.0522,3.0908,3.0335,3.0851
1762920000000,3.0851,3.1027,3.0532,3.0567
1762934400000,3.0567,3.1447,3.0567,3.0908
1762948800000,3.0908,3.1202,2.9399,2.9612
1762963200000,2.9612,2.9706,2.873,2.8989
1762977600000,2.8989,2.9384,2.8909,2.9245
1762992000000,2.9245,3.0079,2.9089,2.9867
1763006400000,2.9867,3.0432,2.9664,2.9773
1763020800000,2.9773,3.0036,2.9537,2.9978
1763035200000,2.9978,3.045,2.9332,2.9688
1763049600000,2.9688,2.9803,2.7745,2.7912
1763064000000,2.7912,2.8766,2.7604,2.8504
1763078400000,2.8504,2.8811,2.8276,2.8522
1763092800000,2.8522,2.9208,2.7449,2.8899
1763107200000,2.8899,2.8946,2.8164,2.8326
1763121600000,2.8326,2.8954,2.7614,2.8561
1763136000000,2.8561,2.894,2.8381,2.8821
1763150400000,2.8821,2.8861,2.7698,2.8112
1763164800000,2.8112,2.905,2.8091,2.8824
1763179200000,2.8824,2.948,2.8693,2.9128
1763193600000,2.9128,2.9158,2.847,2.856
1763208000000,2.856,2.9288,2.8474,2.8663
1763222400000,2.8663,2.8907,2.8386,2.8613
1763236800000,2.8613,2.8658,2.8183,2.8303
1763251200000,2.8303,2.8766,2.7811,2.8682
1763265600000,2.8682,2.8811,2.8493,2.8759
1763280000000,2.8759,2.8962,2.8164,2.824
1763294400000,2.824,2.841,2.7682,2.7739
1763308800000,2.7739,2.7942,2.6932,2.7392
1763323200000,2.7392,2.8036,2.7129,2.7836
1763337600000,2.7836,2.8408,2.7708,2.8222
1763352000000,2.8222,2.8424,2.8041,2.8314
1763366400000,2.8314,2.8422,2.8078,2.8305
1763380800000,2.8305,2.8658,2.7366,2.772
1763395200000,2.772,2.7963,2.6381,2.651
1763409600000,2.651,2.68,2.6251,2.6633
1763424000000,2.6633,2.7466,2.6147,2.7358
1763438400000,2.7358,2.7631,2.6986,2.723
1763452800000,2.723,2.7533,2.7035,2.7105
1763467200000,2.7105,2.7697,2.683,2.7482
1763481600000,2.7482,2.8012,2.7386,2.7811
1763496000000,2.7811,2.7866,2.7333,2.7535
1763510400000,2.7535,2.7658,2.7087,2.7149
1763524800000,2.7149,2.7218,2.6383,2.7073
1763539200000,2.7073,2.7304,2.6887,2.7043
1763553600000,2.7043,2.7376,2.6404,2.6443
1763568000000,2.6443,2.6645,2.5665,2.5928
1763582400000,2.5928,2.6994,2.584,2.691
1763596800000,2.691,2.7145,2.6697,2.7046
1763611200000,2.7046,2.7438,2.6974,2.7404
1763625600000,2.7404,2.769,2.7361,2.7564
1763640000000,2.7564,2.8212,2.7205,2.7243
1763654400000,2.7243,2.7259,2.504,2.5538
1763668800000,2.5538,2.6198,2.5227,2.5417
1763683200000,2.5417,2.5912,2.5099,2.5367
1763697600000,2.5367,2.5461,2.2654,2.3999
1763712000000,2.3999,2.4423,2.3363,2.344
1763726400000,2.344,2.431,2.2937,2.3556
1763740800000,2.3556,2.4327,2.3252,2.3748
1763755200000,2.3748,2.3829,2.2691,2.3459
1763769600000,2.3459,2.3547,2.3139,2.3222
1763784000000,2.3222,2.324,2.2635,2.3115
1763798400000,2.3115,2.3186,2.2728,2.313
1763812800000,2.313,2.3136,2.2545,2.286
1763827200000,2.286,2.3136,2.2772,2.2895
1763841600000,2.2895,2.3437,2.2791,2.308
1763856000000,2.308,2.3562,2.3021,2.3425
1763870400000,2.3425,2.3679,2.3214,2.3393
1763884800000,2.3393,2.3569,2.3171,2.3351
1763899200000,2.3351,2.3575,2.3079,2.3253
1763913600000,2.3253,2.3314,2.2738,2.3067
1763928000000,2.3067,2.3248,2.2459,2.2558
1763942400000,2.2558,2.3373,2.2414,2.3121
1763956800000,2.3121,2.3304,2.2703,2.2841
1763971200000,2.2841,2.2974,2.2391,2.276
1763985600000,2.276,2.3103,2.2475,2.2985
1764000000000,2.2985,2.3699,2.2979,2.3566
1764014400000,2.3566,2.3954,2.3355,2.3384
1764028800000,2.3384,2.3485,2.3016,2.3116
1764043200000,2.3116,2.3272,2.2616,2.2644
1764057600000,2.2644,2.2761,2.2432,2.2537
1764072000000,2.2537,2.2783,2.1733,2.2217
1764086400000,2.2217,2.2864,2.2155,2.262
1764100800000,2.262,2.3138,2.245,2.2938
1764115200000,2.2938,2.3074,2.2645,2.2666
1764129600000,2.2666,2.3145,2.2608,2.3108
1764144000000,2.3108,2.3168,2.2542,2.2604
1764158400000,2.2604,2.2918,2.2382,2.2593
1764172800000,2.2593,2.3698,2.2584,2.3604
1764187200000,2.3604,2.3705,2.3381,2.3426
1764201600000,2.3426,2.3581,2.3133,2.3139
1764216000000,2.3139,2.3408,2.3128,2.3278
1764230400000,2.3278,2.3507,2.3162,2.3274
1764244800000,2.3274,2.3508,2.3062,2.3464
1764259200000,2.3464,2.3831,2.3418,2.3789
1764273600000,2.3789,2.3889,2.3283,2.335
1764288000000,2.335,2.3435,2.2895,2.3152
1764302400000,2.3152,2.3233,2.2995,2.3164
1764316800000,2.3164,2.3755,2.3044,2.3187
1764331200000,2.3187,2.3661,2.3101,2.3499
1764345600000,2.3499,2.3501,2.2574,2.2972
1764360000000,2.2972,2.3002,2.2749,2.2824
1764374400000,2.2824,2.2966,2.2723,2.2727
1764388800000,2.2727,2.2893,2.2567,2.2669
1764403200000,2.2669,2.2786,2.2511,2.2758
1764417600000,2.2758,2.28,2.2456,2.2697
1764432000000,2.2697,2.2705,2.2248,2.2405
1764446400000,2.2405,2.2617,2.2356,2.2564
1764460800000,2.2564,2.2711,2.2428,2.271
1764475200000,2.271,2.2732,2.2464,2.2647
1764489600000,2.2647,2.2737,2.2524,2.2544
1764504000000,2.2544,2.2932,2.2463,2.2595
1764518400000,2.2595,2.2856,2.2574,2.2681
1764532800000,2.2681,2.2777,2.2001,2.2068
1764547200000,2.2068,2.2069,2.0412,2.0467
1764561600000,2.0467,2.0516,2.004,2.0362
1764576000000,2.0362,2.0542,2.0293,2.0345
1764590400000,2.0345,2.0489,1.9601,1.9952
1764604800000,1.9952,2.0081,1.9762,1.9934
1764619200000,1.9934,2.0464,1.9929,2.0388
1764633600000,2.0388,2.0631,2.03,2.0541
1764648000000,2.0541,2.0724,2.0456,2.0647
1764662400000,2.0647,2.1216,2.0421,2.0937
1764676800000,2.0937,2.2509,2.0771,2.2439
1764691200000,2.2439,2.2842,2.2297,2.2317
1764705600000,2.2317,2.2648,2.2217,2.2478
1764720000000,2.2478,2.3025,2.244,2.2882
1764734400000,2.2882,2.3282,2.2862,2.2914
1764748800000,2.2914,2.3106,2.2846,2.295
1764763200000,2.295,2.3126,2.2375,2.2994
1764777600000,2.2994,2.334,2.281,2.3246
1764792000000,2.3246,2.3972,2.3161,2.3633
1764806400000,2.3633,2.3733,2.3385,2.3385
1764820800000,2.3385,2.3516,2.3246,2.3371
1764835200000,2.3371,2.3507,2.317,2.3246
1764849600000,2.3246,2.3356,2.3008,2.327
1764864000000,2.327,2.342,2.2425,2.2884
1764878400000,2.2884,2.3014,2.2696,2.2708
1764892800000,2.2708,2.3055,2.2699,2.285
1764907200000,2.285,2.2911,2.2518,2.2799
1764921600000,2.2799,2.282,2.222,2.2337
1764936000000,2.2337,2.2428,2.1828,2.2065
1764950400000,2.2065,2.2069,2.0818,2.122
1764964800000,2.122,2.1292,2.1023,2.1238
1764979200000,2.1238,2.1264,2.103,2.1202
1764993600000,2.1202,2.1203,2.0972,2.1028
1765008000000,2.1028,2.1081,2.0852,2.1058
1765022400000,2.1058,2.1389,2.0991,2.1176
1765036800000,2.1176,2.1625,2.1174,2.1283
1765051200000,2.1283,2.1504,2.1169,2.1263
1765065600000,2.1263,2.1428,2.1244,2.1392
1765080000000,2.1392,2.1542,2.1249,2.1288
1765094400000,2.1288,2.1304,2.0842,2.0919
1765108800000,2.0919,2.1178,2.0371,2.1161
1765123200000,2.1161,2.1599,2.095,2.141
1765137600000,2.141,2.1488,2.0518,2.0915
1765152000000,2.0915,2.1385,2.0819,2.1184
1765166400000,2.1184,2.1467,2.1158,2.1362
1765180800000,2.1362,2.1779,2.1255,2.1298
1765195200000,2.1298,2.1676,2.116,2.13
1765209600000,2.13,2.1535,2.1091,2.1223
1765224000000,2.1223,2.154,2.1197,2.127
1765238400000,2.127,2.1375,2.0936,2.126
1765252800000,2.126,2.1291,2.0871,2.115
1765267200000,2.115,2.1181,2.0881,2.1073
1765281600000,2.1073,2.2188,2.1037,2.2165
1765296000000,2.2165,2.3904,2.2165,2.3114
1765310400000,2.3114,2.3204,2.2567,2.2913
1765324800000,2.2913,2.2961,2.2331,2.243
1765339200000,2.243,2.248,2.2026,2.22
1765353600000,2.22,2.2468,2.1882,2.1997
1765368000000,2.1997,2.214,2.1876,2.2008
1765382400000,2.2008,2.2793,2.1971,2.2662
1765396800000,2.2662,2.3156,2.1777,2.1882
1765411200000,2.1882,2.1906,2.0537,2.0595
1765425600000,2.0595,2.0858,2.0491,2.0664
1765440000000,2.0664,2.0665,2.034,2.042
1765454400000,2.042,2.0559,2.0146,2.0253
1765468800000,2.0253,2.0583,2.0056,2.0302
1765483200000,2.0302,2.0911,2.0245,2.064
1765497600000,2.064,2.0803,2.0254,2.0639
1765512000000,2.0639,2.0953,2.0488,2.0558
1765526400000,2.0558,2.0581,2.0239,2.0461
1765540800000,2.0461,2.0682,1.951,1.9666
1765555200000,1.9666,2.0065,1.9429,1.9834
1765569600000,1.9834,2.016,1.9764,2.0104
1765584000000,2.0104,2.039,2.007,2.0293
1765598400000,2.0293,2.0394,2.0213,2.0368
1765612800000,2.0368,2.0558,2.0336,2.0362
1765627200000,2.0362,2.0476,2.0264,2.0439
1765641600000,2.0439,2.0559,2.0265,2.0379
1765656000000,2.0379,2.0425,2.0216,2.036
1765670400000,2.036,2.0435,2.024,2.0259
1765684800000,2.0259,2.0301,1.9975,2.0072
1765699200000,2.0072,2.014,1.9598,1.9829
1765713600000,1.9829,1.9895,1.9597,1.9715
1765728000000,1.9715,1.9885,1.9452,1.9609
1765742400000,1.9609,1.9706,1.9292,1.9511
1765756800000,1.9511,2.0077,1.9508,1.9866
1765771200000,1.9866,2.0084,1.9835,1.9928
1765785600000,1.9928,2.0064,1.9882,1.9941
1765800000000,1.9941,2.0068,1.8693,1.8836
1765814400000,1.8836,1.8894,1.8281,1.8714
1765828800000,1.8714,1.9032,1.8537,1.8996
1765843200000,1.8996,1.9029,1.8729,1.8909
1765857600000,1.8909,1.902,1.8607,1.8764
1765872000000,1.8764,1.942,1.8759,1.9238
1765886400000,1.9238,1.935,1.8723,1.9189
1765900800000,1.9189,1.9223,1.8876,1.905
1765915200000,1.905,1.9097,1.8889,1.8967
1765929600000,1.8967,1.9086,1.8804,1.887
1765944000000,1.887,1.8902,1.8575,1.8759
1765958400000,1.8759,1.8759,1.8544,1.8677
1765972800000,1.8677,1.9519,1.8581,1.868
1765987200000,1.868,1.8856,1.7892,1.8148
1766001600000,1.8148,1.8291,1.7909,1.8133
1766016000000,1.8133,1.817,1.7761,1.7905
1766030400000,1.7905,1.7984,1.7682,1.7881
1766044800000,1.7881,1.8088,1.7859,1.8054
1766059200000,1.8054,1.8873,1.7999,1.8605
1766073600000,1.8605,1.8626,1.7183,1.7244
1766088000000,1.7244,1.7792,1.7224,1.7582
1766102400000,1.7582,1.8025,1.7376,1.7834
1766116800000,1.7834,1.809,1.7672,1.7957
1766131200000,1.7957,1.8089,1.7882,1.8065
1766145600000,1.8065,1.8671,1.7977,1.8329
1766160000000,1.8329,1.8776,1.8166,1.8677
1766174400000,1.8677,1.8802,1.8469,1.848
1766188800000,1.848,1.8496,1.8297,1.8398
1766203200000,1.8398,1.8562,1.8269,1.855
1766217600000,1.855,1.8678,1.8455,1.8603
1766232000000,1.8603,1.8603,1.8264,1.8318
1766246400000,1.8318,1.837,1.8253,1.8326
1766260800000,1.8326,1.8391,1.8266,1.831
1766275200000,1.831,1.8358,1.798,1.808
1766289600000,1.808,1.83,1.8029,1.8295
1766304000000,1.8295,1.8511,1.823,1.8243
1766318400000,1.8243,1.8295,1.7483,1.7688
1766332800000,1.7688,1.7951,1.7596,1.7918
1766347200000,1.7918,1.8112,1.7648,1.8011
1766361600000,1.8011,1.8426,1.7766,1.8117
1766376000000,1.8117,1.8212,1.804,1.8119
1766390400000,1.8119,1.8348,1.8076,1.821
1766404800000,1.821,1.853,1.8126,1.8342
1766419200000,1.8342,1.8473,1.7639,1.7677
1766433600000,1.7677,1.7911,1.756,1.7827
1766448000000,1.7827,1.8008,1.7608,1.7741
1766462400000,1.7741,1.7784,1.7516,1.759
1766476800000,1.759,1.778,1.7535,1.7742
1766491200000,1.7742,1.7746,1.7271,1.7465
1766505600000,1.7465,1.776,1.7362,1.7594
1766520000000,1.7594,1.7865,1.7533,1.7636
1766534400000,1.7636,1.7754,1.7276,1.7485
1766548800000,1.7485,1.7579,1.717,1.7222
1766563200000,1.7222,1.734,1.7142,1.7271
1766577600000,1.7271,1.7381,1.7045,1.7314
1766592000000,1.7314,1.7444,1.7159,1.7288
1766606400000,1.7288,1.7456,1.7255,1.7368
1766620800000,1.7368,1.7513,1.7308,1.7452
1766635200000,1.7452,1.7469,1.7346,1.7364
1766649600000,1.7364,1.7421,1.7029,1.7111
1766664000000,1.7111,1.7369,1.7039,1.7325
1766678400000,1.7325,1.7386,1.7263,1.733
1766692800000,1.733,1.7343,1.6748,1.6832
1766707200000,1.6832,1.7526,1.6514,1.7382
1766721600000,1.7382,1.7443,1.7121,1.717
1766736000000,1.717,1.7245,1.7033,1.7134
1766750400000,1.7134,1.7325,1.6826,1.7055
1766764800000,1.7055,1.7225,1.6907,1.719
1766779200000,1.719,1.7316,1.7164,1.7222
1766793600000,1.7222,1.7738,1.7216,1.7621
1766808000000,1.7621,1.7647,1.7454,1.7508
1766822400000,1.7508,1.7663,1.7335,1.7644
1766836800000,1.7644,1.823,1.7603,1.8005
1766851200000,1.8005,1.847,1.797,1.8325
1766865600000,1.8325,1.927,1.8318,1.9085
1766880000000,1.9085,1.914,1.8686,1.8704
1766894400000,1.8704,1.896,1.8665,1.8905
1766908800000,1.8905,1.8986,1.8738,1.8804
1766923200000,1.8804,1.8878,1.8674,1.8771
1766937600000,1.8771,1.8812,1.8326,1.8412
1766952000000,1.8412,1.8519,1.8276,1.8493
1766966400000,1.8493,1.8975,1.8417,1.8959
1766980800000,1.8959,1.9039,1.8715,1.8885
1766995200000,1.8885,1.8906,1.8419,1.8468
1767009600000,1.8468,1.8716,1.816,1.8556
1767024000000,1.8556,1.8598,1.8299,1.8392
1767038400000,1.8392,1.8475,1.8206,1.8235
1767052800000,1.8235,1.8285,1.7917,1.8094
1767067200000,1.8094,1.8185,1.7943,1.8112
1767081600000,1.8112,1.8409,1.8106,1.824
1767096000000,1.824,1.8453,1.7969,1.8416
1767110400000,1.8416,1.8454,1.806,1.8278
1767124800000,1.8278,1.8289,1.8066,1.8099
1767139200000,1.8099,1.8342,1.7992,1.8115
1767153600000,1.8115,1.8183,1.8053,1.8083
1767168000000,1.8083,1.823,1.8022,1.8226
1767182400000,1.8226,1.8435,1.8023,1.8122
1767196800000,1.8122,1.8125,1.7607,1.7752
1767211200000,1.7752,1.7968,1.7634,1.7893
1767225600000,1.7893,1.792,1.7733,1.7753
1767240000000,1.7753,1.7898,1.7645,1.7857
1767254400000,1.7857,1.8088,1.7842,1.808
1767268800000,1.808,1.9025,1.8038,1.8927
1767283200000,1.8927,2.0037,1.8927,2.0004
1767297600000,2.0004,2.0317,1.9757,1.9966
1767312000000,1.9966,2.0113,1.9816,2.0071
1767326400000,2.0071,2.0096,1.9798,1.9817
1767340800000,1.9817,2.0082,1.9664,1.988
1767355200000,1.988,2.0231,1.9763,2.0063
1767369600000,2.0063,2.1234,2.0023,2.1103
1767384000000,2.1103,2.1684,2.0764,2.1636
1767398400000,2.1636,2.2172,2.1457,2.1614
1767412800000,2.1614,2.1614,2.108,2.1115
1767427200000,2.1115,2.1415,2.1057,2.1132
1767441600000,2.1132,2.1381,2.1096,2.1272
1767456000000,2.1272,2.1485,2.12,2.1348
1767470400000,2.1348,2.1447,2.1197,2.1241
1767484800000,2.1241,2.1449,2.1141,2.1284
1767499200000,2.1284,2.1566,2.1189,2.135
1767513600000,2.135,2.1565,2.1213,2.1549
1767528000000,2.1549,2.1781,2.1442,2.1645
1767542400000,2.1645,2.178,2.1166,2.1358
1767556800000,2.1358,2.1608,2.1294,2.1416
1767571200000,2.1416,2.1726,2.1203,2.1527
1767585600000,2.1527,2.1548,2.1071,2.1452
1767600000000,2.1452,2.1522,2.0939,2.1137
1767614400000,2.1137,2.2025,2.1073,2.1932
1767628800000,2.1932,2.22,2.1528,2.1894
1767643200000,2.1894,2.2372,2.1872,2.2059
1767657600000,2.2059,2.2375,2.1794,2.2188
1767672000000,2.2188,2.2442,2.177,2.1857
1767686400000,2.1857,2.2237,2.1814,2.2184
1767700800000,2.2184,2.2632,2.1815,2.1963
1767715200000,2.1963,2.2034,2.1135,2.1476
1767729600000,2.1476,2.2404,2.1462,2.233
1767744000000,2.233,2.2363,2.1729,2.1889
1767758400000,2.1889,2.2378,2.1875,2.2363
1767772800000,2.2363,2.2559,2.176,2.1965
1767787200000,2.1965,2.1971,2.1242,2.1347
1767801600000,2.1347,2.1717,2.1273,2.1436
1767816000000,2.1436,2.1584,2.1178,2.1427
1767830400000,2.1427,2.1558,2.1156,2.1183
1767844800000,2.1183,2.1494,2.0796,2.1272
1767859200000,2.1272,2.1399,2.0815,2.1221
1767873600000,2.1221,2.1562,2.0861,2.1541
1767888000000,2.1541,2.1577,2.1094,2.1136
1767902400000,2.1136,2.1302,2.0914,2.1085
1767916800000,2.1085,2.1249,2.0832,2.1107
1767931200000,2.1107,2.1166,2.0941,2.1029
1767945600000,2.1029,2.1067,2.059,2.0787
1767960000000,2.0787,2.1375,2.0465,2.1046
1767974400000,2.1046,2.142,2.0564,2.0621
1767988800000,2.0621,2.0938,2.0599,2.0822
1768003200000,2.0822,2.0903,2.067,2.0878
1768017600000,2.0878,2.1159,2.0753,2.1003
1768032000000,2.1003,2.108,2.0792,2.1067
1768046400000,2.1067,2.1294,2.1034,2.1164
1768060800000,2.1164,2.1276,2.0938,2.1276
1768075200000,2.1276,2.1295,2.082,2.091
1768089600000,2.091,2.1021,2.083,2.0993
1768104000000,2.0993,2.1162,2.0919,2.1152
1768118400000,2.1152,2.118,2.103,2.11
1768132800000,2.11,2.1247,2.0687,2.0773
1768147200000,2.0773,2.1108,2.0709,2.0874
1768161600000,2.0874,2.0874,2.0322,2.0688
1768176000000,2.0688,2.1513,2.0457,2.1135
1768190400000,2.1135,2.1349,2.0616,2.0618
1768204800000,2.0618,2.0791,2.031,2.0559
1768219200000,2.0559,2.0882,2.0168,2.0854
1768233600000,2.0854,2.1137,2.0517,2.0723
1768248000000,2.0723,2.0839,2.0358,2.0521
1768262400000,2.0521,2.0959,2.0496,2.0631
1768276800000,2.0631,2.1058,2.0627,2.0775
1768291200000,2.0775,2.0985,2.0709,2.0865
1768305600000,2.0865,2.2451,2.0796,2.2414
1768320000000,2.2414,2.3415,2.2256,2.2482
1768334400000,2.2482,2.3316,2.2124,2.2816
1768348800000,2.2816,2.2973,2.2583,2.2786
1768363200000,2.2786,2.2968,2.2574,2.2768
1768377600000,2.2768,2.2952,2.25,2.2519
1768392000000,2.2519,2.2955,2.2336,2.2646
1768406400000,2.2646,2.2817,2.193,2.237
1768420800000,2.237,2.2549,2.2105,2.2237
1768435200000,2.2237,2.2368,2.1555,2.1661
1768449600000,2.1661,2.2039,2.163,2.1949
1768464000000,2.1949,2.2109,2.18,2.1978
1768478400000,2.1978,2.2362,2.1265,2.1625
1768492800000,2.1625,2.1718,2.0959,2.1183
1768507200000,2.1183,2.1275,2.0938,2.1162
1768521600000,2.1162,2.1319,2.1015,2.1108
1768536000000,2.1108,2.1491,2.0954,2.1358
1768550400000,2.1358,2.1551,2.1171,2.1278
1768564800000,2.1278,2.1283,2.0579,2.0728
1768579200000,2.0728,2.0968,2.0528,2.0908
1768593600000,2.0908,2.1361,2.0816,2.118
1768608000000,2.118,2.1357,2.1117,2.1269
1768622400000,2.1269,2.1593,2.1198,2.1561
1768636800000,2.1561,2.2345,2.1554,2.1812
1768651200000,2.1812,2.2265,2.176,2.2075
1768665600000,2.2075,2.2154,2.1816,2.1972
1768680000000,2.1972,2.2022,2.1654,2.1767
1768694400000,2.1767,2.2009,2.1577,2.161
1768708800000,2.161,2.1626,2.1389,2.1503
1768723200000,2.1503,2.1615,2.1409,2.147
1768737600000,2.147,2.1687,2.1274,2.1606
1768752000000,2.1606,2.1884,2.1476,2.1694
1768766400000,2.1694,2.1979,2.0601,2.0644
1768780800000,2.0644,2.0644,1.8359,1.976
1768795200000,1.976,1.9812,1.9535,1.9672
1768809600000,1.9672,1.9973,1.9636,1.9714
1768824000000,1.9714,1.989,1.9621,1.9747
1768838400000,1.9747,2.0629,1.9734,2.0447
1768852800000,2.0447,2.0483,2.0034,2.027
1768867200000,2.027,2.0498,2.0117,2.0309
1768881600000,2.0309,2.0498,1.9843,1.9892
1768896000000,1.9892,1.9945,1.9567,1.9586
1768910400000,1.9586,1.982,1.9287,1.9386
1768924800000,1.9386,1.9495,1.8937,1.9125
1768939200000,1.9125,1.9331,1.8794,1.8967
1768953600000,1.8967,1.9595,1.894,1.9469
1768968000000,1.9469,1.9588,1.9371,1.9435
1768982400000,1.9435,1.9479,1.9146,1.9171
1768996800000,1.9171,1.9783,1.8946,1.9669
1769011200000,1.9669,1.9928,1.8704,1.9913
1769025600000,1.9913,1.9993,1.9401,1.9534
1769040000000,1.9534,1.9807,1.9469,1.9547
1769054400000,1.9547,1.9581,1.9279,1.9431
1769068800000,1.9431,1.9603,1.9375,1.9473
1769083200000,1.9473,1.9619,1.9031,1.9245
1769097600000,1.9245,1.943,1.9169,1.9361
1769112000000,1.9361,1.9402,1.9118,1.9255
1769126400000,1.9255,1.9659,1.9219,1.9561
1769140800000,1.9561,1.9833,1.934,1.9389
1769155200000,1.9389,1.9468,1.9169,1.944
1769169600000,1.944,1.9494,1.894,1.942
1769184000000,1.942,1.9802,1.9186,1.9254
1769198400000,1.9254,1.9303,1.9003,1.9238
1769212800000,1.9238,1.9382,1.9205,1.9298
1769227200000,1.9298,1.9433,1.9227,1.9231
1769241600000,1.9231,1.9322,1.9128,1.9175
1769256000000,1.9175,1.9221,1.9012,1.9037
1769270400000,1.9037,1.9226,1.8967,1.9098
1769284800000,1.9098,1.9337,1.9098,1.9282
1769299200000,1.9282,1.9425,1.8987,1.904
1769313600000,1.904,1.9101,1.8919,1.8981
1769328000000,1.8981,1.9181,1.8796,1.897
1769342400000,1.897,1.9026,1.8757,1.8851
1769356800000,1.8851,1.8851,1.7788,1.7904
1769371200000,1.7904,1.8272,1.7877,1.822
1769385600000,1.822,1.861,1.8167,1.8298
1769400000000,1.8298,1.8648,1.8298,1.8542
1769414400000,1.8542,1.8726,1.8407,1.8435
1769428800000,1.8435,1.8966,1.8423,1.8694
1769443200000,1.8694,1.8872,1.8503,1.8675
1769457600000,1.8675,1.8892,1.8553,1.8736
1769472000000,1.8736,1.8835,1.8649,1.8738
1769486400000,1.8738,1.8857,1.8612,1.8654
1769500800000,1.8654,1.8718,1.8464,1.85
1769515200000,1.85,1.855,1.8272,1.8534
1769529600000,1.8534,1.8807,1.8259,1.869
1769544000000,1.869,1.8982,1.8674,1.8754
1769558400000,1.8754,1.8783,1.8571,1.8614
1769572800000,1.8614,1.8661,1.8456,1.8599
1769587200000,1.8599,1.8948,1.851,1.8928
1769601600000,1.8928,1.8931,1.8322,1.8456
1769616000000,1.8456,1.8619,1.8295,1.8569
1769630400000,1.8569,1.8882,1.8389,1.8693
1769644800000,1.8693,1.8749,1.8026,1.8145
1769659200000,1.8145,1.8163,1.8003,1.809
1769673600000,1.809,1.8144,1.784,1.7868
1769688000000,1.7868,1.7956,1.7106,1.7298
1769702400000,1.7298,1.7632,1.6946,1.7221
1769716800000,1.7221,1.7441,1.719,1.7342
1769731200000,1.7342,1.7472,1.6698,1.7015
1769745600000,1.7015,1.7252,1.6705,1.708
1769760000000,1.708,1.7256,1.6911,1.7181
1769774400000,1.7181,1.7207,1.6608,1.684
1769788800000,1.684,1.7208,1.6505,1.7122
1769803200000,1.7122,1.7122,1.6783,1.6885
1769817600000,1.6885,1.6904,1.6728,1.6803
1769832000000,1.6803,1.6863,1.6446,1.6562
1769846400000,1.6562,1.6588,1.6145,1.634
1769860800000,1.634,1.6369,1.532,1.5684
1769875200000,1.5684,1.5915,1.3945,1.4944
1769889600000,1.4944,1.5555,1.4769,1.5452
1769904000000,1.5452,1.5569,1.5323,1.5523
1769918400000,1.5523,1.5583,1.5362,1.5466
1769932800000,1.5466,1.5589,1.5269,1.5453
1769947200000,1.5453,1.5459,1.4791,1.4981
1769961600000,1.4981,1.5298,1.4861,1.5021
1769976000000,1.5021,1.5214,1.458,1.4944
1769990400000,1.4944,1.5347,1.4493,1.5089
1770004800000,1.5089,1.5195,1.453,1.4951
1770019200000,1.4951,1.5309,1.4948,1.512
1770033600000,1.512,1.574,1.5118,1.5691
1770048000000,1.5691,1.5741,1.5447,1.5447
1770062400000,1.5447,1.5529,1.5348,1.5417
1770076800000,1.5417,1.5458,1.5078,1.537
1770091200000,1.537,1.5489,1.5195,1.5363
1770105600000,1.5363,1.5432,1.509,1.5172
1770120000000,1.5172,1.5326,1.4894,1.5248
1770134400000,1.5248,1.5253,1.4304,1.5035
1770148800000,1.5035,1.5665,1.4869,1.499
1770163200000,1.499,1.5329,1.4929,1.5272
1770177600000,1.5272,1.5301,1.5012,1.5173
1770192000000,1.5173,1.5251,1.4873,1.5002
1770206400000,1.5002,1.5031,1.4352,1.4499
1770220800000,1.4499,1.4894,1.4249,1.4858
1770235200000,1.4858,1.4902,1.4296,1.4606
1770249600000,1.4606,1.4769,1.4394,1.4416
1770264000000,1.4416,1.4594,1.4185,1.423
1770278400000,1.423,1.4458,1.3728,1.3915
1770292800000,1.3915,1.4103,1.2931,1.3277
1770307200000,1.3277,1.3588,1.2914,1.2991
1770321600000,1.2991,1.3081,1.2302,1.2461
1770336000000,1.2461,1.2757,1.1019,1.239
1770350400000,1.239,1.3021,1.2312,1.2691
1770364800000,1.2691,1.3297,1.2614,1.324
1770379200000,1.324,1.3527,1.3111,1.3464
1770393600000,1.3464,1.4056,1.3418,1.3633
1770408000000,1.3633,1.386,1.3472,1.367
1770422400000,1.367,1.3793,1.3415,1.3757
1770436800000,1.3757,1.3889,1.3163,1.3299
1770451200000,1.3299,1.3426,1.3214,1.3298
1770465600000,1.3298,1.3683,1.3272,1.3546
1770480000000,1.3546,1.404,1.3503,1.3752
1770494400000,1.3752,1.3857,1.3633,1.3716
1770508800000,1.3716,1.3719,1.3504,1.3513
1770523200000,1.3513,1.3544,1.3387,1.3482
1770537600000,1.3482,1.3746,1.3451,1.3694
1770552000000,1.3694,1.3707,1.3495,1.3559
1770566400000,1.3559,1.3598,1.3255,1.357
1770580800000,1.357,1.3661,1.3234,1.3354
1770595200000,1.3354,1.3492,1.326,1.3464
1770609600000,1.3464,1.3464,1.313,1.3156
1770624000000,1.3156,1.3193,1.2762,1.2902
1770638400000,1.2902,1.329,1.288,1.3097
1770652800000,1.3097,1.343,1.2995,1.3315
1770667200000,1.3315,1.3338,1.3094,1.319
1770681600000,1.319,1.3266,1.2895,1.2981
1770696000000,1.2981,1.3086,1.272,1.2821
1770710400000,1.2821,1.2926,1.2688,1.2716
1770724800000,1.2716,1.2898,1.263,1.2827
1770739200000,1.2827,1.2855,1.2645,1.2725
1770753600000,1.2725,1.2836,1.2678,1.2823
1770768000000,1.2823,1.2914,1.2662,1.2748
1770782400000,1.2748,1.2773,1.2366,1.239
1770796800000,1.239,1.2423,1.2273,1.2411
1770811200000,1.2411,1.2961,1.2234,1.2367
1770825600000,1.2367,1.2682,1.2338,1.2583
1770840000000,1.2583,1.28,1.2466,1.2544
1770854400000,1.2544,1.2813,1.2542,1.2798
1770868800000,1.2798,1.2922,1.27,1.2899
1770883200000,1.2899,1.3039,1.2821,1.2956
1770897600000,1.2956,1.2976,1.2729,1.2735
1770912000000,1.2735,1.2878,1.248,1.27
1770926400000,1.27,1.2838,1.2547,1.2819
1770940800000,1.2819,1.2876,1.2664,1.2708
1770955200000,1.2708,1.2735,1.2512,1.2681
1770969600000,1.2681,1.284,1.2649,1.2775
1770984000000,1.2775,1.3248,1.2694,1.3055
1770998400000,1.3055,1.3345,1.3013,1.3212
1771012800000,1.3212,1.341,1.3177,1.3289
1771027200000,1.3289,1.3516,1.3284,1.3459
1771041600000,1.3459,1.3522,1.3379,1.3451
1771056000000,1.3451,1.3744,1.345,1.3696
1771070400000,1.3696,1.3982,1.3584,1.3978
1771084800000,1.3978,1.4301,1.387,1.4256
1771099200000,1.4256,1.4378,1.4104,1.4198
1771113600000,1.4198,1.4234,1.3923,1.4157
1771128000000,1.4157,1.4365,1.4126,1.4339
1771142400000,1.4339,1.4375,1.3961,1.4034
1771156800000,1.4034,1.4034,1.3492,1.3663
1771171200000,1.3663,1.3676,1.3295,1.3391
1771185600000,1.3391,1.3583,1.3339,1.356
1771200000000,1.356,1.3648,1.3465,1.3523
1771214400000,1.3523,1.3705,1.3399,1.3502
1771228800000,1.3502,1.3661,1.3386,1.3542
1771243200000,1.3542,1.3892,1.3303,1.3392
1771257600000,1.3392,1.3611,1.3381,1.3554
1771272000000,1.3554,1.3823,1.352,1.3755
1771286400000,1.3755,1.3786,1.3575,1.3738
1771300800000,1.3738,1.3793,1.3606,1.3726
1771315200000,1.3726,1.374,1.3508,1.3623
1771329600000,1.3623,1.3764,1.3381,1.357
1771344000000,1.357,1.3801,1.342,1.358
1771358400000,1.358,1.36,1.3423,1.3464
1771372800000,1.3464,1.3585,1.3365,1.3556
1771387200000,1.3556,1.3626,1.3487,1.3589
1771401600000,1.3589,1.3661,1.3369,1.3447
1771416000000,1.3447,1.371,1.3299,1.3553
1771430400000,1.3553,1.3563,1.302,1.3093
1771444800000,1.3093,1.3182,1.2987,1.3105
1771459200000,1.3105,1.321,1.3031,1.316
1771473600000,1.316,1.32,1.3031,1.3086
1771488000000,1.3086,1.3095,1.2875,1.2922
1771502400000,1.2922,1.2956,1.2683,1.2724
1771516800000,1.2724,1.289,1.2588,1.28
1771531200000,1.28,1.2875,1.2735,1.2856
1771545600000,1.2856,1.2965,1.2835,1.2874
1771560000000,1.2874,1.3009,1.273,1.2969
1771574400000,1.2969,1.3154,1.2909,1.2966
1771588800000,1.2966,1.3534,1.2737,1.3501
1771603200000,1.3501,1.3632,1.3153,1.3354
1771617600000,1.3354,1.3435,1.3254,1.3396
1771632000000,1.3396,1.3451,1.3274,1.3398
1771646400000,1.3398,1.3624,1.3368,1.3546
1771660800000,1.3546,1.3962,1.3499,1.3835
1771675200000,1.3835,1.3929,1.3703,1.3717
1771689600000,1.3717,1.3722,1.3554,1.3614
1771704000000,1.3614,1.3631,1.3515,1.3581
1771718400000,1.3581,1.3641,1.3413,1.3533
1771732800000,1.3533,1.3545,1.3334,1.3416
1771747200000,1.3416,1.3416,1.3226,1.3332
1771761600000,1.3332,1.3333,1.3076,1.3197
1771776000000,1.3197,1.3206,1.3034,1.3097
1771790400000,1.3097,1.3163,1.3014,1.3111
1771804800000,1.3111,1.3124,1.2367,1.2541
1771819200000,1.2541,1.2773,1.2463,1.2704
1771833600000,1.2704,1.299,1.2673,1.2935
1771848000000,1.2935,1.3125,1.2777,1.2791
1771862400000,1.2791,1.2821,1.2534,1.2579
1771876800000,1.2579,1.2771,1.2531,1.2636
1771891200000,1.2636,1.2795,1.2477,1.2551
1771905600000,1.2551,1.2573,1.2403,1.2505
1771920000000,1.2505,1.2598,1.236,1.2448
1771934400000,1.2448,1.2526,1.2241,1.2471
1771948800000,1.2471,1.2599,1.2427,1.246
1771963200000,1.246,1.2485,1.2338,1.2374
1771977600000,1.2374,1.3034,1.2341,1.2697
1771992000000,1.2697,1.2779,1.2577,1.2679
1772006400000,1.2679,1.3912,1.2606,1.3815
1772020800000,1.3815,1.5538,1.3686,1.5176
1772035200000,1.5176,1.6395,1.5134,1.6307
1772049600000,1.6307,1.7525,1.5998,1.6619
1772064000000,1.6619,1.6957,1.5964,1.6272
1772078400000,1.6272,1.6466,1.5623,1.5795
1772092800000,1.5795,1.6311,1.5718,1.5796
1772107200000,1.5796,1.6446,1.5703,1.6182
1772121600000,1.6182,1.6194,1.521,1.5696
1772136000000,1.5696,1.6271,1.5541,1.6069
1772150400000,1.6069,1.6644,1.5968,1.6545
1772164800000,1.6545,1.6812,1.589,1.6027
1772179200000,1.6027,1.628,1.5609,1.5634
1772193600000,1.5634,1.5965,1.5475,1.5647
1772208000000,1.5647,1.625,1.5452,1.6037
1772222400000,1.6037,1.65,1.5651,1.5985
1772236800000,1.5985,1.6181,1.5713,1.5746
1772251200000,1.5746,1.5781,1.4791,1.5022
1772265600000,1.5022,1.5055,1.457,1.4756
1772280000000,1.4756,1.5388,1.4606,1.5105
1772294400000,1.5105,1.6413,1.4951,1.5967
1772308800000,1.5967,1.6749,1.5912,1.6612
1772323200000,1.6612,1.6798,1.6088,1.6146
1772337600000,1.6146,1.6204,1.5806,1.6032
1772352000000,1.6032,1.6037,1.5584,1.5617
1772366400000,1.5617,1.5781,1.5379,1.5494
1772380800000,1.5494,1.5593,1.5194,1.5215
1772395200000,1.5215,1.5414,1.5031,1.533
1772409600000,1.533,1.5993,1.5298,1.5588
1772424000000,1.5588,1.5787,1.5046,1.5106
1772438400000,1.5106,1.5245,1.4949,1.5149
1772452800000,1.5149,1.5964,1.4984,1.5725
1772467200000,1.5725,1.6031,1.5213,1.5319
1772481600000,1.5319,1.5442,1.4989,1.5073
1772496000000,1.5073,1.5131,1.4871,1.5016
1772510400000,1.5016,1.517,1.483,1.5155
1772524800000,1.5155,1.5206,1.4705,1.4832
1772539200000,1.4832,1.5177,1.4806,1.5075
1772553600000,1.5075,1.5564,1.5011,1.5292
1772568000000,1.5292,1.5368,1.5091,1.5322
1772582400000,1.5322,1.5496,1.5188,1.5267
1772596800000,1.5267,1.5394,1.5069,1.5319
1772611200000,1.5319,1.5728,1.5234,1.5338
1772625600000,1.5338,1.5566,1.508,1.5551
1772640000000,1.5551,1.5665,1.5216,1.5572
1772654400000,1.5572,1.5614,1.5144,1.539
1772668800000,1.539,1.5437,1.5121,1.5273
1772683200000,1.5273,1.5534,1.506,1.5166
1772697600000,1.5166,1.5497,1.5092,1.521
1772712000000,1.521,1.5441,1.5038,1.5101
1772726400000,1.5101,1.5214,1.4795,1.5075
1772740800000,1.5075,1.5555,1.507,1.528
1772755200000,1.528,1.5469,1.521,1.5306
1772769600000,1.5306,1.547,1.51,1.5416
1772784000000,1.5416,1.5417,1.5028,1.5049
1772798400000,1.5049,1.5181,1.4519,1.4615
1772812800000,1.4615,1.4925,1.4576,1.4842
1772827200000,1.4842,1.4988,1.4789,1.487
1772841600000,1.487,1.5166,1.4834,1.4964
1772856000000,1.4964,1.5153,1.4856,1.4992
1772870400000,1.4992,1.5125,1.4806,1.4863
1772884800000,1.4863,1.4983,1.4599,1.4663
1772899200000,1.4663,1.4798,1.4285,1.4351
1772913600000,1.4351,1.4472,1.4276,1.445
1772928000000,1.445,1.4468,1.423,1.4329
1772942400000,1.4329,1.4543,1.4246,1.4433
1772956800000,1.4433,1.4765,1.4365,1.4667
1772971200000,1.4667,1.4837,1.4435,1.4518
1772985600000,1.4518,1.479,1.4428,1.4681
1773000000000,1.4681,1.4741,1.4279,1.451
1773014400000,1.451,1.4906,1.4496,1.4694
1773028800000,1.4694,1.5193,1.4693,1.4862
1773043200000,1.4862,1.4955,1.4612,1.4735
1773057600000,1.4735,1.5127,1.4691,1.4988
1773072000000,1.4988,1.5315,1.4913,1.5056
1773086400000,1.5056,1.5126,1.4827,1.492
1773100800000,1.492,1.5304,1.4891,1.5068
1773115200000,1.5068,1.5333,1.5067,1.5182
1773129600000,1.5182,1.5384,1.5142,1.5162
1773144000000,1.5162,1.5457,1.4935,1.5284
1773158400000,1.5284,1.5378,1.4884,1.4977
1773172800000,1.4977,1.5043,1.4768,1.4847
1773187200000,1.4847,1.4919,1.4733,1.4826
1773201600000,1.4826,1.4967,1.4688,1.4839
1773216000000,1.4839,1.509,1.4832,1.5073
1773230400000,1.5073,1.5537,1.5011,1.517
1773244800000,1.517,1.5489,1.5114,1.5371
1773259200000,1.5371,1.5425,1.5177,1.5214
1773273600000,1.5214,1.5253,1.4943,1.4976
1773288000000,1.4976,1.5088,1.4916,1.5082
1773302400000,1.5082,1.5265,1.5033,1.5061
1773316800000,1.5061,1.5098,1.4831,1.5013
1773331200000,1.5013,1.5131,1.4877,1.5063
1773345600000,1.5063,1.5252,1.5012,1.5162
1773360000000,1.5162,1.5482,1.5117,1.5313
1773374400000,1.5313,1.5324,1.498,1.5054
1773388800000,1.5054,1.5268,1.4996,1.5163
1773403200000,1.5163,1.5485,1.497,1.5055
1773417600000,1.5055,1.5135,1.4641,1.4682
1773432000000,1.4682,1.4794,1.4446,1.4618
1773446400000,1.4618,1.4618,1.4344,1.4465
1773460800000,1.4465,1.4537,1.4284,1.4353
1773475200000,1.4353,1.439,1.4241,1.4333
1773489600000,1.4333,1.4397,1.4157,1.4309
1773504000000,1.4309,1.4312,1.4086,1.411
1773518400000,1.411,1.4165,1.4032,1.4121
1773532800000,1.4121,1.4298,1.3905,1.4169
1773547200000,1.4169,1.424,1.4082,1.4175
1773561600000,1.4175,1.4381,1.4145,1.4297
1773576000000,1.4297,1.4411,1.4138,1.416
1773590400000,1.416,1.4276,1.4069,1.4202
1773604800000,1.4202,1.4448,1.4148,1.4396
1773619200000,1.4396,1.4895,1.4296,1.4775
1773633600000,1.4775,1.6022,1.4775,1.5833
1773648000000,1.5833,1.6318,1.57,1.5922
1773662400000,1.5922,1.6069,1.5577,1.5676
1773676800000,1.5676,1.625,1.5661,1.6124
1773691200000,1.6124,1.6628,1.6072,1.6404
1773705600000,1.6404,1.6433,1.5943,1.604
1773720000000,1.604,1.6197,1.5884,1.6125
1773734400000,1.6125,1.6397,1.6006,1.6021
1773748800000,1.6021,1.6039,1.5836,1.5916
1773763200000,1.5916,1.6043,1.5819,1.5927
1773777600000,1.5927,1.6332,1.5921,1.6194
1773792000000,1.6194,1.6538,1.6159,1.636
1773806400000,1.636,1.6485,1.6189,1.6236
1773820800000,1.6236,1.6393,1.5922,1.6023
1773835200000,1.6023,1.6023,1.5383,1.5597
1773849600000,1.5597,1.5753,1.5441,1.5515
1773864000000,1.5515,1.5777,1.5394,1.5771
1773878400000,1.5771,1.5777,1.5456,1.5543
1773892800000,1.5543,1.5581,1.5243,1.5324
1773907200000,1.5324,1.5459,1.5269,1.5391
1773921600000,1.5391,1.5416,1.4998,1.5209
1773936000000,1.5209,1.535,1.4955,1.5295
1773950400000,1.5295,1.5335,1.5039,1.5208
1773964800000,1.5208,1.5424,1.5184,1.531
1773979200000,1.531,1.5517,1.5282,1.5358
1773993600000,1.5358,1.5479,1.5188,1.5275
1774008000000,1.5275,1.5362,1.5123,1.5246
1774022400000,1.5246,1.5264,1.494,1.5092
1774036800000,1.5092,1.5227,1.4956,1.4983
1774051200000,1.4983,1.514,1.4983,1.5105
1774065600000,1.5105,1.5149,1.5002,1.5007
1774080000000,1.5007,1.5065,1.4847,1.4899
1774094400000,1.4899,1.5086,1.4846,1.507
1774108800000,1.507,1.5082,1.4902,1.4927
1774123200000,1.4927,1.5018,1.4553,1.4661
1774137600000,1.4661,1.483,1.4416,1.4707
1774152000000,1.4707,1.4791,1.4551,1.4557
1774166400000,1.4557,1.4574,1.4313,1.4319
1774180800000,1.4319,1.4483,1.4301,1.4337
1774195200000,1.4337,1.4364,1.4125,1.4155
1774209600000,1.4155,1.4236,1.3916,1.4112
1774224000000,1.4112,1.438,1.4086,1.4296
1774238400000,1.4296,1.4417,1.4022,1.4148
1774252800000,1.4148,1.4924,1.4016,1.464
1774267200000,1.464,1.4856,1.4301,1.432
1774281600000,1.432,1.4414,1.4188,1.4218
1774296000000,1.4218,1.432,1.4026,1.419
1774310400000,1.419,1.4244,1.4068,1.4211
1774324800000,1.4211,1.4287,1.4069,1.4262
1774339200000,1.4262,1.4262,1.3835,1.3956
1774353600000,1.3956,1.4038,1.3778,1.3811
1774368000000,1.3811,1.3844,1.3572,1.3792
1774382400000,1.3792,1.4042,1.3764,1.3998
1774396800000,1.3998,1.4109,1.3894,1.4009
1774411200000,1.4009,1.4027,1.3779,1.3839
1774425600000,1.3839,1.4006,1.3752,1.3921
1774440000000,1.3921,1.393,1.3606,1.3657
1774454400000,1.3657,1.3816,1.3615,1.3669
1774468800000,1.3669,1.3672,1.3425,1.3605
1774483200000,1.3605,1.3664,1.3377,1.3419
1774497600000,1.3419,1.342,1.3166,1.3282
1774512000000,1.3282,1.3282,1.3041,1.3133
1774526400000,1.3133,1.3356,1.3122,1.3224
1774540800000,1.3224,1.3315,1.3,1.3059
1774555200000,1.3059,1.3282,1.3008,1.3206
1774569600000,1.3206,1.339,1.3153,1.3205
1774584000000,1.3205,1.3256,1.3121,1.3242
1774598400000,1.3242,1.3258,1.271,1.2807
1774612800000,1.2807,1.2937,1.2722,1.2776
1774627200000,1.2776,1.2884,1.2697,1.2814
1774641600000,1.2814,1.294,1.2723,1.2898
1774656000000,1.2898,1.2927,1.2697,1.2829
1774670400000,1.2829,1.3004,1.2791,1.2995
1774684800000,1.2995,1.3048,1.2842,1.2867
1774699200000,1.2867,1.3056,1.274,1.2859
1774713600000,1.2859,1.2902,1.2747,1.2819
1774728000000,1.2819,1.2854,1.2527,1.2581
1774742400000,1.2581,1.2715,1.2468,1.2693
1774756800000,1.2693,1.2732,1.2631,1.2681
1774771200000,1.2681,1.2752,1.2614,1.266
1774785600000,1.266,1.2689,1.2542,1.2559
1774800000000,1.2559,1.2599,1.2484,1.2524
1774814400000,1.2524,1.2675,1.2183,1.2595
1774828800000,1.2595,1.2865,1.2584,1.2717
1774843200000,1.2717,1.2777,1.2595,1.277
1774857600000,1.277,1.2875,1.2642,1.2795
1774872000000,1.2795,1.2842,1.258,1.2625
1774886400000,1.2625,1.2669,1.2322,1.2392
1774900800000,1.2392,1.2506,1.2324,1.2428
1774915200000,1.2428,1.2638,1.2358,1.2527
1774929600000,1.2527,1.256,1.2372,1.255
1774944000000,1.255,1.2576,1.225,1.2374
1774958400000,1.2374,1.277,1.2322,1.2513
1774972800000,1.2513,1.2753,1.2513,1.2681
1774987200000,1.2681,1.2699,1.2493,1.2516
1775001600000,1.2516,1.2641,1.2457,1.2597
1775016000000,1.2597,1.3013,1.2594,1.2864
1775030400000,1.2864,1.2911,1.2679,1.2748
1775044800000,1.2748,1.293,1.2625,1.2749
1775059200000,1.2749,1.2832,1.2562,1.2641
1775073600000,1.2641,1.2698,1.2505,1.2549
1775088000000,1.2549,1.2688,1.2088,1.2165
1775102400000,1.2165,1.2258,1.2119,1.2238
1775116800000,1.2238,1.2239,1.2051,1.2155
1775131200000,1.2155,1.2336,1.2025,1.2206
1775145600000,1.2206,1.2321,1.2163,1.2263
1775160000000,1.2263,1.237,1.2232,1.2357
1775174400000,1.2357,1.2429,1.2288,1.2354
1775188800000,1.2354,1.2602,1.2336,1.2511
1775203200000,1.2511,1.2585,1.2432,1.2552
1775217600000,1.2552,1.2656,1.2456,1.2486
1775232000000,1.2486,1.2554,1.2361,1.2418
1775246400000,1.2418,1.2496,1.2325,1.2378
1775260800000,1.2378,1.2469,1.232,1.244
1775275200000,1.244,1.249,1.2399,1.246
1775289600000,1.246,1.2564,1.2394,1.2539
1775304000000,1.2539,1.2593,1.2437,1.2497
1775318400000,1.2497,1.2648,1.2469,1.2547
1775332800000,1.2547,1.2562,1.2462,1.2525
1775347200000,1.2525,1.2534,1.2446,1.2492
1775361600000,1.2492,1.2492,1.2231,1.2263
1775376000000,1.2263,1.2304,1.2222,1.2258
1775390400000,1.2258,1.2417,1.2151,1.2299
1775404800000,1.2299,1.2367,1.2221,1.2259
1775419200000,1.2259,1.2466,1.2193,1.2432
1775433600000,1.2432,1.2676,1.2432,1.2582
1775448000000,1.2582,1.2739,1.2543,1.2706
1775462400000,1.2706,1.3083,1.2672,1.3034
1775476800000,1.3034,1.3162,1.274,1.2823
1775491200000,1.2823,1.2839,1.2663,1.2689
1775505600000,1.2689,1.2754,1.2314,1.2402
1775520000000,1.2402,1.2475,1.2303,1.2413
1775534400000,1.2413,1.2422,1.2256,1.2343
1775548800000,1.2343,1.2402,1.229,1.2335
1775563200000,1.2335,1.2335,1.2044,1.2187
1775577600000,1.2187,1.2343,1.2148,1.2333
1775592000000,1.2333,1.3302,1.2291,1.3132
1775606400000,1.3132,1.3213,1.2925,1.3061
1775620800000,1.3061,1.3346,1.3055,1.3257
1775635200000,1.3257,1.3302,1.3007,1.3055
1775649600000,1.3055,1.3148,1.2804,1.2917
1775664000000,1.2917,1.301,1.2717,1.2806
1775678400000,1.2806,1.2894,1.2638,1.2681
1775692800000,1.2681,1.2681,1.249,1.2529
1775707200000,1.2529,1.2594,1.2478,1.2552
1775721600000,1.2552,1.258,1.2439,1.247
1775736000000,1.247,1.2887,1.2339,1.2813
1775750400000,1.2813,1.3091,1.2713,1.3056
1775764800000,1.3056,1.3625,1.2947,1.2988
1775779200000,1.2988,1.3089,1.2843,1.2867
1775793600000,1.2867,1.3092,1.2812,1.2878
1775808000000,1.2878,1.2998,1.2842,1.2893
1775822400000,1.2893,1.3261,1.2879,1.3091
1775836800000,1.3091,1.3194,1.3023,1.3169
1775851200000,1.3169,1.3202,1.3005,1.3053
1775865600000,1.3053,1.3075,1.2876,1.294
1775880000000,1.294,1.2947,1.2749,1.281
1775894400000,1.281,1.2842,1.2734,1.282
1775908800000,1.282,1.286,1.2632,1.2772
1775923200000,1.2772,1.315,1.2767,1.3072
1775937600000,1.3072,1.3081,1.2784,1.2858
1775952000000,1.2858,1.2872,1.2398,1.2419
1775966400000,1.2419,1.243,1.2216,1.2263
1775980800000,1.2263,1.2296,1.2136,1.2253
1775995200000,1.2253,1.2328,1.2159,1.2258
1776009600000,1.2258,1.2466,1.22,1.2346
1776024000000,1.2346,1.244,1.2194,1.2234
1776038400000,1.2234,1.2384,1.2221,1.2278
1776052800000,1.2278,1.2278,1.1431,1.1838
1776067200000,1.1838,1.1979,1.1503,1.1632
1776081600000,1.1632,1.1811,1.1548,1.1685
1776096000000,1.1685,1.2061,1.1576,1.1986
1776110400000,1.1986,1.2382,1.1668,1.2257
1776124800000,1.2257,1.227,1.2008,1.2033
1776139200000,1.2033,1.2151,1.177,1.1887
1776153600000,1.1887,1.1963,1.1773,1.1779
1776168000000,1.1779,1.1847,1.1575,1.1688
1776182400000,1.1688,1.1754,1.142,1.1532
1776196800000,1.1532,1.1658,1.1511,1.1625
1776211200000,1.1625,1.1717,1.1583,1.1636
1776225600000,1.1636,1.1727,1.1449,1.1463
1776240000000,1.1463,1.1711,1.1457,1.1691
1776254400000,1.1691,1.1755,1.1574,1.1687
1776268800000,1.1687,1.1955,1.1661,1.1907
1776283200000,1.1907,1.1952,1.1734,1.1806
1776297600000,1.1806,1.202,1.1691,1.2005
1776312000000,1.2005,1.2765,1.1989,1.2701
1776326400000,1.2701,1.2796,1.245,1.2689
1776340800000,1.2689,1.3269,1.266,1.3259
1776355200000,1.3259,1.3522,1.2839,1.35
1776369600000,1.35,1.3514,1.3161,1.3274
1776384000000,1.3274,1.3292,1.2901,1.2952
1776398400000,1.2952,1.3309,1.2836,1.3288
1776412800000,1.3288,1.3341,1.2951,1.3061
1776427200000,1.3061,1.3506,1.2987,1.3327
1776441600000,1.3327,1.3544,1.3256,1.3328
1776456000000,1.3328,1.3438,1.3244,1.3327
1776470400000,1.3327,1.3401,1.3176,1.3277
1776484800000,1.3277,1.3399,1.3158,1.3337
1776499200000,1.3337,1.3339,1.2812,1.2883
1776513600000,1.2883,1.2999,1.279,1.2956
1776528000000,1.2956,1.3066,1.2693,1.276
1776542400000,1.276,1.2873,1.2704,1.2714
1776556800000,1.2714,1.2796,1.2623,1.2693
1776571200000,1.2693,1.2793,1.246,1.2589
1776585600000,1.2589,1.2764,1.2524,1.2744
1776600000000,1.2744,1.2907,1.2613,1.2758
1776614400000,1.2758,1.2767,1.2589,1.2691
1776628800000,1.2691,1.2691,1.234,1.2386
1776643200000,1.2386,1.2652,1.2362,1.2631
1776657600000,1.2631,1.2791,1.2493,1.2628
1776672000000,1.2628,1.2658,1.2507,1.2537
1776686400000,1.2537,1.2728,1.2496,1.2711
1776700800000,1.2711,1.2877,1.2653,1.2788
1776715200000,1.2788,1.2938,1.2727,1.2799
1776729600000,1.2799,1.2866,1.268,1.2748
1776744000000,1.2748,1.2861,1.2704,1.2826
1776758400000,1.2826,1.2912,1.2763,1.2841
1776772800000,1.2841,1.2853,1.2668,1.2755
1776787200000,1.2755,1.2779,1.2557,1.2592
1776801600000,1.2592,1.2803,1.2584,1.2779
1776816000000,1.2779,1.2971,1.2692,1.2905
1776830400000,1.2905,1.3257,1.2884,1.3048
1776844800000,1.3048,1.314,1.2969,1.3056
1776859200000,1.3056,1.3062,1.2942,1.2976
1776873600000,1.2976,1.3021,1.2711,1.2772
1776888000000,1.2772,1.2783,1.2672,1.2707
1776902400000,1.2707,1.2774,1.2505,1.2542
1776916800000,1.2542,1.2625,1.2512,1.2541
1776931200000,1.2541,1.2544,1.2367,1.2477
1776945600000,1.2477,1.2544,1.2378,1.2492
1776960000000,1.2492,1.2516,1.2108,1.2243
1776974400000,1.2243,1.2426,1.223,1.2398
1776988800000,1.2398,1.2491,1.232,1.2373
1777003200000,1.2373,1.2443,1.2252,1.2317
1777017600000,1.2317,1.2565,1.2304,1.2551
1777032000000,1.2551,1.2622,1.2413,1.2588
1777046400000,1.2588,1.2643,1.2485,1.2568
1777060800000,1.2568,1.2689,1.2451,1.2529
1777075200000,1.2529,1.2689,1.2512,1.2638
1777089600000,1.2638,1.2709,1.255,1.2634
1777104000000,1.2634,1.2736,1.254,1.2564
1777118400000,1.2564,1.2636,1.2511,1.2564
1777132800000,1.2564,1.2603,1.2367,1.2396
1777147200000,1.2396,1.2469,1.2384,1.2453
1777161600000,1.2453,1.2454,1.2352,1.2426
1777176000000,1.2426,1.2633,1.2389,1.2609
1777190400000,1.2609,1.2743,1.2564,1.2686
1777204800000,1.2686,1.2704,1.2544,1.2657
1777219200000,1.2657,1.2728,1.2537,1.2682
1777233600000,1.2682,1.27,1.2521,1.26
1777248000000,1.26,1.2739,1.2576,1.2675
1777262400000,1.2675,1.2685,1.2259,1.2317
1777276800000,1.2317,1.2383,1.227,1.2364
1777291200000,1.2364,1.2379,1.2087,1.2183
1777305600000,1.2183,1.2253,1.212,1.2188
1777320000000,1.2188,1.2352,1.2143,1.2318
1777334400000,1.2318,1.2376,1.2267,1.2346
1777348800000,1.2346,1.2402,1.2175,1.2241
1777363200000,1.2241,1.2258,1.2151,1.2203
1777377600000,1.2203,1.2356,1.2174,1.2316
1777392000000,1.2316,1.2364,1.2235,1.2349
1777406400000,1.2349,1.2363,1.2248,1.2288
1777420800000,1.2288,1.2374,1.2247,1.2367
1777435200000,1.2367,1.2474,1.2351,1.241
1777449600000,1.241,1.2582,1.2332,1.2438
1777464000000,1.2438,1.2443,1.1993,1.205
1777478400000,1.205,1.2186,1.1779,1.1956
1777492800000,1.1956,1.2121,1.1945,1.2103
1777507200000,1.2103,1.2256,1.204,1.2139
1777521600000,1.2139,1.2143,1.1954,1.2081
1777536000000,1.2081,1.2192,1.2077,1.2146
1777550400000,1.2146,1.221,1.2038,1.2137
1777564800000,1.2137,1.215,1.2058,1.2072
1777579200000,1.2072,1.209,1.199,1.2039
1777593600000,1.2039,1.2188,1.2017,1.2127
