open_time_ms,open,high,low,close
1624939200000,57.29,57.29,56.58,56.71
1624953600000,56.71,60.01,56.5,59.51
1624968000000,59.51,62.3,58.88,61.37
1624982400000,61.37,61.96,60.06,61.04
1624996800000,61.04,66.24,60.23,64.48
1625011200000,64.48,65.34,61.62,61.86
1625025600000,61.86,62.41,59.17,62.38
1625040000000,62.38,62.57,59.77,60.46
1625054400000,60.46,60.77,56.49,56.9
1625068800000,56.9,59.27,56.7,59.02
1625083200000,59.02,60.63,58.77,60.27
1625097600000,60.27,60.45,57.44,57.58
1625112000000,57.58,58.8,55.9,55.99
1625126400000,55.99,57.73,55.96,57.54
1625140800000,57.54,58.0,56.06,56.64
1625155200000,56.64,57.0,55.11,55.67
1625169600000,55.67,57.41,55.67,56.69
1625184000000,56.69,57.18,55.19,55.35
1625198400000,55.35,56.05,54.69,55.72
1625212800000,55.72,56.21,54.95,55.42
1625227200000,55.42,57.27,55.18,57.26
1625241600000,57.26,57.27,56.4,56.52
1625256000000,56.52,57.27,56.1,57.13
1625270400000,57.13,57.72,56.67,57.0
1625284800000,57.0,58.92,56.85,58.69
1625299200000,58.69,59.89,58.33,58.66
1625313600000,58.66,59.62,58.52,59.61
1625328000000,59.61,59.79,58.56,58.84
1625342400000,58.84,59.27,57.85,58.83
1625356800000,58.83,58.98,57.95,58.63
1625371200000,58.63,60.57,58.6,60.25
1625385600000,60.25,60.38,59.4,59.46
1625400000000,59.46,59.66,58.9,59.65
1625414400000,59.65,59.73,59.05,59.48
1625428800000,59.48,60.09,58.37,58.72
1625443200000,58.72,58.72,57.03,57.27
1625457600000,57.27,57.64,56.87,57.53
1625472000000,57.53,58.11,55.71,56.13
1625486400000,56.13,56.65,55.57,55.66
1625500800000,55.66,56.47,54.71,56.32
1625515200000,56.32,57.07,55.99,56.03
1625529600000,56.03,57.26,55.99,57.08
1625544000000,57.08,58.18,57.08,58.05
1625558400000,58.05,58.34,56.2,56.63
1625572800000,56.63,57.57,56.28,56.75
1625587200000,56.75,56.96,55.93,56.37
1625601600000,56.37,56.98,55.97,56.98
1625616000000,56.98,57.82,56.67,57.51
1625630400000,57.51,57.99,57.27,57.47
1625644800000,57.47,57.88,57.14,57.55
1625659200000,57.55,58.16,56.97,57.17
1625673600000,57.17,57.67,56.49,57.44
1625688000000,57.44,57.44,56.33,56.44
1625702400000,56.44,56.51,55.65,56.19
1625716800000,56.19,56.22,54.93,55.25
1625731200000,55.25,56.31,54.8,55.9
1625745600000,55.9,56.19,55.1,55.37
1625760000000,55.37,55.43,54.38,54.73
1625774400000,54.73,54.85,52.84,53.84
1625788800000,53.84,54.01,52.72,53.7
1625803200000,53.7,54.34,53.26,53.89
1625817600000,53.89,54.84,53.44,53.94
1625832000000,53.94,55.52,53.86,55.3
1625846400000,55.3,55.43,54.68,54.79
1625860800000,54.79,55.55,54.63,55.2
1625875200000,55.2,55.99,54.89,55.0
1625889600000,55.0,55.06,54.48,54.9
1625904000000,54.9,55.06,54.33,54.76
1625918400000,54.76,54.87,54.43,54.8
1625932800000,54.8,55.1,53.9,53.98
1625947200000,53.98,54.5,53.48,54.24
1625961600000,54.24,54.69,54.03,54.4
1625976000000,54.4,54.47,53.88,54.27
1625990400000,54.27,54.79,54.13,54.76
1626004800000,54.76,55.51,54.41,55.15
1626019200000,55.15,55.4,54.94,55.11
1626033600000,55.11,55.74,54.9,55.13
1626048000000,55.13,55.42,54.68,55.2
1626062400000,55.2,55.42,54.86,55.15
1626076800000,55.15,55.33,54.34,54.34
1626091200000,54.34,54.52,54.11,54.11
1626105600000,54.11,54.33,52.77,52.99
1626120000000,52.99,53.04,52.2,52.48
1626134400000,52.48,53.04,52.28,52.54
1626148800000,52.54,52.58,51.03,52.07
1626163200000,52.07,52.41,51.71,52.07
1626177600000,52.07,52.38,51.44,52.18
1626192000000,52.18,52.37,50.52,50.56
1626206400000,50.56,50.97,50.36,50.9
1626220800000,50.9,51.15,48.09,48.64
1626235200000,48.64,49.26,48.5,49.1
1626249600000,49.1,50.56,48.36,49.84
1626264000000,49.84,50.74,49.49,50.19
1626278400000,50.19,50.54,49.14,49.21
1626292800000,49.21,50.08,49.21,49.67
1626307200000,49.67,50.31,49.13,49.5
1626321600000,49.5,49.64,48.49,48.75
1626336000000,48.75,49.19,48.18,48.39
1626350400000,48.39,48.66,47.21,47.21
1626364800000,47.21,47.3,45.95,46.68
1626379200000,46.68,47.48,46.65,47.27
1626393600000,47.27,48.31,46.92,47.89
1626408000000,47.89,48.05,46.86,47.38
1626422400000,47.38,47.39,46.0,46.07
1626436800000,46.07,47.24,46.05,47.18
1626451200000,47.18,47.29,46.38,46.44
1626465600000,46.44,46.56,45.71,45.74
1626480000000,45.74,46.01,45.11,45.31
1626494400000,45.31,45.91,45.17,45.61
1626508800000,45.61,46.12,45.17,45.55
1626523200000,45.55,46.04,45.44,45.67
1626537600000,45.67,45.97,45.34,45.91
1626552000000,45.91,46.01,45.47,45.54
1626566400000,45.54,47.4,45.51,46.83
1626580800000,46.83,46.93,46.51,46.53
1626595200000,46.53,47.26,46.46,46.98
1626609600000,46.98,47.07,45.54,45.98
1626624000000,45.98,47.3,45.9,46.97
1626638400000,46.97,47.36,46.5,46.83
1626652800000,46.83,47.14,46.05,46.31
1626667200000,46.31,46.81,46.27,46.5
1626681600000,46.5,46.63,45.99,46.05
1626696000000,46.05,46.08,44.86,45.75
1626710400000,45.75,45.75,44.88,45.02
1626724800000,45.02,45.18,43.98,44.69
1626739200000,44.69,45.09,41.81,42.37
1626753600000,42.37,43.0,42.02,42.87
1626768000000,42.87,42.89,41.95,42.65
1626782400000,42.65,42.79,41.97,42.49
1626796800000,42.49,42.5,41.46,42.17
1626811200000,42.17,42.33,40.96,41.21
1626825600000,41.21,41.52,40.0,41.44
1626840000000,41.44,43.63,41.3,43.04
1626854400000,43.04,44.81,42.55,44.55
1626868800000,44.55,46.92,44.13,46.84
1626883200000,46.84,47.81,45.4,45.64
1626897600000,45.64,46.48,45.64,46.19
1626912000000,46.19,46.93,45.03,45.38
1626926400000,45.38,45.83,44.66,45.53
1626940800000,45.53,45.79,44.66,45.14
1626955200000,45.14,45.97,44.52,45.93
1626969600000,45.93,46.4,45.65,46.1
1626984000000,46.1,46.11,45.08,45.61
1626998400000,45.61,46.99,45.42,46.73
1627012800000,46.73,47.5,45.9,46.49
1627027200000,46.49,46.58,45.8,46.12
1627041600000,46.12,46.59,45.54,45.62
1627056000000,45.62,45.66,44.89,45.35
1627070400000,45.35,47.48,45.32,47.34
1627084800000,47.34,47.52,46.81,47.48
1627099200000,47.48,47.65,46.43,47.07
1627113600000,47.07,47.48,46.39,47.07
1627128000000,47.07,50.37,46.78,50.21
1627142400000,50.21,51.27,48.4,48.92
1627156800000,48.92,49.72,48.4,49.53
1627171200000,49.53,49.78,48.05,48.63
1627185600000,48.63,50.11,48.59,49.81
1627200000000,49.81,50.19,48.73,49.26
1627214400000,49.26,49.26,47.3,47.5
1627228800000,47.5,48.3,47.24,47.53
1627243200000,47.53,48.96,47.12,48.96
1627257600000,48.96,51.96,48.73,50.89
1627272000000,50.89,52.94,50.65,51.16
1627286400000,51.16,51.76,50.59,51.37
1627300800000,51.37,52.79,50.24,52.55
1627315200000,52.55,52.75,51.19,51.34
1627329600000,51.34,51.34,48.73,49.04
1627344000000,49.04,49.74,47.52,48.06
1627358400000,48.06,48.97,47.81,48.27
1627372800000,48.27,49.43,48.05,49.43
1627387200000,49.43,49.86,48.46,48.82
1627401600000,48.82,48.82,47.1,48.05
1627416000000,48.05,49.68,48.02,49.57
1627430400000,49.57,50.61,48.67,49.64
1627444800000,49.64,50.35,49.22,50.18
1627459200000,50.18,50.92,49.74,50.67
1627473600000,50.67,50.7,48.89,49.46
1627488000000,49.46,49.97,48.34,49.18
1627502400000,49.18,49.59,48.67,49.52
1627516800000,49.52,49.77,48.69,48.92
1627531200000,48.92,49.49,48.86,49.04
1627545600000,49.04,49.64,48.8,48.97
1627560000000,48.97,49.56,48.84,49.32
1627574400000,49.32,49.38,48.81,49.04
1627588800000,49.04,49.55,48.5,49.38
1627603200000,49.38,50.49,49.22,50.1
1627617600000,50.1,50.24,49.6,50.21
1627632000000,50.21,50.21,48.57,48.77
1627646400000,48.77,49.28,48.71,49.28
1627660800000,49.28,49.6,48.83,49.6
1627675200000,49.6,51.39,49.52,51.29
1627689600000,51.29,51.43,50.67,50.92
1627704000000,50.92,51.97,50.34,50.71
1627718400000,50.71,52.84,50.68,51.6
1627732800000,51.6,51.91,50.95,51.61
1627747200000,51.61,51.96,51.02,51.45
1627761600000,51.45,52.51,51.26,51.98
1627776000000,51.98,58.67,51.57,56.72
1627790400000,56.72,57.49,55.3,55.46
1627804800000,55.46,56.83,54.81,55.62
1627819200000,55.62,57.53,55.05,56.61
1627833600000,56.61,57.4,54.86,57.16
1627848000000,57.16,57.79,53.04,53.85
1627862400000,53.85,54.83,53.14,54.47
1627876800000,54.47,55.99,53.84,55.51
1627891200000,55.51,55.58,54.46,54.86
1627905600000,54.86,55.44,53.87,55.26
1627920000000,55.26,55.57,54.33,54.44
1627934400000,54.44,55.29,54.1,54.49
1627948800000,54.49,55.08,53.81,54.1
1627963200000,54.1,54.25,52.61,53.8
1627977600000,53.8,54.2,53.47,53.55
1627992000000,53.55,54.62,52.9,53.9
1628006400000,53.9,54.46,53.43,53.74
1628020800000,53.74,54.79,53.39,54.28
1628035200000,54.28,55.82,54.02,55.35
1628049600000,55.35,55.61,54.47,54.88
1628064000000,54.88,55.57,54.42,55.35
1628078400000,55.35,57.11,55.35,56.47
1628092800000,56.47,57.34,56.15,56.67
1628107200000,56.67,57.31,56.26,56.49
1628121600000,56.49,56.92,55.49,56.67
1628136000000,56.67,56.67,55.77,56.12
1628150400000,56.12,56.39,55.15,55.49
1628164800000,55.49,56.78,55.02,56.31
1628179200000,56.31,57.47,56.2,56.85
1628193600000,56.85,58.22,56.65,57.89
1628208000000,57.89,61.06,57.24,59.73
1628222400000,59.73,60.09,59.31,59.73
1628236800000,59.73,60.59,59.43,59.83
1628251200000,59.83,63.02,59.45,62.99
1628265600000,62.99,63.2,61.39,61.98
1628280000000,61.98,65.37,61.68,64.25
1628294400000,64.25,68.99,63.76,68.47
1628308800000,68.47,68.47,66.51,67.71
1628323200000,67.71,71.21,67.49,69.72
1628337600000,69.72,70.36,66.13,67.37
1628352000000,67.37,70.67,65.91,68.28
1628366400000,68.28,69.9,68.11,69.28
1628380800000,69.28,69.4,66.07,67.02
1628395200000,67.02,68.49,66.2,67.15
1628409600000,67.15,67.82,66.41,66.7
1628424000000,66.7,67.69,63.93,64.21
1628438400000,64.21,65.47,63.51,65.19
1628452800000,65.19,66.21,64.38,64.5
1628467200000,64.5,64.89,61.56,63.72
1628481600000,63.72,64.26,62.88,63.79
1628496000000,63.79,68.14,63.57,67.67
1628510400000,67.67,68.0,66.52,67.65
1628524800000,67.65,67.93,66.8,66.98
1628539200000,66.98,67.88,65.7,67.63
1628553600000,67.63,69.81,66.41,68.93
1628568000000,68.93,69.01,67.71,68.79
1628582400000,68.79,68.9,66.23,67.22
1628596800000,67.22,68.56,66.04,66.66
1628611200000,66.66,66.76,65.05,66.54
1628625600000,66.54,67.73,66.16,66.77
1628640000000,66.77,68.74,66.77,67.89
1628654400000,67.89,69.53,67.51,69.03
1628668800000,69.03,71.87,68.17,70.05
1628683200000,70.05,73.51,69.65,71.81
1628697600000,71.81,74.06,71.3,73.43
1628712000000,73.43,73.74,70.68,71.86
1628726400000,71.86,75.17,71.66,74.46
1628740800000,74.46,74.78,68.55,71.07
1628755200000,71.07,71.88,69.67,69.67
1628769600000,69.67,70.27,66.13,66.97
1628784000000,66.97,68.46,66.2,67.77
1628798400000,67.77,68.47,66.53,68.35
1628812800000,68.35,70.38,68.35,69.43
1628827200000,69.43,71.69,68.8,71.2
1628841600000,71.2,72.09,70.2,70.31
1628856000000,70.31,71.32,68.85,69.65
1628870400000,69.65,71.99,69.59,71.04
1628884800000,71.04,74.8,70.95,74.57
1628899200000,74.57,75.11,73.38,73.89
1628913600000,73.89,74.94,73.52,74.11
1628928000000,74.11,74.8,70.32,72.48
1628942400000,72.48,73.56,70.81,73.26
1628956800000,73.26,74.42,71.94,73.4
1628971200000,73.4,73.4,71.29,72.51
1628985600000,72.51,74.59,72.08,73.19
1629000000000,73.19,73.52,71.05,71.42
1629014400000,71.42,71.96,70.99,71.72
1629028800000,71.72,71.79,70.22,70.98
1629043200000,70.98,71.7,70.17,71.7
1629057600000,71.7,73.84,71.62,73.15
1629072000000,73.15,74.45,72.74,73.1
1629086400000,73.1,74.94,73.05,73.68
1629100800000,73.68,76.3,73.16,75.36
1629115200000,75.36,75.59,72.42,73.59
1629129600000,73.59,75.02,72.93,73.62
1629144000000,73.62,74.85,72.51,73.33
1629158400000,73.33,74.36,71.3,73.75
1629172800000,73.75,74.25,72.05,72.83
1629187200000,72.83,74.74,72.76,74.39
1629201600000,74.39,74.55,72.46,72.64
1629216000000,72.64,73.77,72.31,72.64
1629230400000,72.64,72.76,68.93,69.43
1629244800000,69.43,70.11,66.06,68.28
1629259200000,68.28,69.49,67.72,68.04
1629273600000,68.04,68.84,66.66,67.19
1629288000000,67.19,68.86,67.12,68.85
1629302400000,68.85,69.3,66.6,66.84
1629316800000,66.84,68.43,66.28,67.5
1629331200000,67.5,68.52,66.61,66.87
1629345600000,66.87,67.48,66.64,67.31
1629360000000,67.31,67.71,66.73,66.73
1629374400000,66.73,68.57,66.35,68.37
1629388800000,68.37,70.07,67.63,69.86
1629403200000,69.86,70.55,69.31,70.53
1629417600000,70.53,71.62,70.08,71.16
1629432000000,71.16,71.23,70.04,70.23
1629446400000,70.23,71.14,69.8,70.58
1629460800000,70.58,73.25,70.57,73.05
1629475200000,73.05,73.83,71.25,72.15
1629489600000,72.15,73.68,72.11,73.17
1629504000000,73.17,73.22,71.54,72.79
1629518400000,72.79,73.36,72.2,73.01
1629532800000,73.01,74.85,72.1,73.08
1629547200000,73.08,74.17,72.92,74.0
1629561600000,74.0,74.99,73.2,73.69
1629576000000,73.69,79.28,73.62,78.52
1629590400000,78.52,79.23,77.06,78.0
1629604800000,78.0,79.06,77.45,78.42
1629619200000,78.42,78.74,77.38,77.6
1629633600000,77.6,77.81,75.36,76.21
1629648000000,76.21,77.12,75.4,76.13
1629662400000,76.13,77.87,75.1,77.23
1629676800000,77.23,78.79,76.67,78.71
1629691200000,78.71,82.25,78.71,81.3
1629705600000,81.3,81.43,79.6,80.54
1629720000000,80.54,80.81,78.76,79.55
1629734400000,79.55,80.97,79.55,79.85
1629748800000,79.85,80.63,79.51,79.86
1629763200000,79.86,80.38,77.76,79.14
1629777600000,79.14,80.01,78.38,79.64
1629792000000,79.64,79.77,78.29,78.68
1629806400000,78.68,78.79,75.75,76.17
1629820800000,76.17,76.48,72.13,74.49
1629835200000,74.49,76.35,74.18,74.46
1629849600000,74.46,76.03,74.1,75.01
1629864000000,75.01,75.96,74.7,75.29
1629878400000,75.29,75.35,72.46,73.9
1629892800000,73.9,77.17,73.48,76.97
1629907200000,76.97,77.98,76.33,76.99
1629921600000,76.99,77.67,76.33,76.6
1629936000000,76.6,79.12,74.37,74.37
1629950400000,74.37,75.25,73.29,73.76
1629964800000,73.76,74.82,73.44,74.16
1629979200000,74.16,74.62,72.41,72.51
1629993600000,72.51,73.39,71.44,71.99
1630008000000,71.99,73.34,71.83,72.26
1630022400000,72.26,73.26,70.47,71.19
1630036800000,71.19,72.82,70.51,72.8
1630051200000,72.8,73.5,71.54,72.85
1630065600000,72.85,74.73,72.26,74.21
1630080000000,74.21,74.56,73.46,73.96
1630094400000,73.96,75.81,73.66,75.22
1630108800000,75.22,75.49,74.21,74.56
1630123200000,74.56,74.98,73.63,73.93
1630137600000,73.93,74.45,73.62,73.95
1630152000000,73.95,74.13,72.91,73.64
1630166400000,73.64,74.33,73.2,73.56
1630180800000,73.56,74.32,73.41,73.97
1630195200000,73.97,75.45,72.69,73.01
1630209600000,73.01,74.1,72.47,73.88
1630224000000,73.88,74.36,73.37,73.46
1630238400000,73.46,74.03,73.26,73.54
1630252800000,73.54,74.95,73.46,74.77
1630267200000,74.77,74.88,73.7,73.7
1630281600000,73.7,74.25,72.93,73.1
1630296000000,73.1,73.42,72.6,73.3
1630310400000,73.3,73.72,72.86,73.0
1630324800000,73.0,73.0,71.51,72.55
1630339200000,72.55,73.39,72.25,73.33
1630353600000,73.33,73.7,71.02,71.21
1630368000000,71.21,71.84,70.51,71.79
1630382400000,71.79,72.45,70.83,72.18
1630396800000,72.18,74.85,71.68,74.26
1630411200000,74.26,78.0,73.98,77.4
1630425600000,77.4,77.57,75.37,76.91
1630440000000,76.91,77.43,75.11,76.04
1630454400000,76.04,78.08,75.36,75.77
1630468800000,75.77,77.17,75.57,76.25
1630483200000,76.25,77.46,76.14,77.12
1630497600000,77.12,78.2,76.26,77.24
1630512000000,77.24,78.44,76.66,77.91
1630526400000,77.91,78.89,77.59,78.72
1630540800000,78.72,79.79,78.02,79.18
1630555200000,79.18,79.33,78.09,78.37
1630569600000,78.37,78.92,77.85,78.82
1630584000000,78.82,79.06,77.05,77.8
1630598400000,77.8,78.01,77.1,77.5
1630612800000,77.5,78.51,77.31,77.5
1630627200000,77.5,77.55,75.76,77.2
1630641600000,77.2,77.46,76.43,76.7
1630656000000,76.7,78.32,76.58,77.63
1630670400000,77.63,79.1,77.18,78.56
1630684800000,78.56,78.88,77.66,78.43
1630699200000,78.43,78.44,77.09,77.74
1630713600000,77.74,84.6,77.62,83.53
1630728000000,83.53,84.42,82.39,83.0
1630742400000,83.0,85.31,82.63,83.39
1630756800000,83.39,85.27,83.37,84.81
1630771200000,84.81,92.47,84.81,92.27
1630785600000,92.27,96.76,90.99,95.15
1630800000000,95.15,95.97,92.39,93.66
1630814400000,93.66,95.09,91.94,93.54
1630828800000,93.54,99.9,93.42,99.27
1630843200000,99.27,111.3,98.18,110.73
1630857600000,110.73,119.49,109.96,116.18
1630872000000,116.18,120.43,110.92,113.81
1630886400000,113.81,117.8,111.5,115.05
1630900800000,115.05,118.6,114.81,116.8
1630915200000,116.8,117.63,111.53,112.29
1630929600000,112.29,112.58,105.5,106.18
1630944000000,106.18,109.96,104.74,108.21
1630958400000,108.21,110.58,103.97,106.31
1630972800000,106.31,109.97,104.62,107.74
1630987200000,107.74,111.0,105.19,106.85
1631001600000,106.85,107.32,97.11,99.54
1631016000000,99.54,101.0,72.15,83.03
1631030400000,83.03,89.26,80.21,80.89
1631044800000,80.89,86.56,80.5,84.14
1631059200000,84.14,87.05,81.27,83.5
1631073600000,83.5,85.49,76.15,77.88
1631088000000,77.88,83.8,76.45,82.4
1631102400000,82.4,86.55,81.08,85.81
1631116800000,85.81,94.11,84.91,90.39
1631131200000,90.39,91.28,86.04,88.37
1631145600000,88.37,92.78,87.7,90.73
1631160000000,90.73,94.51,88.92,90.74
1631174400000,90.74,92.36,88.46,89.05
1631188800000,89.05,91.44,84.71,90.85
1631203200000,90.85,92.34,87.02,87.99
1631217600000,87.99,89.98,86.58,88.6
1631232000000,88.6,91.86,88.39,89.95
1631246400000,89.95,90.26,86.43,87.06
1631260800000,87.06,87.92,85.64,87.22
1631275200000,87.22,87.77,78.4,82.52
1631289600000,82.52,83.14,80.71,82.96
1631304000000,82.96,83.09,79.3,82.39
1631318400000,82.39,84.07,80.27,81.38
1631332800000,81.38,82.6,80.24,81.5
1631347200000,81.5,85.16,80.71,83.46
1631361600000,83.46,84.74,82.66,84.02
1631376000000,84.02,84.69,82.75,82.86
1631390400000,82.86,83.49,80.7,81.75
1631404800000,81.75,82.58,80.77,82.27
1631419200000,82.27,82.82,81.18,82.07
1631433600000,82.07,85.59,81.76,85.26
1631448000000,85.26,87.22,84.32,84.87
1631462400000,84.87,85.2,83.41,83.82
1631476800000,83.82,84.87,81.41,83.79
1631491200000,83.79,84.58,79.97,80.19
1631505600000,80.19,81.77,77.56,78.6
1631520000000,78.6,79.22,77.2,79.19
1631534400000,79.19,83.44,72.82,77.97
1631548800000,77.97,78.45,76.86,77.79
1631563200000,77.79,79.48,77.79,78.08
1631577600000,78.08,78.99,77.55,78.64
1631592000000,78.64,79.49,77.99,79.03
1631606400000,79.03,80.64,78.72,79.26
1631620800000,79.26,81.6,77.83,81.26
1631635200000,81.26,81.88,79.07,79.17
1631649600000,79.17,80.98,78.59,80.82
1631664000000,80.82,86.02,80.2,84.57
1631678400000,84.57,85.6,83.61,85.14
1631692800000,85.14,87.54,84.45,86.27
1631707200000,86.27,86.92,84.45,86.8
1631721600000,86.8,87.25,85.14,85.43
1631736000000,85.43,86.4,84.8,86.32
1631750400000,86.32,89.99,85.11,89.64
1631764800000,89.64,90.67,88.7,89.25
1631779200000,89.25,89.5,85.52,87.06
1631793600000,87.06,87.66,82.22,85.04
1631808000000,85.04,85.04,83.17,83.78
1631822400000,83.78,84.82,82.7,84.79
1631836800000,84.79,85.04,83.06,83.74
1631851200000,83.74,84.6,83.24,83.49
1631865600000,83.49,84.14,80.65,81.43
1631880000000,81.43,83.25,80.69,82.27
1631894400000,82.27,85.68,81.7,84.11
1631908800000,84.11,86.69,83.82,85.87
1631923200000,85.87,86.41,84.6,85.81
1631937600000,85.81,87.45,85.12,85.75
1631952000000,85.75,86.33,84.2,84.44
1631966400000,84.44,86.0,83.84,85.09
1631980800000,85.09,85.78,83.53,83.72
1631995200000,83.72,84.55,82.71,84.39
1632009600000,84.39,84.39,82.81,83.76
1632024000000,83.76,84.5,82.98,84.25
1632038400000,84.25,84.45,81.61,82.08
1632052800000,82.08,83.28,81.76,82.7
1632067200000,82.7,85.19,82.59,83.84
1632081600000,83.84,84.4,82.24,83.53
1632096000000,83.53,83.7,77.55,79.9
1632110400000,79.9,80.87,76.5,77.7
1632124800000,77.7,79.11,72.87,74.28
1632139200000,74.28,76.28,71.36,75.72
1632153600000,75.72,78.61,74.48,76.6
1632168000000,76.6,77.71,73.73,74.32
1632182400000,74.32,75.31,70.04,73.91
1632196800000,73.91,75.11,72.13,74.97
1632211200000,74.97,76.51,74.2,75.72
1632225600000,75.72,76.08,72.94,74.8
1632240000000,74.8,74.86,71.52,71.84
1632254400000,71.84,72.85,68.04,69.49
1632268800000,69.49,71.0,68.67,70.19
1632283200000,70.19,71.78,69.53,71.42
1632297600000,71.42,71.59,69.73,70.11
1632312000000,70.11,73.07,70.06,72.95
1632326400000,72.95,74.95,72.44,73.71
1632340800000,73.71,74.7,73.34,74.47
1632355200000,74.47,75.08,73.84,75.07
1632369600000,75.07,75.56,73.84,74.45
1632384000000,74.45,74.58,71.87,72.28
1632398400000,72.28,73.95,72.01,73.24
1632412800000,73.24,74.59,72.62,74.16
1632427200000,74.16,74.82,73.45,74.63
1632441600000,74.63,74.91,72.8,72.91
1632456000000,72.91,73.48,71.93,73.09
1632470400000,73.09,73.51,60.13,62.94
1632484800000,62.94,64.43,60.89,62.6
1632499200000,62.6,63.48,61.82,63.16
1632513600000,63.16,64.6,62.61,63.27
1632528000000,63.27,63.86,62.08,62.94
1632542400000,62.94,63.84,62.27,62.44
1632556800000,62.44,63.16,58.7,62.02
1632571200000,62.02,62.45,60.35,61.4
1632585600000,61.4,61.41,59.78,60.55
1632600000000,60.55,60.91,59.16,60.43
1632614400000,60.43,60.65,54.51,56.64
1632628800000,56.64,57.34,50.0,51.63
1632643200000,51.63,57.2,50.38,55.25
1632657600000,55.25,57.95,54.57,57.59
1632672000000,57.59,59.73,56.5,58.26
1632686400000,58.26,59.08,54.67,55.8
1632700800000,55.8,59.43,54.69,57.59
1632715200000,57.59,58.88,57.43,58.12
1632729600000,58.12,62.7,58.01,62.33
1632744000000,62.33,62.97,59.36,62.33
1632758400000,62.33,62.96,60.22,60.61
1632772800000,60.61,62.28,58.68,59.03
1632787200000,59.03,59.53,57.6,58.95
1632801600000,58.95,59.45,56.56,57.08
1632816000000,57.08,58.08,57.04,57.88
1632830400000,57.88,58.38,55.54,55.55
1632844800000,55.55,56.59,55.06,55.71
1632859200000,55.71,57.87,55.08,55.31
1632873600000,55.31,57.78,55.21,57.5
1632888000000,57.5,57.83,56.98,57.63
1632902400000,57.63,58.36,56.81,58.17
1632916800000,58.17,58.47,56.92,57.33
1632931200000,57.33,57.48,55.95,56.18
1632945600000,56.18,57.1,55.56,57.0
1632960000000,57.0,59.88,56.84,59.66
1632974400000,59.66,61.13,58.58,59.0
1632988800000,59.0,59.34,58.36,59.24
1633003200000,59.24,59.93,58.68,59.81
1633017600000,59.81,60.62,59.05,59.4
1633032000000,59.4,60.05,58.62,60.05
1633046400000,60.05,61.54,59.58,59.98
1633060800000,59.98,61.14,59.7,61.14
1633075200000,61.14,64.49,60.85,63.98
1633089600000,63.98,64.85,62.79,64.21
1633104000000,64.21,68.89,63.62,68.87
1633118400000,68.87,73.3,67.93,71.51
1633132800000,71.51,73.06,69.54,72.14
1633147200000,72.14,72.4,70.22,70.99
1633161600000,70.99,71.14,68.36,69.68
1633176000000,69.68,72.14,69.14,71.51
1633190400000,71.51,73.95,70.24,72.88
1633204800000,72.88,73.4,69.06,69.74
1633219200000,69.74,70.67,67.28,70.1
1633233600000,70.1,70.66,68.99,69.65
1633248000000,69.65,70.15,68.61,69.9
1633262400000,69.9,70.43,68.74,69.05
1633276800000,69.05,70.86,67.82,70.14
1633291200000,70.14,70.22,68.2,69.13
1633305600000,69.13,69.55,66.03,66.4
1633320000000,66.4,67.69,65.7,67.69
1633334400000,67.69,67.73,65.86,66.63
1633348800000,66.63,69.56,66.16,68.73
1633363200000,68.73,70.62,68.47,69.28
1633377600000,69.28,70.27,67.62,69.75
1633392000000,69.75,73.06,69.23,72.41
1633406400000,72.41,72.48,71.3,71.82
1633420800000,71.82,71.91,70.24,70.96
1633435200000,70.96,71.57,68.52,69.22
1633449600000,69.22,70.54,68.59,70.22
1633464000000,70.22,71.56,70.08,70.97
1633478400000,70.97,72.46,69.63,69.97
1633492800000,69.97,71.1,69.21,69.58
1633507200000,69.58,69.76,66.17,67.89
1633521600000,67.89,72.03,67.66,71.56
1633536000000,71.56,74.85,70.7,72.24
1633550400000,72.24,72.59,70.75,71.89
1633564800000,71.89,73.3,68.91,71.58
1633579200000,71.58,72.63,71.23,72.5
1633593600000,72.5,74.12,71.47,72.4
1633608000000,72.4,72.95,70.5,72.34
1633622400000,72.34,72.64,71.08,72.11
1633636800000,72.11,72.45,71.27,71.52
1633651200000,71.52,72.58,70.68,71.35
1633665600000,71.35,71.9,70.99,71.73
1633680000000,71.73,77.86,71.56,76.98
1633694400000,76.98,79.34,74.6,79.06
1633708800000,79.06,79.91,76.77,78.5
1633723200000,78.5,81.33,76.99,79.58
1633737600000,79.58,80.7,77.58,78.7
1633752000000,78.7,78.93,77.67,78.3
1633766400000,78.3,79.69,77.09,78.7
1633780800000,78.7,79.08,77.35,77.49
1633795200000,77.49,77.73,75.4,75.89
1633809600000,75.89,77.15,75.45,76.87
1633824000000,76.87,77.12,73.18,74.94
1633838400000,74.94,75.7,74.5,74.83
1633852800000,74.83,75.54,73.65,74.43
1633867200000,74.43,75.05,73.76,74.74
1633881600000,74.74,74.74,71.49,72.94
1633896000000,72.94,73.64,68.99,69.91
1633910400000,69.91,72.31,68.98,72.23
1633924800000,72.23,72.87,71.7,72.83
1633939200000,72.83,73.35,69.61,70.57
1633953600000,70.57,72.3,70.31,70.9
1633968000000,70.9,74.69,70.58,72.88
1633982400000,72.88,74.37,71.6,73.5
1633996800000,73.5,73.55,70.5,70.96
1634011200000,70.96,71.65,69.97,70.85
1634025600000,70.85,72.31,66.62,68.68
1634040000000,68.68,69.42,66.03,68.95
1634054400000,68.95,69.28,67.92,68.33
1634068800000,68.33,69.82,67.57,69.66
1634083200000,69.66,70.7,68.57,68.67
1634097600000,68.67,69.37,60.53,63.86
1634112000000,63.86,65.58,63.6,65.39
1634126400000,65.39,67.0,64.08,66.76
1634140800000,66.76,68.42,65.66,66.99
1634155200000,66.99,68.29,66.87,68.24
1634169600000,68.24,69.96,67.27,69.21
1634184000000,69.21,71.24,69.1,69.17
1634198400000,69.17,71.61,69.16,70.74
1634212800000,70.74,71.49,69.28,70.97
1634227200000,70.97,72.23,69.56,70.8
1634241600000,70.8,71.05,69.81,70.34
1634256000000,70.34,70.45,67.58,69.53
1634270400000,69.53,69.91,68.84,69.03
1634284800000,69.03,69.15,65.16,66.82
1634299200000,66.82,67.71,66.39,67.16
1634313600000,67.16,69.04,66.92,68.6
1634328000000,68.6,68.99,67.16,67.39
1634342400000,67.39,68.83,67.22,67.43
1634356800000,67.43,68.06,67.19,67.45
1634371200000,67.45,68.63,67.42,68.45
1634385600000,68.45,69.33,67.09,67.67
1634400000000,67.67,67.78,65.88,66.55
1634414400000,66.55,66.93,66.19,66.57
1634428800000,66.57,66.77,65.46,66.65
1634443200000,66.65,67.18,65.72,65.75
1634457600000,65.75,66.37,65.09,65.41
1634472000000,65.41,65.72,62.77,63.96
1634486400000,63.96,64.79,63.76,64.28
1634500800000,64.28,64.28,61.0,63.92
1634515200000,63.92,65.1,63.25,63.48
1634529600000,63.48,64.23,63.33,63.48
1634544000000,63.48,64.0,62.21,62.87
1634558400000,62.87,63.13,61.44,62.67
1634572800000,62.67,62.72,61.7,62.64
1634587200000,62.64,63.56,62.38,63.56
1634601600000,63.56,64.05,62.79,63.95
1634616000000,63.95,64.11,62.81,63.38
1634630400000,63.38,63.73,62.72,63.32
1634644800000,63.32,63.7,62.17,62.41
1634659200000,62.41,63.56,62.41,62.9
1634673600000,62.9,63.44,62.57,63.02
1634688000000,63.02,63.15,62.63,62.64
1634702400000,62.64,63.03,62.64,62.94
1634716800000,62.94,66.45,62.9,65.99
1634731200000,65.99,68.3,65.55,67.4
1634745600000,67.4,67.99,66.52,67.35
1634760000000,67.35,67.59,66.31,67.15
1634774400000,67.15,68.24,65.45,66.86
1634788800000,66.86,67.04,65.9,66.54
1634803200000,66.54,68.3,66.3,66.51
1634817600000,66.51,67.3,62.95,64.46
1634832000000,64.46,65.04,64.04,64.32
1634846400000,64.32,64.88,63.6,63.67
1634860800000,63.67,65.34,63.67,65.28
1634875200000,65.28,65.35,64.52,65.21
1634889600000,65.21,65.48,64.33,65.17
1634904000000,65.17,67.0,64.12,65.65
1634918400000,65.65,66.72,64.86,65.91
1634932800000,65.91,66.5,65.22,66.13
1634947200000,66.13,66.48,65.51,65.68
1634961600000,65.68,65.94,65.02,65.26
1634976000000,65.26,65.47,64.04,64.88
1634990400000,64.88,65.19,64.54,65.03
1635004800000,65.03,65.15,64.15,64.29
1635019200000,64.29,65.05,64.18,64.86
1635033600000,64.86,65.16,64.25,64.63
1635048000000,64.63,64.79,64.38,64.47
1635062400000,64.47,64.79,61.61,62.9
1635076800000,62.9,63.49,62.15,62.45
1635091200000,62.45,63.0,61.24,62.11
1635105600000,62.11,63.09,62.11,62.63
1635120000000,62.63,63.92,62.37,63.45
1635134400000,63.45,63.55,63.01,63.47
1635148800000,63.47,65.0,63.3,64.38
1635163200000,64.38,64.43,63.61,64.11
1635177600000,64.11,65.46,63.85,64.21
1635192000000,64.21,64.71,63.37,63.96
1635206400000,63.96,65.2,63.76,65.07
1635220800000,65.07,65.35,64.1,64.38
1635235200000,64.38,65.06,64.38,64.8
1635249600000,64.8,65.09,62.49,63.54
1635264000000,63.54,63.95,63.06,63.87
1635278400000,63.87,64.36,62.07,62.82
1635292800000,62.82,63.27,61.73,62.53
1635307200000,62.53,62.87,60.22,60.9
1635321600000,60.9,61.06,51.0,56.54
1635336000000,56.54,57.91,56.24,57.08
1635350400000,57.08,57.43,55.36,56.36
1635364800000,56.36,56.91,55.18,55.36
1635379200000,55.36,56.13,54.59,55.0
1635393600000,55.0,56.36,54.91,56.25
1635408000000,56.25,59.05,56.23,57.55
1635422400000,57.55,59.22,57.34,59.02
1635436800000,59.02,59.02,57.02,58.76
1635451200000,58.76,59.06,57.62,58.21
1635465600000,58.21,62.9,57.93,61.69
1635480000000,61.69,61.7,59.26,59.64
1635494400000,59.64,60.25,58.52,59.38
1635508800000,59.38,60.48,58.81,60.27
1635523200000,60.27,60.61,59.09,59.47
1635537600000,59.47,60.55,59.37,60.24
1635552000000,60.24,60.24,58.65,59.1
1635566400000,59.1,59.47,58.85,59.47
1635580800000,59.47,59.68,58.79,59.56
1635595200000,59.56,59.56,57.45,59.02
1635609600000,59.02,59.25,58.41,59.23
1635624000000,59.23,61.53,58.22,61.53
1635638400000,61.53,62.88,60.11,62.18
1635652800000,62.18,62.39,60.62,62.06
1635667200000,62.06,62.06,59.52,59.86
1635681600000,59.86,66.8,59.3,63.43
1635696000000,63.43,64.7,62.69,63.04
1635710400000,63.04,64.97,62.8,64.47
1635724800000,64.47,64.52,61.05,61.4
1635739200000,61.4,63.28,60.64,63.04
1635753600000,63.04,63.81,62.33,63.25
1635768000000,63.25,64.14,62.53,63.49
1635782400000,63.49,63.52,62.04,63.05
1635796800000,63.05,64.17,62.56,63.88
1635811200000,63.88,66.25,63.54,65.53
1635825600000,65.53,65.78,64.34,64.6
1635840000000,64.6,65.46,64.34,64.91
1635854400000,64.91,66.5,63.7,64.14
1635868800000,64.14,64.91,63.85,64.77
1635883200000,64.77,65.03,64.05,64.65
1635897600000,64.65,65.94,64.16,64.69
1635912000000,64.69,65.08,64.14,65.05
1635926400000,65.05,65.4,64.21,64.51
1635940800000,64.51,64.58,61.4,62.61
1635955200000,62.61,64.39,62.11,64.21
1635969600000,64.21,64.69,63.73,64.1
1635984000000,64.1,64.59,63.4,63.7
1635998400000,63.7,64.0,62.4,62.54
1636012800000,62.54,63.4,62.11,62.41
1636027200000,62.41,62.89,61.03,61.66
1636041600000,61.66,62.5,61.16,62.22
1636056000000,62.22,62.67,61.89,62.53
1636070400000,62.53,62.74,61.86,62.71
1636084800000,62.71,62.71,61.91,62.11
1636099200000,62.11,62.46,61.61,61.73
1636113600000,61.73,64.42,61.66,62.71
1636128000000,62.71,64.14,62.69,63.44
1636142400000,63.44,63.8,62.61,63.56
1636156800000,63.56,63.71,62.8,63.32
1636171200000,63.32,63.74,62.1,62.63
1636185600000,62.63,62.94,57.93,60.25
1636200000000,60.25,61.14,59.28,60.86
1636214400000,60.86,61.33,60.43,61.29
1636228800000,61.29,62.1,61.12,61.89
1636243200000,61.89,62.07,61.31,61.77
1636257600000,61.77,61.91,61.28,61.44
1636272000000,61.44,61.89,61.15,61.65
1636286400000,61.65,62.42,61.5,62.17
1636300800000,62.17,62.59,61.98,62.41
1636315200000,62.41,62.75,62.23,62.61
1636329600000,62.61,64.02,62.46,63.27
1636344000000,63.27,63.66,62.61,62.94
1636358400000,62.94,63.49,62.6,63.02
1636372800000,63.02,63.51,62.25,63.33
1636387200000,63.33,65.05,63.14,63.92
1636401600000,63.92,64.82,63.62,64.39
1636416000000,64.39,66.12,64.17,65.29
1636430400000,65.29,66.34,65.01,65.27
1636444800000,65.27,65.77,63.5,64.4
1636459200000,64.4,69.08,64.0,66.82
1636473600000,66.82,69.28,66.13,67.63
1636488000000,67.63,68.84,66.12,66.7
1636502400000,66.7,69.73,66.64,67.11
1636516800000,67.11,67.93,66.7,67.04
1636531200000,67.04,68.71,66.32,67.93
1636545600000,67.93,68.97,67.01,68.58
1636560000000,68.58,69.29,65.0,65.64
1636574400000,65.64,66.81,57.7,63.62
1636588800000,63.62,64.35,62.54,63.8
1636603200000,63.8,64.5,63.39,64.06
1636617600000,64.06,64.49,63.4,63.83
1636632000000,63.83,63.92,61.74,63.17
1636646400000,63.17,63.66,62.3,63.11
1636660800000,63.11,63.55,62.48,62.84
1636675200000,62.84,64.13,61.93,63.4
1636689600000,63.4,65.53,62.8,64.05
1636704000000,64.05,64.86,62.03,62.5
1636718400000,62.5,63.5,61.54,62.32
1636732800000,62.32,62.96,61.01,62.45
1636747200000,62.45,63.18,62.4,62.91
1636761600000,62.91,63.36,62.61,63.02
1636776000000,63.02,63.22,62.64,63.01
1636790400000,63.01,63.1,62.31,62.69
1636804800000,62.69,63.55,62.26,63.23
1636819200000,63.23,63.7,62.5,62.84
1636833600000,62.84,63.08,62.49,62.97
1636848000000,62.97,63.5,62.86,63.0
1636862400000,63.0,63.25,62.5,62.67
1636876800000,62.67,62.85,61.69,62.39
1636891200000,62.39,62.74,61.95,62.06
1636905600000,62.06,62.27,61.02,61.47
1636920000000,61.47,62.68,61.43,62.59
1636934400000,62.59,63.45,62.54,62.96
1636948800000,62.96,63.05,62.27,62.36
1636963200000,62.36,62.9,62.1,62.73
1636977600000,62.73,62.8,61.77,61.9
1636992000000,61.9,62.05,61.1,61.68
1637006400000,61.68,61.68,60.18,60.95
1637020800000,60.95,60.95,55.3,57.62
1637035200000,57.62,58.36,56.15,57.44
1637049600000,57.44,57.87,51.88,56.37
1637064000000,56.37,57.63,55.54,57.63
1637078400000,57.63,57.64,56.27,56.78
1637092800000,56.78,56.96,55.2,56.18
1637107200000,56.18,56.82,54.27,54.38
1637121600000,54.38,55.94,54.1,55.37
1637136000000,55.37,56.12,54.38,56.09
1637150400000,56.09,56.09,54.61,55.19
1637164800000,55.19,56.29,54.96,56.07
1637179200000,56.07,56.43,55.61,56.18
1637193600000,56.18,58.1,55.73,57.59
1637208000000,57.59,57.7,51.0,52.87
1637222400000,52.87,53.32,51.83,52.39
1637236800000,52.39,53.1,51.02,51.71
1637251200000,51.71,52.63,48.36,52.46
1637265600000,52.46,52.86,51.4,51.74
1637280000000,51.74,53.2,51.15,51.72
1637294400000,51.72,52.99,51.68,52.39
1637308800000,52.39,53.61,52.39,53.28
1637323200000,53.28,54.37,53.22,54.03
1637337600000,54.03,54.37,53.88,54.25
1637352000000,54.25,54.49,53.55,53.77
1637366400000,53.77,55.24,53.57,54.12
1637380800000,54.12,54.64,53.81,53.88
1637395200000,53.88,54.45,53.81,54.32
1637409600000,54.32,54.6,52.42,52.6
1637424000000,52.6,54.11,52.22,53.99
1637438400000,53.99,54.54,53.91,54.41
1637452800000,54.41,54.48,53.3,53.48
1637467200000,53.48,53.67,53.12,53.27
1637481600000,53.27,53.74,53.03,53.22
1637496000000,53.22,54.12,53.15,54.02
1637510400000,54.02,54.5,53.74,53.78
1637524800000,53.78,54.29,53.08,53.16
1637539200000,53.16,53.38,51.61,52.05
1637553600000,52.05,52.24,51.42,51.76
1637568000000,51.76,52.35,51.72,52.17
1637582400000,52.17,53.18,51.46,52.44
1637596800000,52.44,52.72,51.62,51.67
1637611200000,51.67,52.46,51.45,51.82
1637625600000,51.82,52.15,51.02,52.06
1637640000000,52.06,52.19,51.36,51.45
1637654400000,51.45,51.97,50.3,51.08
1637668800000,51.08,51.69,50.83,51.28
1637683200000,51.28,51.6,50.94,51.57
1637697600000,51.57,51.92,51.5,51.8
1637712000000,51.8,51.98,50.58,50.86
1637726400000,50.86,51.08,50.39,50.57
1637740800000,50.57,50.88,50.1,50.38
1637755200000,50.38,50.44,48.78,49.69
1637769600000,49.69,49.74,48.61,49.13
1637784000000,49.13,50.67,48.96,50.65
1637798400000,50.65,51.58,50.28,51.12
1637812800000,51.12,51.2,50.07,50.28
1637827200000,50.28,51.39,49.85,51.12
1637841600000,51.12,54.85,51.12,54.28
1637856000000,54.28,56.19,54.06,55.44
1637870400000,55.44,56.11,54.5,55.42
1637884800000,55.42,59.48,54.71,57.53
1637899200000,57.53,58.37,55.06,56.28
1637913600000,56.28,56.45,50.71,51.95
1637928000000,51.95,53.82,51.45,52.86
1637942400000,52.86,54.45,52.65,53.83
1637956800000,53.83,54.16,52.28,52.84
1637971200000,52.84,58.82,52.56,57.04
1637985600000,57.04,57.4,55.3,56.08
1638000000000,56.08,57.6,56.04,57.43
1638014400000,57.43,59.44,56.71,58.34
1638028800000,58.34,58.57,56.41,56.84
1638043200000,56.84,58.66,55.71,57.75
1638057600000,57.75,57.83,53.93,55.46
1638072000000,55.46,56.35,54.72,55.9
1638086400000,55.9,56.14,54.65,55.15
1638100800000,55.15,55.32,54.33,55.06
1638115200000,55.06,55.17,52.4,54.46
1638129600000,54.46,56.66,54.46,56.53
1638144000000,56.53,57.21,55.56,55.93
1638158400000,55.93,56.19,55.24,55.89
1638172800000,55.89,56.09,53.8,54.21
1638187200000,54.21,55.15,54.17,54.76
1638201600000,54.76,56.15,54.57,55.23
1638216000000,55.23,55.71,54.64,54.65
1638230400000,54.65,55.62,53.52,54.09
1638244800000,54.09,54.37,53.09,53.7
1638259200000,53.7,54.53,53.36,54.44
1638273600000,54.44,55.69,53.94,53.95
1638288000000,53.95,54.4,53.21,54.03
1638302400000,54.03,54.46,53.63,53.72
1638316800000,53.72,55.04,53.57,54.79
1638331200000,54.79,54.81,54.12,54.43
1638345600000,54.43,55.15,53.95,54.96
1638360000000,54.96,55.65,54.61,55.31
1638374400000,55.31,55.84,54.15,55.25
1638388800000,55.25,55.25,54.11,54.46
1638403200000,54.46,54.46,52.62,52.89
1638417600000,52.89,53.54,52.74,53.41
1638432000000,53.41,53.75,52.95,53.6
1638446400000,53.6,54.0,53.27,53.64
1638460800000,53.64,54.2,53.39,54.02
1638475200000,54.02,54.4,53.65,53.74
1638489600000,53.74,53.92,52.69,53.05
1638504000000,53.05,53.32,52.85,53.13
1638518400000,53.13,53.3,52.73,53.1
1638532800000,53.1,53.32,51.06,51.28
1638547200000,51.28,51.29,49.7,49.85
1638561600000,49.85,50.15,48.0,49.77
1638576000000,49.77,49.77,44.84,44.9
1638590400000,44.9,46.36,32.4,38.55
1638604800000,38.55,39.73,37.36,38.05
1638619200000,38.05,41.11,38.05,40.24
1638633600000,40.24,41.06,39.69,41.01
1638648000000,41.01,41.52,40.51,41.02
1638662400000,41.02,41.74,39.92,40.9
1638676800000,40.9,41.24,40.51,40.7
1638691200000,40.7,40.81,39.73,40.08
1638705600000,40.08,40.39,36.84,37.91
1638720000000,37.91,39.24,37.71,38.47
1638734400000,38.47,39.15,37.93,39.03
1638748800000,39.03,39.06,37.26,38.71
1638763200000,38.71,39.02,37.28,37.75
1638777600000,37.75,38.59,35.53,37.0
1638792000000,37.0,38.04,36.44,37.98
1638806400000,37.98,38.45,37.63,37.75
1638820800000,37.75,39.07,37.42,38.72
1638835200000,38.72,39.41,38.64,38.97
1638849600000,38.97,39.14,38.72,38.85
1638864000000,38.85,39.97,38.79,39.75
1638878400000,39.75,39.92,38.52,39.81
1638892800000,39.81,39.91,39.04,39.33
1638907200000,39.33,39.48,38.56,39.14
1638921600000,39.14,43.57,38.79,41.41
1638936000000,41.41,42.21,41.21,41.63
1638950400000,41.63,41.83,39.36,40.08
1638964800000,40.08,41.25,39.66,40.7
1638979200000,40.7,40.84,40.17,40.59
1638993600000,40.59,41.85,40.5,41.38
1639008000000,41.38,41.57,39.81,40.13
1639022400000,40.13,40.5,39.86,40.37
1639036800000,40.37,40.37,39.22,39.38
1639051200000,39.38,39.58,38.25,38.76
1639065600000,38.76,39.09,37.45,37.75
1639080000000,37.75,38.12,36.95,37.51
1639094400000,37.51,38.38,37.4,38.17
1639108800000,38.17,39.65,37.49,38.99
1639123200000,38.99,40.92,38.71,40.61
1639137600000,40.61,40.89,38.93,39.56
1639152000000,39.56,41.35,38.93,40.9
1639166400000,40.9,41.2,39.74,39.84
1639180800000,39.84,40.02,38.65,39.13
1639195200000,39.13,39.47,38.86,39.05
1639209600000,39.05,39.56,38.92,39.19
1639224000000,39.19,39.47,38.76,39.39
1639238400000,39.39,39.92,39.34,39.74
1639252800000,39.74,40.48,39.65,40.34
1639267200000,40.34,40.48,39.68,39.71
1639281600000,39.71,39.71,39.01,39.52
1639296000000,39.52,39.55,38.68,39.26
1639310400000,39.26,39.67,39.2,39.48
1639324800000,39.48,40.33,39.33,40.07
1639339200000,40.07,40.31,39.66,39.66
1639353600000,39.66,40.0,38.22,38.72
1639368000000,38.72,38.9,38.25,38.3
1639382400000,38.3,38.65,37.91,38.36
1639396800000,38.36,38.47,36.6,36.92
1639411200000,36.92,37.22,35.19,35.81
1639425600000,35.81,36.23,35.47,35.87
1639440000000,35.87,36.24,35.53,36.08
1639454400000,36.08,36.14,35.21,35.99
1639468800000,35.99,36.84,35.93,36.74
1639483200000,36.74,37.18,36.21,36.34
1639497600000,36.34,36.82,36.11,36.48
1639512000000,36.48,37.27,36.47,36.71
1639526400000,36.71,37.17,36.41,37.13
1639540800000,37.13,37.24,36.59,36.94
1639555200000,36.94,37.25,36.91,37.0
1639569600000,37.0,37.12,35.64,35.65
1639584000000,35.65,37.95,35.63,37.62
1639598400000,37.62,38.87,37.59,38.19
1639612800000,38.19,38.44,37.72,37.79
1639627200000,37.79,37.86,37.3,37.64
1639641600000,37.64,38.1,37.52,37.94
1639656000000,37.94,38.09,37.55,37.81
1639670400000,37.81,38.5,37.45,37.64
1639684800000,37.64,37.87,36.94,37.19
1639699200000,37.19,39.08,37.18,38.1
1639713600000,38.1,38.23,37.15,37.39
1639728000000,37.39,37.57,36.7,36.86
1639742400000,36.86,37.29,35.68,36.52
1639756800000,36.52,36.8,35.74,35.99
1639771200000,35.99,36.23,35.32,35.67
1639785600000,35.67,36.09,35.26,35.9
1639800000000,35.9,36.35,35.78,36.12
1639814400000,36.12,36.65,36.0,36.54
1639828800000,36.54,36.74,36.22,36.6
1639843200000,36.6,36.62,36.03,36.22
1639857600000,36.22,36.38,36.13,36.34
1639872000000,36.34,36.69,36.04,36.5
1639886400000,36.5,36.61,36.23,36.33
1639900800000,36.33,36.52,35.83,36.1
1639915200000,36.1,36.56,35.95,36.18
1639929600000,36.18,36.45,35.83,35.93
1639944000000,35.93,36.17,35.76,35.78
1639958400000,35.78,35.92,35.29,35.54
1639972800000,35.54,35.9,34.43,34.83
1639987200000,34.83,35.01,34.15,34.54
1640001600000,34.54,34.54,33.83,34.15
1640016000000,34.15,34.83,34.13,34.78
1640030400000,34.78,35.31,34.55,34.8
1640044800000,34.8,35.19,34.33,35.11
1640059200000,35.11,35.54,34.98,35.2
1640073600000,35.2,35.37,34.93,35.16
1640088000000,35.16,35.33,34.71,34.84
1640102400000,34.84,35.47,34.82,35.43
1640116800000,35.43,35.86,35.1,35.3
1640131200000,35.3,35.83,35.09,35.65
1640145600000,35.65,36.12,35.47,35.81
1640160000000,35.81,36.31,35.41,35.88
1640174400000,35.88,36.16,35.22,35.71
1640188800000,35.71,36.64,35.61,36.03
1640203200000,36.03,36.35,35.51,35.6
1640217600000,35.6,36.04,35.1,35.7
1640232000000,35.7,35.86,35.22,35.41
1640246400000,35.41,35.77,35.25,35.51
1640260800000,35.51,36.63,35.46,36.52
1640275200000,36.52,38.06,36.07,37.71
1640289600000,37.71,37.96,37.25,37.38
1640304000000,37.38,37.45,36.96,37.09
1640318400000,37.09,37.57,36.73,37.34
1640332800000,37.34,37.74,37.09,37.2
1640347200000,37.2,37.4,35.95,36.96
1640361600000,36.96,37.2,36.3,36.3
1640376000000,36.3,36.78,36.11,36.49
1640390400000,36.49,36.79,36.19,36.33
1640404800000,36.33,36.63,36.31,36.57
1640419200000,36.57,36.79,36.25,36.47
1640433600000,36.47,37.32,36.47,37.16
1640448000000,37.16,37.29,36.41,36.78
1640462400000,36.78,37.18,36.64,37.02
1640476800000,37.02,37.14,35.5,35.81
1640491200000,35.81,36.06,35.52,36.03
1640505600000,36.03,36.35,35.68,36.02
1640520000000,36.02,36.52,35.91,36.36
1640534400000,36.36,37.61,36.24,37.41
1640548800000,37.41,37.83,36.98,37.31
1640563200000,37.31,37.51,37.0,37.28
1640577600000,37.28,37.65,37.1,37.28
1640592000000,37.28,37.57,37.05,37.57
1640606400000,37.57,39.18,37.34,39.0
1640620800000,39.0,40.97,39.0,40.71
1640635200000,40.71,41.27,38.85,39.23
1640649600000,39.23,39.87,37.84,38.65
1640664000000,38.65,38.65,37.15,38.15
1640678400000,38.15,38.32,37.5,38.2
1640692800000,38.2,38.38,36.74,37.48
1640707200000,37.48,37.53,35.75,36.4
1640721600000,36.4,36.73,35.82,36.2
1640736000000,36.2,36.76,35.89,36.51
1640750400000,36.51,36.66,35.12,35.55
1640764800000,35.55,36.12,35.5,35.76
1640779200000,35.76,35.81,34.11,35.3
1640793600000,35.3,35.31,34.41,34.47
1640808000000,34.47,35.09,33.85,34.2
1640822400000,34.2,34.3,33.18,33.85
1640836800000,33.85,34.89,33.81,34.7
1640851200000,34.7,35.3,34.42,35.15
1640865600000,35.15,35.83,34.71,34.86
1640880000000,34.86,35.47,34.79,35.11
1640894400000,35.11,35.82,34.48,34.96
1640908800000,34.96,35.73,34.56,35.58
1640923200000,35.58,35.69,34.64,34.88
1640937600000,34.88,35.74,34.8,35.41
1640952000000,35.41,35.54,35.13,35.21
1640966400000,35.21,35.45,33.53,33.59
1640980800000,33.59,34.48,33.49,34.24
1640995200000,34.24,34.88,34.24,34.69
1641009600000,34.69,35.0,34.42,34.82
1641024000000,34.82,34.92,34.32,34.53
1641038400000,34.53,35.54,34.53,35.4
1641052800000,35.4,35.62,35.16,35.32
1641067200000,35.32,36.03,35.28,35.88
1641081600000,35.88,36.21,35.49,35.65
1641096000000,35.65,35.77,35.26,35.41
1641110400000,35.41,35.69,35.19,35.57
1641124800000,35.57,35.93,35.35,35.74
1641139200000,35.74,36.48,35.74,35.86
1641153600000,35.86,35.97,35.64,35.75
1641168000000,35.75,35.77,34.73,35.06
1641182400000,35.06,35.32,35.0,35.21
1641196800000,35.21,35.51,34.92,35.43
1641211200000,35.43,35.55,35.14,35.25
1641225600000,35.25,35.29,34.64,34.76
1641240000000,34.76,35.13,34.37,35.12
1641254400000,35.12,35.26,34.43,35.2
1641268800000,35.2,35.2,34.71,35.01
1641283200000,35.01,36.17,34.71,35.96
1641297600000,35.96,38.21,35.68,37.45
1641312000000,37.45,38.16,36.33,36.86
1641326400000,36.86,37.17,36.05,36.22
1641340800000,36.22,38.54,35.87,37.93
1641355200000,37.93,37.99,36.75,37.31
1641369600000,37.31,37.69,36.71,36.99
1641384000000,36.99,37.28,36.37,37.12
1641398400000,37.12,37.21,34.07,34.96
1641412800000,34.96,35.12,30.87,33.1
1641427200000,33.1,33.46,32.42,32.42
1641441600000,32.42,33.02,32.24,32.91
1641456000000,32.91,32.91,32.05,32.38
1641470400000,32.38,32.93,32.12,32.73
1641484800000,32.73,33.38,32.57,33.15
1641499200000,33.15,33.25,32.8,32.99
1641513600000,32.99,33.06,30.83,31.36
1641528000000,31.36,31.54,29.64,30.6
1641542400000,30.6,31.6,30.55,31.16
1641556800000,31.16,31.54,30.05,30.92
1641571200000,30.92,32.34,30.48,31.46
1641585600000,31.46,31.79,31.18,31.52
1641600000000,31.52,32.18,31.41,31.7
1641614400000,31.7,31.95,31.58,31.82
1641628800000,31.82,31.93,31.39,31.5
1641643200000,31.5,31.64,30.62,30.89
1641657600000,30.89,31.08,28.19,28.95
1641672000000,28.95,30.06,28.67,29.44
1641686400000,29.44,30.11,29.27,29.78
1641700800000,29.78,30.2,29.77,29.95
1641715200000,29.95,30.23,29.62,30.15
1641729600000,30.15,30.28,29.41,29.79
1641744000000,29.79,31.07,29.74,30.77
1641758400000,30.77,30.82,30.11,30.19
1641772800000,30.19,30.35,29.78,29.92
1641787200000,29.92,30.11,29.71,29.87
1641801600000,29.87,29.92,28.92,29.07
1641816000000,29.07,29.15,26.08,27.77
1641830400000,27.77,28.5,27.35,27.73
1641844800000,27.73,28.21,27.57,28.14
1641859200000,28.14,28.53,27.79,28.45
1641873600000,28.45,28.59,28.12,28.36
1641888000000,28.36,28.54,27.95,28.32
1641902400000,28.32,28.82,28.02,28.36
1641916800000,28.36,29.22,28.34,28.93
1641931200000,28.93,29.02,28.78,28.86
1641945600000,28.86,29.16,28.82,28.97
1641960000000,28.97,29.09,28.46,28.57
1641974400000,28.57,29.87,28.51,29.44
1641988800000,29.44,30.54,29.41,30.22
1642003200000,30.22,30.9,30.2,30.41
1642017600000,30.41,30.8,30.32,30.73
1642032000000,30.73,30.85,30.07,30.18
1642046400000,30.18,30.49,30.16,30.18
1642060800000,30.18,30.47,29.82,29.96
1642075200000,29.96,30.54,29.07,29.38
1642089600000,29.38,29.6,28.66,29.09
1642104000000,29.09,29.18,28.2,28.48
1642118400000,28.48,29.04,28.23,28.87
1642132800000,28.87,29.41,28.83,29.06
1642147200000,29.06,29.08,28.02,28.29
1642161600000,28.29,29.54,28.13,29.44
1642176000000,29.44,29.66,29.22,29.42
1642190400000,29.42,29.88,29.36,29.74
1642204800000,29.74,30.01,29.57,29.75
1642219200000,29.75,30.17,29.5,29.88
1642233600000,29.88,30.01,29.65,29.9
1642248000000,29.9,30.07,29.32,30.05
1642262400000,30.05,30.58,29.98,30.25
1642276800000,30.25,30.32,29.64,29.67
1642291200000,29.67,30.38,29.66,29.98
1642305600000,29.98,30.17,29.77,30.17
1642320000000,30.17,30.35,29.77,29.95
1642334400000,29.95,31.46,29.59,31.01
1642348800000,31.01,31.36,30.42,30.45
1642363200000,30.45,30.73,30.36,30.42
1642377600000,30.42,30.45,29.51,29.57
1642392000000,29.57,29.73,29.1,29.54
1642406400000,29.54,29.64,29.38,29.44
1642420800000,29.44,29.62,29.04,29.19
1642435200000,29.19,29.32,28.74,29.11
1642449600000,29.11,29.12,28.55,29.02
1642464000000,29.02,29.34,28.71,28.82
1642478400000,28.82,29.05,28.39,28.77
1642492800000,28.77,28.79,27.73,28.19
1642507200000,28.19,28.27,27.68,27.98
1642521600000,27.98,28.13,27.7,28.01
1642536000000,28.01,28.83,27.91,28.5
1642550400000,28.5,28.72,27.77,28.06
1642564800000,28.06,28.39,27.22,27.39
1642579200000,27.39,28.07,27.25,28.03
1642593600000,28.03,28.31,27.85,27.98
1642608000000,27.98,28.12,27.69,28.12
1642622400000,28.12,28.15,27.59,27.61
1642636800000,27.61,28.06,27.46,27.99
1642651200000,27.99,28.16,27.89,28.07
1642665600000,28.07,28.09,27.85,27.98
1642680000000,27.98,28.7,27.83,28.6
1642694400000,28.6,28.71,28.08,28.14
1642708800000,28.14,28.19,25.99,26.2
1642723200000,26.2,26.59,24.61,25.09
1642737600000,25.09,25.42,24.82,25.32
1642752000000,25.32,25.37,25.02,25.15
1642766400000,25.15,25.19,23.76,24.59
1642780800000,24.59,24.76,24.01,24.02
1642795200000,24.02,24.25,21.0,21.95
1642809600000,21.95,22.6,21.7,22.09
1642824000000,22.09,22.17,19.78,20.26
1642838400000,20.26,20.77,16.93,19.16
1642852800000,19.16,19.91,18.39,18.5
1642867200000,18.5,19.23,18.21,18.6
1642881600000,18.6,19.54,18.48,18.99
1642896000000,18.99,19.51,18.79,19.09
1642910400000,19.09,19.75,18.89,19.7
1642924800000,19.7,20.23,19.53,19.6
1642939200000,19.6,19.8,18.75,19.22
1642953600000,19.22,19.42,18.34,18.5
1642968000000,18.5,19.62,18.38,19.48
1642982400000,19.48,19.49,18.63,18.8
1642996800000,18.8,18.89,17.96,18.07
1643011200000,18.07,18.55,16.9,17.35
1643025600000,17.35,17.97,16.8,17.76
1643040000000,17.76,18.14,17.25,18.06
1643054400000,18.06,18.71,17.94,18.41
1643068800000,18.41,18.42,17.9,18.18
1643083200000,18.18,18.24,17.71,18.01
1643097600000,18.01,18.39,17.89,18.05
1643112000000,18.05,18.41,17.77,18.13
1643126400000,18.13,18.54,18.13,18.24
1643140800000,18.24,18.24,17.8,18.14
1643155200000,18.14,18.57,18.0,18.55
1643169600000,18.55,18.67,18.25,18.31
1643184000000,18.31,18.75,18.31,18.69
1643198400000,18.69,19.59,18.54,19.15
1643212800000,19.15,20.45,18.6,19.52
1643227200000,19.52,19.99,18.79,19.26
1643241600000,19.26,19.5,18.05,18.2
1643256000000,18.2,18.59,18.09,18.41
1643270400000,18.41,19.22,18.32,19.19
1643284800000,19.19,19.97,18.97,19.52
1643299200000,19.52,19.75,18.67,18.79
1643313600000,18.79,19.29,18.32,19.2
1643328000000,19.2,19.41,18.83,19.11
1643342400000,19.11,19.46,18.9,18.96
1643356800000,18.96,19.1,18.59,18.72
1643371200000,18.72,19.2,18.5,19.14
1643385600000,19.14,19.38,19.05,19.25
1643400000000,19.25,19.88,19.22,19.61
1643414400000,19.61,19.77,19.37,19.65
1643428800000,19.65,20.2,19.59,20.12
1643443200000,20.12,20.79,19.91,20.53
1643457600000,20.53,20.72,19.93,20.16
1643472000000,20.16,20.48,20.15,20.21
1643486400000,20.21,20.48,20.04,20.25
1643500800000,20.25,20.49,20.01,20.33
1643515200000,20.33,20.87,20.3,20.81
1643529600000,20.81,20.86,20.45,20.59
1643544000000,20.59,20.69,20.03,20.3
1643558400000,20.3,20.33,19.51,19.66
1643572800000,19.66,20.06,19.41,19.81
1643587200000,19.81,19.84,18.92,19.27
1643601600000,19.27,19.34,18.98,19.27
1643616000000,19.27,19.63,19.2,19.5
1643630400000,19.5,20.6,19.16,20.57
1643644800000,20.57,21.59,20.51,21.13
1643659200000,21.13,21.5,21.03,21.26
1643673600000,21.26,21.57,21.15,21.44
1643688000000,21.44,21.5,21.06,21.23
1643702400000,21.23,21.45,20.74,21.01
1643716800000,21.01,21.13,20.71,20.95
1643731200000,20.95,21.18,20.57,20.61
1643745600000,20.61,20.99,20.61,20.87
1643760000000,20.87,20.98,20.33,20.54
1643774400000,20.54,20.78,20.4,20.67
1643788800000,20.67,21.34,20.64,21.22
1643803200000,21.22,21.42,20.45,20.78
1643817600000,20.78,20.92,20.37,20.89
1643832000000,20.89,21.04,19.95,20.17
1643846400000,20.17,20.37,19.87,20.0
1643860800000,20.0,20.23,19.99,20.19
1643875200000,20.19,20.22,19.51,20.13
1643889600000,20.13,20.42,19.79,20.41
1643904000000,20.41,20.59,19.95,20.04
1643918400000,20.04,20.43,19.92,20.33
1643932800000,20.33,20.43,20.21,20.26
1643947200000,20.26,20.68,20.19,20.52
1643961600000,20.52,20.94,20.52,20.8
1643976000000,20.8,21.3,20.4,21.09
1643990400000,21.09,21.61,21.08,21.32
1644004800000,21.32,21.72,21.22,21.62
1644019200000,21.62,21.84,21.36,21.83
1644033600000,21.83,22.37,21.83,22.04
1644048000000,22.04,22.22,21.89,21.97
1644062400000,21.97,22.8,21.84,22.63
1644076800000,22.63,22.7,21.67,21.88
1644091200000,21.88,22.14,21.77,21.98
1644105600000,21.98,22.59,21.98,22.32
1644120000000,22.32,22.42,21.99,22.28
1644134400000,22.28,22.31,21.91,21.92
1644148800000,21.92,22.65,21.56,21.87
1644163200000,21.87,22.14,21.73,21.99
1644177600000,21.99,22.54,21.86,22.43
1644192000000,22.43,22.98,22.05,22.93
1644206400000,22.93,23.18,22.77,22.99
1644220800000,22.99,23.05,22.58,22.95
1644235200000,22.95,23.82,22.79,23.57
1644249600000,23.57,24.31,23.3,23.94
1644264000000,23.94,24.66,23.92,24.5
1644278400000,24.5,25.77,23.8,25.14
1644292800000,25.14,26.29,24.97,25.46
1644307200000,25.46,25.5,24.0,24.78
1644321600000,24.78,24.8,23.04,23.55
1644336000000,23.55,23.74,23.17,23.49
1644350400000,23.49,24.73,23.41,24.64
1644364800000,24.64,24.85,23.56,23.91
1644379200000,23.91,24.13,23.45,24.0
1644393600000,24.0,24.14,23.54,23.98
1644408000000,23.98,24.53,23.84,24.21
1644422400000,24.21,24.62,24.09,24.44
1644436800000,24.44,24.66,24.2,24.29
1644451200000,24.29,24.3,23.57,23.69
1644465600000,23.69,24.0,23.48,23.98
1644480000000,23.98,24.77,23.96,24.57
1644494400000,24.57,24.62,22.78,23.87
1644508800000,23.87,24.09,23.22,23.28
1644523200000,23.28,23.42,22.97,23.12
1644537600000,23.12,23.13,22.57,23.0
1644552000000,23.0,23.22,22.9,23.13
1644566400000,23.13,23.18,22.63,22.92
1644580800000,22.92,23.38,22.87,23.21
1644595200000,23.21,23.3,21.88,22.03
1644609600000,22.03,22.12,20.8,21.08
1644624000000,21.08,21.38,20.71,21.09
1644638400000,21.09,21.26,20.24,20.79
1644652800000,20.79,20.98,20.39,20.89
1644667200000,20.89,20.92,20.4,20.69
1644681600000,20.69,21.36,20.59,20.96
1644696000000,20.96,21.12,20.46,20.85
1644710400000,20.85,21.07,20.7,20.82
1644724800000,20.82,20.89,20.63,20.84
1644739200000,20.84,21.02,20.71,20.88
1644753600000,20.88,21.19,20.82,20.98
1644768000000,20.98,21.03,20.4,20.5
1644782400000,20.5,20.76,20.45,20.54
1644796800000,20.54,20.64,19.94,20.16
1644811200000,20.16,20.28,19.92,20.28
1644825600000,20.28,20.42,20.05,20.14
1644840000000,20.14,20.71,19.96,20.54
1644854400000,20.54,21.05,20.26,20.4
1644868800000,20.4,20.8,20.36,20.71
1644883200000,20.71,21.37,20.65,21.11
1644897600000,21.11,21.23,20.98,21.22
1644912000000,21.22,21.73,21.22,21.58
1644926400000,21.58,22.16,21.51,21.78
1644940800000,21.78,22.34,21.75,21.85
1644955200000,21.85,22.51,21.79,22.34
1644969600000,22.34,22.47,21.8,21.9
1644984000000,21.9,22.13,21.51,22.12
1644998400000,22.12,22.5,21.92,22.34
1645012800000,22.34,22.96,22.19,22.35
1645027200000,22.35,23.42,22.04,23.36
1645041600000,23.36,23.58,22.99,23.08
1645056000000,23.08,23.42,22.55,22.55
1645070400000,22.55,22.84,22.36,22.82
1645084800000,22.82,22.87,22.29,22.45
1645099200000,22.45,22.6,22.11,22.3
1645113600000,22.3,22.46,20.76,21.03
1645128000000,21.03,21.03,20.15,20.51
1645142400000,20.51,20.92,20.21,20.84
1645156800000,20.84,21.33,20.68,21.07
1645171200000,21.07,21.23,20.55,20.62
1645185600000,20.62,20.92,20.14,20.47
1645200000000,20.47,20.91,20.25,20.61
1645214400000,20.61,21.24,20.31,21.02
1645228800000,21.02,21.25,20.87,20.99
1645243200000,20.99,21.22,20.92,21.04
1645257600000,21.04,21.11,20.23,20.35
1645272000000,20.35,20.6,20.08,20.58
1645286400000,20.58,20.89,20.46,20.5
1645300800000,20.5,20.95,20.4,20.83
1645315200000,20.83,20.87,20.37,20.41
1645329600000,20.41,20.44,19.48,19.92
1645344000000,19.92,20.03,19.61,19.97
1645358400000,19.97,20.08,19.33,19.7
1645372800000,19.7,19.94,19.56,19.79
1645387200000,19.79,20.1,19.41,19.78
1645401600000,19.78,20.46,19.69,20.24
1645416000000,20.24,20.44,20.24,20.41
1645430400000,20.41,20.46,19.12,19.28
1645444800000,19.28,20.04,18.85,19.8
1645459200000,19.8,20.16,19.39,19.69
1645473600000,19.69,19.72,18.5,18.58
1645488000000,18.58,19.0,18.03,18.21
1645502400000,18.21,18.62,18.18,18.38
1645516800000,18.38,18.96,18.35,18.84
1645531200000,18.84,19.14,18.64,18.98
1645545600000,18.98,19.07,18.72,19.02
1645560000000,19.02,19.24,18.72,19.16
1645574400000,19.16,19.33,18.82,18.92
1645588800000,18.92,19.2,18.87,19.19
1645603200000,19.19,19.57,19.11,19.38
1645617600000,19.38,19.58,19.04,19.08
1645632000000,19.08,19.31,18.64,18.72
1645646400000,18.72,18.82,18.41,18.42
1645660800000,18.42,18.57,16.66,17.1
1645675200000,17.1,17.6,16.72,17.23
1645689600000,17.23,17.48,16.88,17.22
1645704000000,17.22,17.67,17.01,17.62
1645718400000,17.62,18.23,17.27,18.2
1645732800000,18.2,18.86,18.02,18.44
1645747200000,18.44,18.79,18.24,18.61
1645761600000,18.61,18.62,18.19,18.33
1645776000000,18.33,18.52,18.09,18.49
1645790400000,18.49,19.07,18.36,18.86
1645804800000,18.86,18.91,18.38,18.52
1645819200000,18.52,19.22,18.48,18.92
1645833600000,18.92,19.4,18.87,19.04
1645848000000,19.04,19.18,18.74,18.97
1645862400000,18.97,19.13,18.52,18.79
1645876800000,18.79,19.35,18.65,19.23
1645891200000,19.23,19.41,18.93,19.3
1645905600000,19.3,19.44,18.94,19.03
1645920000000,19.03,19.15,18.38,18.58
1645934400000,18.58,19.85,18.54,19.74
1645948800000,19.74,20.33,19.46,20.0
1645963200000,20.0,21.2,19.3,21.11
1645977600000,21.11,21.33,20.36,20.44
1645992000000,20.44,20.73,20.02,20.34
1646006400000,20.34,20.78,19.69,20.38
1646020800000,20.38,20.68,20.05,20.46
1646035200000,20.46,20.62,20.15,20.29
1646049600000,20.29,21.45,20.1,21.28
1646064000000,21.28,21.32,20.68,21.03
1646078400000,21.03,21.92,20.96,21.69
1646092800000,21.69,22.26,21.31,21.48
1646107200000,21.48,21.71,21.09,21.48
1646121600000,21.48,21.5,20.85,21.25
1646136000000,21.25,21.96,20.91,21.06
1646150400000,21.06,21.24,20.48,20.93
1646164800000,20.93,21.06,20.62,20.96
1646179200000,20.96,21.06,20.52,21.02
1646193600000,21.02,21.31,20.64,20.76
1646208000000,20.76,21.54,20.58,21.45
1646222400000,21.45,21.7,20.73,20.98
1646236800000,20.98,21.14,20.2,20.4
1646251200000,20.4,20.86,20.38,20.73
1646265600000,20.73,20.95,20.11,20.32
1646280000000,20.32,20.55,20.11,20.43
1646294400000,20.43,20.49,20.04,20.23
1646308800000,20.23,20.57,19.8,19.99
1646323200000,19.99,20.13,19.54,19.84
1646337600000,19.84,20.28,19.75,20.13
1646352000000,20.13,20.29,19.02,19.18
1646366400000,19.18,19.38,19.06,19.3
1646380800000,19.3,19.89,19.05,19.89
1646395200000,19.89,19.97,19.31,19.42
1646409600000,19.42,19.83,19.08,19.09
1646424000000,19.09,19.16,18.46,18.8
1646438400000,18.8,18.8,18.24,18.73
1646452800000,18.73,19.0,18.59,18.93
1646467200000,18.93,19.07,18.81,18.93
1646481600000,18.93,19.11,18.73,18.91
1646496000000,18.91,19.21,18.87,19.09
1646510400000,19.09,19.17,18.91,19.08
1646524800000,19.08,19.28,18.8,18.83
1646539200000,18.83,18.97,18.56,18.88
1646553600000,18.88,19.2,18.45,18.71
1646568000000,18.71,18.9,18.61,18.72
1646582400000,18.72,18.91,18.5,18.53
1646596800000,18.53,18.89,18.32,18.43
1646611200000,18.43,18.44,17.69,17.97
1646625600000,17.97,18.14,17.77,17.94
1646640000000,17.94,18.18,17.85,18.18
1646654400000,18.18,18.81,18.18,18.78
1646668800000,18.78,18.9,17.24,17.31
1646683200000,17.31,18.06,17.09,17.82
1646697600000,17.82,18.17,17.72,18.05
1646712000000,18.05,18.19,17.66,17.87
1646726400000,17.87,18.28,17.86,18.17
1646740800000,18.17,18.24,17.79,17.97
1646755200000,17.97,18.33,17.75,18.07
1646769600000,18.07,18.12,17.79,18.04
1646784000000,18.04,18.82,17.97,18.68
1646798400000,18.68,18.85,18.53,18.71
1646812800000,18.71,18.9,18.6,18.7
1646827200000,18.7,19.26,18.47,19.08
1646841600000,19.08,19.17,18.6,18.76
1646856000000,18.76,18.83,18.53,18.81
1646870400000,18.81,18.86,18.23,18.35
1646884800000,18.35,18.35,17.45,17.77
1646899200000,17.77,17.85,17.61,17.76
1646913600000,17.76,18.09,17.28,17.72
1646928000000,17.72,17.94,17.55,17.93
1646942400000,17.93,17.99,17.73,17.87
1646956800000,17.87,17.87,17.37,17.61
1646971200000,17.61,17.76,17.3,17.73
1646985600000,17.73,18.03,17.55,17.96
1647000000000,17.96,18.06,17.52,17.63
1647014400000,17.63,17.63,17.37,17.39
1647028800000,17.39,17.56,17.15,17.37
1647043200000,17.37,17.79,17.34,17.57
1647057600000,17.57,18.48,17.45,18.26
1647072000000,18.26,18.33,17.94,18.03
1647086400000,18.03,18.15,17.82,18.01
1647100800000,18.01,18.17,17.71,17.75
1647115200000,17.75,17.91,17.67,17.71
1647129600000,17.71,18.06,17.65,17.97
1647144000000,17.97,18.06,17.87,17.88
1647158400000,17.88,17.99,17.72,17.79
1647172800000,17.79,17.83,17.43,17.7
1647187200000,17.7,17.8,17.63,17.64
1647201600000,17.64,17.76,17.0,17.23
1647216000000,17.23,17.49,17.11,17.33
1647230400000,17.33,17.68,17.32,17.49
1647244800000,17.49,17.59,17.29,17.35
1647259200000,17.35,17.49,17.17,17.29
1647273600000,17.29,17.38,17.06,17.2
1647288000000,17.2,17.51,17.19,17.45
1647302400000,17.45,17.5,17.09,17.15
1647316800000,17.15,17.18,16.41,16.6
1647331200000,16.6,16.77,16.52,16.64
1647345600000,16.64,16.91,16.62,16.8
1647360000000,16.8,17.18,16.77,17.05
1647374400000,17.05,17.11,16.81,16.81
1647388800000,16.81,17.48,16.71,16.89
1647403200000,16.89,17.04,16.8,16.97
1647417600000,16.97,17.18,16.96,17.07
1647432000000,17.07,17.16,16.87,17.05
1647446400000,17.05,17.28,16.8,17.28
1647460800000,17.28,17.44,17.18,17.43
1647475200000,17.43,17.46,17.24,17.37
1647489600000,17.37,17.6,17.33,17.48
1647504000000,17.48,17.54,17.36,17.43
1647518400000,17.43,17.79,17.42,17.51
1647532800000,17.51,17.71,17.44,17.71
1647547200000,17.71,17.71,17.41,17.44
1647561600000,17.44,17.47,17.14,17.23
1647576000000,17.23,17.39,17.2,17.26
1647590400000,17.26,17.35,17.07,17.16
1647604800000,17.16,17.4,17.14,17.36
1647619200000,17.36,17.71,17.36,17.7
1647633600000,17.7,17.84,17.41,17.6
1647648000000,17.6,17.78,17.57,17.72
1647662400000,17.72,18.11,17.66,17.92
1647676800000,17.92,18.31,17.88,18.02
1647691200000,18.02,18.18,17.81,18.07
1647705600000,18.07,18.39,17.97,18.29
1647720000000,18.29,18.33,17.92,18.23
1647734400000,18.23,18.29,17.84,18.13
1647748800000,18.13,18.23,18.04,18.07
1647763200000,18.07,18.17,17.74,17.82
1647777600000,17.82,17.86,17.4,17.64
1647792000000,17.64,17.74,17.21,17.64
1647806400000,17.64,17.75,17.54,17.65
1647820800000,17.65,17.8,17.32,17.55
1647835200000,17.55,17.71,17.51,17.71
1647849600000,17.71,17.88,17.6,17.75
1647864000000,17.75,17.92,17.63,17.85
1647878400000,17.85,17.91,17.63,17.83
1647892800000,17.83,17.96,17.73,17.84
1647907200000,17.84,18.25,17.77,18.17
1647921600000,18.17,18.5,18.04,18.16
1647936000000,18.16,18.64,18.14,18.56
1647950400000,18.56,18.7,18.36,18.43
1647964800000,18.43,18.51,18.17,18.21
1647979200000,18.21,18.52,18.21,18.3
1647993600000,18.3,19.63,18.29,19.05
1648008000000,19.05,19.15,18.71,19.01
1648022400000,19.01,19.24,18.84,19.11
1648036800000,19.11,19.42,18.91,19.23
1648051200000,19.23,19.43,18.68,19.01
1648065600000,19.01,19.47,18.98,19.36
1648080000000,19.36,19.48,18.93,19.13
1648094400000,19.13,19.43,19.13,19.34
1648108800000,19.34,19.82,19.28,19.39
1648123200000,19.39,19.57,18.87,19.47
1648137600000,19.47,19.61,19.25,19.43
1648152000000,19.43,19.65,19.34,19.62
1648166400000,19.62,19.71,19.37,19.4
1648180800000,19.4,19.59,19.18,19.23
1648195200000,19.23,19.58,19.02,19.51
1648209600000,19.51,19.57,19.18,19.23
1648224000000,19.23,19.36,18.37,18.86
1648238400000,18.86,18.98,18.74,18.85
1648252800000,18.85,18.98,18.62,18.77
1648267200000,18.77,19.02,18.72,18.98
1648281600000,18.98,19.02,18.81,18.85
1648296000000,18.85,18.93,18.71,18.88
1648310400000,18.88,19.3,18.77,19.15
1648324800000,19.15,19.47,19.09,19.44
1648339200000,19.44,19.62,19.33,19.44
1648353600000,19.44,19.55,19.27,19.51
1648368000000,19.51,19.56,19.32,19.34
1648382400000,19.34,20.32,18.82,20.11
1648396800000,20.11,22.41,20.1,22.09
1648411200000,22.09,24.11,21.87,23.73
1648425600000,23.73,25.16,23.47,24.68
1648440000000,24.68,25.72,24.22,24.7
1648454400000,24.7,24.95,24.31,24.44
1648468800000,24.44,25.97,24.41,25.8
1648483200000,25.8,26.4,24.93,25.42
1648497600000,25.42,27.86,24.53,25.34
1648512000000,25.34,26.57,24.84,25.9
1648526400000,25.9,26.5,25.62,25.67
1648540800000,25.67,26.77,25.65,26.63
1648555200000,26.63,28.2,26.19,26.94
1648569600000,26.94,27.29,26.02,26.76
1648584000000,26.76,26.86,25.5,26.35
1648598400000,26.35,26.55,24.68,25.69
1648612800000,25.69,26.37,25.09,26.04
1648627200000,26.04,26.63,25.65,26.1
1648641600000,26.1,26.11,25.28,25.76
1648656000000,25.76,26.57,25.36,25.63
1648670400000,25.63,26.18,25.49,25.94
1648684800000,25.94,27.59,25.87,26.44
1648699200000,26.44,26.75,25.93,26.31
1648713600000,26.31,26.4,25.48,25.97
1648728000000,25.97,26.35,23.77,24.75
1648742400000,24.75,24.9,24.05,24.57
1648756800000,24.57,24.79,24.07,24.45
1648771200000,24.45,24.83,22.92,23.37
1648785600000,23.37,23.78,23.13,23.75
1648800000000,23.75,23.92,23.54,23.6
1648814400000,23.6,24.97,23.17,24.87
1648828800000,24.87,24.92,24.38,24.8
1648843200000,24.8,26.14,24.77,25.52
1648857600000,25.52,26.75,25.16,25.89
1648872000000,25.89,25.98,25.52,25.67
1648886400000,25.67,25.9,25.29,25.58
1648900800000,25.58,25.71,24.38,24.6
1648915200000,24.6,25.12,24.15,24.48
1648929600000,24.48,24.78,23.76,23.94
1648944000000,23.94,24.41,23.59,24.24
1648958400000,24.24,24.88,24.19,24.6
1648972800000,24.6,24.89,24.32,24.68
1648987200000,24.68,25.84,24.63,25.48
1649001600000,25.48,25.54,24.81,25.09
1649016000000,25.09,25.93,25.03,25.45
1649030400000,25.45,25.79,24.61,25.26
1649044800000,25.26,25.67,25.14,25.4
1649059200000,25.4,25.77,24.72,25.43
1649073600000,25.43,25.72,24.12,24.26
1649088000000,24.26,24.55,23.62,24.29
1649102400000,24.29,25.52,24.17,25.27
1649116800000,25.27,26.3,24.85,26.08
1649131200000,26.08,26.42,25.7,25.93
1649145600000,25.93,26.25,25.5,26.07
1649160000000,26.07,26.6,25.24,25.58
1649174400000,25.58,25.77,24.43,24.93
1649188800000,24.93,25.65,24.56,24.89
1649203200000,24.89,24.91,23.24,24.55
1649217600000,24.55,24.83,24.39,24.51
1649232000000,24.51,24.61,23.82,24.03
1649246400000,24.03,24.29,22.78,23.32
1649260800000,23.32,23.41,22.03,22.47
1649275200000,22.47,22.59,21.49,21.73
1649289600000,21.73,22.21,21.37,21.88
1649304000000,21.88,22.48,21.88,22.39
1649318400000,22.39,22.69,21.94,22.55
1649332800000,22.55,22.65,21.78,22.09
1649347200000,22.09,22.49,21.92,22.15
1649361600000,22.15,22.52,22.0,22.45
1649376000000,22.45,22.79,22.24,22.75
1649390400000,22.75,22.84,22.38,22.74
1649404800000,22.74,22.92,22.15,22.28
1649419200000,22.28,22.76,21.53,22.52
1649433600000,22.52,22.73,21.5,21.68
1649448000000,21.68,21.9,20.96,21.29
1649462400000,21.29,21.73,21.16,21.51
1649476800000,21.51,21.98,21.41,21.62
1649491200000,21.62,21.66,21.32,21.55
1649505600000,21.55,21.63,21.15,21.3
1649520000000,21.3,21.7,21.28,21.54
1649534400000,21.54,21.74,21.4,21.72
1649548800000,21.72,21.84,21.58,21.75
1649563200000,21.75,21.76,21.5,21.6
1649577600000,21.6,21.6,21.18,21.47
1649592000000,21.47,21.61,21.26,21.37
1649606400000,21.37,21.8,21.31,21.74
1649620800000,21.74,21.85,20.82,21.02
1649635200000,21.02,21.07,20.31,20.51
1649649600000,20.51,20.67,20.45,20.63
1649664000000,20.63,20.68,18.92,19.25
1649678400000,19.25,19.36,18.83,18.89
1649692800000,18.89,19.11,18.35,18.41
1649707200000,18.41,18.48,17.98,18.31
1649721600000,18.31,18.7,18.26,18.51
1649736000000,18.51,19.0,18.48,18.95
1649750400000,18.95,19.31,18.9,19.25
1649764800000,19.25,19.6,18.94,19.1
1649779200000,19.1,19.26,18.43,18.54
1649793600000,18.54,19.7,18.52,19.46
1649808000000,19.46,19.52,19.07,19.38
1649822400000,19.38,19.44,19.14,19.26
1649836800000,19.26,19.31,18.73,18.91
1649851200000,18.91,19.55,18.77,19.41
1649865600000,19.41,19.58,19.17,19.24
1649880000000,19.24,19.54,19.2,19.39
1649894400000,19.39,19.8,19.31,19.57
1649908800000,19.57,19.62,19.31,19.4
1649923200000,19.4,19.52,19.07,19.29
1649937600000,19.29,19.57,18.65,18.69
1649952000000,18.69,18.8,18.44,18.61
1649966400000,18.61,18.87,18.51,18.7
1649980800000,18.7,19.16,18.67,19.11
1649995200000,19.11,19.2,18.71,19.01
1650009600000,19.01,19.09,18.86,18.97
1650024000000,18.97,19.18,18.72,19.01
1650038400000,19.01,19.11,18.82,18.88
1650052800000,18.88,19.14,18.85,19.06
1650067200000,19.06,19.25,18.98,19.03
1650081600000,19.03,19.15,19.0,19.03
1650096000000,19.03,19.15,19.01,19.05
1650110400000,19.05,19.14,18.84,18.99
1650124800000,18.99,20.45,18.98,20.37
1650139200000,20.37,22.13,20.32,21.66
1650153600000,21.66,21.79,20.78,20.91
1650168000000,20.91,21.2,20.8,21.02
1650182400000,21.02,21.42,20.96,21.08
1650196800000,21.08,21.26,20.91,21.16
1650211200000,21.16,21.23,20.21,20.42
1650225600000,20.42,20.47,19.57,19.69
1650240000000,19.69,19.93,19.62,19.8
1650254400000,19.8,19.84,18.38,18.85
1650268800000,18.85,19.01,18.71,18.91
1650283200000,18.91,19.33,18.88,18.96
1650297600000,18.96,19.88,18.62,19.55
1650312000000,19.55,19.75,19.51,19.62
1650326400000,19.62,19.95,19.39,19.57
1650340800000,19.57,19.73,19.38,19.5
1650355200000,19.5,19.76,19.44,19.55
1650369600000,19.55,20.3,19.52,19.97
1650384000000,19.97,21.16,19.97,20.57
1650398400000,20.57,20.57,20.03,20.42
1650412800000,20.42,20.44,19.88,20.15
1650427200000,20.15,20.36,20.04,20.22
1650441600000,20.22,20.7,20.18,20.49
1650456000000,20.49,20.59,19.5,19.7
1650470400000,19.7,19.93,19.37,19.65
1650484800000,19.65,19.79,19.38,19.62
1650499200000,19.62,20.03,19.58,20.02
1650513600000,20.02,20.03,19.59,19.88
1650528000000,19.88,20.03,19.64,19.95
1650542400000,19.95,20.25,19.77,19.79
1650556800000,19.79,19.99,18.93,19.03
1650571200000,19.03,19.07,18.44,18.86
1650585600000,18.86,19.11,18.71,18.99
1650600000000,18.99,19.2,18.83,19.02
1650614400000,19.02,19.08,18.69,19.02
1650628800000,19.02,19.34,18.77,19.24
1650643200000,19.24,19.55,18.95,19.0
1650657600000,19.0,19.3,18.98,19.29
1650672000000,19.29,19.31,18.99,19.11
1650686400000,19.11,19.16,18.85,19.09
1650700800000,19.09,19.3,19.07,19.13
1650715200000,19.13,19.57,19.01,19.36
1650729600000,19.36,19.41,19.05,19.15
1650744000000,19.15,19.27,18.76,18.91
1650758400000,18.91,19.08,18.88,19.05
1650772800000,19.05,19.09,18.96,19.07
1650787200000,19.07,19.13,18.91,18.96
1650801600000,18.96,19.42,18.91,19.13
1650816000000,19.13,19.19,18.62,18.97
1650830400000,18.97,19.07,18.84,18.9
1650844800000,18.9,18.93,18.16,18.5
1650859200000,18.5,18.59,17.37,17.66
1650873600000,17.66,17.95,17.52,17.94
1650888000000,17.94,18.3,17.85,18.11
1650902400000,18.11,18.6,18.08,18.58
1650916800000,18.58,18.67,18.42,18.63
1650931200000,18.63,18.77,18.48,18.54
1650945600000,18.54,18.71,18.4,18.6
1650960000000,18.6,18.71,18.28,18.53
1650974400000,18.53,18.55,17.66,17.77
1650988800000,17.77,18.08,17.45,17.64
1651003200000,17.64,17.68,16.95,17.29
1651017600000,17.29,17.78,17.22,17.62
1651032000000,17.62,17.95,17.55,17.93
1651046400000,17.93,18.02,17.45,17.67
1651060800000,17.67,17.92,17.5,17.68
1651075200000,17.68,17.82,17.37,17.46
1651089600000,17.46,17.76,17.43,17.71
1651104000000,17.71,18.04,17.58,17.75
1651118400000,17.75,17.91,17.63,17.76
1651132800000,17.76,18.0,17.7,17.9
1651147200000,17.9,17.99,17.49,17.73
1651161600000,17.73,18.51,17.69,18.14
1651176000000,18.14,18.38,17.76,18.08
1651190400000,18.08,18.2,17.67,17.87
1651204800000,17.87,17.97,17.72,17.95
1651219200000,17.95,17.95,17.16,17.34
1651233600000,17.34,17.66,17.28,17.46
1651248000000,17.46,17.61,16.98,17.21
1651262400000,17.21,17.4,17.07,17.31
1651276800000,17.31,17.42,17.17,17.26
1651291200000,17.26,17.38,17.18,17.3
1651305600000,17.3,18.02,17.18,17.62
1651320000000,17.62,18.0,17.25,17.61
1651334400000,17.61,17.69,17.21,17.5
1651348800000,17.5,17.54,11.59,14.2
1651363200000,14.2,14.78,13.86,14.72
1651377600000,14.72,15.09,14.49,14.81
1651392000000,14.81,14.96,14.73,14.75
1651406400000,14.75,15.67,14.62,15.5
1651420800000,15.5,15.64,14.51,14.73
1651435200000,14.73,15.19,14.63,15.1
1651449600000,15.1,15.28,14.84,15.05
1651464000000,15.05,15.24,14.93,15.15
1651478400000,15.15,15.16,14.48,14.66
1651492800000,14.66,15.22,14.6,14.83
1651507200000,14.83,14.85,14.09,14.61
1651521600000,14.61,14.82,14.43,14.61
1651536000000,14.61,14.87,14.49,14.77
1651550400000,14.77,14.96,14.68,14.89
1651564800000,14.89,14.92,14.7,14.91
1651579200000,14.91,14.95,14.57,14.78
1651593600000,14.78,14.82,14.23,14.3
1651608000000,14.3,14.64,14.24,14.62
1651622400000,14.62,15.04,14.54,14.75
1651636800000,14.75,14.86,14.59,14.81
1651651200000,14.81,15.08,14.81,14.95
1651665600000,14.95,15.02,14.59,14.73
1651680000000,14.73,15.98,14.68,15.62
1651694400000,15.62,15.75,15.46,15.72
1651708800000,15.72,15.86,15.51,15.6
1651723200000,15.6,15.7,15.29,15.43
1651737600000,15.43,15.47,15.15,15.24
1651752000000,15.24,15.33,13.31,13.81
1651766400000,13.81,14.12,13.25,13.89
1651780800000,13.89,13.99,13.75,13.96
1651795200000,13.96,14.14,13.63,13.95
1651809600000,13.95,13.96,13.43,13.7
1651824000000,13.7,13.84,13.37,13.61
1651838400000,13.61,13.99,13.31,13.75
1651852800000,13.75,13.95,13.71,13.88
1651867200000,13.88,14.04,13.81,13.86
1651881600000,13.86,13.92,13.62,13.66
1651896000000,13.66,13.74,13.51,13.68
1651910400000,13.68,13.94,13.66,13.78
1651924800000,13.78,13.9,13.61,13.83
1651939200000,13.83,13.85,13.57,13.7
1651953600000,13.7,13.7,12.77,13.22
1651968000000,13.22,13.36,12.82,13.09
1651982400000,13.09,13.23,12.97,13.1
1651996800000,13.1,13.38,13.05,13.29
1652011200000,13.29,13.45,13.02,13.26
1652025600000,13.26,13.42,12.85,13.29
1652040000000,13.29,13.34,13.02,13.13
1652054400000,13.13,13.29,12.65,12.78
1652068800000,12.78,12.86,12.62,12.64
1652083200000,12.64,12.65,11.95,12.28
1652097600000,12.28,12.47,11.84,12.03
1652112000000,12.03,12.13,11.09,11.54
1652126400000,11.54,11.82,10.71,10.98
1652140800000,10.98,11.5,10.52,11.2
1652155200000,11.2,12.52,11.14,12.01
1652169600000,12.01,12.32,11.6,11.92
1652184000000,11.92,12.21,11.38,11.69
1652198400000,11.69,11.98,11.33,11.42
1652212800000,11.42,11.45,10.85,11.35
1652227200000,11.35,11.56,10.93,11.16
1652241600000,11.16,11.39,10.08,10.38
1652256000000,10.38,11.05,10.25,10.4
1652270400000,10.4,10.7,8.32,9.31
1652284800000,9.31,9.46,8.54,8.72
1652299200000,8.72,8.93,8.17,8.6
1652313600000,8.6,9.04,7.52,7.55
1652328000000,7.55,7.92,6.66,7.67
1652342400000,7.67,8.61,7.43,8.05
1652356800000,8.05,8.47,7.71,8.01
1652371200000,8.01,8.75,7.81,8.07
1652385600000,8.07,8.31,7.62,8.11
1652400000000,8.11,8.88,7.88,8.72
1652414400000,8.72,9.06,8.52,8.55
1652428800000,8.55,9.17,8.54,9.17
1652443200000,9.17,9.47,8.94,9.12
1652457600000,9.12,9.24,8.76,8.97
1652472000000,8.97,9.12,8.59,8.72
1652486400000,8.72,9.13,8.67,8.91
1652500800000,8.91,8.91,8.62,8.74
1652515200000,8.74,8.86,8.18,8.3
1652529600000,8.3,8.45,8.07,8.1
1652544000000,8.1,8.61,8.03,8.48
1652558400000,8.48,8.84,8.4,8.81
1652572800000,8.81,8.9,8.47,8.57
1652587200000,8.57,8.8,8.49,8.65
1652601600000,8.65,8.95,8.59,8.92
1652616000000,8.92,8.98,8.59,8.67
1652630400000,8.67,9.0,8.64,9.0
1652644800000,9.0,9.25,8.92,9.15
1652659200000,9.15,9.15,8.81,8.85
1652673600000,8.85,8.85,8.25,8.39
1652688000000,8.39,8.57,8.24,8.45
1652702400000,8.45,8.57,8.2,8.38
1652716800000,8.38,8.45,8.18,8.3
1652731200000,8.3,8.44,8.21,8.29
1652745600000,8.29,8.64,8.27,8.6
1652760000000,8.6,8.73,8.54,8.57
1652774400000,8.57,8.72,8.55,8.61
1652788800000,8.61,8.89,8.48,8.54
1652803200000,8.54,8.56,8.17,8.35
1652817600000,8.35,8.64,8.34,8.57
1652832000000,8.57,8.72,8.27,8.32
1652846400000,8.32,8.41,8.23,8.31
1652860800000,8.31,8.34,8.2,8.27
1652875200000,8.27,8.27,7.62,7.77
1652889600000,7.77,8.0,7.68,7.87
1652904000000,7.87,7.87,7.48,7.59
1652918400000,7.59,7.78,7.36,7.74
1652932800000,7.74,7.85,7.6,7.74
1652947200000,7.74,8.06,7.58,8.01
1652961600000,8.01,8.23,7.94,8.16
1652976000000,8.16,8.19,7.96,7.96
1652990400000,7.96,8.31,7.85,8.2
1653004800000,8.2,8.33,8.07,8.13
1653019200000,8.13,8.21,7.97,8.14
1653033600000,8.14,8.29,8.11,8.25
1653048000000,8.25,8.28,7.83,7.85
1653062400000,7.85,7.91,7.67,7.9
1653076800000,7.9,8.0,7.81,7.92
1653091200000,7.92,7.97,7.74,7.96
1653105600000,7.96,8.04,7.84,8.01
1653120000000,8.01,8.05,7.92,7.99
1653134400000,7.99,8.18,7.92,8.16
1653148800000,8.16,8.34,8.08,8.14
1653163200000,8.14,8.23,8.03,8.18
1653177600000,8.18,8.27,8.08,8.11
1653192000000,8.11,8.18,8.01,8.16
1653206400000,8.16,8.48,8.15,8.32
1653220800000,8.32,8.45,8.22,8.28
1653235200000,8.28,8.43,8.16,8.35
1653249600000,8.35,8.5,8.3,8.44
1653264000000,8.44,8.53,8.24,8.34
1653278400000,8.34,8.58,8.33,8.5
1653292800000,8.5,8.58,8.41,8.52
1653307200000,8.52,9.5,8.28,9.26
1653321600000,9.26,9.27,8.43,8.44
1653336000000,8.44,8.63,8.0,8.16
1653350400000,8.16,8.45,8.15,8.39
1653364800000,8.39,8.54,8.25,8.48
1653379200000,8.48,8.49,8.31,8.37
1653393600000,8.37,8.49,8.0,8.4
1653408000000,8.4,8.45,8.11,8.29
1653422400000,8.29,8.49,8.24,8.41
1653436800000,8.41,8.6,8.27,8.54
1653451200000,8.54,8.55,8.22,8.3
1653465600000,8.3,8.33,8.07,8.12
1653480000000,8.12,8.33,8.1,8.23
1653494400000,8.23,8.32,8.05,8.23
1653508800000,8.23,8.28,8.14,8.17
1653523200000,8.17,8.29,8.11,8.12
1653537600000,8.12,8.15,7.77,7.9
1653552000000,7.9,7.94,7.49,7.6
1653566400000,7.6,7.86,7.29,7.79
1653580800000,7.79,8.0,7.64,7.64
1653595200000,7.64,7.78,7.6,7.63
1653609600000,7.63,7.73,7.33,7.55
1653624000000,7.55,7.6,7.27,7.47
1653638400000,7.47,7.65,7.37,7.56
1653652800000,7.56,7.71,7.43,7.46
1653667200000,7.46,7.49,7.13,7.29
1653681600000,7.29,7.36,7.14,7.23
1653696000000,7.23,7.45,7.15,7.31
1653710400000,7.31,7.46,7.27,7.34
1653724800000,7.34,7.43,7.27,7.36
1653739200000,7.36,7.53,7.33,7.5
1653753600000,7.5,7.53,7.42,7.5
1653768000000,7.5,7.59,7.44,7.54
1653782400000,7.54,7.58,7.32,7.38
1653796800000,7.38,7.45,7.34,7.45
1653811200000,7.45,7.52,7.39,7.5
1653825600000,7.5,7.79,7.46,7.52
1653840000000,7.52,7.62,7.48,7.54
1653854400000,7.54,7.66,7.5,7.62
1653868800000,7.62,7.9,7.55,7.81
1653883200000,7.81,8.16,7.73,8.06
1653897600000,8.06,8.08,7.87,7.96
1653912000000,7.96,8.03,7.81,7.9
1653926400000,7.9,8.02,7.87,7.93
1653940800000,7.93,8.29,7.9,8.22
1653955200000,8.22,8.37,8.08,8.24
1653969600000,8.24,8.25,7.97,8.22
1653984000000,8.22,8.24,8.02,8.18
1653998400000,8.18,8.2,7.8,8.1
1654012800000,8.1,8.17,7.94,8.0
1654027200000,8.0,8.2,7.97,8.09
1654041600000,8.09,8.18,7.9,7.92
1654056000000,7.92,8.02,7.84,7.9
1654070400000,7.9,8.03,7.88,7.98
1654084800000,7.98,8.15,7.66,7.71
1654099200000,7.71,7.71,7.5,7.55
1654113600000,7.55,7.55,7.29,7.43
1654128000000,7.43,7.47,7.3,7.32
1654142400000,7.32,7.49,7.31,7.42
1654156800000,7.42,7.54,7.41,7.53
1654171200000,7.53,7.61,7.34,7.55
1654185600000,7.55,7.76,7.52,7.67
1654200000000,7.67,7.8,7.66,7.74
1654214400000,7.74,7.75,7.66,7.66
1654228800000,7.66,7.68,7.53,7.54
1654243200000,7.54,7.59,7.24,7.37
1654257600000,7.37,7.43,7.28,7.32
1654272000000,7.32,7.38,7.28,7.33
1654286400000,7.33,7.48,7.32,7.38
1654300800000,7.38,7.43,7.2,7.27
1654315200000,7.27,7.44,7.26,7.4
1654329600000,7.4,7.43,7.34,7.37
1654344000000,7.37,7.45,7.29,7.4
1654358400000,7.4,7.43,7.35,7.37
1654372800000,7.37,7.52,7.37,7.46
1654387200000,7.46,7.5,7.32,7.38
1654401600000,7.38,7.41,7.33,7.37
1654416000000,7.37,7.4,7.25,7.35
1654430400000,7.35,7.45,7.32,7.45
1654444800000,7.45,7.56,7.39,7.46
1654459200000,7.46,7.51,7.35,7.36
1654473600000,7.36,7.67,7.35,7.66
1654488000000,7.66,7.8,7.63,7.75
1654502400000,7.75,7.87,7.7,7.72
1654516800000,7.72,7.76,7.52,7.61
1654531200000,7.61,7.62,7.43,7.51
1654545600000,7.51,7.6,7.41,7.56
1654560000000,7.56,7.57,6.98,7.23
1654574400000,7.23,7.26,7.16,7.26
1654588800000,7.26,7.29,7.1,7.16
1654603200000,7.16,7.33,7.12,7.24
1654617600000,7.24,7.59,7.22,7.54
1654632000000,7.54,7.66,7.15,7.34
1654646400000,7.34,7.46,7.13,7.18
1654660800000,7.18,7.35,7.14,7.31
1654675200000,7.31,7.35,7.26,7.29
1654689600000,7.29,7.41,7.18,7.31
1654704000000,7.31,7.34,7.14,7.21
1654718400000,7.21,7.28,7.15,7.19
1654732800000,7.19,7.22,7.07,7.2
1654747200000,7.2,7.24,7.16,7.23
1654761600000,7.23,7.33,7.21,7.23
1654776000000,7.23,7.25,7.13,7.23
1654790400000,7.23,7.3,7.15,7.16
1654804800000,7.16,7.25,7.15,7.23
1654819200000,7.23,7.25,7.04,7.19
1654833600000,7.19,7.23,7.14,7.16
1654848000000,7.16,7.16,7.07,7.13
1654862400000,7.13,7.17,6.84,6.94
1654876800000,6.94,6.95,6.73,6.77
1654891200000,6.77,6.92,6.74,6.82
1654905600000,6.82,6.88,6.8,6.86
1654920000000,6.86,6.91,6.81,6.9
1654934400000,6.9,6.9,6.4,6.48
1654948800000,6.48,6.54,6.07,6.15
1654963200000,6.15,6.29,6.13,6.23
1654977600000,6.23,6.24,6.05,6.1
1654992000000,6.1,6.17,5.63,5.77
1655006400000,5.77,5.88,5.58,5.88
1655020800000,5.88,5.93,5.76,5.86
1655035200000,5.86,6.17,5.76,6.09
1655049600000,6.09,6.12,5.93,5.98
1655064000000,5.98,6.02,5.67,5.68
1655078400000,5.68,5.82,5.33,5.48
1655092800000,5.48,5.63,5.26,5.34
1655107200000,5.34,5.38,5.11,5.26
1655121600000,5.26,5.4,5.13,5.31
1655136000000,5.31,5.48,5.27,5.4
1655150400000,5.4,5.56,5.19,5.35
1655164800000,5.35,5.45,4.99,5.45
1655179200000,5.45,5.71,5.35,5.65
1655193600000,5.65,5.65,5.31,5.38
1655208000000,5.38,5.64,5.32,5.6
1655222400000,5.6,5.62,5.39,5.43
1655236800000,5.43,5.53,5.29,5.47
1655251200000,5.47,5.53,5.3,5.31
1655265600000,5.31,5.32,5.09,5.14
1655280000000,5.14,5.36,5.07,5.31
1655294400000,5.31,5.45,5.26,5.36
1655308800000,5.36,5.72,5.17,5.62
1655323200000,5.62,5.88,5.56,5.88
1655337600000,5.88,5.93,5.74,5.75
1655352000000,5.75,5.82,5.53,5.57
1655366400000,5.57,5.65,5.31,5.39
1655380800000,5.39,5.53,5.28,5.44
1655395200000,5.44,5.53,5.29,5.29
1655409600000,5.29,5.44,5.21,5.29
1655424000000,5.29,5.47,5.27,5.33
1655438400000,5.33,5.48,5.32,5.42
1655452800000,5.42,5.46,5.35,5.37
1655467200000,5.37,5.46,5.3,5.39
1655481600000,5.39,5.41,5.28,5.31
1655496000000,5.31,5.38,5.3,5.33
1655510400000,5.33,5.42,5.24,5.29
1655524800000,5.29,5.33,5.02,5.04
1655539200000,5.04,5.23,4.97,5.14
1655553600000,5.14,5.15,5.06,5.08
1655568000000,5.08,5.15,4.95,4.97
1655582400000,4.97,5.18,4.78,5.1
1655596800000,5.1,5.16,4.97,5.03
1655611200000,5.03,5.15,4.99,5.07
1655625600000,5.07,5.36,5.05,5.34
1655640000000,5.34,5.4,5.2,5.34
1655654400000,5.34,5.42,5.21,5.36
1655668800000,5.36,5.54,5.35,5.48
1655683200000,5.48,5.51,5.28,5.36
1655697600000,5.36,5.4,5.29,5.39
1655712000000,5.39,5.69,5.38,5.64
1655726400000,5.64,5.64,5.48,5.57
1655740800000,5.57,5.58,5.41,5.47
1655755200000,5.47,5.54,5.32,5.46
1655769600000,5.46,5.56,5.4,5.54
1655784000000,5.54,5.78,5.51,5.61
1655798400000,5.61,5.81,5.6,5.65
1655812800000,5.65,5.86,5.63,5.79
1655827200000,5.79,6.39,5.79,6.14
1655841600000,6.14,6.2,5.88,5.97
1655856000000,5.97,5.98,5.53,5.58
1655870400000,5.58,5.68,5.44,5.48
1655884800000,5.48,5.66,5.45,5.6
1655899200000,5.6,5.79,5.53,5.57
1655913600000,5.57,5.76,5.5,5.63
1655928000000,5.63,5.65,5.51,5.51
1655942400000,5.51,5.74,5.51,5.66
1655956800000,5.66,5.92,5.65,5.77
1655971200000,5.77,5.83,5.69,5.78
1655985600000,5.78,5.83,5.59,5.64
1656000000000,5.64,5.79,5.6,5.79
1656014400000,5.79,5.86,5.72,5.79
1656028800000,5.79,5.96,5.79,5.85
1656043200000,5.85,5.87,5.74,5.85
1656057600000,5.85,5.99,5.8,5.94
1656072000000,5.94,6.09,5.91,5.94
1656086400000,5.94,6.31,5.94,6.14
1656100800000,6.14,6.23,6.09,6.12
1656115200000,6.12,6.21,6.04,6.15
1656129600000,6.15,6.3,6.08,6.24
1656144000000,6.24,6.27,6.1,6.11
1656158400000,6.11,6.15,5.82,5.88
1656172800000,5.88,6.07,5.86,6.0
1656187200000,6.0,6.14,5.98,6.06
1656201600000,6.06,6.19,6.01,6.07
1656216000000,6.07,6.17,6.03,6.11
1656230400000,6.11,6.3,6.07,6.28
1656244800000,6.28,6.34,6.04,6.12
1656259200000,6.12,6.14,5.92,5.98
1656273600000,5.98,6.1,5.81,5.82
1656288000000,5.82,5.97,5.82,5.97
1656302400000,5.97,6.05,5.89,6.02
1656316800000,6.02,6.11,5.97,5.98
1656331200000,5.98,6.05,5.67,5.8
1656345600000,5.8,5.83,5.65,5.73
1656360000000,5.73,5.89,5.72,5.76
1656374400000,5.76,5.84,5.6,5.68
1656388800000,5.68,5.83,5.66,5.79
1656403200000,5.79,5.91,5.73,5.81
1656417600000,5.81,5.96,5.62,5.65
1656432000000,5.65,5.7,5.53,5.56
1656446400000,5.56,5.61,5.42,5.51
1656460800000,5.51,5.59,5.5,5.54
1656475200000,5.54,5.57,5.37,5.5
1656489600000,5.5,5.57,5.4,5.46
1656504000000,5.46,5.51,5.35,5.46
1656518400000,5.46,5.53,5.36,5.51
1656532800000,5.51,5.56,5.4,5.45
1656547200000,5.45,5.49,5.26,5.38
1656561600000,5.38,5.4,5.17,5.19
1656576000000,5.19,5.25,5.09,5.22
1656590400000,5.22,5.27,5.08,5.22
1656604800000,5.22,5.3,5.17,5.28
1656619200000,5.28,5.42,5.17,5.39
1656633600000,5.39,5.54,5.31,5.32
1656648000000,5.32,5.4,5.22,5.38
1656662400000,5.38,5.49,5.26,5.32
1656676800000,5.32,5.39,5.25,5.3
1656691200000,5.3,5.39,5.28,5.37
1656705600000,5.37,5.45,5.3,5.34
1656720000000,5.34,5.4,5.22,5.24
1656734400000,5.24,5.3,5.23,5.26
1656748800000,5.26,5.3,5.21,5.27
1656763200000,5.27,5.35,5.27,5.31
1656777600000,5.31,5.39,5.3,5.35
1656792000000,5.35,5.38,5.31,5.33
1656806400000,5.33,5.35,5.25,5.29
1656820800000,5.29,5.34,5.19,5.25
1656835200000,5.25,5.29,5.21,5.27
1656849600000,5.27,5.28,5.19,5.21
1656864000000,5.21,5.36,5.21,5.34
1656878400000,5.34,5.39,5.28,5.3
1656892800000,5.3,5.33,5.2,5.24
1656907200000,5.24,5.29,5.21,5.25
1656921600000,5.25,5.48,5.23,5.48
1656936000000,5.48,5.61,5.41,5.46
1656950400000,5.46,5.51,5.43,5.47
1656964800000,5.47,5.57,5.44,5.55
1656979200000,5.55,5.59,5.45,5.52
1656993600000,5.52,5.62,5.49,5.56
1657008000000,5.56,5.57,5.37,5.41
1657022400000,5.41,5.42,5.3,5.38
1657036800000,5.38,5.53,5.34,5.49
1657051200000,5.49,5.57,5.45,5.48
1657065600000,5.48,5.54,5.43,5.51
1657080000000,5.51,5.57,5.48,5.53
1657094400000,5.53,5.59,5.48,5.49
1657108800000,5.49,5.54,5.46,5.48
1657123200000,5.48,5.57,5.47,5.53
1657137600000,5.53,5.67,5.51,5.57
1657152000000,5.57,5.67,5.56,5.6
1657166400000,5.6,5.63,5.52,5.61
1657180800000,5.61,5.68,5.6,5.68
1657195200000,5.68,5.79,5.62,5.74
1657209600000,5.74,5.86,5.74,5.83
1657224000000,5.83,5.85,5.77,5.8
1657238400000,5.8,5.93,5.76,5.85
1657252800000,5.85,5.86,5.7,5.75
1657267200000,5.75,5.77,5.62,5.66
1657281600000,5.66,5.73,5.56,5.71
1657296000000,5.71,5.73,5.61,5.69
1657310400000,5.69,5.8,5.67,5.72
1657324800000,5.72,5.82,5.68,5.74
1657339200000,5.74,5.84,5.72,5.83
1657353600000,5.83,5.85,5.73,5.74
1657368000000,5.74,5.83,5.7,5.8
1657382400000,5.8,5.9,5.79,5.84
1657396800000,5.84,5.86,5.79,5.8
1657411200000,5.8,5.8,5.59,5.64
1657425600000,5.64,5.67,5.61,5.65
1657440000000,5.65,5.67,5.6,5.65
1657454400000,5.65,5.65,5.46,5.51
1657468800000,5.51,5.54,5.43,5.5
1657483200000,5.5,5.51,5.43,5.48
1657497600000,5.48,5.48,5.32,5.38
1657512000000,5.38,5.39,5.27,5.32
1657526400000,5.32,5.38,5.32,5.32
1657540800000,5.32,5.39,5.25,5.34
1657555200000,5.34,5.41,5.32,5.36
1657569600000,5.36,5.37,5.14,5.19
1657584000000,5.19,5.26,5.16,5.22
1657598400000,5.22,5.28,5.17,5.19
1657612800000,5.19,5.23,5.12,5.22
1657627200000,5.22,5.27,5.19,5.24
1657641600000,5.24,5.26,5.05,5.09
1657656000000,5.09,5.15,5.05,5.07
1657670400000,5.07,5.15,5.02,5.11
1657684800000,5.11,5.24,5.1,5.22
1657699200000,5.22,5.31,5.22,5.25
1657713600000,5.25,5.32,4.96,5.15
1657728000000,5.15,5.25,5.11,5.16
1657742400000,5.16,5.31,5.15,5.3
1657756800000,5.3,5.34,5.25,5.28
1657771200000,5.28,5.3,5.21,5.22
1657785600000,5.22,5.23,5.15,5.18
1657800000000,5.18,5.32,5.15,5.31
1657814400000,5.31,5.41,5.27,5.36
1657828800000,5.36,5.39,5.32,5.35
1657843200000,5.35,5.42,5.31,5.39
1657857600000,5.39,5.44,5.35,5.43
1657872000000,5.43,5.46,5.36,5.37
1657886400000,5.37,5.44,5.36,5.36
1657900800000,5.36,5.37,5.28,5.35
1657915200000,5.35,5.38,5.2,5.23
1657929600000,5.23,5.27,5.2,5.24
1657944000000,5.24,5.25,5.16,5.18
1657958400000,5.18,5.23,5.17,5.2
1657972800000,5.2,5.32,5.2,5.3
1657987200000,5.3,5.45,5.3,5.34
1658001600000,5.34,5.43,5.3,5.39
1658016000000,5.39,5.48,5.37,5.43
1658030400000,5.43,5.55,5.42,5.47
1658044800000,5.47,5.5,5.4,5.45
1658059200000,5.45,5.5,5.37,5.42
1658073600000,5.42,5.98,5.37,5.87
1658088000000,5.87,5.87,5.66,5.69
1658102400000,5.69,5.81,5.62,5.81
1658116800000,5.81,5.93,5.71,5.91
1658131200000,5.91,6.16,5.8,5.89
1658145600000,5.89,6.02,5.76,5.98
1658160000000,5.98,6.16,5.71,5.75
1658174400000,5.75,6.0,5.72,5.95
1658188800000,5.95,6.05,5.79,5.8
1658203200000,5.8,5.84,5.64,5.74
1658217600000,5.74,5.92,5.71,5.88
1658232000000,5.88,6.01,5.79,5.95
1658246400000,5.95,6.27,5.91,6.18
1658260800000,6.18,6.19,5.97,6.05
1658275200000,6.05,6.07,5.89,6.03
1658289600000,6.03,6.18,6.01,6.02
1658304000000,6.02,6.11,5.91,6.01
1658318400000,6.01,6.09,5.95,6.05
1658332800000,6.05,6.06,5.81,5.84
1658347200000,5.84,5.86,5.46,5.58
1658361600000,5.58,5.66,5.43,5.46
1658376000000,5.46,5.53,5.37,5.5
1658390400000,5.5,5.54,5.45,5.5
1658404800000,5.5,5.56,5.42,5.51
1658419200000,5.51,5.74,5.5,5.67
1658433600000,5.67,5.69,5.57,5.62
1658448000000,5.62,5.72,5.6,5.62
1658462400000,5.62,5.76,5.59,5.7
1658476800000,5.7,5.81,5.69,5.77
1658491200000,5.77,5.8,5.59,5.63
1658505600000,5.63,5.68,5.41,5.45
1658520000000,5.45,5.51,5.43,5.48
1658534400000,5.48,5.6,5.41,5.56
1658548800000,5.56,5.65,5.55,5.59
1658563200000,5.59,5.62,5.43,5.44
1658577600000,5.44,5.52,5.4,5.5
1658592000000,5.5,5.55,5.42,5.53
1658606400000,5.53,5.61,5.52,5.58
1658620800000,5.58,5.91,5.54,5.73
1658635200000,5.73,5.82,5.72,5.75
1658649600000,5.75,5.78,5.7,5.71
1658664000000,5.71,5.75,5.62,5.73
1658678400000,5.73,5.74,5.65,5.67
1658692800000,5.67,5.77,5.61,5.63
1658707200000,5.63,5.69,5.44,5.48
1658721600000,5.48,5.54,5.46,5.53
1658736000000,5.53,5.56,5.49,5.51
1658750400000,5.51,5.52,5.44,5.51
1658764800000,5.51,5.53,5.25,5.36
1658779200000,5.36,5.43,5.2,5.23
1658793600000,5.23,5.23,5.09,5.2
1658808000000,5.2,5.23,5.16,5.17
1658822400000,5.17,5.3,5.15,5.2
1658836800000,5.2,5.23,5.1,5.16
1658851200000,5.16,5.24,5.13,5.18
1658865600000,5.18,5.33,5.16,5.32
1658880000000,5.32,5.32,5.21,5.22
1658894400000,5.22,5.34,5.22,5.29
1658908800000,5.29,5.32,5.23,5.26
1658923200000,5.26,5.35,5.24,5.29
1658937600000,5.29,5.57,5.24,5.51
1658952000000,5.51,5.65,5.51,5.65
1658966400000,5.65,5.75,5.55,5.63
1658980800000,5.63,5.69,5.58,5.59
1658995200000,5.59,5.77,5.59,5.77
1659009600000,5.77,5.82,5.55,5.8
1659024000000,5.8,6.02,5.8,5.95
1659038400000,5.95,6.06,5.91,5.93
1659052800000,5.93,6.05,5.85,6.03
1659067200000,6.03,6.21,5.95,6.01
1659081600000,6.01,6.09,5.86,5.91
1659096000000,5.91,6.05,5.78,5.99
1659110400000,5.99,6.0,5.79,5.92
1659124800000,5.92,6.07,5.88,5.96
1659139200000,5.96,6.69,5.95,6.52
1659153600000,6.52,7.17,6.41,7.09
1659168000000,7.09,7.61,7.02,7.4
1659182400000,7.4,7.75,7.22,7.72
1659196800000,7.72,8.87,7.71,8.56
1659211200000,8.56,8.9,7.78,8.03
1659225600000,8.03,8.81,7.92,8.31
1659240000000,8.31,8.55,8.27,8.31
1659254400000,8.31,8.48,8.05,8.39
1659268800000,8.39,9.98,8.32,9.8
1659283200000,9.8,10.73,9.56,10.13
1659297600000,10.13,10.68,9.62,9.77
1659312000000,9.77,11.4,9.7,11.22
1659326400000,11.22,11.29,9.72,10.02
1659340800000,10.02,10.16,9.2,9.38
1659355200000,9.38,9.43,8.77,9.0
1659369600000,9.0,9.26,8.43,8.57
1659384000000,8.57,8.85,8.35,8.78
1659398400000,8.78,8.88,7.77,7.83
1659412800000,7.83,8.14,7.67,8.11
1659427200000,8.11,8.33,7.82,8.22
1659441600000,8.22,8.46,7.97,8.2
1659456000000,8.2,8.84,8.0,8.09
1659470400000,8.09,8.27,7.89,8.19
1659484800000,8.19,8.51,7.91,8.28
1659499200000,8.28,8.45,8.18,8.28
1659513600000,8.28,8.57,8.27,8.41
1659528000000,8.41,8.55,8.35,8.51
1659542400000,8.51,8.76,8.17,8.29
1659556800000,8.29,8.33,7.92,8.08
1659571200000,8.08,8.48,8.05,8.43
1659585600000,8.43,8.63,8.26,8.38
1659600000000,8.38,8.45,8.19,8.24
1659614400000,8.24,8.43,8.04,8.2
1659628800000,8.2,8.24,7.86,7.94
1659643200000,7.94,8.12,7.86,8.07
1659657600000,8.07,8.32,8.04,8.29
1659672000000,8.29,8.38,8.19,8.26
1659686400000,8.26,8.42,8.15,8.37
1659700800000,8.37,8.42,8.1,8.17
1659715200000,8.17,8.23,8.08,8.2
1659729600000,8.2,8.37,8.16,8.35
1659744000000,8.35,8.35,8.16,8.3
1659758400000,8.3,9.4,8.3,9.24
1659772800000,9.24,9.48,8.99,9.25
1659787200000,9.25,9.52,9.22,9.25
1659801600000,9.25,9.42,9.07,9.1
1659816000000,9.1,9.5,9.05,9.43
1659830400000,9.43,9.44,8.6,8.87
1659844800000,8.87,8.95,8.81,8.88
1659859200000,8.88,8.92,8.71,8.86
1659873600000,8.86,8.96,8.84,8.86
1659888000000,8.86,9.02,8.81,8.84
1659902400000,8.84,8.99,8.69,8.79
1659916800000,8.79,9.34,8.78,9.11
1659931200000,9.11,9.25,9.09,9.15
1659945600000,9.15,9.4,9.11,9.28
1659960000000,9.28,9.28,8.9,8.94
1659974400000,8.94,8.98,8.82,8.93
1659988800000,8.93,9.09,8.47,8.73
1660003200000,8.73,8.83,8.59,8.73
1660017600000,8.73,8.84,8.69,8.74
1660032000000,8.74,8.74,8.21,8.3
1660046400000,8.3,8.37,7.82,7.99
1660060800000,7.99,8.05,7.9,8.0
1660075200000,8.0,8.13,8.0,8.04
1660089600000,8.04,8.15,7.69,7.91
1660104000000,7.91,8.08,7.9,8.03
1660118400000,8.03,8.26,8.02,8.18
1660132800000,8.18,8.53,8.08,8.39
1660147200000,8.39,8.43,8.14,8.17
1660161600000,8.17,8.34,8.17,8.3
1660176000000,8.3,9.01,8.28,8.94
1660190400000,8.94,8.94,8.68,8.71
1660204800000,8.71,8.78,8.58,8.65
1660219200000,8.65,8.84,8.47,8.49
1660233600000,8.49,8.59,8.35,8.41
1660248000000,8.41,8.48,8.22,8.35
1660262400000,8.35,8.56,8.16,8.48
1660276800000,8.48,8.65,8.35,8.46
1660291200000,8.46,8.65,8.26,8.35
1660305600000,8.35,8.82,8.34,8.66
1660320000000,8.66,8.81,8.54,8.73
1660334400000,8.73,8.8,8.62,8.75
1660348800000,8.75,8.87,8.65,8.84
1660363200000,8.84,8.86,8.57,8.59
1660377600000,8.59,8.62,8.44,8.53
1660392000000,8.53,8.64,8.42,8.59
1660406400000,8.59,8.6,8.21,8.37
1660420800000,8.37,8.43,8.3,8.37
1660435200000,8.37,8.79,8.3,8.56
1660449600000,8.56,8.73,8.52,8.64
1660464000000,8.64,8.65,8.43,8.48
1660478400000,8.48,8.5,8.32,8.46
1660492800000,8.46,8.48,7.97,8.19
1660507200000,8.19,8.26,8.12,8.23
1660521600000,8.23,8.53,8.15,8.39
1660536000000,8.39,8.45,8.03,8.1
1660550400000,8.1,8.25,8.01,8.18
1660564800000,8.18,8.3,8.04,8.28
1660579200000,8.28,8.32,8.13,8.16
1660593600000,8.16,8.58,8.01,8.42
1660608000000,8.42,8.48,8.16,8.33
1660622400000,8.33,8.36,8.16,8.31
1660636800000,8.31,8.56,8.28,8.43
1660651200000,8.43,8.84,8.4,8.62
1660665600000,8.62,8.66,8.23,8.33
1660680000000,8.33,8.51,8.29,8.43
1660694400000,8.43,8.76,8.41,8.65
1660708800000,8.65,8.9,8.39,8.48
1660723200000,8.48,8.57,8.33,8.38
1660737600000,8.38,8.39,8.07,8.2
1660752000000,8.2,8.31,8.13,8.24
1660766400000,8.24,8.3,7.95,8.19
1660780800000,8.19,8.29,8.07,8.24
1660795200000,8.24,8.25,8.08,8.21
1660809600000,8.21,8.26,8.14,8.22
1660824000000,8.22,8.28,8.15,8.2
1660838400000,8.2,8.21,8.02,8.11
1660852800000,8.11,8.21,6.56,7.46
1660867200000,7.46,7.56,6.97,7.08
1660881600000,7.08,7.12,6.39,6.75
1660896000000,6.75,6.79,6.57,6.72
1660910400000,6.72,6.76,6.61,6.7
1660924800000,6.7,6.92,6.51,6.69
1660939200000,6.69,6.72,6.34,6.46
1660953600000,6.46,6.64,6.46,6.6
1660968000000,6.6,6.71,6.57,6.69
1660982400000,6.69,6.7,6.53,6.55
1660996800000,6.55,6.58,6.36,6.43
1661011200000,6.43,6.46,6.09,6.18
1661025600000,6.18,6.3,6.05,6.25
1661040000000,6.25,6.34,6.24,6.28
1661054400000,6.28,6.39,6.21,6.39
1661068800000,6.39,6.58,6.37,6.46
1661083200000,6.46,6.48,6.31,6.39
1661097600000,6.39,6.45,6.37,6.41
1661112000000,6.41,6.5,6.28,6.41
1661126400000,6.41,6.42,6.32,6.36
1661140800000,6.36,6.42,6.11,6.12
1661155200000,6.12,6.23,6.03,6.2
1661169600000,6.2,6.28,6.08,6.25
1661184000000,6.25,6.29,6.07,6.13
1661198400000,6.13,6.33,6.13,6.33
1661212800000,6.33,6.43,6.3,6.33
1661227200000,6.33,6.35,6.11,6.27
1661241600000,6.27,6.39,6.23,6.37
1661256000000,6.37,6.44,6.3,6.37
1661270400000,6.37,6.4,6.27,6.35
1661284800000,6.35,6.41,6.31,6.38
1661299200000,6.38,6.4,6.18,6.21
1661313600000,6.21,6.31,6.17,6.22
1661328000000,6.22,6.32,6.21,6.32
1661342400000,6.32,6.6,6.26,6.46
1661356800000,6.46,6.5,6.38,6.44
1661371200000,6.44,6.48,6.22,6.27
1661385600000,6.27,6.42,6.25,6.37
1661400000000,6.37,6.49,6.36,6.48
1661414400000,6.48,6.48,6.39,6.46
1661428800000,6.46,6.47,6.25,6.33
1661443200000,6.33,6.36,6.26,6.35
1661457600000,6.35,6.4,6.31,6.36
1661472000000,6.36,6.36,6.25,6.34
1661486400000,6.34,6.34,6.09,6.19
1661500800000,6.19,6.23,6.06,6.13
1661515200000,6.13,6.34,5.91,5.98
1661529600000,5.98,5.99,5.74,5.83
1661544000000,5.83,5.86,5.55,5.66
1661558400000,5.66,5.7,5.59,5.68
1661572800000,5.68,5.79,5.59,5.79
1661587200000,5.79,5.83,5.71,5.79
1661601600000,5.79,5.82,5.62,5.74
1661616000000,5.74,5.83,5.66,5.78
1661630400000,5.78,5.87,5.74,5.82
1661644800000,5.82,5.88,5.77,5.81
1661659200000,5.81,5.84,5.76,5.81
1661673600000,5.81,5.84,5.75,5.8
1661688000000,5.8,5.82,5.68,5.8
1661702400000,5.8,5.85,5.79,5.8
1661716800000,5.8,5.82,5.59,5.63
1661731200000,5.63,5.68,5.52,5.64
1661745600000,5.64,5.7,5.6,5.66
1661760000000,5.66,5.69,5.63,5.67
1661774400000,5.67,5.95,5.67,5.91
1661788800000,5.91,5.94,5.87,5.9
1661803200000,5.9,6.05,5.89,6.02
1661817600000,6.02,6.11,5.92,5.98
1661832000000,5.98,6.07,5.97,5.98
1661846400000,5.98,6.03,5.9,5.95
1661860800000,5.95,5.96,5.68,5.73
1661875200000,5.73,5.77,5.57,5.7
1661889600000,5.7,5.79,5.67,5.71
1661904000000,5.71,5.89,5.71,5.84
1661918400000,5.84,5.88,5.78,5.79
1661932800000,5.79,5.87,5.74,5.82
1661947200000,5.82,5.88,5.69,5.8
1661961600000,5.8,5.82,5.67,5.79
1661976000000,5.79,5.82,5.71,5.74
1661990400000,5.74,5.8,5.68,5.76
1662004800000,5.76,5.78,5.65,5.69
1662019200000,5.69,5.8,5.68,5.79
1662033600000,5.79,5.79,5.59,5.65
1662048000000,5.65,5.71,5.62,5.71
1662062400000,5.71,5.79,5.7,5.77
1662076800000,5.77,5.85,5.71,5.8
1662091200000,5.8,5.84,5.75,5.79
1662105600000,5.79,5.81,5.71,5.76
1662120000000,5.76,5.96,5.73,5.92
1662134400000,5.92,5.98,5.69,5.73
1662148800000,5.73,5.84,5.7,5.81
1662163200000,5.81,5.9,5.79,5.88
1662177600000,5.88,6.58,5.88,6.34
1662192000000,6.34,6.49,6.24,6.39
1662206400000,6.39,6.64,6.39,6.54
1662220800000,6.54,6.56,6.35,6.43
1662235200000,6.43,6.52,6.39,6.51
1662249600000,6.51,6.64,6.25,6.3
1662264000000,6.3,6.37,6.17,6.21
1662278400000,6.21,6.28,6.18,6.27
1662292800000,6.27,6.32,6.13,6.22
1662307200000,6.22,6.26,6.19,6.25
1662321600000,6.25,6.27,6.21,6.27
1662336000000,6.27,6.34,6.18,6.21
1662350400000,6.21,6.24,6.06,6.1
1662364800000,6.1,6.1,5.92,5.96
1662379200000,5.96,6.1,5.92,6.07
1662393600000,6.07,6.09,5.98,6.01
1662408000000,6.01,6.17,6.01,6.13
1662422400000,6.13,6.3,6.02,6.16
1662436800000,6.16,6.23,6.13,6.18
1662451200000,6.18,6.27,6.09,6.27
1662465600000,6.27,6.27,6.03,6.12
1662480000000,6.12,6.13,5.58,5.64
1662494400000,5.64,5.66,5.52,5.6
1662508800000,5.6,5.66,5.51,5.63
1662523200000,5.63,5.72,5.62,5.7
1662537600000,5.7,5.75,5.65,5.69
1662552000000,5.69,5.8,5.63,5.8
1662566400000,5.8,5.84,5.75,5.78
1662580800000,5.78,5.94,5.78,5.86
1662595200000,5.86,5.95,5.84,5.85
1662609600000,5.85,5.91,5.72,5.8
1662624000000,5.8,5.85,5.75,5.81
1662638400000,5.81,5.86,5.69,5.8
1662652800000,5.8,5.86,5.73,5.86
1662667200000,5.86,5.88,5.81,5.86
1662681600000,5.86,6.02,5.85,5.99
1662696000000,5.99,6.19,5.97,6.1
1662710400000,6.1,6.39,6.09,6.25
1662724800000,6.25,6.49,6.23,6.33
1662739200000,6.33,6.41,6.24,6.31
1662753600000,6.31,6.48,6.27,6.38
1662768000000,6.38,6.43,6.31,6.32
1662782400000,6.32,6.56,6.25,6.29
1662796800000,6.29,6.4,6.27,6.31
1662811200000,6.31,6.39,6.2,6.24
1662825600000,6.24,6.32,6.22,6.3
1662840000000,6.3,6.44,6.26,6.35
1662854400000,6.35,6.41,6.33,6.39
1662868800000,6.39,6.41,6.14,6.29
1662883200000,6.29,6.34,6.26,6.32
1662897600000,6.32,6.98,6.3,6.66
1662912000000,6.66,6.68,6.38,6.41
1662926400000,6.41,6.43,6.25,6.41
1662940800000,6.41,6.64,6.32,6.37
1662955200000,6.37,6.55,6.36,6.53
1662969600000,6.53,6.62,6.43,6.55
1662984000000,6.55,6.8,6.48,6.59
1662998400000,6.59,6.6,6.33,6.52
1663012800000,6.52,6.66,6.48,6.55
1663027200000,6.55,6.55,6.33,6.46
1663041600000,6.46,6.49,6.37,6.45
1663056000000,6.45,6.47,6.36,6.44
1663070400000,6.44,6.48,5.99,6.07
1663084800000,6.07,6.1,5.85,5.95
1663099200000,5.95,5.96,5.8,5.86
1663113600000,5.86,5.98,5.82,5.96
1663128000000,5.96,5.98,5.77,5.85
1663142400000,5.85,5.91,5.79,5.86
1663156800000,5.86,5.97,5.81,5.88
1663171200000,5.88,5.91,5.75,5.91
1663185600000,5.91,6.02,5.85,5.95
1663200000000,5.95,5.97,5.74,5.8
1663214400000,5.8,5.95,5.75,5.92
1663228800000,5.92,5.92,5.83,5.86
1663243200000,5.86,5.9,5.65,5.73
1663257600000,5.73,5.8,5.7,5.79
1663272000000,5.79,5.8,5.63,5.73
1663286400000,5.73,5.76,5.65,5.74
1663300800000,5.74,5.77,5.72,5.73
1663315200000,5.73,5.8,5.66,5.8
1663329600000,5.8,5.8,5.65,5.76
1663344000000,5.76,5.77,5.67,5.75
1663358400000,5.75,5.86,5.74,5.83
1663372800000,5.83,5.96,5.81,5.86
1663387200000,5.86,5.9,5.8,5.83
1663401600000,5.83,5.85,5.79,5.82
1663416000000,5.82,5.9,5.79,5.88
1663430400000,5.88,5.93,5.85,5.85
1663444800000,5.85,5.92,5.83,5.91
1663459200000,5.91,5.92,5.82,5.84
1663473600000,5.84,5.87,5.83,5.84
1663488000000,5.84,5.91,5.71,5.77
1663502400000,5.77,5.79,5.7,5.73
1663516800000,5.73,5.77,5.63,5.69
1663531200000,5.69,5.7,5.01,5.26
1663545600000,5.26,5.35,5.13,5.25
1663560000000,5.25,5.32,5.23,5.31
1663574400000,5.31,5.34,5.23,5.32
1663588800000,5.32,5.46,5.31,5.4
1663603200000,5.4,5.51,5.37,5.48
1663617600000,5.48,5.52,5.45,5.47
1663632000000,5.47,5.51,5.38,5.43
1663646400000,5.43,5.49,5.41,5.44
1663660800000,5.44,5.47,5.35,5.4
1663675200000,5.4,5.42,5.3,5.42
1663689600000,5.42,5.44,5.3,5.34
1663704000000,5.34,5.37,5.26,5.31
1663718400000,5.31,5.37,5.29,5.33
1663732800000,5.33,5.36,5.18,5.24
1663747200000,5.24,5.33,5.22,5.32
1663761600000,5.32,5.39,5.27,5.3
1663776000000,5.3,5.62,5.22,5.37
1663790400000,5.37,5.37,5.1,5.24
1663804800000,5.24,5.33,5.23,5.29
1663819200000,5.29,5.47,5.29,5.46
1663833600000,5.46,5.53,5.44,5.49
1663848000000,5.49,5.52,5.36,5.42
1663862400000,5.42,5.54,5.37,5.5
1663876800000,5.5,5.57,5.45,5.52
1663891200000,5.52,5.58,5.47,5.56
1663905600000,5.56,5.66,5.5,5.51
1663920000000,5.51,5.57,5.44,5.47
1663934400000,5.47,5.54,5.32,5.45
1663948800000,5.45,5.65,5.36,5.64
1663963200000,5.64,5.82,5.62,5.71
1663977600000,5.71,5.76,5.66,5.71
1663992000000,5.71,5.79,5.68,5.7
1664006400000,5.7,5.75,5.64,5.72
1664020800000,5.72,5.8,5.69,5.72
1664035200000,5.72,5.74,5.62,5.65
1664049600000,5.65,5.66,5.5,5.57
1664064000000,5.57,5.63,5.57,5.6
1664078400000,5.6,5.64,5.59,5.61
1664092800000,5.61,5.66,5.56,5.65
1664107200000,5.65,5.68,5.53,5.6
1664121600000,5.6,5.91,5.51,5.83
1664136000000,5.83,5.84,5.55,5.72
1664150400000,5.72,5.81,5.65,5.66
1664164800000,5.66,5.7,5.56,5.64
1664179200000,5.64,5.75,5.51,5.58
1664193600000,5.58,5.7,5.55,5.66
1664208000000,5.66,5.69,5.6,5.66
1664222400000,5.66,5.69,5.63,5.69
1664236800000,5.69,6.15,5.67,6.01
1664251200000,6.01,6.14,6.0,6.01
1664265600000,6.01,6.07,5.95,6.01
1664280000000,6.01,6.05,5.93,5.95
1664294400000,5.95,5.97,5.61,5.67
1664308800000,5.67,5.75,5.59,5.73
1664323200000,5.73,5.79,5.55,5.68
1664337600000,5.68,5.73,5.61,5.69
1664352000000,5.69,5.76,5.63,5.71
1664366400000,5.71,5.81,5.69,5.79
1664380800000,5.79,5.96,5.74,5.9
1664395200000,5.9,6.06,5.84,5.86
1664409600000,5.86,5.95,5.81,5.85
1664424000000,5.85,5.88,5.73,5.77
1664438400000,5.77,5.82,5.74,5.79
1664452800000,5.79,5.79,5.66,5.75
1664467200000,5.75,5.77,5.68,5.73
1664481600000,5.73,5.81,5.73,5.78
1664496000000,5.78,5.81,5.7,5.72
1664510400000,5.72,5.77,5.71,5.75
1664524800000,5.75,5.81,5.67,5.69
1664539200000,5.69,5.84,5.61,5.75
1664553600000,5.75,5.79,5.64,5.67
1664568000000,5.67,5.71,5.62,5.68
1664582400000,5.68,5.7,5.64,5.68
1664596800000,5.68,5.69,5.63,5.66
1664611200000,5.66,5.68,5.61,5.64
1664625600000,5.64,5.67,5.61,5.62
1664640000000,5.62,5.63,5.53,5.59
1664654400000,5.59,5.59,5.46,5.51
1664668800000,5.51,5.55,5.47,5.52
1664683200000,5.52,5.57,5.51,5.53
1664697600000,5.53,5.54,5.33,5.43
1664712000000,5.43,5.48,5.41,5.44
1664726400000,5.44,5.5,5.42,5.47
1664740800000,5.47,5.49,5.33,5.38
1664755200000,5.38,5.47,5.28,5.42
1664769600000,5.42,5.44,5.36,5.43
1664784000000,5.43,5.47,5.41,5.47
1664798400000,5.47,5.54,5.44,5.51
1664812800000,5.51,5.55,5.47,5.51
1664827200000,5.51,5.55,5.5,5.51
1664841600000,5.51,5.54,5.49,5.53
1664856000000,5.53,5.59,5.5,5.57
1664870400000,5.57,5.63,5.54,5.57
1664884800000,5.57,5.65,5.48,5.6
1664899200000,5.6,5.61,5.53,5.59
1664913600000,5.59,5.63,5.57,5.6
1664928000000,5.6,5.66,5.55,5.62
1664942400000,5.62,5.62,5.55,5.56
1664956800000,5.56,5.57,5.47,5.49
1664971200000,5.49,5.51,5.43,5.51
1664985600000,5.51,5.62,5.5,5.58
1665000000000,5.58,5.6,5.54,5.58
1665014400000,5.58,5.65,5.58,5.63
1665028800000,5.63,5.65,5.56,5.59
1665043200000,5.59,5.63,5.55,5.59
1665057600000,5.59,5.61,5.51,5.55
1665072000000,5.55,5.59,5.51,5.55
1665086400000,5.55,5.55,5.46,5.48
1665100800000,5.48,5.53,5.48,5.51
1665115200000,5.51,5.53,5.46,5.5
1665129600000,5.5,5.52,5.49,5.5
1665144000000,5.5,5.51,5.39,5.45
1665158400000,5.45,5.46,5.4,5.46
1665172800000,5.46,5.49,5.44,5.48
1665187200000,5.48,5.5,5.46,5.49
1665201600000,5.49,5.49,5.46,5.48
1665216000000,5.48,5.49,5.45,5.49
1665230400000,5.49,5.49,5.43,5.45
1665244800000,5.45,5.46,5.43,5.44
1665259200000,5.44,5.44,5.35,5.4
1665273600000,5.4,5.42,5.38,5.39
1665288000000,5.39,5.42,5.39,5.4
1665302400000,5.4,5.44,5.39,5.42
1665316800000,5.42,5.44,5.42,5.44
1665331200000,5.44,5.48,5.4,5.44
1665345600000,5.44,5.44,5.39,5.42
1665360000000,5.42,5.48,5.41,5.42
1665374400000,5.42,5.45,5.39,5.4
1665388800000,5.4,5.41,5.25,5.35
1665403200000,5.35,5.36,5.29,5.32
1665417600000,5.32,5.32,5.23,5.29
1665432000000,5.29,5.31,5.07,5.15
1665446400000,5.15,5.15,4.97,5.12
1665460800000,5.12,5.16,5.1,5.15
1665475200000,5.15,5.2,5.14,5.19
1665489600000,5.19,5.24,5.12,5.21
1665504000000,5.21,5.23,5.13,5.17
1665518400000,5.17,5.17,5.1,5.14
1665532800000,5.14,5.19,5.12,5.14
1665547200000,5.14,5.21,5.14,5.18
1665561600000,5.18,5.23,5.17,5.18
1665576000000,5.18,5.2,5.13,5.18
1665590400000,5.18,5.19,5.1,5.14
1665604800000,5.14,5.17,5.13,5.14
1665619200000,5.14,5.16,5.02,5.07
1665633600000,5.07,5.09,4.79,4.9
1665648000000,4.9,4.93,4.73,4.85
1665662400000,4.85,5.01,4.73,4.97
1665676800000,4.97,5.15,4.96,5.14
1665691200000,5.14,5.18,5.1,5.14
1665705600000,5.14,5.3,5.13,5.22
1665720000000,5.22,5.33,5.19,5.2
1665734400000,5.2,5.24,5.17,5.17
1665748800000,5.17,5.25,5.07,5.07
1665763200000,5.07,5.11,5.02,5.04
1665777600000,5.04,5.07,5.0,5.07
1665792000000,5.07,5.08,5.03,5.05
1665806400000,5.05,5.06,5.03,5.06
1665820800000,5.06,5.26,4.97,5.21
1665835200000,5.21,5.23,5.13,5.18
1665849600000,5.18,5.29,5.16,5.2
1665864000000,5.2,5.24,5.13,5.2
1665878400000,5.2,5.28,5.19,5.2
1665892800000,5.2,5.23,5.16,5.19
1665907200000,5.19,5.22,5.16,5.19
1665921600000,5.19,5.19,5.11,5.15
1665936000000,5.15,5.18,5.09,5.18
1665950400000,5.18,5.19,5.11,5.15
1665964800000,5.15,5.2,5.09,5.11
1665979200000,5.11,5.2,5.09,5.18
1665993600000,5.18,5.22,5.15,5.18
1666008000000,5.18,5.25,5.17,5.24
1666022400000,5.24,5.27,5.2,5.23
1666036800000,5.23,5.28,5.23,5.25
1666051200000,5.25,5.28,5.18,5.22
1666065600000,5.22,5.25,5.2,5.23
1666080000000,5.23,5.24,5.13,5.18
1666094400000,5.18,5.21,5.07,5.11
1666108800000,5.11,5.15,5.05,5.11
1666123200000,5.11,5.16,5.1,5.13
1666137600000,5.13,5.14,5.07,5.09
1666152000000,5.09,5.1,5.01,5.08
1666166400000,5.08,5.09,5.04,5.06
1666180800000,5.06,5.12,5.04,5.1
1666195200000,5.1,5.11,5.06,5.11
1666209600000,5.11,5.12,4.9,4.98
1666224000000,4.98,5.01,4.94,4.99
1666238400000,4.99,5.06,4.97,5.04
1666252800000,5.04,5.07,5.03,5.04
1666267200000,5.04,5.09,5.02,5.06
1666281600000,5.06,5.06,4.91,4.95
1666296000000,4.95,4.96,4.9,4.94
1666310400000,4.94,4.97,4.84,4.95
1666324800000,4.95,4.97,4.9,4.91
1666339200000,4.91,4.92,4.81,4.86
1666353600000,4.86,4.95,4.79,4.95
1666368000000,4.95,4.98,4.92,4.96
1666382400000,4.96,4.99,4.95,4.95
1666396800000,4.95,4.96,4.9,4.92
1666411200000,4.92,4.95,4.91,4.95
1666425600000,4.95,4.98,4.93,4.97
1666440000000,4.97,5.0,4.95,4.97
1666454400000,4.97,4.98,4.91,4.92
1666468800000,4.92,4.96,4.92,4.96
1666483200000,4.96,5.05,4.94,5.0
1666497600000,5.0,5.01,4.96,4.97
1666512000000,4.97,5.08,4.96,4.99
1666526400000,4.99,5.06,4.96,5.04
1666540800000,5.04,5.12,5.0,5.11
1666555200000,5.11,5.19,5.07,5.11
1666569600000,5.11,5.15,5.02,5.03
1666584000000,5.03,5.04,4.97,5.0
1666598400000,5.0,5.05,4.99,5.05
1666612800000,5.05,5.05,4.91,4.97
1666627200000,4.97,4.99,4.92,4.96
1666641600000,4.96,4.97,4.93,4.94
1666656000000,4.94,4.99,4.92,4.97
1666670400000,4.97,4.98,4.94,4.96
1666684800000,4.96,4.98,4.91,4.95
1666699200000,4.95,5.09,4.92,5.06
1666713600000,5.06,5.32,5.06,5.3
1666728000000,5.3,5.3,5.15,5.17
1666742400000,5.17,5.28,5.17,5.25
1666756800000,5.25,5.31,5.23,5.27
1666771200000,5.27,5.35,5.24,5.26
1666785600000,5.26,5.37,5.22,5.33
1666800000000,5.33,5.35,5.26,5.27
1666814400000,5.27,5.31,5.25,5.26
1666828800000,5.26,5.34,5.25,5.32
1666843200000,5.32,5.5,5.3,5.38
1666857600000,5.38,5.4,5.28,5.31
1666872000000,5.31,5.39,5.23,5.28
1666886400000,5.28,5.37,5.25,5.34
1666900800000,5.34,5.35,5.21,5.23
1666915200000,5.23,5.28,5.19,5.22
1666929600000,5.22,5.23,5.12,5.14
1666944000000,5.14,5.22,5.13,5.19
1666958400000,5.19,5.34,5.15,5.32
1666972800000,5.32,5.47,5.32,5.41
1666987200000,5.41,5.45,5.35,5.36
1667001600000,5.36,5.47,5.36,5.44
1667016000000,5.44,5.45,5.39,5.44
1667030400000,5.44,5.55,5.41,5.41
1667044800000,5.41,5.45,5.33,5.43
1667059200000,5.43,5.9,5.4,5.61
1667073600000,5.61,5.74,5.57,5.72
1667088000000,5.72,5.75,5.59,5.73
1667102400000,5.73,5.74,5.63,5.69
1667116800000,5.69,5.75,5.54,5.61
1667131200000,5.61,5.62,5.39,5.41
1667145600000,5.41,5.46,5.37,5.42
1667160000000,5.42,5.46,5.27,5.39
1667174400000,5.39,5.43,5.3,5.4
1667188800000,5.4,5.42,5.36,5.42
1667203200000,5.42,5.5,5.34,5.49
1667217600000,5.49,5.52,5.3,5.39
1667232000000,5.39,5.43,5.35,5.41
1667246400000,5.41,5.45,5.37,5.42
1667260800000,5.42,5.5,5.41,5.44
1667275200000,5.44,5.49,5.38,5.49
1667289600000,5.49,5.51,5.39,5.41
1667304000000,5.41,5.45,5.32,5.39
1667318400000,5.39,5.42,5.36,5.37
1667332800000,5.37,5.39,5.34,5.37
1667347200000,5.37,5.41,5.3,5.39
1667361600000,5.39,5.41,5.23,5.28
1667376000000,5.28,5.36,5.19,5.24
1667390400000,5.24,5.29,5.21,5.27
1667404800000,5.27,5.44,5.21,5.25
1667419200000,5.25,5.27,5.09,5.22
1667433600000,5.22,5.83,5.21,5.78
1667448000000,5.78,6.24,5.78,5.99
1667462400000,5.99,6.15,5.78,5.83
1667476800000,5.83,5.96,5.7,5.9
1667491200000,5.9,6.08,5.88,5.93
1667505600000,5.93,5.93,5.72,5.78
1667520000000,5.78,5.97,5.75,5.85
1667534400000,5.85,5.99,5.74,5.88
1667548800000,5.88,6.09,5.83,5.91
1667563200000,5.91,6.24,5.82,6.01
1667577600000,6.01,6.3,5.97,6.23
1667592000000,6.23,6.23,6.11,6.15
1667606400000,6.15,6.27,6.09,6.19
1667620800000,6.19,6.22,6.08,6.16
1667635200000,6.16,6.17,6.01,6.13
1667649600000,6.13,6.18,6.01,6.13
1667664000000,6.13,6.56,6.12,6.29
1667678400000,6.29,6.3,6.04,6.16
1667692800000,6.16,6.21,6.05,6.2
1667707200000,6.2,6.21,6.07,6.14
1667721600000,6.14,6.39,6.11,6.34
1667736000000,6.34,6.35,6.21,6.22
1667750400000,6.22,6.22,6.02,6.04
1667764800000,6.04,6.06,5.76,5.83
1667779200000,5.83,5.94,5.81,5.88
1667793600000,5.88,5.89,5.6,5.61
1667808000000,5.61,5.76,5.6,5.71
1667822400000,5.71,5.81,5.66,5.81
1667836800000,5.81,5.88,5.7,5.86
1667851200000,5.86,5.89,5.6,5.74
1667865600000,5.74,5.85,5.4,5.43
1667880000000,5.43,5.48,5.13,5.38
1667894400000,5.38,5.41,5.29,5.33
1667908800000,5.33,5.39,5.23,5.38
1667923200000,5.38,5.65,4.08,4.67
1667937600000,4.67,4.82,4.52,4.77
1667952000000,4.77,4.86,4.57,4.7
1667966400000,4.7,4.75,4.6,4.63
1667980800000,4.63,4.64,4.31,4.54
1667995200000,4.54,4.61,4.35,4.39
1668009600000,4.39,4.48,4.19,4.31
1668024000000,4.31,4.39,3.95,4.13
1668038400000,4.13,4.39,4.08,4.32
1668052800000,4.32,4.5,4.29,4.46
1668067200000,4.46,4.47,4.29,4.35
1668081600000,4.35,4.8,4.34,4.71
1668096000000,4.71,4.78,4.47,4.62
1668110400000,4.62,4.7,4.58,4.64
1668124800000,4.64,4.68,4.41,4.48
1668139200000,4.48,4.59,4.45,4.56
1668153600000,4.56,4.6,4.5,4.52
1668168000000,4.52,4.6,4.19,4.39
1668182400000,4.39,4.43,4.3,4.4
1668196800000,4.4,4.5,4.31,4.47
1668211200000,4.47,4.5,4.38,4.41
1668225600000,4.41,4.41,4.25,4.34
1668240000000,4.34,4.36,4.29,4.32
1668254400000,4.32,4.37,4.27,4.35
1668268800000,4.35,4.43,4.33,4.34
1668283200000,4.34,4.34,4.22,4.27
1668297600000,4.27,4.34,4.23,4.33
1668312000000,4.33,4.35,4.24,4.28
1668326400000,4.28,4.29,4.21,4.28
1668340800000,4.28,4.45,4.24,4.4
1668355200000,4.4,4.41,4.29,4.38
1668369600000,4.38,4.39,4.23,4.29
1668384000000,4.29,4.31,4.07,4.17
1668398400000,4.17,4.33,4.1,4.32
1668412800000,4.32,4.36,4.3,4.3
1668427200000,4.3,4.4,4.27,4.32
1668441600000,4.32,4.34,4.23,4.26
1668456000000,4.26,4.33,4.24,4.33
1668470400000,4.33,4.4,4.28,4.36
1668484800000,4.36,4.41,4.34,4.4
1668499200000,4.4,4.43,4.35,4.39
1668513600000,4.39,4.51,4.36,4.45
1668528000000,4.45,4.49,4.33,4.38
1668542400000,4.38,4.41,4.35,4.39
1668556800000,4.39,4.5,4.36,4.48
1668571200000,4.48,4.55,4.45,4.45
1668585600000,4.45,4.48,4.37,4.42
1668600000000,4.42,4.43,4.26,4.3
1668614400000,4.3,4.35,4.25,4.3
1668628800000,4.3,4.35,4.26,4.33
1668643200000,4.33,4.4,4.3,4.32
1668657600000,4.32,4.34,4.27,4.32
1668672000000,4.32,4.35,4.25,4.3
1668686400000,4.3,4.34,4.22,4.28
1668700800000,4.28,4.35,4.28,4.33
1668715200000,4.33,4.35,4.3,4.32
1668729600000,4.32,4.39,4.31,4.38
1668744000000,4.38,4.42,4.37,4.37
1668758400000,4.37,4.39,4.33,4.34
1668772800000,4.34,4.41,4.32,4.33
1668787200000,4.33,4.35,4.28,4.31
1668801600000,4.31,4.35,4.31,4.35
1668816000000,4.35,4.36,4.29,4.32
1668830400000,4.32,4.33,4.25,4.29
1668844800000,4.29,4.32,4.28,4.31
1668859200000,4.31,4.4,4.29,4.37
1668873600000,4.37,4.41,4.35,4.4
1668888000000,4.4,4.44,4.37,4.38
1668902400000,4.38,4.46,4.34,4.41
1668916800000,4.41,4.43,4.4,4.42
1668931200000,4.42,4.43,4.3,4.31
1668945600000,4.31,4.35,4.28,4.32
1668960000000,4.32,4.37,4.3,4.33
1668974400000,4.33,4.33,4.08,4.17
1668988800000,4.17,4.2,4.06,4.13
1669003200000,4.13,4.17,4.12,4.15
1669017600000,4.15,4.2,4.12,4.18
1669032000000,4.18,4.23,4.15,4.18
1669046400000,4.18,4.18,4.03,4.1
1669060800000,4.1,4.19,4.09,4.17
1669075200000,4.17,4.21,4.16,4.21
1669089600000,4.21,4.21,4.09,4.13
1669104000000,4.13,4.16,4.09,4.13
1669118400000,4.13,4.3,4.11,4.3
1669132800000,4.3,4.32,4.27,4.3
1669147200000,4.3,4.36,4.3,4.32
1669161600000,4.32,4.45,4.3,4.41
1669176000000,4.41,4.44,4.38,4.41
1669190400000,4.41,4.49,4.4,4.43
1669204800000,4.43,4.43,4.34,4.39
1669219200000,4.39,4.46,4.35,4.42
1669233600000,4.42,4.46,4.41,4.44
1669248000000,4.44,4.46,4.39,4.44
1669262400000,4.44,4.46,4.4,4.41
1669276800000,4.41,4.44,4.36,4.39
1669291200000,4.39,4.42,4.37,4.4
1669305600000,4.4,4.42,4.35,4.37
1669320000000,4.37,4.4,4.35,4.4
1669334400000,4.4,4.4,4.25,4.28
1669348800000,4.28,4.3,4.24,4.3
1669363200000,4.3,4.36,4.26,4.33
1669377600000,4.33,4.35,4.27,4.3
1669392000000,4.3,4.3,4.26,4.28
1669406400000,4.28,4.3,4.27,4.29
1669420800000,4.29,4.37,4.29,4.34
1669435200000,4.34,4.36,4.31,4.32
1669449600000,4.32,4.36,4.31,4.35
1669464000000,4.35,4.41,4.3,4.33
1669478400000,4.33,4.33,4.27,4.3
1669492800000,4.3,4.33,4.27,4.31
1669507200000,4.31,4.51,4.3,4.48
1669521600000,4.48,4.5,4.42,4.45
1669536000000,4.45,4.48,4.41,4.44
1669550400000,4.44,4.47,4.4,4.44
1669564800000,4.44,4.5,4.41,4.44
1669579200000,4.44,4.46,4.3,4.34
1669593600000,4.34,4.39,4.13,4.21
1669608000000,4.21,4.23,4.17,4.22
1669622400000,4.22,4.24,4.19,4.22
1669636800000,4.22,4.25,4.18,4.19
1669651200000,4.19,4.31,4.17,4.27
1669665600000,4.27,4.29,4.25,4.26
1669680000000,4.26,4.37,4.22,4.32
1669694400000,4.32,4.41,4.32,4.36
1669708800000,4.36,4.4,4.35,4.37
1669723200000,4.37,4.38,4.31,4.35
1669737600000,4.35,4.37,4.3,4.34
1669752000000,4.34,4.39,4.34,4.35
1669766400000,4.35,4.51,4.35,4.38
1669780800000,4.38,4.43,4.38,4.42
1669795200000,4.42,4.44,4.37,4.4
1669809600000,4.4,4.42,4.36,4.39
1669824000000,4.39,4.39,4.23,4.34
1669838400000,4.34,4.45,4.34,4.42
1669852800000,4.42,4.44,4.35,4.39
1669867200000,4.39,4.4,4.36,4.38
1669881600000,4.38,4.44,4.37,4.41
1669896000000,4.41,4.49,4.35,4.4
1669910400000,4.4,4.42,4.37,4.38
1669924800000,4.38,4.39,4.35,4.39
1669939200000,4.39,4.45,4.35,4.38
1669953600000,4.38,4.45,4.37,4.43
1669968000000,4.43,4.66,4.42,4.61
1669982400000,4.61,4.71,4.46,4.58
1669996800000,4.58,4.63,4.52,4.62
1670011200000,4.62,4.67,4.59,4.65
1670025600000,4.65,4.7,4.54,4.55
1670040000000,4.55,4.58,4.51,4.53
1670054400000,4.53,4.59,4.51,4.56
1670068800000,4.56,4.57,4.52,4.54
1670083200000,4.54,4.55,4.48,4.51
1670097600000,4.51,4.51,4.36,4.42
1670112000000,4.42,4.48,4.42,4.48
1670126400000,4.48,4.51,4.46,4.49
1670140800000,4.49,4.5,4.46,4.47
1670155200000,4.47,4.52,4.47,4.52
1670169600000,4.52,4.59,4.51,4.55
1670184000000,4.55,4.61,4.55,4.58
1670198400000,4.58,4.62,4.56,4.58
1670212800000,4.58,4.62,4.56,4.59
1670227200000,4.59,4.62,4.58,4.59
1670241600000,4.59,4.6,4.52,4.56
1670256000000,4.56,4.56,4.46,4.48
1670270400000,4.48,4.52,4.48,4.52
1670284800000,4.52,4.55,4.51,4.54
1670299200000,4.54,4.55,4.5,4.55
1670313600000,4.55,4.63,4.51,4.52
1670328000000,4.52,4.62,4.51,4.59
1670342400000,4.59,4.61,4.53,4.56
1670356800000,4.56,4.6,4.55,4.6
1670371200000,4.6,4.6,4.56,4.57
1670385600000,4.57,4.6,4.15,4.34
1670400000000,4.34,4.41,4.32,4.36
1670414400000,4.36,4.4,4.34,4.36
1670428800000,4.36,4.37,4.33,4.34
1670443200000,4.34,4.34,4.3,4.34
1670457600000,4.34,4.39,4.34,4.38
1670472000000,4.38,4.38,4.34,4.37
1670486400000,4.37,4.38,4.3,4.37
1670500800000,4.37,4.39,4.35,4.37
1670515200000,4.37,4.44,4.34,4.43
1670529600000,4.43,4.43,4.38,4.4
1670544000000,4.4,4.47,4.38,4.43
1670558400000,4.43,4.46,4.42,4.45
1670572800000,4.45,4.46,4.42,4.45
1670587200000,4.45,4.47,4.37,4.45
1670601600000,4.45,4.45,4.41,4.42
1670616000000,4.42,4.45,4.41,4.43
1670630400000,4.43,4.45,4.4,4.41
1670644800000,4.41,4.42,4.39,4.4
1670659200000,4.4,4.41,4.37,4.4
1670673600000,4.4,4.42,4.39,4.42
1670688000000,4.42,4.42,4.39,4.41
1670702400000,4.41,4.41,4.36,4.37
1670716800000,4.37,4.41,4.37,4.4
1670731200000,4.4,4.42,4.4,4.41
1670745600000,4.41,4.42,4.39,4.4
1670760000000,4.4,4.4,4.38,4.39
1670774400000,4.39,4.41,4.37,4.39
1670788800000,4.39,4.39,4.23,4.28
1670803200000,4.28,4.28,4.16,4.22
1670817600000,4.22,4.25,4.2,4.22
1670832000000,4.22,4.25,4.21,4.25
1670846400000,4.25,4.26,4.21,4.22
1670860800000,4.22,4.23,4.2,4.22
1670875200000,4.22,4.27,4.21,4.25
1670889600000,4.25,4.28,4.23,4.23
1670904000000,4.23,4.25,4.11,4.18
1670918400000,4.18,4.27,4.16,4.26
1670932800000,4.26,4.37,4.24,4.33
1670947200000,4.33,4.35,4.26,4.31
1670961600000,4.31,4.33,4.3,4.32
1670976000000,4.32,4.36,4.32,4.35
1670990400000,4.35,4.37,4.33,4.36
1671004800000,4.36,4.37,4.32,4.33
1671019200000,4.33,4.36,4.32,4.35
1671033600000,4.35,4.35,4.18,4.24
1671048000000,4.24,4.27,4.2,4.23
1671062400000,4.23,4.25,4.13,4.2
1671076800000,4.2,4.2,4.17,4.18
1671091200000,4.18,4.19,4.17,4.19
1671105600000,4.19,4.19,4.15,4.17
1671120000000,4.17,4.17,4.08,4.13
1671134400000,4.13,4.15,4.11,4.15
1671148800000,4.15,4.18,4.13,4.16
1671163200000,4.16,4.18,4.15,4.16
1671177600000,4.16,4.17,3.74,3.9
1671192000000,3.9,3.9,3.81,3.84
1671206400000,3.84,3.85,3.78,3.82
1671220800000,3.82,3.85,2.34,3.01
1671235200000,3.01,3.15,2.85,3.04
1671249600000,3.04,3.11,2.99,3.08
1671264000000,3.08,3.11,3.0,3.03
1671278400000,3.03,3.06,2.96,3.02
1671292800000,3.02,3.08,2.98,3.04
1671307200000,3.04,3.39,3.02,3.19
1671321600000,3.19,3.2,3.1,3.14
1671336000000,3.14,3.17,3.11,3.12
1671350400000,3.12,3.15,3.07,3.11
1671364800000,3.11,3.15,3.03,3.03
1671379200000,3.03,3.13,3.02,3.07
1671393600000,3.07,3.12,3.04,3.05
1671408000000,3.05,3.11,2.95,2.99
1671422400000,2.99,3.03,2.98,3.01
1671436800000,3.01,3.06,3.01,3.02
1671451200000,3.02,3.05,2.99,3.0
1671465600000,3.0,3.02,2.72,2.82
1671480000000,2.82,2.85,2.66,2.81
1671494400000,2.81,2.97,2.8,2.94
1671508800000,2.94,3.01,2.93,2.97
1671523200000,2.97,3.01,2.95,2.98
1671537600000,2.98,3.11,2.95,3.08
1671552000000,3.08,3.09,2.97,2.97
1671566400000,2.97,2.99,2.91,2.97
1671580800000,2.97,3.0,2.89,2.93
1671595200000,2.93,2.95,2.89,2.93
1671609600000,2.93,2.95,2.9,2.94
1671624000000,2.94,2.94,2.87,2.92
1671638400000,2.92,2.96,2.88,2.92
1671652800000,2.92,2.98,2.91,2.97
1671667200000,2.97,2.99,2.94,2.95
1671681600000,2.95,2.96,2.9,2.94
1671696000000,2.94,2.98,2.93,2.97
1671710400000,2.97,2.99,2.88,2.9
1671724800000,2.9,2.94,2.89,2.92
1671739200000,2.92,3.02,2.92,2.99
1671753600000,2.99,3.04,2.98,3.01
1671768000000,3.01,3.02,2.98,2.99
1671782400000,2.99,3.0,2.96,2.97
1671796800000,2.97,3.0,2.94,2.98
1671811200000,2.98,2.99,2.97,2.99
1671825600000,2.99,2.99,2.96,2.96
1671840000000,2.96,2.99,2.96,2.99
1671854400000,2.99,2.99,2.95,2.97
1671868800000,2.97,2.97,2.94,2.96
1671883200000,2.96,2.97,2.94,2.96
1671897600000,2.96,2.96,2.94,2.95
1671912000000,2.95,2.95,2.91,2.93
1671926400000,2.93,2.95,2.92,2.94
1671940800000,2.94,2.96,2.92,2.93
1671955200000,2.93,2.95,2.92,2.93
1671969600000,2.93,2.95,2.89,2.92
1671984000000,2.92,2.95,2.9,2.94
1671998400000,2.94,2.97,2.93,2.96
1672012800000,2.96,2.99,2.95,2.97
1672027200000,2.97,2.98,2.94,2.96
1672041600000,2.96,2.97,2.94,2.97
1672056000000,2.97,2.98,2.96,2.97
1672070400000,2.97,3.01,2.96,2.98
1672084800000,2.98,3.01,2.98,3.01
1672099200000,3.01,3.02,2.96,2.97
1672113600000,2.97,2.97,2.95,2.96
1672128000000,2.96,3.29,2.95,3.17
1672142400000,3.17,3.2,3.12,3.16
1672156800000,3.16,3.19,3.02,3.06
1672171200000,3.06,3.08,3.02,3.08
1672185600000,3.08,3.1,2.96,3.01
1672200000000,3.01,3.02,2.9,2.97
1672214400000,2.97,2.99,2.95,2.98
1672228800000,2.98,3.03,2.95,2.96
1672243200000,2.96,3.03,2.96,3.0
1672257600000,3.0,3.03,2.95,2.99
1672272000000,2.99,3.05,2.97,3.03
1672286400000,3.03,3.03,2.98,3.01
1672300800000,3.01,3.02,2.98,3.0
1672315200000,3.0,3.04,2.98,3.02
1672329600000,3.02,3.03,2.99,3.0
1672344000000,3.0,3.01,2.92,2.98
1672358400000,2.98,2.99,2.95,2.97
1672372800000,2.97,2.98,2.91,2.95
1672387200000,2.95,2.96,2.93,2.95
1672401600000,2.95,2.99,2.93,2.98
1672416000000,2.98,2.99,2.96,2.98
1672430400000,2.98,2.98,2.96,2.98
1672444800000,2.98,2.99,2.96,2.96
1672459200000,2.96,2.98,2.96,2.98
1672473600000,2.98,3.0,2.97,2.98
1672488000000,2.98,3.12,2.98,3.06
1672502400000,3.06,3.08,3.02,3.03
1672516800000,3.03,3.05,2.98,3.01
1672531200000,3.01,3.04,2.99,3.02
1672545600000,3.02,3.11,3.01,3.07
1672560000000,3.07,3.08,3.05,3.08
1672574400000,3.08,3.11,3.06,3.1
1672588800000,3.1,3.15,3.08,3.13
1672603200000,3.13,3.15,3.1,3.11
1672617600000,3.11,3.11,3.03,3.08
1672632000000,3.08,3.15,3.06,3.13
1672646400000,3.13,3.2,3.13,3.16
1672660800000,3.16,3.22,3.14,3.17
1672675200000,3.17,3.17,3.13,3.16
1672689600000,3.16,3.18,3.14,3.15
1672704000000,3.15,3.19,3.1,3.16
1672718400000,3.16,3.2,3.13,3.16
1672732800000,3.16,3.19,3.12,3.18
1672747200000,3.18,3.18,3.11,3.13
1672761600000,3.13,3.15,3.02,3.04
1672776000000,3.04,3.1,3.03,3.08
1672790400000,3.08,3.23,3.08,3.22
1672804800000,3.22,3.43,3.21,3.3
1672819200000,3.3,3.31,3.25,3.25
1672833600000,3.25,3.3,3.23,3.29
1672848000000,3.29,3.5,3.26,3.35
1672862400000,3.35,3.37,3.28,3.36
1672876800000,3.36,3.36,3.29,3.31
1672891200000,3.31,3.34,3.27,3.3
1672905600000,3.3,3.31,3.23,3.28
1672920000000,3.28,3.29,3.22,3.27
1672934400000,3.27,3.33,3.25,3.32
1672948800000,3.32,3.33,3.26,3.28
1672963200000,3.28,3.34,3.27,3.31
1672977600000,3.31,3.32,3.25,3.27
1672992000000,3.27,3.29,3.23,3.24
1673006400000,3.24,3.29,3.21,3.29
1673020800000,3.29,3.36,3.27,3.34
1673035200000,3.34,3.36,3.31,3.34
1673049600000,3.34,3.37,3.32,3.34
1673064000000,3.34,3.4,3.33,3.37
1673078400000,3.37,3.37,3.32,3.33
1673092800000,3.33,3.35,3.31,3.33
1673107200000,3.33,3.39,3.29,3.32
1673121600000,3.32,3.34,3.27,3.3
1673136000000,3.3,3.39,3.27,3.36
1673150400000,3.36,3.46,3.35,3.39
1673164800000,3.39,3.41,3.34,3.35
1673179200000,3.35,3.4,3.34,3.38
1673193600000,3.38,3.39,3.34,3.37
1673208000000,3.37,3.46,3.37,3.45
1673222400000,3.45,3.61,3.43,3.54
1673236800000,3.54,3.61,3.53,3.57
1673251200000,3.57,3.9,3.55,3.78
1673265600000,3.78,3.94,3.74,3.85
1673280000000,3.85,3.91,3.78,3.86
1673294400000,3.86,3.95,3.75,3.78
1673308800000,3.78,3.87,3.65,3.72
1673323200000,3.72,3.77,3.69,3.71
1673337600000,3.71,3.77,3.7,3.73
1673352000000,3.73,3.77,3.68,3.77
1673366400000,3.77,3.8,3.72,3.79
1673380800000,3.79,3.8,3.73,3.76
1673395200000,3.76,3.79,3.66,3.7
1673409600000,3.7,3.72,3.68,3.71
1673424000000,3.71,3.71,3.65,3.69
1673438400000,3.69,3.69,3.55,3.56
1673452800000,3.56,3.63,3.54,3.62
1673467200000,3.62,3.74,3.59,3.73
1673481600000,3.73,3.81,3.69,3.8
1673496000000,3.8,3.81,3.75,3.77
1673510400000,3.77,3.77,3.7,3.74
1673524800000,3.74,3.8,3.57,3.7
1673539200000,3.7,3.88,3.7,3.84
1673553600000,3.84,3.87,3.82,3.85
1673568000000,3.85,3.95,3.82,3.88
1673582400000,3.88,3.89,3.81,3.83
1673596800000,3.83,3.87,3.78,3.81
1673611200000,3.81,3.85,3.74,3.84
1673625600000,3.84,3.85,3.77,3.81
1673640000000,3.81,4.12,3.79,4.03
1673654400000,4.03,4.5,4.0,4.35
1673668800000,4.35,4.52,4.3,4.42
1673683200000,4.42,4.52,3.96,4.22
1673697600000,4.22,4.33,4.13,4.3
1673712000000,4.3,4.32,4.2,4.22
1673726400000,4.22,4.89,4.2,4.82
1673740800000,4.82,4.82,4.54,4.66
1673755200000,4.66,4.71,4.5,4.6
1673769600000,4.6,4.74,4.45,4.67
1673784000000,4.67,5.0,4.64,4.89
1673798400000,4.89,4.95,4.61,4.69
1673812800000,4.69,4.78,4.67,4.7
1673827200000,4.7,4.87,4.62,4.73
1673841600000,4.73,4.81,4.71,4.75
1673856000000,4.75,4.76,4.47,4.58
1673870400000,4.58,4.63,4.42,4.58
1673884800000,4.58,4.66,4.53,4.63
1673899200000,4.63,4.65,4.55,4.58
1673913600000,4.58,4.62,4.42,4.53
1673928000000,4.53,4.77,4.53,4.74
1673942400000,4.74,4.89,4.68,4.76
1673956800000,4.76,4.81,4.64,4.72
1673971200000,4.72,4.75,4.64,4.74
1673985600000,4.74,4.77,4.61,4.63
1674000000000,4.63,4.73,4.63,4.67
1674014400000,4.67,4.7,4.6,4.66
1674028800000,4.66,4.66,4.55,4.6
1674043200000,4.6,4.75,4.39,4.5
1674057600000,4.5,4.5,4.26,4.39
1674072000000,4.39,4.41,4.21,4.25
1674086400000,4.25,4.39,4.24,4.36
1674100800000,4.36,4.44,4.35,4.37
1674115200000,4.37,4.41,4.3,4.33
1674129600000,4.33,4.37,4.25,4.33
1674144000000,4.33,4.43,4.31,4.42
1674158400000,4.42,4.44,4.37,4.41
1674172800000,4.41,4.43,4.34,4.39
1674187200000,4.39,4.42,4.34,4.37
1674201600000,4.37,4.39,4.34,4.37
1674216000000,4.37,4.44,4.35,4.42
1674230400000,4.42,4.59,4.42,4.58
1674244800000,4.58,4.79,4.58,4.75
1674259200000,4.75,5.03,4.69,4.91
1674273600000,4.91,5.07,4.9,5.02
1674288000000,5.02,5.1,4.82,4.88
1674302400000,4.88,4.96,4.81,4.84
1674316800000,4.84,5.17,4.84,4.98
1674331200000,4.98,5.21,4.92,4.95
1674345600000,4.95,5.05,4.9,4.97
1674360000000,4.97,5.09,4.96,5.04
1674374400000,5.04,5.38,5.0,5.24
1674388800000,5.24,5.54,5.17,5.47
1674403200000,5.47,5.8,5.33,5.62
1674417600000,5.62,5.62,5.3,5.43
1674432000000,5.43,5.79,5.4,5.55
1674446400000,5.55,5.59,5.41,5.45
1674460800000,5.45,5.57,5.38,5.53
1674475200000,5.53,5.53,5.14,5.31
1674489600000,5.31,5.53,5.25,5.49
1674504000000,5.49,5.49,5.37,5.42
1674518400000,5.42,5.51,5.33,5.5
1674532800000,5.5,5.57,5.45,5.47
1674547200000,5.47,5.5,5.31,5.35
1674561600000,5.35,5.4,5.23,5.3
1674576000000,5.3,5.33,5.15,5.27
1674590400000,5.27,5.31,4.82,4.99
1674604800000,4.99,5.03,4.8,4.99
1674619200000,4.99,5.15,4.96,5.13
1674633600000,5.13,5.17,4.99,5.05
1674648000000,5.05,5.45,5.04,5.32
1674662400000,5.32,5.64,5.28,5.59
1674676800000,5.59,5.7,5.39,5.45
1674691200000,5.45,5.67,5.42,5.49
1674705600000,5.49,5.55,5.35,5.39
1674720000000,5.39,5.43,5.29,5.32
1674734400000,5.32,5.47,5.23,5.27
1674748800000,5.27,5.41,5.17,5.37
1674763200000,5.37,5.55,5.36,5.44
1674777600000,5.44,5.49,5.22,5.32
1674792000000,5.32,5.4,5.32,5.4
1674806400000,5.4,5.42,5.3,5.33
1674820800000,5.33,5.36,5.18,5.29
1674835200000,5.29,5.44,5.29,5.39
1674849600000,5.39,5.43,5.32,5.39
1674864000000,5.39,5.56,5.37,5.45
1674878400000,5.45,5.62,5.39,5.42
1674892800000,5.42,5.42,5.32,5.36
1674907200000,5.36,5.36,5.21,5.29
1674921600000,5.29,5.31,5.25,5.3
1674936000000,5.3,5.3,5.14,5.27
1674950400000,5.27,5.5,5.26,5.38
1674964800000,5.38,5.4,5.29,5.34
1674979200000,5.34,5.43,5.32,5.38
1674993600000,5.38,5.43,5.33,5.4
1675008000000,5.4,5.53,5.35,5.5
1675022400000,5.5,5.58,5.43,5.49
1675036800000,5.49,5.54,5.37,5.43
1675051200000,5.43,5.45,5.34,5.36
1675065600000,5.36,5.38,5.05,5.14
1675080000000,5.14,5.23,5.1,5.17
1675094400000,5.17,5.24,4.83,5.0
1675108800000,5.0,5.17,4.94,5.1
1675123200000,5.1,5.16,5.05,5.08
1675137600000,5.08,5.13,5.03,5.12
1675152000000,5.12,5.13,5.01,5.05
1675166400000,5.05,5.23,5.03,5.22
1675180800000,5.22,5.44,5.21,5.33
1675195200000,5.33,5.34,5.16,5.23
1675209600000,5.23,5.33,5.18,5.26
1675224000000,5.26,5.27,5.1,5.15
1675238400000,5.15,5.15,5.05,5.13
1675252800000,5.13,5.39,5.12,5.22
1675267200000,5.22,5.5,5.09,5.46
1675281600000,5.46,5.8,5.44,5.7
1675296000000,5.7,5.85,5.68,5.7
1675310400000,5.7,5.88,5.61,5.65
1675324800000,5.65,5.79,5.63,5.77
1675339200000,5.77,5.82,5.57,5.68
1675353600000,5.68,5.8,5.61,5.64
1675368000000,5.64,5.66,5.45,5.48
1675382400000,5.48,5.56,5.42,5.51
1675396800000,5.51,5.58,5.46,5.49
1675411200000,5.49,5.579,5.45,5.578
1675425600000,5.578,5.722,5.483,5.688
1675440000000,5.688,5.79,5.592,5.605
1675454400000,5.605,5.701,5.567,5.681
1675468800000,5.681,5.721,5.582,5.592
1675483200000,5.592,5.607,5.539,5.595
1675497600000,5.595,5.625,5.568,5.607
1675512000000,5.607,5.734,5.592,5.66
1675526400000,5.66,5.666,5.552,5.566
1675540800000,5.566,5.625,5.443,5.529
1675555200000,5.529,5.547,5.424,5.474
1675569600000,5.474,5.548,5.472,5.52
1675584000000,5.52,5.555,5.475,5.485
1675598400000,5.485,5.499,5.159,5.28
1675612800000,5.28,5.304,5.172,5.238
1675627200000,5.238,5.31,5.156,5.302
1675641600000,5.302,5.403,5.257,5.27
1675656000000,5.27,5.302,5.184,5.296
1675670400000,5.296,5.314,5.192,5.246
1675684800000,5.246,5.343,5.203,5.342
1675699200000,5.342,5.41,5.258,5.27
1675713600000,5.27,5.278,5.072,5.126
1675728000000,5.126,5.224,5.119,5.207
1675742400000,5.207,5.327,5.207,5.273
1675756800000,5.273,5.381,5.237,5.354
1675771200000,5.354,5.467,5.342,5.403
1675785600000,5.403,5.514,5.319,5.47
1675800000000,5.47,5.569,5.45,5.542
1675814400000,5.542,5.705,5.542,5.572
1675828800000,5.572,5.63,5.502,5.607
1675843200000,5.607,5.607,5.466,5.577
1675857600000,5.577,5.711,5.479,5.51
1675872000000,5.51,5.522,5.293,5.373
1675886400000,5.373,5.473,5.259,5.444
1675900800000,5.444,5.517,5.075,5.161
1675915200000,5.161,5.279,5.117,5.251
1675929600000,5.251,5.307,5.21,5.235
1675944000000,5.235,5.291,5.184,5.194
1675958400000,5.194,5.214,4.861,4.94
1675972800000,4.94,4.94,4.599,4.782
1675987200000,4.782,4.844,4.761,4.794
1676001600000,4.794,4.863,4.714,4.863
1676016000000,4.863,4.942,4.796,4.803
1676030400000,4.803,5.003,4.801,4.88
1676044800000,4.88,4.963,4.827,4.938
1676059200000,4.938,4.946,4.776,4.844
1676073600000,4.844,5.113,4.837,5.034
1676088000000,5.034,5.115,4.966,4.993
1676102400000,4.993,5.022,4.954,4.991
1676116800000,4.991,5.1,4.977,5.074
1676131200000,5.074,5.075,4.995,5.018
1676145600000,5.018,5.116,5.004,5.098
1676160000000,5.098,5.099,5.024,5.025
1676174400000,5.025,5.059,4.994,5.032
1676188800000,5.032,5.081,5.018,5.069
1676203200000,5.069,5.071,4.997,5.063
1676217600000,5.063,5.155,5.049,5.07
1676232000000,5.07,5.08,4.846,4.917
1676246400000,4.917,4.944,4.795,4.891
1676260800000,4.891,4.961,4.889,4.94
1676275200000,4.94,4.942,4.694,4.789
1676289600000,4.789,4.831,4.765,4.787
1676304000000,4.787,4.821,4.674,4.8
1676318400000,4.8,4.869,4.772,4.864
1676332800000,4.864,4.874,4.793,4.797
1676347200000,4.797,4.821,4.778,4.812
1676361600000,4.812,4.845,4.751,4.798
1676376000000,4.798,5.097,4.744,5.03
1676390400000,5.03,5.102,4.98,5.066
1676404800000,5.066,5.097,5.05,5.085
1676419200000,5.085,5.104,5.005,5.044
1676433600000,5.044,5.082,5.034,5.072
1676448000000,5.072,5.173,5.05,5.155
1676462400000,5.155,5.279,5.154,5.251
1676476800000,5.251,5.442,5.21,5.409
1676491200000,5.409,5.497,5.38,5.48
1676505600000,5.48,5.544,5.423,5.516
1676520000000,5.516,5.54,5.395,5.429
1676534400000,5.429,5.498,5.411,5.471
1676548800000,5.471,5.552,5.381,5.546
1676563200000,5.546,5.994,5.431,5.937
1676577600000,5.937,5.996,5.352,5.401
1676592000000,5.401,6.512,5.398,6.482
1676606400000,6.482,6.621,6.322,6.448
1676620800000,6.448,6.849,6.379,6.824
1676635200000,6.824,7.502,6.734,7.37
1676649600000,7.37,7.946,7.228,7.478
1676664000000,7.478,7.758,7.272,7.62
1676678400000,7.62,7.79,7.24,7.709
1676692800000,7.709,7.996,7.381,7.491
1676707200000,7.491,7.642,7.32,7.564
1676721600000,7.564,7.629,7.403,7.458
1676736000000,7.458,7.72,7.36,7.59
1676750400000,7.59,7.688,7.459,7.522
1676764800000,7.522,8.08,7.522,7.72
1676779200000,7.72,8.954,7.698,8.716
1676793600000,8.716,9.567,8.617,9.179
1676808000000,9.179,9.449,9.141,9.222
1676822400000,9.222,9.4,8.198,8.333
1676836800000,8.333,8.892,8.294,8.466
1676851200000,8.466,8.73,8.063,8.602
1676865600000,8.602,8.719,8.305,8.471
1676880000000,8.471,8.674,8.279,8.562
1676894400000,8.562,8.653,8.275,8.389
1676908800000,8.389,8.449,8.033,8.203
1676923200000,8.203,8.678,8.167,8.538
1676937600000,8.538,8.698,8.361,8.381
1676952000000,8.381,8.514,8.258,8.421
1676966400000,8.421,8.426,7.716,7.767
1676980800000,7.767,7.967,7.695,7.92
1676995200000,7.92,8.423,7.913,8.306
1677009600000,8.306,8.325,7.955,8.189
1677024000000,8.189,8.767,7.983,8.705
1677038400000,8.705,9.18,8.561,8.763
1677052800000,8.763,8.837,8.365,8.398
1677067200000,8.398,8.433,7.528,7.631
1677081600000,7.631,7.996,7.627,7.827
1677096000000,7.827,8.174,7.683,8.036
1677110400000,8.036,8.277,7.928,8.095
1677124800000,8.095,8.268,7.998,8.09
1677139200000,8.09,8.132,7.706,7.778
1677153600000,7.778,8.118,7.718,7.94
1677168000000,7.94,7.94,7.62,7.785
1677182400000,7.785,7.998,7.717,7.85
1677196800000,7.85,8.051,7.768,7.952
1677211200000,7.952,8.013,7.741,7.853
1677225600000,7.853,7.866,7.615,7.719
1677240000000,7.719,7.948,7.549,7.737
1677254400000,7.737,7.784,6.768,6.96
1677268800000,6.96,7.077,6.595,6.853
1677283200000,6.853,6.956,6.786,6.815
1677297600000,6.815,6.896,6.757,6.878
1677312000000,6.878,6.991,6.729,6.807
1677326400000,6.807,6.875,6.667,6.818
1677340800000,6.818,6.995,6.438,6.515
1677355200000,6.515,6.78,6.341,6.706
1677369600000,6.706,6.885,6.639,6.826
1677384000000,6.826,6.886,6.731,6.751
1677398400000,6.751,6.796,6.697,6.753
1677412800000,6.753,6.825,6.655,6.737
1677427200000,6.737,6.991,6.674,6.966
1677441600000,6.966,6.98,6.732,6.901
1677456000000,6.901,6.938,6.793,6.816
1677470400000,6.816,6.82,6.708,6.738
1677484800000,6.738,6.835,6.682,6.818
1677499200000,6.818,7.267,6.784,7.005
1677513600000,7.005,7.083,6.655,6.717
1677528000000,6.717,6.893,6.665,6.854
1677542400000,6.854,6.878,6.773,6.847
1677556800000,6.847,6.848,6.69,6.695
1677571200000,6.695,6.733,6.513,6.614
1677585600000,6.614,6.706,6.538,6.692
1677600000000,6.692,6.709,6.412,6.457
1677614400000,6.457,6.498,6.302,6.481
1677628800000,6.481,6.703,6.41,6.7
1677643200000,6.7,7.0,6.648,6.848
1677657600000,6.848,7.116,6.822,6.949
1677672000000,6.949,7.097,6.854,7.026
1677686400000,7.026,7.258,6.899,7.005
1677700800000,7.005,7.294,6.96,7.256
1677715200000,7.256,7.367,6.904,6.954
1677729600000,6.954,7.016,6.828,6.917
1677744000000,6.917,6.964,6.802,6.876
1677758400000,6.876,6.897,6.691,6.759
1677772800000,6.759,6.921,6.646,6.891
1677787200000,6.891,6.94,6.81,6.906
1677801600000,6.906,6.975,5.868,6.164
1677816000000,6.164,6.321,6.159,6.259
1677830400000,6.259,6.316,6.222,6.262
1677844800000,6.262,6.335,6.162,6.243
1677859200000,6.243,6.257,6.106,6.218
1677873600000,6.218,6.256,6.102,6.25
1677888000000,6.25,6.321,6.213,6.232
1677902400000,6.232,6.246,6.087,6.185
1677916800000,6.185,6.185,6.106,6.15
1677931200000,6.15,6.176,6.035,6.052
1677945600000,6.052,6.109,5.886,5.922
1677960000000,5.922,5.945,5.68,5.913
1677974400000,5.913,6.161,5.868,6.108
1677988800000,6.108,6.203,6.071,6.113
1678003200000,6.113,6.227,6.044,6.143
1678017600000,6.143,6.264,6.139,6.228
1678032000000,6.228,6.276,6.141,6.19
1678046400000,6.19,6.243,6.085,6.136
1678060800000,6.136,6.195,6.003,6.092
1678075200000,6.092,6.166,6.037,6.123
1678089600000,6.123,6.143,6.061,6.068
1678104000000,6.068,6.241,6.034,6.23
1678118400000,6.23,6.24,6.113,6.123
1678132800000,6.123,6.138,6.068,6.094
1678147200000,6.094,6.194,6.043,6.139
1678161600000,6.139,6.143,6.066,6.073
1678176000000,6.073,6.1,5.902,5.908
1678190400000,5.908,6.007,5.756,5.958
1678204800000,5.958,5.993,5.838,5.872
1678219200000,5.872,5.999,5.804,5.972
1678233600000,5.972,6.103,5.951,6.031
1678248000000,6.031,6.073,5.868,5.883
1678262400000,5.883,5.94,5.819,5.839
1678276800000,5.839,5.859,5.59,5.759
1678291200000,5.759,5.859,5.68,5.818
1678305600000,5.818,5.971,5.66,5.777
1678320000000,5.777,5.946,5.726,5.893
1678334400000,5.893,5.951,5.829,5.849
1678348800000,5.849,6.1,5.771,6.07
1678363200000,6.07,6.193,6.002,6.061
1678377600000,6.061,6.067,5.708,5.771
1678392000000,5.771,5.771,5.267,5.507
1678406400000,5.507,5.523,5.37,5.396
1678420800000,5.396,5.439,5.296,5.371
1678435200000,5.371,5.374,5.1,5.214
1678449600000,5.214,5.412,5.172,5.364
1678464000000,5.364,5.457,5.219,5.297
1678478400000,5.297,5.369,5.151,5.312
1678492800000,5.312,5.506,5.283,5.315
1678507200000,5.315,5.316,4.673,4.783
1678521600000,4.783,4.889,4.648,4.784
1678536000000,4.784,4.851,4.7,4.742
1678550400000,4.742,4.864,4.675,4.853
1678564800000,4.853,4.991,4.853,4.949
1678579200000,4.949,4.979,4.876,4.969
1678593600000,4.969,5.025,4.923,4.952
1678608000000,4.952,4.993,4.898,4.908
1678622400000,4.908,4.949,4.802,4.856
1678636800000,4.856,5.227,4.829,5.091
1678651200000,5.091,5.771,5.091,5.712
1678665600000,5.712,6.074,5.678,6.013
1678680000000,6.013,6.244,5.965,6.169
1678694400000,6.169,6.218,5.667,5.801
1678708800000,5.801,6.409,5.701,6.167
1678723200000,6.167,6.484,6.15,6.388
1678737600000,6.388,6.59,6.3,6.376
1678752000000,6.376,6.382,6.249,6.309
1678766400000,6.309,6.468,6.17,6.233
1678780800000,6.233,6.272,6.127,6.231
1678795200000,6.231,7.465,6.173,7.429
1678809600000,7.429,7.586,6.601,6.885
1678824000000,6.885,6.917,6.383,6.758
1678838400000,6.758,7.046,6.638,6.92
1678852800000,6.92,6.983,6.751,6.84
1678867200000,6.84,6.855,6.382,6.558
1678881600000,6.558,6.672,5.834,5.901
1678896000000,5.901,5.926,5.304,5.53
1678910400000,5.53,5.667,5.484,5.6
1678924800000,5.6,5.722,5.492,5.603
1678939200000,5.603,5.933,5.532,5.845
1678953600000,5.845,5.922,5.717,5.87
1678968000000,5.87,5.871,5.549,5.754
1678982400000,5.754,5.838,5.616,5.799
1678996800000,5.799,5.857,5.628,5.803
1679011200000,5.803,6.107,5.694,5.965
1679025600000,5.965,6.038,5.886,5.968
1679040000000,5.968,6.307,5.888,6.279
1679054400000,6.279,6.282,5.816,5.935
1679068800000,5.935,6.106,5.836,6.08
1679083200000,6.08,6.488,5.965,6.394
1679097600000,6.394,6.558,6.239,6.438
1679112000000,6.438,6.452,6.312,6.384
1679126400000,6.384,6.429,6.184,6.409
1679140800000,6.409,6.431,5.968,6.061
1679155200000,6.061,6.227,5.846,6.086
1679169600000,6.086,6.152,5.824,5.878
1679184000000,5.878,6.134,5.878,6.117
1679198400000,6.117,6.144,5.902,5.998
1679212800000,5.998,6.06,5.852,6.013
1679227200000,6.013,6.099,5.909,6.048
1679241600000,6.048,6.333,6.009,6.219
1679256000000,6.219,6.524,6.035,6.276
1679270400000,6.276,6.458,5.996,6.024
1679284800000,6.024,6.243,5.949,6.223
1679299200000,6.223,6.275,6.047,6.073
1679313600000,6.073,6.117,5.972,5.992
1679328000000,5.992,6.04,5.625,5.732
1679342400000,5.732,5.842,5.671,5.718
1679356800000,5.718,5.851,5.705,5.829
1679371200000,5.829,5.855,5.618,5.695
1679385600000,5.695,5.87,5.622,5.821
1679400000000,5.821,6.088,5.793,5.94
1679414400000,5.94,6.021,5.774,5.898
1679428800000,5.898,5.999,5.816,5.922
1679443200000,5.922,5.925,5.758,5.84
1679457600000,5.84,5.873,5.772,5.802
1679472000000,5.802,5.82,5.718,5.768
1679486400000,5.768,5.944,5.733,5.828
1679500800000,5.828,5.977,5.312,5.391
1679515200000,5.391,5.682,5.369,5.646
1679529600000,5.646,5.727,5.607,5.619
1679544000000,5.619,5.752,5.616,5.727
1679558400000,5.727,5.806,5.7,5.771
1679572800000,5.771,5.954,5.639,5.906
1679587200000,5.906,5.969,5.759,5.856
1679601600000,5.856,5.967,5.816,5.927
1679616000000,5.927,6.056,5.875,5.933
1679630400000,5.933,6.041,5.883,5.997
1679644800000,5.997,6.007,5.433,5.621
1679659200000,5.621,5.741,5.584,5.639
1679673600000,5.639,5.643,5.439,5.569
1679688000000,5.569,5.589,5.443,5.552
1679702400000,5.552,5.623,5.533,5.583
1679716800000,5.583,5.605,5.497,5.532
1679731200000,5.532,5.556,5.412,5.534
1679745600000,5.534,5.567,5.446,5.549
1679760000000,5.549,5.57,5.245,5.281
1679774400000,5.281,5.393,5.276,5.376
1679788800000,5.376,5.514,5.349,5.486
1679803200000,5.486,5.548,5.464,5.516
1679817600000,5.516,5.585,5.469,5.539
1679832000000,5.539,5.676,5.515,5.561
1679846400000,5.561,5.627,5.492,5.625
1679860800000,5.625,5.74,5.568,5.681
1679875200000,5.681,5.7,5.57,5.596
1679889600000,5.596,5.608,5.49,5.513
1679904000000,5.513,5.56,5.484,5.541
1679918400000,5.541,5.592,5.194,5.304
1679932800000,5.304,5.385,5.251,5.274
1679947200000,5.274,5.356,5.24,5.344
1679961600000,5.344,5.379,5.267,5.283
1679976000000,5.283,5.43,5.283,5.36
1679990400000,5.36,5.436,5.298,5.42
1680004800000,5.42,5.437,5.327,5.403
1680019200000,5.403,5.625,5.313,5.603
1680033600000,5.603,5.616,5.511,5.555
1680048000000,5.555,5.624,5.539,5.579
1680062400000,5.579,5.804,5.579,5.744
1680076800000,5.744,5.825,5.712,5.796
1680091200000,5.796,5.821,5.649,5.73
1680105600000,5.73,5.77,5.669,5.758
1680120000000,5.758,5.793,5.68,5.733
1680134400000,5.733,5.884,5.404,5.681
1680148800000,5.681,5.747,5.631,5.673
1680163200000,5.673,5.68,5.575,5.645
1680177600000,5.645,5.659,5.551,5.574
1680192000000,5.574,5.574,5.427,5.518
1680206400000,5.518,5.58,5.503,5.561
1680220800000,5.561,5.639,5.526,5.585
1680235200000,5.585,5.621,5.438,5.497
1680249600000,5.497,5.529,5.464,5.492
1680264000000,5.492,5.735,5.479,5.687
1680278400000,5.687,5.695,5.633,5.675
1680292800000,5.675,5.709,5.643,5.682
1680307200000,5.682,5.792,5.673,5.735
1680321600000,5.735,5.774,5.542,5.633
1680336000000,5.633,5.692,5.615,5.652
1680350400000,5.652,5.667,5.594,5.639
1680364800000,5.639,5.782,5.601,5.761
1680379200000,5.761,5.799,5.711,5.758
1680393600000,5.758,5.794,5.694,5.743
1680408000000,5.743,5.748,5.698,5.728
1680422400000,5.728,5.733,5.673,5.706
1680436800000,5.706,5.708,5.526,5.548
1680451200000,5.548,5.578,5.426,5.488
1680465600000,5.488,5.56,5.463,5.546
1680480000000,5.546,5.547,5.327,5.459
1680494400000,5.459,5.498,5.434,5.498
1680508800000,5.498,5.614,5.497,5.566
1680523200000,5.566,5.599,5.473,5.522
1680537600000,5.522,5.682,5.496,5.628
1680552000000,5.628,5.67,5.361,5.57
1680566400000,5.57,5.584,5.512,5.55
1680580800000,5.55,5.591,5.515,5.553
1680595200000,5.553,5.665,5.535,5.635
1680609600000,5.635,5.666,5.543,5.593
1680624000000,5.593,5.639,5.583,5.628
1680638400000,5.628,5.663,5.58,5.614
1680652800000,5.614,5.76,5.577,5.718
1680667200000,5.718,5.789,5.718,5.744
1680681600000,5.744,5.784,5.706,5.713
1680696000000,5.713,5.736,5.538,5.606
1680710400000,5.606,5.648,5.568,5.634
1680724800000,5.634,5.675,5.619,5.668
1680739200000,5.668,5.682,5.518,5.623
1680753600000,5.623,5.623,5.538,5.544
1680768000000,5.544,5.594,5.524,5.572
1680782400000,5.572,5.626,5.538,5.611
1680796800000,5.611,5.631,5.574,5.597
1680811200000,5.597,5.614,5.545,5.596
1680825600000,5.596,5.646,5.581,5.603
1680840000000,5.603,5.639,5.496,5.525
1680854400000,5.525,5.596,5.504,5.553
1680868800000,5.553,5.94,5.543,5.909
1680883200000,5.909,6.018,5.842,5.93
1680897600000,5.93,5.931,5.704,5.789
1680912000000,5.789,5.881,5.73,5.846
1680926400000,5.846,5.905,5.837,5.859
1680940800000,5.859,5.88,5.789,5.81
1680955200000,5.81,5.893,5.75,5.824
1680969600000,5.824,5.856,5.742,5.819
1680984000000,5.819,5.846,5.745,5.763
1680998400000,5.763,5.888,5.763,5.8
1681012800000,5.8,5.818,5.652,5.706
1681027200000,5.706,5.741,5.675,5.71
1681041600000,5.71,5.731,5.599,5.65
1681056000000,5.65,5.736,5.623,5.708
1681070400000,5.708,5.793,5.696,5.744
1681084800000,5.744,5.773,5.678,5.738
1681099200000,5.738,5.742,5.674,5.69
1681113600000,5.69,5.708,5.675,5.684
1681128000000,5.684,5.752,5.667,5.734
1681142400000,5.734,6.195,5.713,6.142
1681156800000,6.142,6.239,6.067,6.174
1681171200000,6.174,6.179,6.024,6.068
1681185600000,6.068,6.147,6.044,6.115
1681200000000,6.115,6.128,6.016,6.045
1681214400000,6.045,6.059,5.951,6.005
1681228800000,6.005,6.105,5.964,6.004
1681243200000,6.004,6.119,5.966,6.107
1681257600000,6.107,6.126,5.793,5.836
1681272000000,5.836,5.993,5.828,5.963
1681286400000,5.963,5.967,5.888,5.914
1681300800000,5.914,6.071,5.885,5.997
1681315200000,5.997,6.026,5.863,5.889
1681329600000,5.889,5.989,5.886,5.962
1681344000000,5.962,5.995,5.915,5.943
1681358400000,5.943,5.962,5.907,5.951
1681372800000,5.951,6.069,5.947,6.037
1681387200000,6.037,6.103,6.017,6.069
1681401600000,6.069,6.145,6.038,6.06
1681416000000,6.06,6.117,6.02,6.079
1681430400000,6.079,6.284,6.079,6.219
1681444800000,6.219,6.328,6.191,6.21
1681459200000,6.21,6.263,6.195,6.236
1681473600000,6.236,6.236,5.922,5.981
1681488000000,5.981,6.309,5.976,6.205
1681502400000,6.205,6.287,6.16,6.231
1681516800000,6.231,6.237,6.072,6.13
1681531200000,6.13,6.175,6.106,6.159
1681545600000,6.159,6.172,6.127,6.142
1681560000000,6.142,6.215,6.095,6.16
1681574400000,6.16,6.442,6.159,6.427
1681588800000,6.427,6.429,6.289,6.306
1681603200000,6.306,6.37,6.207,6.274
1681617600000,6.274,6.325,6.267,6.321
1681632000000,6.321,6.363,6.251,6.268
1681646400000,6.268,6.342,6.188,6.327
1681660800000,6.327,6.389,6.275,6.304
1681675200000,6.304,6.393,6.235,6.342
1681689600000,6.342,6.372,6.154,6.253
1681704000000,6.253,6.257,6.174,6.192
1681718400000,6.192,6.236,6.105,6.161
1681732800000,6.161,6.183,6.011,6.047
1681747200000,6.047,6.149,6.034,6.128
1681761600000,6.128,6.138,6.06,6.121
1681776000000,6.121,6.166,6.023,6.139
1681790400000,6.139,6.234,6.132,6.204
1681804800000,6.204,6.309,6.177,6.297
1681819200000,6.297,6.318,6.202,6.233
1681833600000,6.233,6.259,6.135,6.198
1681848000000,6.198,6.274,6.179,6.264
1681862400000,6.264,6.308,6.208,6.236
1681876800000,6.236,6.281,6.186,6.215
1681891200000,6.215,6.215,5.477,5.789
1681905600000,5.789,5.861,5.759,5.8
1681920000000,5.8,5.813,5.707,5.762
1681934400000,5.762,5.791,5.562,5.693
1681948800000,5.693,5.779,5.648,5.742
1681963200000,5.742,5.807,5.698,5.763
1681977600000,5.763,5.817,5.687,5.695
1681992000000,5.695,5.786,5.652,5.669
1682006400000,5.669,5.677,5.456,5.501
1682020800000,5.501,5.586,5.498,5.563
1682035200000,5.563,5.634,5.523,5.592
1682049600000,5.592,5.624,5.467,5.575
1682064000000,5.575,5.596,5.482,5.517
1682078400000,5.517,5.564,5.443,5.519
1682092800000,5.519,5.529,5.172,5.228
1682107200000,5.228,5.265,5.122,5.257
1682121600000,5.257,5.344,5.223,5.274
1682136000000,5.274,5.293,5.233,5.242
1682150400000,5.242,5.263,5.208,5.25
1682164800000,5.25,5.321,5.231,5.292
1682179200000,5.292,5.343,5.259,5.293
1682193600000,5.293,5.325,5.255,5.325
1682208000000,5.325,5.325,5.21,5.294
1682222400000,5.294,5.347,5.288,5.34
1682236800000,5.34,5.385,5.306,5.338
1682251200000,5.338,5.353,5.219,5.256
1682265600000,5.256,5.31,5.134,5.191
1682280000000,5.191,5.282,5.168,5.268
1682294400000,5.268,5.349,5.218,5.302
1682308800000,5.302,5.304,5.199,5.235
1682323200000,5.235,5.277,5.182,5.276
1682337600000,5.276,5.316,5.2,5.219
1682352000000,5.219,5.282,5.154,5.263
1682366400000,5.263,5.282,5.217,5.252
1682380800000,5.252,5.273,5.177,5.194
1682395200000,5.194,5.241,5.183,5.188
1682409600000,5.188,5.235,5.164,5.224
1682424000000,5.224,5.243,5.163,5.18
1682438400000,5.18,5.258,5.142,5.215
1682452800000,5.215,5.381,5.213,5.346
1682467200000,5.346,5.399,5.322,5.33
1682481600000,5.33,5.376,5.326,5.342
1682496000000,5.342,5.449,5.336,5.428
1682510400000,5.428,5.548,5.427,5.528
1682524800000,5.528,5.544,5.111,5.139
1682539200000,5.139,5.251,4.989,5.248
1682553600000,5.248,5.379,5.224,5.276
1682568000000,5.276,5.346,5.221,5.27
1682582400000,5.27,5.291,5.243,5.256
1682596800000,5.256,5.383,5.204,5.349
1682611200000,5.349,5.484,5.33,5.429
1682625600000,5.429,5.448,5.349,5.388
1682640000000,5.388,5.401,5.358,5.368
1682654400000,5.368,5.419,5.366,5.415
1682668800000,5.415,5.418,5.323,5.331
1682683200000,5.331,5.384,5.26,5.338
1682697600000,5.338,5.368,5.314,5.341
1682712000000,5.341,5.524,5.341,5.507
1682726400000,5.507,5.508,5.452,5.485
1682740800000,5.485,5.533,5.458,5.464
1682755200000,5.464,5.495,5.442,5.472
1682769600000,5.472,5.54,5.423,5.471
1682784000000,5.471,5.648,5.416,5.645
1682798400000,5.645,5.666,5.556,5.574
1682812800000,5.574,5.578,5.512,5.542
1682827200000,5.542,5.572,5.526,5.542
1682841600000,5.542,5.563,5.495,5.516
1682856000000,5.516,5.61,5.5,5.568
1682870400000,5.568,5.593,5.422,5.468
1682884800000,5.468,5.468,5.376,5.414
1682899200000,5.414,5.458,5.268,5.359
1682913600000,5.359,5.374,5.311,5.361
1682928000000,5.361,5.372,5.33,5.341
1682942400000,5.341,5.365,5.275,5.291
1682956800000,5.291,5.305,5.184,5.256
1682971200000,5.256,5.308,5.236,5.3
1682985600000,5.3,5.307,5.261,5.297
1683000000000,5.297,5.3,5.245,5.277
1683014400000,5.277,5.284,5.226,5.256
1683028800000,5.256,5.318,5.209,5.297
1683043200000,5.297,5.323,5.268,5.289
1683057600000,5.289,5.302,5.272,5.281
1683072000000,5.281,5.287,5.197,5.239
1683086400000,5.239,5.28,5.226,5.273
1683100800000,5.273,5.291,5.236,5.236
1683115200000,5.236,5.252,5.196,5.245
1683129600000,5.245,5.304,5.205,5.243
1683144000000,5.243,5.381,5.242,5.342
1683158400000,5.342,5.364,5.315,5.346
1683172800000,5.346,5.35,5.314,5.318
1683187200000,5.318,5.36,5.3,5.326
1683201600000,5.326,5.336,5.257,5.269
1683216000000,5.269,5.289,5.227,5.245
1683230400000,5.245,5.264,5.234,5.261
1683244800000,5.261,5.324,5.253,5.267
1683259200000,5.267,5.278,5.193,5.238
1683273600000,5.238,5.245,5.211,5.225
1683288000000,5.225,5.247,5.059,5.241
1683302400000,5.241,5.32,5.233,5.261
1683316800000,5.261,5.282,5.239,5.26
1683331200000,5.26,5.293,5.194,5.207
1683345600000,5.207,5.22,5.176,5.183
1683360000000,5.183,5.183,5.123,5.158
1683374400000,5.158,5.16,4.964,5.016
1683388800000,5.016,5.11,5.008,5.09
1683403200000,5.09,5.093,5.029,5.043
1683417600000,5.043,5.106,5.036,5.045
1683432000000,5.045,5.067,5.041,5.06
1683446400000,5.06,5.095,5.05,5.085
1683460800000,5.085,5.128,5.077,5.11
1683475200000,5.11,5.114,5.042,5.054
1683489600000,5.054,5.092,5.001,5.03
1683504000000,5.03,5.073,4.701,4.854
1683518400000,4.854,4.859,4.746,4.791
1683532800000,4.791,4.831,4.754,4.803
1683547200000,4.803,4.83,4.771,4.785
1683561600000,4.785,4.786,4.32,4.469
1683576000000,4.469,4.542,4.435,4.532
1683590400000,4.532,4.599,4.519,4.547
1683604800000,4.547,4.583,4.523,4.576
1683619200000,4.576,4.588,4.542,4.585
1683633600000,4.585,4.598,4.516,4.526
1683648000000,4.526,4.59,4.503,4.525
1683662400000,4.525,4.554,4.485,4.543
1683676800000,4.543,4.579,4.519,4.533
1683691200000,4.533,4.557,4.489,4.497
1683705600000,4.497,4.507,4.456,4.507
1683720000000,4.507,4.733,4.479,4.703
1683734400000,4.703,4.726,4.355,4.59
1683748800000,4.59,4.675,4.572,4.595
1683763200000,4.595,4.601,4.505,4.528
1683777600000,4.528,4.546,4.507,4.522
1683792000000,4.522,4.539,4.461,4.527
1683806400000,4.527,4.577,4.393,4.439
1683820800000,4.439,4.445,4.206,4.256
1683835200000,4.256,4.364,4.256,4.35
1683849600000,4.35,4.363,4.222,4.245
1683864000000,4.245,4.317,4.226,4.286
1683878400000,4.286,4.343,4.286,4.314
1683892800000,4.314,4.351,4.274,4.291
1683907200000,4.291,4.344,4.193,4.336
1683921600000,4.336,4.443,4.314,4.434
1683936000000,4.434,4.439,4.376,4.413
1683950400000,4.413,4.415,4.379,4.409
1683964800000,4.409,4.416,4.377,4.386
1683979200000,4.386,4.408,4.329,4.35
1683993600000,4.35,4.396,4.339,4.371
1684008000000,4.371,4.413,4.361,4.38
1684022400000,4.38,4.401,4.323,4.393
1684036800000,4.393,4.43,4.38,4.426
1684051200000,4.426,4.429,4.397,4.403
1684065600000,4.403,4.488,4.382,4.472
1684080000000,4.472,4.483,4.397,4.412
1684094400000,4.412,4.464,4.398,4.447
1684108800000,4.447,4.49,4.362,4.467
1684123200000,4.467,4.534,4.455,4.513
1684137600000,4.513,4.539,4.489,4.497
1684152000000,4.497,4.524,4.45,4.503
1684166400000,4.503,4.522,4.45,4.477
1684180800000,4.477,4.492,4.437,4.451
1684195200000,4.451,4.489,4.391,4.429
1684209600000,4.429,4.453,4.391,4.449
1684224000000,4.449,4.48,4.404,4.422
1684238400000,4.422,4.438,4.374,4.413
1684252800000,4.413,4.434,4.377,4.387
1684267200000,4.387,4.445,4.368,4.425
1684281600000,4.425,4.489,4.393,4.462
1684296000000,4.462,4.48,4.4,4.412
1684310400000,4.412,4.473,4.389,4.434
1684324800000,4.434,4.459,4.376,4.425
1684339200000,4.425,4.606,4.41,4.592
1684353600000,4.592,4.605,4.395,4.541
1684368000000,4.541,4.669,4.522,4.599
1684382400000,4.599,4.622,4.541,4.57
1684396800000,4.57,4.583,4.528,4.543
1684411200000,4.543,4.543,4.474,4.502
1684425600000,4.502,4.533,4.382,4.428
1684440000000,4.428,4.496,4.417,4.455
1684454400000,4.455,4.464,4.422,4.458
1684468800000,4.458,4.465,4.426,4.433
1684483200000,4.433,4.462,4.431,4.448
1684497600000,4.448,4.503,4.431,4.479
1684512000000,4.479,4.509,4.465,4.498
1684526400000,4.498,4.508,4.486,4.493
1684540800000,4.493,4.493,4.451,4.481
1684555200000,4.481,4.481,4.457,4.467
1684569600000,4.467,4.494,4.464,4.491
1684584000000,4.491,4.506,4.48,4.501
1684598400000,4.501,4.531,4.487,4.505
1684612800000,4.505,4.51,4.486,4.509
1684627200000,4.509,4.527,4.491,4.5
1684641600000,4.5,4.503,4.489,4.495
1684656000000,4.495,4.499,4.438,4.458
1684670400000,4.458,4.483,4.394,4.416
1684684800000,4.416,4.423,4.39,4.409
1684699200000,4.409,4.416,4.331,4.374
1684713600000,4.374,4.388,4.298,4.364
1684728000000,4.364,4.402,4.361,4.387
1684742400000,4.387,4.424,4.385,4.407
1684756800000,4.407,4.432,4.387,4.402
1684771200000,4.402,4.422,4.366,4.408
1684785600000,4.408,4.435,4.405,4.406
1684800000000,4.406,4.516,4.393,4.506
1684814400000,4.506,4.515,4.452,4.479
1684828800000,4.479,4.5,4.466,4.496
1684843200000,4.496,4.515,4.468,4.513
1684857600000,4.513,4.526,4.477,4.497
1684872000000,4.497,4.524,4.489,4.519
1684886400000,4.519,4.526,4.399,4.443
1684900800000,4.443,4.457,4.41,4.428
1684915200000,4.428,4.462,4.425,4.443
1684929600000,4.443,4.457,4.333,4.397
1684944000000,4.397,4.438,4.371,4.425
1684958400000,4.425,4.501,4.411,4.456
1684972800000,4.456,4.474,4.335,4.409
1684987200000,4.409,4.432,4.401,4.403
1685001600000,4.403,4.426,4.403,4.425
1685016000000,4.425,4.456,4.395,4.408
1685030400000,4.408,4.443,4.4,4.411
1685044800000,4.411,4.422,4.398,4.415
1685059200000,4.415,4.429,4.381,4.399
1685073600000,4.399,4.414,4.369,4.413
1685088000000,4.413,4.42,4.383,4.395
1685102400000,4.395,4.45,4.382,4.43
1685116800000,4.43,4.446,4.402,4.446
1685131200000,4.446,4.458,4.434,4.438
1685145600000,4.438,4.459,4.434,4.457
1685160000000,4.457,4.466,4.438,4.442
1685174400000,4.442,4.452,4.433,4.44
1685188800000,4.44,4.451,4.405,4.447
1685203200000,4.447,4.482,4.429,4.48
1685217600000,4.48,4.508,4.477,4.479
1685232000000,4.479,4.57,4.468,4.537
1685246400000,4.537,4.56,4.532,4.548
1685260800000,4.548,4.563,4.531,4.539
1685275200000,4.539,4.548,4.51,4.535
1685289600000,4.535,4.633,4.519,4.595
1685304000000,4.595,4.705,4.583,4.657
1685318400000,4.657,4.722,4.648,4.655
1685332800000,4.655,4.677,4.629,4.653
1685347200000,4.653,4.673,4.627,4.643
1685361600000,4.643,4.655,4.594,4.601
1685376000000,4.601,4.646,4.586,4.629
1685390400000,4.629,4.651,4.597,4.633
1685404800000,4.633,4.654,4.598,4.633
1685419200000,4.633,4.651,4.599,4.631
1685433600000,4.631,4.897,4.63,4.865
1685448000000,4.865,4.871,4.752,4.789
1685462400000,4.789,4.905,4.754,4.855
1685476800000,4.855,4.88,4.817,4.824
1685491200000,4.824,4.882,4.784,4.811
1685505600000,4.811,4.813,4.64,4.707
1685520000000,4.707,4.732,4.656,4.66
1685534400000,4.66,4.695,4.598,4.637
1685548800000,4.637,4.722,4.624,4.683
1685563200000,4.683,4.7,4.647,4.691
1685577600000,4.691,4.725,4.61,4.662
1685592000000,4.662,4.676,4.634,4.648
1685606400000,4.648,4.686,4.638,4.684
1685620800000,4.684,4.691,4.654,4.667
1685635200000,4.667,4.753,4.644,4.727
1685649600000,4.727,4.736,4.658,4.696
1685664000000,4.696,4.985,4.674,4.901
1685678400000,4.901,5.024,4.895,4.97
1685692800000,4.97,4.996,4.935,4.957
1685707200000,4.957,4.967,4.876,4.911
1685721600000,4.911,4.996,4.904,4.97
1685736000000,4.97,5.008,4.954,4.963
1685750400000,4.963,4.975,4.905,4.912
1685764800000,4.912,4.934,4.91,4.913
1685779200000,4.913,4.934,4.879,4.915
1685793600000,4.915,4.927,4.878,4.914
1685808000000,4.914,4.965,4.877,4.889
1685822400000,4.889,4.895,4.803,4.853
1685836800000,4.853,4.865,4.802,4.861
1685851200000,4.861,4.895,4.857,4.869
1685865600000,4.869,4.877,4.838,4.851
1685880000000,4.851,4.86,4.781,4.796
1685894400000,4.796,4.801,4.706,4.725
1685908800000,4.725,4.726,4.611,4.661
1685923200000,4.661,4.661,4.536,4.575
1685937600000,4.575,4.625,4.554,4.625
1685952000000,4.625,4.633,4.587,4.624
1685966400000,4.624,4.637,4.203,4.215
1685980800000,4.215,4.272,3.97,4.22
1685995200000,4.22,4.231,4.148,4.214
1686009600000,4.214,4.237,4.188,4.22
1686024000000,4.22,4.26,4.215,4.226
1686038400000,4.226,4.249,4.204,4.213
1686052800000,4.213,4.338,4.138,4.29
1686067200000,4.29,4.442,4.29,4.431
1686081600000,4.431,4.44,4.363,4.399
1686096000000,4.399,4.399,4.304,4.326
1686110400000,4.326,4.345,4.277,4.299
1686124800000,4.299,4.334,4.226,4.323
1686139200000,4.323,4.325,4.135,4.17
1686153600000,4.17,4.184,4.124,4.176
1686168000000,4.176,4.177,4.045,4.134
1686182400000,4.134,4.168,4.095,4.123
1686196800000,4.123,4.15,4.085,4.134
1686211200000,4.134,4.14,4.097,4.119
1686225600000,4.119,4.177,4.107,4.169
1686240000000,4.169,4.172,4.074,4.124
1686254400000,4.124,4.129,4.088,4.091
1686268800000,4.091,4.095,4.017,4.077
1686283200000,4.077,4.084,4.031,4.046
1686297600000,4.046,4.098,4.031,4.09
1686312000000,4.09,4.145,4.067,4.083
1686326400000,4.083,4.097,3.954,3.974
1686340800000,3.974,4.054,3.967,4.032
1686355200000,4.032,4.04,3.775,3.795
1686369600000,3.795,3.838,2.56,3.181
1686384000000,3.181,3.43,3.16,3.358
1686398400000,3.358,3.423,3.266,3.364
1686412800000,3.364,3.554,3.334,3.461
1686427200000,3.461,3.543,3.432,3.481
1686441600000,3.481,3.497,3.432,3.443
1686456000000,3.443,3.449,3.358,3.372
1686470400000,3.372,3.448,3.366,3.424
1686484800000,3.424,3.437,3.343,3.353
1686499200000,3.353,3.482,3.351,3.446
1686513600000,3.446,3.485,3.375,3.426
1686528000000,3.426,3.426,3.287,3.348
1686542400000,3.348,3.417,3.335,3.376
1686556800000,3.376,3.468,3.365,3.439
1686571200000,3.439,3.447,3.395,3.411
1686585600000,3.411,3.542,3.393,3.501
1686600000000,3.501,3.608,3.489,3.524
1686614400000,3.524,3.732,3.493,3.653
1686628800000,3.653,3.695,3.619,3.65
1686643200000,3.65,3.686,3.628,3.664
1686657600000,3.664,3.742,3.533,3.547
1686672000000,3.547,3.699,3.547,3.696
1686686400000,3.696,3.723,3.635,3.655
1686700800000,3.655,3.695,3.627,3.676
1686715200000,3.676,3.683,3.606,3.61
1686729600000,3.61,3.657,3.61,3.647
1686744000000,3.647,3.69,3.62,3.669
1686758400000,3.669,3.759,3.64,3.682
1686772800000,3.682,3.683,3.452,3.562
1686787200000,3.562,3.628,3.549,3.61
1686801600000,3.61,3.621,3.52,3.544
1686816000000,3.544,3.579,3.497,3.554
1686830400000,3.554,3.595,3.519,3.562
1686844800000,3.562,3.64,3.469,3.62
1686859200000,3.62,3.719,3.586,3.659
1686873600000,3.659,3.676,3.62,3.661
1686888000000,3.661,3.668,3.635,3.636
1686902400000,3.636,3.653,3.579,3.593
1686916800000,3.593,3.634,3.532,3.63
1686931200000,3.63,3.747,3.611,3.698
1686945600000,3.698,3.713,3.672,3.69
1686960000000,3.69,3.691,3.655,3.679
1686974400000,3.679,3.815,3.673,3.76
1686988800000,3.76,3.767,3.723,3.735
1687003200000,3.735,3.755,3.687,3.715
1687017600000,3.715,3.753,3.699,3.71
1687032000000,3.71,3.727,3.691,3.705
1687046400000,3.705,3.705,3.639,3.687
1687060800000,3.687,3.712,3.668,3.676
1687075200000,3.676,3.702,3.666,3.685
1687089600000,3.685,3.73,3.67,3.721
1687104000000,3.721,3.755,3.714,3.722
1687118400000,3.722,3.729,3.623,3.68
1687132800000,3.68,3.689,3.628,3.668
1687147200000,3.668,3.69,3.66,3.672
1687161600000,3.672,3.679,3.643,3.649
1687176000000,3.649,3.664,3.597,3.623
1687190400000,3.623,3.701,3.578,3.663
1687204800000,3.663,3.692,3.661,3.687
1687219200000,3.687,3.722,3.677,3.691
1687233600000,3.691,3.705,3.674,3.686
1687248000000,3.686,3.693,3.652,3.687
1687262400000,3.687,3.696,3.59,3.653
1687276800000,3.653,3.795,3.638,3.794
1687291200000,3.794,3.813,3.742,3.781
1687305600000,3.781,3.901,3.769,3.845
1687320000000,3.845,3.893,3.826,3.829
1687334400000,3.829,3.833,3.758,3.79
1687348800000,3.79,3.855,3.746,3.823
1687363200000,3.823,3.945,3.81,3.879
1687377600000,3.879,3.971,3.836,3.92
1687392000000,3.92,4.088,3.911,4.041
1687406400000,4.041,4.043,3.953,4.033
1687420800000,4.033,4.037,3.834,3.906
1687435200000,3.906,3.985,3.862,3.905
1687449600000,3.905,4.009,3.899,3.962
1687464000000,3.962,3.965,3.903,3.921
1687478400000,3.921,3.974,3.918,3.959
1687492800000,3.959,3.984,3.942,3.978
1687507200000,3.978,4.058,3.962,4.001
1687521600000,4.001,4.075,3.936,4.059
1687536000000,4.059,4.146,4.015,4.058
1687550400000,4.058,4.087,3.984,4.04
1687564800000,4.04,4.053,3.985,4.044
1687579200000,4.044,4.068,3.957,3.967
1687593600000,3.967,4.02,3.965,4.011
1687608000000,4.011,4.035,3.812,3.893
1687622400000,3.893,3.944,3.849,3.93
1687636800000,3.93,3.935,3.878,3.924
1687651200000,3.924,4.055,3.914,4.045
1687665600000,4.045,4.115,4.02,4.078
1687680000000,4.078,4.141,4.036,4.071
1687694400000,4.071,4.077,3.978,4.045
1687708800000,4.045,4.272,4.012,4.04
1687723200000,4.04,4.152,4.021,4.119
1687737600000,4.119,4.154,3.984,4.063
1687752000000,4.063,4.071,3.969,4.06
1687766400000,4.06,4.074,4.004,4.049
1687780800000,4.049,4.105,4.008,4.034
1687795200000,4.034,4.034,3.891,3.964
1687809600000,3.964,3.977,3.886,3.955
1687824000000,3.955,4.041,3.941,4.012
1687838400000,4.012,4.057,3.984,4.043
1687852800000,4.043,4.059,4.006,4.04
1687867200000,4.04,4.076,3.96,3.976
1687881600000,3.976,4.049,3.967,4.028
1687896000000,4.028,4.043,4.004,4.026
1687910400000,4.026,4.038,3.962,4.013
1687924800000,4.013,4.015,3.833,3.875
1687939200000,3.875,3.935,3.865,3.92
1687953600000,3.92,3.961,3.877,3.943
1687968000000,3.943,3.951,3.625,3.733
1687982400000,3.733,3.785,3.699,3.768
1687996800000,3.768,3.812,3.761,3.784
1688011200000,3.784,3.823,3.778,3.81
1688025600000,3.81,3.884,3.802,3.881
1688040000000,3.881,3.893,3.819,3.847
1688054400000,3.847,3.875,3.804,3.85
1688068800000,3.85,3.855,3.792,3.829
1688083200000,3.829,3.977,3.799,3.955
1688097600000,3.955,4.031,3.92,3.945
1688112000000,3.945,4.035,3.926,4.006
1688126400000,4.006,4.04,3.533,3.817
1688140800000,3.817,3.992,3.803,3.924
1688155200000,3.924,3.967,3.895,3.946
1688169600000,3.946,4.023,3.932,3.975
1688184000000,3.975,4.003,3.904,3.994
1688198400000,3.994,4.025,3.963,4.017
1688212800000,4.017,4.254,3.99,4.131
1688227200000,4.131,4.144,4.042,4.046
1688241600000,4.046,4.108,4.034,4.104
1688256000000,4.104,4.109,3.993,4.017
1688270400000,4.017,4.065,3.998,4.062
1688284800000,4.062,4.064,4.006,4.05
1688299200000,4.05,4.111,3.937,4.058
1688313600000,4.058,4.114,4.0,4.057
1688328000000,4.057,4.129,4.037,4.107
1688342400000,4.107,4.805,4.071,4.747
1688356800000,4.747,4.829,4.584,4.705
1688371200000,4.705,4.787,4.636,4.681
1688385600000,4.681,4.95,4.636,4.783
1688400000000,4.783,4.905,4.7,4.864
1688414400000,4.864,4.874,4.707,4.736
1688428800000,4.736,4.767,4.604,4.636
1688443200000,4.636,4.638,4.534,4.551
1688457600000,4.551,4.624,4.551,4.618
1688472000000,4.618,4.708,4.556,4.636
1688486400000,4.636,4.714,4.422,4.538
1688500800000,4.538,4.589,4.531,4.545
1688515200000,4.545,4.588,4.529,4.577
1688529600000,4.577,4.715,4.545,4.69
1688544000000,4.69,4.709,4.311,4.529
1688558400000,4.529,4.748,4.5,4.731
1688572800000,4.731,4.775,4.614,4.742
1688587200000,4.742,4.829,4.553,4.597
1688601600000,4.597,4.668,4.537,4.604
1688616000000,4.604,4.637,4.55,4.597
1688630400000,4.597,4.687,4.522,4.565
1688644800000,4.565,4.571,4.38,4.48
1688659200000,4.48,4.495,4.345,4.377
1688673600000,4.377,4.411,4.305,4.315
1688688000000,4.315,4.419,4.248,4.405
1688702400000,4.405,4.436,4.364,4.408
1688716800000,4.408,4.425,4.372,4.389
1688731200000,4.389,4.456,4.355,4.448
1688745600000,4.448,4.455,4.383,4.406
1688760000000,4.406,4.41,4.353,4.401
1688774400000,4.401,4.433,4.379,4.388
1688788800000,4.388,4.392,4.326,4.37
1688803200000,4.37,4.41,4.334,4.356
1688817600000,4.356,4.397,4.343,4.355
1688832000000,4.355,4.386,4.259,4.269
1688846400000,4.269,4.352,4.213,4.335
1688860800000,4.335,4.396,4.315,4.361
1688875200000,4.361,4.379,4.348,4.363
1688889600000,4.363,4.374,4.321,4.326
1688904000000,4.326,4.426,4.316,4.363
1688918400000,4.363,4.383,4.333,4.361
1688932800000,4.361,4.367,4.317,4.334
1688947200000,4.334,4.337,4.154,4.222
1688961600000,4.222,4.235,4.167,4.197
1688976000000,4.197,4.248,4.138,4.247
1688990400000,4.247,4.271,4.212,4.255
1689004800000,4.255,4.379,4.24,4.377
1689019200000,4.377,4.415,4.271,4.317
1689033600000,4.317,4.344,4.285,4.329
1689048000000,4.329,4.343,4.301,4.326
1689062400000,4.326,4.336,4.279,4.301
1689076800000,4.301,4.324,4.233,4.288
1689091200000,4.288,4.294,4.211,4.233
1689105600000,4.233,4.295,4.232,4.295
1689120000000,4.295,4.332,4.277,4.287
1689134400000,4.287,4.336,4.273,4.309
1689148800000,4.309,4.32,4.28,4.3
1689163200000,4.3,4.358,4.25,4.288
1689177600000,4.288,4.289,4.173,4.188
1689192000000,4.188,4.244,4.183,4.236
1689206400000,4.236,4.246,4.182,4.197
1689220800000,4.197,4.239,4.182,4.221
1689235200000,4.221,4.273,4.21,4.255
1689249600000,4.255,4.51,4.223,4.43
1689264000000,4.43,4.625,4.423,4.6
1689278400000,4.6,4.715,4.515,4.673
1689292800000,4.673,4.74,4.622,4.64
1689307200000,4.64,4.666,4.58,4.6
1689321600000,4.6,4.643,4.561,4.595
1689336000000,4.595,4.683,4.557,4.678
1689350400000,4.678,4.743,4.283,4.369
1689364800000,4.369,4.436,4.342,4.434
1689379200000,4.434,4.443,4.375,4.384
1689393600000,4.384,4.48,4.384,4.477
1689408000000,4.477,4.503,4.442,4.452
1689422400000,4.452,4.471,4.406,4.415
1689436800000,4.415,4.451,4.378,4.434
1689451200000,4.434,4.439,4.401,4.436
1689465600000,4.436,4.459,4.324,4.377
1689480000000,4.377,4.407,4.366,4.39
1689494400000,4.39,4.456,4.389,4.43
1689508800000,4.43,4.465,4.414,4.441
1689523200000,4.441,4.445,4.335,4.341
1689537600000,4.341,4.4,4.304,4.353
1689552000000,4.353,4.415,4.331,4.407
1689566400000,4.407,4.478,4.381,4.409
1689580800000,4.409,4.434,4.205,4.321
1689595200000,4.321,4.352,4.238,4.313
1689609600000,4.313,4.347,4.209,4.3
1689624000000,4.3,4.359,4.273,4.343
1689638400000,4.343,4.389,4.335,4.343
1689652800000,4.343,4.353,4.242,4.294
1689667200000,4.294,4.319,4.253,4.259
1689681600000,4.259,4.312,4.229,4.277
1689696000000,4.277,4.296,4.163,4.244
1689710400000,4.244,4.282,4.232,4.279
1689724800000,4.279,4.392,4.263,4.362
1689739200000,4.362,4.382,4.321,4.326
1689753600000,4.326,4.327,4.283,4.318
1689768000000,4.318,4.337,4.246,4.293
1689782400000,4.293,4.337,4.263,4.306
1689796800000,4.306,4.309,4.212,4.255
1689811200000,4.255,4.319,4.236,4.273
1689825600000,4.273,4.321,4.258,4.313
1689840000000,4.313,4.37,4.312,4.348
1689854400000,4.348,4.584,4.307,4.413
1689868800000,4.413,4.461,4.349,4.375
1689883200000,4.375,4.459,4.343,4.44
1689897600000,4.44,4.547,4.395,4.501
1689912000000,4.501,4.515,4.449,4.459
1689926400000,4.459,4.488,4.43,4.46
1689940800000,4.46,4.535,4.455,4.494
1689955200000,4.494,4.526,4.437,4.474
1689969600000,4.474,4.49,4.451,4.471
1689984000000,4.471,4.562,4.467,4.525
1689998400000,4.525,4.569,4.504,4.534
1690012800000,4.534,4.538,4.438,4.515
1690027200000,4.515,4.528,4.474,4.492
1690041600000,4.492,4.511,4.449,4.484
1690056000000,4.484,4.529,4.383,4.455
1690070400000,4.455,4.675,4.433,4.627
1690084800000,4.627,4.67,4.583,4.596
1690099200000,4.596,4.616,4.566,4.598
1690113600000,4.598,4.627,4.556,4.578
1690128000000,4.578,4.647,4.559,4.58
1690142400000,4.58,4.597,4.521,4.56
1690156800000,4.56,4.59,4.486,4.497
1690171200000,4.497,4.543,4.457,4.533
1690185600000,4.533,4.553,4.288,4.416
1690200000000,4.416,4.447,4.354,4.431
1690214400000,4.431,4.595,4.412,4.525
1690228800000,4.525,4.56,4.491,4.519
1690243200000,4.519,4.535,4.467,4.486
1690257600000,4.486,4.545,4.469,4.51
1690272000000,4.51,4.546,4.484,4.504
1690286400000,4.504,4.507,4.404,4.432
1690300800000,4.432,4.447,4.376,4.383
1690315200000,4.383,4.405,4.37,4.397
1690329600000,4.397,4.402,4.322,4.369
1690344000000,4.369,4.382,4.344,4.353
1690358400000,4.353,4.365,4.241,4.26
1690372800000,4.26,4.34,4.251,4.33
1690387200000,4.33,4.366,4.262,4.319
1690401600000,4.319,4.383,4.311,4.329
1690416000000,4.329,4.398,4.312,4.369
1690430400000,4.369,4.396,4.349,4.372
1690444800000,4.372,4.417,4.361,4.386
1690459200000,4.386,4.411,4.356,4.369
1690473600000,4.369,4.408,4.305,4.344
1690488000000,4.344,4.431,4.333,4.429
1690502400000,4.429,4.483,4.41,4.432
1690516800000,4.432,4.434,4.368,4.392
1690531200000,4.392,4.408,4.377,4.392
1690545600000,4.392,4.44,4.387,4.408
1690560000000,4.408,4.422,4.38,4.413
1690574400000,4.413,4.413,4.391,4.391
1690588800000,4.391,4.441,4.375,4.424
1690603200000,4.424,4.433,4.403,4.41
1690617600000,4.41,4.421,4.378,4.378
1690632000000,4.378,4.416,4.377,4.414
1690646400000,4.414,4.427,4.4,4.423
1690660800000,4.423,4.438,4.405,4.418
1690675200000,4.418,4.436,4.4,4.425
1690689600000,4.425,4.441,4.402,4.409
1690704000000,4.409,4.422,4.386,4.401
1690718400000,4.401,4.437,4.379,4.407
1690732800000,4.407,4.425,4.266,4.299
1690747200000,4.299,4.315,4.171,4.312
1690761600000,4.312,4.362,4.292,4.331
1690776000000,4.331,4.334,4.303,4.318
1690790400000,4.318,4.34,4.301,4.306
1690804800000,4.306,4.319,4.245,4.256
1690819200000,4.256,4.293,4.216,4.236
1690833600000,4.236,4.265,4.195,4.257
1690848000000,4.257,4.284,4.077,4.187
1690862400000,4.187,4.225,4.166,4.211
1690876800000,4.211,4.225,4.203,4.209
1690891200000,4.209,4.238,4.16,4.227
1690905600000,4.227,4.257,4.21,4.24
1690920000000,4.24,4.289,4.218,4.278
1690934400000,4.278,4.326,4.263,4.27
1690948800000,4.27,4.271,4.234,4.242
1690963200000,4.242,4.259,4.228,4.256
1690977600000,4.256,4.259,4.191,4.231
1690992000000,4.231,4.295,4.192,4.271
1691006400000,4.271,4.295,4.255,4.26
1691020800000,4.26,4.294,4.246,4.253
1691035200000,4.253,4.26,4.22,4.228
1691049600000,4.228,4.242,4.204,4.23
1691064000000,4.23,4.234,4.196,4.197
1691078400000,4.197,4.217,4.162,4.179
1691092800000,4.179,4.192,4.052,4.104
1691107200000,4.104,4.123,4.086,4.115
1691121600000,4.115,4.129,4.093,4.118
1691136000000,4.118,4.13,4.095,4.105
1691150400000,4.105,4.155,4.098,4.142
1691164800000,4.142,4.149,4.073,4.105
1691179200000,4.105,4.119,4.038,4.091
1691193600000,4.091,4.092,4.026,4.062
1691208000000,4.062,4.062,4.032,4.046
1691222400000,4.046,4.078,4.037,4.059
1691236800000,4.059,4.075,4.046,4.071
1691251200000,4.071,4.129,4.065,4.096
1691265600000,4.096,4.111,4.091,4.099
1691280000000,4.099,4.135,4.092,4.123
1691294400000,4.123,4.147,4.121,4.144
1691308800000,4.144,4.168,4.125,4.136
1691323200000,4.136,4.146,4.106,4.136
1691337600000,4.136,4.162,4.13,4.145
1691352000000,4.145,4.177,4.138,4.162
1691366400000,4.162,4.219,4.15,4.189
1691380800000,4.189,4.202,4.139,4.157
1691395200000,4.157,4.159,4.13,4.134
1691409600000,4.134,4.142,4.062,4.079
1691424000000,4.079,4.114,3.975,4.096
1691438400000,4.096,4.117,4.083,4.106
1691452800000,4.106,4.111,4.067,4.088
1691467200000,4.088,4.111,4.082,4.085
1691481600000,4.085,4.125,4.079,4.124
1691496000000,4.124,4.149,4.103,4.123
1691510400000,4.123,4.167,4.116,4.14
1691524800000,4.14,4.212,4.135,4.141
1691539200000,4.141,4.165,4.126,4.138
1691553600000,4.138,4.173,4.137,4.17
1691568000000,4.17,4.171,4.148,4.163
1691582400000,4.163,4.197,4.135,4.139
1691596800000,4.139,4.148,4.122,4.131
1691611200000,4.131,4.156,4.1,4.148
1691625600000,4.148,4.159,4.13,4.13
1691640000000,4.13,4.136,4.099,4.107
1691654400000,4.107,4.118,4.088,4.101
1691668800000,4.101,4.157,4.101,4.134
1691683200000,4.134,4.141,4.112,4.125
1691697600000,4.125,4.145,4.124,4.139
1691712000000,4.139,4.158,4.111,4.128
1691726400000,4.128,4.141,4.128,4.132
1691740800000,4.132,4.137,4.121,4.134
1691755200000,4.134,4.143,4.11,4.117
1691769600000,4.117,4.123,4.09,4.101
1691784000000,4.101,4.111,4.099,4.108
1691798400000,4.108,4.127,4.095,4.1
1691812800000,4.1,4.117,4.094,4.113
1691827200000,4.113,4.117,4.108,4.113
1691841600000,4.113,4.135,4.113,4.13
1691856000000,4.13,4.139,4.109,4.114
1691870400000,4.114,4.129,4.106,4.127
1691884800000,4.127,4.138,4.115,4.127
1691899200000,4.127,4.132,4.106,4.109
1691913600000,4.109,4.12,4.099,4.103
1691928000000,4.103,4.113,4.097,4.108
1691942400000,4.108,4.174,4.1,4.17
1691956800000,4.17,4.171,4.055,4.093
1691971200000,4.093,4.096,4.04,4.094
1691985600000,4.094,4.106,4.089,4.096
1692000000000,4.096,4.111,4.091,4.093
1692014400000,4.093,4.122,4.082,4.114
1692028800000,4.114,4.12,4.049,4.069
1692043200000,4.069,4.086,4.06,4.074
1692057600000,4.074,4.082,4.034,4.048
1692072000000,4.048,4.056,4.021,4.049
1692086400000,4.049,4.057,4.013,4.016
1692100800000,4.016,4.04,4.003,4.019
1692115200000,4.019,4.026,3.582,3.776
1692129600000,3.776,3.857,3.775,3.852
1692144000000,3.852,3.865,3.82,3.82
1692158400000,3.82,3.835,3.807,3.822
1692172800000,3.822,3.839,3.794,3.831
1692187200000,3.831,3.831,3.777,3.805
1692201600000,3.805,3.842,3.794,3.794
1692216000000,3.794,3.799,3.605,3.724
1692230400000,3.724,3.783,3.636,3.76
1692244800000,3.76,3.788,3.755,3.772
1692259200000,3.772,3.783,3.753,3.766
1692273600000,3.766,3.787,3.663,3.699
1692288000000,3.699,3.748,3.668,3.738
1692302400000,3.738,3.739,2.978,3.433
1692316800000,3.433,3.488,3.414,3.456
1692331200000,3.456,3.523,3.429,3.511
1692345600000,3.511,3.525,3.476,3.519
1692360000000,3.519,3.522,3.468,3.48
1692374400000,3.48,3.521,3.425,3.48
1692388800000,3.48,3.513,3.477,3.497
1692403200000,3.497,3.521,3.488,3.508
1692417600000,3.508,3.512,3.489,3.506
1692432000000,3.506,3.544,3.503,3.529
1692446400000,3.529,3.591,3.525,3.588
1692460800000,3.588,3.615,3.55,3.554
1692475200000,3.554,3.568,3.524,3.568
1692489600000,3.568,3.583,3.561,3.564
1692504000000,3.564,3.57,3.542,3.554
1692518400000,3.554,3.578,3.547,3.558
1692532800000,3.558,3.563,3.514,3.539
1692547200000,3.539,3.574,3.53,3.565
1692561600000,3.565,3.587,3.553,3.562
1692576000000,3.562,3.566,3.541,3.549
1692590400000,3.549,3.574,3.526,3.537
1692604800000,3.537,3.548,3.497,3.538
1692619200000,3.538,3.546,3.341,3.401
1692633600000,3.401,3.442,3.379,3.426
1692648000000,3.426,3.444,3.409,3.411
1692662400000,3.411,3.423,3.395,3.4
1692676800000,3.4,3.409,3.387,3.408
1692691200000,3.408,3.413,3.383,3.39
1692705600000,3.39,3.41,3.361,3.37
1692720000000,3.37,3.391,3.272,3.316
1692734400000,3.316,3.402,3.203,3.39
1692748800000,3.39,3.426,3.385,3.393
1692763200000,3.393,3.422,3.379,3.388
1692777600000,3.388,3.401,3.373,3.382
1692792000000,3.382,3.429,3.361,3.424
1692806400000,3.424,3.488,3.42,3.471
1692820800000,3.471,3.481,3.406,3.447
1692835200000,3.447,3.462,3.431,3.452
1692849600000,3.452,3.465,3.387,3.436
1692864000000,3.436,3.437,3.396,3.416
1692878400000,3.416,3.416,3.322,3.333
1692892800000,3.333,3.351,3.289,3.315
1692907200000,3.315,3.318,3.249,3.297
1692921600000,3.297,3.298,3.182,3.244
1692936000000,3.244,3.247,3.199,3.229
1692950400000,3.229,3.271,3.228,3.26
1692964800000,3.26,3.287,3.208,3.223
1692979200000,3.223,3.254,3.203,3.23
1692993600000,3.23,3.238,3.216,3.235
1693008000000,3.235,3.262,3.22,3.261
1693022400000,3.261,3.264,3.233,3.251
1693036800000,3.251,3.266,3.242,3.255
1693051200000,3.255,3.271,3.245,3.257
1693065600000,3.257,3.258,3.236,3.253
1693080000000,3.253,3.278,3.249,3.256
1693094400000,3.256,3.27,3.215,3.235
1693108800000,3.235,3.25,3.235,3.248
1693123200000,3.248,3.257,3.236,3.239
1693137600000,3.239,3.286,3.236,3.274
1693152000000,3.274,3.31,3.268,3.296
1693166400000,3.296,3.317,3.279,3.315
1693180800000,3.315,3.368,3.283,3.344
1693195200000,3.344,3.371,3.272,3.331
1693209600000,3.331,3.367,3.303,3.331
1693224000000,3.331,3.379,3.322,3.358
1693238400000,3.358,3.37,3.332,3.37
1693252800000,3.37,3.393,3.345,3.392
1693267200000,3.392,3.423,3.342,3.356
1693281600000,3.356,3.376,3.327,3.331
1693296000000,3.331,3.345,3.302,3.308
1693310400000,3.308,3.579,3.294,3.506
1693324800000,3.506,3.557,3.496,3.507
1693339200000,3.507,3.523,3.477,3.496
1693353600000,3.496,3.5,3.433,3.456
1693368000000,3.456,3.458,3.432,3.444
1693382400000,3.444,3.445,3.413,3.418
1693396800000,3.418,3.434,3.363,3.403
1693411200000,3.403,3.415,3.388,3.408
1693425600000,3.408,3.423,3.403,3.413
1693440000000,3.413,3.417,3.378,3.384
1693454400000,3.384,3.43,3.382,3.427
1693468800000,3.427,3.443,3.392,3.417
1693483200000,3.417,3.418,3.222,3.273
1693497600000,3.273,3.282,3.096,3.195
1693512000000,3.195,3.215,3.159,3.214
1693526400000,3.214,3.232,3.191,3.209
1693540800000,3.209,3.223,3.188,3.195
1693555200000,3.195,3.213,3.188,3.212
1693569600000,3.212,3.215,3.169,3.188
1693584000000,3.188,3.2,3.104,3.163
1693598400000,3.163,3.189,3.151,3.17
1693612800000,3.17,3.181,3.154,3.177
1693627200000,3.177,3.182,3.156,3.174
1693641600000,3.174,3.187,3.159,3.171
1693656000000,3.171,3.235,3.164,3.2
1693670400000,3.2,3.224,3.129,3.173
1693684800000,3.173,3.187,3.167,3.187
1693699200000,3.187,3.194,3.165,3.185
1693713600000,3.185,3.189,3.172,3.182
1693728000000,3.182,3.183,3.16,3.178
1693742400000,3.178,3.191,3.151,3.159
1693756800000,3.159,3.186,3.103,3.163
1693771200000,3.163,3.173,3.143,3.164
1693785600000,3.164,3.295,3.164,3.232
1693800000000,3.232,3.242,3.187,3.204
1693814400000,3.204,3.217,3.178,3.182
1693828800000,3.182,3.2,3.145,3.173
1693843200000,3.173,3.199,3.168,3.181
1693857600000,3.181,3.188,3.116,3.173
1693872000000,3.173,3.186,3.142,3.164
1693886400000,3.164,3.181,3.159,3.172
1693900800000,3.172,3.227,3.168,3.213
1693915200000,3.213,3.261,3.196,3.236
1693929600000,3.236,3.247,3.212,3.231
1693944000000,3.231,3.25,3.227,3.235
1693958400000,3.235,3.278,3.227,3.237
1693972800000,3.237,3.242,3.219,3.231
1693987200000,3.231,3.259,3.222,3.245
1694001600000,3.245,3.274,3.215,3.227
1694016000000,3.227,3.306,3.173,3.233
1694030400000,3.233,3.26,3.224,3.244
1694044800000,3.244,3.257,3.232,3.244
1694059200000,3.244,3.258,3.218,3.223
1694073600000,3.223,3.23,3.203,3.208
1694088000000,3.208,3.246,3.203,3.226
1694102400000,3.226,3.255,3.219,3.235
1694116800000,3.235,3.282,3.233,3.261
1694131200000,3.261,3.285,3.222,3.252
1694145600000,3.252,3.263,3.239,3.251
1694160000000,3.251,3.251,3.171,3.202
1694174400000,3.202,3.229,3.2,3.211
1694188800000,3.211,3.223,3.202,3.211
1694203200000,3.211,3.228,3.201,3.225
1694217600000,3.225,3.232,3.21,3.226
1694232000000,3.226,3.242,3.22,3.237
1694246400000,3.237,3.242,3.222,3.236
1694260800000,3.236,3.267,3.224,3.253
1694275200000,3.253,3.255,3.227,3.247
1694289600000,3.247,3.251,3.236,3.239
1694304000000,3.239,3.243,3.188,3.223
1694318400000,3.223,3.223,2.988,3.144
1694332800000,3.144,3.144,3.124,3.135
1694347200000,3.135,3.143,3.054,3.11
1694361600000,3.11,3.113,3.044,3.086
1694376000000,3.086,3.128,3.085,3.11
1694390400000,3.11,3.125,3.076,3.11
1694404800000,3.11,3.119,3.093,3.098
1694419200000,3.098,3.101,2.991,3.046
1694433600000,3.046,3.069,2.998,3.038
1694448000000,3.038,3.055,2.945,2.982
1694462400000,2.982,3.026,2.967,3.023
1694476800000,3.023,3.144,3.017,3.12
1694491200000,3.12,3.133,3.083,3.111
1694505600000,3.111,3.196,3.096,3.136
1694520000000,3.136,3.149,3.108,3.133
1694534400000,3.133,3.175,3.084,3.108
1694548800000,3.108,3.115,3.078,3.087
1694563200000,3.087,3.121,3.079,3.091
1694577600000,3.091,3.154,3.074,3.098
1694592000000,3.098,3.157,3.091,3.154
1694606400000,3.154,3.225,3.127,3.189
1694620800000,3.189,3.222,3.171,3.183
1694635200000,3.183,3.206,3.168,3.173
1694649600000,3.173,3.22,3.167,3.177
1694664000000,3.177,3.183,3.152,3.173
1694678400000,3.173,3.2,3.166,3.192
1694692800000,3.192,3.247,3.18,3.222
1694707200000,3.222,3.244,3.202,3.234
1694721600000,3.234,3.248,3.22,3.23
1694736000000,3.23,3.322,3.215,3.312
1694750400000,3.312,3.341,3.267,3.277
1694764800000,3.277,3.305,3.268,3.27
1694779200000,3.27,3.304,3.268,3.29
1694793600000,3.29,3.328,3.281,3.323
1694808000000,3.323,3.385,3.32,3.362
1694822400000,3.362,3.457,3.359,3.399
1694836800000,3.399,3.426,3.359,3.369
1694851200000,3.369,3.383,3.356,3.371
1694865600000,3.371,3.382,3.32,3.337
1694880000000,3.337,3.346,3.303,3.316
1694894400000,3.316,3.341,3.315,3.321
1694908800000,3.321,3.321,3.232,3.293
1694923200000,3.293,3.296,3.273,3.277
1694937600000,3.277,3.353,3.274,3.322
1694952000000,3.322,3.387,3.315,3.379
1694966400000,3.379,3.412,3.293,3.319
1694980800000,3.319,3.352,3.236,3.328
1694995200000,3.328,3.389,3.285,3.356
1695009600000,3.356,3.371,3.335,3.341
1695024000000,3.341,3.39,3.326,3.369
1695038400000,3.369,3.4,3.345,3.38
1695052800000,3.38,3.43,3.344,3.366
1695067200000,3.366,3.368,3.31,3.328
1695081600000,3.328,3.34,3.31,3.326
1695096000000,3.326,3.34,3.304,3.32
1695110400000,3.32,3.378,3.317,3.348
1695124800000,3.348,3.407,3.333,3.399
1695139200000,3.399,3.408,3.365,3.378
1695153600000,3.378,3.385,3.35,3.366
1695168000000,3.366,3.411,3.35,3.367
1695182400000,3.367,3.378,3.345,3.369
1695196800000,3.369,3.383,3.318,3.354
1695211200000,3.354,3.396,3.334,3.385
1695225600000,3.385,3.398,3.313,3.339
1695240000000,3.339,3.365,3.33,3.363
1695254400000,3.363,3.386,3.319,3.354
1695268800000,3.354,3.354,3.283,3.304
1695283200000,3.304,3.304,3.222,3.261
1695297600000,3.261,3.27,3.204,3.243
1695312000000,3.243,3.257,3.225,3.23
1695326400000,3.23,3.23,3.185,3.212
1695340800000,3.212,3.236,3.182,3.228
1695355200000,3.228,3.239,3.201,3.217
1695369600000,3.217,3.239,3.206,3.235
1695384000000,3.235,3.238,3.211,3.213
1695398400000,3.213,3.234,3.201,3.217
1695412800000,3.217,3.228,3.198,3.222
1695427200000,3.222,3.241,3.189,3.206
1695441600000,3.206,3.225,3.196,3.218
1695456000000,3.218,3.239,3.214,3.23
1695470400000,3.23,3.244,3.21,3.223
1695484800000,3.223,3.247,3.202,3.246
1695499200000,3.246,3.249,3.223,3.241
1695513600000,3.241,3.267,3.234,3.24
1695528000000,3.24,3.251,3.232,3.237
1695542400000,3.237,3.263,3.237,3.254
1695556800000,3.254,3.26,3.241,3.252
1695571200000,3.252,3.263,3.205,3.219
1695585600000,3.219,3.24,3.172,3.21
1695600000000,3.21,3.24,3.162,3.214
1695614400000,3.214,3.223,3.186,3.218
1695628800000,3.218,3.221,3.181,3.188
1695643200000,3.188,3.238,3.181,3.227
1695657600000,3.227,3.244,3.196,3.207
1695672000000,3.207,3.217,3.198,3.211
1695686400000,3.211,3.226,3.202,3.213
1695700800000,3.213,3.217,3.204,3.21
1695715200000,3.21,3.215,3.187,3.199
1695729600000,3.199,3.2,3.174,3.182
1695744000000,3.182,3.207,3.167,3.185
1695758400000,3.185,3.188,3.099,3.17
1695772800000,3.17,3.206,3.168,3.206
1695787200000,3.206,3.208,3.183,3.196
1695801600000,3.196,3.276,3.19,3.261
1695816000000,3.261,3.267,3.189,3.207
1695830400000,3.207,3.216,3.169,3.198
1695844800000,3.198,3.211,3.182,3.209
1695859200000,3.209,3.248,3.207,3.215
1695873600000,3.215,3.255,3.207,3.247
1695888000000,3.247,3.273,3.229,3.256
1695902400000,3.256,3.296,3.246,3.292
1695916800000,3.292,3.309,3.263,3.288
1695931200000,3.288,3.313,3.276,3.308
1695945600000,3.308,3.331,3.292,3.309
1695960000000,3.309,3.33,3.292,3.319
1695974400000,3.319,3.336,3.307,3.316
1695988800000,3.316,3.345,3.275,3.336
1696003200000,3.336,3.368,3.324,3.359
1696017600000,3.359,3.37,3.332,3.334
1696032000000,3.334,3.345,3.314,3.316
1696046400000,3.316,3.33,3.308,3.31
1696060800000,3.31,3.326,3.302,3.309
1696075200000,3.309,3.35,3.308,3.335
1696089600000,3.335,3.364,3.33,3.36
1696104000000,3.36,3.378,3.349,3.353
1696118400000,3.353,3.364,3.336,3.343
1696132800000,3.343,3.366,3.338,3.364
1696147200000,3.364,3.425,3.358,3.395
1696161600000,3.395,3.403,3.36,3.375
1696176000000,3.375,3.376,3.336,3.348
1696190400000,3.348,3.475,3.337,3.463
1696204800000,3.463,3.466,3.432,3.45
1696219200000,3.45,3.451,3.415,3.445
1696233600000,3.445,3.457,3.414,3.416
1696248000000,3.416,3.43,3.339,3.361
1696262400000,3.361,3.389,3.287,3.351
1696276800000,3.351,3.352,3.308,3.329
1696291200000,3.329,3.359,3.325,3.347
1696305600000,3.347,3.357,3.337,3.342
1696320000000,3.342,3.354,3.312,3.319
1696334400000,3.319,3.327,3.279,3.294
1696348800000,3.294,3.311,3.286,3.293
1696363200000,3.293,3.308,3.282,3.307
1696377600000,3.307,3.309,3.206,3.277
1696392000000,3.277,3.289,3.261,3.286
1696406400000,3.286,3.329,3.281,3.304
1696420800000,3.304,3.312,3.268,3.273
1696435200000,3.273,3.312,3.269,3.285
1696449600000,3.285,3.318,3.28,3.309
1696464000000,3.309,3.326,3.283,3.291
1696478400000,3.291,3.316,3.285,3.293
1696492800000,3.293,3.314,3.289,3.303
1696507200000,3.303,3.325,3.249,3.273
1696521600000,3.273,3.286,3.243,3.254
1696536000000,3.254,3.268,3.25,3.253
1696550400000,3.253,3.28,3.253,3.274
1696564800000,3.274,3.287,3.258,3.285
1696579200000,3.285,3.286,3.269,3.281
1696593600000,3.281,3.313,3.24,3.308
1696608000000,3.308,3.37,3.291,3.366
1696622400000,3.366,3.369,3.323,3.334
1696636800000,3.334,3.354,3.325,3.325
1696651200000,3.325,3.339,3.323,3.325
1696665600000,3.325,3.352,3.318,3.344
1696680000000,3.344,3.436,3.343,3.394
1696694400000,3.394,3.408,3.358,3.364
1696708800000,3.364,3.449,3.362,3.446
1696723200000,3.446,3.448,3.407,3.419
1696737600000,3.419,3.424,3.371,3.412
1696752000000,3.412,3.43,3.39,3.418
1696766400000,3.418,3.436,3.397,3.409
1696780800000,3.409,3.427,3.391,3.403
1696795200000,3.403,3.424,3.385,3.393
1696809600000,3.393,3.425,3.365,3.404
1696824000000,3.404,3.422,3.38,3.381
1696838400000,3.381,3.383,3.224,3.282
1696852800000,3.282,3.288,3.227,3.245
1696867200000,3.245,3.257,3.145,3.214
1696881600000,3.214,3.239,3.19,3.223
1696896000000,3.223,3.233,3.188,3.217
1696910400000,3.217,3.234,3.207,3.223
1696924800000,3.223,3.234,3.199,3.201
1696939200000,3.201,3.226,3.191,3.192
1696953600000,3.192,3.205,3.168,3.202
1696968000000,3.202,3.205,3.162,3.192
1696982400000,3.192,3.207,3.102,3.147
1696996800000,3.147,3.167,3.144,3.149
1697011200000,3.149,3.189,3.145,3.168
1697025600000,3.168,3.178,3.114,3.14
1697040000000,3.14,3.147,3.118,3.143
1697054400000,3.143,3.176,3.134,3.174
1697068800000,3.174,3.175,3.144,3.156
1697083200000,3.156,3.163,3.146,3.153
1697097600000,3.153,3.189,3.121,3.18
1697112000000,3.18,3.202,3.167,3.198
1697126400000,3.198,3.239,3.176,3.217
1697140800000,3.217,3.227,3.202,3.207
1697155200000,3.207,3.225,3.192,3.201
1697169600000,3.201,3.228,3.187,3.214
1697184000000,3.214,3.221,3.205,3.21
1697198400000,3.21,3.222,3.173,3.184
1697212800000,3.184,3.203,3.181,3.194
1697227200000,3.194,3.245,3.192,3.206
1697241600000,3.206,3.233,3.201,3.231
1697256000000,3.231,3.233,3.207,3.214
1697270400000,3.214,3.219,3.205,3.21
1697284800000,3.21,3.221,3.197,3.219
1697299200000,3.219,3.225,3.211,3.225
1697313600000,3.225,3.226,3.208,3.208
1697328000000,3.208,3.23,3.199,3.209
1697342400000,3.209,3.217,3.202,3.207
1697356800000,3.207,3.218,3.204,3.205
1697371200000,3.205,3.215,3.194,3.203
1697385600000,3.203,3.228,3.198,3.22
1697400000000,3.22,3.236,3.209,3.221
1697414400000,3.221,3.244,3.219,3.237
1697428800000,3.237,3.295,3.229,3.27
1697443200000,3.27,3.278,3.246,3.27
1697457600000,3.27,3.367,3.205,3.223
1697472000000,3.223,3.254,3.212,3.241
1697486400000,3.241,3.261,3.222,3.247
1697500800000,3.247,3.249,3.221,3.221
1697515200000,3.221,3.244,3.214,3.242
1697529600000,3.242,3.256,3.237,3.246
1697544000000,3.246,3.247,3.114,3.203
1697558400000,3.203,3.214,3.168,3.195
1697572800000,3.195,3.217,3.179,3.204
1697587200000,3.204,3.204,3.173,3.191
1697601600000,3.191,3.237,3.188,3.193
1697616000000,3.193,3.213,3.179,3.195
1697630400000,3.195,3.204,3.171,3.183
1697644800000,3.183,3.19,3.155,3.162
1697659200000,3.162,3.18,3.152,3.17
1697673600000,3.17,3.189,3.123,3.161
1697688000000,3.161,3.164,3.148,3.161
1697702400000,3.161,3.163,3.142,3.157
1697716800000,3.157,3.178,3.15,3.162
1697731200000,3.162,3.184,3.153,3.18
1697745600000,3.18,3.195,3.171,3.189
1697760000000,3.189,3.231,3.172,3.217
1697774400000,3.217,3.232,3.209,3.22
1697788800000,3.22,3.286,3.219,3.25
1697803200000,3.25,3.261,3.214,3.223
1697817600000,3.223,3.229,3.205,3.229
1697832000000,3.229,3.234,3.206,3.211
1697846400000,3.211,3.217,3.2,3.214
1697860800000,3.214,3.244,3.214,3.24
1697875200000,3.24,3.256,3.23,3.253
1697889600000,3.253,3.327,3.234,3.326
1697904000000,3.326,3.375,3.316,3.373
1697918400000,3.373,3.373,3.332,3.337
1697932800000,3.337,3.384,3.332,3.356
1697947200000,3.356,3.448,3.309,3.362
1697961600000,3.362,3.386,3.342,3.355
1697976000000,3.355,3.399,3.339,3.352
1697990400000,3.352,3.393,3.35,3.381
1698004800000,3.381,3.42,3.365,3.42
1698019200000,3.42,3.537,3.395,3.515
1698033600000,3.515,3.527,3.428,3.456
1698048000000,3.456,3.502,3.431,3.465
1698062400000,3.465,3.474,3.419,3.46
1698076800000,3.46,3.905,3.457,3.814
1698091200000,3.814,3.95,3.77,3.86
1698105600000,3.86,3.945,3.804,3.806
1698120000000,3.806,3.917,3.752,3.83
1698134400000,3.83,3.985,3.824,3.903
1698148800000,3.903,3.977,3.676,3.779
1698163200000,3.779,3.857,3.72,3.822
1698177600000,3.822,3.872,3.762,3.834
1698192000000,3.834,3.981,3.801,3.857
1698206400000,3.857,3.87,3.683,3.73
1698220800000,3.73,3.791,3.707,3.76
1698235200000,3.76,3.853,3.748,3.84
1698249600000,3.84,3.849,3.722,3.761
1698264000000,3.761,3.772,3.708,3.77
1698278400000,3.77,3.846,3.752,3.84
1698292800000,3.84,3.862,3.742,3.862
1698307200000,3.862,3.878,3.721,3.759
1698321600000,3.759,3.823,3.544,3.685
1698336000000,3.685,3.716,3.671,3.697
1698350400000,3.697,3.755,3.691,3.735
1698364800000,3.735,3.737,3.626,3.676
1698379200000,3.676,3.694,3.615,3.64
1698393600000,3.64,3.679,3.597,3.636
1698408000000,3.636,3.703,3.617,3.66
1698422400000,3.66,3.67,3.513,3.592
1698436800000,3.592,3.604,3.57,3.59
1698451200000,3.59,3.651,3.587,3.651
1698465600000,3.651,3.681,3.641,3.653
1698480000000,3.653,3.7,3.642,3.664
1698494400000,3.664,3.678,3.609,3.675
1698508800000,3.675,3.735,3.655,3.705
1698523200000,3.705,3.754,3.698,3.736
1698537600000,3.736,3.737,3.635,3.675
1698552000000,3.675,3.755,3.665,3.752
1698566400000,3.752,3.787,3.736,3.782
1698580800000,3.782,3.834,3.753,3.81
1698595200000,3.81,3.833,3.781,3.815
1698609600000,3.815,3.842,3.776,3.792
1698624000000,3.792,3.835,3.768,3.778
1698638400000,3.778,3.816,3.751,3.769
1698652800000,3.769,3.868,3.761,3.853
1698667200000,3.853,3.877,3.824,3.852
1698681600000,3.852,3.852,3.727,3.834
1698696000000,3.834,3.873,3.812,3.858
1698710400000,3.858,3.947,3.813,3.825
1698724800000,3.825,3.851,3.783,3.8
1698739200000,3.8,3.884,3.745,3.873
1698753600000,3.873,3.883,3.689,3.76
1698768000000,3.76,3.83,3.747,3.817
1698782400000,3.817,3.855,3.802,3.827
1698796800000,3.827,3.842,3.779,3.787
1698811200000,3.787,3.801,3.711,3.756
1698825600000,3.756,3.778,3.706,3.739
1698840000000,3.739,3.82,3.711,3.748
1698854400000,3.748,3.941,3.742,3.901
1698868800000,3.901,4.0,3.9,3.942
1698883200000,3.942,3.989,3.893,3.958
1698897600000,3.958,3.97,3.872,3.921
1698912000000,3.921,3.949,3.881,3.929
1698926400000,3.929,3.978,3.812,3.82
1698940800000,3.82,4.149,3.777,4.045
1698955200000,4.045,4.191,4.01,4.094
1698969600000,4.094,4.098,3.889,3.947
1698984000000,3.947,4.033,3.899,4.013
1698998400000,4.013,4.068,3.942,3.959
1699012800000,3.959,3.997,3.922,3.98
1699027200000,3.98,3.992,3.839,3.891
1699041600000,3.891,3.935,3.883,3.924
1699056000000,3.924,3.941,3.895,3.937
1699070400000,3.937,3.959,3.914,3.943
1699084800000,3.943,3.989,3.927,3.954
1699099200000,3.954,3.993,3.908,3.929
1699113600000,3.929,3.967,3.917,3.952
1699128000000,3.952,4.03,3.951,4.004
1699142400000,4.004,4.061,3.982,4.058
1699156800000,4.058,4.074,4.024,4.064
1699171200000,4.064,4.153,4.032,4.118
1699185600000,4.118,4.157,4.002,4.074
1699200000000,4.074,4.149,4.066,4.112
1699214400000,4.112,4.137,4.019,4.113
1699228800000,4.113,4.2,4.107,4.128
1699243200000,4.128,4.139,4.061,4.136
1699257600000,4.136,4.255,4.119,4.254
1699272000000,4.254,4.373,4.251,4.331
1699286400000,4.331,4.409,4.276,4.349
1699300800000,4.349,4.382,4.315,4.343
1699315200000,4.343,4.354,4.253,4.3
1699329600000,4.3,4.339,4.266,4.323
1699344000000,4.323,4.336,4.212,4.235
1699358400000,4.235,4.312,4.128,4.164
1699372800000,4.164,4.293,4.078,4.255
1699387200000,4.255,4.296,4.214,4.24
1699401600000,4.24,4.286,4.217,4.262
1699416000000,4.262,4.313,4.248,4.283
1699430400000,4.283,4.326,4.271,4.299
1699444800000,4.299,4.327,4.249,4.316
1699459200000,4.316,4.42,4.308,4.382
1699473600000,4.382,4.478,4.372,4.437
1699488000000,4.437,4.603,4.409,4.531
1699502400000,4.531,4.703,4.528,4.575
1699516800000,4.575,4.669,4.555,4.626
1699531200000,4.626,4.681,4.517,4.548
1699545600000,4.548,4.592,4.085,4.344
1699560000000,4.344,4.507,4.249,4.504
1699574400000,4.504,4.656,4.476,4.516
1699588800000,4.516,4.55,4.413,4.439
1699603200000,4.439,4.55,4.374,4.545
1699617600000,4.545,4.551,4.374,4.468
1699632000000,4.468,4.547,4.461,4.518
1699646400000,4.518,4.604,4.508,4.587
1699660800000,4.587,4.638,4.521,4.58
1699675200000,4.58,4.593,4.451,4.546
1699689600000,4.546,4.641,4.516,4.573
1699704000000,4.573,4.899,4.548,4.773
1699718400000,4.773,4.908,4.772,4.822
1699732800000,4.822,4.825,4.664,4.742
1699747200000,4.742,4.76,4.546,4.698
1699761600000,4.698,4.868,4.648,4.843
1699776000000,4.843,4.897,4.776,4.813
1699790400000,4.813,4.878,4.718,4.845
1699804800000,4.845,4.949,4.777,4.921
1699819200000,4.921,5.269,4.902,5.15
1699833600000,5.15,5.688,5.104,5.365
1699848000000,5.365,5.617,5.321,5.535
1699862400000,5.535,5.655,5.403,5.47
1699876800000,5.47,5.57,5.206,5.412
1699891200000,5.412,5.489,5.163,5.285
1699905600000,5.285,5.317,4.986,5.014
1699920000000,5.014,5.111,4.881,5.029
1699934400000,5.029,5.15,5.005,5.12
1699948800000,5.12,5.167,4.805,4.903
1699963200000,4.903,5.089,4.822,4.953
1699977600000,4.953,5.016,4.57,4.74
1699992000000,4.74,4.823,4.721,4.795
1700006400000,4.795,4.875,4.778,4.819
1700020800000,4.819,4.919,4.816,4.892
1700035200000,4.892,5.153,4.892,5.131
1700049600000,5.131,5.272,5.077,5.148
1700064000000,5.148,5.271,5.061,5.261
1700078400000,5.261,5.297,5.186,5.224
1700092800000,5.224,5.431,5.223,5.334
1700107200000,5.334,5.345,5.223,5.243
1700121600000,5.243,5.267,5.085,5.143
1700136000000,5.143,5.145,4.879,4.961
1700150400000,4.961,5.033,4.75,4.888
1700164800000,4.888,4.918,4.773,4.854
1700179200000,4.854,4.975,4.839,4.922
1700193600000,4.922,4.942,4.819,4.833
1700208000000,4.833,4.895,4.698,4.746
1700222400000,4.746,4.819,4.523,4.551
1700236800000,4.551,4.724,4.525,4.666
1700251200000,4.666,4.779,4.644,4.738
1700265600000,4.738,4.74,4.593,4.601
1700280000000,4.601,4.638,4.38,4.519
1700294400000,4.519,4.602,4.499,4.566
1700308800000,4.566,4.703,4.491,4.694
1700323200000,4.694,4.74,4.633,4.726
1700337600000,4.726,4.744,4.683,4.719
1700352000000,4.719,4.721,4.607,4.718
1700366400000,4.718,4.791,4.702,4.773
1700380800000,4.773,4.82,4.688,4.73
1700395200000,4.73,4.831,4.715,4.811
1700409600000,4.811,4.877,4.782,4.876
1700424000000,4.876,4.92,4.816,4.884
1700438400000,4.884,4.907,4.804,4.818
1700452800000,4.818,4.842,4.767,4.841
1700467200000,4.841,4.89,4.79,4.805
1700481600000,4.805,4.838,4.659,4.807
1700496000000,4.807,4.88,4.72,4.74
1700510400000,4.74,4.757,4.611,4.69
1700524800000,4.69,4.743,4.559,4.655
1700539200000,4.655,4.689,4.579,4.591
1700553600000,4.591,4.632,4.558,4.58
1700568000000,4.58,4.612,4.354,4.515
1700582400000,4.515,4.57,4.278,4.39
1700596800000,4.39,4.468,4.146,4.196
1700611200000,4.196,4.372,4.188,4.366
1700625600000,4.366,4.396,4.342,4.354
1700640000000,4.354,4.395,4.348,4.358
1700654400000,4.358,4.419,4.337,4.372
1700668800000,4.372,4.469,4.322,4.455
1700683200000,4.455,4.541,4.444,4.472
1700697600000,4.472,4.538,4.461,4.494
1700712000000,4.494,4.538,4.483,4.513
1700726400000,4.513,4.566,4.457,4.495
1700740800000,4.495,4.506,4.414,4.428
1700755200000,4.428,4.473,4.424,4.449
1700769600000,4.449,4.501,4.447,4.488
1700784000000,4.488,4.575,4.481,4.542
1700798400000,4.542,4.591,4.518,4.589
1700812800000,4.589,4.689,4.585,4.648
1700827200000,4.648,4.683,4.59,4.653
1700841600000,4.653,4.713,4.59,4.611
1700856000000,4.611,4.655,4.583,4.644
1700870400000,4.644,4.761,4.608,4.717
1700884800000,4.717,4.729,4.683,4.717
1700899200000,4.717,4.738,4.623,4.654
1700913600000,4.654,4.71,4.65,4.686
1700928000000,4.686,4.753,4.686,4.727
1700942400000,4.727,4.787,4.722,4.782
1700956800000,4.782,4.817,4.706,4.735
1700971200000,4.735,4.772,4.716,4.728
1700985600000,4.728,4.737,4.661,4.671
1701000000000,4.671,4.684,4.56,4.568
1701014400000,4.568,4.586,4.444,4.55
1701028800000,4.55,4.631,4.535,4.596
1701043200000,4.596,4.649,4.497,4.538
1701057600000,4.538,4.579,4.459,4.519
1701072000000,4.519,4.56,4.455,4.484
1701086400000,4.484,4.51,4.42,4.486
1701100800000,4.486,4.599,4.427,4.476
1701115200000,4.476,4.544,4.448,4.543
1701129600000,4.543,4.588,4.5,4.515
1701144000000,4.515,4.534,4.354,4.402
1701158400000,4.402,4.475,4.375,4.458
1701172800000,4.458,4.504,4.433,4.501
1701187200000,4.501,4.59,4.474,4.564
1701201600000,4.564,4.574,4.506,4.536
1701216000000,4.536,4.556,4.505,4.532
1701230400000,4.532,4.6,4.516,4.562
1701244800000,4.562,4.6,4.484,4.517
1701259200000,4.517,4.534,4.411,4.447
1701273600000,4.447,4.477,4.413,4.452
1701288000000,4.452,4.453,4.414,4.436
1701302400000,4.436,4.445,4.377,4.445
1701316800000,4.445,4.454,4.396,4.403
1701331200000,4.403,4.411,4.356,4.404
1701345600000,4.404,4.424,4.331,4.378
1701360000000,4.378,4.405,4.361,4.38
1701374400000,4.38,4.4,4.364,4.387
1701388800000,4.387,4.454,4.352,4.44
1701403200000,4.44,4.46,4.423,4.443
1701417600000,4.443,4.512,4.442,4.511
1701432000000,4.511,4.557,4.484,4.493
1701446400000,4.493,4.543,4.471,4.515
1701460800000,4.515,4.522,4.496,4.511
1701475200000,4.511,4.56,4.498,4.532
1701489600000,4.532,4.562,4.523,4.549
1701504000000,4.549,4.583,4.533,4.545
1701518400000,4.545,4.625,4.531,4.589
1701532800000,4.589,4.673,4.561,4.658
1701547200000,4.658,4.735,4.654,4.667
1701561600000,4.667,4.726,4.622,4.635
1701576000000,4.635,4.648,4.596,4.631
1701590400000,4.631,4.653,4.576,4.611
1701604800000,4.611,4.641,4.557,4.586
1701619200000,4.586,4.61,4.438,4.503
1701633600000,4.503,4.625,4.502,4.579
1701648000000,4.579,4.704,4.573,4.663
1701662400000,4.663,4.803,4.663,4.75
1701676800000,4.75,4.857,4.411,4.645
1701691200000,4.645,4.785,4.577,4.617
1701705600000,4.617,4.661,4.599,4.657
1701720000000,4.657,4.741,4.63,4.739
1701734400000,4.739,4.831,4.657,4.705
1701748800000,4.705,4.743,4.582,4.623
1701763200000,4.623,4.652,4.553,4.597
1701777600000,4.597,4.678,4.556,4.672
1701792000000,4.672,4.825,4.652,4.788
1701806400000,4.788,4.864,4.74,4.791
1701820800000,4.791,4.854,4.717,4.739
1701835200000,4.739,4.775,4.619,4.757
1701849600000,4.757,4.847,4.628,4.705
1701864000000,4.705,4.802,4.686,4.778
1701878400000,4.778,4.846,4.766,4.84
1701892800000,4.84,4.859,4.724,4.742
1701907200000,4.742,4.838,4.735,4.815
1701921600000,4.815,5.087,4.81,4.995
1701936000000,4.995,5.019,4.768,4.896
1701950400000,4.896,5.006,4.872,4.973
1701964800000,4.973,5.06,4.95,5.025
1701979200000,5.025,5.059,4.936,5.04
1701993600000,5.04,5.072,4.963,5.011
1702008000000,5.011,5.055,4.941,4.961
1702022400000,4.961,5.135,4.946,5.121
1702036800000,5.121,5.262,5.064,5.207
1702051200000,5.207,5.24,5.156,5.201
1702065600000,5.201,5.249,5.195,5.228
1702080000000,5.228,5.484,5.228,5.441
1702094400000,5.441,5.46,5.385,5.44
1702108800000,5.44,5.499,5.218,5.355
1702123200000,5.355,5.449,5.283,5.362
1702137600000,5.362,5.403,5.228,5.248
1702152000000,5.248,5.27,5.06,5.132
1702166400000,5.132,5.214,5.132,5.208
1702180800000,5.208,5.235,5.105,5.145
1702195200000,5.145,5.162,4.973,5.048
1702209600000,5.048,5.11,5.046,5.094
1702224000000,5.094,5.104,5.007,5.07
1702238400000,5.07,5.188,5.067,5.156
1702252800000,5.156,5.217,4.37,4.822
1702267200000,4.822,4.86,4.576,4.69
1702281600000,4.69,4.749,4.655,4.727
1702296000000,4.727,4.74,4.622,4.691
1702310400000,4.691,4.703,4.459,4.569
1702324800000,4.569,4.629,4.539,4.62
1702339200000,4.62,4.743,4.612,4.695
1702353600000,4.695,4.756,4.641,4.753
1702368000000,4.753,4.77,4.702,4.738
1702382400000,4.738,4.762,4.577,4.632
1702396800000,4.632,4.646,4.496,4.633
1702411200000,4.633,4.663,4.553,4.655
1702425600000,4.655,4.678,4.46,4.515
1702440000000,4.515,4.566,4.416,4.5
1702454400000,4.5,4.549,4.467,4.476
1702468800000,4.476,4.643,4.47,4.62
1702483200000,4.62,4.712,4.557,4.706
1702497600000,4.706,4.776,4.68,4.729
1702512000000,4.729,4.741,4.672,4.696
1702526400000,4.696,4.811,4.678,4.791
1702540800000,4.791,4.854,4.746,4.847
1702555200000,4.847,4.857,4.535,4.743
1702569600000,4.743,4.809,4.725,4.776
1702584000000,4.776,4.895,4.741,4.866
1702598400000,4.866,4.867,4.763,4.783
1702612800000,4.783,4.787,4.688,4.699
1702627200000,4.699,4.824,4.676,4.764
1702641600000,4.764,4.914,4.68,4.859
1702656000000,4.859,4.987,4.819,4.902
1702670400000,4.902,4.984,4.766,4.813
1702684800000,4.813,4.931,4.706,4.916
1702699200000,4.916,5.303,4.889,5.25
1702713600000,5.25,5.31,5.168,5.245
1702728000000,5.245,5.443,5.236,5.351
1702742400000,5.351,6.203,5.336,5.872
1702756800000,5.872,5.957,5.634,5.707
1702771200000,5.707,5.753,5.435,5.673
1702785600000,5.673,5.779,5.459,5.643
1702800000000,5.643,5.769,5.519,5.698
1702814400000,5.698,5.797,5.463,5.569
1702828800000,5.569,5.786,5.525,5.628
1702843200000,5.628,5.684,5.25,5.287
1702857600000,5.287,5.318,5.062,5.163
1702872000000,5.163,5.197,5.038,5.068
1702886400000,5.068,5.14,4.868,5.03
1702900800000,5.03,5.148,4.991,5.088
1702915200000,5.088,5.414,5.044,5.321
1702929600000,5.321,5.402,5.258,5.309
1702944000000,5.309,5.453,5.268,5.402
1702958400000,5.402,5.445,5.312,5.372
1702972800000,5.372,5.409,5.228,5.253
1702987200000,5.253,5.292,5.114,5.161
1703001600000,5.161,5.207,5.04,5.116
1703016000000,5.116,5.14,5.055,5.11
1703030400000,5.11,5.183,5.069,5.145
1703044800000,5.145,5.244,5.129,5.24
1703059200000,5.24,5.266,5.168,5.213
1703073600000,5.213,5.377,5.184,5.332
1703088000000,5.332,5.398,5.261,5.289
1703102400000,5.289,5.359,5.173,5.336
1703116800000,5.336,5.378,5.282,5.321
1703131200000,5.321,5.467,5.272,5.434
1703145600000,5.434,5.461,5.363,5.388
1703160000000,5.388,5.462,5.298,5.326
1703174400000,5.326,5.529,5.313,5.499
1703188800000,5.499,5.552,5.474,5.506
1703203200000,5.506,5.71,5.495,5.656
1703217600000,5.656,5.803,5.482,5.561
1703232000000,5.561,5.642,5.44,5.564
1703246400000,5.564,5.581,5.447,5.513
1703260800000,5.513,5.538,5.428,5.463
1703275200000,5.463,5.543,5.46,5.535
1703289600000,5.535,5.558,5.289,5.327
1703304000000,5.327,5.386,5.281,5.351
1703318400000,5.351,5.391,5.337,5.372
1703332800000,5.372,5.457,5.357,5.428
1703347200000,5.428,5.555,5.406,5.468
1703361600000,5.468,5.655,5.453,5.651
1703376000000,5.651,5.675,5.581,5.592
1703390400000,5.592,5.634,5.424,5.55
1703404800000,5.55,5.742,5.517,5.655
1703419200000,5.655,5.777,5.574,5.732
1703433600000,5.732,5.76,5.657,5.726
1703448000000,5.726,5.756,5.451,5.644
1703462400000,5.644,5.902,5.642,5.747
1703476800000,5.747,5.855,5.697,5.744
1703491200000,5.744,5.764,5.581,5.638
1703505600000,5.638,5.846,5.583,5.806
1703520000000,5.806,5.826,5.708,5.736
1703534400000,5.736,5.849,5.657,5.797
1703548800000,5.797,5.808,5.69,5.73
1703563200000,5.73,5.761,5.511,5.594
1703577600000,5.594,5.632,5.504,5.616
1703592000000,5.616,5.802,5.612,5.724
1703606400000,5.724,5.828,5.11,5.499
1703620800000,5.499,5.801,5.489,5.766
1703635200000,5.766,5.789,5.506,5.541
1703649600000,5.541,5.712,5.541,5.675
1703664000000,5.675,5.766,5.655,5.723
1703678400000,5.723,5.866,5.693,5.803
1703692800000,5.803,6.1,5.801,6.096
1703707200000,6.096,6.1,5.915,5.938
1703721600000,5.938,6.078,5.919,5.983
1703736000000,5.983,6.065,5.81,5.88
1703750400000,5.88,6.159,5.85,6.1
1703764800000,6.1,6.177,5.805,5.95
1703779200000,5.95,6.2,5.909,6.122
1703793600000,6.122,6.309,5.973,6.26
1703808000000,6.26,6.317,5.82,6.13
1703822400000,6.13,6.212,5.993,6.012
1703836800000,6.012,6.132,6.008,6.036
1703851200000,6.036,6.25,5.814,5.936
1703865600000,5.936,5.98,5.407,5.878
1703880000000,5.878,5.883,5.647,5.821
1703894400000,5.821,5.989,5.815,5.885
1703908800000,5.885,5.955,5.858,5.88
1703923200000,5.88,5.887,5.737,5.824
1703937600000,5.824,5.96,5.768,5.946
1703952000000,5.946,5.991,5.871,5.889
1703966400000,5.889,6.104,5.799,6.015
1703980800000,6.015,6.19,5.881,6.046
1703995200000,6.046,6.21,6.01,6.158
1704009600000,6.158,6.311,6.097,6.29
1704024000000,6.29,6.775,6.273,6.68
1704038400000,6.68,7.212,6.603,7.16
1704052800000,7.16,7.485,6.577,6.929
1704067200000,6.929,7.177,6.747,6.887
1704081600000,6.887,7.105,6.741,6.994
1704096000000,6.994,7.452,6.979,7.425
1704110400000,7.425,8.132,7.221,7.863
1704124800000,7.863,7.988,7.49,7.705
1704139200000,7.705,7.756,7.518,7.585
1704153600000,7.585,7.841,7.398,7.557
1704168000000,7.557,7.705,7.469,7.637
1704182400000,7.637,7.895,7.518,7.805
1704196800000,7.805,7.827,7.209,7.395
1704211200000,7.395,7.467,7.174,7.249
1704225600000,7.249,7.305,7.115,7.184
1704240000000,7.184,7.329,7.153,7.277
1704254400000,7.277,7.76,7.262,7.448
1704268800000,7.448,7.598,6.927,7.07
1704283200000,7.07,7.076,5.381,6.544
1704297600000,6.544,6.599,5.699,6.233
1704312000000,6.233,6.446,6.219,6.289
1704326400000,6.289,6.451,6.156,6.38
1704340800000,6.38,6.448,6.303,6.314
1704355200000,6.314,6.485,6.259,6.392
1704369600000,6.392,6.65,6.35,6.631
1704384000000,6.631,6.639,6.481,6.52
1704398400000,6.52,6.637,6.428,6.502
1704412800000,6.502,6.552,5.975,6.297
1704427200000,6.297,6.335,6.206,6.211
1704441600000,6.211,6.285,5.983,6.029
1704456000000,6.029,6.156,5.811,5.929
1704470400000,5.929,5.994,5.745,5.933
1704484800000,5.933,6.155,5.933,6.154
1704499200000,6.154,6.293,6.059,6.185
1704513600000,6.185,6.239,5.72,5.865
1704528000000,5.865,6.061,5.808,6.054
1704542400000,6.054,6.154,5.924,5.994
1704556800000,5.994,6.041,5.815,5.862
1704571200000,5.862,5.93,5.741,5.894
1704585600000,5.894,6.002,5.882,5.921
1704600000000,5.921,6.054,5.916,6.011
1704614400000,6.011,6.08,5.857,5.97
1704628800000,5.97,6.147,5.908,5.943
1704643200000,5.943,5.962,5.735,5.91
1704657600000,5.91,5.936,5.488,5.621
1704672000000,5.621,5.653,5.054,5.239
1704686400000,5.239,5.443,5.207,5.383
1704700800000,5.383,5.544,5.335,5.536
1704715200000,5.536,5.643,5.504,5.558
1704729600000,5.558,5.804,5.471,5.788
1704744000000,5.788,5.899,5.711,5.857
1704758400000,5.857,5.902,5.713,5.757
1704772800000,5.757,5.876,5.709,5.826
1704787200000,5.826,5.837,5.58,5.623
1704801600000,5.623,5.647,5.305,5.398
1704816000000,5.398,5.425,5.252,5.332
1704830400000,5.332,5.497,5.215,5.49
1704844800000,5.49,5.645,5.468,5.519
1704859200000,5.519,5.581,5.491,5.53
1704873600000,5.53,5.652,5.427,5.53
1704888000000,5.53,5.551,5.255,5.471
1704902400000,5.471,5.651,5.414,5.622
1704916800000,5.622,6.092,5.439,5.947
1704931200000,5.947,6.224,5.883,6.153
1704945600000,6.153,6.264,5.973,6.055
1704960000000,6.055,6.331,6.039,6.266
1704974400000,6.266,6.418,6.064,6.144
1704988800000,6.144,6.502,6.028,6.482
1705003200000,6.482,6.505,6.277,6.461
1705017600000,6.461,6.487,6.184,6.189
1705032000000,6.189,6.324,6.175,6.24
1705046400000,6.24,6.354,6.161,6.275
1705060800000,6.275,6.354,6.039,6.071
1705075200000,6.071,6.148,5.819,6.098
1705089600000,6.098,6.253,5.75,5.975
1705104000000,5.975,6.039,5.71,5.875
1705118400000,5.875,6.054,5.841,5.999
1705132800000,5.999,6.047,5.871,5.955
1705147200000,5.955,6.149,5.915,6.121
1705161600000,6.121,6.161,5.982,6.049
1705176000000,6.049,6.096,5.985,6.03
1705190400000,6.03,6.048,5.911,5.994
1705204800000,5.994,6.062,5.938,6.043
1705219200000,6.043,6.299,6.032,6.085
1705233600000,6.085,6.241,6.058,6.188
1705248000000,6.188,6.268,5.926,5.944
1705262400000,5.944,6.014,5.794,5.816
1705276800000,5.816,5.971,5.811,5.92
1705291200000,5.92,5.957,5.864,5.905
1705305600000,5.905,5.995,5.865,5.966
1705320000000,5.966,6.012,5.822,5.853
1705334400000,5.853,6.144,5.845,6.073
1705348800000,6.073,6.099,5.871,5.93
1705363200000,5.93,5.996,5.914,5.956
1705377600000,5.956,5.959,5.86,5.923
1705392000000,5.923,5.967,5.844,5.879
1705406400000,5.879,5.952,5.726,5.871
1705420800000,5.871,5.892,5.765,5.846
1705435200000,5.846,5.944,5.829,5.86
1705449600000,5.86,5.909,5.815,5.815
1705464000000,5.815,5.83,5.675,5.702
1705478400000,5.702,5.772,5.657,5.74
1705492800000,5.74,5.75,5.625,5.652
1705507200000,5.652,5.808,5.605,5.798
1705521600000,5.798,5.822,5.715,5.793
1705536000000,5.793,5.84,5.687,5.741
1705550400000,5.741,5.874,5.732,5.863
1705564800000,5.863,5.926,5.779,5.848
1705579200000,5.848,5.98,5.743,5.903
1705593600000,5.903,5.903,5.479,5.541
1705608000000,5.541,5.619,5.504,5.616
1705622400000,5.616,5.637,5.34,5.458
1705636800000,5.458,5.527,5.442,5.497
1705651200000,5.497,5.532,5.453,5.516
1705665600000,5.516,5.531,5.346,5.388
1705680000000,5.388,5.439,5.126,5.424
1705694400000,5.424,5.482,5.381,5.479
1705708800000,5.479,5.515,5.393,5.492
1705723200000,5.492,5.497,5.419,5.452
1705737600000,5.452,5.482,5.397,5.449
1705752000000,5.449,5.47,5.384,5.426
1705766400000,5.426,5.47,5.402,5.47
1705780800000,5.47,5.554,5.458,5.518
1705795200000,5.518,5.555,5.459,5.533
1705809600000,5.533,5.566,5.484,5.513
1705824000000,5.513,5.555,5.505,5.517
1705838400000,5.517,5.555,5.461,5.481
1705852800000,5.481,5.488,5.414,5.449
1705867200000,5.449,5.468,5.358,5.366
1705881600000,5.366,5.407,5.228,5.269
1705896000000,5.269,5.309,5.192,5.259
1705910400000,5.259,5.277,5.165,5.212
1705924800000,5.212,5.306,5.097,5.232
1705939200000,5.232,5.258,5.007,5.094
1705953600000,5.094,5.189,5.016,5.047
1705968000000,5.047,5.14,5.023,5.098
1705982400000,5.098,5.139,4.974,5.009
1705996800000,5.009,5.037,4.644,4.749
1706011200000,4.749,4.875,4.612,4.833
1706025600000,4.833,4.886,4.764,4.773
1706040000000,4.773,4.898,4.745,4.893
1706054400000,4.893,4.918,4.81,4.833
1706068800000,4.833,4.887,4.792,4.857
1706083200000,4.857,4.973,4.843,4.917
1706097600000,4.917,4.958,4.836,4.94
1706112000000,4.94,5.028,4.895,4.939
1706126400000,4.939,5.014,4.885,5.01
1706140800000,5.01,5.036,4.934,4.963
1706155200000,4.963,4.986,4.894,4.973
1706169600000,4.973,4.978,4.888,4.946
1706184000000,4.946,4.964,4.821,4.854
1706198400000,4.854,4.983,4.826,4.974
1706212800000,4.974,4.993,4.932,4.966
1706227200000,4.966,5.009,4.903,4.974
1706241600000,4.974,4.991,4.927,4.934
1706256000000,4.934,5.135,4.933,5.12
1706270400000,5.12,5.22,5.09,5.18
1706284800000,5.18,5.231,5.145,5.16
1706299200000,5.16,5.185,5.124,5.174
1706313600000,5.174,5.212,5.164,5.19
1706328000000,5.19,5.198,5.11,5.144
1706342400000,5.144,5.288,5.114,5.255
1706356800000,5.255,5.294,5.219,5.258
1706371200000,5.258,5.396,5.232,5.378
1706385600000,5.378,5.39,5.308,5.328
1706400000000,5.328,5.391,5.308,5.39
1706414400000,5.39,5.413,5.295,5.303
1706428800000,5.303,5.344,5.233,5.271
1706443200000,5.271,5.286,5.19,5.264
1706457600000,5.264,5.297,5.143,5.195
1706472000000,5.195,5.227,5.125,5.197
1706486400000,5.197,5.283,5.167,5.251
1706500800000,5.251,5.271,5.206,5.211
1706515200000,5.211,5.273,5.186,5.228
1706529600000,5.228,5.247,5.103,5.246
1706544000000,5.246,5.376,5.215,5.312
1706558400000,5.312,5.364,5.293,5.338
1706572800000,5.338,5.383,5.277,5.288
1706587200000,5.288,5.308,5.246,5.274
1706601600000,5.274,5.329,5.255,5.32
1706616000000,5.32,5.333,5.181,5.259
1706630400000,5.259,5.33,5.234,5.288
1706644800000,5.288,5.298,5.126,5.157
1706659200000,5.157,5.179,5.058,5.132
1706673600000,5.132,5.153,5.091,5.127
1706688000000,5.127,5.132,4.971,5.008
1706702400000,5.008,5.062,4.937,5.06
1706716800000,5.06,5.097,5.018,5.067
1706731200000,5.067,5.071,4.886,4.956
1706745600000,4.956,5.001,4.859,4.924
1706760000000,4.924,4.947,4.889,4.904
1706774400000,4.904,4.923,4.85,4.866
1706788800000,4.866,4.999,4.858,4.951
1706803200000,4.951,4.986,4.889,4.953
1706817600000,4.953,4.984,4.932,4.973
1706832000000,4.973,5.041,4.952,5.007
1706846400000,5.007,5.059,5.001,5.048
1706860800000,5.048,5.056,4.996,5.038
1706875200000,5.038,5.075,4.931,5.07
1706889600000,5.07,5.082,4.979,5.025
1706904000000,5.025,5.075,5.006,5.044
1706918400000,5.044,5.314,5.027,5.205
1706932800000,5.205,5.208,5.148,5.172
1706947200000,5.172,5.266,5.169,5.239
1706961600000,5.239,5.261,5.103,5.165
1706976000000,5.165,5.175,5.107,5.129
1706990400000,5.129,5.133,5.051,5.063
1707004800000,5.063,5.065,4.977,5.029
1707019200000,5.029,5.03,4.961,4.99
1707033600000,4.99,5.057,4.978,5.038
1707048000000,5.038,5.051,4.991,5.015
1707062400000,5.015,5.036,4.935,4.957
1707076800000,4.957,5.002,4.879,4.924
1707091200000,4.924,4.966,4.853,4.96
1707105600000,4.96,5.006,4.937,4.996
1707120000000,4.996,5.014,4.971,5.007
1707134400000,5.007,5.042,4.936,4.954
1707148800000,4.954,4.999,4.932,4.985
1707163200000,4.985,5.008,4.926,4.996
1707177600000,4.996,5.035,4.985,5.007
1707192000000,5.007,5.016,4.984,5.008
1707206400000,5.008,5.038,4.952,4.984
1707220800000,4.984,5.027,4.938,5.019
1707235200000,5.019,5.138,4.99,5.123
1707249600000,5.123,5.144,5.056,5.069
1707264000000,5.069,5.084,5.021,5.026
1707278400000,5.026,5.043,4.975,5.004
1707292800000,5.004,5.035,4.979,5.002
1707307200000,5.002,5.066,4.995,5.049
1707321600000,5.049,5.159,5.045,5.13
1707336000000,5.13,5.196,5.13,5.185
1707350400000,5.185,5.236,5.173,5.194
1707364800000,5.194,5.218,5.141,5.171
1707379200000,5.171,5.188,5.143,5.157
1707393600000,5.157,5.269,5.144,5.263
1707408000000,5.263,5.274,5.159,5.196
1707422400000,5.196,5.229,5.19,5.224
1707436800000,5.224,5.336,5.216,5.327
1707451200000,5.327,5.356,5.319,5.342
1707465600000,5.342,5.357,5.297,5.34
1707480000000,5.34,5.388,5.255,5.388
1707494400000,5.388,5.398,5.307,5.346
1707508800000,5.346,5.556,5.344,5.474
1707523200000,5.474,5.502,5.4,5.456
1707537600000,5.456,5.47,5.415,5.419
1707552000000,5.419,5.432,5.279,5.34
1707566400000,5.34,5.364,5.296,5.351
1707580800000,5.351,5.352,5.3,5.335
1707595200000,5.335,5.4,5.324,5.355
1707609600000,5.355,5.423,5.346,5.412
1707624000000,5.412,5.447,5.383,5.419
1707638400000,5.419,5.437,5.374,5.409
1707652800000,5.409,5.419,5.319,5.357
1707667200000,5.357,5.388,5.322,5.348
1707681600000,5.348,5.363,5.264,5.311
1707696000000,5.311,5.379,5.221,5.288
1707710400000,5.288,5.308,5.239,5.294
1707724800000,5.294,5.31,5.21,5.246
1707739200000,5.246,5.392,5.225,5.379
1707753600000,5.379,5.499,5.332,5.406
1707768000000,5.406,5.469,5.406,5.457
1707782400000,5.457,5.496,5.367,5.39
1707796800000,5.39,5.489,5.39,5.484
1707811200000,5.484,5.548,5.461,5.497
1707825600000,5.497,5.504,5.334,5.449
1707840000000,5.449,5.507,5.421,5.445
1707854400000,5.445,5.514,5.439,5.493
1707868800000,5.493,5.511,5.449,5.491
1707883200000,5.491,5.539,5.462,5.536
1707897600000,5.536,5.669,5.503,5.646
1707912000000,5.646,5.655,5.538,5.576
1707926400000,5.576,5.578,5.512,5.578
1707940800000,5.578,5.623,5.561,5.598
1707955200000,5.598,5.778,5.598,5.766
1707969600000,5.766,5.785,5.648,5.709
1707984000000,5.709,5.766,5.688,5.715
1707998400000,5.715,5.904,5.686,5.805
1708012800000,5.805,5.942,5.742,5.842
1708027200000,5.842,5.887,5.763,5.879
1708041600000,5.879,5.927,5.834,5.896
1708056000000,5.896,6.0,5.858,5.874
1708070400000,5.874,5.982,5.819,5.938
1708084800000,5.938,5.954,5.645,5.743
1708099200000,5.743,5.802,5.653,5.672
1708113600000,5.672,5.828,5.665,5.796
1708128000000,5.796,5.832,5.706,5.761
1708142400000,5.761,6.314,5.714,6.286
1708156800000,6.286,6.404,6.073,6.199
1708171200000,6.199,6.234,5.883,6.016
1708185600000,6.016,6.21,5.971,6.181
1708200000000,6.181,6.292,6.157,6.219
1708214400000,6.219,6.296,6.124,6.248
1708228800000,6.248,6.448,6.113,6.213
1708243200000,6.213,6.252,6.117,6.161
1708257600000,6.161,6.187,6.072,6.126
1708272000000,6.126,6.36,6.092,6.311
1708286400000,6.311,6.386,6.237,6.287
1708300800000,6.287,6.457,6.225,6.432
1708315200000,6.432,6.579,6.4,6.532
1708329600000,6.532,6.792,6.399,6.626
1708344000000,6.626,6.883,6.538,6.808
1708358400000,6.808,7.369,6.763,7.295
1708372800000,7.295,7.817,7.232,7.412
1708387200000,7.412,7.828,7.226,7.243
1708401600000,7.243,7.73,7.217,7.637
1708416000000,7.637,7.919,7.402,7.877
1708430400000,7.877,8.014,6.955,7.375
1708444800000,7.375,7.795,7.169,7.543
1708459200000,7.543,7.782,7.457,7.723
1708473600000,7.723,7.769,7.338,7.514
1708488000000,7.514,7.531,7.127,7.155
1708502400000,7.155,7.462,7.061,7.323
1708516800000,7.323,7.529,6.853,6.96
1708531200000,6.96,7.13,6.817,7.09
1708545600000,7.09,7.269,7.005,7.252
1708560000000,7.252,7.415,7.084,7.382
1708574400000,7.382,7.572,7.304,7.528
1708588800000,7.528,7.637,7.409,7.532
1708603200000,7.532,7.827,7.321,7.75
1708617600000,7.75,8.467,7.734,8.375
1708632000000,8.375,8.49,8.031,8.078
1708646400000,8.078,8.335,8.005,8.264
1708660800000,8.264,8.48,8.102,8.182
1708675200000,8.182,8.269,8.056,8.136
1708689600000,8.136,8.596,7.831,7.92
1708704000000,7.92,8.279,7.803,8.179
1708718400000,8.179,8.245,7.895,8.018
1708732800000,8.018,8.104,7.702,7.907
1708747200000,7.907,8.246,7.902,8.122
1708761600000,8.122,8.122,7.912,7.957
1708776000000,7.957,7.975,7.771,7.785
1708790400000,7.785,7.953,7.756,7.917
1708804800000,7.917,8.124,7.81,8.1
1708819200000,8.1,8.398,7.974,8.199
1708833600000,8.199,8.342,8.156,8.313
1708848000000,8.313,8.54,8.185,8.442
1708862400000,8.442,8.63,8.31,8.338
1708876800000,8.338,8.368,8.135,8.222
1708891200000,8.222,8.267,8.04,8.129
1708905600000,8.129,8.337,8.058,8.157
1708920000000,8.157,8.16,7.947,7.998
1708934400000,7.998,8.043,7.816,7.876
1708948800000,7.876,8.112,7.823,8.087
1708963200000,8.087,8.221,7.872,8.04
1708977600000,8.04,8.167,7.953,8.15
1708992000000,8.15,8.334,8.03,8.126
1709006400000,8.126,8.325,8.107,8.136
1709020800000,8.136,8.252,8.053,8.112
1709035200000,8.112,8.166,7.425,7.668
1709049600000,7.668,7.784,7.552,7.602
1709064000000,7.602,7.704,7.551,7.673
1709078400000,7.673,8.155,7.654,8.043
1709092800000,8.043,8.055,7.838,7.971
1709107200000,7.971,8.063,7.681,7.778
1709121600000,7.778,8.189,7.731,7.969
1709136000000,7.969,8.131,6.561,7.451
1709150400000,7.451,7.742,7.378,7.724
1709164800000,7.724,7.831,7.562,7.639
1709179200000,7.639,8.059,7.59,8.039
1709193600000,8.039,8.278,8.013,8.25
1709208000000,8.25,8.403,8.107,8.219
1709222400000,8.219,8.905,8.036,8.607
1709236800000,8.607,8.647,7.88,8.157
1709251200000,8.157,8.516,8.088,8.37
1709265600000,8.37,8.424,8.161,8.183
1709280000000,8.183,8.329,8.094,8.147
1709294400000,8.147,8.347,7.945,8.001
1709308800000,8.001,8.194,7.997,8.119
1709323200000,8.119,8.251,8.075,8.214
1709337600000,8.214,8.622,8.09,8.541
1709352000000,8.541,8.893,8.453,8.755
1709366400000,8.755,9.042,8.522,8.746
1709380800000,8.746,8.982,8.614,8.713
1709395200000,8.713,9.248,8.618,9.185
1709409600000,9.185,9.542,9.094,9.336
1709424000000,9.336,9.365,9.047,9.311
1709438400000,9.311,9.319,8.538,9.016
1709452800000,9.016,9.886,8.983,9.756
1709467200000,9.756,10.693,9.608,10.429
1709481600000,10.429,10.822,10.359,10.687
1709496000000,10.687,10.908,10.444,10.541
1709510400000,10.541,10.846,10.069,10.11
1709524800000,10.11,10.36,10.082,10.205
1709539200000,10.205,10.428,9.789,9.956
1709553600000,9.956,10.134,9.757,10.038
1709568000000,10.038,10.192,9.741,10.045
1709582400000,10.045,10.445,9.971,10.034
1709596800000,10.034,10.466,9.983,10.019
1709611200000,10.019,10.549,10.002,10.207
1709625600000,10.207,10.396,10.071,10.23
1709640000000,10.23,10.323,9.581,9.719
1709654400000,9.719,9.8,7.417,8.342
1709668800000,8.342,8.951,8.263,8.892
1709683200000,8.892,8.914,8.497,8.648
1709697600000,8.648,9.494,8.647,9.492
1709712000000,9.492,9.812,9.296,9.614
1709726400000,9.614,9.639,9.03,9.306
1709740800000,9.306,10.226,9.288,9.916
1709755200000,9.916,10.238,9.878,10.074
1709769600000,10.074,10.193,9.764,9.904
1709784000000,9.904,9.989,9.681,9.873
1709798400000,9.873,9.944,9.72,9.837
1709812800000,9.837,9.916,9.54,9.82
1709827200000,9.82,10.321,9.67,10.209
1709841600000,10.209,10.222,9.902,9.935
1709856000000,9.935,10.36,9.935,10.085
1709870400000,10.085,10.356,9.927,10.273
1709884800000,10.273,10.517,10.107,10.257
1709899200000,10.257,10.283,9.59,10.157
1709913600000,10.157,11.73,9.762,11.672
1709928000000,11.672,11.816,11.427,11.478
1709942400000,11.478,11.874,11.361,11.444
1709956800000,11.444,11.783,11.41,11.492
1709971200000,11.492,11.721,11.202,11.319
1709985600000,11.319,11.335,11.11,11.166
1710000000000,11.166,11.205,10.934,10.96
1710014400000,10.96,11.104,10.92,11.075
1710028800000,11.075,11.276,11.052,11.129
1710043200000,11.129,11.283,11.111,11.272
1710057600000,11.272,11.308,10.762,10.845
1710072000000,10.845,10.914,10.376,10.448
1710086400000,10.448,10.726,10.437,10.588
1710100800000,10.588,10.726,10.316,10.698
1710115200000,10.698,10.703,9.974,10.561
1710129600000,10.561,10.854,10.328,10.78
1710144000000,10.78,11.288,10.694,11.112
1710158400000,11.112,11.4,11.062,11.173
1710172800000,11.173,11.271,10.909,10.972
1710187200000,10.972,11.265,10.96,11.201
1710201600000,11.201,11.221,10.815,10.853
1710216000000,10.853,11.057,10.677,10.811
1710230400000,10.811,10.861,10.46,10.68
1710244800000,10.68,11.025,10.499,10.666
1710259200000,10.666,10.83,10.0,10.782
1710273600000,10.782,10.927,10.564,10.925
1710288000000,10.925,10.983,10.705,10.723
1710302400000,10.723,11.081,10.662,10.969
1710316800000,10.969,11.192,10.822,10.834
1710331200000,10.834,10.883,10.46,10.739
1710345600000,10.739,10.789,10.465,10.524
1710360000000,10.524,10.682,10.282,10.639
1710374400000,10.639,10.717,10.48,10.552
1710388800000,10.552,10.639,10.344,10.51
1710403200000,10.51,10.785,10.312,10.498
1710417600000,10.498,10.559,10.004,10.178
1710432000000,10.178,10.513,9.811,10.153
1710446400000,10.153,10.605,10.153,10.523
1710460800000,10.523,10.649,9.157,9.697
1710475200000,9.697,9.784,9.415,9.693
1710489600000,9.693,9.716,8.888,9.416
1710504000000,9.416,9.627,9.341,9.477
1710518400000,9.477,9.809,9.326,9.491
1710532800000,9.491,9.835,9.272,9.778
1710547200000,9.778,9.835,9.604,9.726
1710561600000,9.726,9.809,9.517,9.807
1710576000000,9.807,9.908,9.435,9.567
1710590400000,9.567,9.588,9.153,9.445
1710604800000,9.445,9.446,8.713,8.904
1710619200000,8.904,9.048,8.6,8.842
1710633600000,8.842,9.028,8.691,9.008
1710648000000,9.008,9.012,8.294,8.593
1710662400000,8.593,9.031,8.573,8.929
1710676800000,8.929,9.305,8.767,9.266
1710691200000,9.266,9.29,9.112,9.264
1710705600000,9.264,9.367,9.126,9.184
1710720000000,9.184,9.65,8.812,9.351
1710734400000,9.351,9.546,9.272,9.421
1710748800000,9.421,9.425,9.112,9.176
1710763200000,9.176,9.227,8.774,8.956
1710777600000,8.956,9.058,8.617,8.756
1710792000000,8.756,8.976,8.755,8.876
1710806400000,8.876,8.975,8.39,8.627
1710820800000,8.627,8.706,8.047,8.435
1710835200000,8.435,8.437,7.971,8.291
1710849600000,8.291,8.509,8.183,8.502
1710864000000,8.502,8.602,8.392,8.447
1710878400000,8.447,8.466,7.847,8.003
1710892800000,8.003,8.223,7.933,7.995
1710907200000,7.995,8.25,7.678,8.209
1710921600000,8.209,8.335,8.079,8.279
1710936000000,8.279,8.408,8.038,8.06
1710950400000,8.06,8.554,7.733,8.527
1710964800000,8.527,8.747,8.495,8.644
1710979200000,8.644,9.037,8.566,8.882
1710993600000,8.882,9.015,8.598,8.954
1711008000000,8.954,9.307,8.935,9.097
1711022400000,9.097,9.177,8.959,9.133
1711036800000,9.133,9.277,8.799,9.139
1711051200000,9.139,9.17,8.978,9.03
1711065600000,9.03,9.13,8.807,9.023
1711080000000,9.023,9.279,8.993,9.207
1711094400000,9.207,9.264,8.819,8.845
1711108800000,8.845,8.947,8.445,8.721
1711123200000,8.721,8.726,8.472,8.64
1711137600000,8.64,8.748,8.406,8.732
1711152000000,8.732,8.866,8.504,8.62
1711166400000,8.62,8.815,8.512,8.786
1711180800000,8.786,8.856,8.693,8.768
1711195200000,8.768,8.967,8.739,8.88
1711209600000,8.88,8.949,8.772,8.773
1711224000000,8.773,8.796,8.617,8.633
1711238400000,8.633,8.773,8.534,8.544
1711252800000,8.544,8.619,8.527,8.613
1711267200000,8.613,8.763,8.597,8.729
1711281600000,8.729,8.811,8.696,8.745
1711296000000,8.745,8.77,8.561,8.745
1711310400000,8.745,8.997,8.71,8.921
1711324800000,8.921,9.218,8.834,9.169
1711339200000,9.169,9.229,8.995,9.006
1711353600000,9.006,9.143,8.928,8.94
1711368000000,8.94,9.399,8.939,9.343
1711382400000,9.343,9.514,9.282,9.514
1711396800000,9.514,9.557,9.306,9.385
1711411200000,9.385,9.737,9.347,9.718
1711425600000,9.718,9.746,9.582,9.606
1711440000000,9.606,9.691,9.552,9.574
1711454400000,9.574,9.63,9.177,9.304
1711468800000,9.304,9.479,9.221,9.265
1711483200000,9.265,9.501,9.224,9.451
1711497600000,9.451,9.639,9.373,9.404
1711512000000,9.404,9.528,9.227,9.298
1711526400000,9.298,9.424,9.118,9.406
1711540800000,9.406,9.61,9.002,9.019
1711555200000,9.019,9.208,8.903,9.131
1711569600000,9.131,9.19,9.067,9.13
1711584000000,9.13,9.226,8.977,9.046
1711598400000,9.046,9.204,9.035,9.199
1711612800000,9.199,9.244,9.121,9.164
1711627200000,9.164,9.291,9.015,9.267
1711641600000,9.267,9.303,9.102,9.23
1711656000000,9.23,9.388,9.221,9.314
1711670400000,9.314,9.41,9.256,9.404
1711684800000,9.404,9.492,9.208,9.248
1711699200000,9.248,9.702,9.237,9.58
1711713600000,9.58,10.259,9.579,9.835
1711728000000,9.835,10.067,9.622,9.757
1711742400000,9.757,9.766,9.571,9.661
1711756800000,9.661,9.962,9.573,9.845
1711771200000,9.845,9.97,9.717,9.737
1711785600000,9.737,9.785,9.611,9.733
1711800000000,9.733,9.744,9.558,9.664
1711814400000,9.664,9.687,9.468,9.575
1711828800000,9.575,9.575,9.41,9.449
1711843200000,9.449,9.598,9.411,9.5
1711857600000,9.5,9.656,9.485,9.622
1711872000000,9.622,9.661,9.566,9.64
1711886400000,9.64,9.765,9.591,9.717
1711900800000,9.717,9.8,9.675,9.795
1711915200000,9.795,10.0,9.792,9.975
1711929600000,9.975,10.431,9.971,10.12
1711944000000,10.12,10.137,9.425,9.781
1711958400000,9.781,9.815,9.504,9.528
1711972800000,9.528,9.719,9.07,9.148
1711987200000,9.148,9.349,9.041,9.349
1712001600000,9.349,9.448,9.31,9.386
1712016000000,9.386,9.388,8.65,8.812
1712030400000,8.812,8.952,8.716,8.803
1712044800000,8.803,8.851,8.495,8.655
1712059200000,8.655,8.833,8.469,8.62
1712073600000,8.62,8.755,8.562,8.71
1712088000000,8.71,8.752,8.548,8.58
1712102400000,8.58,8.717,8.287,8.692
1712116800000,8.692,8.75,8.611,8.668
1712131200000,8.668,8.8,8.583,8.718
1712145600000,8.718,8.802,8.506,8.525
1712160000000,8.525,8.606,8.301,8.465
1712174400000,8.465,8.481,8.261,8.431
1712188800000,8.431,8.59,8.302,8.328
1712203200000,8.328,8.496,8.213,8.438
1712217600000,8.438,8.578,8.426,8.527
1712232000000,8.527,8.785,8.513,8.689
1712246400000,8.689,8.844,8.655,8.674
1712260800000,8.674,8.679,8.483,8.641
1712275200000,8.641,8.663,8.345,8.54
1712289600000,8.54,8.54,8.268,8.365
1712304000000,8.365,8.477,8.153,8.171
1712318400000,8.171,8.465,8.092,8.464
1712332800000,8.464,8.492,8.332,8.406
1712347200000,8.406,8.478,8.386,8.399
1712361600000,8.399,8.558,8.346,8.538
1712376000000,8.538,8.619,8.51,8.579
1712390400000,8.579,8.681,8.526,8.547
1712404800000,8.547,8.614,8.468,8.563
1712419200000,8.563,8.602,8.475,8.509
1712433600000,8.509,8.692,8.5,8.59
1712448000000,8.59,8.744,8.567,8.705
1712462400000,8.705,8.777,8.667,8.694
1712476800000,8.694,8.806,8.683,8.801
1712491200000,8.801,8.9,8.77,8.808
1712505600000,8.808,8.88,8.675,8.697
1712520000000,8.697,8.848,8.685,8.842
1712534400000,8.842,8.843,8.667,8.73
1712548800000,8.73,8.949,8.693,8.919
1712563200000,8.919,9.22,8.909,9.177
1712577600000,9.177,9.338,9.108,9.219
1712592000000,9.219,9.278,9.159,9.234
1712606400000,9.234,9.36,9.218,9.319
1712620800000,9.319,9.347,9.115,9.154
1712635200000,9.154,9.214,8.922,8.96
1712649600000,8.96,9.198,8.802,9.196
1712664000000,9.196,9.258,8.735,8.886
1712678400000,8.886,8.906,8.65,8.767
1712692800000,8.767,8.818,8.612,8.665
1712707200000,8.665,8.725,8.366,8.525
1712721600000,8.525,8.647,8.501,8.59
1712736000000,8.59,8.602,8.388,8.535
1712750400000,8.535,8.559,8.183,8.401
1712764800000,8.401,8.566,8.345,8.451
1712779200000,8.451,8.539,8.37,8.499
1712793600000,8.499,8.579,8.425,8.545
1712808000000,8.545,8.614,8.471,8.546
1712822400000,8.546,8.602,8.128,8.164
1712836800000,8.164,8.279,8.012,8.115
1712851200000,8.115,8.169,7.97,8.047
1712865600000,8.047,8.112,8.001,8.057
1712880000000,8.057,8.194,8.053,8.193
1712894400000,8.193,8.228,8.061,8.088
1712908800000,8.088,8.161,8.053,8.131
1712923200000,8.131,8.136,7.786,7.816
1712937600000,7.816,7.864,5.221,6.364
1712952000000,6.364,6.657,6.341,6.61
1712966400000,6.61,6.61,6.325,6.551
1712980800000,6.551,6.728,6.514,6.649
1712995200000,6.649,6.711,6.577,6.596
1713009600000,6.596,6.7,6.556,6.594
1713024000000,6.594,6.614,5.447,5.662
1713038400000,5.662,5.793,4.953,5.715
1713052800000,5.715,5.735,5.463,5.647
1713067200000,5.647,6.075,5.598,6.061
1713081600000,6.061,6.148,5.839,5.869
1713096000000,5.869,5.981,5.698,5.891
1713110400000,5.891,6.095,5.723,5.916
1713124800000,5.916,6.234,5.767,6.146
1713139200000,6.146,6.156,5.999,6.048
1713153600000,6.048,6.536,5.948,6.411
1713168000000,6.411,6.469,6.297,6.308
1713182400000,6.308,6.394,5.965,6.118
1713196800000,6.118,6.162,5.673,5.92
1713211200000,5.92,6.031,5.792,6.001
1713225600000,6.001,6.056,5.834,5.89
1713240000000,5.89,6.068,5.709,6.021
1713254400000,6.021,6.08,5.784,6.049
1713268800000,6.049,6.052,5.71,5.737
1713283200000,5.737,6.024,5.691,5.96
1713297600000,5.96,6.126,5.946,6.073
1713312000000,6.073,6.092,5.951,6.004
1713326400000,6.004,6.106,5.946,6.003
1713340800000,6.003,6.04,5.84,5.85
1713355200000,5.85,5.932,5.623,5.665
1713369600000,5.665,6.009,5.593,5.899
1713384000000,5.899,5.958,5.796,5.841
1713398400000,5.841,5.992,5.705,5.933
1713412800000,5.933,5.953,5.742,5.787
1713427200000,5.787,5.978,5.722,5.909
1713441600000,5.909,6.056,5.78,5.996
1713456000000,5.996,6.049,5.845,5.999
1713470400000,5.999,6.036,5.964,5.991
1713484800000,5.991,5.992,5.522,5.761
1713499200000,5.761,6.209,5.757,6.076
1713513600000,6.076,6.286,6.062,6.237
1713528000000,6.237,6.259,6.05,6.186
1713542400000,6.186,6.251,6.085,6.232
1713556800000,6.232,6.257,6.046,6.14
1713571200000,6.14,6.256,6.056,6.191
1713585600000,6.191,6.295,6.173,6.242
1713600000000,6.242,6.246,6.132,6.179
1713614400000,6.179,6.438,6.152,6.434
1713628800000,6.434,6.695,6.389,6.571
1713643200000,6.571,6.672,6.541,6.644
1713657600000,6.644,6.726,6.52,6.656
1713672000000,6.656,6.758,6.572,6.62
1713686400000,6.62,6.645,6.527,6.606
1713700800000,6.606,6.606,6.455,6.521
1713715200000,6.521,6.531,6.328,6.415
1713729600000,6.415,6.529,6.391,6.475
1713744000000,6.475,6.628,6.396,6.586
1713758400000,6.586,6.72,6.569,6.593
1713772800000,6.593,6.633,6.517,6.531
1713787200000,6.531,6.597,6.421,6.474
1713801600000,6.474,6.579,6.432,6.531
1713816000000,6.531,6.657,6.513,6.566
1713830400000,6.566,6.656,6.505,6.525
1713844800000,6.525,6.588,6.42,6.453
1713859200000,6.453,6.539,6.427,6.472
1713873600000,6.472,6.579,6.434,6.501
1713888000000,6.501,6.552,6.44,6.523
1713902400000,6.523,6.532,6.323,6.383
1713916800000,6.383,6.478,6.305,6.348
1713931200000,6.348,6.5,6.336,6.448
1713945600000,6.448,6.534,6.408,6.512
1713960000000,6.512,6.53,6.087,6.105
1713974400000,6.105,6.209,6.024,6.11
1713988800000,6.11,6.139,5.967,6.045
1714003200000,6.045,6.113,5.929,5.99
1714017600000,5.99,6.023,5.864,5.925
1714032000000,5.925,5.991,5.832,5.904
1714046400000,5.904,6.042,5.82,6.025
1714060800000,6.025,6.07,5.982,6.028
1714075200000,6.028,6.103,5.97,5.99
1714089600000,5.99,5.999,5.821,5.918
1714104000000,5.918,5.998,5.877,5.949
1714118400000,5.949,6.009,5.925,5.968
1714132800000,5.968,6.112,5.905,5.988
1714147200000,5.988,6.061,5.93,6.038
1714161600000,6.038,6.087,5.957,6.003
1714176000000,6.003,6.021,5.7,5.837
1714190400000,5.837,5.864,5.78,5.785
1714204800000,5.785,5.815,5.663,5.716
1714219200000,5.716,5.847,5.696,5.767
1714233600000,5.767,5.983,5.745,5.917
1714248000000,5.917,5.951,5.885,5.92
1714262400000,5.92,6.067,5.906,6.016
1714276800000,6.016,6.048,5.974,6.019
1714291200000,6.019,6.033,5.923,5.935
1714305600000,5.935,6.059,5.932,6.041
1714320000000,6.041,6.124,6.035,6.087
1714334400000,6.087,6.094,5.854,5.896
1714348800000,5.896,5.985,5.796,5.803
1714363200000,5.803,5.888,5.731,5.804
1714377600000,5.804,5.931,5.739,5.904
1714392000000,5.904,5.954,5.719,5.848
1714406400000,5.848,5.857,5.772,5.815
1714420800000,5.815,5.97,5.746,5.915
1714435200000,5.915,5.991,5.81,5.903
1714449600000,5.903,5.921,5.842,5.875
1714464000000,5.875,5.893,5.565,5.603
1714478400000,5.603,5.662,5.47,5.583
1714492800000,5.583,5.583,5.43,5.499
1714507200000,5.499,5.68,5.499,5.622
1714521600000,5.622,5.642,5.525,5.611
1714536000000,5.611,5.641,5.261,5.331
1714550400000,5.331,5.371,5.202,5.361
1714564800000,5.361,5.453,5.34,5.377
1714579200000,5.377,5.775,5.343,5.576
1714593600000,5.576,5.74,5.538,5.711
1714608000000,5.711,5.723,5.543,5.641
1714622400000,5.641,5.688,5.602,5.626
1714636800000,5.626,5.787,5.615,5.759
1714651200000,5.759,5.807,5.666,5.779
1714665600000,5.779,5.944,5.756,5.942
1714680000000,5.942,6.025,5.875,5.925
1714694400000,5.925,6.012,5.891,5.938
1714708800000,5.938,5.961,5.84,5.863
1714723200000,5.863,5.932,5.826,5.872
1714737600000,5.872,6.1,5.861,6.047
1714752000000,6.047,6.07,6.008,6.054
1714766400000,6.054,6.136,6.035,6.039
1714780800000,6.039,6.1,5.995,6.047
1714795200000,6.047,6.075,5.995,6.018
1714809600000,6.018,6.208,6.017,6.117
1714824000000,6.117,6.187,6.097,6.133
1714838400000,6.133,6.158,6.055,6.151
1714852800000,6.151,6.16,6.037,6.052
1714867200000,6.052,6.072,5.943,5.976
1714881600000,5.976,6.02,5.943,5.994
1714896000000,5.994,6.047,5.982,6.02
1714910400000,6.02,6.151,5.957,6.123
1714924800000,6.123,6.298,6.123,6.151
1714939200000,6.151,6.18,6.106,6.151
1714953600000,6.151,6.218,6.111,6.165
1714968000000,6.165,6.322,6.138,6.313
1714982400000,6.313,6.416,6.185,6.248
1714996800000,6.248,6.256,6.036,6.135
1715011200000,6.135,6.157,6.046,6.09
1715025600000,6.09,6.137,6.009,6.023
1715040000000,6.023,6.087,5.887,5.948
1715054400000,5.948,5.992,5.923,5.967
1715068800000,5.967,6.07,5.953,5.969
1715083200000,5.969,6.13,5.966,6.015
1715097600000,6.015,6.033,5.864,5.891
1715112000000,5.891,5.937,5.759,5.767
1715126400000,5.767,5.81,5.684,5.796
1715140800000,5.796,5.803,5.691,5.711
1715155200000,5.711,5.747,5.675,5.704
1715169600000,5.704,5.814,5.678,5.758
1715184000000,5.758,5.808,5.696,5.726
1715198400000,5.726,5.748,5.601,5.701
1715212800000,5.701,5.766,5.68,5.757
1715227200000,5.757,5.806,5.732,5.752
1715241600000,5.752,5.781,5.688,5.761
1715256000000,5.761,5.83,5.705,5.815
1715270400000,5.815,5.862,5.762,5.854
1715284800000,5.854,5.932,5.833,5.914
1715299200000,5.914,5.944,5.864,5.922
1715313600000,5.922,5.971,5.902,5.95
1715328000000,5.95,5.957,5.888,5.922
1715342400000,5.922,5.936,5.654,5.7
1715356800000,5.7,5.711,5.608,5.66
1715371200000,5.66,5.681,5.552,5.618
1715385600000,5.618,5.686,5.604,5.653
1715400000000,5.653,5.668,5.628,5.648
1715414400000,5.648,5.66,5.539,5.583
1715428800000,5.583,5.673,5.568,5.62
1715443200000,5.62,5.659,5.606,5.646
1715457600000,5.646,5.648,5.595,5.605
1715472000000,5.605,5.636,5.593,5.628
1715486400000,5.628,5.654,5.577,5.595
1715500800000,5.595,5.667,5.591,5.647
1715515200000,5.647,5.691,5.628,5.671
1715529600000,5.671,5.695,5.585,5.619
1715544000000,5.619,5.631,5.552,5.6
1715558400000,5.6,5.636,5.361,5.435
1715572800000,5.435,5.614,5.38,5.599
1715587200000,5.599,5.706,5.598,5.643
1715601600000,5.643,5.684,5.598,5.662
1715616000000,5.662,5.713,5.52,5.588
1715630400000,5.588,5.627,5.571,5.598
1715644800000,5.598,5.62,5.51,5.563
1715659200000,5.563,5.589,5.418,5.549
1715673600000,5.549,5.549,5.474,5.497
1715688000000,5.497,5.532,5.373,5.447
1715702400000,5.447,5.451,5.33,5.388
1715716800000,5.388,5.395,5.315,5.345
1715731200000,5.345,5.411,5.274,5.405
1715745600000,5.405,5.411,5.359,5.401
1715760000000,5.401,5.438,5.338,5.374
1715774400000,5.374,5.682,5.362,5.623
1715788800000,5.623,5.825,5.601,5.821
1715803200000,5.821,5.84,5.777,5.781
1715817600000,5.781,5.818,5.729,5.816
1715832000000,5.816,5.859,5.788,5.823
1715846400000,5.823,5.929,5.779,5.804
1715860800000,5.804,5.805,5.615,5.706
1715875200000,5.706,5.767,5.618,5.749
1715889600000,5.749,5.759,5.688,5.748
1715904000000,5.748,5.771,5.698,5.723
1715918400000,5.723,5.879,5.679,5.856
1715932800000,5.856,5.902,5.812,5.843
1715947200000,5.843,5.953,5.81,5.928
1715961600000,5.928,5.991,5.839,5.883
1715976000000,5.883,5.912,5.875,5.88
1715990400000,5.88,5.932,5.863,5.932
1716004800000,5.932,5.938,5.874,5.908
1716019200000,5.908,5.986,5.903,5.923
1716033600000,5.923,5.927,5.803,5.852
1716048000000,5.852,5.885,5.841,5.86
1716062400000,5.86,5.873,5.817,5.849
1716076800000,5.849,5.961,5.826,5.912
1716091200000,5.912,5.918,5.824,5.882
1716105600000,5.882,5.882,5.724,5.775
1716120000000,5.775,5.777,5.625,5.658
1716134400000,5.658,5.658,5.538,5.561
1716148800000,5.561,5.575,5.475,5.55
1716163200000,5.55,5.608,5.481,5.566
1716177600000,5.566,5.679,5.481,5.584
1716192000000,5.584,5.615,5.545,5.556
1716206400000,5.556,5.598,5.5,5.594
1716220800000,5.594,6.113,5.575,6.095
1716235200000,6.095,6.205,6.028,6.168
1716249600000,6.168,6.356,6.11,6.131
1716264000000,6.131,6.171,6.056,6.152
1716278400000,6.152,6.192,6.115,6.156
1716292800000,6.156,6.272,6.09,6.146
1716307200000,6.146,6.28,6.107,6.156
1716321600000,6.156,6.252,6.15,6.237
1716336000000,6.237,6.301,6.169,6.221
1716350400000,6.221,6.248,6.071,6.207
1716364800000,6.207,6.265,6.106,6.106
1716379200000,6.106,6.171,5.964,6.138
1716393600000,6.138,6.241,6.04,6.126
1716408000000,6.126,6.177,6.056,6.125
1716422400000,6.125,6.187,6.089,6.147
1716436800000,6.147,6.184,6.098,6.141
1716451200000,6.141,6.174,6.022,6.174
1716465600000,6.174,6.238,5.684,5.791
1716480000000,5.791,5.815,5.619,5.699
1716494400000,5.699,5.839,5.476,5.795
1716508800000,5.795,5.896,5.758,5.846
1716523200000,5.846,5.882,5.673,5.756
1716537600000,5.756,5.778,5.656,5.766
1716552000000,5.766,5.9,5.721,5.776
1716566400000,5.776,5.848,5.698,5.81
1716580800000,5.81,5.849,5.79,5.823
1716595200000,5.823,5.853,5.813,5.841
1716609600000,5.841,5.885,5.837,5.864
1716624000000,5.864,5.944,5.847,5.89
1716638400000,5.89,5.902,5.817,5.872
1716652800000,5.872,6.053,5.872,6.008
1716667200000,6.008,6.025,5.928,6.011
1716681600000,6.011,6.047,5.908,5.97
1716696000000,5.97,6.023,5.915,5.974
1716710400000,5.974,5.989,5.868,5.909
1716724800000,5.909,5.96,5.797,5.884
1716739200000,5.884,5.94,5.847,5.901
1716753600000,5.901,5.904,5.815,5.859
1716768000000,5.859,5.971,5.852,5.927
1716782400000,5.927,5.954,5.844,5.892
1716796800000,5.892,5.957,5.881,5.946
1716811200000,5.946,6.222,5.932,6.206
1716825600000,6.206,6.25,6.03,6.065
1716840000000,6.065,6.151,6.06,6.119
1716854400000,6.119,6.135,5.908,5.945
1716868800000,5.945,5.951,5.831,5.893
1716883200000,5.893,5.974,5.883,5.945
1716897600000,5.945,5.953,5.847,5.924
1716912000000,5.924,5.962,5.844,5.957
1716926400000,5.957,5.99,5.932,5.944
1716940800000,5.944,5.965,5.884,5.96
1716955200000,5.96,6.054,5.951,5.959
1716969600000,5.959,6.033,5.872,5.957
1716984000000,5.957,6.007,5.865,5.875
1716998400000,5.875,5.929,5.824,5.825
1717012800000,5.825,5.835,5.759,5.789
1717027200000,5.789,5.876,5.764,5.869
1717041600000,5.869,5.903,5.665,5.697
1717056000000,5.697,5.803,5.638,5.78
1717070400000,5.78,5.88,5.778,5.859
1717084800000,5.859,5.935,5.831,5.848
1717099200000,5.848,5.848,5.762,5.812
1717113600000,5.812,5.822,5.753,5.799
1717128000000,5.799,5.82,5.726,5.77
1717142400000,5.77,5.817,5.735,5.802
1717156800000,5.802,5.86,5.689,5.693
1717171200000,5.693,5.762,5.643,5.749
1717185600000,5.749,5.78,5.723,5.739
1717200000000,5.739,5.769,5.713,5.76
1717214400000,5.76,5.786,5.745,5.76
1717228800000,5.76,5.79,5.759,5.773
1717243200000,5.773,5.812,5.763,5.776
1717257600000,5.776,5.793,5.759,5.777
1717272000000,5.777,5.822,5.775,5.8
1717286400000,5.8,5.842,5.796,5.823
1717300800000,5.823,5.847,5.733,5.754
1717315200000,5.754,5.811,5.711,5.804
1717329600000,5.804,5.872,5.758,5.844
1717344000000,5.844,5.871,5.695,5.774
1717358400000,5.774,5.819,5.752,5.812
1717372800000,5.812,5.928,5.768,5.885
1717387200000,5.885,5.957,5.834,5.923
1717401600000,5.923,5.963,5.878,5.897
1717416000000,5.897,5.96,5.795,5.84
1717430400000,5.84,5.848,5.748,5.833
1717444800000,5.833,5.848,5.779,5.792
1717459200000,5.792,5.831,5.762,5.819
1717473600000,5.819,5.823,5.76,5.785
1717488000000,5.785,5.811,5.715,5.772
1717502400000,5.772,5.95,5.755,5.939
1717516800000,5.939,6.056,5.916,5.969
1717531200000,5.969,5.985,5.932,5.964
1717545600000,5.964,6.033,5.955,6.007
1717560000000,6.007,6.06,5.965,5.999
1717574400000,5.999,6.105,5.973,6.031
1717588800000,6.031,6.063,5.926,6.039
1717603200000,6.039,6.097,6.021,6.094
1717617600000,6.094,6.107,6.039,6.08
1717632000000,6.08,6.085,6.01,6.013
1717646400000,6.013,6.06,5.975,6.029
1717660800000,6.029,6.099,6.003,6.042
1717675200000,6.042,6.075,5.993,6.02
1717689600000,6.02,6.036,5.88,5.896
1717704000000,5.896,5.97,5.843,5.961
1717718400000,5.961,5.97,5.915,5.94
1717732800000,5.94,6.034,5.932,6.003
1717747200000,6.003,6.535,5.987,6.414
1717761600000,6.414,6.755,6.253,6.711
1717776000000,6.711,6.732,5.671,6.065
1717790400000,6.065,6.237,5.999,6.121
1717804800000,6.121,6.416,6.038,6.313
1717819200000,6.313,6.471,6.262,6.456
1717833600000,6.456,6.456,6.122,6.133
1717848000000,6.133,6.189,5.983,6.151
1717862400000,6.151,6.211,6.061,6.125
1717876800000,6.125,6.16,6.013,6.054
1717891200000,6.054,6.306,6.011,6.258
1717905600000,6.258,6.276,6.167,6.192
1717920000000,6.192,6.374,6.172,6.319
1717934400000,6.319,6.35,6.178,6.219
1717948800000,6.219,6.249,6.182,6.188
1717963200000,6.188,6.195,6.068,6.129
1717977600000,6.129,6.156,6.07,6.086
1717992000000,6.086,6.137,5.824,5.833
1718006400000,5.833,5.93,5.828,5.887
1718020800000,5.887,5.959,5.791,5.935
1718035200000,5.935,5.949,5.836,5.843
1718049600000,5.843,5.849,5.722,5.793
1718064000000,5.793,5.816,5.504,5.647
1718078400000,5.647,5.666,5.523,5.611
1718092800000,5.611,5.653,5.576,5.597
1718107200000,5.597,5.621,5.323,5.417
1718121600000,5.417,5.485,5.284,5.431
1718136000000,5.431,5.435,5.369,5.382
1718150400000,5.382,5.423,5.211,5.414
1718164800000,5.414,5.458,5.401,5.449
1718179200000,5.449,5.458,5.376,5.386
1718193600000,5.386,5.722,5.386,5.677
1718208000000,5.677,5.751,5.437,5.481
1718222400000,5.481,5.656,5.458,5.652
1718236800000,5.652,5.693,5.402,5.459
1718251200000,5.459,5.513,5.415,5.465
1718265600000,5.465,5.467,5.376,5.391
1718280000000,5.391,5.473,5.307,5.325
1718294400000,5.325,5.449,5.287,5.414
1718308800000,5.414,5.432,5.347,5.38
1718323200000,5.38,5.446,5.32,5.397
1718337600000,5.397,5.464,5.392,5.448
1718352000000,5.448,5.466,5.379,5.407
1718366400000,5.407,5.431,5.207,5.249
1718380800000,5.249,5.254,4.941,5.014
1718395200000,5.014,5.165,5.01,5.089
1718409600000,5.089,5.173,5.082,5.17
1718424000000,5.17,5.218,5.144,5.164
1718438400000,5.164,5.292,5.151,5.25
1718452800000,5.25,5.36,5.238,5.287
1718467200000,5.287,5.301,5.169,5.206
1718481600000,5.206,5.234,5.171,5.223
1718496000000,5.223,5.229,5.147,5.17
1718510400000,5.17,5.226,5.125,5.199
1718524800000,5.199,5.216,5.167,5.185
1718539200000,5.185,5.253,5.179,5.246
1718553600000,5.246,5.261,5.215,5.251
1718568000000,5.251,5.291,5.23,5.239
1718582400000,5.239,5.275,5.139,5.164
1718596800000,5.164,5.206,5.072,5.115
1718611200000,5.115,5.135,4.933,5.06
1718625600000,5.06,5.095,4.871,4.915
1718640000000,4.915,5.074,4.692,5.03
1718654400000,5.03,5.031,4.904,4.925
1718668800000,4.925,4.942,4.024,4.41
1718683200000,4.41,4.467,4.398,4.418
1718697600000,4.418,4.459,4.333,4.378
1718712000000,4.378,4.394,4.215,4.286
1718726400000,4.286,4.289,4.157,4.273
1718740800000,4.273,4.366,4.247,4.348
1718755200000,4.348,4.472,4.292,4.427
1718769600000,4.427,4.472,4.413,4.456
1718784000000,4.456,4.461,4.394,4.424
1718798400000,4.424,4.458,4.371,4.402
1718812800000,4.402,4.494,4.379,4.445
1718827200000,4.445,4.49,4.413,4.439
1718841600000,4.439,4.513,4.408,4.442
1718856000000,4.442,4.567,4.412,4.561
1718870400000,4.561,4.618,4.513,4.561
1718884800000,4.561,4.57,4.37,4.391
1718899200000,4.391,4.454,4.314,4.451
1718913600000,4.451,4.469,4.402,4.407
1718928000000,4.407,4.447,4.33,4.395
1718942400000,4.395,4.43,4.315,4.341
1718956800000,4.341,4.407,4.268,4.395
1718971200000,4.395,4.436,4.316,4.374
1718985600000,4.374,4.43,4.298,4.411
1719000000000,4.411,4.448,4.379,4.396
1719014400000,4.396,4.412,4.341,4.412
1719028800000,4.412,4.432,4.39,4.414
1719043200000,4.414,4.417,4.363,4.404
1719057600000,4.404,4.428,4.393,4.405
1719072000000,4.405,4.442,4.378,4.392
1719086400000,4.392,4.4,4.364,4.375
1719100800000,4.375,4.474,4.366,4.461
1719115200000,4.461,4.462,4.432,4.452
1719129600000,4.452,4.465,4.406,4.415
1719144000000,4.415,4.419,4.28,4.297
1719158400000,4.297,4.344,4.217,4.34
1719172800000,4.34,4.358,4.27,4.285
1719187200000,4.285,4.349,4.233,4.291
1719201600000,4.291,4.3,4.157,4.208
1719216000000,4.208,4.257,3.997,4.214
1719230400000,4.214,4.412,4.205,4.305
1719244800000,4.305,4.385,4.233,4.257
1719259200000,4.257,4.416,4.205,4.394
1719273600000,4.394,4.454,4.363,4.425
1719288000000,4.425,4.44,4.376,4.387
1719302400000,4.387,4.445,4.358,4.433
1719316800000,4.433,4.518,4.398,4.481
1719331200000,4.481,4.506,4.432,4.481
1719345600000,4.481,4.483,4.429,4.44
1719360000000,4.44,4.495,4.418,4.435
1719374400000,4.435,4.441,4.384,4.427
1719388800000,4.427,4.434,4.387,4.398
1719403200000,4.398,4.415,4.328,4.378
1719417600000,4.378,4.423,4.317,4.42
1719432000000,4.42,4.447,4.383,4.393
1719446400000,4.393,4.393,4.329,4.344
1719460800000,4.344,4.352,4.28,4.311
1719475200000,4.311,4.41,4.307,4.396
1719489600000,4.396,4.498,4.395,4.475
1719504000000,4.475,4.526,4.452,4.502
1719518400000,4.502,4.517,4.488,4.502
1719532800000,4.502,4.557,4.462,4.51
1719547200000,4.51,4.523,4.458,4.489
1719561600000,4.489,4.544,4.472,4.526
1719576000000,4.526,4.577,4.483,4.5
1719590400000,4.5,4.509,4.418,4.459
1719604800000,4.459,4.474,4.378,4.382
1719619200000,4.382,4.446,4.375,4.438
1719633600000,4.438,4.448,4.393,4.436
1719648000000,4.436,4.446,4.418,4.433
1719662400000,4.433,4.438,4.37,4.403
1719676800000,4.403,4.405,4.334,4.362
1719691200000,4.362,4.369,4.318,4.346
1719705600000,4.346,4.37,4.296,4.328
1719720000000,4.328,4.458,4.305,4.434
1719734400000,4.434,4.457,4.399,4.408
1719748800000,4.408,4.453,4.394,4.434
1719763200000,4.434,4.457,4.405,4.44
1719777600000,4.44,4.502,4.415,4.476
1719792000000,4.476,4.555,4.459,4.508
1719806400000,4.508,4.522,4.489,4.498
1719820800000,4.498,4.541,4.453,4.48
1719835200000,4.48,4.499,4.435,4.459
1719849600000,4.459,4.477,4.375,4.397
1719864000000,4.397,4.402,4.324,4.328
1719878400000,4.328,4.393,4.302,4.371
1719892800000,4.371,4.378,4.325,4.338
1719907200000,4.338,4.401,4.327,4.382
1719921600000,4.382,4.426,4.346,4.36
1719936000000,4.36,4.422,4.348,4.41
1719950400000,4.41,4.458,4.401,4.417
1719964800000,4.417,4.434,4.232,4.309
1719979200000,4.309,4.312,4.272,4.293
1719993600000,4.293,4.307,4.162,4.204
1720008000000,4.204,4.227,4.124,4.185
1720022400000,4.185,4.199,4.032,4.093
1720036800000,4.093,4.105,4.06,4.101
1720051200000,4.101,4.131,3.864,4.031
1720065600000,4.031,4.046,3.971,3.996
1720080000000,3.996,4.006,3.924,3.94
1720094400000,3.94,3.946,3.763,3.921
1720108800000,3.921,3.922,3.864,3.877
1720123200000,3.877,3.961,3.761,3.777
1720137600000,3.777,3.786,3.241,3.344
1720152000000,3.344,3.463,3.257,3.397
1720166400000,3.397,3.524,3.281,3.509
1720180800000,3.509,3.584,3.465,3.551
1720195200000,3.551,3.591,3.519,3.552
1720209600000,3.552,3.571,3.524,3.54
1720224000000,3.54,3.669,3.501,3.55
1720238400000,3.55,3.622,3.519,3.61
1720252800000,3.61,3.7,3.585,3.689
1720267200000,3.689,3.766,3.652,3.743
1720281600000,3.743,3.904,3.724,3.892
1720296000000,3.892,4.014,3.891,3.975
1720310400000,3.975,3.975,3.872,3.904
1720324800000,3.904,3.907,3.808,3.844
1720339200000,3.844,3.882,3.827,3.859
1720353600000,3.859,3.883,3.658,3.709
1720368000000,3.709,3.782,3.688,3.731
1720382400000,3.731,3.743,3.608,3.632
1720396800000,3.632,3.65,3.448,3.599
1720411200000,3.599,3.716,3.585,3.71
1720425600000,3.71,3.942,3.698,3.893
1720440000000,3.893,3.9,3.649,3.746
1720454400000,3.746,3.806,3.706,3.788
1720468800000,3.788,3.832,3.744,3.814
1720483200000,3.814,3.876,3.747,3.818
1720497600000,3.818,3.875,3.808,3.834
1720512000000,3.834,3.898,3.826,3.869
1720526400000,3.869,3.959,3.845,3.915
1720540800000,3.915,3.945,3.877,3.916
1720555200000,3.916,3.941,3.895,3.907
1720569600000,3.907,3.911,3.833,3.905
1720584000000,3.905,3.992,3.904,3.939
1720598400000,3.939,3.94,3.863,3.879
1720612800000,3.879,3.937,3.84,3.909
1720627200000,3.909,3.954,3.884,3.942
1720641600000,3.942,3.986,3.904,3.969
1720656000000,3.969,4.073,3.935,3.969
1720670400000,3.969,4.036,3.955,4.008
1720684800000,4.008,4.047,3.976,4.025
1720699200000,4.025,4.157,4.015,4.091
1720713600000,4.091,4.22,4.073,4.184
1720728000000,4.184,4.232,4.063,4.08
1720742400000,4.08,4.146,4.001,4.017
1720756800000,4.017,4.064,3.979,4.038
1720771200000,4.038,4.073,3.963,3.994
1720785600000,3.994,4.058,3.969,4.009
1720800000000,4.009,4.045,3.98,3.986
1720814400000,3.986,4.122,3.952,4.119
1720828800000,4.119,4.179,4.084,4.137
1720843200000,4.137,4.273,4.133,4.27
1720857600000,4.27,4.278,4.163,4.185
1720872000000,4.185,4.253,4.165,4.246
1720886400000,4.246,4.298,4.221,4.293
1720900800000,4.293,4.315,4.24,4.281
1720915200000,4.281,4.298,4.239,4.267
1720929600000,4.267,4.332,4.229,4.235
1720944000000,4.235,4.283,4.222,4.227
1720958400000,4.227,4.239,4.182,4.234
1720972800000,4.234,4.256,4.198,4.204
1720987200000,4.204,4.345,4.202,4.271
1721001600000,4.271,4.357,4.241,4.327
1721016000000,4.327,4.355,4.297,4.326
1721030400000,4.326,4.335,4.219,4.245
1721044800000,4.245,4.306,4.205,4.237
1721059200000,4.237,4.351,4.221,4.325
1721073600000,4.325,4.456,4.315,4.441
1721088000000,4.441,4.479,4.403,4.459
1721102400000,4.459,4.484,4.279,4.296
1721116800000,4.296,4.347,4.231,4.314
1721131200000,4.314,4.453,4.262,4.444
1721145600000,4.444,4.596,4.426,4.56
1721160000000,4.56,4.621,4.485,4.53
1721174400000,4.53,4.597,4.48,4.529
1721188800000,4.529,4.617,4.504,4.587
1721203200000,4.587,4.631,4.505,4.559
1721217600000,4.559,4.833,4.54,4.703
1721232000000,4.703,4.706,4.534,4.616
1721246400000,4.616,4.643,4.541,4.554
1721260800000,4.554,4.652,4.548,4.6
1721275200000,4.6,4.604,4.49,4.518
1721289600000,4.518,4.542,4.464,4.523
1721304000000,4.523,4.554,4.384,4.392
1721318400000,4.392,4.43,4.304,4.335
1721332800000,4.335,4.39,4.309,4.381
1721347200000,4.381,4.473,4.289,4.461
1721361600000,4.461,4.477,4.353,4.367
1721376000000,4.367,4.397,4.301,4.344
1721390400000,4.344,4.489,4.324,4.477
1721404800000,4.477,4.706,4.476,4.675
1721419200000,4.675,4.695,4.618,4.649
1721433600000,4.649,4.741,4.594,4.716
1721448000000,4.716,4.732,4.667,4.69
1721462400000,4.69,4.699,4.604,4.608
1721476800000,4.608,4.699,4.569,4.689
1721491200000,4.689,4.801,4.685,4.723
1721505600000,4.723,4.738,4.663,4.707
1721520000000,4.707,4.734,4.675,4.711
1721534400000,4.711,4.72,4.613,4.633
1721548800000,4.633,4.669,4.61,4.639
1721563200000,4.639,4.712,4.583,4.639
1721577600000,4.639,4.717,4.49,4.643
1721592000000,4.643,4.799,4.636,4.774
1721606400000,4.774,4.819,4.71,4.712
1721620800000,4.712,4.715,4.576,4.65
1721635200000,4.65,4.674,4.609,4.66
1721649600000,4.66,4.721,4.566,4.651
1721664000000,4.651,4.711,4.625,4.705
1721678400000,4.705,4.709,4.476,4.506
1721692800000,4.506,4.6,4.498,4.524
1721707200000,4.524,4.536,4.405,4.448
1721721600000,4.448,4.557,4.442,4.53
1721736000000,4.53,4.562,4.444,4.491
1721750400000,4.491,4.492,4.329,4.418
1721764800000,4.418,4.472,4.407,4.451
1721779200000,4.451,4.467,4.399,4.462
1721793600000,4.462,4.478,4.406,4.475
1721808000000,4.475,4.541,4.464,4.524
1721822400000,4.524,4.536,4.429,4.434
1721836800000,4.434,4.447,4.295,4.318
1721851200000,4.318,4.339,4.204,4.266
1721865600000,4.266,4.286,4.061,4.125
1721880000000,4.125,4.188,4.104,4.167
1721894400000,4.167,4.199,4.15,4.172
1721908800000,4.172,4.208,4.094,4.158
1721923200000,4.158,4.205,4.064,4.122
1721937600000,4.122,4.213,4.036,4.198
1721952000000,4.198,4.297,4.183,4.273
1721966400000,4.273,4.389,4.269,4.365
1721980800000,4.365,4.419,4.363,4.4
1721995200000,4.4,4.497,4.364,4.491
1722009600000,4.491,4.706,4.489,4.675
1722024000000,4.675,4.679,4.619,4.641
1722038400000,4.641,4.658,4.562,4.572
1722052800000,4.572,4.633,4.571,4.608
1722067200000,4.608,4.63,4.582,4.625
1722081600000,4.625,4.668,4.568,4.604
1722096000000,4.604,4.621,4.522,4.617
1722110400000,4.617,4.638,4.51,4.573
1722124800000,4.573,4.643,4.526,4.567
1722139200000,4.567,4.574,4.482,4.548
1722153600000,4.548,4.554,4.516,4.528
1722168000000,4.528,4.549,4.477,4.493
1722182400000,4.493,4.513,4.459,4.47
1722196800000,4.47,4.476,4.393,4.441
1722211200000,4.441,4.624,4.434,4.571
1722225600000,4.571,4.62,4.554,4.611
1722240000000,4.611,4.645,4.589,4.591
1722254400000,4.591,4.638,4.484,4.516
1722268800000,4.516,4.524,4.419,4.479
1722283200000,4.479,4.505,4.401,4.438
1722297600000,4.438,4.531,4.365,4.457
1722312000000,4.457,4.477,4.416,4.443
1722326400000,4.443,4.46,4.399,4.416
1722340800000,4.416,4.463,4.388,4.424
1722355200000,4.424,4.442,4.277,4.304
1722369600000,4.304,4.344,4.223,4.33
1722384000000,4.33,4.373,4.295,4.341
1722398400000,4.341,4.369,4.281,4.329
1722412800000,4.329,4.333,4.278,4.305
1722427200000,4.305,4.364,4.3,4.306
1722441600000,4.306,4.373,4.24,4.281
1722456000000,4.281,4.282,4.165,4.205
1722470400000,4.205,4.245,4.164,4.182
1722484800000,4.182,4.202,4.096,4.157
1722499200000,4.157,4.248,4.156,4.239
1722513600000,4.239,4.296,4.065,4.092
1722528000000,4.092,4.092,3.872,4.032
1722542400000,4.032,4.179,4.002,4.16
1722556800000,4.16,4.187,4.03,4.102
1722571200000,4.102,4.116,3.995,4.051
1722585600000,4.051,4.113,4.01,4.088
1722600000000,4.088,4.193,3.819,3.94
1722614400000,3.94,3.977,3.864,3.909
1722628800000,3.909,3.954,3.848,3.871
1722643200000,3.871,3.924,3.77,3.92
1722657600000,3.92,3.952,3.899,3.93
1722672000000,3.93,3.93,3.881,3.896
1722686400000,3.896,3.935,3.772,3.779
1722700800000,3.779,3.805,3.603,3.622
1722715200000,3.622,3.706,3.591,3.685
1722729600000,3.685,3.769,3.67,3.737
1722744000000,3.737,3.745,3.68,3.686
1722758400000,3.686,3.732,3.661,3.706
1722772800000,3.706,3.722,3.516,3.545
1722787200000,3.545,3.567,3.371,3.539
1722801600000,3.539,3.604,3.519,3.527
1722816000000,3.527,3.565,2.98,3.118
1722830400000,3.118,3.213,2.856,3.169
1722844800000,3.169,3.17,2.914,3.033
1722859200000,3.033,3.312,2.927,3.283
1722873600000,3.283,3.352,3.177,3.221
1722888000000,3.221,3.298,3.216,3.235
1722902400000,3.235,3.438,3.228,3.359
1722916800000,3.359,3.481,3.347,3.46
1722931200000,3.46,3.466,3.36,3.4
1722945600000,3.4,3.565,3.362,3.55
1722960000000,3.55,3.586,3.477,3.502
1722974400000,3.502,3.553,3.48,3.497
1722988800000,3.497,3.553,3.431,3.505
1723003200000,3.505,3.548,3.494,3.514
1723017600000,3.514,3.563,3.486,3.491
1723032000000,3.491,3.53,3.341,3.394
1723046400000,3.394,3.403,3.314,3.347
1723060800000,3.347,3.419,3.332,3.353
1723075200000,3.353,3.538,3.297,3.487
1723089600000,3.487,3.55,3.487,3.505
1723104000000,3.505,3.533,3.5,3.512
1723118400000,3.512,3.683,3.483,3.68
1723132800000,3.68,3.808,3.677,3.73
1723147200000,3.73,3.832,3.719,3.829
1723161600000,3.829,3.858,3.784,3.801
1723176000000,3.801,3.801,3.733,3.77
1723190400000,3.77,3.798,3.723,3.78
1723204800000,3.78,3.806,3.69,3.725
1723219200000,3.725,3.795,3.718,3.758
1723233600000,3.758,3.775,3.715,3.762
1723248000000,3.762,3.821,3.737,3.755
1723262400000,3.755,3.788,3.736,3.781
1723276800000,3.781,3.782,3.739,3.756
1723291200000,3.756,3.789,3.724,3.762
1723305600000,3.762,3.807,3.757,3.787
1723320000000,3.787,3.818,3.771,3.775
1723334400000,3.775,3.847,3.775,3.813
1723348800000,3.813,3.835,3.801,3.822
1723363200000,3.822,3.834,3.721,3.726
1723377600000,3.726,3.731,3.597,3.611
1723392000000,3.611,3.647,3.541,3.549
1723406400000,3.549,3.553,3.447,3.487
1723420800000,3.487,3.541,3.486,3.51
1723435200000,3.51,3.575,3.469,3.555
1723449600000,3.555,3.745,3.543,3.738
1723464000000,3.738,3.776,3.584,3.766
1723478400000,3.766,3.792,3.648,3.677
1723492800000,3.677,3.754,3.628,3.732
1723507200000,3.732,3.765,3.687,3.697
1723521600000,3.697,3.722,3.666,3.674
1723536000000,3.674,3.685,3.592,3.615
1723550400000,3.615,3.697,3.606,3.676
1723564800000,3.676,3.771,3.664,3.713
1723579200000,3.713,3.722,3.682,3.703
1723593600000,3.703,3.704,3.621,3.662
1723608000000,3.662,3.682,3.641,3.666
1723622400000,3.666,3.716,3.65,3.681
1723636800000,3.681,3.728,3.531,3.614
1723651200000,3.614,3.627,3.568,3.59
1723665600000,3.59,3.598,3.539,3.582
1723680000000,3.582,3.635,3.566,3.626
1723694400000,3.626,3.654,3.579,3.605
1723708800000,3.605,3.649,3.589,3.634
1723723200000,3.634,3.675,3.611,3.643
1723737600000,3.643,3.655,3.427,3.461
1723752000000,3.461,3.519,3.434,3.499
1723766400000,3.499,3.554,3.485,3.508
1723780800000,3.508,3.58,3.504,3.557
1723795200000,3.557,3.558,3.504,3.514
1723809600000,3.514,3.533,3.404,3.449
1723824000000,3.449,3.552,3.439,3.543
1723838400000,3.543,3.572,3.485,3.496
1723852800000,3.496,3.52,3.483,3.491
1723867200000,3.491,3.53,3.486,3.519
1723881600000,3.519,3.532,3.502,3.512
1723896000000,3.512,3.547,3.504,3.525
1723910400000,3.525,3.571,3.523,3.553
1723924800000,3.553,3.582,3.544,3.566
1723939200000,3.566,3.574,3.522,3.524
1723953600000,3.524,3.539,3.507,3.526
1723968000000,3.526,3.592,3.524,3.583
1723982400000,3.583,3.628,3.57,3.604
1723996800000,3.604,3.615,3.572,3.615
1724011200000,3.615,3.622,3.543,3.546
1724025600000,3.546,3.596,3.527,3.579
1724040000000,3.579,3.579,3.546,3.563
1724054400000,3.563,3.616,3.536,3.59
1724068800000,3.59,3.618,3.543,3.568
1724083200000,3.568,3.633,3.538,3.597
1724097600000,3.597,3.624,3.578,3.621
1724112000000,3.621,3.685,3.611,3.657
1724126400000,3.657,3.696,3.653,3.669
1724140800000,3.669,3.672,3.623,3.632
1724155200000,3.632,3.676,3.549,3.589
1724169600000,3.589,3.693,3.583,3.681
1724184000000,3.681,3.701,3.647,3.65
1724198400000,3.65,3.662,3.606,3.655
1724212800000,3.655,3.697,3.652,3.684
1724227200000,3.684,3.693,3.636,3.667
1724241600000,3.667,3.698,3.611,3.671
1724256000000,3.671,3.834,3.656,3.82
1724270400000,3.82,3.83,3.776,3.791
1724284800000,3.791,3.819,3.757,3.801
1724299200000,3.801,3.855,3.795,3.847
1724313600000,3.847,3.941,3.836,3.924
1724328000000,3.924,3.935,3.876,3.902
1724342400000,3.902,3.913,3.865,3.869
1724356800000,3.869,3.953,3.868,3.945
1724371200000,3.945,4.056,3.94,4.002
1724385600000,4.002,4.025,3.989,4.02
1724400000000,4.02,4.114,4.011,4.057
1724414400000,4.057,4.179,4.057,4.157
1724428800000,4.157,4.281,4.131,4.255
1724443200000,4.255,4.289,4.212,4.225
1724457600000,4.225,4.269,4.194,4.199
1724472000000,4.199,4.237,4.197,4.235
1724486400000,4.235,4.335,4.223,4.314
1724500800000,4.314,4.325,4.231,4.25
1724515200000,4.25,4.316,4.243,4.282
1724529600000,4.282,4.293,4.166,4.242
1724544000000,4.242,4.259,4.125,4.176
1724558400000,4.176,4.183,4.052,4.086
1724572800000,4.086,4.162,4.067,4.145
1724587200000,4.145,4.242,4.139,4.194
1724601600000,4.194,4.229,4.145,4.176
1724616000000,4.176,4.235,4.144,4.156
1724630400000,4.156,4.188,4.079,4.122
1724644800000,4.122,4.126,4.035,4.076
1724659200000,4.076,4.112,4.048,4.065
1724673600000,4.065,4.1,4.012,4.017
1724688000000,4.017,4.018,3.908,3.921
1724702400000,3.921,3.955,3.881,3.926
1724716800000,3.926,4.011,3.926,4.01
1724731200000,4.01,4.047,3.969,3.981
1724745600000,3.981,3.998,3.894,3.908
1724760000000,3.908,3.942,3.851,3.926
1724774400000,3.926,3.97,3.915,3.935
1724788800000,3.935,3.935,3.643,3.718
1724803200000,3.718,3.722,3.659,3.712
1724817600000,3.712,3.715,3.649,3.654
1724832000000,3.654,3.813,3.63,3.777
1724846400000,3.777,3.825,3.665,3.71
1724860800000,3.71,3.727,3.549,3.653
1724875200000,3.653,3.713,3.596,3.642
1724889600000,3.642,3.707,3.634,3.693
1724904000000,3.693,3.727,3.66,3.707
1724918400000,3.707,3.751,3.68,3.714
1724932800000,3.714,3.797,3.708,3.766
1724947200000,3.766,3.782,3.59,3.641
1724961600000,3.641,3.664,3.605,3.641
1724976000000,3.641,3.667,3.621,3.63
1724990400000,3.63,3.698,3.615,3.682
1725004800000,3.682,3.711,3.657,3.661
1725019200000,3.661,3.699,3.455,3.475
1725033600000,3.475,3.629,3.455,3.594
1725048000000,3.594,3.65,3.589,3.637
1725062400000,3.637,3.656,3.623,3.646
1725076800000,3.646,3.668,3.627,3.634
1725091200000,3.634,3.643,3.572,3.618
1725105600000,3.618,3.623,3.563,3.587
1725120000000,3.587,3.587,3.53,3.563
1725134400000,3.563,3.591,3.549,3.567
1725148800000,3.567,3.577,3.495,3.533
1725163200000,3.533,3.543,3.449,3.494
1725177600000,3.494,3.5,3.429,3.468
1725192000000,3.468,3.479,3.371,3.468
1725206400000,3.468,3.496,3.383,3.459
1725220800000,3.459,3.488,3.305,3.357
1725235200000,3.357,3.391,3.338,3.376
1725249600000,3.376,3.398,3.312,3.331
1725264000000,3.331,3.459,3.329,3.426
1725278400000,3.426,3.512,3.374,3.486
1725292800000,3.486,3.506,3.422,3.446
1725307200000,3.446,3.52,3.442,3.488
1725321600000,3.488,3.554,3.476,3.491
1725336000000,3.491,3.502,3.47,3.499
1725350400000,3.499,3.5,3.448,3.481
1725364800000,3.481,3.503,3.374,3.381
1725379200000,3.381,3.426,3.377,3.395
1725393600000,3.395,3.417,3.338,3.35
1725408000000,3.35,3.38,3.162,3.328
1725422400000,3.328,3.372,3.324,3.352
1725436800000,3.352,3.384,3.323,3.328
1725451200000,3.328,3.431,3.309,3.427
1725465600000,3.427,3.468,3.372,3.394
1725480000000,3.394,3.434,3.385,3.391
1725494400000,3.391,3.411,3.334,3.339
1725508800000,3.339,3.389,3.319,3.382
1725523200000,3.382,3.395,3.36,3.372
1725537600000,3.372,3.426,3.323,3.346
1725552000000,3.346,3.377,3.311,3.33
1725566400000,3.33,3.365,3.32,3.357
1725580800000,3.357,3.414,3.337,3.39
1725595200000,3.39,3.398,3.319,3.341
1725609600000,3.341,3.361,3.326,3.341
1725624000000,3.341,3.409,3.271,3.329
1725638400000,3.329,3.331,3.223,3.248
1725652800000,3.248,3.278,3.141,3.27
1725667200000,3.27,3.305,3.268,3.285
1725681600000,3.285,3.347,3.284,3.335
1725696000000,3.335,3.358,3.327,3.329
1725710400000,3.329,3.366,3.326,3.356
1725724800000,3.356,3.371,3.316,3.364
1725739200000,3.364,3.368,3.318,3.346
1725753600000,3.346,3.396,3.332,3.393
1725768000000,3.393,3.404,3.372,3.396
1725782400000,3.396,3.415,3.371,3.374
1725796800000,3.374,3.382,3.328,3.333
1725811200000,3.333,3.379,3.317,3.363
1725825600000,3.363,3.441,3.353,3.405
1725840000000,3.405,3.44,3.374,3.406
1725854400000,3.406,3.429,3.367,3.427
1725868800000,3.427,3.459,3.417,3.436
1725883200000,3.436,3.512,3.417,3.472
1725897600000,3.472,3.674,3.471,3.613
1725912000000,3.613,3.649,3.593,3.599
1725926400000,3.599,3.603,3.538,3.544
1725940800000,3.544,3.606,3.543,3.599
1725955200000,3.599,3.621,3.563,3.619
1725969600000,3.619,3.625,3.573,3.577
1725984000000,3.577,3.676,3.574,3.673
1725998400000,3.673,3.691,3.635,3.655
1726012800000,3.655,3.662,3.582,3.59
1726027200000,3.59,3.59,3.516,3.578
1726041600000,3.578,3.578,3.537,3.555
1726056000000,3.555,3.638,3.482,3.558
1726070400000,3.558,3.605,3.553,3.597
1726084800000,3.597,3.613,3.581,3.598
1726099200000,3.598,3.677,3.589,3.638
1726113600000,3.638,3.656,3.608,3.616
1726128000000,3.616,3.643,3.593,3.596
1726142400000,3.596,3.657,3.575,3.596
1726156800000,3.596,3.658,3.594,3.656
1726171200000,3.656,3.668,3.632,3.654
1726185600000,3.654,3.681,3.628,3.65
1726200000000,3.65,3.665,3.618,3.638
1726214400000,3.638,3.695,3.625,3.643
1726228800000,3.643,3.758,3.621,3.741
1726243200000,3.741,3.767,3.719,3.725
1726257600000,3.725,3.76,3.714,3.723
1726272000000,3.723,3.742,3.708,3.719
1726286400000,3.719,3.719,3.672,3.686
1726300800000,3.686,3.692,3.634,3.656
1726315200000,3.656,3.693,3.643,3.667
1726329600000,3.667,3.684,3.642,3.643
1726344000000,3.643,3.674,3.638,3.659
1726358400000,3.659,3.684,3.653,3.659
1726372800000,3.659,3.667,3.637,3.655
1726387200000,3.655,3.661,3.55,3.575
1726401600000,3.575,3.601,3.534,3.563
1726416000000,3.563,3.572,3.507,3.525
1726430400000,3.525,3.533,3.41,3.447
1726444800000,3.447,3.464,3.402,3.452
1726459200000,3.452,3.469,3.433,3.463
1726473600000,3.463,3.475,3.408,3.431
1726488000000,3.431,3.44,3.358,3.394
1726502400000,3.394,3.427,3.379,3.414
1726516800000,3.414,3.423,3.383,3.411
1726531200000,3.411,3.44,3.382,3.439
1726545600000,3.439,3.475,3.43,3.466
1726560000000,3.466,3.478,3.429,3.438
1726574400000,3.438,3.53,3.409,3.512
1726588800000,3.512,3.521,3.422,3.45
1726603200000,3.45,3.471,3.444,3.462
1726617600000,3.462,3.501,3.422,3.493
1726632000000,3.493,3.498,3.465,3.483
1726646400000,3.483,3.484,3.375,3.412
1726660800000,3.412,3.439,3.366,3.375
1726675200000,3.375,3.526,3.361,3.487
1726689600000,3.487,3.616,3.446,3.612
1726704000000,3.612,3.721,3.612,3.658
1726718400000,3.658,3.676,3.634,3.671
1726732800000,3.671,3.69,3.637,3.68
1726747200000,3.68,3.707,3.655,3.692
1726761600000,3.692,3.753,3.689,3.704
1726776000000,3.704,3.731,3.678,3.684
1726790400000,3.684,3.761,3.652,3.76
1726804800000,3.76,3.839,3.759,3.833
1726819200000,3.833,3.835,3.758,3.773
1726833600000,3.773,3.792,3.717,3.765
1726848000000,3.765,3.776,3.692,3.73
1726862400000,3.73,3.796,3.727,3.776
1726876800000,3.776,3.79,3.726,3.726
1726891200000,3.726,3.766,3.695,3.762
1726905600000,3.762,3.822,3.753,3.773
1726920000000,3.773,3.867,3.761,3.827
1726934400000,3.827,3.842,3.803,3.811
1726948800000,3.811,3.881,3.807,3.862
1726963200000,3.862,3.873,3.774,3.801
1726977600000,3.801,3.81,3.741,3.757
1726992000000,3.757,3.769,3.694,3.714
1727006400000,3.714,3.726,3.648,3.676
1727020800000,3.676,3.71,3.646,3.696
1727035200000,3.696,3.732,3.604,3.72
1727049600000,3.72,3.808,3.655,3.787
1727064000000,3.787,3.797,3.721,3.731
1727078400000,3.731,3.754,3.694,3.723
1727092800000,3.723,3.791,3.693,3.766
1727107200000,3.766,3.791,3.722,3.745
1727121600000,3.745,3.772,3.719,3.757
1727136000000,3.757,3.775,3.692,3.763
1727150400000,3.763,3.781,3.713,3.779
1727164800000,3.779,3.81,3.755,3.793
1727179200000,3.793,3.823,3.696,3.738
1727193600000,3.738,3.841,3.737,3.835
1727208000000,3.835,3.882,3.812,3.855
1727222400000,3.855,3.961,3.852,3.956
1727236800000,3.956,3.977,3.883,3.916
1727251200000,3.916,3.949,3.897,3.938
1727265600000,3.938,4.002,3.89,3.922
1727280000000,3.922,4.004,3.915,3.958
1727294400000,3.958,4.048,3.911,3.941
1727308800000,3.941,3.989,3.881,3.971
1727323200000,3.971,4.119,3.963,4.087
1727337600000,4.087,4.134,4.072,4.126
1727352000000,4.126,4.145,4.046,4.116
1727366400000,4.116,4.146,4.071,4.094
1727380800000,4.094,4.105,4.046,4.101
1727395200000,4.101,4.188,4.095,4.182
1727409600000,4.182,4.243,4.164,4.188
1727424000000,4.188,4.213,4.108,4.13
1727438400000,4.13,4.291,4.118,4.193
1727452800000,4.193,4.228,4.154,4.194
1727467200000,4.194,4.216,4.163,4.196
1727481600000,4.196,4.224,4.174,4.179
1727496000000,4.179,4.186,4.084,4.098
1727510400000,4.098,4.105,4.016,4.101
1727524800000,4.101,4.126,4.051,4.118
1727539200000,4.118,4.178,4.108,4.153
1727553600000,4.153,4.16,4.07,4.125
1727568000000,4.125,4.155,4.088,4.121
1727582400000,4.121,4.122,4.034,4.046
1727596800000,4.046,4.077,4.026,4.057
1727611200000,4.057,4.091,4.011,4.081
1727625600000,4.081,4.137,4.052,4.133
1727640000000,4.133,4.151,4.057,4.081
1727654400000,4.081,4.096,3.931,3.996
1727668800000,3.996,4.035,3.954,4.03
1727683200000,4.03,4.033,3.902,3.948
1727697600000,3.948,3.963,3.858,3.863
1727712000000,3.863,3.925,3.858,3.89
1727726400000,3.89,3.922,3.774,3.808
1727740800000,3.808,3.913,3.804,3.911
1727755200000,3.911,3.934,3.889,3.915
1727769600000,3.915,3.941,3.894,3.918
1727784000000,3.918,3.929,3.596,3.712
1727798400000,3.712,3.721,3.437,3.557
1727812800000,3.557,3.593,3.494,3.553
1727827200000,3.553,3.654,3.527,3.643
1727841600000,3.643,3.683,3.622,3.661
1727856000000,3.661,3.664,3.541,3.581
1727870400000,3.581,3.626,3.538,3.616
1727884800000,3.616,3.651,3.442,3.51
1727899200000,3.51,3.563,3.491,3.536
1727913600000,3.536,3.644,3.511,3.64
1727928000000,3.64,3.652,3.557,3.571
1727942400000,3.571,3.576,3.448,3.482
1727956800000,3.482,3.561,3.419,3.516
1727971200000,3.516,3.573,3.474,3.563
1727985600000,3.563,3.583,3.514,3.57
1728000000000,3.57,3.61,3.542,3.584
1728014400000,3.584,3.622,3.576,3.597
1728028800000,3.597,3.633,3.585,3.611
1728043200000,3.611,3.642,3.565,3.638
1728057600000,3.638,3.655,3.615,3.642
1728072000000,3.642,3.649,3.622,3.644
1728086400000,3.644,3.676,3.605,3.62
1728100800000,3.62,3.665,3.612,3.64
1728115200000,3.64,3.674,3.64,3.656
1728129600000,3.656,3.671,3.631,3.658
1728144000000,3.658,3.671,3.585,3.592
1728158400000,3.592,3.621,3.554,3.614
1728172800000,3.614,3.65,3.603,3.62
1728187200000,3.62,3.645,3.607,3.639
1728201600000,3.639,3.655,3.624,3.649
1728216000000,3.649,3.711,3.645,3.69
1728230400000,3.69,3.708,3.657,3.663
1728244800000,3.663,3.701,3.642,3.698
1728259200000,3.698,3.806,3.681,3.79
1728273600000,3.79,3.81,3.759,3.768
1728288000000,3.768,3.791,3.684,3.74
1728302400000,3.74,3.803,3.712,3.767
1728316800000,3.767,3.806,3.71,3.764
1728331200000,3.764,3.782,3.691,3.708
1728345600000,3.708,3.773,3.708,3.758
1728360000000,3.758,3.774,3.646,3.68
1728374400000,3.68,3.727,3.665,3.724
1728388800000,3.724,3.741,3.61,3.642
1728403200000,3.642,3.675,3.584,3.623
1728417600000,3.623,3.669,3.603,3.627
1728432000000,3.627,3.665,3.605,3.642
1728446400000,3.642,3.676,3.629,3.644
1728460800000,3.644,3.653,3.599,3.619
1728475200000,3.619,3.619,3.536,3.6
1728489600000,3.6,3.604,3.508,3.526
1728504000000,3.526,3.526,3.453,3.497
1728518400000,3.497,3.529,3.481,3.517
1728532800000,3.517,3.53,3.505,3.508
1728547200000,3.508,3.536,3.455,3.527
1728561600000,3.527,3.535,3.452,3.499
1728576000000,3.499,3.513,3.431,3.509
1728590400000,3.509,3.538,3.501,3.536
1728604800000,3.536,3.567,3.52,3.548
1728619200000,3.548,3.556,3.503,3.516
1728633600000,3.516,3.544,3.508,3.527
1728648000000,3.527,3.588,3.521,3.582
1728662400000,3.582,3.6,3.562,3.59
1728676800000,3.59,3.616,3.573,3.585
1728691200000,3.585,3.62,3.572,3.582
1728705600000,3.582,3.616,3.579,3.613
1728720000000,3.613,3.654,3.611,3.627
1728734400000,3.627,3.65,3.616,3.629
1728748800000,3.629,3.654,3.585,3.597
1728763200000,3.597,3.627,3.59,3.608
1728777600000,3.608,3.627,3.566,3.573
1728792000000,3.573,3.603,3.564,3.581
1728806400000,3.581,3.59,3.545,3.547
1728820800000,3.547,3.582,3.482,3.503
1728835200000,3.503,3.539,3.476,3.515
1728849600000,3.515,3.576,3.507,3.568
1728864000000,3.568,3.641,3.529,3.634
1728878400000,3.634,3.661,3.616,3.646
1728892800000,3.646,3.677,3.623,3.67
1728907200000,3.67,3.778,3.659,3.773
1728921600000,3.773,3.854,3.757,3.836
1728936000000,3.836,3.898,3.832,3.856
1728950400000,3.856,3.897,3.825,3.828
1728964800000,3.828,3.861,3.808,3.825
1728979200000,3.825,3.881,3.725,3.747
1728993600000,3.747,3.932,3.686,3.758
1729008000000,3.758,3.821,3.737,3.76
1729022400000,3.76,3.804,3.687,3.802
1729036800000,3.802,3.826,3.76,3.784
1729051200000,3.784,3.802,3.708,3.722
1729065600000,3.722,3.779,3.71,3.759
1729080000000,3.759,3.776,3.695,3.712
1729094400000,3.712,3.761,3.701,3.754
1729108800000,3.754,3.788,3.744,3.75
1729123200000,3.75,3.769,3.71,3.727
1729137600000,3.727,3.728,3.673,3.707
1729152000000,3.707,3.718,3.629,3.639
1729166400000,3.639,3.708,3.625,3.699
1729180800000,3.699,3.699,3.597,3.645
1729195200000,3.645,3.675,3.631,3.64
1729209600000,3.64,3.703,3.624,3.663
1729224000000,3.663,3.717,3.662,3.707
1729238400000,3.707,3.714,3.666,3.669
1729252800000,3.669,3.739,3.643,3.729
1729267200000,3.729,3.755,3.696,3.733
1729281600000,3.733,3.779,3.723,3.773
1729296000000,3.773,3.82,3.767,3.793
1729310400000,3.793,3.805,3.762,3.766
1729324800000,3.766,3.773,3.718,3.721
1729339200000,3.721,3.755,3.718,3.735
1729353600000,3.735,3.74,3.704,3.708
1729368000000,3.708,3.778,3.708,3.764
1729382400000,3.764,3.786,3.709,3.731
1729396800000,3.731,3.817,3.723,3.798
1729411200000,3.798,3.847,3.787,3.82
1729425600000,3.82,3.976,3.795,3.918
1729440000000,3.918,4.015,3.917,3.926
1729454400000,3.926,3.99,3.924,3.984
1729468800000,3.984,4.02,3.949,3.976
1729483200000,3.976,3.994,3.922,3.93
1729497600000,3.93,3.949,3.873,3.881
1729512000000,3.881,3.902,3.806,3.834
1729526400000,3.834,3.865,3.78,3.863
1729540800000,3.863,3.889,3.845,3.848
1729555200000,3.848,3.909,3.796,3.884
1729569600000,3.884,3.903,3.859,3.864
1729584000000,3.864,3.865,3.786,3.833
1729598400000,3.833,3.836,3.731,3.777
1729612800000,3.777,3.803,3.727,3.796
1729627200000,3.796,3.833,3.786,3.805
1729641600000,3.805,3.814,3.747,3.774
1729656000000,3.774,3.787,3.721,3.728
1729670400000,3.728,3.748,3.692,3.703
1729684800000,3.703,3.734,3.662,3.684
1729699200000,3.684,3.7,3.604,3.666
1729713600000,3.666,3.699,3.657,3.692
1729728000000,3.692,3.748,3.679,3.715
1729742400000,3.715,3.742,3.688,3.69
1729756800000,3.69,3.708,3.647,3.699
1729771200000,3.699,3.737,3.68,3.724
1729785600000,3.724,3.747,3.704,3.742
1729800000000,3.742,3.768,3.717,3.737
1729814400000,3.737,3.747,3.692,3.713
1729828800000,3.713,3.716,3.644,3.671
1729843200000,3.671,3.729,3.645,3.725
1729857600000,3.725,3.749,3.661,3.678
1729872000000,3.678,3.701,3.557,3.6
1729886400000,3.6,3.632,3.273,3.44
1729900800000,3.44,3.487,3.387,3.474
1729915200000,3.474,3.483,3.452,3.453
1729929600000,3.453,3.474,3.444,3.462
1729944000000,3.462,3.467,3.371,3.403
1729958400000,3.403,3.447,3.392,3.445
1729972800000,3.445,3.473,3.437,3.467
1729987200000,3.467,3.493,3.452,3.491
1730001600000,3.491,3.503,3.471,3.485
1730016000000,3.485,3.494,3.457,3.474
1730030400000,3.474,3.532,3.473,3.523
1730044800000,3.523,3.533,3.503,3.516
1730059200000,3.516,3.603,3.51,3.563
1730073600000,3.563,3.575,3.507,3.515
1730088000000,3.515,3.569,3.483,3.555
1730102400000,3.555,3.586,3.551,3.565
1730116800000,3.565,3.633,3.527,3.527
1730131200000,3.527,3.586,3.486,3.573
1730145600000,3.573,3.669,3.571,3.623
1730160000000,3.623,3.693,3.61,3.667
1730174400000,3.667,3.675,3.608,3.635
1730188800000,3.635,3.655,3.626,3.647
1730203200000,3.647,3.682,3.624,3.682
1730217600000,3.682,3.74,3.67,3.685
1730232000000,3.685,3.723,3.654,3.707
1730246400000,3.707,3.734,3.664,3.724
1730260800000,3.724,3.778,3.712,3.749
1730275200000,3.749,3.764,3.695,3.697
1730289600000,3.697,3.788,3.678,3.733
1730304000000,3.733,3.748,3.703,3.717
1730318400000,3.717,3.774,3.703,3.721
1730332800000,3.721,3.739,3.674,3.69
1730347200000,3.69,3.693,3.633,3.664
1730361600000,3.664,3.666,3.612,3.624
1730376000000,3.624,3.656,3.552,3.581
1730390400000,3.581,3.581,3.487,3.507
1730404800000,3.507,3.555,3.495,3.534
1730419200000,3.534,3.566,3.47,3.538
1730433600000,3.538,3.559,3.456,3.485
1730448000000,3.485,3.514,3.48,3.497
1730462400000,3.497,3.587,3.423,3.458
1730476800000,3.458,3.513,3.452,3.469
1730491200000,3.469,3.487,3.423,3.47
1730505600000,3.47,3.507,3.465,3.468
1730520000000,3.468,3.486,3.448,3.482
1730534400000,3.482,3.49,3.465,3.473
1730548800000,3.473,3.48,3.401,3.424
1730563200000,3.424,3.447,3.387,3.423
1730577600000,3.423,3.438,3.407,3.429
1730592000000,3.429,3.437,3.284,3.341
1730606400000,3.341,3.392,3.338,3.372
1730620800000,3.372,3.385,3.328,3.332
1730635200000,3.332,3.349,3.236,3.289
1730649600000,3.289,3.329,3.262,3.327
1730664000000,3.327,3.371,3.318,3.338
1730678400000,3.338,3.386,3.301,3.351
1730692800000,3.351,3.372,3.328,3.339
1730707200000,3.339,3.403,3.312,3.389
1730721600000,3.389,3.406,3.34,3.354
1730736000000,3.354,3.357,3.309,3.319
1730750400000,3.319,3.323,3.196,3.272
1730764800000,3.272,3.316,3.267,3.315
1730779200000,3.315,3.352,3.312,3.345
1730793600000,3.345,3.363,3.319,3.326
1730808000000,3.326,3.43,3.316,3.389
1730822400000,3.389,3.429,3.331,3.344
1730836800000,3.344,3.408,3.334,3.389
1730851200000,3.389,3.615,3.389,3.581
1730865600000,3.581,3.66,3.577,3.609
1730880000000,3.609,3.634,3.539,3.618
1730894400000,3.618,3.632,3.563,3.598
1730908800000,3.598,3.654,3.584,3.654
1730923200000,3.654,3.754,3.64,3.711
1730937600000,3.711,3.829,3.691,3.783
1730952000000,3.783,3.79,3.695,3.721
1730966400000,3.721,3.753,3.683,3.697
1730980800000,3.697,3.773,3.672,3.77
1730995200000,3.77,3.783,3.723,3.761
1731009600000,3.761,3.797,3.742,3.768
1731024000000,3.768,3.822,3.681,3.713
1731038400000,3.713,3.74,3.699,3.715
1731052800000,3.715,3.733,3.69,3.718
1731067200000,3.718,3.967,3.718,3.886
1731081600000,3.886,3.924,3.765,3.91
1731096000000,3.91,3.931,3.835,3.914
1731110400000,3.914,3.916,3.787,3.799
1731124800000,3.799,3.916,3.799,3.898
1731139200000,3.898,3.983,3.876,3.959
1731153600000,3.959,3.963,3.843,3.878
1731168000000,3.878,3.895,3.812,3.88
1731182400000,3.88,4.082,3.87,4.056
1731196800000,4.056,4.1,3.999,4.073
1731211200000,4.073,4.159,4.061,4.104
1731225600000,4.104,4.222,4.103,4.191
1731240000000,4.191,4.288,4.124,4.234
1731254400000,4.234,4.429,4.197,4.293
1731268800000,4.293,4.318,4.039,4.27
1731283200000,4.27,4.373,4.261,4.335
1731297600000,4.335,4.346,4.118,4.176
1731312000000,4.176,4.274,4.151,4.255
1731326400000,4.255,4.283,4.124,4.237
1731340800000,4.237,4.308,4.207,4.246
1731355200000,4.246,4.419,4.072,4.416
1731369600000,4.416,4.526,4.286,4.5
1731384000000,4.5,4.571,4.395,4.51
1731398400000,4.51,4.659,4.113,4.279
1731412800000,4.279,4.34,4.143,4.196
1731427200000,4.196,4.283,4.097,4.243
1731441600000,4.243,4.331,4.18,4.224
1731456000000,4.224,4.298,4.009,4.016
1731470400000,4.016,4.077,3.854,3.966
1731484800000,3.966,4.006,3.913,3.966
1731499200000,3.966,4.24,3.918,4.195
1731513600000,4.195,4.272,4.032,4.048
1731528000000,4.048,4.102,3.928,4.079
1731542400000,4.079,4.101,3.996,4.09
1731556800000,4.09,4.214,4.048,4.12
1731571200000,4.12,4.139,3.967,4.033
1731585600000,4.033,4.053,3.851,3.883
1731600000000,3.883,3.97,3.856,3.956
1731614400000,3.956,3.983,3.802,3.861
1731628800000,3.861,3.927,3.817,3.892
1731643200000,3.892,3.933,3.783,3.891
1731657600000,3.891,3.995,3.85,3.993
1731672000000,3.993,4.15,3.952,3.999
1731686400000,3.999,4.248,3.974,4.216
1731700800000,4.216,4.262,4.185,4.206
1731715200000,4.206,4.217,4.154,4.196
1731729600000,4.196,4.239,4.16,4.2
1731744000000,4.2,4.512,4.2,4.493
1731758400000,4.493,4.568,4.366,4.523
1731772800000,4.523,4.807,4.484,4.672
1731787200000,4.672,4.83,4.622,4.753
1731801600000,4.753,4.885,4.485,4.607
1731816000000,4.607,4.633,4.474,4.581
1731830400000,4.581,4.668,4.426,4.444
1731844800000,4.444,4.503,4.369,4.402
1731859200000,4.402,4.474,4.34,4.366
1731873600000,4.366,4.388,4.251,4.348
1731888000000,4.348,4.585,4.323,4.567
1731902400000,4.567,4.662,4.54,4.613
1731916800000,4.613,4.626,4.41,4.434
1731931200000,4.434,4.52,4.33,4.491
1731945600000,4.491,4.572,4.346,4.427
1731960000000,4.427,4.562,4.388,4.539
1731974400000,4.539,4.589,4.493,4.534
1731988800000,4.534,4.547,4.431,4.465
1732003200000,4.465,4.473,4.377,4.466
1732017600000,4.466,4.542,4.362,4.452
1732032000000,4.452,4.537,4.397,4.465
1732046400000,4.465,4.492,4.29,4.436
1732060800000,4.436,4.438,4.233,4.317
1732075200000,4.317,4.389,4.271,4.351
1732089600000,4.351,4.484,4.337,4.365
1732104000000,4.365,4.534,4.303,4.438
1732118400000,4.438,4.45,4.112,4.17
1732132800000,4.17,4.29,4.139,4.246
1732147200000,4.246,4.324,4.078,4.219
1732161600000,4.219,4.527,4.219,4.49
1732176000000,4.49,4.601,4.407,4.555
1732190400000,4.555,4.671,4.429,4.477
1732204800000,4.477,4.558,4.465,4.5
1732219200000,4.5,4.564,4.46,4.535
1732233600000,4.535,4.694,4.457,4.654
1732248000000,4.654,4.753,4.615,4.622
1732262400000,4.622,4.722,4.566,4.705
1732276800000,4.705,4.747,4.507,4.704
1732291200000,4.704,4.789,4.656,4.732
1732305600000,4.732,4.974,4.716,4.936
1732320000000,4.936,5.133,4.839,4.955
1732334400000,4.955,5.199,4.862,5.186
1732348800000,5.186,5.227,5.102,5.215
1732363200000,5.215,5.481,5.159,5.404
1732377600000,5.404,5.679,5.183,5.528
1732392000000,5.528,5.617,5.342,5.374
1732406400000,5.374,6.144,5.347,6.005
1732420800000,6.005,6.116,5.781,5.92
1732435200000,5.92,6.009,5.509,5.511
1732449600000,5.511,5.597,5.168,5.246
1732464000000,5.246,5.535,5.215,5.448
1732478400000,5.448,5.792,5.43,5.73
1732492800000,5.73,5.753,5.404,5.6
1732507200000,5.6,5.685,5.516,5.632
1732521600000,5.632,5.873,5.625,5.725
1732536000000,5.725,5.81,5.37,5.604
1732550400000,5.604,5.764,5.481,5.724
1732564800000,5.724,5.767,5.356,5.46
1732579200000,5.46,5.678,5.422,5.584
1732593600000,5.584,5.773,5.511,5.629
1732608000000,5.629,5.659,5.2,5.307
1732622400000,5.307,5.419,5.204,5.26
1732636800000,5.26,5.448,5.162,5.272
1732651200000,5.272,5.456,5.261,5.439
1732665600000,5.439,5.516,5.297,5.372
1732680000000,5.372,5.554,5.366,5.539
1732694400000,5.539,5.636,5.408,5.513
1732708800000,5.513,5.668,5.354,5.638
1732723200000,5.638,5.697,5.57,5.667
1732737600000,5.667,5.855,5.664,5.817
1732752000000,5.817,5.905,5.644,5.704
1732766400000,5.704,5.798,5.645,5.665
1732780800000,5.665,5.727,5.534,5.656
1732795200000,5.656,5.739,5.517,5.541
1732809600000,5.541,5.772,5.537,5.754
1732824000000,5.754,5.846,5.706,5.817
1732838400000,5.817,5.859,5.732,5.741
1732852800000,5.741,5.75,5.632,5.638
1732867200000,5.638,5.884,5.638,5.841
1732881600000,5.841,6.13,5.841,5.998
1732896000000,5.998,6.058,5.931,6.043
1732910400000,6.043,6.177,6.007,6.147
1732924800000,6.147,6.285,6.073,6.148
1732939200000,6.148,6.199,6.087,6.18
1732953600000,6.18,6.319,6.101,6.274
1732968000000,6.274,6.656,6.248,6.634
1732982400000,6.634,7.068,6.506,6.976
1732996800000,6.976,7.333,6.951,7.083
1733011200000,7.083,7.1,6.654,6.809
1733025600000,6.809,6.966,6.749,6.778
1733040000000,6.778,6.924,6.747,6.842
1733054400000,6.842,6.929,6.766,6.89
1733068800000,6.89,6.897,6.705,6.819
1733083200000,6.819,6.958,6.707,6.873
1733097600000,6.873,7.5,6.852,7.111
1733112000000,7.111,7.282,6.965,7.068
1733126400000,7.068,7.141,6.625,6.794
1733140800000,6.794,7.259,6.766,7.165
1733155200000,7.165,7.36,6.919,7.339
1733169600000,7.339,7.503,7.2,7.293
1733184000000,7.293,7.466,7.131,7.424
1733198400000,7.424,7.656,7.207,7.279
1733212800000,7.279,7.436,7.165,7.399
1733227200000,7.399,7.464,6.694,7.008
1733241600000,7.008,7.172,6.857,6.982
1733256000000,6.982,7.425,6.966,7.314
1733270400000,7.314,7.85,7.303,7.75
1733284800000,7.75,8.11,7.652,7.929
1733299200000,7.929,8.031,7.806,7.951
1733313600000,7.951,8.361,7.86,8.16
1733328000000,8.16,8.404,7.763,8.178
1733342400000,8.178,8.438,7.945,8.093
1733356800000,8.093,8.204,7.644,7.905
1733371200000,7.905,8.292,7.845,8.126
1733385600000,8.126,8.155,7.909,8.009
1733400000000,8.009,8.027,7.818,8.001
1733414400000,8.001,8.103,7.787,7.836
1733428800000,7.836,7.963,7.461,7.701
1733443200000,7.701,8.004,7.658,7.929
1733457600000,7.929,8.037,7.894,7.928
1733472000000,7.928,8.057,7.68,7.796
1733486400000,7.796,8.161,7.583,8.004
1733500800000,8.004,8.275,7.967,8.268
1733515200000,8.268,8.306,8.037,8.085
1733529600000,8.085,8.094,7.914,8.034
1733544000000,8.034,8.088,7.915,7.972
1733558400000,7.972,8.006,7.823,7.903
1733572800000,7.903,8.008,7.889,7.953
1733587200000,7.953,7.986,7.708,7.804
1733601600000,7.804,7.884,7.783,7.83
1733616000000,7.83,7.96,7.79,7.839
1733630400000,7.839,7.856,7.665,7.775
1733644800000,7.775,7.785,7.586,7.739
1733659200000,7.739,7.872,7.666,7.76
1733673600000,7.76,7.797,7.656,7.771
1733688000000,7.771,7.906,7.695,7.881
1733702400000,7.881,7.881,7.431,7.523
1733716800000,7.523,7.607,7.245,7.37
1733731200000,7.37,7.371,7.013,7.029
1733745600000,7.029,7.314,6.968,7.067
1733760000000,7.067,7.158,7.005,7.024
1733774400000,7.024,7.038,5.402,6.27
1733788800000,6.27,6.448,5.951,6.209
1733803200000,6.209,6.392,6.062,6.333
1733817600000,6.333,6.479,6.273,6.347
1733832000000,6.347,6.36,5.86,5.87
1733846400000,5.87,6.089,5.682,6.075
1733860800000,6.075,6.276,6.033,6.203
1733875200000,6.203,6.231,5.945,6.185
1733889600000,6.185,6.224,6.111,6.117
1733904000000,6.117,6.355,6.114,6.312
1733918400000,6.312,6.73,6.31,6.676
1733932800000,6.676,6.717,6.508,6.628
1733947200000,6.628,6.788,6.613,6.684
1733961600000,6.684,7.026,6.631,6.997
1733976000000,6.997,7.157,6.929,6.94
1733990400000,6.94,7.041,6.74,6.797
1734004800000,6.797,6.977,6.78,6.881
1734019200000,6.881,6.97,6.651,6.671
1734033600000,6.671,6.826,6.615,6.735
1734048000000,6.735,6.836,6.571,6.74
1734062400000,6.74,6.756,6.517,6.599
1734076800000,6.599,6.785,6.578,6.697
1734091200000,6.697,6.856,6.597,6.604
1734105600000,6.604,6.782,6.593,6.721
1734120000000,6.721,6.826,6.566,6.75
1734134400000,6.75,6.851,6.679,6.71
1734148800000,6.71,6.816,6.661,6.744
1734163200000,6.744,6.802,6.633,6.647
1734177600000,6.647,6.665,6.414,6.504
1734192000000,6.504,6.513,6.282,6.351
1734206400000,6.351,6.455,6.263,6.432
1734220800000,6.432,6.521,6.348,6.415
1734235200000,6.415,6.536,6.316,6.369
1734249600000,6.369,6.543,6.364,6.5
1734264000000,6.5,6.786,6.477,6.679
1734278400000,6.679,6.704,6.595,6.625
1734292800000,6.625,6.765,6.402,6.736
1734307200000,6.736,6.944,6.623,6.664
1734321600000,6.664,6.76,6.639,6.691
1734336000000,6.691,6.697,6.469,6.489
1734350400000,6.489,6.581,6.447,6.555
1734364800000,6.555,6.835,6.555,6.675
1734379200000,6.675,6.84,6.53,6.532
1734393600000,6.532,6.548,6.394,6.512
1734408000000,6.512,6.512,6.393,6.419
1734422400000,6.419,6.662,6.414,6.597
1734436800000,6.597,6.647,6.316,6.354
1734451200000,6.354,6.605,6.291,6.425
1734465600000,6.425,6.474,6.211,6.286
1734480000000,6.286,6.343,6.164,6.176
1734494400000,6.176,6.183,6.016,6.089
1734508800000,6.089,6.203,6.039,6.192
1734523200000,6.192,6.194,5.99,6.059
1734537600000,6.059,6.2,5.911,5.911
1734552000000,5.911,5.966,5.525,5.646
1734566400000,5.646,5.708,5.308,5.629
1734580800000,5.629,5.681,5.58,5.663
1734595200000,5.663,5.734,5.583,5.69
1734609600000,5.69,5.701,5.396,5.484
1734624000000,5.484,5.54,4.967,5.077
1734638400000,5.077,5.222,4.918,5.084
1734652800000,5.084,5.317,5.007,5.233
1734667200000,5.233,5.27,5.007,5.103
1734681600000,5.103,5.107,4.375,4.4
1734696000000,4.4,4.893,4.385,4.854
1734710400000,4.854,5.16,4.82,5.116
1734724800000,5.116,5.273,5.011,5.205
1734739200000,5.205,5.253,5.129,5.173
1734753600000,5.173,5.478,5.153,5.41
1734768000000,5.41,5.429,5.183,5.24
1734782400000,5.24,5.246,4.882,5.055
1734796800000,5.055,5.078,4.858,4.946
1734811200000,4.946,5.012,4.843,4.916
1734825600000,4.916,4.965,4.819,4.924
1734840000000,4.924,4.934,4.759,4.886
1734854400000,4.886,5.057,4.885,4.977
1734868800000,4.977,5.022,4.793,4.849
1734883200000,4.849,4.959,4.74,4.756
1734897600000,4.756,4.911,4.688,4.829
1734912000000,4.829,5.008,4.717,4.99
1734926400000,4.99,5.049,4.804,4.891
1734940800000,4.891,5.006,4.866,4.922
1734955200000,4.922,4.995,4.827,4.844
1734969600000,4.844,5.005,4.838,4.964
1734984000000,4.964,5.257,4.962,5.193
1734998400000,5.193,5.215,5.039,5.17
1735012800000,5.17,5.207,5.099,5.156
1735027200000,5.156,5.271,5.137,5.209
1735041600000,5.209,5.49,5.158,5.461
1735056000000,5.461,5.569,5.428,5.428
1735070400000,5.428,5.479,5.365,5.46
1735084800000,5.46,5.475,5.374,5.402
1735099200000,5.402,5.425,5.316,5.328
1735113600000,5.328,5.498,5.303,5.314
1735128000000,5.314,5.397,5.277,5.303
1735142400000,5.303,5.329,5.224,5.318
1735156800000,5.318,5.339,5.237,5.292
1735171200000,5.292,5.361,5.195,5.205
1735185600000,5.205,5.205,5.094,5.112
1735200000000,5.112,5.128,4.951,5.034
1735214400000,5.034,5.066,4.969,4.987
1735228800000,4.987,5.045,4.9,4.997
1735243200000,4.997,5.021,4.919,4.974
1735257600000,4.974,5.06,4.938,5.033
1735272000000,5.033,5.099,4.926,4.971
1735286400000,4.971,5.202,4.97,5.149
1735300800000,5.149,5.158,4.907,4.926
1735315200000,4.926,5.055,4.886,5.01
1735329600000,5.01,5.017,4.91,4.947
1735344000000,4.947,5.021,4.901,5.014
1735358400000,5.014,5.071,4.955,4.967
1735372800000,4.967,5.014,4.962,5.001
1735387200000,5.001,5.112,4.959,5.047
1735401600000,5.047,5.256,5.043,5.155
1735416000000,5.155,5.281,5.135,5.207
1735430400000,5.207,5.237,5.156,5.193
1735444800000,5.193,5.203,5.129,5.196
1735459200000,5.196,5.199,5.113,5.124
1735473600000,5.124,5.17,5.054,5.086
1735488000000,5.086,5.087,4.978,4.993
1735502400000,4.993,4.998,4.909,4.952
1735516800000,4.952,5.182,4.935,5.027
1735531200000,5.027,5.108,4.985,5.044
1735545600000,5.044,5.084,4.96,5.004
1735560000000,5.004,5.067,4.774,4.811
1735574400000,4.811,5.044,4.75,5.021
1735588800000,5.021,5.087,4.857,4.926
1735603200000,4.926,4.926,4.821,4.829
1735617600000,4.829,4.881,4.804,4.85
1735632000000,4.85,4.993,4.85,4.969
1735646400000,4.969,5.138,4.96,5.061
1735660800000,5.061,5.095,4.907,4.989
1735675200000,4.989,5.005,4.913,4.951
1735689600000,4.951,5.036,4.942,4.96
1735704000000,4.96,4.98,4.925,4.942
1735718400000,4.942,4.964,4.847,4.937
1735732800000,4.937,5.068,4.914,5.055
1735747200000,5.055,5.193,4.99,5.162
1735761600000,5.162,5.193,5.098,5.119
1735776000000,5.119,5.252,5.119,5.187
1735790400000,5.187,5.257,5.143,5.206
1735804800000,5.206,5.309,5.18,5.263
1735819200000,5.263,5.368,5.216,5.242
1735833600000,5.242,5.306,5.192,5.256
1735848000000,5.256,5.331,5.239,5.304
1735862400000,5.304,5.435,5.253,5.422
1735876800000,5.422,5.422,5.241,5.251
1735891200000,5.251,5.442,5.237,5.422
1735905600000,5.422,5.653,5.42,5.634
1735920000000,5.634,5.755,5.624,5.644
1735934400000,5.644,5.67,5.614,5.663
1735948800000,5.663,5.681,5.569,5.66
1735963200000,5.66,5.683,5.611,5.654
1735977600000,5.654,5.656,5.581,5.616
1735992000000,5.616,5.732,5.558,5.58
1736006400000,5.58,5.638,5.568,5.619
1736020800000,5.619,5.664,5.605,5.637
1736035200000,5.637,5.664,5.571,5.607
1736049600000,5.607,5.685,5.605,5.652
1736064000000,5.652,5.659,5.561,5.597
1736078400000,5.597,5.641,5.502,5.622
1736092800000,5.622,5.848,5.582,5.822
1736107200000,5.822,5.973,5.727,5.913
1736121600000,5.913,6.295,5.783,6.255
1736136000000,6.255,6.267,6.09,6.107
1736150400000,6.107,6.131,5.99,6.085
1736164800000,6.085,6.142,5.943,6.093
1736179200000,6.093,6.156,5.968,6.009
1736193600000,6.009,6.031,5.907,5.984
1736208000000,5.984,5.989,5.902,5.957
1736222400000,5.957,6.101,5.916,6.033
1736236800000,6.033,6.103,5.93,5.983
1736251200000,5.983,6.042,5.482,5.581
1736265600000,5.581,5.649,5.401,5.429
1736280000000,5.429,5.457,5.329,5.35
1736294400000,5.35,5.487,5.306,5.342
1736308800000,5.342,5.373,5.144,5.241
1736323200000,5.241,5.335,5.163,5.208
1736337600000,5.208,5.263,5.125,5.183
1736352000000,5.183,5.185,4.892,5.04
1736366400000,5.04,5.144,4.998,5.109
1736380800000,5.109,5.187,5.056,5.1
1736395200000,5.1,5.141,4.984,5.0
1736409600000,5.0,5.123,4.976,5.097
1736424000000,5.097,5.185,4.907,5.154
1736438400000,5.154,5.186,4.989,5.005
1736452800000,5.005,5.093,4.918,5.048
1736467200000,5.048,5.101,5.025,5.075
1736481600000,5.075,5.226,5.039,5.173
1736496000000,5.173,5.209,5.125,5.168
1736510400000,5.168,5.227,5.009,5.126
1736524800000,5.126,5.263,5.054,5.199
1736539200000,5.199,5.245,5.141,5.206
1736553600000,5.206,5.217,5.12,5.141
1736568000000,5.141,5.185,5.12,5.138
1736582400000,5.138,5.199,5.1,5.187
1736596800000,5.187,5.192,5.125,5.145
1736611200000,5.145,5.17,5.112,5.139
1736625600000,5.139,5.311,5.13,5.199
1736640000000,5.199,5.234,5.172,5.204
1736654400000,5.204,5.211,5.135,5.173
1736668800000,5.173,5.182,5.088,5.137
1736683200000,5.137,5.194,5.111,5.164
1736697600000,5.164,5.187,5.114,5.13
1736712000000,5.13,5.146,5.014,5.085
1736726400000,5.085,5.226,4.958,4.997
1736740800000,4.997,5.08,4.895,4.95
1736755200000,4.95,4.955,4.653,4.66
1736769600000,4.66,4.906,4.595,4.856
1736784000000,4.856,4.873,4.719,4.795
1736798400000,4.795,4.986,4.763,4.918
1736812800000,4.918,4.991,4.901,4.975
1736827200000,4.975,5.051,4.974,4.993
1736841600000,4.993,5.134,4.993,5.098
1736856000000,5.098,5.223,5.061,5.178
1736870400000,5.178,5.237,5.134,5.211
1736884800000,5.211,5.246,5.17,5.208
1736899200000,5.208,5.252,5.162,5.224
1736913600000,5.224,5.275,5.165,5.263
1736928000000,5.263,5.322,5.118,5.144
1736942400000,5.144,5.546,5.111,5.496
1736956800000,5.496,5.596,5.432,5.525
1736971200000,5.525,5.676,5.493,5.652
1736985600000,5.652,5.685,5.513,5.545
1737000000000,5.545,5.565,5.494,5.518
1737014400000,5.518,5.537,5.389,5.488
1737028800000,5.488,5.692,5.388,5.598
1737043200000,5.598,5.791,5.596,5.753
1737057600000,5.753,5.77,5.548,5.615
1737072000000,5.615,5.819,5.615,5.79
1737086400000,5.79,5.954,5.77,5.846
1737100800000,5.846,5.884,5.793,5.808
1737115200000,5.808,5.84,5.738,5.773
1737129600000,5.773,5.848,5.735,5.8
1737144000000,5.8,5.934,5.794,5.829
1737158400000,5.829,5.868,5.584,5.612
1737172800000,5.612,5.645,5.357,5.408
1737187200000,5.408,5.506,5.322,5.475
1737201600000,5.475,5.565,5.407,5.456
1737216000000,5.456,5.47,5.328,5.413
1737230400000,5.413,5.468,5.332,5.447
1737244800000,5.447,5.611,5.428,5.493
1737259200000,5.493,5.5,5.331,5.344
1737273600000,5.344,5.344,5.019,5.061
1737288000000,5.061,5.49,5.054,5.409
1737302400000,5.409,5.457,5.343,5.452
1737316800000,5.452,5.482,4.842,4.975
1737331200000,4.975,5.097,4.825,5.026
1737345600000,5.026,5.474,4.965,5.346
1737360000000,5.346,5.416,5.221,5.304
1737374400000,5.304,5.306,5.092,5.17
1737388800000,5.17,5.298,4.896,5.151
1737403200000,5.151,5.169,4.998,5.103
1737417600000,5.103,5.127,4.925,4.999
1737432000000,4.999,5.025,4.885,4.994
1737446400000,4.994,5.159,4.94,5.144
1737460800000,5.144,5.202,5.067,5.136
1737475200000,5.136,5.349,5.12,5.294
1737489600000,5.294,5.328,5.227,5.257
1737504000000,5.257,5.304,5.193,5.225
1737518400000,5.225,5.248,5.128,5.138
1737532800000,5.138,5.174,5.086,5.167
1737547200000,5.167,5.195,5.046,5.078
1737561600000,5.078,5.137,5.018,5.054
1737576000000,5.054,5.086,4.96,5.0
1737590400000,5.0,5.021,4.908,4.973
1737604800000,4.973,4.978,4.898,4.971
1737619200000,4.971,4.986,4.871,4.926
1737633600000,4.926,5.071,4.859,5.034
1737648000000,5.034,5.146,4.918,4.944
1737662400000,4.944,5.107,4.922,5.061
1737676800000,5.061,5.079,4.896,4.967
1737691200000,4.967,5.154,4.942,5.096
1737705600000,5.096,5.17,5.079,5.15
1737720000000,5.15,5.2,5.091,5.126
1737734400000,5.126,5.163,5.074,5.101
1737748800000,5.101,5.118,4.984,5.013
1737763200000,5.013,5.077,4.926,5.071
1737777600000,5.071,5.074,4.986,5.001
1737792000000,5.001,5.032,4.96,5.018
1737806400000,5.018,5.076,4.982,5.051
1737820800000,5.051,5.068,5.0,5.03
1737835200000,5.03,5.062,4.975,4.982
1737849600000,4.982,5.028,4.954,5.006
1737864000000,5.006,5.053,4.994,5.018
1737878400000,5.018,5.043,4.945,5.015
1737892800000,5.015,5.051,4.983,5.039
1737907200000,5.039,5.188,5.014,5.126
1737921600000,5.126,5.139,4.852,4.859
1737936000000,4.859,4.863,4.634,4.721
1737950400000,4.721,4.721,4.334,4.49
1737964800000,4.49,4.524,4.375,4.423
1737979200000,4.423,4.654,4.418,4.605
1737993600000,4.605,4.623,4.439,4.485
1738008000000,4.485,4.724,4.485,4.657
1738022400000,4.657,4.708,4.585,4.666
1738036800000,4.666,4.723,4.638,4.651
1738051200000,4.651,4.66,4.598,4.622
1738065600000,4.622,4.661,4.556,4.618
1738080000000,4.618,4.624,4.487,4.523
1738094400000,4.523,4.535,4.323,4.385
1738108800000,4.385,4.509,4.373,4.492
1738123200000,4.492,4.568,4.474,4.559
1738137600000,4.559,4.574,4.478,4.52
1738152000000,4.52,4.534,4.406,4.452
1738166400000,4.452,4.563,4.363,4.524
1738180800000,4.524,4.646,4.471,4.509
1738195200000,4.509,4.653,4.473,4.648
1738209600000,4.648,4.685,4.624,4.659
1738224000000,4.659,4.722,4.634,4.708
1738238400000,4.708,4.853,4.668,4.821
1738252800000,4.821,4.842,4.758,4.823
1738267200000,4.823,4.895,4.789,4.804
1738281600000,4.804,4.825,4.695,4.72
1738296000000,4.72,4.835,4.679,4.8
1738310400000,4.8,4.882,4.728,4.876
1738324800000,4.876,4.951,4.842,4.916
1738339200000,4.916,4.96,4.772,4.811
1738353600000,4.811,4.84,4.738,4.808
1738368000000,4.808,4.872,4.784,4.812
1738382400000,4.812,4.858,4.765,4.769
1738396800000,4.769,4.779,4.648,4.725
1738411200000,4.725,4.746,4.592,4.644
1738425600000,4.644,4.667,4.495,4.509
1738440000000,4.509,4.511,4.324,4.37
1738454400000,4.37,4.463,4.208,4.219
1738468800000,4.219,4.347,4.201,4.287
1738483200000,4.287,4.349,4.173,4.193
1738497600000,4.193,4.253,4.121,4.179
1738512000000,4.179,4.179,3.637,3.789
1738526400000,3.789,3.842,3.3,3.599
1738540800000,3.599,3.601,2.567,2.929
1738555200000,2.929,3.218,2.857,3.216
1738569600000,3.216,3.235,3.067,3.188
1738584000000,3.188,3.373,3.025,3.35
1738598400000,3.35,3.501,3.317,3.496
1738612800000,3.496,3.572,3.389,3.505
1738627200000,3.505,3.52,3.37,3.397
1738641600000,3.397,3.418,3.116,3.137
1738656000000,3.137,3.289,3.117,3.25
1738670400000,3.25,3.378,3.249,3.314
1738684800000,3.314,3.431,3.285,3.312
1738699200000,3.312,3.352,3.196,3.333
1738713600000,3.333,3.364,3.284,3.341
1738728000000,3.341,3.375,3.291,3.333
1738742400000,3.333,3.37,3.3,3.364
1738756800000,3.364,3.381,3.281,3.328
1738771200000,3.328,3.337,3.212,3.291
1738785600000,3.291,3.305,3.191,3.24
1738800000000,3.24,3.302,3.207,3.291
1738814400000,3.291,3.351,3.283,3.319
1738828800000,3.319,3.355,3.274,3.307
1738843200000,3.307,3.311,3.118,3.145
1738857600000,3.145,3.183,3.081,3.108
1738872000000,3.108,3.177,3.084,3.119
1738886400000,3.119,3.23,3.112,3.216
1738900800000,3.216,3.25,3.137,3.188
1738915200000,3.188,3.277,3.175,3.27
1738929600000,3.27,3.381,3.23,3.305
1738944000000,3.305,3.312,3.215,3.23
1738958400000,3.23,3.231,3.069,3.184
1738972800000,3.184,3.229,3.17,3.186
1738987200000,3.186,3.217,3.145,3.198
1739001600000,3.198,3.206,3.165,3.187
1739016000000,3.187,3.245,3.164,3.21
1739030400000,3.21,3.309,3.193,3.296
1739044800000,3.296,3.323,3.285,3.303
1739059200000,3.303,3.386,3.286,3.373
1739073600000,3.373,3.373,3.312,3.353
1739088000000,3.353,3.379,3.334,3.343
1739102400000,3.343,3.357,3.277,3.34
1739116800000,3.34,3.365,3.282,3.288
1739131200000,3.288,3.328,3.153,3.309
1739145600000,3.309,3.37,3.188,3.304
1739160000000,3.304,3.375,3.286,3.349
1739174400000,3.349,3.441,3.343,3.428
1739188800000,3.428,3.466,3.364,3.384
1739203200000,3.384,3.42,3.376,3.394
1739217600000,3.394,3.429,3.387,3.426
1739232000000,3.426,3.472,3.413,3.445
1739246400000,3.445,3.535,3.43,3.504
1739260800000,3.504,3.527,3.46,3.488
1739275200000,3.488,3.491,3.361,3.406
1739289600000,3.406,3.418,3.264,3.285
1739304000000,3.285,3.366,3.279,3.335
1739318400000,3.335,3.357,3.28,3.31
1739332800000,3.31,3.322,3.28,3.29
1739347200000,3.29,3.326,3.261,3.303
1739361600000,3.303,3.348,3.173,3.281
1739376000000,3.281,3.438,3.251,3.424
1739390400000,3.424,3.528,3.413,3.475
1739404800000,3.475,3.509,3.448,3.473
1739419200000,3.473,3.475,3.368,3.381
1739433600000,3.381,3.398,3.347,3.385
1739448000000,3.385,3.429,3.341,3.384
1739462400000,3.384,3.423,3.342,3.393
1739476800000,3.393,3.431,3.38,3.401
1739491200000,3.401,3.458,3.386,3.45
1739505600000,3.45,3.453,3.4,3.422
1739520000000,3.422,3.515,3.422,3.473
1739534400000,3.473,3.548,3.448,3.51
1739548800000,3.51,3.627,3.473,3.571
1739563200000,3.571,3.585,3.477,3.525
1739577600000,3.525,3.567,3.494,3.542
1739592000000,3.542,3.557,3.487,3.505
1739606400000,3.505,3.531,3.458,3.476
1739620800000,3.476,3.501,3.421,3.44
1739635200000,3.44,3.453,3.404,3.406
1739649600000,3.406,3.422,3.377,3.414
1739664000000,3.414,3.429,3.358,3.384
1739678400000,3.384,3.406,3.357,3.364
1739692800000,3.364,3.457,3.358,3.456
1739707200000,3.456,3.485,3.37,3.437
1739721600000,3.437,3.452,3.358,3.396
1739736000000,3.396,3.433,3.372,3.396
1739750400000,3.396,3.471,3.394,3.412
1739764800000,3.412,3.412,3.321,3.373
1739779200000,3.373,3.462,3.355,3.409
1739793600000,3.409,3.509,3.388,3.397
1739808000000,3.397,3.414,3.309,3.369
1739822400000,3.369,3.459,3.364,3.433
1739836800000,3.433,3.437,3.377,3.392
1739851200000,3.392,3.405,3.222,3.25
1739865600000,3.25,3.287,3.199,3.243
1739880000000,3.243,3.328,3.175,3.191
1739894400000,3.191,3.227,3.131,3.178
1739908800000,3.178,3.237,3.149,3.227
1739923200000,3.227,3.266,3.19,3.244
1739937600000,3.244,3.305,3.191,3.287
1739952000000,3.287,3.31,3.26,3.305
1739966400000,3.305,3.33,3.249,3.271
1739980800000,3.271,3.32,3.268,3.295
1739995200000,3.295,3.341,3.27,3.324
1740009600000,3.324,3.453,3.312,3.444
1740024000000,3.444,3.502,3.432,3.432
1740038400000,3.432,3.478,3.423,3.458
1740052800000,3.458,3.504,3.426,3.431
1740067200000,3.431,3.521,3.427,3.488
1740081600000,3.488,3.526,3.471,3.494
1740096000000,3.494,3.516,3.463,3.473
1740110400000,3.473,3.537,3.473,3.524
1740124800000,3.524,3.605,3.51,3.514
1740139200000,3.514,3.578,3.404,3.47
1740153600000,3.47,3.512,3.25,3.268
1740168000000,3.268,3.33,3.25,3.319
1740182400000,3.319,3.358,3.301,3.322
1740196800000,3.322,3.347,3.316,3.329
1740211200000,3.329,3.379,3.326,3.372
1740225600000,3.372,3.395,3.347,3.376
1740240000000,3.376,3.455,3.375,3.441
1740254400000,3.441,3.449,3.407,3.433
1740268800000,3.433,3.465,3.417,3.438
1740283200000,3.438,3.508,3.425,3.499
1740297600000,3.499,3.504,3.436,3.443
1740312000000,3.443,3.46,3.373,3.382
1740326400000,3.382,3.438,3.379,3.405
1740340800000,3.405,3.433,3.374,3.412
1740355200000,3.412,3.437,3.284,3.299
1740369600000,3.299,3.321,3.256,3.305
1740384000000,3.305,3.307,3.223,3.268
1740398400000,3.268,3.282,3.167,3.206
1740412800000,3.206,3.241,3.133,3.171
1740427200000,3.171,3.212,2.936,3.013
1740441600000,3.013,3.055,2.92,3.005
1740456000000,3.005,3.033,2.797,2.9
1740470400000,2.9,3.011,2.86,3.002
1740484800000,3.002,3.052,2.933,3.001
1740499200000,3.001,3.096,2.975,3.095
1740513600000,3.095,3.179,3.078,3.14
1740528000000,3.14,3.216,3.12,3.201
1740542400000,3.201,3.219,3.162,3.182
1740556800000,3.182,3.22,3.151,3.179
1740571200000,3.179,3.213,3.073,3.177
1740585600000,3.177,3.188,3.005,3.052
1740600000000,3.052,3.211,3.017,3.149
1740614400000,3.149,3.212,3.128,3.193
1740628800000,3.193,3.29,3.17,3.264
1740643200000,3.264,3.343,3.258,3.301
1740657600000,3.301,3.306,3.231,3.287
1740672000000,3.287,3.311,3.201,3.21
1740686400000,3.21,3.269,3.148,3.261
1740700800000,3.261,3.266,3.037,3.04
1740715200000,3.04,3.087,2.991,3.041
1740729600000,3.041,3.155,3.0,3.095
1740744000000,3.095,3.28,3.081,3.258
1740758400000,3.258,3.326,3.229,3.277
1740772800000,3.277,3.283,3.217,3.247
1740787200000,3.247,3.285,3.208,3.264
1740801600000,3.264,3.297,3.231,3.237
1740816000000,3.237,3.259,3.171,3.182
1740830400000,3.182,3.197,3.134,3.173
1740844800000,3.173,3.207,3.157,3.202
1740859200000,3.202,3.296,3.189,3.242
1740873600000,3.242,3.272,3.207,3.252
1740888000000,3.252,3.265,3.221,3.225
1740902400000,3.225,3.261,3.208,3.23
1740916800000,3.23,3.381,3.18,3.3
1740931200000,3.3,3.589,3.296,3.572
1740945600000,3.572,3.6,3.544,3.565
1740960000000,3.565,3.583,3.427,3.456
1740974400000,3.456,3.488,3.302,3.388
1740988800000,3.388,3.388,3.283,3.334
1741003200000,3.334,3.376,3.232,3.288
1741017600000,3.288,3.309,3.003,3.022
1741032000000,3.022,3.1,2.996,3.068
1741046400000,3.068,3.083,2.849,2.938
1741060800000,2.938,3.019,2.934,2.98
1741075200000,2.98,3.014,2.953,2.981
1741089600000,2.981,3.049,2.881,2.963
1741104000000,2.963,3.04,2.764,3.026
1741118400000,3.026,3.074,2.971,3.016
1741132800000,3.016,3.046,2.975,2.976
1741147200000,2.976,3.015,2.975,3.008
1741161600000,3.008,3.106,3.002,3.064
1741176000000,3.064,3.099,3.01,3.037
1741190400000,3.037,3.13,3.006,3.121
1741204800000,3.121,3.177,3.119,3.133
1741219200000,3.133,3.173,3.103,3.153
1741233600000,3.153,3.199,3.123,3.128
1741248000000,3.128,3.176,3.125,3.162
1741262400000,3.162,3.168,3.066,3.136
1741276800000,3.136,3.148,3.041,3.059
1741291200000,3.059,3.133,3.055,3.086
1741305600000,3.086,3.111,2.906,3.028
1741320000000,3.028,3.104,3.025,3.103
1741334400000,3.103,3.186,3.088,3.161
1741348800000,3.161,3.218,3.129,3.163
1741363200000,3.163,3.225,3.082,3.185
1741377600000,3.185,3.199,3.081,3.113
1741392000000,3.113,3.143,3.061,3.132
1741406400000,3.132,3.161,3.073,3.076
1741420800000,3.076,3.084,3.031,3.054
1741435200000,3.054,3.092,3.035,3.067
1741449600000,3.067,3.145,3.031,3.134
1741464000000,3.134,3.146,3.094,3.1
1741478400000,3.1,3.123,3.06,3.073
1741492800000,3.073,3.085,3.042,3.058
1741507200000,3.058,3.058,2.931,2.963
1741521600000,2.963,2.981,2.886,2.914
1741536000000,2.914,2.928,2.745,2.809
1741550400000,2.809,2.836,2.737,2.784
1741564800000,2.784,2.886,2.755,2.87
1741579200000,2.87,2.902,2.858,2.884
1741593600000,2.884,2.973,2.837,2.935
1741608000000,2.935,2.95,2.776,2.824
1741622400000,2.824,2.831,2.589,2.691
1741636800000,2.691,2.691,2.632,2.641
1741651200000,2.641,2.677,2.436,2.618
1741665600000,2.618,2.719,2.611,2.689
1741680000000,2.689,2.737,2.677,2.687
1741694400000,2.687,2.723,2.572,2.685
1741708800000,2.685,2.806,2.656,2.797
1741723200000,2.797,2.799,2.729,2.739
1741737600000,2.739,2.799,2.704,2.707
1741752000000,2.707,2.772,2.671,2.763
1741766400000,2.763,2.808,2.743,2.79
1741780800000,2.79,2.869,2.691,2.757
1741795200000,2.757,2.81,2.749,2.774
1741809600000,2.774,2.803,2.768,2.787
1741824000000,2.787,2.806,2.758,2.773
1741838400000,2.773,2.782,2.718,2.753
1741852800000,2.753,2.802,2.721,2.792
1741867200000,2.792,2.839,2.729,2.76
1741881600000,2.76,2.762,2.662,2.689
1741896000000,2.689,2.774,2.676,2.746
1741910400000,2.746,2.792,2.737,2.79
1741924800000,2.79,2.809,2.766,2.795
1741939200000,2.795,2.846,2.795,2.832
1741953600000,2.832,2.906,2.826,2.872
1741968000000,2.872,2.907,2.861,2.891
1741982400000,2.891,2.915,2.866,2.884
1741996800000,2.884,2.902,2.857,2.896
1742011200000,2.896,2.911,2.86,2.872
1742025600000,2.872,2.919,2.87,2.915
1742040000000,2.915,2.945,2.91,2.942
1742054400000,2.942,2.98,2.924,2.933
1742068800000,2.933,2.966,2.931,2.946
1742083200000,2.946,2.952,2.906,2.922
1742097600000,2.922,2.954,2.922,2.93
1742112000000,2.93,2.934,2.826,2.836
1742126400000,2.836,2.866,2.823,2.85
1742140800000,2.85,2.915,2.812,2.824
1742155200000,2.824,2.858,2.813,2.833
1742169600000,2.833,2.925,2.831,2.909
1742184000000,2.909,2.924,2.874,2.908
1742198400000,2.908,2.941,2.893,2.913
1742212800000,2.913,2.964,2.9,2.96
1742227200000,2.96,3.03,2.942,3.01
1742241600000,3.01,3.08,3.01,3.02
1742256000000,3.02,3.029,2.933,2.94
1742270400000,2.94,2.971,2.913,2.95
1742284800000,2.95,2.96,2.843,2.858
1742299200000,2.858,2.876,2.828,2.832
1742313600000,2.832,2.887,2.816,2.882
1742328000000,2.882,2.935,2.854,2.922
1742342400000,2.922,2.959,2.919,2.952
1742356800000,2.952,2.958,2.925,2.93
1742371200000,2.93,3.009,2.912,2.995
1742385600000,2.995,3.034,2.965,3.009
1742400000000,3.009,3.054,2.952,3.032
1742414400000,3.032,3.093,3.025,3.085
1742428800000,3.085,3.102,3.027,3.032
1742443200000,3.032,3.053,2.994,3.046
1742457600000,3.046,3.086,2.998,3.025
1742472000000,3.025,3.078,3.012,3.023
1742486400000,3.023,3.043,2.971,3.038
1742500800000,3.038,3.07,3.032,3.047
1742515200000,3.047,3.067,3.019,3.023
1742529600000,3.023,3.04,2.967,2.984
1742544000000,2.984,2.997,2.915,2.924
1742558400000,2.924,2.938,2.871,2.906
1742572800000,2.906,2.958,2.898,2.925
1742587200000,2.925,2.946,2.904,2.916
1742601600000,2.916,2.964,2.912,2.96
1742616000000,2.96,3.03,2.956,3.014
1742630400000,3.014,3.049,3.007,3.008
1742644800000,3.008,3.017,2.968,2.991
1742659200000,2.991,3.055,2.98,3.02
1742673600000,3.02,3.027,2.972,2.989
1742688000000,2.989,3.024,2.974,3.02
1742702400000,3.02,3.02,2.983,3.004
1742716800000,3.004,3.03,3.003,3.006
1742731200000,3.006,3.027,2.986,3.003
1742745600000,3.003,3.003,2.963,2.989
1742760000000,2.989,3.026,2.981,3.025
1742774400000,3.025,3.069,2.994,3.054
1742788800000,3.054,3.197,3.054,3.146
1742803200000,3.146,3.174,3.11,3.131
1742817600000,3.131,3.165,3.101,3.132
1742832000000,3.132,3.156,3.109,3.139
1742846400000,3.139,3.144,3.102,3.127
1742860800000,3.127,3.148,3.089,3.1
1742875200000,3.1,3.137,3.087,3.102
1742889600000,3.102,3.139,3.102,3.129
1742904000000,3.129,3.141,3.101,3.11
1742918400000,3.11,3.143,3.096,3.131
1742932800000,3.131,3.154,3.112,3.13
1742947200000,3.13,3.178,3.104,3.113
1742961600000,3.113,3.203,3.104,3.188
1742976000000,3.188,3.208,3.164,3.189
1742990400000,3.189,3.191,3.056,3.092
1743004800000,3.092,3.12,3.02,3.056
1743019200000,3.056,3.08,3.0,3.024
1743033600000,3.024,3.108,3.015,3.1
1743048000000,3.1,3.102,3.05,3.056
1743062400000,3.056,3.063,2.999,3.004
1743076800000,3.004,3.035,2.955,3.018
1743091200000,3.018,3.032,2.985,3.012
1743105600000,3.012,3.049,3.005,3.019
1743120000000,3.019,3.047,2.991,3.018
1743134400000,3.018,3.023,2.877,2.881
1743148800000,2.881,2.896,2.837,2.883
1743163200000,2.883,2.885,2.812,2.826
1743177600000,2.826,2.841,2.799,2.809
1743192000000,2.809,2.84,2.777,2.826
1743206400000,2.826,2.851,2.775,2.829
1743220800000,2.829,2.838,2.765,2.776
1743235200000,2.776,2.809,2.744,2.773
1743249600000,2.773,2.816,2.762,2.764
1743264000000,2.764,2.774,2.696,2.734
1743278400000,2.734,2.75,2.702,2.743
1743292800000,2.743,2.781,2.706,2.755
1743307200000,2.755,2.782,2.748,2.771
1743321600000,2.771,2.795,2.754,2.77
1743336000000,2.77,2.785,2.736,2.752
1743350400000,2.752,2.795,2.714,2.768
1743364800000,2.768,2.78,2.704,2.752
1743379200000,2.752,2.788,2.723,2.743
1743393600000,2.743,2.785,2.716,2.735
1743408000000,2.735,2.764,2.696,2.751
1743422400000,2.751,2.81,2.722,2.785
1743436800000,2.785,2.797,2.748,2.767
1743451200000,2.767,2.787,2.753,2.777
1743465600000,2.777,2.822,2.774,2.822
1743480000000,2.822,2.942,2.818,2.885
1743494400000,2.885,2.931,2.851,2.87
1743508800000,2.87,2.929,2.825,2.896
1743523200000,2.896,2.906,2.83,2.842
1743537600000,2.842,2.86,2.818,2.836
1743552000000,2.836,2.839,2.783,2.829
1743566400000,2.829,2.831,2.762,2.789
1743580800000,2.789,2.818,2.774,2.782
1743595200000,2.782,2.878,2.769,2.865
1743609600000,2.865,2.883,2.816,2.85
1743624000000,2.85,2.905,2.644,2.698
1743638400000,2.698,2.782,2.689,2.759
1743652800000,2.759,2.767,2.715,2.735
1743667200000,2.735,2.75,2.651,2.685
1743681600000,2.685,2.693,2.604,2.67
1743696000000,2.67,2.703,2.65,2.693
1743710400000,2.693,2.752,2.693,2.731
1743724800000,2.731,2.742,2.689,2.709
1743739200000,2.709,3.468,2.682,2.888
1743753600000,2.888,2.913,2.72,2.764
1743768000000,2.764,2.793,2.727,2.756
1743782400000,2.756,2.812,2.741,2.777
1743796800000,2.777,2.8,2.753,2.765
1743811200000,2.765,2.775,2.742,2.756
1743825600000,2.756,2.756,2.731,2.75
1743840000000,2.75,2.757,2.735,2.737
1743854400000,2.737,2.74,2.652,2.665
1743868800000,2.665,2.706,2.661,2.684
1743883200000,2.684,2.703,2.673,2.697
1743897600000,2.697,2.708,2.658,2.67
1743912000000,2.67,2.685,2.647,2.653
1743926400000,2.653,2.66,2.62,2.636
1743940800000,2.636,2.642,2.554,2.596
1743955200000,2.596,2.603,2.392,2.426
1743969600000,2.426,2.438,2.323,2.374
1743984000000,2.374,2.446,2.291,2.326
1743998400000,2.326,2.368,2.112,2.198
1744012800000,2.198,2.323,2.194,2.273
1744027200000,2.273,2.469,2.269,2.375
1744041600000,2.375,2.402,2.326,2.36
1744056000000,2.36,2.408,2.36,2.368
1744070400000,2.368,2.419,2.342,2.377
1744084800000,2.377,2.389,2.316,2.327
1744099200000,2.327,2.376,2.306,2.375
1744113600000,2.375,2.389,2.311,2.34
1744128000000,2.34,2.347,2.242,2.26
1744142400000,2.26,2.29,2.243,2.264
1744156800000,2.264,2.288,2.173,2.257
1744171200000,2.257,2.328,2.254,2.324
1744185600000,2.324,2.358,2.278,2.301
1744200000000,2.301,2.354,2.276,2.328
1744214400000,2.328,2.534,2.325,2.498
1744228800000,2.498,2.521,2.469,2.473
1744243200000,2.473,2.481,2.386,2.411
1744257600000,2.411,2.432,2.386,2.411
1744272000000,2.411,2.415,2.37,2.382
1744286400000,2.382,2.422,2.301,2.313
1744300800000,2.313,2.356,2.301,2.334
1744315200000,2.334,2.357,2.334,2.345
1744329600000,2.345,2.394,2.329,2.382
1744344000000,2.382,2.426,2.379,2.407
1744358400000,2.407,2.446,2.394,2.408
1744372800000,2.408,2.436,2.396,2.431
1744387200000,2.431,2.468,2.421,2.436
1744401600000,2.436,2.47,2.432,2.454
1744416000000,2.454,2.461,2.416,2.433
1744430400000,2.433,2.477,2.421,2.468
1744444800000,2.468,2.494,2.448,2.461
1744459200000,2.461,2.56,2.456,2.544
1744473600000,2.544,2.561,2.525,2.547
1744488000000,2.547,2.585,2.538,2.56
1744502400000,2.56,2.566,2.518,2.532
1744516800000,2.532,2.534,2.495,2.498
1744531200000,2.498,2.539,2.489,2.511
1744545600000,2.511,2.52,2.463,2.486
1744560000000,2.486,2.574,2.458,2.497
1744574400000,2.497,2.524,2.44,2.491
1744588800000,2.491,2.573,2.487,2.521
1744603200000,2.521,2.565,2.486,2.513
1744617600000,2.513,2.568,2.496,2.554
1744632000000,2.554,2.599,2.514,2.532
1744646400000,2.532,2.582,2.511,2.545
1744660800000,2.545,2.555,2.513,2.528
1744675200000,2.528,2.538,2.492,2.526
1744689600000,2.526,2.53,2.491,2.529
1744704000000,2.529,2.535,2.484,2.499
1744718400000,2.499,2.526,2.448,2.467
1744732800000,2.467,2.475,2.4,2.415
1744747200000,2.415,2.438,2.404,2.416
1744761600000,2.416,2.443,2.395,2.431
1744776000000,2.431,2.443,2.389,2.396
1744790400000,2.396,2.423,2.369,2.403
1744804800000,2.403,2.441,2.373,2.412
1744819200000,2.412,2.44,2.345,2.42
1744833600000,2.42,2.44,2.37,2.386
1744848000000,2.386,2.413,2.372,2.383
1744862400000,2.383,2.421,2.373,2.405
1744876800000,2.405,2.408,2.364,2.383
1744891200000,2.383,2.396,2.323,2.364
1744905600000,2.364,2.415,2.363,2.386
1744920000000,2.386,2.403,2.368,2.381
1744934400000,2.381,2.395,2.364,2.393
1744948800000,2.393,2.422,2.388,2.414
1744963200000,2.414,2.465,2.414,2.453
1744977600000,2.453,2.487,2.453,2.462
1744992000000,2.462,2.491,2.462,2.469
1745006400000,2.469,2.474,2.438,2.453
1745020800000,2.453,2.494,2.45,2.482
1745035200000,2.482,2.519,2.48,2.509
1745049600000,2.509,2.517,2.464,2.485
1745064000000,2.485,2.514,2.475,2.507
1745078400000,2.507,2.598,2.498,2.596
1745092800000,2.596,2.66,2.576,2.636
1745107200000,2.636,2.656,2.61,2.621
1745121600000,2.621,2.651,2.613,2.631
1745136000000,2.631,2.632,2.567,2.586
1745150400000,2.586,2.64,2.577,2.633
1745164800000,2.633,2.687,2.631,2.666
1745179200000,2.666,2.671,2.639,2.647
1745193600000,2.647,2.692,2.644,2.662
1745208000000,2.662,2.677,2.65,2.673
1745222400000,2.673,2.684,2.641,2.659
1745236800000,2.659,2.717,2.658,2.677
1745251200000,2.677,2.684,2.608,2.636
1745265600000,2.636,2.638,2.58,2.609
1745280000000,2.609,2.621,2.552,2.585
1745294400000,2.585,2.588,2.482,2.526
1745308800000,2.526,2.544,2.49,2.525
1745323200000,2.525,2.644,2.505,2.596
1745337600000,2.596,2.643,2.572,2.638
1745352000000,2.638,2.723,2.623,2.712
1745366400000,2.712,2.77,2.698,2.732
1745380800000,2.732,2.761,2.71,2.728
1745395200000,2.728,2.754,2.709,2.748
1745409600000,2.748,2.786,2.672,2.738
1745424000000,2.738,2.817,2.715,2.767
1745438400000,2.767,2.803,2.762,2.789
1745452800000,2.789,2.797,2.688,2.689
1745467200000,2.689,2.744,2.677,2.706
1745481600000,2.706,2.72,2.659,2.718
1745496000000,2.718,2.853,2.704,2.808
1745510400000,2.808,2.851,2.792,2.828
1745524800000,2.828,2.86,2.821,2.856
1745539200000,2.856,2.909,2.816,2.834
1745553600000,2.834,2.899,2.826,2.875
1745568000000,2.875,2.89,2.834,2.865
1745582400000,2.865,2.883,2.799,2.846
1745596800000,2.846,2.854,2.801,2.834
1745611200000,2.834,2.867,2.821,2.858
1745625600000,2.858,2.928,2.858,2.901
1745640000000,2.901,2.923,2.869,2.895
1745654400000,2.895,2.924,2.828,2.842
1745668800000,2.842,2.87,2.814,2.867
1745683200000,2.867,2.879,2.839,2.875
1745697600000,2.875,2.884,2.844,2.861
1745712000000,2.861,2.886,2.746,2.772
1745726400000,2.772,2.779,2.71,2.732
1745740800000,2.732,2.751,2.715,2.725
1745755200000,2.725,2.733,2.666,2.703
1745769600000,2.703,2.727,2.67,2.727
1745784000000,2.727,2.735,2.697,2.704
1745798400000,2.704,2.743,2.642,2.732
1745812800000,2.732,2.776,2.722,2.776
1745827200000,2.776,2.806,2.747,2.777
1745841600000,2.777,2.78,2.664,2.689
1745856000000,2.689,2.777,2.675,2.763
1745870400000,2.763,2.781,2.751,2.764
1745884800000,2.764,2.837,2.761,2.785
1745899200000,2.785,2.814,2.754,2.805
1745913600000,2.805,2.821,2.763,2.779
1745928000000,2.779,2.812,2.753,2.787
1745942400000,2.787,2.807,2.762,2.779
1745956800000,2.779,2.784,2.703,2.74
1745971200000,2.74,2.758,2.724,2.752
1745985600000,2.752,2.757,2.707,2.719
1746000000000,2.719,2.794,2.711,2.785
1746014400000,2.785,2.79,2.668,2.75
1746028800000,2.75,2.786,2.726,2.776
1746043200000,2.776,2.809,2.763,2.768
1746057600000,2.768,2.809,2.754,2.757
1746072000000,2.757,2.784,2.745,2.774
1746086400000,2.774,2.824,2.77,2.809
1746100800000,2.809,2.829,2.782,2.801
1746115200000,2.801,2.857,2.798,2.823
1746129600000,2.823,2.863,2.821,2.838
1746144000000,2.838,2.877,2.822,2.86
1746158400000,2.86,2.869,2.822,2.84
1746172800000,2.84,2.9,2.824,2.833
1746187200000,2.833,2.847,2.807,2.816
1746201600000,2.816,2.84,2.756,2.767
1746216000000,2.767,2.802,2.759,2.802
1746230400000,2.802,2.806,2.766,2.789
1746244800000,2.789,2.791,2.745,2.757
1746259200000,2.757,2.757,2.703,2.706
1746273600000,2.706,2.725,2.705,2.708
1746288000000,2.708,2.713,2.609,2.652
1746302400000,2.652,2.676,2.639,2.647
1746316800000,2.647,2.682,2.632,2.654
1746331200000,2.654,2.669,2.635,2.648
1746345600000,2.648,2.653,2.612,2.645
1746360000000,2.645,2.652,2.612,2.634
1746374400000,2.634,2.639,2.604,2.622
1746388800000,2.622,2.648,2.607,2.63
1746403200000,2.63,2.687,2.616,2.659
1746417600000,2.659,2.676,2.642,2.653
1746432000000,2.653,2.663,2.606,2.625
1746446400000,2.625,2.633,2.567,2.588
1746460800000,2.588,2.651,2.584,2.619
1746475200000,2.619,2.633,2.582,2.612
1746489600000,2.612,2.627,2.58,2.621
1746504000000,2.621,2.628,2.6,2.609
1746518400000,2.609,2.609,2.553,2.571
1746532800000,2.571,2.594,2.539,2.552
1746547200000,2.552,2.58,2.527,2.555
1746561600000,2.555,2.596,2.483,2.585
1746576000000,2.585,2.615,2.556,2.573
1746590400000,2.573,2.583,2.552,2.581
1746604800000,2.581,2.601,2.57,2.585
1746619200000,2.585,2.595,2.547,2.558
1746633600000,2.558,2.573,2.514,2.543
1746648000000,2.543,2.604,2.526,2.584
1746662400000,2.584,2.699,2.579,2.697
1746676800000,2.697,2.746,2.697,2.723
1746691200000,2.723,2.769,2.723,2.751
1746705600000,2.751,2.841,2.737,2.813
1746720000000,2.813,2.863,2.812,2.86
1746734400000,2.86,2.954,2.849,2.929
1746748800000,2.929,2.973,2.923,2.93
1746763200000,2.93,3.033,2.927,3.01
1746777600000,3.01,3.091,2.956,3.028
1746792000000,3.028,3.058,2.978,3.02
1746806400000,3.02,3.053,2.983,2.995
1746820800000,2.995,3.026,2.988,3.022
1746835200000,3.022,3.076,3.002,3.026
1746849600000,3.026,3.075,2.997,3.066
1746864000000,3.066,3.094,2.992,3.013
1746878400000,3.013,3.08,3.012,3.04
1746892800000,3.04,3.138,3.031,3.12
1746907200000,3.12,3.261,3.102,3.246
1746921600000,3.246,3.304,3.151,3.256
1746936000000,3.256,3.278,3.11,3.138
1746950400000,3.138,3.178,3.105,3.174
1746964800000,3.174,3.183,3.09,3.118
1746979200000,3.118,3.181,3.077,3.162
1746993600000,3.162,3.172,3.124,3.142
1747008000000,3.142,3.217,3.105,3.205
1747022400000,3.205,3.301,3.139,3.234
1747036800000,3.234,3.277,3.174,3.185
1747051200000,3.185,3.278,3.101,3.135
1747065600000,3.135,3.189,2.987,3.1
1747080000000,3.1,3.16,3.076,3.139
1747094400000,3.139,3.144,2.948,2.957
1747108800000,2.957,3.049,2.942,3.016
1747123200000,3.016,3.072,3.003,3.056
1747137600000,3.056,3.099,3.024,3.085
1747152000000,3.085,3.237,3.081,3.222
1747166400000,3.222,3.261,3.195,3.218
1747180800000,3.218,3.289,3.206,3.22
1747195200000,3.22,3.247,3.176,3.18
1747209600000,3.18,3.193,3.099,3.155
1747224000000,3.155,3.168,3.053,3.088
1747238400000,3.088,3.103,3.038,3.072
1747252800000,3.072,3.082,3.021,3.048
1747267200000,3.048,3.081,3.001,3.013
1747281600000,3.013,3.031,2.905,2.911
1747296000000,2.911,2.97,2.897,2.949
1747310400000,2.949,2.984,2.879,2.973
1747324800000,2.973,3.029,2.905,2.941
1747339200000,2.941,2.961,2.877,2.934
1747353600000,2.934,2.989,2.926,2.981
1747368000000,2.981,3.003,2.955,2.983
1747382400000,2.983,3.021,2.932,3.005
1747396800000,3.005,3.015,2.952,2.981
1747411200000,2.981,2.993,2.92,2.933
1747425600000,2.933,2.938,2.848,2.876
1747440000000,2.876,2.888,2.766,2.826
1747454400000,2.826,2.852,2.805,2.819
1747468800000,2.819,2.831,2.775,2.797
1747483200000,2.797,2.812,2.751,2.788
1747497600000,2.788,2.804,2.739,2.763
1747512000000,2.763,2.81,2.743,2.783
1747526400000,2.783,2.807,2.768,2.791
1747540800000,2.791,2.881,2.791,2.878
1747555200000,2.878,2.92,2.854,2.856
1747569600000,2.856,2.972,2.839,2.965
1747584000000,2.965,2.985,2.778,2.78
1747598400000,2.78,2.922,2.723,2.91
1747612800000,2.91,2.931,2.767,2.778
1747627200000,2.778,2.803,2.728,2.785
1747641600000,2.785,2.806,2.752,2.769
1747656000000,2.769,2.846,2.732,2.837
1747670400000,2.837,2.911,2.815,2.883
1747684800000,2.883,2.887,2.838,2.858
1747699200000,2.858,2.923,2.844,2.876
1747713600000,2.876,2.895,2.834,2.844
1747728000000,2.844,2.85,2.793,2.812
1747742400000,2.812,2.826,2.775,2.818
1747756800000,2.818,2.842,2.758,2.829
1747771200000,2.829,2.878,2.822,2.862
1747785600000,2.862,2.893,2.813,2.879
1747800000000,2.879,2.916,2.851,2.858
1747814400000,2.858,2.893,2.835,2.88
1747828800000,2.88,2.93,2.857,2.912
1747843200000,2.912,3.0,2.824,2.912
1747857600000,2.912,2.982,2.893,2.943
1747872000000,2.943,3.027,2.941,3.013
1747886400000,3.013,3.035,2.989,3.018
1747900800000,3.018,3.078,3.015,3.038
1747915200000,3.038,3.096,3.006,3.068
1747929600000,3.068,3.086,3.045,3.056
1747944000000,3.056,3.093,3.039,3.085
1747958400000,3.085,3.157,3.068,3.134
1747972800000,3.134,3.14,3.03,3.04
1747987200000,3.04,3.102,2.933,2.95
1748001600000,2.95,3.015,2.867,2.954
1748016000000,2.954,2.983,2.931,2.935
1748030400000,2.935,2.936,2.825,2.844
1748044800000,2.844,2.887,2.827,2.874
1748059200000,2.874,2.888,2.843,2.852
1748073600000,2.852,2.885,2.838,2.867
1748088000000,2.867,2.88,2.849,2.862
1748102400000,2.862,2.876,2.841,2.851
1748116800000,2.851,2.86,2.803,2.822
1748131200000,2.822,2.833,2.759,2.814
1748145600000,2.814,2.822,2.783,2.793
1748160000000,2.793,2.793,2.753,2.775
1748174400000,2.775,2.796,2.718,2.758
1748188800000,2.758,2.787,2.728,2.777
1748203200000,2.777,2.823,2.742,2.813
1748217600000,2.813,2.847,2.796,2.806
1748232000000,2.806,2.861,2.803,2.851
1748246400000,2.851,2.859,2.817,2.829
1748260800000,2.829,2.841,2.784,2.818
1748275200000,2.818,2.826,2.755,2.782
1748289600000,2.782,2.806,2.771,2.79
1748304000000,2.79,2.812,2.732,2.796
1748318400000,2.796,2.874,2.787,2.849
1748332800000,2.849,2.892,2.849,2.882
1748347200000,2.882,2.921,2.857,2.889
1748361600000,2.889,2.917,2.879,2.888
1748376000000,2.888,2.915,2.867,2.882
1748390400000,2.882,2.901,2.858,2.874
1748404800000,2.874,2.893,2.835,2.856
1748419200000,2.856,2.884,2.818,2.881
1748433600000,2.881,2.909,2.804,2.819
1748448000000,2.819,2.851,2.76,2.763
1748462400000,2.763,2.867,2.757,2.861
1748476800000,2.861,2.949,2.856,2.911
1748491200000,2.911,2.918,2.852,2.864
1748505600000,2.864,2.872,2.846,2.868
1748520000000,2.868,2.868,2.781,2.814
1748534400000,2.814,2.826,2.748,2.761
1748548800000,2.761,2.798,2.748,2.762
1748563200000,2.762,2.78,2.567,2.672
1748577600000,2.672,2.682,2.623,2.649
1748592000000,2.649,2.675,2.627,2.668
1748606400000,2.668,2.672,2.629,2.641
1748620800000,2.641,2.654,2.539,2.587
1748635200000,2.587,2.594,2.488,2.51
1748649600000,2.51,2.522,2.435,2.477
1748664000000,2.477,2.509,2.46,2.498
1748678400000,2.498,2.523,2.487,2.501
1748692800000,2.501,2.566,2.496,2.551
1748707200000,2.551,2.585,2.548,2.574
1748721600000,2.574,2.619,2.571,2.594
1748736000000,2.594,2.596,2.547,2.559
1748750400000,2.559,2.581,2.549,2.555
1748764800000,2.555,2.556,2.504,2.537
1748779200000,2.537,2.56,2.51,2.557
1748793600000,2.557,2.587,2.52,2.555
1748808000000,2.555,2.585,2.546,2.568
1748822400000,2.568,2.577,2.519,2.531
1748836800000,2.531,2.561,2.517,2.551
1748851200000,2.551,2.567,2.507,2.525
1748865600000,2.525,2.565,2.513,2.555
1748880000000,2.555,2.574,2.527,2.543
1748894400000,2.543,2.647,2.543,2.639
1748908800000,2.639,2.686,2.626,2.632
1748923200000,2.632,2.647,2.615,2.621
1748937600000,2.621,2.628,2.594,2.618
1748952000000,2.618,2.648,2.609,2.629
1748966400000,2.629,2.655,2.623,2.652
1748980800000,2.652,2.655,2.592,2.626
1748995200000,2.626,2.672,2.622,2.643
1749009600000,2.643,2.646,2.617,2.621
1749024000000,2.621,2.641,2.607,2.609
1749038400000,2.609,2.631,2.567,2.625
1749052800000,2.625,2.629,2.589,2.59
1749067200000,2.59,2.591,2.541,2.56
1749081600000,2.56,2.6,2.552,2.587
1749096000000,2.587,2.59,2.545,2.555
1749110400000,2.555,2.56,2.502,2.518
1749124800000,2.518,2.56,2.463,2.519
1749139200000,2.519,2.52,2.375,2.404
1749153600000,2.404,2.417,2.319,2.366
1749168000000,2.366,2.416,2.36,2.413
1749182400000,2.413,2.425,2.4,2.408
1749196800000,2.408,2.419,2.394,2.402
1749211200000,2.402,2.465,2.402,2.441
1749225600000,2.441,2.453,2.404,2.416
1749240000000,2.416,2.433,2.403,2.409
1749254400000,2.409,2.474,2.397,2.467
1749268800000,2.467,2.509,2.46,2.503
1749283200000,2.503,2.513,2.48,2.502
1749297600000,2.502,2.522,2.5,2.509
1749312000000,2.509,2.521,2.483,2.497
1749326400000,2.497,2.526,2.497,2.507
1749340800000,2.507,2.51,2.494,2.499
1749355200000,2.499,2.514,2.485,2.489
1749369600000,2.489,2.513,2.468,2.509
1749384000000,2.509,2.531,2.493,2.52
1749398400000,2.52,2.543,2.497,2.505
1749412800000,2.505,2.513,2.477,2.486
1749427200000,2.486,2.5,2.473,2.484
1749441600000,2.484,2.49,2.455,2.462
1749456000000,2.462,2.527,2.454,2.515
1749470400000,2.515,2.526,2.476,2.501
1749484800000,2.501,2.532,2.5,2.52
1749499200000,2.52,2.613,2.514,2.601
1749513600000,2.601,2.637,2.593,2.597
1749528000000,2.597,2.604,2.567,2.591
1749542400000,2.591,2.7,2.587,2.693
1749556800000,2.693,2.723,2.637,2.672
1749571200000,2.672,2.729,2.672,2.704
1749585600000,2.704,2.747,2.692,2.73
1749600000000,2.73,2.737,2.687,2.716
1749614400000,2.716,2.735,2.708,2.721
1749628800000,2.721,2.729,2.679,2.695
1749643200000,2.695,2.769,2.679,2.758
1749657600000,2.758,2.767,2.689,2.694
1749672000000,2.694,2.725,2.661,2.688
1749686400000,2.688,2.701,2.638,2.65
1749700800000,2.65,2.655,2.613,2.624
1749715200000,2.624,2.636,2.577,2.586
1749729600000,2.586,2.645,2.577,2.591
1749744000000,2.591,2.637,2.537,2.541
1749758400000,2.541,2.545,2.481,2.503
1749772800000,2.503,2.504,2.335,2.4
1749787200000,2.4,2.4,2.357,2.378
1749801600000,2.378,2.403,2.361,2.39
1749816000000,2.39,2.42,2.353,2.406
1749830400000,2.406,2.442,2.383,2.397
1749844800000,2.397,2.464,2.391,2.46
1749859200000,2.46,2.46,2.42,2.43
1749873600000,2.43,2.449,2.418,2.436
1749888000000,2.436,2.443,2.422,2.437
1749902400000,2.437,2.442,2.398,2.411
1749916800000,2.411,2.428,2.38,2.398
1749931200000,2.398,2.433,2.38,2.418
1749945600000,2.418,2.427,2.406,2.421
1749960000000,2.421,2.445,2.406,2.416
1749974400000,2.416,2.418,2.392,2.399
1749988800000,2.399,2.436,2.392,2.413
1750003200000,2.413,2.418,2.384,2.393
1750017600000,2.393,2.423,2.364,2.419
1750032000000,2.419,2.456,2.396,2.442
1750046400000,2.442,2.495,2.441,2.49
1750060800000,2.49,2.522,2.483,2.513
1750075200000,2.513,2.555,2.512,2.523
1750089600000,2.523,2.55,2.517,2.542
1750104000000,2.542,2.567,2.456,2.463
1750118400000,2.463,2.495,2.412,2.48
1750132800000,2.48,2.484,2.441,2.445
1750147200000,2.445,2.446,2.403,2.41
1750161600000,2.41,2.431,2.367,2.39
1750176000000,2.39,2.441,2.339,2.428
1750190400000,2.428,2.434,2.371,2.392
1750204800000,2.392,2.413,2.379,2.395
1750219200000,2.395,2.414,2.389,2.396
1750233600000,2.396,2.405,2.329,2.369
1750248000000,2.369,2.383,2.311,2.362
1750262400000,2.362,2.373,2.329,2.339
1750276800000,2.339,2.402,2.332,2.389
1750291200000,2.389,2.415,2.368,2.383
1750305600000,2.383,2.398,2.364,2.366
1750320000000,2.366,2.381,2.351,2.36
1750334400000,2.36,2.367,2.327,2.336
1750348800000,2.336,2.362,2.315,2.34
1750363200000,2.34,2.36,2.332,2.344
1750377600000,2.344,2.361,2.34,2.351
1750392000000,2.351,2.377,2.326,2.374
1750406400000,2.374,2.385,2.352,2.363
1750420800000,2.363,2.373,2.293,2.305
1750435200000,2.305,2.307,2.181,2.253
1750449600000,2.253,2.277,2.242,2.258
1750464000000,2.258,2.297,2.256,2.287
1750478400000,2.287,2.295,2.282,2.289
1750492800000,2.289,2.301,2.282,2.285
1750507200000,2.285,2.289,2.246,2.27
1750521600000,2.27,2.277,2.227,2.229
1750536000000,2.229,2.249,2.131,2.189
1750550400000,2.189,2.219,2.144,2.158
1750564800000,2.158,2.207,2.154,2.182
1750579200000,2.182,2.187,2.125,2.168
1750593600000,2.168,2.182,2.044,2.075
1750608000000,2.075,2.085,2.03,2.043
1750622400000,2.043,2.07,1.962,2.067
1750636800000,2.067,2.095,2.06,2.085
1750651200000,2.085,2.127,2.08,2.106
1750665600000,2.106,2.113,2.072,2.096
1750680000000,2.096,2.163,2.084,2.103
1750694400000,2.103,2.179,2.048,2.17
1750708800000,2.17,2.27,2.166,2.253
1750723200000,2.253,2.26,2.226,2.242
1750737600000,2.242,2.298,2.235,2.27
1750752000000,2.27,2.302,2.254,2.281
1750766400000,2.281,2.31,2.27,2.294
1750780800000,2.294,2.356,2.278,2.3
1750795200000,2.3,2.305,2.283,2.297
1750809600000,2.297,2.312,2.282,2.302
1750824000000,2.302,2.306,2.269,2.284
1750838400000,2.284,2.29,2.247,2.279
1750852800000,2.279,2.298,2.237,2.241
1750867200000,2.241,2.267,2.229,2.258
1750881600000,2.258,2.279,2.238,2.252
1750896000000,2.252,2.3,2.24,2.271
1750910400000,2.271,2.281,2.25,2.272
1750924800000,2.272,2.28,2.241,2.254
1750939200000,2.254,2.258,2.194,2.21
1750953600000,2.21,2.215,2.176,2.205
1750968000000,2.205,2.242,2.193,2.196
1750982400000,2.196,2.222,2.173,2.22
1750996800000,2.22,2.223,2.172,2.179
1751011200000,2.179,2.205,2.163,2.171
1751025600000,2.171,2.188,2.142,2.182
1751040000000,2.182,2.207,2.138,2.168
1751054400000,2.168,2.215,2.163,2.211
1751068800000,2.211,2.215,2.192,2.194
1751083200000,2.194,2.203,2.18,2.201
1751097600000,2.201,2.213,2.185,2.203
1751112000000,2.203,2.241,2.197,2.238
1751126400000,2.238,2.259,2.226,2.25
1751140800000,2.25,2.281,2.25,2.267
1751155200000,2.267,2.275,2.25,2.259
1751169600000,2.259,2.266,2.251,2.263
1751184000000,2.263,2.283,2.259,2.272
1751198400000,2.272,2.276,2.246,2.256
1751212800000,2.256,2.289,2.252,2.285
1751227200000,2.285,2.419,2.274,2.387
1751241600000,2.387,2.397,2.335,2.336
1751256000000,2.336,2.339,2.294,2.334
1751270400000,2.334,2.338,2.307,2.317
1751284800000,2.317,2.329,2.273,2.291
1751299200000,2.291,2.338,2.281,2.337
1751313600000,2.337,2.342,2.297,2.3
1751328000000,2.3,2.317,2.285,2.29
1751342400000,2.29,2.29,2.241,2.265
1751356800000,2.265,2.265,2.224,2.229
1751371200000,2.229,2.253,2.215,2.237
1751385600000,2.237,2.246,2.201,2.208
1751400000000,2.208,2.218,2.177,2.201
1751414400000,2.201,2.216,2.181,2.204
1751428800000,2.204,2.249,2.199,2.242
1751443200000,2.242,2.253,2.232,2.241
1751457600000,2.241,2.298,2.228,2.297
1751472000000,2.297,2.428,2.297,2.42
1751486400000,2.42,2.434,2.368,2.37
1751500800000,2.37,2.394,2.363,2.378
1751515200000,2.378,2.443,2.375,2.436
1751529600000,2.436,2.439,2.396,2.402
1751544000000,2.402,2.428,2.358,2.361
1751558400000,2.361,2.39,2.361,2.382
1751572800000,2.382,2.406,2.382,2.397
1751587200000,2.397,2.408,2.37,2.378
1751601600000,2.378,2.382,2.306,2.312
1751616000000,2.312,2.328,2.29,2.318
1751630400000,2.318,2.328,2.257,2.261
1751644800000,2.261,2.263,2.227,2.238
1751659200000,2.238,2.271,2.235,2.261
1751673600000,2.261,2.271,2.242,2.26
1751688000000,2.26,2.279,2.245,2.263
1751702400000,2.263,2.267,2.243,2.256
1751716800000,2.256,2.259,2.234,2.239
1751731200000,2.239,2.246,2.209,2.232
1751745600000,2.232,2.262,2.227,2.251
1751760000000,2.251,2.256,2.236,2.238
1751774400000,2.238,2.249,2.231,2.24
1751788800000,2.24,2.256,2.229,2.254
1751803200000,2.254,2.303,2.245,2.289
1751817600000,2.289,2.298,2.263,2.277
1751832000000,2.277,2.329,2.276,2.291
1751846400000,2.291,2.319,2.275,2.304
1751860800000,2.304,2.316,2.278,2.302
1751875200000,2.302,2.307,2.271,2.275
1751889600000,2.275,2.295,2.256,2.27
1751904000000,2.27,2.289,2.246,2.279
1751918400000,2.279,2.279,2.255,2.278
1751932800000,2.278,2.284,2.242,2.252
1751947200000,2.252,2.258,2.238,2.255
1751961600000,2.255,2.298,2.238,2.286
1751976000000,2.286,2.303,2.258,2.264
1751990400000,2.264,2.331,2.258,2.317
1752004800000,2.317,2.322,2.304,2.311
1752019200000,2.311,2.314,2.283,2.29
1752033600000,2.29,2.34,2.289,2.335
1752048000000,2.335,2.356,2.326,2.352
1752062400000,2.352,2.378,2.336,2.349
1752076800000,2.349,2.445,2.348,2.441
1752091200000,2.441,2.471,2.425,2.438
1752105600000,2.438,2.449,2.42,2.435
1752120000000,2.435,2.461,2.424,2.442
1752134400000,2.442,2.451,2.429,2.44
1752148800000,2.44,2.459,2.425,2.438
1752163200000,2.438,2.52,2.437,2.51
1752177600000,2.51,2.607,2.509,2.588
1752192000000,2.588,2.619,2.542,2.611
1752206400000,2.611,2.661,2.579,2.588
1752220800000,2.588,2.64,2.588,2.612
1752235200000,2.612,2.678,2.598,2.61
1752249600000,2.61,2.677,2.586,2.656
1752264000000,2.656,2.662,2.512,2.562
1752278400000,2.562,2.603,2.526,2.586
1752292800000,2.586,2.596,2.526,2.578
1752307200000,2.578,2.589,2.557,2.573
1752321600000,2.573,2.585,2.461,2.478
1752336000000,2.478,2.541,2.471,2.54
1752350400000,2.54,2.543,2.499,2.534
1752364800000,2.534,2.545,2.518,2.536
1752379200000,2.536,2.574,2.525,2.562
1752393600000,2.562,2.572,2.537,2.571
1752408000000,2.571,2.627,2.561,2.592
1752422400000,2.592,2.615,2.563,2.59
1752436800000,2.59,2.605,2.538,2.558
1752451200000,2.558,2.666,2.553,2.638
1752465600000,2.638,2.69,2.619,2.66
1752480000000,2.66,2.664,2.619,2.637
1752494400000,2.637,2.653,2.564,2.587
1752508800000,2.587,2.609,2.549,2.559
1752523200000,2.559,2.584,2.522,2.574
1752537600000,2.574,2.582,2.461,2.487
1752552000000,2.487,2.522,2.465,2.502
1752566400000,2.502,2.515,2.482,2.508
1752580800000,2.508,2.555,2.47,2.533
1752595200000,2.533,2.636,2.533,2.557
1752609600000,2.557,2.651,2.546,2.647
1752624000000,2.647,2.672,2.601,2.609
1752638400000,2.609,2.646,2.59,2.641
1752652800000,2.641,2.644,2.604,2.614
1752667200000,2.614,2.661,2.598,2.632
1752681600000,2.632,2.701,2.621,2.675
1752696000000,2.675,2.74,2.639,2.654
1752710400000,2.654,2.698,2.591,2.615
1752724800000,2.615,2.693,2.608,2.669
1752739200000,2.669,2.723,2.664,2.677
1752753600000,2.677,2.71,2.634,2.687
1752768000000,2.687,2.697,2.614,2.647
1752782400000,2.647,2.748,2.613,2.709
1752796800000,2.709,2.818,2.701,2.818
1752811200000,2.818,2.913,2.804,2.843
1752825600000,2.843,2.887,2.818,2.878
1752840000000,2.878,2.911,2.752,2.784
1752854400000,2.784,2.838,2.746,2.768
1752868800000,2.768,2.79,2.688,2.754
1752883200000,2.754,2.807,2.684,2.807
1752897600000,2.807,2.837,2.759,2.761
1752912000000,2.761,2.77,2.71,2.712
1752926400000,2.712,2.729,2.667,2.7
1752940800000,2.7,2.828,2.685,2.815
1752955200000,2.815,2.825,2.755,2.803
1752969600000,2.803,2.824,2.774,2.791
1752984000000,2.791,2.842,2.782,2.816
1752998400000,2.816,2.876,2.816,2.864
1753012800000,2.864,2.929,2.851,2.922
1753027200000,2.922,3.025,2.905,2.931
1753041600000,2.931,2.942,2.819,2.889
1753056000000,2.889,2.923,2.824,2.914
1753070400000,2.914,2.952,2.887,2.925
1753084800000,2.925,2.963,2.889,2.936
1753099200000,2.936,2.987,2.904,2.937
1753113600000,2.937,2.965,2.857,2.874
1753128000000,2.874,2.934,2.862,2.922
1753142400000,2.922,2.935,2.806,2.858
1753156800000,2.858,2.867,2.773,2.83
1753171200000,2.83,2.855,2.758,2.841
1753185600000,2.841,2.891,2.769,2.854
1753200000000,2.854,2.897,2.815,2.831
1753214400000,2.831,2.939,2.822,2.934
1753228800000,2.934,2.944,2.872,2.89
1753243200000,2.89,2.923,2.847,2.859
1753257600000,2.859,2.88,2.798,2.815
1753272000000,2.815,2.819,2.643,2.706
1753286400000,2.706,2.706,2.603,2.653
1753300800000,2.653,2.666,2.552,2.641
1753315200000,2.641,2.68,2.623,2.645
1753329600000,2.645,2.656,2.472,2.56
1753344000000,2.56,2.622,2.545,2.613
1753358400000,2.613,2.684,2.563,2.637
1753372800000,2.637,2.659,2.579,2.625
1753387200000,2.625,2.651,2.575,2.582
1753401600000,2.582,2.593,2.499,2.535
1753416000000,2.535,2.576,2.511,2.547
1753430400000,2.547,2.623,2.546,2.611
1753444800000,2.611,2.628,2.516,2.551
1753459200000,2.551,2.594,2.539,2.578
1753473600000,2.578,2.65,2.578,2.649
1753488000000,2.649,2.659,2.624,2.649
1753502400000,2.649,2.653,2.634,2.639
1753516800000,2.639,2.67,2.638,2.648
1753531200000,2.648,2.669,2.639,2.664
1753545600000,2.664,2.695,2.645,2.691
1753560000000,2.691,2.702,2.66,2.663
1753574400000,2.663,2.701,2.656,2.685
1753588800000,2.685,2.72,2.682,2.694
1753603200000,2.694,2.712,2.668,2.69
1753617600000,2.69,2.713,2.677,2.699
1753632000000,2.699,2.741,2.698,2.713
1753646400000,2.713,2.763,2.701,2.756
1753660800000,2.756,2.793,2.734,2.763
1753675200000,2.763,2.81,2.748,2.778
1753689600000,2.778,2.801,2.758,2.774
1753704000000,2.774,2.777,2.66,2.676
1753718400000,2.676,2.691,2.601,2.627
1753732800000,2.627,2.632,2.576,2.606
1753747200000,2.606,2.628,2.553,2.603
1753761600000,2.603,2.67,2.583,2.663
1753776000000,2.663,2.664,2.587,2.613
1753790400000,2.613,2.651,2.549,2.57
1753804800000,2.57,2.587,2.526,2.539
1753819200000,2.539,2.575,2.513,2.569
1753833600000,2.569,2.586,2.529,2.564
1753848000000,2.564,2.57,2.524,2.53
1753862400000,2.53,2.547,2.456,2.47
1753876800000,2.47,2.53,2.449,2.505
1753891200000,2.505,2.533,2.355,2.475
1753905600000,2.475,2.496,2.445,2.491
1753920000000,2.491,2.536,2.481,2.531
1753934400000,2.531,2.548,2.523,2.536
1753948800000,2.536,2.547,2.514,2.52
1753963200000,2.52,2.52,2.429,2.469
1753977600000,2.469,2.512,2.437,2.447
1753992000000,2.447,2.449,2.381,2.39
1754006400000,2.39,2.396,2.311,2.385
1754020800000,2.385,2.385,2.335,2.347
1754035200000,2.347,2.355,2.285,2.35
1754049600000,2.35,2.376,2.291,2.348
1754064000000,2.348,2.366,2.287,2.34
1754078400000,2.34,2.348,2.217,2.296
1754092800000,2.296,2.326,2.293,2.322
1754107200000,2.322,2.334,2.269,2.322
1754121600000,2.322,2.329,2.282,2.306
1754136000000,2.306,2.321,2.27,2.277
1754150400000,2.277,2.299,2.223,2.251
1754164800000,2.251,2.286,2.246,2.271
1754179200000,2.271,2.307,2.235,2.299
1754193600000,2.299,2.318,2.291,2.311
1754208000000,2.311,2.341,2.307,2.326
1754222400000,2.326,2.336,2.313,2.332
1754236800000,2.332,2.343,2.323,2.331
1754251200000,2.331,2.353,2.327,2.341
1754265600000,2.341,2.378,2.338,2.364
1754280000000,2.364,2.376,2.353,2.368
1754294400000,2.368,2.378,2.348,2.355
1754308800000,2.355,2.402,2.353,2.387
1754323200000,2.387,2.432,2.386,2.398
1754337600000,2.398,2.438,2.395,2.425
1754352000000,2.425,2.43,2.38,2.381
1754366400000,2.381,2.391,2.342,2.35
1754380800000,2.35,2.413,2.347,2.406
1754395200000,2.406,2.409,2.313,2.323
1754409600000,2.323,2.341,2.301,2.309
1754424000000,2.309,2.339,2.279,2.332
1754438400000,2.332,2.333,2.282,2.286
1754452800000,2.286,2.347,2.277,2.343
1754467200000,2.343,2.347,2.319,2.332
1754481600000,2.332,2.381,2.309,2.379
1754496000000,2.379,2.394,2.357,2.378
1754510400000,2.378,2.383,2.367,2.377
1754524800000,2.377,2.401,2.367,2.371
1754539200000,2.371,2.395,2.37,2.387
1754553600000,2.387,2.45,2.375,2.448
1754568000000,2.448,2.456,2.423,2.436
1754582400000,2.436,2.447,2.386,2.446
1754596800000,2.446,2.49,2.445,2.488
1754611200000,2.488,2.522,2.437,2.487
1754625600000,2.487,2.511,2.46,2.5
1754640000000,2.5,2.515,2.485,2.496
1754654400000,2.496,2.532,2.467,2.485
1754668800000,2.485,2.555,2.483,2.551
1754683200000,2.551,2.557,2.536,2.545
1754697600000,2.545,2.571,2.538,2.552
1754712000000,2.552,2.61,2.544,2.603
1754726400000,2.603,2.646,2.595,2.628
1754740800000,2.628,2.646,2.595,2.622
1754755200000,2.622,2.653,2.619,2.644
1754769600000,2.644,2.664,2.627,2.632
1754784000000,2.632,2.66,2.608,2.646
1754798400000,2.646,2.661,2.558,2.567
1754812800000,2.567,2.6,2.537,2.566
1754827200000,2.566,2.616,2.549,2.603
1754841600000,2.603,2.636,2.598,2.623
1754856000000,2.623,2.628,2.59,2.623
1754870400000,2.623,2.683,2.61,2.663
1754884800000,2.663,2.68,2.597,2.603
1754899200000,2.603,2.623,2.52,2.531
1754913600000,2.531,2.551,2.481,2.545
1754928000000,2.545,2.58,2.495,2.515
1754942400000,2.515,2.521,2.448,2.469
1754956800000,2.469,2.518,2.46,2.484
1754971200000,2.484,2.499,2.451,2.496
1754985600000,2.496,2.497,2.444,2.477
1755000000000,2.477,2.584,2.469,2.583
1755014400000,2.583,2.647,2.575,2.634
1755028800000,2.634,2.663,2.624,2.632
1755043200000,2.632,2.666,2.601,2.654
1755057600000,2.654,2.664,2.613,2.648
1755072000000,2.648,2.711,2.646,2.696
1755086400000,2.696,2.732,2.659,2.699
1755100800000,2.699,2.733,2.685,2.719
1755115200000,2.719,2.762,2.706,2.734
1755129600000,2.734,2.759,2.704,2.749
1755144000000,2.749,2.753,2.669,2.684
1755158400000,2.684,2.685,2.632,2.659
1755172800000,2.659,2.667,2.475,2.541
1755187200000,2.541,2.541,2.472,2.501
1755201600000,2.501,2.514,2.452,2.505
1755216000000,2.505,2.544,2.49,2.536
1755230400000,2.536,2.555,2.51,2.525
1755244800000,2.525,2.53,2.494,2.505
1755259200000,2.505,2.533,2.405,2.425
1755273600000,2.425,2.457,2.401,2.425
1755288000000,2.425,2.483,2.416,2.464
1755302400000,2.464,2.496,2.46,2.475
1755316800000,2.475,2.498,2.471,2.493
1755331200000,2.493,2.504,2.465,2.465
1755345600000,2.465,2.539,2.462,2.52
1755360000000,2.52,2.529,2.5,2.51
1755374400000,2.51,2.536,2.507,2.53
1755388800000,2.53,2.539,2.512,2.53
1755403200000,2.53,2.558,2.529,2.548
1755417600000,2.548,2.584,2.543,2.578
1755432000000,2.578,2.618,2.558,2.618
1755446400000,2.618,2.629,2.537,2.555
1755460800000,2.555,2.581,2.55,2.556
1755475200000,2.556,2.561,2.446,2.47
1755489600000,2.47,2.49,2.429,2.45
1755504000000,2.45,2.46,2.414,2.447
1755518400000,2.447,2.49,2.442,2.471
1755532800000,2.471,2.485,2.441,2.469
1755547200000,2.469,2.511,2.454,2.467
1755561600000,2.467,2.498,2.401,2.407
1755576000000,2.407,2.434,2.384,2.415
1755590400000,2.415,2.455,2.4,2.455
1755604800000,2.455,2.457,2.38,2.392
1755619200000,2.392,2.398,2.349,2.369
1755633600000,2.369,2.392,2.352,2.357
1755648000000,2.357,2.383,2.346,2.365
1755662400000,2.365,2.39,2.365,2.376
1755676800000,2.376,2.409,2.363,2.393
1755691200000,2.393,2.439,2.331,2.415
1755705600000,2.415,2.45,2.393,2.448
1755720000000,2.448,2.45,2.429,2.433
1755734400000,2.433,2.463,2.422,2.438
1755748800000,2.438,2.447,2.411,2.431
1755763200000,2.431,2.435,2.391,2.399
1755777600000,2.399,2.426,2.372,2.38
1755792000000,2.38,2.416,2.373,2.393
1755806400000,2.393,2.418,2.381,2.391
1755820800000,2.391,2.418,2.372,2.385
1755835200000,2.385,2.407,2.38,2.399
1755849600000,2.399,2.41,2.354,2.354
1755864000000,2.354,2.5,2.304,2.475
1755878400000,2.475,2.582,2.475,2.574
1755892800000,2.574,2.614,2.568,2.577
1755907200000,2.577,2.585,2.484,2.516
1755921600000,2.516,2.562,2.515,2.538
1755936000000,2.538,2.552,2.527,2.531
1755950400000,2.531,2.541,2.508,2.525
1755964800000,2.525,2.538,2.51,2.537
1755979200000,2.537,2.539,2.515,2.527
1755993600000,2.527,2.533,2.485,2.495
1756008000000,2.495,2.501,2.439,2.443
1756022400000,2.443,2.453,2.39,2.405
1756036800000,2.405,2.44,2.394,2.409
1756051200000,2.409,2.547,2.394,2.462
1756065600000,2.462,2.466,2.386,2.425
1756080000000,2.425,2.447,2.37,2.413
1756094400000,2.413,2.419,2.291,2.301
1756108800000,2.301,2.319,2.273,2.303
1756123200000,2.303,2.308,2.266,2.273
1756137600000,2.273,2.288,2.214,2.218
1756152000000,2.218,2.225,2.134,2.183
1756166400000,2.183,2.234,2.172,2.224
1756180800000,2.224,2.254,2.22,2.241
1756195200000,2.241,2.307,2.231,2.269
1756209600000,2.269,2.34,2.264,2.298
1756224000000,2.298,2.35,2.297,2.346
1756238400000,2.346,2.356,2.319,2.323
1756252800000,2.323,2.338,2.3,2.328
1756267200000,2.328,2.338,2.291,2.297
1756281600000,2.297,2.319,2.287,2.306
1756296000000,2.306,2.34,2.293,2.333
1756310400000,2.333,2.348,2.306,2.33
1756324800000,2.33,2.351,2.293,2.307
1756339200000,2.307,2.329,2.284,2.315
1756353600000,2.315,2.333,2.309,2.327
1756368000000,2.327,2.352,2.323,2.334
1756382400000,2.334,2.401,2.331,2.362
1756396800000,2.362,2.378,2.307,2.32
1756411200000,2.32,2.397,2.313,2.382
1756425600000,2.382,2.398,2.347,2.366
1756440000000,2.366,2.371,2.299,2.303
1756454400000,2.303,2.311,2.243,2.285
1756468800000,2.285,2.342,2.245,2.268
1756483200000,2.268,2.276,2.225,2.253
1756497600000,2.253,2.272,2.229,2.269
1756512000000,2.269,2.3,2.229,2.295
1756526400000,2.295,2.305,2.284,2.302
1756540800000,2.302,2.303,2.285,2.298
1756555200000,2.298,2.3,2.256,2.287
1756569600000,2.287,2.288,2.264,2.278
1756584000000,2.278,2.297,2.264,2.289
1756598400000,2.289,2.341,2.288,2.339
1756612800000,2.339,2.34,2.296,2.302
1756627200000,2.302,2.318,2.287,2.302
1756641600000,2.302,2.313,2.289,2.309
1756656000000,2.309,2.312,2.294,2.296
1756670400000,2.296,2.311,2.264,2.268
1756684800000,2.268,2.275,2.224,2.243
1756699200000,2.243,2.365,2.218,2.361
1756713600000,2.361,2.514,2.327,2.384
1756728000000,2.384,2.401,2.311,2.317
1756742400000,2.317,2.33,2.293,2.329
1756756800000,2.329,2.331,2.239,2.285
1756771200000,2.285,2.302,2.25,2.288
1756785600000,2.288,2.29,2.258,2.263
1756800000000,2.263,2.281,2.257,2.266
1756814400000,2.266,2.29,2.215,2.235
1756828800000,2.235,2.264,2.223,2.233
1756843200000,2.233,2.281,2.228,2.269
1756857600000,2.269,2.285,2.256,2.277
1756872000000,2.277,2.281,2.254,2.266
1756886400000,2.266,2.282,2.255,2.276
1756900800000,2.276,2.329,2.267,2.322
1756915200000,2.322,2.334,2.314,2.329
1756929600000,2.329,2.358,2.323,2.329
1756944000000,2.329,2.336,2.288,2.291
1756958400000,2.291,2.296,2.251,2.272
1756972800000,2.272,2.283,2.26,2.269
1756987200000,2.269,2.283,2.236,2.245
1757001600000,2.245,2.257,2.229,2.236
1757016000000,2.236,2.278,2.234,2.262
1757030400000,2.262,2.287,2.262,2.282
1757044800000,2.282,2.332,2.276,2.327
1757059200000,2.327,2.329,2.307,2.321
1757073600000,2.321,2.381,2.292,2.316
1757088000000,2.316,2.333,2.3,2.333
1757102400000,2.333,2.357,2.33,2.344
1757116800000,2.344,2.354,2.316,2.327
1757131200000,2.327,2.329,2.305,2.317
1757145600000,2.317,2.32,2.3,2.318
1757160000000,2.318,2.326,2.306,2.311
1757174400000,2.311,2.339,2.308,2.314
1757188800000,2.314,2.335,2.311,2.324
1757203200000,2.324,2.37,2.323,2.357
1757217600000,2.357,2.434,2.355,2.373
1757232000000,2.373,2.384,2.362,2.377
1757246400000,2.377,2.401,2.37,2.387
1757260800000,2.387,2.389,2.365,2.381
1757275200000,2.381,2.411,2.375,2.395
1757289600000,2.395,2.428,2.379,2.419
1757304000000,2.419,2.467,2.398,2.413
1757318400000,2.413,2.435,2.408,2.421
1757332800000,2.421,2.455,2.414,2.448
1757347200000,2.448,2.459,2.42,2.428
1757361600000,2.428,2.45,2.421,2.439
1757376000000,2.439,2.46,2.408,2.447
1757390400000,2.447,2.498,2.437,2.485
1757404800000,2.485,2.505,2.478,2.485
1757419200000,2.485,2.501,2.421,2.437
1757433600000,2.437,2.449,2.417,2.44
1757448000000,2.44,2.466,2.432,2.451
1757462400000,2.451,2.47,2.433,2.469
1757476800000,2.469,2.478,2.445,2.466
1757491200000,2.466,2.472,2.437,2.451
1757505600000,2.451,2.51,2.451,2.493
1757520000000,2.493,2.506,2.451,2.46
1757534400000,2.46,2.497,2.458,2.492
1757548800000,2.492,2.51,2.485,2.507
1757563200000,2.507,2.538,2.502,2.534
1757577600000,2.534,2.534,2.496,2.499
1757592000000,2.499,2.532,2.463,2.483
1757606400000,2.483,2.52,2.483,2.515
1757620800000,2.515,2.543,2.511,2.537
1757635200000,2.537,2.562,2.516,2.528
1757649600000,2.528,2.55,2.52,2.529
1757664000000,2.529,2.531,2.481,2.483
1757678400000,2.483,2.518,2.469,2.488
1757692800000,2.488,2.557,2.486,2.556
1757707200000,2.556,2.574,2.537,2.561
1757721600000,2.561,2.592,2.544,2.589
1757736000000,2.589,2.59,2.565,2.567
1757750400000,2.567,2.633,2.565,2.631
1757764800000,2.631,2.651,2.577,2.611
1757779200000,2.611,2.623,2.565,2.608
1757793600000,2.608,2.635,2.606,2.621
1757808000000,2.621,2.625,2.575,2.584
1757822400000,2.584,2.614,2.558,2.587
1757836800000,2.587,2.602,2.536,2.539
1757851200000,2.539,2.554,2.473,2.495
1757865600000,2.495,2.531,2.489,2.513
1757880000000,2.513,2.545,2.508,2.515
1757894400000,2.515,2.548,2.497,2.538
1757908800000,2.538,2.556,2.481,2.487
1757923200000,2.487,2.487,2.404,2.425
1757937600000,2.425,2.429,2.372,2.388
1757952000000,2.388,2.409,2.37,2.403
1757966400000,2.403,2.417,2.4,2.412
1757980800000,2.412,2.421,2.395,2.395
1757995200000,2.395,2.419,2.373,2.411
1758009600000,2.411,2.434,2.411,2.426
1758024000000,2.426,2.462,2.408,2.46
1758038400000,2.46,2.601,2.446,2.594
1758052800000,2.594,2.65,2.547,2.556
1758067200000,2.556,2.586,2.537,2.564
1758081600000,2.564,2.577,2.522,2.541
1758096000000,2.541,2.543,2.476,2.494
1758110400000,2.494,2.509,2.466,2.472
1758124800000,2.472,2.539,2.453,2.535
1758139200000,2.535,2.587,2.51,2.569
1758153600000,2.569,2.587,2.552,2.581
1758168000000,2.581,2.584,2.533,2.542
1758182400000,2.542,2.568,2.528,2.536
1758196800000,2.536,2.568,2.532,2.558
1758211200000,2.558,2.589,2.554,2.575
1758225600000,2.575,2.59,2.561,2.576
1758240000000,2.576,2.612,2.547,2.557
1758254400000,2.557,2.569,2.53,2.539
1758268800000,2.539,2.571,2.493,2.507
1758283200000,2.507,2.529,2.464,2.489
1758297600000,2.489,2.502,2.455,2.463
1758312000000,2.463,2.48,2.425,2.445
1758326400000,2.445,2.463,2.431,2.454
1758340800000,2.454,2.475,2.448,2.475
1758355200000,2.475,2.475,2.431,2.449
1758369600000,2.449,2.478,2.427,2.468
1758384000000,2.468,2.473,2.438,2.446
1758398400000,2.446,2.462,2.439,2.444
1758412800000,2.444,2.454,2.422,2.45
1758427200000,2.45,2.475,2.442,2.465
1758441600000,2.465,2.468,2.41,2.427
1758456000000,2.427,2.444,2.416,2.421
1758470400000,2.421,2.429,2.39,2.42
1758484800000,2.42,2.421,2.394,2.396
1758499200000,2.396,2.409,2.302,2.341
1758513600000,2.341,2.351,2.157,2.259
1758528000000,2.259,2.268,2.236,2.253
1758542400000,2.253,2.271,2.233,2.237
1758556800000,2.237,2.253,2.219,2.227
1758571200000,2.227,2.265,2.224,2.26
1758585600000,2.26,2.268,2.212,2.255
1758600000000,2.255,2.271,2.237,2.258
1758614400000,2.258,2.282,2.258,2.272
1758628800000,2.272,2.285,2.254,2.271
1758643200000,2.271,2.282,2.228,2.232
1758657600000,2.232,2.261,2.23,2.237
1758672000000,2.237,2.273,2.224,2.233
1758686400000,2.233,2.273,2.201,2.266
1758700800000,2.266,2.281,2.26,2.275
1758715200000,2.275,2.295,2.261,2.271
1758729600000,2.271,2.278,2.245,2.253
1758744000000,2.253,2.255,2.213,2.226
1758758400000,2.226,2.237,2.196,2.212
1758772800000,2.212,2.217,2.165,2.198
1758787200000,2.198,2.212,2.177,2.187
1758801600000,2.187,2.223,2.148,2.195
1758816000000,2.195,2.201,2.084,2.141
1758830400000,2.141,2.145,2.099,2.119
1758844800000,2.119,2.153,2.114,2.146
1758859200000,2.146,2.15,2.122,2.134
1758873600000,2.134,2.142,2.095,2.117
1758888000000,2.117,2.156,2.098,2.147
1758902400000,2.147,2.201,2.146,2.184
1758916800000,2.184,2.197,2.176,2.194
1758931200000,2.194,2.196,2.183,2.185
1758945600000,2.185,2.195,2.179,2.186
1758960000000,2.186,2.196,2.164,2.189
1758974400000,2.189,2.196,2.175,2.193
1758988800000,2.193,2.194,2.163,2.183
1759003200000,2.183,2.21,2.181,2.187
1759017600000,2.187,2.192,2.157,2.165
1759032000000,2.165,2.169,2.136,2.152
1759046400000,2.152,2.156,2.127,2.138
1759060800000,2.138,2.167,2.124,2.162
1759075200000,2.162,2.179,2.156,2.178
1759089600000,2.178,2.219,2.175,2.213
1759104000000,2.213,2.214,2.187,2.199
1759118400000,2.199,2.2,2.173,2.184
1759132800000,2.184,2.194,2.159,2.174
1759147200000,2.174,2.216,2.144,2.191
1759161600000,2.191,2.204,2.166,2.204
1759176000000,2.204,2.232,2.202,2.208
1759190400000,2.208,2.212,2.173,2.189
1759204800000,2.189,2.204,2.173,2.18
1759219200000,2.18,2.188,2.159,2.175
1759233600000,2.175,2.188,2.127,2.149
1759248000000,2.149,2.185,2.14,2.185
1759262400000,2.185,2.2,2.174,2.187
1759276800000,2.187,2.196,2.164,2.164
1759291200000,2.164,2.198,2.162,2.181
1759305600000,2.181,2.273,2.181,2.254
1759320000000,2.254,2.264,2.237,2.26
1759334400000,2.26,2.299,2.248,2.294
1759348800000,2.294,2.297,2.279,2.295
1759363200000,2.295,2.332,2.289,2.32
1759377600000,2.32,2.352,2.311,2.321
1759392000000,2.321,2.356,2.318,2.343
1759406400000,2.343,2.361,2.304,2.335
1759420800000,2.335,2.392,2.329,2.381
1759435200000,2.381,2.398,2.373,2.384
1759449600000,2.384,2.385,2.334,2.336
1759464000000,2.336,2.354,2.315,2.331
1759478400000,2.331,2.333,2.312,2.321
1759492800000,2.321,2.388,2.314,2.387
1759507200000,2.387,2.431,2.35,2.415
1759521600000,2.415,2.417,2.388,2.39
1759536000000,2.39,2.404,2.353,2.363
1759550400000,2.363,2.377,2.353,2.359
1759564800000,2.359,2.363,2.303,2.316
1759579200000,2.316,2.341,2.267,2.283
1759593600000,2.283,2.298,2.275,2.298
1759608000000,2.298,2.317,2.298,2.313
1759622400000,2.313,2.354,2.294,2.337
1759636800000,2.337,2.404,2.336,2.404
1759651200000,2.404,2.416,2.357,2.369
1759665600000,2.369,2.377,2.347,2.368
1759680000000,2.368,2.378,2.309,2.314
1759694400000,2.314,2.339,2.305,2.33
1759708800000,2.33,2.36,2.309,2.341
1759723200000,2.341,2.362,2.316,2.343
1759737600000,2.343,2.365,2.341,2.352
1759752000000,2.352,2.43,2.352,2.415
1759766400000,2.415,2.43,2.402,2.418
1759780800000,2.418,2.427,2.396,2.406
1759795200000,2.406,2.416,2.388,2.394
1759809600000,2.394,2.413,2.368,2.376
1759824000000,2.376,2.403,2.349,2.401
1759838400000,2.401,2.41,2.277,2.29
1759852800000,2.29,2.31,2.269,2.285
1759867200000,2.285,2.313,2.274,2.279
1759881600000,2.279,2.306,2.243,2.265
1759896000000,2.265,2.286,2.252,2.285
1759910400000,2.285,2.306,2.282,2.287
1759924800000,2.287,2.322,2.272,2.3
1759939200000,2.3,2.418,2.297,2.378
1759953600000,2.378,2.386,2.362,2.364
1759968000000,2.364,2.367,2.286,2.315
1759982400000,2.315,2.326,2.277,2.285
1759996800000,2.285,2.286,2.248,2.272
1760011200000,2.272,2.298,2.228,2.248
1760025600000,2.248,2.272,2.219,2.269
1760040000000,2.269,2.313,2.264,2.297
1760054400000,2.297,2.363,2.286,2.336
1760068800000,2.336,2.391,2.324,2.351
1760083200000,2.351,2.387,2.35,2.381
1760097600000,2.381,2.448,2.265,2.295
1760112000000,2.295,2.315,2.186,2.211
1760126400000,2.211,2.232,0.57,1.669
1760140800000,1.669,1.75,1.569,1.689
1760155200000,1.689,1.717,1.668,1.679
1760169600000,1.679,1.73,1.644,1.666
1760184000000,1.666,1.674,1.604,1.648
1760198400000,1.648,1.672,1.555,1.572
1760212800000,1.572,1.577,1.492,1.561
1760227200000,1.561,1.566,1.493,1.536
1760241600000,1.536,1.576,1.535,1.574
1760256000000,1.574,1.58,1.535,1.557
1760270400000,1.557,1.652,1.533,1.642
1760284800000,1.642,1.69,1.642,1.688
1760299200000,1.688,1.694,1.64,1.656
1760313600000,1.656,1.672,1.632,1.642
1760328000000,1.642,1.672,1.621,1.653
1760342400000,1.653,1.685,1.594,1.63
1760356800000,1.63,1.678,1.611,1.658
1760371200000,1.658,1.721,1.646,1.717
1760385600000,1.717,1.739,1.706,1.728
1760400000000,1.728,1.737,1.682,1.69
1760414400000,1.69,1.695,1.553,1.587
1760428800000,1.587,1.616,1.564,1.605
1760443200000,1.605,1.656,1.57,1.652
1760457600000,1.652,1.684,1.639,1.664
1760472000000,1.664,1.687,1.657,1.674
1760486400000,1.674,1.685,1.649,1.66
1760500800000,1.66,1.682,1.651,1.676
1760515200000,1.676,1.71,1.646,1.659
1760529600000,1.659,1.667,1.601,1.614
1760544000000,1.614,1.624,1.596,1.604
1760558400000,1.604,1.612,1.575,1.602
1760572800000,1.602,1.616,1.592,1.592
1760587200000,1.592,1.611,1.58,1.595
1760601600000,1.595,1.601,1.528,1.599
1760616000000,1.599,1.61,1.523,1.534
1760630400000,1.534,1.561,1.483,1.494
1760644800000,1.494,1.501,1.461,1.492
1760659200000,1.492,1.514,1.48,1.502
1760673600000,1.502,1.505,1.396,1.4
1760688000000,1.4,1.456,1.375,1.443
1760702400000,1.443,1.463,1.42,1.46
1760716800000,1.46,1.48,1.448,1.457
1760731200000,1.457,1.484,1.454,1.464
1760745600000,1.464,1.503,1.461,1.492
1760760000000,1.492,1.504,1.47,1.481
1760774400000,1.481,1.509,1.481,1.5
1760788800000,1.5,1.512,1.486,1.494
1760803200000,1.494,1.498,1.476,1.492
1760817600000,1.492,1.501,1.489,1.492
1760832000000,1.492,1.513,1.478,1.509
1760846400000,1.509,1.51,1.478,1.49
1760860800000,1.49,1.531,1.468,1.513
1760875200000,1.513,1.546,1.502,1.538
1760889600000,1.538,1.555,1.529,1.538
1760904000000,1.538,1.552,1.527,1.531
1760918400000,1.531,1.573,1.498,1.564
1760932800000,1.564,1.598,1.559,1.584
1760947200000,1.584,1.617,1.581,1.616
1760961600000,1.616,1.628,1.589,1.59
1760976000000,1.59,1.598,1.561,1.594
1760990400000,1.594,1.6,1.579,1.579
1761004800000,1.579,1.582,1.546,1.55
1761019200000,1.55,1.552,1.515,1.541
1761033600000,1.541,1.579,1.525,1.558
1761048000000,1.558,1.641,1.543,1.628
1761062400000,1.628,1.651,1.611,1.623
1761076800000,1.623,1.628,1.553,1.559
1761091200000,1.559,1.574,1.541,1.558
1761105600000,1.558,1.569,1.525,1.54
1761120000000,1.54,1.54,1.492,1.524
1761134400000,1.524,1.558,1.519,1.545
1761148800000,1.545,1.554,1.511,1.525
1761163200000,1.525,1.529,1.458,1.517
1761177600000,1.517,1.534,1.515,1.529
1761192000000,1.529,1.554,1.525,1.545
1761206400000,1.545,1.555,1.536,1.544
1761220800000,1.544,1.569,1.529,1.558
1761235200000,1.558,1.578,1.552,1.56
1761249600000,1.56,1.56,1.536,1.554
1761264000000,1.554,1.562,1.548,1.551
1761278400000,1.551,1.581,1.547,1.567
1761292800000,1.567,1.58,1.542,1.56
1761307200000,1.56,1.596,1.536,1.542
1761321600000,1.542,1.565,1.531,1.562
1761336000000,1.562,1.575,1.561,1.569
1761350400000,1.569,1.577,1.555,1.556
1761364800000,1.556,1.564,1.546,1.549
1761379200000,1.549,1.56,1.54,1.553
1761393600000,1.553,1.568,1.551,1.563
1761408000000,1.563,1.572,1.557,1.567
1761422400000,1.567,1.568,1.558,1.559
1761436800000,1.559,1.565,1.542,1.547
1761451200000,1.547,1.571,1.546,1.571
1761465600000,1.571,1.631,1.571,1.628
1761480000000,1.628,1.645,1.621,1.643
1761494400000,1.643,1.648,1.629,1.644
1761508800000,1.644,1.672,1.626,1.651
1761523200000,1.651,1.675,1.647,1.669
1761537600000,1.669,1.685,1.653,1.666
1761552000000,1.666,1.666,1.619,1.637
1761566400000,1.637,1.638,1.603,1.628
1761580800000,1.628,1.677,1.628,1.657
1761595200000,1.657,1.663,1.626,1.639
1761609600000,1.639,1.641,1.602,1.616
1761624000000,1.616,1.651,1.612,1.625
1761638400000,1.625,1.639,1.624,1.625
1761652800000,1.625,1.646,1.586,1.617
1761667200000,1.617,1.636,1.584,1.593
1761681600000,1.593,1.594,1.529,1.555
1761696000000,1.555,1.569,1.549,1.555
1761710400000,1.555,1.582,1.554,1.577
1761724800000,1.577,1.63,1.563,1.622
1761739200000,1.622,1.642,1.588,1.599
1761753600000,1.599,1.64,1.538,1.614
1761768000000,1.614,1.632,1.575,1.583
1761782400000,1.583,1.608,1.572,1.586
1761796800000,1.586,1.586,1.515,1.572
1761811200000,1.572,1.573,1.534,1.535
1761825600000,1.535,1.537,1.451,1.461
1761840000000,1.461,1.471,1.396,1.407
1761854400000,1.407,1.463,1.402,1.463
1761868800000,1.463,1.487,1.455,1.476
1761883200000,1.476,1.522,1.475,1.518
1761897600000,1.518,1.519,1.491,1.516
1761912000000,1.516,1.528,1.494,1.5
1761926400000,1.5,1.516,1.461,1.51
1761940800000,1.51,1.521,1.495,1.514
1761955200000,1.514,1.541,1.506,1.537
1761969600000,1.537,1.567,1.527,1.56
1761984000000,1.56,1.642,1.555,1.633
1761998400000,1.633,1.714,1.633,1.675
1762012800000,1.675,1.714,1.663,1.687
1762027200000,1.687,1.689,1.65,1.671
1762041600000,1.671,1.696,1.658,1.663
1762056000000,1.663,1.709,1.663,1.705
1762070400000,1.705,1.794,1.667,1.676
1762084800000,1.676,1.689,1.619,1.631
1762099200000,1.631,1.64,1.609,1.624
1762113600000,1.624,1.673,1.619,1.665
1762128000000,1.665,1.667,1.564,1.57
1762142400000,1.57,1.575,1.495,1.522
1762156800000,1.522,1.546,1.501,1.53
1762171200000,1.53,1.563,1.438,1.471
1762185600000,1.471,1.519,1.426,1.428
1762200000000,1.428,1.468,1.401,1.44
1762214400000,1.44,1.519,1.422,1.516
1762228800000,1.516,1.557,1.436,1.453
1762243200000,1.453,1.494,1.44,1.471
1762257600000,1.471,1.494,1.41,1.453
1762272000000,1.453,1.464,1.325,1.344
1762286400000,1.344,1.382,1.268,1.365
1762300800000,1.365,1.406,1.295,1.399
1762315200000,1.399,1.403,1.367,1.373
1762329600000,1.373,1.375,1.342,1.372
1762344000000,1.372,1.381,1.336,1.375
1762358400000,1.375,1.415,1.355,1.403
1762372800000,1.403,1.417,1.388,1.395
1762387200000,1.395,1.397,1.347,1.38
1762401600000,1.38,1.386,1.322,1.335
1762416000000,1.335,1.356,1.323,1.347
1762430400000,1.347,1.418,1.334,1.377
1762444800000,1.377,1.819,1.361,1.75
1762459200000,1.75,1.937,1.722,1.891
1762473600000,1.891,2.249,1.859,2.12
1762488000000,2.12,2.281,1.986,2.194
1762502400000,2.194,2.371,2.044,2.089
1762516800000,2.089,2.502,2.019,2.493
1762531200000,2.493,3.955,2.444,3.282
1762545600000,3.282,3.687,3.225,3.369
1762560000000,3.369,3.487,2.903,3.128
1762574400000,3.128,3.451,3.038,3.263
1762588800000,3.263,3.619,3.123,3.275
1762603200000,3.275,3.515,2.851,2.884
1762617600000,2.884,2.941,2.73,2.841
1762632000000,2.841,3.175,2.752,2.954
1762646400000,2.954,2.993,2.519,2.556
1762660800000,2.556,2.637,2.495,2.625
1762675200000,2.625,2.755,2.53,2.749
1762689600000,2.749,2.867,2.637,2.74
1762704000000,2.74,2.911,2.647,2.9
1762718400000,2.9,2.958,2.722,2.78
1762732800000,2.78,2.921,2.625,2.799
1762747200000,2.799,2.809,2.607,2.622
1762761600000,2.622,2.659,2.552,2.618
1762776000000,2.618,2.627,2.463,2.511
1762790400000,2.511,2.596,2.46,2.576
1762804800000,2.576,2.638,2.514,2.552
1762819200000,2.552,2.676,2.489,2.574
1762833600000,2.574,2.596,2.332,2.348
1762848000000,2.348,2.408,2.323,2.389
1762862400000,2.389,2.433,2.352,2.405
1762876800000,2.405,2.436,2.271,2.284
1762891200000,2.284,2.303,2.195,2.227
1762905600000,2.227,2.28,2.176,2.262
1762920000000,2.262,2.328,2.247,2.287
1762934400000,2.287,2.361,2.273,2.301
1762948800000,2.301,2.322,2.158,2.166
1762963200000,2.166,2.188,2.081,2.154
1762977600000,2.154,2.238,2.147,2.195
1762992000000,2.195,2.233,2.152,2.193
1763006400000,2.193,2.224,2.156,2.162
1763020800000,2.162,2.208,2.127,2.148
1763035200000,2.148,2.192,2.09,2.116
1763049600000,2.116,2.132,2.001,2.031
1763064000000,2.031,2.089,1.992,2.068
1763078400000,2.068,2.137,2.048,2.09
1763092800000,2.09,2.142,2.002,2.142
1763107200000,2.142,2.172,2.046,2.062
1763121600000,2.062,2.092,2.006,2.035
1763136000000,2.035,2.058,1.957,2.03
1763150400000,2.03,2.034,1.928,1.996
1763164800000,1.996,2.061,1.974,2.04
1763179200000,2.04,2.199,2.035,2.094
1763193600000,2.094,2.101,2.003,2.043
1763208000000,2.043,2.17,2.028,2.095
1763222400000,2.095,2.153,2.053,2.094
1763236800000,2.094,2.095,2.018,2.033
1763251200000,2.033,2.071,1.988,2.062
1763265600000,2.062,2.135,2.028,2.057
1763280000000,2.057,2.069,1.969,1.98
1763294400000,1.98,2.003,1.934,1.942
1763308800000,1.942,1.966,1.87,1.91
1763323200000,1.91,1.971,1.886,1.958
1763337600000,1.958,1.999,1.93,1.984
1763352000000,1.984,2.007,1.961,1.997
1763366400000,1.997,2.019,1.978,1.992
1763380800000,1.992,2.025,1.918,1.971
1763395200000,1.971,2.167,1.935,2.139
1763409600000,2.139,2.142,1.973,2.019
1763424000000,2.019,2.205,1.979,2.059
1763438400000,2.059,2.144,1.972,1.999
1763452800000,1.999,2.023,1.929,1.941
1763467200000,1.941,1.976,1.894,1.945
1763481600000,1.945,2.034,1.934,1.961
1763496000000,1.961,2.01,1.937,1.985
1763510400000,1.985,2.023,1.916,1.923
1763524800000,1.923,1.937,1.782,1.877
1763539200000,1.877,1.94,1.876,1.909
1763553600000,1.909,1.927,1.838,1.841
1763568000000,1.841,1.856,1.759,1.793
1763582400000,1.793,1.89,1.783,1.88
1763596800000,1.88,1.903,1.848,1.855
1763611200000,1.855,1.89,1.853,1.88
1763625600000,1.88,1.882,1.846,1.868
1763640000000,1.868,1.9,1.838,1.848
1763654400000,1.848,1.853,1.754,1.783
1763668800000,1.783,1.84,1.756,1.818
1763683200000,1.818,1.867,1.774,1.796
1763697600000,1.796,1.802,1.532,1.648
1763712000000,1.648,1.673,1.595,1.601
1763726400000,1.601,1.69,1.574,1.665
1763740800000,1.665,1.713,1.638,1.676
1763755200000,1.676,1.686,1.608,1.658
1763769600000,1.658,1.668,1.634,1.643
1763784000000,1.643,1.646,1.605,1.633
1763798400000,1.633,1.634,1.591,1.622
1763812800000,1.622,1.632,1.59,1.603
1763827200000,1.603,1.62,1.575,1.588
1763841600000,1.588,1.645,1.566,1.614
1763856000000,1.614,1.67,1.599,1.662
1763870400000,1.662,1.684,1.648,1.653
1763884800000,1.653,1.668,1.629,1.642
1763899200000,1.642,1.665,1.622,1.638
1763913600000,1.638,1.651,1.612,1.637
1763928000000,1.637,1.651,1.605,1.61
1763942400000,1.61,1.653,1.593,1.637
1763956800000,1.637,1.655,1.61,1.639
1763971200000,1.639,1.65,1.594,1.612
1763985600000,1.612,1.653,1.587,1.641
1764000000000,1.641,1.68,1.634,1.657
1764014400000,1.657,1.671,1.635,1.641
1764028800000,1.641,1.653,1.613,1.621
1764043200000,1.621,1.624,1.599,1.605
1764057600000,1.605,1.62,1.588,1.596
1764072000000,1.596,1.613,1.564,1.598
1764086400000,1.598,1.738,1.597,1.65
1764100800000,1.65,1.672,1.617,1.671
1764115200000,1.671,1.683,1.632,1.636
1764129600000,1.636,1.651,1.625,1.65
1764144000000,1.65,1.65,1.602,1.611
1764158400000,1.611,1.672,1.597,1.634
1764172800000,1.634,1.701,1.633,1.683
1764187200000,1.683,1.693,1.665,1.674
1764201600000,1.674,1.698,1.66,1.666
1764216000000,1.666,1.682,1.646,1.65
1764230400000,1.65,1.66,1.636,1.647
1764244800000,1.647,1.668,1.631,1.666
1764259200000,1.666,1.673,1.647,1.651
1764273600000,1.651,1.661,1.608,1.616
1764288000000,1.616,1.623,1.582,1.611
1764302400000,1.611,1.618,1.597,1.606
1764316800000,1.606,1.644,1.604,1.619
1764331200000,1.619,1.652,1.615,1.647
1764345600000,1.647,1.675,1.589,1.631
1764360000000,1.631,1.637,1.607,1.616
1764374400000,1.616,1.636,1.61,1.619
1764388800000,1.619,1.626,1.597,1.602
1764403200000,1.602,1.636,1.591,1.62
1764417600000,1.62,1.62,1.594,1.606
1764432000000,1.606,1.608,1.572,1.589
1764446400000,1.589,1.61,1.578,1.603
1764460800000,1.603,1.628,1.593,1.615
1764475200000,1.615,1.63,1.605,1.63
1764489600000,1.63,1.64,1.607,1.613
1764504000000,1.613,1.628,1.593,1.602
1764518400000,1.602,1.614,1.595,1.603
1764532800000,1.603,1.613,1.555,1.569
1764547200000,1.569,1.573,1.454,1.462
1764561600000,1.462,1.476,1.441,1.457
1764576000000,1.457,1.471,1.449,1.461
1764590400000,1.461,1.476,1.427,1.461
1764604800000,1.461,1.465,1.443,1.462
1764619200000,1.462,1.5,1.462,1.48
1764633600000,1.48,1.499,1.465,1.475
1764648000000,1.475,1.483,1.467,1.468
1764662400000,1.468,1.484,1.453,1.48
1764676800000,1.48,1.576,1.46,1.565
1764691200000,1.565,1.568,1.53,1.536
1764705600000,1.536,1.547,1.521,1.53
1764720000000,1.53,1.562,1.523,1.547
1764734400000,1.547,1.591,1.546,1.568
1764748800000,1.568,1.577,1.554,1.57
1764763200000,1.57,1.595,1.53,1.574
1764777600000,1.574,1.592,1.556,1.586
1764792000000,1.586,1.62,1.579,1.596
1764806400000,1.596,1.613,1.589,1.593
1764820800000,1.593,1.606,1.585,1.603
1764835200000,1.603,1.614,1.589,1.598
1764849600000,1.598,1.604,1.564,1.593
1764864000000,1.593,1.593,1.512,1.544
1764878400000,1.544,1.556,1.535,1.543
1764892800000,1.543,1.575,1.542,1.548
1764907200000,1.548,1.561,1.535,1.56
1764921600000,1.56,1.56,1.515,1.526
1764936000000,1.526,1.54,1.501,1.509
1764950400000,1.509,1.509,1.439,1.461
1764964800000,1.461,1.49,1.454,1.485
1764979200000,1.485,1.49,1.473,1.485
1764993600000,1.485,1.486,1.468,1.478
1765008000000,1.478,1.483,1.467,1.481
1765022400000,1.481,1.497,1.472,1.477
1765036800000,1.477,1.498,1.472,1.479
1765051200000,1.479,1.492,1.477,1.491
1765065600000,1.491,1.506,1.488,1.497
1765080000000,1.497,1.504,1.486,1.49
1765094400000,1.49,1.491,1.468,1.472
1765108800000,1.472,1.484,1.416,1.455
1765123200000,1.455,1.501,1.441,1.493
1765137600000,1.493,1.496,1.419,1.454
1765152000000,1.454,1.487,1.448,1.48
1765166400000,1.48,1.519,1.48,1.512
1765180800000,1.512,1.528,1.497,1.503
1765195200000,1.503,1.521,1.488,1.497
1765209600000,1.497,1.521,1.489,1.498
1765224000000,1.498,1.516,1.496,1.503
1765238400000,1.503,1.512,1.476,1.496
1765252800000,1.496,1.496,1.471,1.489
1765267200000,1.489,1.489,1.465,1.467
1765281600000,1.467,1.529,1.464,1.527
1765296000000,1.527,1.594,1.527,1.557
1765310400000,1.557,1.564,1.526,1.544
1765324800000,1.544,1.546,1.514,1.517
1765339200000,1.517,1.525,1.487,1.497
1765353600000,1.497,1.505,1.476,1.486
1765368000000,1.486,1.494,1.476,1.487
1765382400000,1.487,1.527,1.48,1.519
1765396800000,1.519,1.553,1.457,1.466
1765411200000,1.466,1.469,1.368,1.379
1765425600000,1.379,1.405,1.371,1.389
1765440000000,1.389,1.391,1.369,1.384
1765454400000,1.384,1.399,1.36,1.373
1765468800000,1.373,1.377,1.349,1.357
1765483200000,1.357,1.395,1.35,1.377
1765497600000,1.377,1.397,1.362,1.387
1765512000000,1.387,1.405,1.384,1.386
1765526400000,1.386,1.413,1.383,1.392
1765540800000,1.392,1.396,1.314,1.326
1765555200000,1.326,1.331,1.299,1.316
1765569600000,1.316,1.344,1.311,1.343
1765584000000,1.343,1.351,1.328,1.347
1765598400000,1.347,1.351,1.336,1.342
1765612800000,1.342,1.351,1.338,1.341
1765627200000,1.341,1.35,1.332,1.35
1765641600000,1.35,1.352,1.339,1.347
1765656000000,1.347,1.351,1.334,1.35
1765670400000,1.35,1.358,1.345,1.351
1765684800000,1.351,1.355,1.326,1.334
1765699200000,1.334,1.341,1.308,1.321
1765713600000,1.321,1.327,1.295,1.303
1765728000000,1.303,1.315,1.296,1.305
1765742400000,1.305,1.316,1.295,1.314
1765756800000,1.314,1.348,1.311,1.332
1765771200000,1.332,1.344,1.325,1.333
1765785600000,1.333,1.337,1.325,1.329
1765800000000,1.329,1.336,1.246,1.257
1765814400000,1.257,1.261,1.223,1.242
1765828800000,1.242,1.265,1.229,1.263
1765843200000,1.263,1.265,1.246,1.258
1765857600000,1.258,1.262,1.236,1.252
1765872000000,1.252,1.287,1.251,1.277
1765886400000,1.277,1.285,1.243,1.28
1765900800000,1.28,1.292,1.263,1.281
1765915200000,1.281,1.292,1.278,1.287
1765929600000,1.287,1.32,1.281,1.316
1765944000000,1.316,1.319,1.295,1.298
1765958400000,1.298,1.302,1.264,1.282
1765972800000,1.282,1.32,1.261,1.275
1765987200000,1.275,1.283,1.209,1.22
1766001600000,1.22,1.243,1.206,1.223
1766016000000,1.223,1.23,1.197,1.203
1766030400000,1.203,1.215,1.183,1.215
1766044800000,1.215,1.226,1.209,1.226
1766059200000,1.226,1.267,1.219,1.26
1766073600000,1.26,1.266,1.16,1.165
1766088000000,1.165,1.204,1.163,1.187
1766102400000,1.187,1.243,1.178,1.231
1766116800000,1.231,1.261,1.229,1.247
1766131200000,1.247,1.256,1.24,1.252
1766145600000,1.252,1.283,1.244,1.268
1766160000000,1.268,1.339,1.264,1.32
1766174400000,1.32,1.357,1.301,1.307
1766188800000,1.307,1.308,1.292,1.301
1766203200000,1.301,1.307,1.292,1.307
1766217600000,1.307,1.316,1.305,1.315
1766232000000,1.315,1.323,1.302,1.314
1766246400000,1.314,1.317,1.307,1.313
1766260800000,1.313,1.392,1.31,1.372
1766275200000,1.372,1.377,1.317,1.332
1766289600000,1.332,1.34,1.322,1.33
1766304000000,1.33,1.336,1.305,1.306
1766318400000,1.306,1.312,1.258,1.272
1766332800000,1.272,1.283,1.256,1.265
1766347200000,1.265,1.29,1.258,1.277
1766361600000,1.277,1.3,1.269,1.286
1766376000000,1.286,1.31,1.283,1.307
1766390400000,1.307,1.325,1.305,1.317
1766404800000,1.317,1.331,1.308,1.318
1766419200000,1.318,1.328,1.298,1.305
1766433600000,1.305,1.312,1.275,1.297
1766448000000,1.297,1.306,1.274,1.287
1766462400000,1.287,1.289,1.268,1.27
1766476800000,1.27,1.2862,1.27,1.281
1766491200000,1.281,1.3043,1.2728,1.3025
1766505600000,1.3025,1.3454,1.3005,1.3224
1766520000000,1.3224,1.3519,1.3074,1.3099
1766534400000,1.3099,1.3171,1.2751,1.2895
1766548800000,1.2895,1.2981,1.265,1.2726
1766563200000,1.2726,1.2824,1.2618,1.2778
1766577600000,1.2778,1.2859,1.2628,1.2777
1766592000000,1.2777,1.2847,1.2641,1.2768
1766606400000,1.2768,1.2791,1.2681,1.2711
1766620800000,1.2711,1.2894,1.2671,1.2827
1766635200000,1.2827,1.2877,1.2742,1.286
1766649600000,1.286,1.2972,1.2537,1.2611
1766664000000,1.2611,1.286,1.2574,1.2816
1766678400000,1.2816,1.2959,1.2615,1.2759
1766692800000,1.2759,1.2777,1.1977,1.2131
1766707200000,1.2131,1.2553,1.2058,1.2466
1766721600000,1.2466,1.2515,1.2332,1.2335
1766736000000,1.2335,1.2583,1.2297,1.2432
1766750400000,1.2432,1.2466,1.212,1.2255
1766764800000,1.2255,1.2417,1.2148,1.238
1766779200000,1.238,1.2437,1.2259,1.2267
1766793600000,1.2267,1.2678,1.2262,1.2504
1766808000000,1.2504,1.2575,1.235,1.2421
1766822400000,1.2421,1.2553,1.2213,1.2413
1766836800000,1.2413,1.2623,1.2362,1.2543
1766851200000,1.2543,1.2582,1.243,1.247
1766865600000,1.247,1.3315,1.2468,1.3159
1766880000000,1.3159,1.3277,1.2988,1.3218
1766894400000,1.3218,1.3777,1.3137,1.3657
1766908800000,1.3657,1.3749,1.3341,1.3482
1766923200000,1.3482,1.3691,1.3334,1.35
1766937600000,1.35,1.3588,1.314,1.3173
1766952000000,1.3173,1.3378,1.3068,1.3337
1766966400000,1.3337,1.3551,1.324,1.3518
1766980800000,1.3518,1.3626,1.331,1.349
1766995200000,1.349,1.3747,1.3189,1.363
1767009600000,1.363,1.3762,1.3226,1.3381
1767024000000,1.3381,1.3647,1.3348,1.3407
1767038400000,1.3407,1.3566,1.3104,1.3169
1767052800000,1.3169,1.323,1.2851,1.3115
1767067200000,1.3115,1.317,1.2942,1.3089
1767081600000,1.3089,1.3369,1.3075,1.3346
1767096000000,1.3346,1.3408,1.3138,1.325
1767110400000,1.325,1.3377,1.3143,1.3357
1767124800000,1.3357,1.336,1.3082,1.3208
1767139200000,1.3208,1.3523,1.3135,1.3275
1767153600000,1.3275,1.3338,1.3169,1.3331
1767168000000,1.3331,1.3425,1.3173,1.3329
1767182400000,1.3329,1.3363,1.306,1.3143
1767196800000,1.3143,1.3164,1.2572,1.2801
1767211200000,1.2801,1.3109,1.2703,1.2969
1767225600000,1.2969,1.3108,1.2839,1.2844
1767240000000,1.2844,1.3016,1.2768,1.2966
1767254400000,1.2966,1.3199,1.293,1.3177
1767268800000,1.3177,1.523,1.3123,1.5032
1767283200000,1.5032,1.5537,1.4858,1.5167
1767297600000,1.5167,1.5286,1.4742,1.4831
1767312000000,1.4831,1.5054,1.4529,1.4882
1767326400000,1.4882,1.491,1.436,1.449
1767340800000,1.449,1.4652,1.418,1.4278
1767355200000,1.4278,1.4518,1.4211,1.4319
1767369600000,1.4319,1.4691,1.4311,1.468
1767384000000,1.468,1.5047,1.4593,1.5034
1767398400000,1.5034,1.5752,1.4866,1.5401
1767412800000,1.5401,1.5438,1.4537,1.4673
1767427200000,1.4673,1.4785,1.4597,1.4632
1767441600000,1.4632,1.4792,1.4547,1.4651
1767456000000,1.4651,1.4778,1.462,1.4759
1767470400000,1.4759,1.5011,1.4697,1.4932
1767484800000,1.4932,1.5094,1.4794,1.4932
1767499200000,1.4932,1.4985,1.4615,1.4818
1767513600000,1.4818,1.523,1.4725,1.501
1767528000000,1.501,1.5151,1.4888,1.5015
1767542400000,1.5015,1.5124,1.4733,1.4905
1767556800000,1.4905,1.5013,1.4764,1.4923
1767571200000,1.4923,1.538,1.4883,1.5175
1767585600000,1.5175,1.5285,1.4669,1.4885
1767600000000,1.4885,1.4928,1.4575,1.481
1767614400000,1.481,1.654,1.481,1.6494
1767628800000,1.6494,1.6864,1.5696,1.5819
1767643200000,1.5819,1.6069,1.5581,1.5683
1767657600000,1.5683,1.5994,1.5423,1.5901
1767672000000,1.5901,1.5944,1.5549,1.561
1767686400000,1.561,1.5798,1.5556,1.5796
1767700800000,1.5796,1.6107,1.5732,1.5897
1767715200000,1.5897,1.601,1.5172,1.5348
1767729600000,1.5348,1.6036,1.5346,1.5918
1767744000000,1.5918,1.605,1.5523,1.5664
1767758400000,1.5664,1.5928,1.5478,1.5888
1767772800000,1.5888,1.5981,1.5514,1.5655
1767787200000,1.5655,1.5706,1.4945,1.5075
1767801600000,1.5075,1.5436,1.5054,1.5295
1767816000000,1.5295,1.5309,1.5027,1.5177
1767830400000,1.5177,1.5268,1.4901,1.4981
1767844800000,1.4981,1.5285,1.4675,1.496
1767859200000,1.496,1.5006,1.4516,1.4732
1767873600000,1.4732,1.4955,1.4503,1.4943
1767888000000,1.4943,1.5035,1.4756,1.4811
1767902400000,1.4811,1.5129,1.4715,1.4956
1767916800000,1.4956,1.5216,1.4947,1.5157
1767931200000,1.5157,1.5288,1.5066,1.5088
1767945600000,1.5088,1.5116,1.4729,1.4863
1767960000000,1.4863,1.5251,1.4731,1.5138
1767974400000,1.5138,1.5335,1.4757,1.4795
1767988800000,1.4795,1.495,1.4758,1.487
1768003200000,1.487,1.4877,1.4638,1.4725
1768017600000,1.4725,1.4822,1.4585,1.4806
1768032000000,1.4806,1.498,1.4779,1.497
1768046400000,1.497,1.5089,1.4869,1.4904
1768060800000,1.4904,1.5084,1.4777,1.5061
1768075200000,1.5061,1.5074,1.4736,1.4804
1768089600000,1.4804,1.4954,1.4764,1.4863
1768104000000,1.4863,1.4885,1.4747,1.4826
1768118400000,1.4826,1.5061,1.4769,1.5061
1768132800000,1.5061,1.5082,1.4688,1.4778
1768147200000,1.4778,1.5149,1.4772,1.4901
1768161600000,1.4901,1.4901,1.4283,1.4561
1768176000000,1.4561,1.509,1.442,1.4884
1768190400000,1.4884,1.5075,1.4673,1.4695
1768204800000,1.4695,1.4781,1.4484,1.4632
1768219200000,1.4632,1.4946,1.4325,1.4871
1768233600000,1.4871,1.4975,1.4423,1.4691
1768248000000,1.4691,1.484,1.444,1.4599
1768262400000,1.4599,1.4755,1.4559,1.469
1768276800000,1.469,1.4939,1.469,1.4843
1768291200000,1.4843,1.5,1.4757,1.4912
1768305600000,1.4912,1.5767,1.4845,1.5646
1768320000000,1.5646,1.5976,1.5239,1.5405
1768334400000,1.5405,1.5974,1.5235,1.5748
1768348800000,1.5748,1.5897,1.5633,1.5831
1768363200000,1.5831,1.5864,1.5574,1.5661
1768377600000,1.5661,1.5969,1.5561,1.5747
1768392000000,1.5747,1.6384,1.5686,1.6193
1768406400000,1.6193,1.6472,1.5521,1.5712
1768420800000,1.5712,1.6074,1.5655,1.5898
1768435200000,1.5898,1.6803,1.5377,1.5492
1768449600000,1.5492,1.5984,1.545,1.5834
1768464000000,1.5834,1.5834,1.5501,1.5644
1768478400000,1.5644,1.588,1.5026,1.528
1768492800000,1.528,1.5308,1.458,1.4786
1768507200000,1.4786,1.508,1.4741,1.5029
1768521600000,1.5029,1.567,1.4955,1.5353
1768536000000,1.5353,1.5449,1.5053,1.5159
1768550400000,1.5159,1.537,1.5118,1.5331
1768564800000,1.5331,1.5346,1.4737,1.4819
1768579200000,1.4819,1.5076,1.4789,1.4938
1768593600000,1.4938,1.5218,1.4868,1.5189
1768608000000,1.5189,1.5256,1.5015,1.5071
1768622400000,1.5071,1.5348,1.4998,1.5299
1768636800000,1.5299,1.5694,1.5269,1.5366
1768651200000,1.5366,1.5957,1.5337,1.5787
1768665600000,1.5787,1.5805,1.5542,1.5627
1768680000000,1.5627,1.5686,1.5412,1.5498
1768694400000,1.5498,1.5711,1.5247,1.5323
1768708800000,1.5323,1.5367,1.5168,1.5281
1768723200000,1.5281,1.5405,1.5202,1.5343
1768737600000,1.5343,1.5586,1.5064,1.5355
1768752000000,1.5355,1.5591,1.5199,1.5382
1768766400000,1.5382,1.5572,1.4438,1.4484
1768780800000,1.4484,1.4484,1.2554,1.3779
1768795200000,1.3779,1.3963,1.3675,1.3916
1768809600000,1.3916,1.4018,1.3652,1.3702
1768824000000,1.3702,1.3822,1.3581,1.3677
1768838400000,1.3677,1.4056,1.3647,1.3917
1768852800000,1.3917,1.3964,1.3651,1.3831
1768867200000,1.3831,1.3875,1.3634,1.3734
1768881600000,1.3734,1.385,1.3439,1.3496
1768896000000,1.3496,1.3548,1.3324,1.3379
1768910400000,1.3379,1.3541,1.3233,1.3353
1768924800000,1.3353,1.3416,1.2978,1.3067
1768939200000,1.3067,1.3161,1.2875,1.3111
1768953600000,1.3111,1.3605,1.3096,1.3491
1768968000000,1.3491,1.3594,1.3423,1.3519
1768982400000,1.3519,1.3581,1.3325,1.3347
1768996800000,1.3347,1.3567,1.3187,1.3511
1769011200000,1.3511,1.3688,1.2985,1.3687
1769025600000,1.3687,1.3764,1.3429,1.3482
1769040000000,1.3482,1.3601,1.3441,1.3503
1769054400000,1.3503,1.3576,1.3382,1.344
1769068800000,1.344,1.3567,1.3351,1.3425
1769083200000,1.3425,1.3521,1.3091,1.3232
1769097600000,1.3232,1.3328,1.3058,1.3168
1769112000000,1.3168,1.3191,1.303,1.3175
1769126400000,1.3175,1.3441,1.3142,1.3366
1769140800000,1.3366,1.3679,1.3351,1.3432
1769155200000,1.3432,1.3457,1.3108,1.3181
1769169600000,1.3181,1.3302,1.2941,1.3266
1769184000000,1.3266,1.3514,1.3024,1.311
1769198400000,1.311,1.318,1.2962,1.312
1769212800000,1.312,1.3242,1.3009,1.3183
1769227200000,1.3183,1.3212,1.3106,1.3138
1769241600000,1.3138,1.3213,1.3095,1.3185
1769256000000,1.3185,1.3216,1.3015,1.3049
1769270400000,1.3049,1.307,1.2961,1.2992
1769284800000,1.2992,1.3211,1.2985,1.3146
1769299200000,1.3146,1.3294,1.299,1.3042
1769313600000,1.3042,1.3112,1.2992,1.3063
1769328000000,1.3063,1.308,1.2882,1.2959
1769342400000,1.2959,1.2959,1.2729,1.2822
1769356800000,1.2822,1.2822,1.2115,1.2227
1769371200000,1.2227,1.2529,1.2158,1.2506
1769385600000,1.2506,1.2763,1.2449,1.2625
1769400000000,1.2625,1.2812,1.261,1.2726
1769414400000,1.2726,1.2836,1.2529,1.2574
1769428800000,1.2574,1.2907,1.255,1.2726
1769443200000,1.2726,1.2837,1.2582,1.2677
1769457600000,1.2677,1.2784,1.2572,1.2675
1769472000000,1.2675,1.2856,1.2672,1.2729
1769486400000,1.2729,1.283,1.2656,1.2721
1769500800000,1.2721,1.2769,1.258,1.2597
1769515200000,1.2597,1.2662,1.2445,1.263
1769529600000,1.263,1.2929,1.2483,1.2699
1769544000000,1.2699,1.2888,1.2691,1.2717
1769558400000,1.2717,1.2747,1.2624,1.2669
1769572800000,1.2669,1.281,1.2609,1.2748
1769587200000,1.2748,1.2881,1.2647,1.2871
1769601600000,1.2871,1.2877,1.2562,1.2612
1769616000000,1.2612,1.2782,1.2534,1.2743
1769630400000,1.2743,1.2896,1.2582,1.2795
1769644800000,1.2795,1.2839,1.2346,1.2421
1769659200000,1.2421,1.251,1.228,1.2414
1769673600000,1.2414,1.2444,1.2237,1.2261
1769688000000,1.2261,1.2334,1.1727,1.1983
1769702400000,1.1983,1.2195,1.1559,1.1765
1769716800000,1.1765,1.1938,1.1733,1.193
1769731200000,1.193,1.1971,1.128,1.154
1769745600000,1.154,1.1712,1.1396,1.1663
1769760000000,1.1663,1.1829,1.1566,1.179
1769774400000,1.179,1.1815,1.1532,1.1781
1769788800000,1.1781,1.1996,1.1477,1.1856
1769803200000,1.1856,1.1857,1.1627,1.1749
1769817600000,1.1749,1.1765,1.1626,1.1667
1769832000000,1.1667,1.172,1.1528,1.163
1769846400000,1.163,1.1644,1.1345,1.1384
1769860800000,1.1384,1.1407,1.0575,1.077
1769875200000,1.077,1.0916,0.9414,1.0138
1769889600000,1.0138,1.0582,0.9957,1.0508
1769904000000,1.0508,1.0609,1.0436,1.055
1769918400000,1.055,1.0687,1.0518,1.0631
1769932800000,1.0631,1.0764,1.0538,1.0665
1769947200000,1.0665,1.0728,1.0214,1.038
1769961600000,1.038,1.0647,1.0275,1.0439
1769976000000,1.0439,1.0582,1.0102,1.0343
1769990400000,1.0343,1.066,1.0049,1.0423
1770004800000,1.0423,1.0552,1.0038,1.031
1770019200000,1.031,1.0551,1.0264,1.049
1770033600000,1.049,1.0911,1.049,1.0843
1770048000000,1.0843,1.0926,1.0718,1.0781
1770062400000,1.0781,1.0863,1.0732,1.0819
1770076800000,1.0819,1.0852,1.0566,1.0805
1770091200000,1.0805,1.0946,1.0747,1.0893
1770105600000,1.0893,1.0908,1.0691,1.0778
1770120000000,1.0778,1.0945,1.0663,1.0913
1770134400000,1.0913,1.0913,1.0154,1.0677
1770148800000,1.0677,1.1123,1.0579,1.067
1770163200000,1.067,1.094,1.061,1.0888
1770177600000,1.0888,1.0939,1.0787,1.0905
1770192000000,1.0905,1.1004,1.0789,1.0893
1770206400000,1.0893,1.0921,1.0365,1.0498
1770220800000,1.0498,1.0729,1.0283,1.0702
1770235200000,1.0702,1.0714,1.0296,1.0494
1770249600000,1.0494,1.0631,1.0366,1.0405
1770264000000,1.0405,1.0497,1.0255,1.0295
1770278400000,1.0295,1.0499,0.9866,1.0019
1770292800000,1.0019,1.0213,0.9264,0.9538
1770307200000,0.9538,0.9675,0.9201,0.9311
1770321600000,0.9311,0.9392,0.8721,0.8825
1770336000000,0.8825,0.9076,0.7733,0.8789
1770350400000,0.8789,0.9184,0.8724,0.8915
1770364800000,0.8915,0.9251,0.8822,0.913
1770379200000,0.913,0.9518,0.9063,0.9455
1770393600000,0.9455,0.9881,0.9414,0.9709
1770408000000,0.9709,0.9856,0.9596,0.9761
1770422400000,0.9761,0.9918,0.9627,0.9895
1770436800000,0.9895,0.993,0.943,0.9513
1770451200000,0.9513,0.9608,0.9472,0.9568
1770465600000,0.9568,0.9905,0.9546,0.9731
1770480000000,0.9731,1.0002,0.9688,0.9851
1770494400000,0.9851,0.9899,0.969,0.9745
1770508800000,0.9745,0.9804,0.965,0.9674
1770523200000,0.9674,0.9697,0.9557,0.9614
1770537600000,0.9614,0.9767,0.9487,0.963
1770552000000,0.963,0.9633,0.9445,0.9465
1770566400000,0.9465,0.9499,0.9196,0.945
1770580800000,0.945,0.9556,0.9227,0.9325
1770595200000,0.9325,0.9468,0.9227,0.9457
1770609600000,0.9457,0.9457,0.9246,0.9286
1770624000000,0.9286,0.9308,0.8927,0.9066
1770638400000,0.9066,0.9194,0.8966,0.9194
1770652800000,0.9194,0.9403,0.9105,0.9397
1770667200000,0.9397,0.9466,0.9302,0.9369
1770681600000,0.9369,0.9435,0.9221,0.9287
1770696000000,0.9287,0.9382,0.9099,0.9176
1770710400000,0.9176,0.9236,0.9118,0.9125
1770724800000,0.9125,0.9185,0.9032,0.9102
1770739200000,0.9102,0.9147,0.8791,0.8899
1770753600000,0.8899,0.9027,0.8856,0.9011
1770768000000,0.9011,0.9037,0.8829,0.8862
1770782400000,0.8862,0.8879,0.8668,0.8707
1770796800000,0.8707,0.8762,0.8614,0.873
1770811200000,0.873,0.9043,0.8518,0.8617
1770825600000,0.8617,0.8918,0.8579,0.8837
1770840000000,0.8837,0.8978,0.875,0.8789
1770854400000,0.8789,0.9084,0.8789,0.9055
1770868800000,0.9055,0.9198,0.8966,0.919
1770883200000,0.919,0.933,0.9086,0.9236
1770897600000,0.9236,0.9246,0.8993,0.9003
1770912000000,0.9003,0.913,0.882,0.9028
1770926400000,0.9028,0.9146,0.893,0.913
1770940800000,0.913,0.9158,0.895,0.8989
1770955200000,0.8989,0.9026,0.8848,0.8967
1770969600000,0.8967,0.9073,0.895,0.9031
1770984000000,0.9031,0.9394,0.8977,0.9302
1770998400000,0.9302,0.958,0.9279,0.9494
1771012800000,0.9494,0.9685,0.9464,0.9576
1771027200000,0.9576,0.9728,0.9535,0.9621
1771041600000,0.9621,0.9635,0.9472,0.9537
1771056000000,0.9537,0.9759,0.9529,0.9726
1771070400000,0.9726,1.0013,0.965,1.0013
1771084800000,1.0013,1.0301,0.9902,1.0247
1771099200000,1.0247,1.0316,1.0116,1.0148
1771113600000,1.0148,1.0236,1.0016,1.0176
1771128000000,1.0176,1.0289,1.0114,1.0168
1771142400000,1.0168,1.0193,0.9869,0.9942
1771156800000,0.9942,0.995,0.9557,0.9688
1771171200000,0.9688,0.9712,0.9433,0.9493
1771185600000,0.9493,0.9631,0.9451,0.9624
1771200000000,0.9624,0.9706,0.9574,0.9627
1771214400000,0.9627,0.9762,0.9569,0.9677
1771228800000,0.9677,0.9732,0.9525,0.9668
1771243200000,0.9668,0.9903,0.9461,0.9542
1771257600000,0.9542,0.9693,0.9534,0.9662
1771272000000,0.9662,0.9842,0.9636,0.9778
1771286400000,0.9778,0.9807,0.9668,0.9704
1771300800000,0.9704,0.9726,0.956,0.9675
1771315200000,0.9675,0.97,0.958,0.9673
1771329600000,0.9673,0.9776,0.9376,0.9585
1771344000000,0.9585,0.9815,0.9546,0.965
1771358400000,0.965,0.9671,0.9559,0.9595
1771372800000,0.9595,0.9658,0.9498,0.9644
1771387200000,0.9644,0.9684,0.9595,0.965
1771401600000,0.965,0.97,0.9524,0.9586
1771416000000,0.9586,0.9707,0.9427,0.9618
1771430400000,0.9618,0.9631,0.9175,0.9245
1771444800000,0.9245,0.9306,0.9161,0.927
1771459200000,0.927,0.9347,0.9208,0.9334
1771473600000,0.9334,0.9403,0.9276,0.936
1771488000000,0.936,0.936,0.9169,0.9236
1771502400000,0.9236,0.9258,0.8985,0.9049
1771516800000,0.9049,0.9156,0.8942,0.9116
1771531200000,0.9116,0.9147,0.905,0.9146
1771545600000,0.9146,0.9232,0.9134,0.918
1771560000000,0.918,0.926,0.9083,0.9199
1771574400000,0.9199,0.9301,0.9104,0.9112
1771588800000,0.9112,0.9517,0.8976,0.9515
1771603200000,0.9515,0.9638,0.9331,0.9521
1771617600000,0.9521,0.9605,0.9435,0.9566
1771632000000,0.9566,0.96,0.9478,0.9558
1771646400000,0.9558,0.979,0.9536,0.9668
1771660800000,0.9668,1.0193,0.9645,1.0005
1771675200000,1.0005,1.0097,0.9865,0.9879
1771689600000,0.9879,0.9879,0.9682,0.9766
1771704000000,0.9766,0.9783,0.9664,0.9689
1771718400000,0.9689,0.9689,0.9402,0.9476
1771732800000,0.9476,0.9527,0.9384,0.9498
1771747200000,0.9498,0.9501,0.9412,0.9439
1771761600000,0.9439,0.9439,0.9214,0.9295
1771776000000,0.9295,0.932,0.9191,0.9226
1771790400000,0.9226,0.9364,0.9163,0.9286
1771804800000,0.9286,0.9299,0.8719,0.8848
1771819200000,0.8848,0.9077,0.8789,0.9026
1771833600000,0.9026,0.9162,0.8982,0.9051
1771848000000,0.9051,0.9135,0.8901,0.8924
1771862400000,0.8924,0.8995,0.8746,0.8832
1771876800000,0.8832,0.8943,0.8794,0.8899
1771891200000,0.8899,0.901,0.8784,0.8819
1771905600000,0.8819,0.8826,0.8673,0.8716
1771920000000,0.8716,0.8769,0.868,0.8747
1771934400000,0.8747,0.8848,0.8624,0.8744
1771948800000,0.8744,0.8876,0.8716,0.8846
1771963200000,0.8846,0.8876,0.8769,0.8789
1771977600000,0.8789,0.9166,0.8772,0.894
1771992000000,0.894,0.9046,0.8862,0.9043
1772006400000,0.9043,0.9252,0.8974,0.9216
1772020800000,0.9216,1.0752,0.919,1.0682
1772035200000,1.0682,1.1062,1.0587,1.1019
1772049600000,1.1019,1.1067,1.0521,1.0621
1772064000000,1.0621,1.0649,1.0171,1.0191
1772078400000,1.0191,1.0249,0.9975,1.0065
1772092800000,1.0065,1.0259,0.9952,1.0082
1772107200000,1.0082,1.0241,0.9919,1.0145
1772121600000,1.0145,1.0155,0.9767,1.0104
1772136000000,1.0104,1.0368,1.0054,1.0251
1772150400000,1.0251,1.0363,1.0118,1.0216
1772164800000,1.0216,1.044,1.0216,1.0354
1772179200000,1.0354,1.0431,0.9928,0.9946
1772193600000,0.9946,1.0101,0.9867,1.0025
1772208000000,1.0025,1.0039,0.9774,0.983
1772222400000,0.983,0.9952,0.9686,0.9936
1772236800000,0.9936,0.9936,0.9821,0.9831
1772251200000,0.9831,0.9835,0.9208,0.9492
1772265600000,0.9492,0.9492,0.9237,0.9249
1772280000000,0.9249,0.9572,0.9242,0.947
1772294400000,0.947,0.9917,0.9401,0.9798
1772308800000,0.9798,1.0128,0.9777,1.004
1772323200000,1.004,1.0323,0.9856,0.9988
1772337600000,0.9988,1.004,0.9844,0.9912
1772352000000,0.9912,0.9932,0.9701,0.9767
1772366400000,0.9767,0.995,0.9678,0.9766
1772380800000,0.9766,0.9869,0.956,0.9582
1772395200000,0.9582,0.9728,0.9407,0.9639
1772409600000,0.9639,0.9901,0.9632,0.9847
1772424000000,0.9847,0.9917,0.9616,0.9745
1772438400000,0.9745,0.9837,0.9633,0.9733
1772452800000,0.9733,1.0289,0.9711,1.0205
1772467200000,1.0205,1.0251,0.9867,0.9944
1772481600000,0.9944,1.0023,0.9814,0.9868
1772496000000,0.9868,1.0033,0.9782,0.9967
1772510400000,0.9967,0.9976,0.9807,0.9854
1772524800000,0.9854,0.9922,0.971,0.982
1772539200000,0.982,1.0018,0.9718,0.996
1772553600000,0.996,1.0119,0.9863,1.0021
1772568000000,1.0021,1.0069,0.9891,0.9999
1772582400000,0.9999,1.0141,0.9944,1.0072
1772596800000,1.0072,1.0089,0.9912,1.0065
1772611200000,1.0065,1.0328,1.0048,1.0162
1772625600000,1.0162,1.035,1.0027,1.0327
1772640000000,1.0327,1.0363,1.0105,1.0316
1772654400000,1.0316,1.0341,1.0067,1.0239
1772668800000,1.0239,1.0258,1.0107,1.0235
1772683200000,1.0235,1.0281,1.0116,1.0275
1772697600000,1.0275,1.0424,1.0221,1.0275
1772712000000,1.0275,1.0422,1.0107,1.0132
1772726400000,1.0132,1.0266,0.993,1.0129
1772740800000,1.0129,1.0247,1.0072,1.0107
1772755200000,1.0107,1.0212,1.0022,1.0211
1772769600000,1.0211,1.0224,1.0067,1.0202
1772784000000,1.0202,1.0207,0.9988,1.0071
1772798400000,1.0071,1.0137,0.9695,0.9772
1772812800000,0.9772,0.9814,0.9639,0.9738
1772827200000,0.9738,0.9809,0.9697,0.9774
1772841600000,0.9774,0.9822,0.9704,0.9711
1772856000000,0.9711,0.9744,0.9635,0.969
1772870400000,0.969,0.9833,0.9688,0.9772
1772884800000,0.9772,0.9794,0.9539,0.9571
1772899200000,0.9571,0.9681,0.944,0.9481
1772913600000,0.9481,0.9539,0.9445,0.9524
1772928000000,0.9524,0.9524,0.9264,0.9297
1772942400000,0.9297,0.9353,0.9222,0.9329
1772956800000,0.9329,0.9508,0.9264,0.9481
1772971200000,0.9481,0.9561,0.9303,0.9346
1772985600000,0.9346,0.9519,0.9286,0.9486
1773000000000,0.9486,0.9567,0.9189,0.934
1773014400000,0.934,0.957,0.9299,0.9411
1773028800000,0.9411,0.9717,0.9404,0.9502
1773043200000,0.9502,0.9572,0.9302,0.9363
1773057600000,0.9363,0.9568,0.9306,0.9397
1773072000000,0.9397,0.9796,0.937,0.9531
1773086400000,0.9531,0.9569,0.9318,0.9382
1773100800000,0.9382,0.9553,0.9329,0.9353
1773115200000,0.9353,0.9448,0.9228,0.9386
1773129600000,0.9386,0.9447,0.9284,0.9316
1773144000000,0.9316,0.9508,0.9184,0.9386
1773158400000,0.9386,0.9403,0.864,0.8719
1773172800000,0.8719,0.8772,0.8512,0.8644
1773187200000,0.8644,0.8693,0.8533,0.8631
1773201600000,0.8631,0.8826,0.8437,0.8742
1773216000000,0.8742,0.892,0.8674,0.8899
1773230400000,0.8899,0.9131,0.8714,0.8809
1773244800000,0.8809,0.893,0.8749,0.886
1773259200000,0.886,0.8885,0.8752,0.8775
1773273600000,0.8775,0.8793,0.8655,0.8678
1773288000000,0.8678,0.8705,0.8591,0.8663
1773302400000,0.8663,0.8725,0.8606,0.8641
1773316800000,0.8641,0.8703,0.8493,0.8591
1773331200000,0.8591,0.8734,0.8548,0.8697
1773345600000,0.8697,0.8799,0.8598,0.8769
1773360000000,0.8769,0.8981,0.8741,0.8936
1773374400000,0.8936,0.8954,0.8795,0.8826
1773388800000,0.8826,0.8959,0.8797,0.8866
1773403200000,0.8866,0.9055,0.8797,0.8883
1773417600000,0.8883,0.8981,0.8716,0.8727
1773432000000,0.8727,0.882,0.8609,0.8681
1773446400000,0.8681,0.8783,0.8618,0.8758
1773460800000,0.8758,0.8851,0.8593,0.8647
1773475200000,0.8647,0.8716,0.8626,0.8686
1773489600000,0.8686,0.8719,0.8619,0.8677
1773504000000,0.8677,0.9126,0.8664,0.8806
1773518400000,0.8806,0.8873,0.874,0.8814
1773532800000,0.8814,0.8862,0.8672,0.88
1773547200000,0.88,0.8868,0.8774,0.8867
1773561600000,0.8867,0.8932,0.8815,0.8906
1773576000000,0.8906,0.8944,0.8794,0.8847
1773590400000,0.8847,0.891,0.8808,0.8887
1773604800000,0.8887,0.9021,0.8858,0.8945
1773619200000,0.8945,0.9245,0.8875,0.9118
1773633600000,0.9118,0.9585,0.9118,0.9448
1773648000000,0.9448,0.9618,0.9302,0.9349
1773662400000,0.9349,0.944,0.9209,0.927
1773676800000,0.927,0.9923,0.9267,0.9711
1773691200000,0.9711,1.0148,0.9635,0.9899
1773705600000,0.9899,0.9921,0.9639,0.9701
1773720000000,0.9701,0.9749,0.9517,0.9683
1773734400000,0.9683,0.9897,0.9633,0.9768
1773748800000,0.9768,0.9768,0.953,0.9639
1773763200000,0.9639,0.9714,0.9612,0.9625
1773777600000,0.9625,0.9776,0.9609,0.9683
1773792000000,0.9683,0.9749,0.9599,0.9682
1773806400000,0.9682,0.9783,0.9628,0.9757
1773820800000,0.9757,0.9869,0.9408,0.9463
1773835200000,0.9463,0.9463,0.902,0.9155
1773849600000,0.9155,0.9251,0.9032,0.915
1773864000000,0.915,0.9286,0.9086,0.9239
1773878400000,0.9239,0.9374,0.916,0.9286
1773892800000,0.9286,0.9308,0.9034,0.9115
1773907200000,0.9115,0.9159,0.9061,0.9086
1773921600000,0.9086,0.9086,0.8815,0.8886
1773936000000,0.8886,0.8942,0.8755,0.8875
1773950400000,0.8875,0.8942,0.8849,0.8942
1773964800000,0.8942,0.9067,0.8902,0.903
1773979200000,0.903,0.9122,0.896,0.8989
1773993600000,0.8989,0.9081,0.8916,0.8989
1774008000000,0.8989,0.9051,0.8911,0.9033
1774022400000,0.9033,0.9146,0.8889,0.899
1774036800000,0.899,0.9093,0.8908,0.9002
1774051200000,0.9002,0.9057,0.8977,0.9017
1774065600000,0.9017,0.911,0.9002,0.9039
1774080000000,0.9039,0.9127,0.8982,0.9073
1774094400000,0.9073,0.9735,0.9073,0.9706
1774108800000,0.9706,0.9742,0.9283,0.9313
1774123200000,0.9313,0.9367,0.8694,0.8805
1774137600000,0.8805,0.8915,0.8603,0.8843
1774152000000,0.8843,0.889,0.8786,0.8794
1774166400000,0.8794,0.8817,0.8697,0.8702
1774180800000,0.8702,0.8817,0.8702,0.8745
1774195200000,0.8745,0.8795,0.8624,0.865
1774209600000,0.865,0.8697,0.8374,0.8472
1774224000000,0.8472,0.8656,0.842,0.8582
1774238400000,0.8582,0.8664,0.8365,0.8477
1774252800000,0.8477,0.9006,0.8461,0.8845
1774267200000,0.8845,0.9124,0.8811,0.8958
1774281600000,0.8958,0.9323,0.8929,0.9206
1774296000000,0.9206,0.9419,0.9143,0.9224
1774310400000,0.9224,0.9317,0.9102,0.9266
1774324800000,0.9266,0.9475,0.916,0.9241
1774339200000,0.9241,0.9288,0.9062,0.9127
1774353600000,0.9127,0.9264,0.908,0.9125
1774368000000,0.9125,0.923,0.9017,0.9175
1774382400000,0.9175,0.9383,0.9166,0.9234
1774396800000,0.9234,0.9275,0.915,0.9177
1774411200000,0.9177,0.9192,0.9106,0.915
1774425600000,0.915,0.9354,0.914,0.9349
1774440000000,0.9349,0.9378,0.9243,0.9298
1774454400000,0.9298,0.9377,0.9263,0.9304
1774468800000,0.9304,0.9368,0.9232,0.9278
1774483200000,0.9278,0.9316,0.9068,0.9099
1774497600000,0.9099,0.9125,0.8986,0.9009
1774512000000,0.9009,0.9044,0.8835,0.8856
1774526400000,0.8856,0.9015,0.8789,0.8825
1774540800000,0.8825,0.8855,0.8629,0.8639
1774555200000,0.8639,0.8801,0.861,0.8687
1774569600000,0.8687,0.8773,0.867,0.87
1774584000000,0.87,0.8768,0.8634,0.8768
1774598400000,0.8768,0.8796,0.8311,0.8409
1774612800000,0.8409,0.8421,0.8305,0.8325
1774627200000,0.8325,0.8429,0.8302,0.8378
1774641600000,0.8378,0.8412,0.8319,0.8383
1774656000000,0.8383,0.8407,0.8193,0.825
1774670400000,0.825,0.8294,0.8168,0.8291
1774684800000,0.8291,0.8297,0.8171,0.8225
1774699200000,0.8225,0.8411,0.8181,0.8198
1774713600000,0.8198,0.8279,0.8175,0.8232
1774728000000,0.8232,0.8266,0.7925,0.8
1774742400000,0.8,0.8172,0.7969,0.8128
1774756800000,0.8128,0.8131,0.807,0.8093
1774771200000,0.8093,0.8152,0.8044,0.8105
1774785600000,0.8105,0.8107,0.7984,0.803
1774800000000,0.803,0.8064,0.7964,0.805
1774814400000,0.805,0.8135,0.7742,0.801
1774828800000,0.801,0.8248,0.8003,0.8228
1774843200000,0.8228,0.8588,0.8228,0.8556
1774857600000,0.8556,0.8627,0.838,0.8445
1774872000000,0.8445,0.848,0.8243,0.8298
1774886400000,0.8298,0.8314,0.8098,0.8152
1774900800000,0.8152,0.8231,0.8104,0.8155
1774915200000,0.8155,0.8347,0.8119,0.8272
1774929600000,0.8272,0.8427,0.8251,0.8417
1774944000000,0.8417,0.8427,0.8143,0.8283
1774958400000,0.8283,0.8359,0.8185,0.8186
1774972800000,0.8186,0.8409,0.8183,0.8334
1774987200000,0.8334,0.8371,0.8255,0.8314
1775001600000,0.8314,0.8346,0.8215,0.832
1775016000000,0.832,0.8507,0.8295,0.8466
1775030400000,0.8466,0.8504,0.8351,0.8422
1775044800000,0.8422,0.8561,0.8367,0.8479
1775059200000,0.8479,0.8533,0.8381,0.8409
1775073600000,0.8409,0.8461,0.8342,0.8372
1775088000000,0.8372,0.8445,0.8048,0.8117
1775102400000,0.8117,0.8204,0.8036,0.8202
1775116800000,0.8202,0.8207,0.8057,0.8117
1775131200000,0.8117,0.8222,0.7978,0.8119
1775145600000,0.8119,0.8243,0.8077,0.8181
1775160000000,0.8181,0.8257,0.8125,0.8164
1775174400000,0.8164,0.8374,0.8161,0.8318
1775188800000,0.8318,0.8477,0.8289,0.8409
1775203200000,0.8409,0.8535,0.8391,0.8503
1775217600000,0.8503,0.854,0.8367,0.838
1775232000000,0.838,0.8416,0.8347,0.8369
1775246400000,0.8369,0.8422,0.832,0.8352
1775260800000,0.8352,0.8402,0.8326,0.8389
1775275200000,0.8389,0.8457,0.8374,0.8431
1775289600000,0.8431,0.8434,0.8324,0.8395
1775304000000,0.8395,0.8452,0.8368,0.8391
1775318400000,0.8391,0.8543,0.8375,0.8441
1775332800000,0.8441,0.8447,0.8332,0.8384
1775347200000,0.8384,0.8392,0.8295,0.832
1775361600000,0.832,0.8333,0.8161,0.8184
1775376000000,0.8184,0.8221,0.814,0.8218
1775390400000,0.8218,0.8308,0.8118,0.8239
1775404800000,0.8239,0.8258,0.8173,0.8218
1775419200000,0.8218,0.8545,0.8194,0.8435
1775433600000,0.8435,0.8589,0.8396,0.8505
1775448000000,0.8505,0.8554,0.8462,0.8523
1775462400000,0.8523,0.8978,0.8523,0.8941
1775476800000,0.8941,0.9066,0.8745,0.8867
1775491200000,0.8867,0.8867,0.8709,0.8764
1775505600000,0.8764,0.8828,0.8494,0.8577
1775520000000,0.8577,0.8611,0.851,0.8564
1775534400000,0.8564,0.863,0.8517,0.8598
1775548800000,0.8598,0.8749,0.8579,0.8636
1775563200000,0.8636,0.8671,0.8416,0.8499
1775577600000,0.8499,0.871,0.8469,0.8695
1775592000000,0.8695,0.9284,0.8685,0.9157
1775606400000,0.9157,0.9218,0.8962,0.8999
1775620800000,0.8999,0.9162,0.8997,0.9145
1775635200000,0.9145,0.9159,0.9009,0.9066
1775649600000,0.9066,0.9162,0.8904,0.9024
1775664000000,0.9024,0.9124,0.8888,0.8943
1775678400000,0.8943,0.8995,0.8809,0.8828
1775692800000,0.8828,0.8832,0.8737,0.8766
1775707200000,0.8766,0.8836,0.8743,0.8789
1775721600000,0.8789,0.8855,0.8758,0.8759
1775736000000,0.8759,0.9033,0.87,0.8975
1775750400000,0.8975,0.9106,0.8914,0.9078
1775764800000,0.9078,0.9255,0.9016,0.9041
1775779200000,0.9041,0.9066,0.8938,0.8988
1775793600000,0.8988,0.9157,0.8956,0.8968
1775808000000,0.8968,0.9111,0.8948,0.8996
1775822400000,0.8996,0.9144,0.8959,0.9103
1775836800000,0.9103,0.9169,0.9048,0.9158
1775851200000,0.9158,0.9177,0.9109,0.9145
1775865600000,0.9145,0.9155,0.8956,0.901
1775880000000,0.901,0.9023,0.892,0.8989
1775894400000,0.8989,0.9013,0.8923,0.8953
1775908800000,0.8953,0.8972,0.8858,0.8965
1775923200000,0.8965,0.9234,0.8965,0.9205
1775937600000,0.9205,0.9214,0.8982,0.9001
1775952000000,0.9001,0.9004,0.8597,0.8649
1775966400000,0.8649,0.8675,0.8595,0.8646
1775980800000,0.8646,0.8677,0.8562,0.8641
1775995200000,0.8641,0.8726,0.8569,0.8601
1776009600000,0.8601,0.8792,0.8588,0.8729
1776024000000,0.8729,0.8776,0.8532,0.8575
1776038400000,0.8575,0.866,0.8569,0.8637
1776052800000,0.8637,0.8698,0.8556,0.8579
1776067200000,0.8579,0.8641,0.8554,0.8616
1776081600000,0.8616,0.8768,0.8563,0.869
1776096000000,0.869,0.907,0.8644,0.9026
1776110400000,0.9026,0.9283,0.8905,0.9189
1776124800000,0.9189,0.9204,0.9005,0.9028
1776139200000,0.9028,0.9051,0.8946,0.8971
1776153600000,0.8971,0.9048,0.8971,0.9002
1776168000000,0.9002,0.9136,0.8965,0.9016
1776182400000,0.9016,0.9084,0.8771,0.8857
1776196800000,0.8857,0.8908,0.8802,0.8833
1776211200000,0.8833,0.8982,0.8833,0.8941
1776225600000,0.8941,0.9071,0.8897,0.8919
1776240000000,0.8919,0.9122,0.8905,0.908
1776254400000,0.908,0.9162,0.8997,0.9026
1776268800000,0.9026,0.9231,0.902,0.9183
1776283200000,0.9183,0.9219,0.9072,0.9163
1776297600000,0.9163,0.9489,0.9079,0.9437
1776312000000,0.9437,0.9928,0.9423,0.9825
1776326400000,0.9825,0.9887,0.9604,0.9882
1776340800000,0.9882,1.014,0.9672,1.0132
1776355200000,1.0132,1.0209,0.9867,1.0048
1776369600000,1.0048,1.0065,0.9825,0.9979
1776384000000,0.9979,1.0015,0.9769,0.9802
1776398400000,0.9802,1.0086,0.9695,1.0064
1776412800000,1.0064,1.0089,0.9807,0.9975
1776427200000,0.9975,1.0133,0.9866,0.9983
1776441600000,0.9983,1.0103,0.9866,1.0022
1776456000000,1.0022,1.005,0.9796,0.9824
1776470400000,0.9824,0.9857,0.9738,0.978
1776484800000,0.978,0.9937,0.9748,0.9887
1776499200000,0.9887,0.9906,0.9441,0.951
1776513600000,0.951,0.96,0.9491,0.9562
1776528000000,0.9562,0.9597,0.941,0.9448
1776542400000,0.9448,0.9503,0.9383,0.9417
1776556800000,0.9417,0.9425,0.9239,0.929
1776571200000,0.929,0.935,0.9126,0.9198
1776585600000,0.9198,0.9278,0.9161,0.9257
1776600000000,0.9257,0.9409,0.9221,0.9321
1776614400000,0.9321,0.9331,0.9103,0.9219
1776628800000,0.9219,0.9242,0.8986,0.9065
1776643200000,0.9065,0.9247,0.9057,0.9232
1776657600000,0.9232,0.9329,0.9064,0.9219
1776672000000,0.9219,0.9295,0.9152,0.9219
1776686400000,0.9219,0.9319,0.915,0.9225
1776700800000,0.9225,0.9349,0.9176,0.9271
1776715200000,0.9271,0.9308,0.9191,0.9218
1776729600000,0.9218,0.9296,0.9158,0.9209
1776744000000,0.9209,0.9286,0.9188,0.9236
1776758400000,0.9236,0.9366,0.9208,0.9322
1776772800000,0.9322,0.9368,0.9208,0.9281
1776787200000,0.9281,0.932,0.9058,0.9092
1776801600000,0.9092,0.9279,0.9088,0.9263
1776816000000,0.9263,0.945,0.9235,0.9418
1776830400000,0.9418,0.9629,0.9412,0.9482
1776844800000,0.9482,0.9578,0.9473,0.9538
1776859200000,0.9538,0.9593,0.9456,0.9531
1776873600000,0.9531,0.9543,0.9374,0.9436
1776888000000,0.9436,0.944,0.925,0.9267
1776902400000,0.9267,0.9305,0.9118,0.9163
1776916800000,0.9163,0.9266,0.9145,0.9208
1776931200000,0.9208,0.9239,0.9116,0.9224
1776945600000,0.9224,0.9357,0.9201,0.9337
1776960000000,0.9337,0.935,0.9038,0.9181
1776974400000,0.9181,0.9331,0.9176,0.9295
1776988800000,0.9295,0.9361,0.9205,0.925
1777003200000,0.925,0.9337,0.922,0.9327
1777017600000,0.9327,0.9437,0.928,0.9409
1777032000000,0.9409,0.947,0.932,0.9457
1777046400000,0.9457,0.9484,0.9401,0.9454
1777060800000,0.9454,0.9532,0.9358,0.9399
1777075200000,0.9399,0.9567,0.9379,0.9523
1777089600000,0.9523,0.9569,0.9446,0.9476
1777104000000,0.9476,0.9552,0.9401,0.9434
1777118400000,0.9434,0.9457,0.9377,0.9407
1777132800000,0.9407,0.9433,0.9286,0.9303
1777147200000,0.9303,0.9383,0.929,0.9369
1777161600000,0.9369,0.9374,0.9311,0.9365
1777176000000,0.9365,0.9569,0.9357,0.9529
1777190400000,0.9529,0.9561,0.9476,0.9548
1777204800000,0.9548,0.9552,0.9369,0.9461
1777219200000,0.9461,0.9492,0.9382,0.9454
1777233600000,0.9454,0.9496,0.9373,0.9423
1777248000000,0.9423,0.9577,0.9401,0.9521
1777262400000,0.9521,0.9534,0.9192,0.9209
1777276800000,0.9209,0.9272,0.9184,0.9243
1777291200000,0.9243,0.9291,0.8982,0.9053
1777305600000,0.9053,0.9118,0.9028,0.9094
1777320000000,0.9094,0.9226,0.9086,0.9216
1777334400000,0.9216,0.9221,0.9144,0.9193
1777348800000,0.9193,0.9316,0.9152,0.9201
1777363200000,0.9201,0.9238,0.909,0.912
1777377600000,0.912,0.9183,0.9061,0.9181
1777392000000,0.9181,0.9227,0.9119,0.9218
1777406400000,0.9218,0.9237,0.9156,0.9182
1777420800000,0.9182,0.9378,0.9172,0.9369
1777435200000,0.9369,0.9508,0.9355,0.9394
1777449600000,0.9394,0.9903,0.9381,0.9745
1777464000000,0.9745,0.9748,0.9015,0.9074
1777478400000,0.9074,0.9089,0.8723,0.8931
1777492800000,0.8931,0.9175,0.8921,0.9149
1777507200000,0.9149,0.938,0.9134,0.9239
1777521600000,0.9239,0.9254,0.9084,0.924
1777536000000,0.924,0.9318,0.9208,0.9266
1777550400000,0.9266,0.9338,0.9125,0.9203
1777564800000,0.9203,0.9272,0.9179,0.9222
1777579200000,0.9222,0.9254,0.9162,0.9214
1777593600000,0.9214,0.9385,0.9208,0.931
