open_time_ms,open,high,low,close
1638777600000,0.6325,0.6435,0.6055,0.6395
1638792000000,0.6395,0.662,0.616,0.662
1638806400000,0.662,0.676,0.6555,0.6715
1638820800000,0.6715,0.7145,0.6645,0.709
1638835200000,0.709,0.7195,0.6975,0.7075
1638849600000,0.7075,0.715,0.699,0.7125
1638864000000,0.7125,0.725,0.7085,0.7215
1638878400000,0.7215,0.7235,0.6825,0.708
1638892800000,0.708,0.7085,0.687,0.702
1638907200000,0.702,0.7065,0.6775,0.6885
1638921600000,0.6885,0.7295,0.68,0.6875
1638936000000,0.6875,0.725,0.6875,0.7135
1638950400000,0.7135,0.7265,0.6645,0.6975
1638964800000,0.6975,0.777,0.689,0.756
1638979200000,0.756,0.7715,0.726,0.7335
1638993600000,0.7335,0.7675,0.7215,0.7625
1639008000000,0.7625,0.7645,0.7405,0.742
1639022400000,0.742,0.761,0.734,0.756
1639036800000,0.756,0.7595,0.7215,0.7585
1639051200000,0.7585,0.7605,0.691,0.702
1639065600000,0.702,0.7135,0.679,0.6875
1639080000000,0.6875,0.703,0.681,0.6845
1639094400000,0.6845,0.7095,0.684,0.696
1639108800000,0.696,0.7005,0.6595,0.668
1639123200000,0.668,0.681,0.6665,0.6785
1639137600000,0.6785,0.697,0.6585,0.663
1639152000000,0.663,0.671,0.6485,0.668
1639166400000,0.668,0.674,0.635,0.639
1639180800000,0.639,0.6615,0.629,0.653
1639195200000,0.653,0.665,0.6475,0.655
1639209600000,0.655,0.6695,0.652,0.662
1639224000000,0.662,0.6695,0.6575,0.666
1639238400000,0.666,0.675,0.646,0.654
1639252800000,0.654,0.6725,0.6515,0.67
1639267200000,0.67,0.677,0.664,0.6735
1639281600000,0.6735,0.6795,0.6665,0.6775
1639296000000,0.6775,0.6795,0.6565,0.665
1639310400000,0.665,0.69,0.664,0.6795
1639324800000,0.6795,0.6965,0.675,0.6905
1639339200000,0.6905,0.6945,0.683,0.6855
1639353600000,0.6855,0.6885,0.6565,0.666
1639368000000,0.666,0.671,0.65,0.6545
1639382400000,0.6545,0.66,0.647,0.6535
1639396800000,0.6535,0.6575,0.5965,0.6075
1639411200000,0.6075,0.62,0.5835,0.598
1639425600000,0.598,0.609,0.5905,0.598
1639440000000,0.598,0.608,0.5925,0.603
1639454400000,0.603,0.6085,0.5895,0.607
1639468800000,0.607,0.614,0.5995,0.613
1639483200000,0.613,0.6185,0.597,0.599
1639497600000,0.599,0.6215,0.595,0.6165
1639512000000,0.6165,0.651,0.6165,0.638
1639526400000,0.638,0.656,0.636,0.6545
1639540800000,0.6545,0.6635,0.6335,0.651
1639555200000,0.651,0.6555,0.628,0.63
1639569600000,0.63,0.634,0.5815,0.5825
1639584000000,0.5825,0.635,0.58,0.632
1639598400000,0.632,0.6485,0.6305,0.64
1639612800000,0.64,0.6485,0.634,0.6365
1639627200000,0.6365,0.658,0.6295,0.6465
1639641600000,0.6465,0.662,0.6415,0.66
1639656000000,0.66,0.667,0.639,0.658
1639670400000,0.658,0.661,0.626,0.6285
1639684800000,0.6285,0.635,0.6125,0.614
1639699200000,0.614,0.628,0.6115,0.622
1639713600000,0.622,0.626,0.6015,0.6085
1639728000000,0.6085,0.6175,0.6,0.6045
1639742400000,0.6045,0.6105,0.582,0.6025
1639756800000,0.6025,0.617,0.586,0.589
1639771200000,0.589,0.597,0.5775,0.59
1639785600000,0.59,0.597,0.58,0.592
1639800000000,0.592,0.6045,0.5865,0.5925
1639814400000,0.5925,0.612,0.591,0.6055
1639828800000,0.6055,0.6155,0.602,0.6065
1639843200000,0.6065,0.61,0.5965,0.603
1639857600000,0.603,0.61,0.5995,0.6065
1639872000000,0.6065,0.626,0.6,0.6255
1639886400000,0.6255,0.6265,0.612,0.6215
1639900800000,0.6215,0.623,0.6045,0.6165
1639915200000,0.6165,0.6535,0.611,0.653
1639929600000,0.653,0.6675,0.6315,0.632
1639944000000,0.632,0.6485,0.625,0.645
1639958400000,0.645,0.6675,0.63,0.6645
1639972800000,0.6645,0.666,0.6135,0.6215
1639987200000,0.6215,0.622,0.595,0.6025
1640001600000,0.6025,0.6115,0.5895,0.603
1640016000000,0.603,0.623,0.6,0.623
1640030400000,0.623,0.6285,0.614,0.622
1640044800000,0.622,0.63,0.6125,0.63
1640059200000,0.63,0.648,0.63,0.6395
1640073600000,0.6395,0.6685,0.639,0.6625
1640088000000,0.6625,0.693,0.6595,0.681
1640102400000,0.681,0.7135,0.6765,0.7085
1640116800000,0.7085,0.715,0.6935,0.7095
1640131200000,0.7095,0.736,0.7015,0.728
1640145600000,0.728,0.7285,0.6965,0.715
1640160000000,0.715,0.7275,0.7,0.721
1640174400000,0.721,0.7275,0.6895,0.7165
1640188800000,0.7165,0.727,0.7045,0.715
1640203200000,0.715,0.719,0.6915,0.6935
1640217600000,0.6935,0.712,0.6845,0.702
1640232000000,0.702,0.7085,0.6755,0.681
1640246400000,0.681,0.688,0.6785,0.685
1640260800000,0.685,0.708,0.685,0.706
1640275200000,0.706,0.751,0.703,0.745
1640289600000,0.745,0.749,0.728,0.733
1640304000000,0.733,0.7445,0.723,0.742
1640318400000,0.742,0.7455,0.7355,0.741
1640332800000,0.741,0.75,0.732,0.7345
1640347200000,0.7345,0.736,0.7025,0.717
1640361600000,0.717,0.7235,0.7035,0.705
1640376000000,0.705,0.7125,0.684,0.697
1640390400000,0.697,0.705,0.691,0.698
1640404800000,0.698,0.7115,0.693,0.709
1640419200000,0.709,0.715,0.695,0.7015
1640433600000,0.7015,0.7125,0.7015,0.71
1640448000000,0.71,0.712,0.697,0.7065
1640462400000,0.7065,0.729,0.706,0.7195
1640476800000,0.7195,0.7235,0.686,0.6885
1640491200000,0.6885,0.7125,0.687,0.7125
1640505600000,0.7125,0.745,0.709,0.7265
1640520000000,0.7265,0.7455,0.7215,0.739
1640534400000,0.739,0.744,0.732,0.737
1640548800000,0.737,0.74,0.725,0.735
1640563200000,0.735,0.7445,0.7345,0.738
1640577600000,0.738,0.767,0.735,0.7515
1640592000000,0.7515,0.7655,0.745,0.7645
1640606400000,0.7645,0.7775,0.754,0.7715
1640620800000,0.7715,0.7735,0.756,0.76
1640635200000,0.76,0.768,0.735,0.7375
1640649600000,0.7375,0.7385,0.6925,0.7025
1640664000000,0.7025,0.706,0.6815,0.702
1640678400000,0.702,0.708,0.693,0.7025
1640692800000,0.7025,0.7055,0.6795,0.6965
1640707200000,0.6965,0.6975,0.6625,0.665
1640721600000,0.665,0.6765,0.6605,0.665
1640736000000,0.665,0.6785,0.658,0.677
1640750400000,0.677,0.6935,0.6665,0.6715
1640764800000,0.6715,0.6775,0.661,0.668
1640779200000,0.668,0.669,0.6355,0.6655
1640793600000,0.6655,0.666,0.64,0.6415
1640808000000,0.6415,0.6515,0.6235,0.632
1640822400000,0.632,0.6335,0.612,0.6255
1640836800000,0.6255,0.645,0.6255,0.643
1640851200000,0.643,0.653,0.635,0.6505
1640865600000,0.6505,0.66,0.6425,0.646
1640880000000,0.646,0.6615,0.646,0.6525
1640894400000,0.6525,0.6535,0.636,0.6465
1640908800000,0.6465,0.6575,0.637,0.656
1640923200000,0.656,0.6585,0.642,0.6535
1640937600000,0.6535,0.674,0.6475,0.665
1640952000000,0.665,0.673,0.6585,0.6625
1640966400000,0.6625,0.68,0.6265,0.6275
1640980800000,0.6275,0.6515,0.622,0.643
1640995200000,0.643,0.662,0.643,0.645
1641009600000,0.645,0.652,0.6385,0.6485
1641024000000,0.6485,0.651,0.638,0.6415
1641038400000,0.6415,0.655,0.6415,0.652
1641052800000,0.652,0.6595,0.65,0.6565
1641067200000,0.6565,0.667,0.653,0.6645
1641081600000,0.6645,0.666,0.658,0.659
1641096000000,0.659,0.661,0.6485,0.6565
1641110400000,0.6565,0.675,0.6525,0.663
1641124800000,0.663,0.6795,0.658,0.673
1641139200000,0.673,0.6955,0.665,0.678
1641153600000,0.678,0.683,0.6725,0.6765
1641168000000,0.6765,0.6915,0.6685,0.6705
1641182400000,0.6705,0.6925,0.6695,0.6895
1641196800000,0.6895,0.696,0.6735,0.687
1641211200000,0.687,0.691,0.6765,0.6785
1641225600000,0.6785,0.681,0.6555,0.6625
1641240000000,0.6625,0.663,0.644,0.6585
1641254400000,0.6585,0.662,0.6415,0.649
1641268800000,0.649,0.664,0.642,0.664
1641283200000,0.664,0.667,0.6485,0.6615
1641297600000,0.6615,0.681,0.6535,0.6755
1641312000000,0.6755,0.6995,0.668,0.6905
1641326400000,0.6905,0.707,0.6745,0.68
1641340800000,0.68,0.7135,0.6715,0.709
1641355200000,0.709,0.7175,0.702,0.7085
1641369600000,0.7085,0.727,0.706,0.7135
1641384000000,0.7135,0.7315,0.707,0.726
1641398400000,0.726,0.7285,0.657,0.662
1641412800000,0.662,0.6725,0.598,0.63
1641427200000,0.63,0.6375,0.616,0.617
1641441600000,0.617,0.6375,0.615,0.6345
1641456000000,0.6345,0.635,0.606,0.6145
1641470400000,0.6145,0.633,0.608,0.627
1641484800000,0.627,0.645,0.625,0.6425
1641499200000,0.6425,0.6445,0.6315,0.6365
1641513600000,0.6365,0.6385,0.5925,0.6
1641528000000,0.6,0.6065,0.5825,0.6065
1641542400000,0.6065,0.6195,0.601,0.608
1641556800000,0.608,0.627,0.589,0.614
1641571200000,0.614,0.6325,0.6085,0.615
1641585600000,0.615,0.6165,0.589,0.5935
1641600000000,0.5935,0.61,0.591,0.6045
1641614400000,0.6045,0.6205,0.6045,0.6125
1641628800000,0.6125,0.6195,0.6075,0.6125
1641643200000,0.6125,0.6155,0.5915,0.5925
1641657600000,0.5925,0.598,0.5455,0.5545
1641672000000,0.5545,0.5845,0.5505,0.5725
1641686400000,0.5725,0.591,0.5665,0.5825
1641700800000,0.5825,0.59,0.5795,0.58
1641715200000,0.58,0.585,0.569,0.581
1641729600000,0.581,0.583,0.5655,0.5735
1641744000000,0.5735,0.596,0.573,0.594
1641758400000,0.594,0.595,0.58,0.584
1641772800000,0.584,0.594,0.576,0.5845
1641787200000,0.5845,0.5925,0.581,0.59
1641801600000,0.59,0.5905,0.5615,0.5635
1641816000000,0.5635,0.566,0.521,0.536
1641830400000,0.536,0.553,0.527,0.537
1641844800000,0.537,0.5485,0.5345,0.543
1641859200000,0.543,0.561,0.537,0.56
1641873600000,0.56,0.56,0.548,0.5555
1641888000000,0.5555,0.5595,0.5425,0.55
1641902400000,0.55,0.555,0.5395,0.5475
1641916800000,0.5475,0.5725,0.547,0.5625
1641931200000,0.5625,0.5695,0.5605,0.569
1641945600000,0.569,0.575,0.5655,0.5725
1641960000000,0.5725,0.5775,0.5645,0.5715
1641974400000,0.5715,0.584,0.5705,0.579
1641988800000,0.579,0.5985,0.575,0.591
1642003200000,0.591,0.5935,0.5875,0.5915
1642017600000,0.5915,0.595,0.589,0.594
1642032000000,0.594,0.6015,0.59,0.596
1642046400000,0.596,0.6115,0.5955,0.606
1642060800000,0.606,0.614,0.5975,0.5985
1642075200000,0.5985,0.625,0.5875,0.6065
1642089600000,0.6065,0.6135,0.581,0.585
1642104000000,0.585,0.5855,0.567,0.571
1642118400000,0.571,0.5775,0.5655,0.573
1642132800000,0.573,0.586,0.5725,0.578
1642147200000,0.578,0.5785,0.5555,0.5625
1642161600000,0.5625,0.583,0.5575,0.5795
1642176000000,0.5795,0.5805,0.573,0.576
1642190400000,0.576,0.5835,0.576,0.579
1642204800000,0.579,0.5825,0.5745,0.575
1642219200000,0.575,0.5775,0.5705,0.5775
1642233600000,0.5775,0.589,0.5765,0.588
1642248000000,0.588,0.5965,0.5745,0.596
1642262400000,0.596,0.5975,0.592,0.5955
1642276800000,0.5955,0.5995,0.594,0.5945
1642291200000,0.5945,0.596,0.5805,0.585
1642305600000,0.585,0.5905,0.583,0.589
1642320000000,0.589,0.5925,0.581,0.583
1642334400000,0.583,0.5885,0.5735,0.5875
1642348800000,0.5875,0.5945,0.5855,0.5865
1642363200000,0.5865,0.5945,0.5855,0.5885
1642377600000,0.5885,0.5905,0.565,0.565
1642392000000,0.565,0.5685,0.5605,0.5645
1642406400000,0.5645,0.5655,0.5585,0.5595
1642420800000,0.5595,0.561,0.5485,0.55
1642435200000,0.55,0.5545,0.5445,0.553
1642449600000,0.553,0.554,0.538,0.5485
1642464000000,0.5485,0.5585,0.5455,0.551
1642478400000,0.551,0.5545,0.5445,0.551
1642492800000,0.551,0.551,0.5255,0.533
1642507200000,0.533,0.535,0.5135,0.5195
1642521600000,0.5195,0.5275,0.5165,0.5255
1642536000000,0.5255,0.5355,0.5175,0.5315
1642550400000,0.5315,0.5325,0.5155,0.519
1642564800000,0.519,0.522,0.499,0.504
1642579200000,0.504,0.5275,0.5005,0.5275
1642593600000,0.5275,0.5315,0.5195,0.525
1642608000000,0.525,0.534,0.524,0.527
1642622400000,0.527,0.533,0.5225,0.524
1642636800000,0.524,0.543,0.5235,0.543
1642651200000,0.543,0.543,0.533,0.536
1642665600000,0.536,0.543,0.5345,0.5385
1642680000000,0.5385,0.553,0.537,0.553
1642694400000,0.553,0.5605,0.5435,0.5445
1642708800000,0.5445,0.546,0.497,0.501
1642723200000,0.501,0.5065,0.4625,0.4705
1642737600000,0.4705,0.4765,0.4685,0.4745
1642752000000,0.4745,0.4915,0.4735,0.4845
1642766400000,0.4845,0.4875,0.4605,0.4845
1642780800000,0.4845,0.486,0.463,0.463
1642795200000,0.463,0.468,0.4205,0.436
1642809600000,0.436,0.4435,0.4285,0.4345
1642824000000,0.4345,0.4365,0.37,0.3825
1642838400000,0.3825,0.4085,0.367,0.4
1642852800000,0.4,0.415,0.3915,0.395
1642867200000,0.395,0.416,0.3895,0.4035
1642881600000,0.4035,0.424,0.4015,0.4165
1642896000000,0.4165,0.424,0.4075,0.4185
1642910400000,0.4185,0.4285,0.4125,0.426
1642924800000,0.426,0.4315,0.4195,0.4205
1642939200000,0.4205,0.4245,0.4035,0.413
1642953600000,0.413,0.42,0.39,0.394
1642968000000,0.394,0.4185,0.392,0.4145
1642982400000,0.4145,0.4145,0.391,0.3945
1642996800000,0.3945,0.3955,0.382,0.383
1643011200000,0.383,0.3895,0.3505,0.3525
1643025600000,0.3525,0.3695,0.3445,0.3685
1643040000000,0.3685,0.3855,0.358,0.3815
1643054400000,0.3815,0.4,0.3805,0.3925
1643068800000,0.3925,0.3965,0.3835,0.3955
1643083200000,0.3955,0.401,0.3905,0.3955
1643097600000,0.3955,0.406,0.3955,0.398
1643112000000,0.398,0.4035,0.3865,0.4015
1643126400000,0.4015,0.422,0.401,0.4115
1643140800000,0.4115,0.418,0.4045,0.4145
1643155200000,0.4145,0.4195,0.405,0.417
1643169600000,0.417,0.423,0.415,0.418
1643184000000,0.418,0.426,0.418,0.4235
1643198400000,0.4235,0.4335,0.4195,0.427
1643212800000,0.427,0.462,0.4125,0.426
1643227200000,0.426,0.426,0.396,0.4035
1643241600000,0.4035,0.4085,0.3835,0.386
1643256000000,0.386,0.3935,0.385,0.391
1643270400000,0.391,0.3995,0.386,0.3995
1643284800000,0.3995,0.41,0.398,0.4045
1643299200000,0.4045,0.411,0.395,0.3985
1643313600000,0.3985,0.4055,0.3875,0.4045
1643328000000,0.4045,0.4135,0.3995,0.4125
1643342400000,0.4125,0.417,0.4085,0.4085
1643356800000,0.4085,0.4155,0.403,0.405
1643371200000,0.405,0.4065,0.395,0.405
1643385600000,0.405,0.411,0.4005,0.4055
1643400000000,0.4055,0.416,0.4055,0.414
1643414400000,0.414,0.4185,0.4085,0.4145
1643428800000,0.4145,0.4195,0.411,0.4195
1643443200000,0.4195,0.42,0.4145,0.4165
1643457600000,0.4165,0.4235,0.4095,0.4115
1643472000000,0.4115,0.4155,0.4095,0.412
1643486400000,0.412,0.4185,0.4055,0.409
1643500800000,0.409,0.4125,0.4035,0.411
1643515200000,0.411,0.42,0.4105,0.4195
1643529600000,0.4195,0.4205,0.412,0.417
1643544000000,0.417,0.4185,0.406,0.4125
1643558400000,0.4125,0.4145,0.397,0.3995
1643572800000,0.3995,0.4035,0.3955,0.399
1643587200000,0.399,0.401,0.383,0.3855
1643601600000,0.3855,0.3855,0.3795,0.383
1643616000000,0.383,0.3885,0.382,0.387
1643630400000,0.387,0.4015,0.3825,0.399
1643644800000,0.399,0.4095,0.3975,0.4035
1643659200000,0.4035,0.4095,0.402,0.409
1643673600000,0.409,0.4175,0.4075,0.4165
1643688000000,0.4165,0.418,0.4115,0.416
1643702400000,0.416,0.4245,0.4115,0.4225
1643716800000,0.4225,0.4255,0.4135,0.4215
1643731200000,0.4215,0.4395,0.4205,0.4325
1643745600000,0.4325,0.448,0.4315,0.439
1643760000000,0.439,0.4415,0.4325,0.433
1643774400000,0.433,0.4345,0.429,0.432
1643788800000,0.432,0.435,0.431,0.4335
1643803200000,0.4335,0.4395,0.415,0.417
1643817600000,0.417,0.419,0.4085,0.4175
1643832000000,0.4175,0.418,0.4025,0.404
1643846400000,0.404,0.408,0.3945,0.4
1643860800000,0.4,0.4025,0.3975,0.4025
1643875200000,0.4025,0.405,0.391,0.3985
1643889600000,0.3985,0.402,0.3915,0.402
1643904000000,0.402,0.403,0.3925,0.3945
1643918400000,0.3945,0.406,0.3925,0.406
1643932800000,0.406,0.406,0.402,0.4025
1643947200000,0.4025,0.4135,0.402,0.411
1643961600000,0.411,0.414,0.4085,0.4105
1643976000000,0.4105,0.424,0.402,0.4235
1643990400000,0.4235,0.433,0.4225,0.431
1644004800000,0.431,0.44,0.429,0.44
1644019200000,0.44,0.452,0.437,0.452
1644033600000,0.452,0.464,0.45,0.4525
1644048000000,0.4525,0.46,0.452,0.4595
1644062400000,0.4595,0.464,0.4545,0.461
1644076800000,0.461,0.461,0.439,0.444
1644091200000,0.444,0.4515,0.441,0.449
1644105600000,0.449,0.459,0.4475,0.449
1644120000000,0.449,0.4525,0.4415,0.4515
1644134400000,0.4515,0.458,0.45,0.451
1644148800000,0.451,0.459,0.438,0.447
1644163200000,0.447,0.4565,0.4445,0.4545
1644177600000,0.4545,0.4735,0.4535,0.4735
1644192000000,0.4735,0.4805,0.4605,0.4795
1644206400000,0.4795,0.4895,0.476,0.485
1644220800000,0.485,0.487,0.4735,0.485
1644235200000,0.485,0.4995,0.48,0.4975
1644249600000,0.4975,0.5095,0.4895,0.5005
1644264000000,0.5005,0.517,0.497,0.505
1644278400000,0.505,0.522,0.499,0.5015
1644292800000,0.5015,0.5135,0.491,0.4955
1644307200000,0.4955,0.4965,0.467,0.475
1644321600000,0.475,0.475,0.456,0.464
1644336000000,0.464,0.4665,0.4545,0.4585
1644350400000,0.4585,0.4755,0.4575,0.4735
1644364800000,0.4735,0.476,0.461,0.4655
1644379200000,0.4655,0.47,0.458,0.4685
1644393600000,0.4685,0.474,0.463,0.4725
1644408000000,0.4725,0.486,0.472,0.482
1644422400000,0.482,0.4915,0.4795,0.4885
1644436800000,0.4885,0.4945,0.485,0.4875
1644451200000,0.4875,0.49,0.474,0.4785
1644465600000,0.4785,0.4785,0.4745,0.4785
1644480000000,0.4785,0.4885,0.478,0.483
1644494400000,0.483,0.485,0.4475,0.471
1644508800000,0.471,0.486,0.4625,0.4625
1644523200000,0.4625,0.468,0.455,0.4605
1644537600000,0.4605,0.4605,0.4445,0.4535
1644552000000,0.4535,0.462,0.45,0.462
1644566400000,0.462,0.465,0.4555,0.459
1644580800000,0.459,0.4665,0.457,0.4625
1644595200000,0.4625,0.463,0.432,0.4325
1644609600000,0.4325,0.4345,0.4115,0.4185
1644624000000,0.4185,0.4225,0.4145,0.4195
1644638400000,0.4195,0.4225,0.404,0.4135
1644652800000,0.4135,0.422,0.4115,0.4195
1644667200000,0.4195,0.42,0.4085,0.4145
1644681600000,0.4145,0.429,0.4135,0.4215
1644696000000,0.4215,0.424,0.41,0.4185
1644710400000,0.4185,0.424,0.4135,0.416
1644724800000,0.416,0.417,0.4115,0.417
1644739200000,0.417,0.42,0.4145,0.4175
1644753600000,0.4175,0.4235,0.415,0.4195
1644768000000,0.4195,0.4205,0.3965,0.3995
1644782400000,0.3995,0.413,0.399,0.406
1644796800000,0.406,0.4075,0.3855,0.393
1644811200000,0.393,0.397,0.3885,0.397
1644825600000,0.397,0.3985,0.3905,0.3935
1644840000000,0.3935,0.4055,0.389,0.401
1644854400000,0.401,0.407,0.3915,0.3935
1644868800000,0.3935,0.407,0.3915,0.4035
1644883200000,0.4035,0.444,0.4035,0.441
1644897600000,0.441,0.452,0.438,0.4505
1644912000000,0.4505,0.4765,0.449,0.464
1644926400000,0.464,0.4835,0.4635,0.474
1644940800000,0.474,0.479,0.466,0.474
1644955200000,0.474,0.509,0.4715,0.492
1644969600000,0.492,0.4955,0.4755,0.4795
1644984000000,0.4795,0.494,0.477,0.4915
1644998400000,0.4915,0.498,0.4825,0.4855
1645012800000,0.4855,0.4865,0.47,0.4795
1645027200000,0.4795,0.513,0.4745,0.506
1645041600000,0.506,0.5065,0.4855,0.487
1645056000000,0.487,0.4885,0.4745,0.4745
1645070400000,0.4745,0.479,0.4675,0.4775
1645084800000,0.4775,0.4785,0.463,0.4655
1645099200000,0.4655,0.4685,0.4495,0.4515
1645113600000,0.4515,0.4685,0.4395,0.4505
1645128000000,0.4505,0.4505,0.4305,0.4375
1645142400000,0.4375,0.444,0.4305,0.4365
1645156800000,0.4365,0.45,0.4365,0.4455
1645171200000,0.4455,0.449,0.429,0.4295
1645185600000,0.4295,0.4355,0.413,0.416
1645200000000,0.416,0.422,0.4095,0.418
1645214400000,0.418,0.4185,0.4085,0.4125
1645228800000,0.4125,0.417,0.4095,0.4095
1645243200000,0.4095,0.4195,0.4095,0.4185
1645257600000,0.4185,0.4205,0.399,0.4015
1645272000000,0.4015,0.4175,0.398,0.417
1645286400000,0.417,0.4255,0.4115,0.413
1645300800000,0.413,0.4235,0.4095,0.4175
1645315200000,0.4175,0.4175,0.4015,0.404
1645329600000,0.404,0.4055,0.387,0.398
1645344000000,0.398,0.3985,0.3835,0.3905
1645358400000,0.3905,0.395,0.3755,0.385
1645372800000,0.385,0.3885,0.3815,0.386
1645387200000,0.386,0.399,0.383,0.391
1645401600000,0.391,0.422,0.389,0.4065
1645416000000,0.4065,0.4225,0.4065,0.415
1645430400000,0.415,0.417,0.391,0.3965
1645444800000,0.3965,0.4065,0.38,0.3985
1645459200000,0.3985,0.4005,0.3755,0.382
1645473600000,0.382,0.3855,0.3545,0.357
1645488000000,0.357,0.365,0.3475,0.353
1645502400000,0.353,0.3665,0.351,0.364
1645516800000,0.364,0.3765,0.362,0.372
1645531200000,0.372,0.385,0.367,0.378
1645545600000,0.378,0.3815,0.363,0.3705
1645560000000,0.3705,0.385,0.3655,0.382
1645574400000,0.382,0.3895,0.373,0.377
1645588800000,0.377,0.383,0.377,0.3825
1645603200000,0.3825,0.392,0.381,0.3875
1645617600000,0.3875,0.3935,0.3745,0.3775
1645632000000,0.3775,0.3875,0.3625,0.3635
1645646400000,0.3635,0.365,0.352,0.353
1645660800000,0.353,0.357,0.322,0.3245
1645675200000,0.3245,0.327,0.3025,0.319
1645689600000,0.319,0.3235,0.309,0.3185
1645704000000,0.3185,0.337,0.3145,0.335
1645718400000,0.335,0.3495,0.3255,0.3485
1645732800000,0.3485,0.362,0.3435,0.361
1645747200000,0.361,0.3695,0.3505,0.3625
1645761600000,0.3625,0.367,0.3505,0.353
1645776000000,0.353,0.354,0.3395,0.347
1645790400000,0.347,0.3625,0.3465,0.3565
1645804800000,0.3565,0.3635,0.3465,0.35
1645819200000,0.35,0.367,0.347,0.36
1645833600000,0.36,0.373,0.3565,0.3605
1645848000000,0.3605,0.364,0.3505,0.358
1645862400000,0.358,0.3625,0.3465,0.35
1645876800000,0.35,0.354,0.342,0.351
1645891200000,0.351,0.3525,0.3435,0.351
1645905600000,0.351,0.3565,0.3425,0.348
1645920000000,0.348,0.348,0.3285,0.3335
1645934400000,0.3335,0.3435,0.331,0.341
1645948800000,0.341,0.3515,0.3365,0.351
1645963200000,0.351,0.355,0.338,0.354
1645977600000,0.354,0.367,0.334,0.3365
1645992000000,0.3365,0.343,0.328,0.336
1646006400000,0.336,0.3405,0.329,0.335
1646020800000,0.335,0.341,0.3265,0.341
1646035200000,0.341,0.345,0.3375,0.3405
1646049600000,0.3405,0.3655,0.334,0.3635
1646064000000,0.3635,0.368,0.3595,0.3655
1646078400000,0.3655,0.3775,0.363,0.3775
1646092800000,0.3775,0.3825,0.369,0.375
1646107200000,0.375,0.379,0.369,0.3765
1646121600000,0.3765,0.378,0.3645,0.3765
1646136000000,0.3765,0.3885,0.3685,0.373
1646150400000,0.373,0.377,0.368,0.3725
1646164800000,0.3725,0.377,0.369,0.3755
1646179200000,0.3755,0.3795,0.363,0.3785
1646193600000,0.3785,0.381,0.3695,0.3735
1646208000000,0.3735,0.387,0.37,0.386
1646222400000,0.386,0.3945,0.366,0.3765
1646236800000,0.3765,0.382,0.3685,0.3735
1646251200000,0.3735,0.3805,0.3725,0.3735
1646265600000,0.3735,0.377,0.358,0.3635
1646280000000,0.3635,0.37,0.3595,0.3695
1646294400000,0.3695,0.3735,0.364,0.371
1646308800000,0.371,0.377,0.354,0.3605
1646323200000,0.3605,0.363,0.3545,0.3565
1646337600000,0.3565,0.369,0.354,0.365
1646352000000,0.365,0.3655,0.345,0.3475
1646366400000,0.3475,0.3535,0.345,0.351
1646380800000,0.351,0.362,0.3465,0.36
1646395200000,0.36,0.363,0.35,0.35
1646409600000,0.35,0.355,0.3395,0.34
1646424000000,0.34,0.3415,0.333,0.3395
1646438400000,0.3395,0.3395,0.328,0.3365
1646452800000,0.3365,0.3415,0.331,0.3405
1646467200000,0.3405,0.343,0.337,0.3415
1646481600000,0.3415,0.3435,0.3365,0.3415
1646496000000,0.3415,0.3475,0.341,0.345
1646510400000,0.345,0.347,0.343,0.3465
1646524800000,0.3465,0.352,0.3425,0.343
1646539200000,0.343,0.349,0.341,0.3465
1646553600000,0.3465,0.3465,0.335,0.3385
1646568000000,0.3385,0.343,0.3365,0.339
1646582400000,0.339,0.343,0.3355,0.336
1646596800000,0.336,0.34,0.328,0.329
1646611200000,0.329,0.3295,0.3145,0.317
1646625600000,0.317,0.322,0.315,0.3165
1646640000000,0.3165,0.3325,0.3155,0.332
1646654400000,0.332,0.344,0.331,0.341
1646668800000,0.341,0.3435,0.321,0.3225
1646683200000,0.3225,0.334,0.319,0.3295
1646697600000,0.3295,0.343,0.328,0.342
1646712000000,0.342,0.359,0.3395,0.353
1646726400000,0.353,0.3605,0.351,0.353
1646740800000,0.353,0.3555,0.3415,0.3435
1646755200000,0.3435,0.347,0.3375,0.342
1646769600000,0.342,0.3425,0.3335,0.3355
1646784000000,0.3355,0.36,0.3345,0.357
1646798400000,0.357,0.364,0.356,0.359
1646812800000,0.359,0.361,0.3535,0.354
1646827200000,0.354,0.3575,0.3475,0.352
1646841600000,0.352,0.3525,0.339,0.345
1646856000000,0.345,0.348,0.3395,0.346
1646870400000,0.346,0.347,0.3315,0.334
1646884800000,0.334,0.335,0.32,0.325
1646899200000,0.325,0.326,0.322,0.3235
1646913600000,0.3235,0.3315,0.314,0.3245
1646928000000,0.3245,0.326,0.3175,0.322
1646942400000,0.322,0.3315,0.32,0.325
1646956800000,0.325,0.3305,0.3155,0.3305
1646971200000,0.3305,0.3375,0.3245,0.3355
1646985600000,0.3355,0.3395,0.3285,0.3365
1647000000000,0.3365,0.3375,0.323,0.3245
1647014400000,0.3245,0.325,0.319,0.322
1647028800000,0.322,0.3235,0.3185,0.319
1647043200000,0.319,0.328,0.319,0.3225
1647057600000,0.3225,0.3255,0.3205,0.3255
1647072000000,0.3255,0.328,0.3235,0.3255
1647086400000,0.3255,0.3265,0.32,0.323
1647100800000,0.323,0.325,0.321,0.322
1647115200000,0.322,0.323,0.318,0.3185
1647129600000,0.3185,0.339,0.316,0.337
1647144000000,0.337,0.3475,0.337,0.3395
1647158400000,0.3395,0.347,0.334,0.345
1647172800000,0.345,0.359,0.341,0.3545
1647187200000,0.3545,0.3555,0.342,0.343
1647201600000,0.343,0.3485,0.332,0.3335
1647216000000,0.3335,0.3335,0.326,0.3315
1647230400000,0.3315,0.3445,0.3305,0.3435
1647244800000,0.3435,0.3765,0.3435,0.3685
1647259200000,0.3685,0.3695,0.3565,0.3585
1647273600000,0.3585,0.3655,0.3505,0.351
1647288000000,0.351,0.3705,0.3475,0.366
1647302400000,0.366,0.3815,0.3635,0.3635
1647316800000,0.3635,0.367,0.352,0.3645
1647331200000,0.3645,0.3875,0.356,0.3825
1647345600000,0.3825,0.4045,0.3805,0.4015
1647360000000,0.4015,0.434,0.3985,0.4245
1647374400000,0.4245,0.434,0.4135,0.425
1647388800000,0.425,0.4585,0.4135,0.443
1647403200000,0.443,0.443,0.416,0.4165
1647417600000,0.4165,0.434,0.4145,0.421
1647432000000,0.421,0.4465,0.4115,0.4405
1647446400000,0.4405,0.4535,0.426,0.439
1647460800000,0.439,0.4545,0.4335,0.454
1647475200000,0.454,0.4545,0.4065,0.408
1647489600000,0.408,0.418,0.4055,0.412
1647504000000,0.412,0.415,0.408,0.4115
1647518400000,0.4115,0.4155,0.4065,0.4095
1647532800000,0.4095,0.4175,0.3995,0.417
1647547200000,0.417,0.417,0.4075,0.4095
1647561600000,0.4095,0.4105,0.395,0.3995
1647576000000,0.3995,0.4125,0.3975,0.4055
1647590400000,0.4055,0.4285,0.404,0.423
1647604800000,0.423,0.423,0.3965,0.408
1647619200000,0.408,0.423,0.408,0.4195
1647633600000,0.4195,0.421,0.4055,0.4105
1647648000000,0.4105,0.4225,0.406,0.4095
1647662400000,0.4095,0.416,0.4085,0.4115
1647676800000,0.4115,0.425,0.4105,0.4205
1647691200000,0.4205,0.428,0.412,0.4195
1647705600000,0.4195,0.425,0.408,0.411
1647720000000,0.411,0.416,0.4045,0.411
1647734400000,0.411,0.4165,0.399,0.409
1647748800000,0.409,0.421,0.408,0.4145
1647763200000,0.4145,0.419,0.4025,0.4035
1647777600000,0.4035,0.412,0.3985,0.399
1647792000000,0.399,0.402,0.3885,0.3995
1647806400000,0.3995,0.4025,0.389,0.39
1647820800000,0.39,0.394,0.38,0.3875
1647835200000,0.3875,0.4035,0.3865,0.4015
1647849600000,0.4015,0.423,0.3975,0.412
1647864000000,0.412,0.4185,0.4035,0.4105
1647878400000,0.4105,0.414,0.4035,0.408
1647892800000,0.408,0.416,0.4075,0.412
1647907200000,0.412,0.42,0.404,0.4145
1647921600000,0.4145,0.424,0.407,0.4155
1647936000000,0.4155,0.422,0.414,0.419
1647950400000,0.419,0.419,0.4125,0.414
1647964800000,0.414,0.415,0.4075,0.408
1647979200000,0.408,0.416,0.408,0.411
1647993600000,0.411,0.415,0.3995,0.4085
1648008000000,0.4085,0.417,0.4025,0.416
1648022400000,0.416,0.4185,0.4105,0.4135
1648036800000,0.4135,0.433,0.4125,0.431
1648051200000,0.431,0.432,0.412,0.4195
1648065600000,0.4195,0.426,0.4185,0.425
1648080000000,0.425,0.4355,0.4195,0.425
1648094400000,0.425,0.428,0.4195,0.4225
1648108800000,0.4225,0.4255,0.4185,0.422
1648123200000,0.422,0.433,0.4105,0.4295
1648137600000,0.4295,0.4335,0.426,0.4305
1648152000000,0.4305,0.441,0.425,0.44
1648166400000,0.44,0.4535,0.4305,0.445
1648180800000,0.445,0.45,0.4335,0.434
1648195200000,0.434,0.441,0.4255,0.428
1648209600000,0.428,0.4285,0.405,0.4175
1648224000000,0.4175,0.42,0.4005,0.4085
1648238400000,0.4085,0.415,0.4045,0.4085
1648252800000,0.4085,0.4115,0.405,0.4105
1648267200000,0.4105,0.416,0.41,0.4155
1648281600000,0.4155,0.417,0.4095,0.4105
1648296000000,0.4105,0.4115,0.4055,0.409
1648310400000,0.409,0.417,0.407,0.413
1648324800000,0.413,0.4165,0.408,0.4105
1648339200000,0.4105,0.4175,0.408,0.414
1648353600000,0.414,0.4195,0.411,0.419
1648368000000,0.419,0.422,0.414,0.4175
1648382400000,0.4175,0.419,0.404,0.4175
1648396800000,0.4175,0.4215,0.413,0.421
1648411200000,0.421,0.4315,0.417,0.4315
1648425600000,0.4315,0.448,0.4275,0.445
1648440000000,0.445,0.473,0.445,0.4625
1648454400000,0.4625,0.4885,0.453,0.472
1648468800000,0.472,0.475,0.453,0.4675
1648483200000,0.4675,0.477,0.4605,0.4675
1648497600000,0.4675,0.4705,0.4105,0.4335
1648512000000,0.4335,0.452,0.4305,0.447
1648526400000,0.447,0.4645,0.447,0.453
1648540800000,0.453,0.4705,0.453,0.468
1648555200000,0.468,0.4945,0.4645,0.478
1648569600000,0.478,0.495,0.46,0.482
1648584000000,0.482,0.4915,0.4705,0.4885
1648598400000,0.4885,0.4885,0.4575,0.468
1648612800000,0.468,0.481,0.466,0.477
1648627200000,0.477,0.4815,0.4705,0.4745
1648641600000,0.4745,0.4995,0.4675,0.4845
1648656000000,0.4845,0.4975,0.479,0.4905
1648670400000,0.4905,0.493,0.476,0.4815
1648684800000,0.4815,0.5075,0.4795,0.493
1648699200000,0.493,0.4965,0.4865,0.489
1648713600000,0.489,0.527,0.487,0.519
1648728000000,0.519,0.5265,0.477,0.4885
1648742400000,0.4885,0.4905,0.463,0.4705
1648756800000,0.4705,0.4795,0.463,0.47
1648771200000,0.47,0.478,0.4355,0.4445
1648785600000,0.4445,0.4635,0.443,0.4615
1648800000000,0.4615,0.467,0.455,0.4565
1648814400000,0.4565,0.483,0.4485,0.4795
1648828800000,0.4795,0.495,0.4745,0.4945
1648843200000,0.4945,0.496,0.4775,0.4855
1648857600000,0.4855,0.518,0.482,0.5105
1648872000000,0.5105,0.5505,0.5085,0.535
1648886400000,0.535,0.5365,0.514,0.529
1648900800000,0.529,0.538,0.495,0.5045
1648915200000,0.5045,0.5175,0.492,0.507
1648929600000,0.507,0.534,0.503,0.519
1648944000000,0.519,0.529,0.4935,0.5115
1648958400000,0.5115,0.5215,0.5085,0.515
1648972800000,0.515,0.516,0.4995,0.507
1648987200000,0.507,0.519,0.5055,0.5165
1649001600000,0.5165,0.5205,0.5015,0.511
1649016000000,0.511,0.533,0.5105,0.518
1649030400000,0.518,0.518,0.502,0.5065
1649044800000,0.5065,0.512,0.502,0.5075
1649059200000,0.5075,0.5145,0.4825,0.4935
1649073600000,0.4935,0.495,0.469,0.4735
1649088000000,0.4735,0.486,0.4665,0.486
1649102400000,0.486,0.4955,0.483,0.493
1649116800000,0.493,0.499,0.4895,0.498
1649131200000,0.498,0.5005,0.4895,0.4955
1649145600000,0.4955,0.4965,0.4865,0.491
1649160000000,0.491,0.4965,0.4745,0.4805
1649174400000,0.4805,0.487,0.464,0.473
1649188800000,0.473,0.476,0.457,0.46
1649203200000,0.46,0.4605,0.43,0.449
1649217600000,0.449,0.4635,0.445,0.4585
1649232000000,0.4585,0.4605,0.4365,0.4425
1649246400000,0.4425,0.4465,0.4185,0.431
1649260800000,0.431,0.4335,0.4135,0.4275
1649275200000,0.4275,0.4325,0.4095,0.4125
1649289600000,0.4125,0.423,0.4065,0.4175
1649304000000,0.4175,0.43,0.416,0.4275
1649318400000,0.4275,0.431,0.416,0.431
1649332800000,0.431,0.432,0.409,0.4145
1649347200000,0.4145,0.435,0.4125,0.43
1649361600000,0.43,0.4345,0.423,0.432
1649376000000,0.432,0.4325,0.424,0.43
1649390400000,0.43,0.4315,0.418,0.423
1649404800000,0.423,0.431,0.409,0.412
1649419200000,0.412,0.4225,0.3985,0.415
1649433600000,0.415,0.4175,0.3945,0.399
1649448000000,0.399,0.403,0.3875,0.395
1649462400000,0.395,0.4,0.3905,0.3965
1649476800000,0.3965,0.4045,0.3955,0.4015
1649491200000,0.4015,0.4075,0.3985,0.404
1649505600000,0.404,0.4085,0.395,0.3965
1649520000000,0.3965,0.403,0.3965,0.3995
1649534400000,0.3995,0.4075,0.396,0.406
1649548800000,0.406,0.4075,0.4005,0.4035
1649563200000,0.4035,0.404,0.3975,0.4005
1649577600000,0.4005,0.402,0.3945,0.3995
1649592000000,0.3995,0.4015,0.3925,0.3985
1649606400000,0.3985,0.4095,0.396,0.4055
1649620800000,0.4055,0.407,0.3825,0.3835
1649635200000,0.3835,0.3865,0.3715,0.377
1649649600000,0.377,0.3845,0.376,0.3825
1649664000000,0.3825,0.384,0.357,0.3605
1649678400000,0.3605,0.37,0.358,0.3645
1649692800000,0.3645,0.3685,0.358,0.363
1649707200000,0.363,0.3645,0.3415,0.3475
1649721600000,0.3475,0.3555,0.3465,0.3525
1649736000000,0.3525,0.367,0.351,0.3645
1649750400000,0.3645,0.373,0.3625,0.372
1649764800000,0.372,0.375,0.362,0.3675
1649779200000,0.3675,0.371,0.3545,0.355
1649793600000,0.355,0.3735,0.355,0.3725
1649808000000,0.3725,0.375,0.367,0.3735
1649822400000,0.3735,0.381,0.3705,0.3755
1649836800000,0.3755,0.378,0.3655,0.366
1649851200000,0.366,0.386,0.362,0.383
1649865600000,0.383,0.3865,0.3775,0.382
1649880000000,0.382,0.3855,0.3805,0.3835
1649894400000,0.3835,0.39,0.382,0.3855
1649908800000,0.3855,0.3865,0.379,0.382
1649923200000,0.382,0.384,0.373,0.3735
1649937600000,0.3735,0.381,0.3635,0.3635
1649952000000,0.3635,0.366,0.3555,0.3605
1649966400000,0.3605,0.365,0.358,0.363
1649980800000,0.363,0.3695,0.361,0.369
1649995200000,0.369,0.3715,0.3615,0.367
1650009600000,0.367,0.3695,0.365,0.3665
1650024000000,0.3665,0.3675,0.358,0.366
1650038400000,0.366,0.369,0.3625,0.3655
1650052800000,0.3655,0.3705,0.364,0.369
1650067200000,0.369,0.371,0.3655,0.366
1650081600000,0.366,0.366,0.363,0.364
1650096000000,0.364,0.3665,0.363,0.3655
1650110400000,0.3655,0.3665,0.3565,0.3575
1650124800000,0.3575,0.3615,0.356,0.361
1650139200000,0.361,0.365,0.3605,0.3625
1650153600000,0.3625,0.365,0.358,0.363
1650168000000,0.363,0.37,0.3605,0.3615
1650182400000,0.3615,0.366,0.3615,0.366
1650196800000,0.366,0.3705,0.3645,0.3685
1650211200000,0.3685,0.369,0.3585,0.3625
1650225600000,0.3625,0.364,0.347,0.348
1650240000000,0.348,0.3545,0.346,0.3545
1650254400000,0.3545,0.3545,0.329,0.3385
1650268800000,0.3385,0.3435,0.3355,0.341
1650283200000,0.341,0.3495,0.341,0.3445
1650297600000,0.3445,0.362,0.3405,0.3575
1650312000000,0.3575,0.362,0.3575,0.362
1650326400000,0.362,0.369,0.358,0.3585
1650340800000,0.3585,0.363,0.3585,0.3595
1650355200000,0.3595,0.3635,0.356,0.36
1650369600000,0.36,0.3705,0.3595,0.366
1650384000000,0.366,0.3695,0.3565,0.3645
1650398400000,0.3645,0.3645,0.36,0.362
1650412800000,0.362,0.3635,0.3545,0.363
1650427200000,0.363,0.3635,0.3595,0.361
1650441600000,0.361,0.3815,0.36,0.3785
1650456000000,0.3785,0.38,0.3645,0.368
1650470400000,0.368,0.368,0.3545,0.358
1650484800000,0.358,0.3645,0.3545,0.3625
1650499200000,0.3625,0.3705,0.3625,0.369
1650513600000,0.369,0.373,0.364,0.372
1650528000000,0.372,0.382,0.3615,0.381
1650542400000,0.381,0.393,0.373,0.381
1650556800000,0.381,0.3955,0.3725,0.377
1650571200000,0.377,0.378,0.348,0.3545
1650585600000,0.3545,0.3645,0.352,0.359
1650600000000,0.359,0.367,0.357,0.3635
1650614400000,0.3635,0.365,0.3575,0.3645
1650628800000,0.3645,0.366,0.3505,0.3515
1650643200000,0.3515,0.355,0.348,0.3515
1650657600000,0.3515,0.357,0.3515,0.3535
1650672000000,0.3535,0.358,0.348,0.349
1650686400000,0.349,0.3515,0.343,0.3515
1650700800000,0.3515,0.355,0.3495,0.3545
1650715200000,0.3545,0.3585,0.35,0.358
1650729600000,0.358,0.359,0.354,0.357
1650744000000,0.357,0.359,0.3505,0.3535
1650758400000,0.3535,0.3625,0.3535,0.361
1650772800000,0.361,0.362,0.358,0.3605
1650787200000,0.3605,0.3625,0.356,0.3575
1650801600000,0.3575,0.3575,0.349,0.3545
1650816000000,0.3545,0.3565,0.346,0.355
1650830400000,0.355,0.361,0.3525,0.357
1650844800000,0.357,0.3585,0.3385,0.3485
1650859200000,0.3485,0.3485,0.325,0.326
1650873600000,0.326,0.343,0.3255,0.3425
1650888000000,0.3425,0.3465,0.3385,0.342
1650902400000,0.342,0.355,0.341,0.3545
1650916800000,0.3545,0.3605,0.352,0.3605
1650931200000,0.3605,0.372,0.36,0.3655
1650945600000,0.3655,0.3925,0.364,0.3895
1650960000000,0.3895,0.3965,0.387,0.393
1650974400000,0.393,0.4055,0.3775,0.3835
1650988800000,0.3835,0.396,0.3575,0.3575
1651003200000,0.3575,0.36,0.335,0.3375
1651017600000,0.3375,0.3465,0.3325,0.342
1651032000000,0.342,0.352,0.341,0.352
1651046400000,0.352,0.354,0.3425,0.3465
1651060800000,0.3465,0.359,0.3455,0.3535
1651075200000,0.3535,0.357,0.344,0.3495
1651089600000,0.3495,0.3725,0.349,0.3675
1651104000000,0.3675,0.379,0.359,0.3765
1651118400000,0.3765,0.4025,0.376,0.3975
1651132800000,0.3975,0.3995,0.39,0.3955
1651147200000,0.3955,0.4125,0.3735,0.377
1651161600000,0.377,0.3805,0.3655,0.369
1651176000000,0.369,0.372,0.356,0.3585
1651190400000,0.3585,0.3615,0.3495,0.3515
1651204800000,0.3515,0.358,0.3485,0.354
1651219200000,0.354,0.355,0.3415,0.347
1651233600000,0.347,0.357,0.3455,0.35
1651248000000,0.35,0.3575,0.3405,0.3455
1651262400000,0.3455,0.3535,0.336,0.35
1651276800000,0.35,0.3595,0.348,0.355
1651291200000,0.355,0.357,0.344,0.3455
1651305600000,0.3455,0.3475,0.3375,0.339
1651320000000,0.339,0.344,0.3325,0.342
1651334400000,0.342,0.3425,0.329,0.335
1651348800000,0.335,0.3355,0.29,0.306
1651363200000,0.306,0.312,0.3005,0.311
1651377600000,0.311,0.3175,0.307,0.3115
1651392000000,0.3115,0.317,0.3085,0.3095
1651406400000,0.3095,0.3205,0.305,0.3195
1651420800000,0.3195,0.3255,0.3055,0.3065
1651435200000,0.3065,0.3165,0.305,0.316
1651449600000,0.316,0.3205,0.3105,0.313
1651464000000,0.313,0.319,0.3115,0.313
1651478400000,0.313,0.3135,0.2975,0.3005
1651492800000,0.3005,0.3105,0.2975,0.3065
1651507200000,0.3065,0.308,0.2975,0.3075
1651521600000,0.3075,0.31,0.3005,0.3075
1651536000000,0.3075,0.3155,0.303,0.315
1651550400000,0.315,0.3385,0.315,0.3355
1651564800000,0.3355,0.3355,0.3205,0.3275
1651579200000,0.3275,0.328,0.3155,0.3215
1651593600000,0.3215,0.327,0.307,0.3105
1651608000000,0.3105,0.3205,0.307,0.319
1651622400000,0.319,0.325,0.3165,0.3185
1651636800000,0.3185,0.32,0.313,0.3175
1651651200000,0.3175,0.3265,0.3175,0.321
1651665600000,0.321,0.323,0.3105,0.315
1651680000000,0.315,0.334,0.314,0.3315
1651694400000,0.3315,0.347,0.331,0.344
1651708800000,0.344,0.3455,0.3375,0.341
1651723200000,0.341,0.343,0.3305,0.3325
1651737600000,0.3325,0.3325,0.3265,0.328
1651752000000,0.328,0.3305,0.2925,0.2975
1651766400000,0.2975,0.303,0.2845,0.2985
1651780800000,0.2985,0.3035,0.2925,0.301
1651795200000,0.301,0.301,0.2925,0.2975
1651809600000,0.2975,0.2995,0.2865,0.2945
1651824000000,0.2945,0.297,0.2825,0.2865
1651838400000,0.2865,0.298,0.279,0.2915
1651852800000,0.2915,0.2965,0.29,0.2925
1651867200000,0.2925,0.297,0.29,0.2955
1651881600000,0.2955,0.301,0.2935,0.2955
1651896000000,0.2955,0.3015,0.293,0.301
1651910400000,0.301,0.304,0.295,0.299
1651924800000,0.299,0.2995,0.295,0.296
1651939200000,0.296,0.2995,0.2945,0.2965
1651953600000,0.2965,0.2975,0.2865,0.292
1651968000000,0.292,0.293,0.282,0.29
1651982400000,0.29,0.2995,0.2885,0.298
1651996800000,0.298,0.311,0.2935,0.3075
1652011200000,0.3075,0.3075,0.2965,0.302
1652025600000,0.302,0.307,0.2925,0.3035
1652040000000,0.3035,0.307,0.2975,0.299
1652054400000,0.299,0.3065,0.29,0.2915
1652068800000,0.2915,0.296,0.2865,0.2885
1652083200000,0.2885,0.294,0.2755,0.2815
1652097600000,0.2815,0.283,0.2655,0.271
1652112000000,0.271,0.273,0.2435,0.2515
1652126400000,0.2515,0.2625,0.2325,0.238
1652140800000,0.238,0.2485,0.226,0.232
1652155200000,0.232,0.2655,0.2305,0.252
1652169600000,0.252,0.2625,0.251,0.261
1652184000000,0.261,0.269,0.247,0.2545
1652198400000,0.2545,0.263,0.247,0.249
1652212800000,0.249,0.2495,0.233,0.2455
1652227200000,0.2455,0.256,0.235,0.242
1652241600000,0.242,0.246,0.2035,0.2225
1652256000000,0.2225,0.2425,0.219,0.2245
1652270400000,0.2245,0.2345,0.1685,0.1965
1652284800000,0.1965,0.199,0.1555,0.1595
1652299200000,0.1595,0.163,0.142,0.1515
1652313600000,0.1515,0.164,0.1345,0.1355
1652328000000,0.1355,0.1375,0.118,0.134
1652342400000,0.134,0.142,0.129,0.133
1652356800000,0.133,0.1445,0.1285,0.1385
1652371200000,0.1385,0.1465,0.1325,0.1365
1652385600000,0.1365,0.137,0.128,0.134
1652400000000,0.134,0.1545,0.1325,0.1515
1652414400000,0.1515,0.1725,0.151,0.157
1652428800000,0.157,0.1665,0.156,0.1635
1652443200000,0.1635,0.167,0.154,0.1555
1652457600000,0.1555,0.158,0.1475,0.151
1652472000000,0.151,0.1595,0.147,0.1485
1652486400000,0.1485,0.1775,0.1475,0.1605
1652500800000,0.1605,0.1605,0.1535,0.1565
1652515200000,0.1565,0.159,0.1435,0.1475
1652529600000,0.1475,0.152,0.1435,0.147
1652544000000,0.147,0.1805,0.146,0.178
1652558400000,0.178,0.196,0.175,0.192
1652572800000,0.192,0.2015,0.1855,0.1985
1652587200000,0.1985,0.2055,0.1935,0.2005
1652601600000,0.2005,0.2145,0.193,0.1955
1652616000000,0.1955,0.201,0.189,0.1945
1652630400000,0.1945,0.198,0.188,0.1925
1652644800000,0.1925,0.2015,0.191,0.1995
1652659200000,0.1995,0.204,0.1905,0.192
1652673600000,0.192,0.1925,0.1795,0.18
1652688000000,0.18,0.1845,0.1765,0.1805
1652702400000,0.1805,0.183,0.173,0.176
1652716800000,0.176,0.182,0.1735,0.179
1652731200000,0.179,0.1815,0.1705,0.174
1652745600000,0.174,0.187,0.173,0.1855
1652760000000,0.1855,0.191,0.1825,0.189
1652774400000,0.189,0.191,0.184,0.1855
1652788800000,0.1855,0.1915,0.176,0.1785
1652803200000,0.1785,0.179,0.168,0.1745
1652817600000,0.1745,0.1825,0.1745,0.18
1652832000000,0.18,0.1845,0.175,0.1755
1652846400000,0.1755,0.1785,0.1725,0.177
1652860800000,0.177,0.1775,0.173,0.176
1652875200000,0.176,0.176,0.1595,0.163
1652889600000,0.163,0.166,0.16,0.1635
1652904000000,0.1635,0.1645,0.1565,0.157
1652918400000,0.157,0.162,0.1505,0.1585
1652932800000,0.1585,0.1605,0.154,0.156
1652947200000,0.156,0.156,0.148,0.155
1652961600000,0.155,0.1645,0.1525,0.1625
1652976000000,0.1625,0.166,0.157,0.1575
1652990400000,0.1575,0.163,0.1545,0.1605
1653004800000,0.1605,0.1645,0.1585,0.16
1653019200000,0.16,0.162,0.155,0.1585
1653033600000,0.1585,0.163,0.158,0.162
1653048000000,0.162,0.162,0.1495,0.1505
1653062400000,0.1505,0.153,0.1455,0.152
1653076800000,0.152,0.154,0.1485,0.1505
1653091200000,0.1505,0.153,0.1475,0.1525
1653105600000,0.1525,0.154,0.1495,0.1535
1653120000000,0.1535,0.155,0.1505,0.1525
1653134400000,0.1525,0.1595,0.152,0.159
1653148800000,0.159,0.162,0.156,0.1565
1653163200000,0.1565,0.159,0.154,0.1575
1653177600000,0.1575,0.1605,0.1565,0.158
1653192000000,0.158,0.1615,0.155,0.161
1653206400000,0.161,0.1685,0.16,0.1635
1653220800000,0.1635,0.166,0.1605,0.1625
1653235200000,0.1625,0.1625,0.1575,0.1585
1653249600000,0.1585,0.1645,0.1585,0.1625
1653264000000,0.1625,0.166,0.1585,0.162
1653278400000,0.162,0.172,0.1615,0.171
1653292800000,0.171,0.1725,0.1675,0.168
1653307200000,0.168,0.1725,0.1635,0.1715
1653321600000,0.1715,0.1745,0.157,0.1575
1653336000000,0.1575,0.1625,0.152,0.1545
1653350400000,0.1545,0.161,0.154,0.1595
1653364800000,0.1595,0.161,0.1535,0.157
1653379200000,0.157,0.1575,0.15,0.1525
1653393600000,0.1525,0.158,0.144,0.155
1653408000000,0.155,0.1555,0.1485,0.152
1653422400000,0.152,0.157,0.151,0.155
1653436800000,0.155,0.159,0.152,0.1565
1653451200000,0.1565,0.1565,0.1495,0.152
1653465600000,0.152,0.1535,0.1475,0.1495
1653480000000,0.1495,0.154,0.148,0.153
1653494400000,0.153,0.1555,0.1485,0.151
1653508800000,0.151,0.153,0.15,0.151
1653523200000,0.151,0.154,0.149,0.15
1653537600000,0.15,0.1505,0.1405,0.144
1653552000000,0.144,0.144,0.1355,0.1385
1653566400000,0.1385,0.145,0.1325,0.143
1653580800000,0.143,0.1475,0.1395,0.14
1653595200000,0.14,0.143,0.1375,0.138
1653609600000,0.138,0.1395,0.131,0.138
1653624000000,0.138,0.1425,0.132,0.1385
1653638400000,0.1385,0.1425,0.137,0.1405
1653652800000,0.1405,0.1445,0.1365,0.1405
1653667200000,0.1405,0.142,0.132,0.136
1653681600000,0.136,0.1395,0.1335,0.1355
1653696000000,0.1355,0.14,0.1315,0.1375
1653710400000,0.1375,0.1395,0.1345,0.136
1653724800000,0.136,0.138,0.1335,0.1365
1653739200000,0.1365,0.1415,0.1365,0.1395
1653753600000,0.1395,0.1425,0.138,0.1405
1653768000000,0.1405,0.1405,0.1355,0.1375
1653782400000,0.1375,0.1395,0.133,0.135
1653796800000,0.135,0.138,0.1335,0.137
1653811200000,0.137,0.1395,0.1355,0.1385
1653825600000,0.1385,0.1415,0.1385,0.1395
1653840000000,0.1395,0.1415,0.139,0.1405
1653854400000,0.1405,0.143,0.1395,0.142
1653868800000,0.142,0.1525,0.1405,0.15
1653883200000,0.15,0.1575,0.1495,0.1565
1653897600000,0.1565,0.1575,0.1495,0.1505
1653912000000,0.1505,0.1525,0.1475,0.1495
1653926400000,0.1495,0.154,0.148,0.153
1653940800000,0.153,0.1575,0.152,0.1565
1653955200000,0.1565,0.161,0.1535,0.1575
1653969600000,0.1575,0.158,0.151,0.153
1653984000000,0.153,0.157,0.151,0.1555
1653998400000,0.1555,0.157,0.148,0.1565
1654012800000,0.1565,0.166,0.154,0.1565
1654027200000,0.1565,0.1645,0.1555,0.1635
1654041600000,0.1635,0.166,0.1535,0.1545
1654056000000,0.1545,0.1585,0.153,0.1535
1654070400000,0.1535,0.163,0.153,0.158
1654084800000,0.158,0.165,0.1515,0.1525
1654099200000,0.1525,0.153,0.149,0.15
1654113600000,0.15,0.1505,0.141,0.1465
1654128000000,0.1465,0.1475,0.1415,0.142
1654142400000,0.142,0.147,0.14,0.145
1654156800000,0.145,0.1475,0.144,0.1475
1654171200000,0.1475,0.1495,0.141,0.148
1654185600000,0.148,0.15,0.1465,0.1485
1654200000000,0.1485,0.153,0.1475,0.152
1654214400000,0.152,0.153,0.149,0.152
1654228800000,0.152,0.152,0.148,0.149
1654243200000,0.149,0.1495,0.1415,0.1425
1654257600000,0.1425,0.146,0.141,0.1445
1654272000000,0.1445,0.146,0.143,0.145
1654286400000,0.145,0.1525,0.1445,0.148
1654300800000,0.148,0.1495,0.145,0.1455
1654315200000,0.1455,0.17,0.145,0.167
1654329600000,0.167,0.175,0.164,0.1655
1654344000000,0.1655,0.175,0.16,0.1615
1654358400000,0.1615,0.165,0.16,0.163
1654372800000,0.163,0.1695,0.162,0.165
1654387200000,0.165,0.1735,0.1615,0.17
1654401600000,0.17,0.172,0.1625,0.163
1654416000000,0.163,0.1645,0.16,0.161
1654430400000,0.161,0.161,0.156,0.159
1654444800000,0.159,0.161,0.1565,0.16
1654459200000,0.16,0.161,0.1555,0.156
1654473600000,0.156,0.166,0.155,0.1645
1654488000000,0.1645,0.168,0.1625,0.1655
1654502400000,0.1655,0.1695,0.1625,0.1635
1654516800000,0.1635,0.165,0.159,0.161
1654531200000,0.161,0.161,0.1555,0.1575
1654545600000,0.1575,0.1595,0.1535,0.1585
1654560000000,0.1585,0.1595,0.145,0.1485
1654574400000,0.1485,0.1525,0.1475,0.152
1654588800000,0.152,0.1535,0.1485,0.1515
1654603200000,0.1515,0.1545,0.148,0.1515
1654617600000,0.1515,0.1565,0.15,0.1545
1654632000000,0.1545,0.1585,0.15,0.1545
1654646400000,0.1545,0.1565,0.1485,0.1485
1654660800000,0.1485,0.154,0.1485,0.153
1654675200000,0.153,0.154,0.15,0.152
1654689600000,0.152,0.1535,0.1485,0.152
1654704000000,0.152,0.153,0.147,0.148
1654718400000,0.148,0.15,0.1475,0.149
1654732800000,0.149,0.1495,0.143,0.1465
1654747200000,0.1465,0.149,0.146,0.149
1654761600000,0.149,0.152,0.1485,0.15
1654776000000,0.15,0.152,0.1485,0.149
1654790400000,0.149,0.1515,0.1455,0.146
1654804800000,0.146,0.1495,0.1455,0.1475
1654819200000,0.1475,0.1495,0.144,0.1485
1654833600000,0.1485,0.15,0.147,0.1475
1654848000000,0.1475,0.148,0.1435,0.1455
1654862400000,0.1455,0.1465,0.1355,0.139
1654876800000,0.139,0.141,0.135,0.138
1654891200000,0.138,0.14,0.135,0.137
1654905600000,0.137,0.1395,0.1355,0.139
1654920000000,0.139,0.141,0.1385,0.14
1654934400000,0.14,0.1405,0.1295,0.131
1654948800000,0.131,0.1325,0.1195,0.1225
1654963200000,0.1225,0.1265,0.12,0.125
1654977600000,0.125,0.1265,0.121,0.123
1654992000000,0.123,0.1245,0.112,0.1165
1655006400000,0.1165,0.1175,0.11,0.116
1655020800000,0.116,0.1195,0.114,0.118
1655035200000,0.118,0.124,0.114,0.122
1655049600000,0.122,0.1225,0.118,0.12
1655064000000,0.12,0.121,0.111,0.112
1655078400000,0.112,0.113,0.1,0.1045
1655092800000,0.1045,0.108,0.099,0.1015
1655107200000,0.1015,0.104,0.095,0.101
1655121600000,0.101,0.109,0.0995,0.108
1655136000000,0.108,0.114,0.1065,0.108
1655150400000,0.108,0.1125,0.1025,0.1065
1655164800000,0.1065,0.107,0.0965,0.1025
1655179200000,0.1025,0.1155,0.1,0.112
1655193600000,0.112,0.114,0.103,0.1045
1655208000000,0.1045,0.11,0.102,0.1085
1655222400000,0.1085,0.109,0.1035,0.104
1655236800000,0.104,0.1065,0.0995,0.1045
1655251200000,0.1045,0.1055,0.0985,0.099
1655265600000,0.099,0.099,0.0935,0.0945
1655280000000,0.0945,0.0975,0.09,0.0965
1655294400000,0.0965,0.101,0.0955,0.0975
1655308800000,0.0975,0.1095,0.0945,0.1065
1655323200000,0.1065,0.1125,0.1055,0.1125
1655337600000,0.1125,0.1165,0.108,0.109
1655352000000,0.109,0.1105,0.1035,0.1045
1655366400000,0.1045,0.106,0.0985,0.1
1655380800000,0.1,0.103,0.0975,0.1005
1655395200000,0.1005,0.1025,0.0975,0.0975
1655409600000,0.0975,0.101,0.094,0.097
1655424000000,0.097,0.101,0.0955,0.097
1655438400000,0.097,0.102,0.097,0.101
1655452800000,0.101,0.1025,0.0985,0.1005
1655467200000,0.1005,0.101,0.097,0.099
1655481600000,0.099,0.1005,0.097,0.098
1655496000000,0.098,0.1,0.0975,0.099
1655510400000,0.099,0.1005,0.095,0.097
1655524800000,0.097,0.0995,0.0905,0.0925
1655539200000,0.0925,0.0975,0.0895,0.0955
1655553600000,0.0955,0.099,0.095,0.097
1655568000000,0.097,0.0995,0.091,0.091
1655582400000,0.091,0.1005,0.089,0.0985
1655596800000,0.0985,0.1005,0.094,0.0955
1655611200000,0.0955,0.0975,0.092,0.095
1655625600000,0.095,0.1015,0.094,0.1005
1655640000000,0.1005,0.101,0.0975,0.101
1655654400000,0.101,0.104,0.0985,0.101
1655668800000,0.101,0.1045,0.1005,0.1025
1655683200000,0.1025,0.1035,0.097,0.0995
1655697600000,0.0995,0.103,0.098,0.102
1655712000000,0.102,0.109,0.101,0.107
1655726400000,0.107,0.108,0.1035,0.107
1655740800000,0.107,0.1075,0.101,0.1035
1655755200000,0.1035,0.105,0.1,0.1035
1655769600000,0.1035,0.1055,0.1015,0.105
1655784000000,0.105,0.115,0.1045,0.111
1655798400000,0.111,0.115,0.1105,0.111
1655812800000,0.111,0.1185,0.1105,0.1145
1655827200000,0.1145,0.116,0.109,0.11
1655841600000,0.11,0.114,0.108,0.11
1655856000000,0.11,0.1105,0.1045,0.1055
1655870400000,0.1055,0.1085,0.104,0.1055
1655884800000,0.1055,0.109,0.1045,0.1075
1655899200000,0.1075,0.111,0.105,0.1055
1655913600000,0.1055,0.108,0.1035,0.107
1655928000000,0.107,0.1075,0.104,0.1045
1655942400000,0.1045,0.11,0.1045,0.108
1655956800000,0.108,0.1125,0.1075,0.111
1655971200000,0.111,0.115,0.11,0.112
1655985600000,0.112,0.114,0.108,0.1085
1656000000000,0.1085,0.1105,0.106,0.11
1656014400000,0.11,0.1125,0.108,0.112
1656028800000,0.112,0.115,0.111,0.1125
1656043200000,0.1125,0.1145,0.109,0.1115
1656057600000,0.1115,0.1155,0.1105,0.1145
1656072000000,0.1145,0.1185,0.113,0.1155
1656086400000,0.1155,0.1175,0.1135,0.115
1656100800000,0.115,0.1195,0.1145,0.115
1656115200000,0.115,0.1185,0.113,0.1155
1656129600000,0.1155,0.119,0.115,0.118
1656144000000,0.118,0.1205,0.1155,0.1155
1656158400000,0.1155,0.1165,0.11,0.1105
1656172800000,0.1105,0.116,0.1095,0.114
1656187200000,0.114,0.118,0.1135,0.1165
1656201600000,0.1165,0.119,0.115,0.118
1656216000000,0.118,0.121,0.117,0.1185
1656230400000,0.1185,0.124,0.118,0.123
1656244800000,0.123,0.1235,0.1155,0.1175
1656259200000,0.1175,0.119,0.1115,0.113
1656273600000,0.113,0.1155,0.1075,0.108
1656288000000,0.108,0.111,0.1075,0.1105
1656302400000,0.1105,0.1125,0.1095,0.112
1656316800000,0.112,0.1145,0.1105,0.111
1656331200000,0.111,0.112,0.1065,0.1095
1656345600000,0.1095,0.1105,0.1065,0.108
1656360000000,0.108,0.1105,0.107,0.1075
1656374400000,0.1075,0.1095,0.102,0.1045
1656388800000,0.1045,0.108,0.104,0.1075
1656403200000,0.1075,0.1095,0.106,0.107
1656417600000,0.107,0.109,0.103,0.103
1656432000000,0.103,0.104,0.101,0.102
1656446400000,0.102,0.103,0.0985,0.1
1656460800000,0.1,0.102,0.099,0.101
1656475200000,0.101,0.102,0.0975,0.1
1656489600000,0.1,0.1015,0.0985,0.1
1656504000000,0.1,0.102,0.098,0.1
1656518400000,0.1,0.1005,0.096,0.099
1656532800000,0.099,0.1005,0.093,0.0945
1656547200000,0.0945,0.095,0.0915,0.094
1656561600000,0.094,0.095,0.0885,0.091
1656576000000,0.091,0.0925,0.0895,0.0915
1656590400000,0.0915,0.094,0.0895,0.0925
1656604800000,0.0925,0.0945,0.0915,0.093
1656619200000,0.093,0.096,0.09,0.0955
1656633600000,0.0955,0.099,0.0925,0.093
1656648000000,0.093,0.0935,0.09,0.093
1656662400000,0.093,0.094,0.09,0.0915
1656676800000,0.0915,0.0935,0.0905,0.0915
1656691200000,0.0915,0.094,0.091,0.094
1656705600000,0.094,0.097,0.091,0.092
1656720000000,0.092,0.0935,0.09,0.0905
1656734400000,0.0905,0.0925,0.09,0.0915
1656748800000,0.0915,0.093,0.09,0.092
1656763200000,0.092,0.0935,0.091,0.092
1656777600000,0.092,0.0945,0.0915,0.094
1656792000000,0.094,0.0965,0.093,0.0945
1656806400000,0.0945,0.0945,0.092,0.093
1656820800000,0.093,0.0945,0.0905,0.092
1656835200000,0.092,0.0925,0.091,0.092
1656849600000,0.092,0.0925,0.0905,0.0915
1656864000000,0.0915,0.095,0.091,0.095
1656878400000,0.095,0.095,0.093,0.094
1656892800000,0.094,0.0955,0.091,0.0925
1656907200000,0.0925,0.0945,0.0915,0.094
1656921600000,0.094,0.096,0.093,0.096
1656936000000,0.096,0.098,0.0945,0.096
1656950400000,0.096,0.097,0.095,0.096
1656964800000,0.096,0.099,0.095,0.098
1656979200000,0.098,0.0995,0.0965,0.099
1656993600000,0.099,0.1015,0.098,0.0995
1657008000000,0.0995,0.0995,0.093,0.094
1657022400000,0.094,0.095,0.092,0.095
1657036800000,0.095,0.0985,0.094,0.0975
1657051200000,0.0975,0.099,0.0955,0.0965
1657065600000,0.0965,0.0985,0.095,0.0975
1657080000000,0.0975,0.099,0.097,0.098
1657094400000,0.098,0.099,0.0965,0.0975
1657108800000,0.0975,0.098,0.0965,0.097
1657123200000,0.097,0.099,0.0965,0.0975
1657137600000,0.0975,0.0995,0.097,0.0985
1657152000000,0.0985,0.1005,0.098,0.1
1657166400000,0.1,0.102,0.0985,0.102
1657180800000,0.102,0.102,0.0995,0.101
1657195200000,0.101,0.1025,0.0995,0.102
1657209600000,0.102,0.104,0.1015,0.1035
1657224000000,0.1035,0.104,0.101,0.103
1657238400000,0.103,0.1045,0.1015,0.104
1657252800000,0.104,0.1045,0.1,0.101
1657267200000,0.101,0.1015,0.098,0.099
1657281600000,0.099,0.1005,0.097,0.1
1657296000000,0.1,0.101,0.099,0.1005
1657310400000,0.1005,0.1015,0.099,0.0995
1657324800000,0.0995,0.1015,0.099,0.1015
1657339200000,0.1015,0.1045,0.1005,0.1035
1657353600000,0.1035,0.1045,0.1015,0.1015
1657368000000,0.1015,0.1095,0.1015,0.109
1657382400000,0.109,0.1105,0.1065,0.107
1657396800000,0.107,0.108,0.1055,0.106
1657411200000,0.106,0.106,0.102,0.103
1657425600000,0.103,0.105,0.102,0.1045
1657440000000,0.1045,0.105,0.101,0.102
1657454400000,0.102,0.1035,0.0985,0.099
1657468800000,0.099,0.1015,0.0985,0.1015
1657483200000,0.1015,0.1015,0.0995,0.1
1657497600000,0.1,0.1,0.097,0.0985
1657512000000,0.0985,0.099,0.0955,0.0975
1657526400000,0.0975,0.0995,0.0965,0.0985
1657540800000,0.0985,0.1,0.096,0.0975
1657555200000,0.0975,0.0995,0.097,0.0975
1657569600000,0.0975,0.098,0.0905,0.0915
1657584000000,0.0915,0.0935,0.0905,0.093
1657598400000,0.093,0.0945,0.0905,0.092
1657612800000,0.092,0.0925,0.089,0.091
1657627200000,0.091,0.0925,0.09,0.092
1657641600000,0.092,0.093,0.087,0.089
1657656000000,0.089,0.09,0.0865,0.0875
1657670400000,0.0875,0.09,0.085,0.0885
1657684800000,0.0885,0.0935,0.0885,0.0925
1657699200000,0.0925,0.0935,0.0915,0.092
1657713600000,0.092,0.0935,0.078,0.0895
1657728000000,0.0895,0.092,0.088,0.091
1657742400000,0.091,0.094,0.0895,0.094
1657756800000,0.094,0.0945,0.0925,0.093
1657771200000,0.093,0.0935,0.091,0.091
1657785600000,0.091,0.092,0.09,0.0905
1657800000000,0.0905,0.094,0.09,0.0935
1657814400000,0.0935,0.097,0.0925,0.096
1657828800000,0.096,0.0965,0.0945,0.096
1657843200000,0.096,0.098,0.095,0.0965
1657857600000,0.0965,0.098,0.096,0.0975
1657872000000,0.0975,0.0995,0.0965,0.0965
1657886400000,0.0965,0.1005,0.096,0.099
1657900800000,0.099,0.0995,0.097,0.099
1657915200000,0.099,0.1005,0.0975,0.099
1657929600000,0.099,0.0995,0.097,0.0985
1657944000000,0.0985,0.0985,0.096,0.096
1657958400000,0.096,0.0975,0.096,0.097
1657972800000,0.097,0.1,0.097,0.1
1657987200000,0.1,0.104,0.0995,0.1
1658001600000,0.1,0.1015,0.0985,0.101
1658016000000,0.101,0.102,0.099,0.1
1658030400000,0.1,0.103,0.1,0.101
1658044800000,0.101,0.103,0.1,0.1015
1658059200000,0.1015,0.1015,0.098,0.099
1658073600000,0.099,0.103,0.097,0.1
1658088000000,0.1,0.1,0.0975,0.098
1658102400000,0.098,0.107,0.0975,0.1055
1658116800000,0.1055,0.1125,0.1055,0.111
1658131200000,0.111,0.114,0.1095,0.11
1658145600000,0.11,0.1145,0.1085,0.1145
1658160000000,0.1145,0.115,0.1055,0.107
1658174400000,0.107,0.1115,0.1065,0.1105
1658188800000,0.1105,0.1125,0.1075,0.108
1658203200000,0.108,0.1105,0.106,0.1105
1658217600000,0.1105,0.114,0.1095,0.113
1658232000000,0.113,0.117,0.111,0.113
1658246400000,0.113,0.116,0.1125,0.114
1658260800000,0.114,0.1155,0.113,0.1145
1658275200000,0.1145,0.12,0.111,0.1175
1658289600000,0.1175,0.118,0.116,0.116
1658304000000,0.116,0.117,0.113,0.115
1658318400000,0.115,0.1165,0.1135,0.115
1658332800000,0.115,0.1155,0.1095,0.11
1658347200000,0.11,0.11,0.1035,0.1045
1658361600000,0.1045,0.1075,0.1015,0.1025
1658376000000,0.1025,0.105,0.1015,0.1045
1658390400000,0.1045,0.105,0.1025,0.103
1658404800000,0.103,0.105,0.102,0.1035
1658419200000,0.1035,0.108,0.1035,0.1075
1658433600000,0.1075,0.1085,0.1055,0.107
1658448000000,0.107,0.1105,0.1065,0.108
1658462400000,0.108,0.1125,0.107,0.1115
1658476800000,0.1115,0.117,0.1105,0.113
1658491200000,0.113,0.115,0.106,0.107
1658505600000,0.107,0.108,0.1035,0.1045
1658520000000,0.1045,0.105,0.103,0.104
1658534400000,0.104,0.1065,0.1025,0.106
1658548800000,0.106,0.1085,0.1055,0.106
1658563200000,0.106,0.1075,0.1015,0.1015
1658577600000,0.1015,0.1045,0.101,0.103
1658592000000,0.103,0.104,0.1005,0.1025
1658606400000,0.1025,0.1075,0.1025,0.106
1658620800000,0.106,0.107,0.105,0.105
1658635200000,0.105,0.1085,0.105,0.108
1658649600000,0.108,0.108,0.1055,0.1065
1658664000000,0.1065,0.107,0.1045,0.1065
1658678400000,0.1065,0.107,0.105,0.1055
1658692800000,0.1055,0.1075,0.104,0.105
1658707200000,0.105,0.1055,0.0995,0.1005
1658721600000,0.1005,0.102,0.099,0.1015
1658736000000,0.1015,0.102,0.1,0.1005
1658750400000,0.1005,0.102,0.0995,0.1015
1658764800000,0.1015,0.103,0.0985,0.1
1658779200000,0.1,0.102,0.0955,0.0955
1658793600000,0.0955,0.0965,0.094,0.0965
1658808000000,0.0965,0.098,0.0955,0.0955
1658822400000,0.0955,0.0965,0.0945,0.096
1658836800000,0.096,0.097,0.093,0.094
1658851200000,0.094,0.0955,0.093,0.094
1658865600000,0.094,0.0975,0.093,0.0975
1658880000000,0.0975,0.098,0.095,0.0955
1658894400000,0.0955,0.098,0.0945,0.0965
1658908800000,0.0965,0.097,0.0945,0.0945
1658923200000,0.0945,0.097,0.0945,0.0965
1658937600000,0.0965,0.1075,0.095,0.107
1658952000000,0.107,0.1115,0.107,0.1115
1658966400000,0.1115,0.1125,0.1085,0.112
1658980800000,0.112,0.114,0.109,0.1095
1658995200000,0.1095,0.1105,0.108,0.1095
1659009600000,0.1095,0.1165,0.105,0.114
1659024000000,0.114,0.1175,0.1135,0.1145
1659038400000,0.1145,0.118,0.1145,0.1145
1659052800000,0.1145,0.1305,0.1135,0.129
1659067200000,0.129,0.141,0.1285,0.134
1659081600000,0.134,0.1345,0.125,0.127
1659096000000,0.127,0.132,0.1235,0.1295
1659110400000,0.1295,0.1295,0.124,0.126
1659124800000,0.126,0.1325,0.1255,0.127
1659139200000,0.127,0.133,0.1265,0.129
1659153600000,0.129,0.135,0.1255,0.1345
1659168000000,0.1345,0.139,0.1315,0.135
1659182400000,0.135,0.1455,0.1345,0.1455
1659196800000,0.1455,0.146,0.139,0.1395
1659211200000,0.1395,0.14,0.1295,0.132
1659225600000,0.132,0.1355,0.131,0.1345
1659240000000,0.1345,0.14,0.1345,0.1355
1659254400000,0.1355,0.14,0.1325,0.138
1659268800000,0.138,0.1405,0.134,0.1365
1659283200000,0.1365,0.1385,0.132,0.134
1659297600000,0.134,0.135,0.1265,0.128
1659312000000,0.128,0.132,0.127,0.132
1659326400000,0.132,0.133,0.128,0.1305
1659340800000,0.1305,0.131,0.126,0.128
1659355200000,0.128,0.13,0.1245,0.1285
1659369600000,0.1285,0.1285,0.1225,0.125
1659384000000,0.125,0.125,0.1215,0.1235
1659398400000,0.1235,0.1255,0.1155,0.116
1659412800000,0.116,0.118,0.114,0.115
1659427200000,0.115,0.118,0.114,0.117
1659441600000,0.117,0.122,0.115,0.1205
1659456000000,0.1205,0.125,0.1185,0.12
1659470400000,0.12,0.121,0.1165,0.1165
1659484800000,0.1165,0.1195,0.114,0.1185
1659499200000,0.1185,0.1215,0.118,0.1215
1659513600000,0.1215,0.123,0.1205,0.122
1659528000000,0.122,0.1245,0.1205,0.1215
1659542400000,0.1215,0.1235,0.1205,0.123
1659556800000,0.123,0.123,0.117,0.118
1659571200000,0.118,0.1235,0.118,0.1225
1659585600000,0.1225,0.126,0.1205,0.1215
1659600000000,0.1215,0.122,0.119,0.12
1659614400000,0.12,0.1225,0.1185,0.1215
1659628800000,0.1215,0.1225,0.117,0.1185
1659643200000,0.1185,0.1205,0.118,0.12
1659657600000,0.12,0.1265,0.12,0.125
1659672000000,0.125,0.1275,0.1225,0.1265
1659686400000,0.1265,0.128,0.1235,0.127
1659700800000,0.127,0.1275,0.123,0.125
1659715200000,0.125,0.1305,0.1245,0.1285
1659729600000,0.1285,0.1315,0.1265,0.131
1659744000000,0.131,0.132,0.128,0.1285
1659758400000,0.1285,0.1305,0.1285,0.1305
1659772800000,0.1305,0.132,0.129,0.13
1659787200000,0.13,0.1335,0.13,0.1305
1659801600000,0.1305,0.132,0.1275,0.13
1659816000000,0.13,0.1305,0.1265,0.1275
1659830400000,0.1275,0.129,0.125,0.126
1659844800000,0.126,0.1275,0.125,0.127
1659859200000,0.127,0.1275,0.1255,0.127
1659873600000,0.127,0.129,0.1265,0.127
1659888000000,0.127,0.1285,0.127,0.128
1659902400000,0.128,0.131,0.1275,0.128
1659916800000,0.128,0.1325,0.128,0.132
1659931200000,0.132,0.1435,0.1315,0.1425
1659945600000,0.1425,0.158,0.1415,0.1565
1659960000000,0.1565,0.1575,0.149,0.1505
1659974400000,0.1505,0.1515,0.146,0.147
1659988800000,0.147,0.1515,0.146,0.1495
1660003200000,0.1495,0.1515,0.147,0.1505
1660017600000,0.1505,0.153,0.143,0.144
1660032000000,0.144,0.1445,0.1395,0.142
1660046400000,0.142,0.144,0.1335,0.137
1660060800000,0.137,0.1455,0.1365,0.141
1660075200000,0.141,0.143,0.1395,0.1395
1660089600000,0.1395,0.143,0.135,0.1365
1660104000000,0.1365,0.1405,0.1355,0.136
1660118400000,0.136,0.1395,0.1355,0.139
1660132800000,0.139,0.1465,0.1365,0.1435
1660147200000,0.1435,0.1445,0.14,0.1435
1660161600000,0.1435,0.147,0.1425,0.146
1660176000000,0.146,0.1475,0.1445,0.146
1660190400000,0.146,0.148,0.143,0.1435
1660204800000,0.1435,0.145,0.142,0.144
1660219200000,0.144,0.1455,0.141,0.1415
1660233600000,0.1415,0.143,0.141,0.142
1660248000000,0.142,0.1435,0.1405,0.142
1660262400000,0.142,0.1465,0.1395,0.1455
1660276800000,0.1455,0.146,0.142,0.1435
1660291200000,0.1435,0.144,0.1375,0.138
1660305600000,0.138,0.144,0.1375,0.1435
1660320000000,0.1435,0.145,0.142,0.1435
1660334400000,0.1435,0.1475,0.1415,0.1475
1660348800000,0.1475,0.1505,0.145,0.1485
1660363200000,0.1485,0.149,0.144,0.144
1660377600000,0.144,0.1455,0.1415,0.1425
1660392000000,0.1425,0.1455,0.1405,0.145
1660406400000,0.145,0.1465,0.1425,0.1435
1660420800000,0.1435,0.145,0.143,0.1435
1660435200000,0.1435,0.1475,0.142,0.1465
1660449600000,0.1465,0.15,0.146,0.1485
1660464000000,0.1485,0.15,0.1465,0.1475
1660478400000,0.1475,0.1475,0.142,0.143
1660492800000,0.143,0.1435,0.137,0.1395
1660507200000,0.1395,0.1405,0.1375,0.139
1660521600000,0.139,0.145,0.138,0.1435
1660536000000,0.1435,0.1445,0.134,0.1355
1660550400000,0.1355,0.1365,0.132,0.135
1660564800000,0.135,0.136,0.133,0.136
1660579200000,0.136,0.1375,0.133,0.1335
1660593600000,0.1335,0.1355,0.1315,0.134
1660608000000,0.134,0.136,0.1295,0.1335
1660622400000,0.1335,0.134,0.1285,0.1315
1660636800000,0.1315,0.1335,0.131,0.1325
1660651200000,0.1325,0.133,0.1295,0.132
1660665600000,0.132,0.132,0.129,0.1305
1660680000000,0.1305,0.1315,0.1295,0.1305
1660694400000,0.1305,0.133,0.13,0.1325
1660708800000,0.1325,0.1345,0.1285,0.1295
1660723200000,0.1295,0.1315,0.129,0.1295
1660737600000,0.1295,0.1295,0.121,0.124
1660752000000,0.124,0.1265,0.1235,0.124
1660766400000,0.124,0.1255,0.1205,0.1225
1660780800000,0.1225,0.1255,0.1215,0.1245
1660795200000,0.1245,0.125,0.122,0.1225
1660809600000,0.1225,0.124,0.1215,0.1235
1660824000000,0.1235,0.125,0.122,0.1235
1660838400000,0.1235,0.124,0.119,0.1205
1660852800000,0.1205,0.1225,0.113,0.115
1660867200000,0.115,0.1155,0.109,0.1115
1660881600000,0.1115,0.112,0.102,0.1075
1660896000000,0.1075,0.1075,0.104,0.1065
1660910400000,0.1065,0.109,0.105,0.108
1660924800000,0.108,0.1105,0.1065,0.108
1660939200000,0.108,0.1085,0.1045,0.1055
1660953600000,0.1055,0.109,0.1055,0.1075
1660968000000,0.1075,0.111,0.107,0.1095
1660982400000,0.1095,0.1095,0.1075,0.108
1660996800000,0.108,0.1095,0.1065,0.1075
1661011200000,0.1075,0.108,0.0995,0.101
1661025600000,0.101,0.1035,0.0995,0.103
1661040000000,0.103,0.1045,0.1025,0.1035
1661054400000,0.1035,0.1055,0.102,0.105
1661068800000,0.105,0.109,0.105,0.1085
1661083200000,0.1085,0.1085,0.106,0.108
1661097600000,0.108,0.109,0.1065,0.108
1661112000000,0.108,0.1105,0.106,0.1075
1661126400000,0.1075,0.1085,0.106,0.1075
1661140800000,0.1075,0.108,0.1025,0.1025
1661155200000,0.1025,0.1055,0.1005,0.1045
1661169600000,0.1045,0.106,0.103,0.1055
1661184000000,0.1055,0.1065,0.1035,0.1055
1661198400000,0.1055,0.1115,0.105,0.111
1661212800000,0.111,0.114,0.1105,0.111
1661227200000,0.111,0.112,0.1065,0.11
1661241600000,0.11,0.112,0.109,0.11
1661256000000,0.11,0.113,0.1095,0.1115
1661270400000,0.1115,0.1125,0.11,0.112
1661284800000,0.112,0.114,0.111,0.1135
1661299200000,0.1135,0.1135,0.1095,0.111
1661313600000,0.111,0.1145,0.1105,0.1125
1661328000000,0.1125,0.116,0.1125,0.115
1661342400000,0.115,0.1165,0.1135,0.1165
1661356800000,0.1165,0.1185,0.1155,0.117
1661371200000,0.117,0.118,0.114,0.115
1661385600000,0.115,0.12,0.114,0.119
1661400000000,0.119,0.1195,0.1165,0.119
1661414400000,0.119,0.1205,0.117,0.118
1661428800000,0.118,0.1185,0.1135,0.114
1661443200000,0.114,0.116,0.113,0.116
1661457600000,0.116,0.117,0.115,0.1155
1661472000000,0.1155,0.1165,0.114,0.1155
1661486400000,0.1155,0.1165,0.111,0.112
1661500800000,0.112,0.1135,0.109,0.1105
1661515200000,0.1105,0.1155,0.1075,0.1085
1661529600000,0.1085,0.1085,0.104,0.1055
1661544000000,0.1055,0.106,0.1005,0.102
1661558400000,0.102,0.1035,0.1015,0.103
1661572800000,0.103,0.104,0.1,0.1035
1661587200000,0.1035,0.1045,0.1025,0.104
1661601600000,0.104,0.1045,0.101,0.1025
1661616000000,0.1025,0.1035,0.101,0.103
1661630400000,0.103,0.104,0.1015,0.103
1661644800000,0.103,0.1045,0.102,0.103
1661659200000,0.103,0.1045,0.102,0.104
1661673600000,0.104,0.1045,0.103,0.1035
1661688000000,0.1035,0.1045,0.1015,0.1035
1661702400000,0.1035,0.105,0.103,0.1035
1661716800000,0.1035,0.104,0.098,0.099
1661731200000,0.099,0.1015,0.0975,0.1015
1661745600000,0.1015,0.1015,0.1,0.1015
1661760000000,0.1015,0.102,0.1005,0.1015
1661774400000,0.1015,0.1055,0.101,0.1045
1661788800000,0.1045,0.1055,0.104,0.104
1661803200000,0.104,0.1065,0.104,0.1065
1661817600000,0.1065,0.107,0.104,0.1055
1661832000000,0.1055,0.108,0.1055,0.107
1661846400000,0.107,0.1075,0.105,0.1055
1661860800000,0.1055,0.1065,0.101,0.102
1661875200000,0.102,0.1045,0.1,0.103
1661889600000,0.103,0.1045,0.102,0.1025
1661904000000,0.1025,0.107,0.1025,0.106
1661918400000,0.106,0.107,0.105,0.1055
1661932800000,0.1055,0.107,0.104,0.106
1661947200000,0.106,0.1065,0.1025,0.105
1661961600000,0.105,0.105,0.1025,0.1045
1661976000000,0.1045,0.105,0.1015,0.1025
1661990400000,0.1025,0.104,0.101,0.1015
1662004800000,0.1015,0.103,0.1,0.101
1662019200000,0.101,0.1045,0.1005,0.104
1662033600000,0.104,0.1045,0.1005,0.102
1662048000000,0.102,0.1035,0.101,0.103
1662062400000,0.103,0.105,0.1025,0.105
1662076800000,0.105,0.1055,0.103,0.105
1662091200000,0.105,0.1055,0.104,0.105
1662105600000,0.105,0.105,0.103,0.104
1662120000000,0.104,0.107,0.103,0.106
1662134400000,0.106,0.107,0.101,0.102
1662148800000,0.102,0.103,0.1015,0.103
1662163200000,0.103,0.1035,0.1015,0.1015
1662177600000,0.1015,0.1035,0.1005,0.102
1662192000000,0.102,0.103,0.1015,0.1015
1662206400000,0.1015,0.1025,0.101,0.1015
1662220800000,0.1015,0.102,0.1005,0.101
1662235200000,0.101,0.1015,0.101,0.1015
1662249600000,0.1015,0.1025,0.1015,0.1015
1662264000000,0.1015,0.102,0.101,0.101
1662278400000,0.101,0.1025,0.1005,0.1025
1662292800000,0.1025,0.1035,0.1015,0.103
1662307200000,0.103,0.1035,0.102,0.103
1662321600000,0.103,0.1045,0.103,0.1045
1662336000000,0.1045,0.1055,0.104,0.1045
1662350400000,0.1045,0.105,0.102,0.102
1662364800000,0.102,0.1025,0.1005,0.101
1662379200000,0.101,0.103,0.1005,0.102
1662393600000,0.102,0.103,0.101,0.1015
1662408000000,0.1015,0.1045,0.1015,0.104
1662422400000,0.104,0.1085,0.104,0.106
1662436800000,0.106,0.108,0.106,0.107
1662451200000,0.107,0.1085,0.1055,0.108
1662465600000,0.108,0.1085,0.1045,0.107
1662480000000,0.107,0.1075,0.098,0.0995
1662494400000,0.0995,0.0995,0.097,0.0975
1662508800000,0.0975,0.0995,0.095,0.099
1662523200000,0.099,0.1005,0.098,0.1
1662537600000,0.1,0.1005,0.0995,0.1
1662552000000,0.1,0.1025,0.099,0.1015
1662566400000,0.1015,0.103,0.101,0.1025
1662580800000,0.1025,0.1055,0.102,0.1045
1662595200000,0.1045,0.1055,0.103,0.104
1662609600000,0.104,0.105,0.101,0.102
1662624000000,0.102,0.1035,0.1015,0.103
1662638400000,0.103,0.105,0.1005,0.1045
1662652800000,0.1045,0.105,0.102,0.105
1662667200000,0.105,0.105,0.103,0.1045
1662681600000,0.1045,0.107,0.104,0.1065
1662696000000,0.1065,0.1095,0.1055,0.1095
1662710400000,0.1095,0.1125,0.109,0.111
1662724800000,0.111,0.1135,0.1095,0.1105
1662739200000,0.1105,0.111,0.109,0.1105
1662753600000,0.1105,0.114,0.11,0.1125
1662768000000,0.1125,0.1145,0.112,0.1125
1662782400000,0.1125,0.1165,0.112,0.1135
1662796800000,0.1135,0.116,0.1135,0.115
1662811200000,0.115,0.116,0.1125,0.1135
1662825600000,0.1135,0.117,0.1125,0.116
1662840000000,0.116,0.1185,0.115,0.1175
1662854400000,0.1175,0.121,0.117,0.119
1662868800000,0.119,0.1205,0.116,0.1185
1662883200000,0.1185,0.1185,0.1155,0.1175
1662897600000,0.1175,0.1175,0.116,0.117
1662912000000,0.117,0.118,0.115,0.1155
1662926400000,0.1155,0.117,0.114,0.1165
1662940800000,0.1165,0.1215,0.1145,0.1175
1662955200000,0.1175,0.12,0.117,0.1195
1662969600000,0.1195,0.121,0.1185,0.1195
1662984000000,0.1195,0.1215,0.1175,0.118
1662998400000,0.118,0.134,0.116,0.126
1663012800000,0.126,0.13,0.1245,0.128
1663027200000,0.128,0.129,0.123,0.125
1663041600000,0.125,0.125,0.119,0.121
1663056000000,0.121,0.122,0.1185,0.121
1663070400000,0.121,0.1215,0.1095,0.1115
1663084800000,0.1115,0.113,0.1085,0.111
1663099200000,0.111,0.111,0.1075,0.1085
1663113600000,0.1085,0.1115,0.107,0.1115
1663128000000,0.1115,0.1125,0.1085,0.11
1663142400000,0.11,0.1115,0.1085,0.1095
1663156800000,0.1095,0.1115,0.108,0.11
1663171200000,0.11,0.111,0.107,0.1105
1663185600000,0.1105,0.1135,0.1095,0.1125
1663200000000,0.1125,0.113,0.1075,0.1095
1663214400000,0.1095,0.1155,0.1085,0.113
1663228800000,0.113,0.1135,0.1105,0.112
1663243200000,0.112,0.1125,0.106,0.109
1663257600000,0.109,0.1105,0.108,0.1095
1663272000000,0.1095,0.1105,0.1075,0.1085
1663286400000,0.1085,0.11,0.107,0.1095
1663300800000,0.1095,0.1105,0.108,0.1085
1663315200000,0.1085,0.109,0.1055,0.109
1663329600000,0.109,0.109,0.1055,0.1075
1663344000000,0.1075,0.1075,0.1035,0.105
1663358400000,0.105,0.106,0.105,0.106
1663372800000,0.106,0.108,0.1055,0.107
1663387200000,0.107,0.108,0.106,0.107
1663401600000,0.107,0.108,0.107,0.107
1663416000000,0.107,0.1085,0.1065,0.108
1663430400000,0.108,0.109,0.1075,0.1075
1663444800000,0.1075,0.109,0.1075,0.109
1663459200000,0.109,0.109,0.107,0.108
1663473600000,0.108,0.1095,0.1075,0.109
1663488000000,0.109,0.1095,0.106,0.1065
1663502400000,0.1065,0.1075,0.105,0.106
1663516800000,0.106,0.1065,0.103,0.105
1663531200000,0.105,0.105,0.0955,0.0995
1663545600000,0.0995,0.1025,0.0965,0.099
1663560000000,0.099,0.1005,0.0975,0.1
1663574400000,0.1,0.1015,0.0985,0.1015
1663588800000,0.1015,0.1035,0.101,0.102
1663603200000,0.102,0.102,0.099,0.1015
1663617600000,0.1015,0.102,0.1005,0.101
1663632000000,0.101,0.1015,0.0995,0.101
1663646400000,0.101,0.1025,0.1,0.1005
1663660800000,0.1005,0.1015,0.0985,0.0995
1663675200000,0.0995,0.1005,0.097,0.1
1663689600000,0.1,0.1005,0.0975,0.0985
1663704000000,0.0985,0.0985,0.0955,0.097
1663718400000,0.097,0.0985,0.096,0.098
1663732800000,0.098,0.0985,0.0945,0.096
1663747200000,0.096,0.098,0.0955,0.0975
1663761600000,0.0975,0.0985,0.096,0.0965
1663776000000,0.0965,0.102,0.095,0.0975
1663790400000,0.0975,0.0975,0.0905,0.0935
1663804800000,0.0935,0.0975,0.093,0.097
1663819200000,0.097,0.099,0.0965,0.0985
1663833600000,0.0985,0.1005,0.0985,0.1
1663848000000,0.1,0.1005,0.0975,0.099
1663862400000,0.099,0.1015,0.098,0.1
1663876800000,0.1,0.1015,0.099,0.1
1663891200000,0.1,0.1025,0.1,0.1015
1663905600000,0.1015,0.103,0.1,0.1005
1663920000000,0.1005,0.101,0.0975,0.098
1663934400000,0.098,0.1005,0.097,0.0995
1663948800000,0.0995,0.1005,0.098,0.1
1663963200000,0.1,0.104,0.1,0.1025
1663977600000,0.1025,0.104,0.102,0.1025
1663992000000,0.1025,0.1035,0.101,0.1015
1664006400000,0.1015,0.1025,0.1005,0.1015
1664020800000,0.1015,0.1025,0.101,0.1015
1664035200000,0.1015,0.103,0.1015,0.1025
1664049600000,0.1025,0.1035,0.1,0.101
1664064000000,0.101,0.103,0.1,0.103
1664078400000,0.103,0.106,0.103,0.104
1664092800000,0.104,0.1085,0.104,0.107
1664107200000,0.107,0.107,0.1025,0.104
1664121600000,0.104,0.1045,0.1015,0.1035
1664136000000,0.1035,0.1035,0.0995,0.101
1664150400000,0.101,0.1025,0.1,0.101
1664164800000,0.101,0.1015,0.0985,0.1005
1664179200000,0.1005,0.102,0.099,0.1
1664193600000,0.1,0.1025,0.1,0.1015
1664208000000,0.1015,0.102,0.0995,0.1015
1664222400000,0.1015,0.1025,0.101,0.1025
1664236800000,0.1025,0.1055,0.1025,0.105
1664251200000,0.105,0.106,0.1035,0.104
1664265600000,0.104,0.1045,0.1035,0.1035
1664280000000,0.1035,0.105,0.102,0.102
1664294400000,0.102,0.104,0.098,0.099
1664308800000,0.099,0.1,0.0985,0.099
1664323200000,0.099,0.1,0.095,0.0975
1664337600000,0.0975,0.0985,0.0965,0.098
1664352000000,0.098,0.099,0.0965,0.098
1664366400000,0.098,0.0995,0.0975,0.0985
1664380800000,0.0985,0.1,0.0975,0.099
1664395200000,0.099,0.1,0.0985,0.099
1664409600000,0.099,0.0995,0.0975,0.099
1664424000000,0.099,0.0995,0.0975,0.0975
1664438400000,0.0975,0.0995,0.097,0.0985
1664452800000,0.0985,0.099,0.0965,0.0985
1664467200000,0.0985,0.099,0.0975,0.0985
1664481600000,0.0985,0.0995,0.098,0.099
1664496000000,0.099,0.0995,0.098,0.0985
1664510400000,0.0985,0.1,0.0985,0.099
1664524800000,0.099,0.1,0.0975,0.098
1664539200000,0.098,0.1005,0.0965,0.099
1664553600000,0.099,0.101,0.0985,0.0985
1664568000000,0.0985,0.099,0.0975,0.099
1664582400000,0.099,0.0995,0.098,0.0995
1664596800000,0.0995,0.0995,0.098,0.0985
1664611200000,0.0985,0.099,0.0975,0.0985
1664625600000,0.0985,0.0985,0.097,0.098
1664640000000,0.098,0.098,0.0965,0.098
1664654400000,0.098,0.098,0.097,0.0975
1664668800000,0.0975,0.098,0.097,0.098
1664683200000,0.098,0.0985,0.0975,0.098
1664697600000,0.098,0.098,0.095,0.0965
1664712000000,0.0965,0.097,0.096,0.0965
1664726400000,0.0965,0.0975,0.096,0.0975
1664740800000,0.0975,0.0975,0.094,0.0945
1664755200000,0.0945,0.096,0.093,0.0955
1664769600000,0.0955,0.096,0.094,0.0955
1664784000000,0.0955,0.096,0.095,0.096
1664798400000,0.096,0.098,0.095,0.097
1664812800000,0.097,0.098,0.0965,0.097
1664827200000,0.097,0.098,0.097,0.098
1664841600000,0.098,0.0985,0.0975,0.098
1664856000000,0.098,0.1,0.0975,0.0995
1664870400000,0.0995,0.1,0.0985,0.0995
1664884800000,0.0995,0.101,0.0995,0.1
1664899200000,0.1,0.101,0.0995,0.101
1664913600000,0.101,0.1015,0.1005,0.101
1664928000000,0.101,0.1015,0.1,0.1005
1664942400000,0.1005,0.101,0.1,0.1005
1664956800000,0.1005,0.1005,0.098,0.099
1664971200000,0.099,0.099,0.0965,0.0985
1664985600000,0.0985,0.1,0.098,0.099
1665000000000,0.099,0.1005,0.0985,0.1
1665014400000,0.1,0.1025,0.0995,0.1015
1665028800000,0.1015,0.102,0.1,0.1
1665043200000,0.1,0.101,0.1,0.101
1665057600000,0.101,0.1015,0.0995,0.1005
1665072000000,0.1005,0.104,0.1,0.1015
1665086400000,0.1015,0.1015,0.0985,0.099
1665100800000,0.099,0.1,0.0985,0.099
1665115200000,0.099,0.0995,0.098,0.0985
1665129600000,0.0985,0.099,0.0975,0.098
1665144000000,0.098,0.0985,0.094,0.097
1665158400000,0.097,0.098,0.0965,0.098
1665172800000,0.098,0.098,0.0975,0.0975
1665187200000,0.0975,0.099,0.0975,0.098
1665201600000,0.098,0.098,0.097,0.0975
1665216000000,0.0975,0.098,0.097,0.0975
1665230400000,0.0975,0.098,0.097,0.0975
1665244800000,0.0975,0.098,0.0965,0.097
1665259200000,0.097,0.0975,0.0955,0.0965
1665273600000,0.0965,0.0965,0.0955,0.096
1665288000000,0.096,0.0965,0.0955,0.096
1665302400000,0.096,0.097,0.096,0.096
1665316800000,0.096,0.097,0.096,0.0965
1665331200000,0.0965,0.097,0.0955,0.096
1665345600000,0.096,0.097,0.0955,0.096
1665360000000,0.096,0.0975,0.096,0.0965
1665374400000,0.0965,0.0965,0.095,0.096
1665388800000,0.096,0.096,0.093,0.095
1665403200000,0.095,0.095,0.0935,0.094
1665417600000,0.094,0.0945,0.0925,0.094
1665432000000,0.094,0.094,0.091,0.0915
1665446400000,0.0915,0.0915,0.088,0.09
1665460800000,0.09,0.0905,0.0895,0.0905
1665475200000,0.0905,0.0905,0.089,0.09
1665489600000,0.09,0.0915,0.0885,0.0905
1665504000000,0.0905,0.0905,0.0885,0.089
1665518400000,0.089,0.0895,0.0875,0.0885
1665532800000,0.0885,0.0895,0.0885,0.089
1665547200000,0.089,0.0895,0.0885,0.0885
1665561600000,0.0885,0.0895,0.0885,0.089
1665576000000,0.089,0.089,0.0875,0.0885
1665590400000,0.0885,0.0885,0.087,0.088
1665604800000,0.088,0.0885,0.0875,0.0875
1665619200000,0.0875,0.088,0.0835,0.085
1665633600000,0.085,0.086,0.0795,0.082
1665648000000,0.082,0.0835,0.079,0.083
1665662400000,0.083,0.088,0.08,0.0865
1665676800000,0.0865,0.0885,0.0855,0.088
1665691200000,0.088,0.089,0.0875,0.0875
1665705600000,0.0875,0.091,0.087,0.0895
1665720000000,0.0895,0.09,0.0885,0.0885
1665734400000,0.0885,0.089,0.088,0.088
1665748800000,0.088,0.089,0.086,0.086
1665763200000,0.086,0.0865,0.085,0.085
1665777600000,0.085,0.086,0.0845,0.085
1665792000000,0.085,0.086,0.084,0.0855
1665806400000,0.0855,0.0855,0.084,0.0845
1665820800000,0.0845,0.085,0.083,0.0845
1665835200000,0.0845,0.087,0.0845,0.0865
1665849600000,0.0865,0.0875,0.0855,0.0855
1665864000000,0.0855,0.086,0.084,0.084
1665878400000,0.084,0.0855,0.084,0.0855
1665892800000,0.0855,0.086,0.085,0.0855
1665907200000,0.0855,0.086,0.085,0.0855
1665921600000,0.0855,0.0855,0.0845,0.085
1665936000000,0.085,0.087,0.0845,0.087
1665950400000,0.087,0.087,0.085,0.086
1665964800000,0.086,0.086,0.0845,0.0845
1665979200000,0.0845,0.0865,0.0845,0.086
1665993600000,0.086,0.087,0.0855,0.0865
1666008000000,0.0865,0.088,0.086,0.0865
1666022400000,0.0865,0.0875,0.086,0.086
1666036800000,0.086,0.0875,0.086,0.087
1666051200000,0.087,0.0875,0.085,0.086
1666065600000,0.086,0.0865,0.0855,0.0865
1666080000000,0.0865,0.0865,0.0835,0.085
1666094400000,0.085,0.085,0.083,0.084
1666108800000,0.084,0.0845,0.082,0.083
1666123200000,0.083,0.084,0.0825,0.0835
1666137600000,0.0835,0.0835,0.082,0.083
1666152000000,0.083,0.083,0.0805,0.0815
1666166400000,0.0815,0.082,0.0805,0.081
1666180800000,0.081,0.082,0.0805,0.082
1666195200000,0.082,0.082,0.0805,0.0805
1666209600000,0.0805,0.0815,0.0775,0.079
1666224000000,0.079,0.08,0.078,0.0795
1666238400000,0.0795,0.081,0.0795,0.081
1666252800000,0.081,0.081,0.08,0.0805
1666267200000,0.0805,0.081,0.0795,0.0805
1666281600000,0.0805,0.0805,0.0775,0.079
1666296000000,0.079,0.079,0.0775,0.078
1666310400000,0.078,0.078,0.076,0.0775
1666324800000,0.0775,0.078,0.0765,0.077
1666339200000,0.077,0.0775,0.075,0.076
1666353600000,0.076,0.078,0.0745,0.078
1666368000000,0.078,0.0795,0.0775,0.079
1666382400000,0.079,0.0795,0.078,0.0785
1666396800000,0.0785,0.079,0.0775,0.0785
1666411200000,0.0785,0.0785,0.077,0.078
1666425600000,0.078,0.0785,0.078,0.0785
1666440000000,0.0785,0.079,0.0775,0.0785
1666454400000,0.0785,0.0785,0.0775,0.078
1666468800000,0.078,0.0785,0.0775,0.078
1666483200000,0.078,0.079,0.0775,0.0785
1666497600000,0.0785,0.079,0.078,0.078
1666512000000,0.078,0.0785,0.0765,0.077
1666526400000,0.077,0.0775,0.076,0.077
1666540800000,0.077,0.08,0.077,0.079
1666555200000,0.079,0.0805,0.0785,0.08
1666569600000,0.08,0.081,0.0785,0.079
1666584000000,0.079,0.08,0.078,0.079
1666598400000,0.079,0.081,0.0785,0.08
1666612800000,0.08,0.0805,0.078,0.079
1666627200000,0.079,0.0805,0.0785,0.0795
1666641600000,0.0795,0.0805,0.079,0.0795
1666656000000,0.0795,0.081,0.079,0.0805
1666670400000,0.0805,0.081,0.0795,0.08
1666684800000,0.08,0.08,0.0785,0.0795
1666699200000,0.0795,0.0825,0.079,0.0815
1666713600000,0.0815,0.0845,0.0815,0.083
1666728000000,0.083,0.0835,0.0805,0.081
1666742400000,0.081,0.083,0.0805,0.082
1666756800000,0.082,0.0835,0.082,0.0825
1666771200000,0.0825,0.0835,0.0815,0.0815
1666785600000,0.0815,0.0835,0.0805,0.0825
1666800000000,0.0825,0.083,0.081,0.0815
1666814400000,0.0815,0.0835,0.0815,0.0825
1666828800000,0.0825,0.084,0.082,0.083
1666843200000,0.083,0.0855,0.0825,0.0835
1666857600000,0.0835,0.084,0.082,0.0825
1666872000000,0.0825,0.084,0.0815,0.082
1666886400000,0.082,0.083,0.0815,0.0825
1666900800000,0.0825,0.083,0.0795,0.08
1666915200000,0.08,0.081,0.079,0.08
1666929600000,0.08,0.0805,0.0785,0.079
1666944000000,0.079,0.0805,0.079,0.08
1666958400000,0.08,0.0815,0.0785,0.081
1666972800000,0.081,0.083,0.081,0.082
1666987200000,0.082,0.083,0.082,0.0825
1667001600000,0.0825,0.084,0.082,0.0835
1667016000000,0.0835,0.086,0.0825,0.0855
1667030400000,0.0855,0.086,0.083,0.0835
1667044800000,0.0835,0.084,0.0825,0.0835
1667059200000,0.0835,0.0865,0.0835,0.084
1667073600000,0.084,0.085,0.083,0.084
1667088000000,0.084,0.085,0.0835,0.085
1667102400000,0.085,0.0875,0.084,0.087
1667116800000,0.087,0.0875,0.084,0.0855
1667131200000,0.0855,0.0855,0.082,0.083
1667145600000,0.083,0.0845,0.0825,0.084
1667160000000,0.084,0.085,0.082,0.0835
1667174400000,0.0835,0.084,0.082,0.0835
1667188800000,0.0835,0.084,0.082,0.083
1667203200000,0.083,0.084,0.0815,0.0835
1667217600000,0.0835,0.085,0.0815,0.0825
1667232000000,0.0825,0.0865,0.0825,0.0855
1667246400000,0.0855,0.0855,0.0835,0.0845
1667260800000,0.0845,0.0865,0.084,0.086
1667275200000,0.086,0.0875,0.0855,0.0865
1667289600000,0.0865,0.087,0.0845,0.085
1667304000000,0.085,0.0855,0.083,0.084
1667318400000,0.084,0.0845,0.0825,0.0825
1667332800000,0.0825,0.083,0.082,0.0825
1667347200000,0.0825,0.083,0.081,0.0825
1667361600000,0.0825,0.083,0.0805,0.082
1667376000000,0.082,0.0825,0.08,0.0815
1667390400000,0.0815,0.082,0.0805,0.0815
1667404800000,0.0815,0.0845,0.08,0.0815
1667419200000,0.0815,0.0815,0.0785,0.0815
1667433600000,0.0815,0.088,0.081,0.0865
1667448000000,0.0865,0.097,0.0865,0.09
1667462400000,0.09,0.0935,0.0885,0.0895
1667476800000,0.0895,0.09,0.0865,0.0885
1667491200000,0.0885,0.091,0.088,0.0885
1667505600000,0.0885,0.089,0.0855,0.0865
1667520000000,0.0865,0.099,0.085,0.094
1667534400000,0.094,0.0965,0.09,0.0945
1667548800000,0.0945,0.097,0.093,0.095
1667563200000,0.095,0.0985,0.093,0.094
1667577600000,0.094,0.096,0.093,0.094
1667592000000,0.094,0.096,0.094,0.0945
1667606400000,0.0945,0.1,0.0945,0.0965
1667620800000,0.0965,0.0995,0.095,0.0975
1667635200000,0.0975,0.1005,0.0945,0.1
1667649600000,0.1,0.104,0.0975,0.1035
1667664000000,0.1035,0.1045,0.099,0.1
1667678400000,0.1,0.1015,0.096,0.0985
1667692800000,0.0985,0.1,0.096,0.0975
1667707200000,0.0975,0.0985,0.0965,0.097
1667721600000,0.097,0.0975,0.0955,0.096
1667736000000,0.096,0.097,0.094,0.096
1667750400000,0.096,0.096,0.093,0.094
1667764800000,0.094,0.0945,0.0895,0.0905
1667779200000,0.0905,0.0925,0.089,0.0915
1667793600000,0.0915,0.092,0.086,0.0865
1667808000000,0.0865,0.09,0.0865,0.089
1667822400000,0.089,0.091,0.0875,0.0905
1667836800000,0.0905,0.092,0.0895,0.0915
1667851200000,0.0915,0.093,0.088,0.0905
1667865600000,0.0905,0.092,0.084,0.0845
1667880000000,0.0845,0.085,0.078,0.083
1667894400000,0.083,0.0835,0.0815,0.082
1667908800000,0.082,0.0825,0.0785,0.0805
1667923200000,0.0805,0.0865,0.066,0.0735
1667937600000,0.0735,0.0765,0.0715,0.0755
1667952000000,0.0755,0.0765,0.0735,0.075
1667966400000,0.075,0.077,0.072,0.072
1667980800000,0.072,0.0725,0.0645,0.068
1667995200000,0.068,0.0695,0.064,0.065
1668009600000,0.065,0.0665,0.061,0.0635
1668024000000,0.0635,0.0665,0.056,0.058
1668038400000,0.058,0.0635,0.057,0.0625
1668052800000,0.0625,0.067,0.0625,0.0655
1668067200000,0.0655,0.0665,0.063,0.065
1668081600000,0.065,0.072,0.0645,0.0715
1668096000000,0.0715,0.072,0.0675,0.069
1668110400000,0.069,0.0705,0.068,0.0695
1668124800000,0.0695,0.07,0.065,0.0665
1668139200000,0.0665,0.069,0.066,0.068
1668153600000,0.068,0.0685,0.067,0.0675
1668168000000,0.0675,0.0685,0.063,0.065
1668182400000,0.065,0.0665,0.064,0.0645
1668196800000,0.0645,0.066,0.0635,0.066
1668211200000,0.066,0.0665,0.0635,0.064
1668225600000,0.064,0.064,0.06,0.062
1668240000000,0.062,0.0635,0.0615,0.0625
1668254400000,0.0625,0.0635,0.062,0.0625
1668268800000,0.0625,0.063,0.0615,0.062
1668283200000,0.062,0.0625,0.0605,0.062
1668297600000,0.062,0.0645,0.0615,0.0645
1668312000000,0.0645,0.0645,0.0615,0.062
1668326400000,0.062,0.062,0.06,0.0615
1668340800000,0.0615,0.064,0.0615,0.063
1668355200000,0.063,0.0635,0.0615,0.063
1668369600000,0.063,0.063,0.0605,0.0615
1668384000000,0.0615,0.0645,0.058,0.059
1668398400000,0.059,0.063,0.0585,0.0625
1668412800000,0.0625,0.0635,0.062,0.0625
1668427200000,0.0625,0.064,0.061,0.0625
1668441600000,0.0625,0.0635,0.061,0.062
1668456000000,0.062,0.0645,0.062,0.064
1668470400000,0.064,0.0655,0.063,0.065
1668484800000,0.065,0.0655,0.064,0.0655
1668499200000,0.0655,0.0665,0.065,0.0655
1668513600000,0.0655,0.067,0.0645,0.0665
1668528000000,0.0665,0.0665,0.0635,0.0645
1668542400000,0.0645,0.065,0.0635,0.064
1668556800000,0.064,0.0655,0.0635,0.065
1668571200000,0.065,0.0655,0.0635,0.0645
1668585600000,0.0645,0.0645,0.0625,0.063
1668600000000,0.063,0.063,0.058,0.0605
1668614400000,0.0605,0.0625,0.0605,0.0615
1668628800000,0.0615,0.062,0.061,0.062
1668643200000,0.062,0.0625,0.061,0.061
1668657600000,0.061,0.062,0.0605,0.061
1668672000000,0.061,0.062,0.0605,0.0615
1668686400000,0.0615,0.0615,0.0595,0.0605
1668700800000,0.0605,0.061,0.06,0.0605
1668715200000,0.0605,0.061,0.06,0.0605
1668729600000,0.0605,0.062,0.0605,0.0615
1668744000000,0.0615,0.0615,0.0605,0.0615
1668758400000,0.0615,0.0615,0.0605,0.061
1668772800000,0.061,0.0615,0.0595,0.06
1668787200000,0.06,0.0605,0.0595,0.06
1668801600000,0.06,0.0605,0.0595,0.06
1668816000000,0.06,0.0605,0.059,0.06
1668830400000,0.06,0.06,0.058,0.059
1668844800000,0.059,0.06,0.0585,0.059
1668859200000,0.059,0.0605,0.059,0.0605
1668873600000,0.0605,0.0605,0.0595,0.06
1668888000000,0.06,0.0605,0.06,0.06
1668902400000,0.06,0.0605,0.06,0.0605
1668916800000,0.0605,0.061,0.06,0.06
1668931200000,0.06,0.0605,0.0585,0.059
1668945600000,0.059,0.059,0.058,0.059
1668960000000,0.059,0.06,0.058,0.059
1668974400000,0.059,0.0595,0.0565,0.057
1668988800000,0.057,0.0575,0.0545,0.055
1669003200000,0.055,0.0565,0.055,0.056
1669017600000,0.056,0.056,0.05484,0.05486
1669032000000,0.05486,0.05586,0.05461,0.05527
1669046400000,0.05527,0.0555,0.052,0.05309
1669060800000,0.05309,0.05423,0.05273,0.05383
1669075200000,0.05383,0.05454,0.0536,0.05382
1669089600000,0.05382,0.05395,0.05169,0.05236
1669104000000,0.05236,0.0525,0.05164,0.0521
1669118400000,0.0521,0.05531,0.05195,0.05515
1669132800000,0.05515,0.05537,0.05406,0.05471
1669147200000,0.05471,0.05534,0.05462,0.05504
1669161600000,0.05504,0.05667,0.0545,0.05646
1669176000000,0.05646,0.05718,0.05645,0.05693
1669190400000,0.05693,0.05797,0.05663,0.0572
1669204800000,0.0572,0.07,0.05614,0.06496
1669219200000,0.06496,0.06496,0.06069,0.06112
1669233600000,0.06112,0.06284,0.06101,0.06222
1669248000000,0.06222,0.06337,0.06041,0.06203
1669262400000,0.06203,0.06268,0.06078,0.06099
1669276800000,0.06099,0.06128,0.05971,0.0601
1669291200000,0.0601,0.06068,0.05923,0.0602
1669305600000,0.0602,0.06091,0.05981,0.06039
1669320000000,0.06039,0.0624,0.06021,0.06239
1669334400000,0.06239,0.06239,0.05997,0.06093
1669348800000,0.06093,0.06093,0.05973,0.06042
1669363200000,0.06042,0.06355,0.0604,0.0635
1669377600000,0.0635,0.06475,0.0618,0.06299
1669392000000,0.06299,0.06304,0.06089,0.06183
1669406400000,0.06183,0.06278,0.06175,0.0624
1669420800000,0.0624,0.06399,0.06235,0.06381
1669435200000,0.06381,0.06579,0.06341,0.06516
1669449600000,0.06516,0.0658,0.06433,0.06488
1669464000000,0.06488,0.06509,0.06323,0.06396
1669478400000,0.06396,0.0641,0.0629,0.06303
1669492800000,0.06303,0.06336,0.06196,0.06292
1669507200000,0.06292,0.06471,0.0629,0.06437
1669521600000,0.06437,0.06472,0.06379,0.06415
1669536000000,0.06415,0.06494,0.06377,0.06494
1669550400000,0.06494,0.06645,0.06482,0.06589
1669564800000,0.06589,0.06594,0.06418,0.06438
1669579200000,0.06438,0.06495,0.06261,0.06275
1669593600000,0.06275,0.06339,0.05882,0.05976
1669608000000,0.05976,0.06146,0.05975,0.06145
1669622400000,0.06145,0.06167,0.06021,0.06057
1669636800000,0.06057,0.06188,0.0601,0.06071
1669651200000,0.06071,0.06218,0.06012,0.06169
1669665600000,0.06169,0.06257,0.06165,0.06221
1669680000000,0.06221,0.06341,0.06128,0.06207
1669694400000,0.06207,0.06295,0.06207,0.06269
1669708800000,0.06269,0.0639,0.0625,0.06293
1669723200000,0.06293,0.06304,0.06184,0.06258
1669737600000,0.06258,0.0626,0.06161,0.06226
1669752000000,0.06226,0.0631,0.06214,0.06253
1669766400000,0.06253,0.06462,0.06253,0.06328
1669780800000,0.06328,0.06409,0.06328,0.06361
1669795200000,0.06361,0.06389,0.0625,0.06347
1669809600000,0.06347,0.06353,0.06163,0.06254
1669824000000,0.06254,0.06375,0.06109,0.0633
1669838400000,0.0633,0.06494,0.06329,0.06463
1669852800000,0.06463,0.06546,0.06352,0.06491
1669867200000,0.06491,0.06494,0.06353,0.0639
1669881600000,0.0639,0.06434,0.06366,0.06433
1669896000000,0.06433,0.06485,0.06293,0.06373
1669910400000,0.06373,0.06485,0.06344,0.06432
1669924800000,0.06432,0.06464,0.06382,0.0644
1669939200000,0.0644,0.06506,0.06317,0.06347
1669953600000,0.06347,0.06482,0.06282,0.06469
1669968000000,0.06469,0.06496,0.06396,0.0646
1669982400000,0.0646,0.06519,0.06325,0.06459
1669996800000,0.06459,0.06529,0.06441,0.06518
1670011200000,0.06518,0.06523,0.06481,0.06491
1670025600000,0.06491,0.06624,0.06491,0.06549
1670040000000,0.06549,0.06549,0.06456,0.06471
1670054400000,0.06471,0.06554,0.06443,0.06516
1670068800000,0.06516,0.06528,0.06465,0.06478
1670083200000,0.06478,0.065,0.06427,0.06444
1670097600000,0.06444,0.06444,0.0626,0.06284
1670112000000,0.06284,0.06386,0.06278,0.06365
1670126400000,0.06365,0.06409,0.06347,0.06376
1670140800000,0.06376,0.06394,0.06286,0.06311
1670155200000,0.06311,0.06429,0.06296,0.06333
1670169600000,0.06333,0.06398,0.06313,0.06393
1670184000000,0.06393,0.06427,0.06375,0.06401
1670198400000,0.06401,0.06488,0.06378,0.06448
1670212800000,0.06448,0.06534,0.06448,0.065
1670227200000,0.065,0.06564,0.06495,0.06543
1670241600000,0.06543,0.06545,0.06384,0.06439
1670256000000,0.06439,0.06515,0.06308,0.06355
1670270400000,0.06355,0.06415,0.06333,0.06407
1670284800000,0.06407,0.0644,0.06398,0.064
1670299200000,0.064,0.06455,0.06367,0.06444
1670313600000,0.06444,0.06495,0.06392,0.06426
1670328000000,0.06426,0.06456,0.0634,0.06342
1670342400000,0.06342,0.06391,0.06305,0.06342
1670356800000,0.06342,0.06426,0.06339,0.06416
1670371200000,0.06416,0.06437,0.06391,0.06407
1670385600000,0.06407,0.06441,0.06055,0.061
1670400000000,0.061,0.06208,0.06071,0.06177
1670414400000,0.06177,0.06256,0.06174,0.06248
1670428800000,0.06248,0.06249,0.06172,0.06183
1670443200000,0.06183,0.06183,0.0613,0.06167
1670457600000,0.06167,0.06199,0.06122,0.06195
1670472000000,0.06195,0.06226,0.06155,0.06205
1670486400000,0.06205,0.06262,0.06135,0.0622
1670500800000,0.0622,0.06267,0.06179,0.06247
1670515200000,0.06247,0.06385,0.06219,0.06382
1670529600000,0.06382,0.06395,0.06331,0.06365
1670544000000,0.06365,0.06385,0.06311,0.06357
1670558400000,0.06357,0.06843,0.06351,0.06607
1670572800000,0.06607,0.0701,0.0656,0.06826
1670587200000,0.06826,0.06844,0.06604,0.06686
1670601600000,0.06686,0.06686,0.0652,0.06555
1670616000000,0.06555,0.06586,0.06504,0.06541
1670630400000,0.06541,0.06689,0.06519,0.06677
1670644800000,0.06677,0.0695,0.06651,0.06933
1670659200000,0.06933,0.0726,0.06882,0.07094
1670673600000,0.07094,0.07385,0.07023,0.07294
1670688000000,0.07294,0.07358,0.07167,0.07275
1670702400000,0.07275,0.07283,0.07127,0.07222
1670716800000,0.07222,0.07223,0.06935,0.07014
1670731200000,0.07014,0.0708,0.06923,0.07048
1670745600000,0.07048,0.0713,0.07022,0.07106
1670760000000,0.07106,0.07111,0.06955,0.07007
1670774400000,0.07007,0.07042,0.06866,0.06929
1670788800000,0.06929,0.07026,0.06853,0.06935
1670803200000,0.06935,0.07008,0.06594,0.06755
1670817600000,0.06755,0.06787,0.06625,0.06628
1670832000000,0.06628,0.06754,0.06572,0.06734
1670846400000,0.06734,0.06836,0.06665,0.06778
1670860800000,0.06778,0.06813,0.06618,0.0675
1670875200000,0.0675,0.06863,0.06723,0.06804
1670889600000,0.06804,0.06936,0.06714,0.06722
1670904000000,0.06722,0.06722,0.0655,0.06648
1670918400000,0.06648,0.06653,0.06533,0.06623
1670932800000,0.06623,0.06828,0.06571,0.06694
1670947200000,0.06694,0.06751,0.06621,0.06678
1670961600000,0.06678,0.06722,0.06669,0.06721
1670976000000,0.06721,0.06825,0.06721,0.06788
1670990400000,0.06788,0.06815,0.06717,0.0674
1671004800000,0.0674,0.06844,0.06704,0.06774
1671019200000,0.06774,0.06831,0.06736,0.06792
1671033600000,0.06792,0.06816,0.06396,0.06575
1671048000000,0.06575,0.06628,0.06513,0.06572
1671062400000,0.06572,0.06704,0.0653,0.06667
1671076800000,0.06667,0.06677,0.06507,0.0652
1671091200000,0.0652,0.06543,0.06456,0.06507
1671105600000,0.06507,0.06518,0.06424,0.06449
1671120000000,0.06449,0.06483,0.06367,0.06467
1671134400000,0.06467,0.0647,0.06327,0.06389
1671148800000,0.06389,0.0647,0.06375,0.06457
1671163200000,0.06457,0.06473,0.06415,0.06452
1671177600000,0.06452,0.06464,0.06049,0.06128
1671192000000,0.06128,0.06166,0.06002,0.06073
1671206400000,0.06073,0.06079,0.05981,0.06031
1671220800000,0.06031,0.06053,0.05486,0.05617
1671235200000,0.05617,0.05705,0.05491,0.05692
1671249600000,0.05692,0.05814,0.05681,0.0578
1671264000000,0.0578,0.05791,0.05704,0.05741
1671278400000,0.05741,0.05775,0.05715,0.05732
1671292800000,0.05732,0.05734,0.05663,0.05692
1671307200000,0.05692,0.05807,0.0568,0.05794
1671321600000,0.05794,0.05809,0.05723,0.05773
1671336000000,0.05773,0.0581,0.0575,0.05771
1671350400000,0.05771,0.05798,0.05716,0.05737
1671364800000,0.05737,0.05784,0.05705,0.0571
1671379200000,0.0571,0.05794,0.05703,0.05769
1671393600000,0.05769,0.0582,0.05734,0.05755
1671408000000,0.05755,0.05858,0.05645,0.05707
1671422400000,0.05707,0.05742,0.05691,0.05727
1671436800000,0.05727,0.05843,0.05725,0.05834
1671451200000,0.05834,0.0588,0.05732,0.05735
1671465600000,0.05735,0.05739,0.05533,0.05579
1671480000000,0.05579,0.05624,0.0537,0.05502
1671494400000,0.05502,0.05747,0.05479,0.05684
1671508800000,0.05684,0.05804,0.05682,0.05737
1671523200000,0.05737,0.05749,0.05694,0.05727
1671537600000,0.05727,0.05796,0.05639,0.05747
1671552000000,0.05747,0.05747,0.05681,0.0573
1671566400000,0.0573,0.05776,0.0571,0.05737
1671580800000,0.05737,0.05744,0.0567,0.05707
1671595200000,0.05707,0.05712,0.05619,0.05705
1671609600000,0.05705,0.05797,0.05658,0.05797
1671624000000,0.05797,0.05804,0.0569,0.05763
1671638400000,0.05763,0.05763,0.05632,0.05653
1671652800000,0.05653,0.05747,0.05628,0.05747
1671667200000,0.05747,0.05824,0.05707,0.05823
1671681600000,0.05823,0.0588,0.05749,0.0581
1671696000000,0.0581,0.05844,0.05766,0.05788
1671710400000,0.05788,0.05807,0.05666,0.05706
1671724800000,0.05706,0.0578,0.05678,0.05723
1671739200000,0.05723,0.05864,0.05722,0.05845
1671753600000,0.05845,0.05906,0.05818,0.05856
1671768000000,0.05856,0.05873,0.05822,0.05829
1671782400000,0.05829,0.05854,0.05802,0.05828
1671796800000,0.05828,0.05863,0.05765,0.05849
1671811200000,0.05849,0.05872,0.05831,0.05869
1671825600000,0.05869,0.05876,0.05818,0.05844
1671840000000,0.05844,0.05854,0.05793,0.05821
1671854400000,0.05821,0.05845,0.05771,0.05784
1671868800000,0.05784,0.05786,0.05741,0.05751
1671883200000,0.05751,0.05762,0.0574,0.05754
1671897600000,0.05754,0.05822,0.05749,0.05793
1671912000000,0.05793,0.05804,0.05766,0.05779
1671926400000,0.05779,0.05787,0.05726,0.05733
1671940800000,0.05733,0.05744,0.05687,0.05733
1671955200000,0.05733,0.05733,0.05667,0.05667
1671969600000,0.05667,0.05671,0.05576,0.05629
1671984000000,0.05629,0.05663,0.05547,0.0566
1671998400000,0.0566,0.05808,0.05639,0.05784
1672012800000,0.05784,0.06087,0.05749,0.06069
1672027200000,0.06069,0.06069,0.05933,0.05982
1672041600000,0.05982,0.0607,0.05955,0.06009
1672056000000,0.06009,0.06077,0.05968,0.05971
1672070400000,0.05971,0.06024,0.0592,0.05995
1672084800000,0.05995,0.06018,0.05956,0.06002
1672099200000,0.06002,0.06028,0.0591,0.05948
1672113600000,0.05948,0.05967,0.05907,0.0594
1672128000000,0.0594,0.06071,0.05922,0.0598
1672142400000,0.0598,0.05989,0.05813,0.05905
1672156800000,0.05905,0.05935,0.05825,0.05925
1672171200000,0.05925,0.05976,0.05889,0.05943
1672185600000,0.05943,0.05979,0.05767,0.05793
1672200000000,0.05793,0.0582,0.05627,0.05739
1672214400000,0.05739,0.0576,0.05665,0.05698
1672228800000,0.05698,0.05804,0.05662,0.05675
1672243200000,0.05675,0.05733,0.05666,0.05683
1672257600000,0.05683,0.05706,0.05554,0.05591
1672272000000,0.05591,0.05627,0.05488,0.05616
1672286400000,0.05616,0.05652,0.05595,0.05614
1672300800000,0.05614,0.05633,0.05562,0.05603
1672315200000,0.05603,0.05673,0.05589,0.05648
1672329600000,0.05648,0.05686,0.05553,0.05587
1672344000000,0.05587,0.05597,0.05371,0.0551
1672358400000,0.0551,0.0555,0.05456,0.05498
1672372800000,0.05498,0.05509,0.05403,0.05465
1672387200000,0.05465,0.05494,0.05436,0.05464
1672401600000,0.05464,0.05521,0.05371,0.05497
1672416000000,0.05497,0.05541,0.05474,0.05501
1672430400000,0.05501,0.05576,0.055,0.05517
1672444800000,0.05517,0.0554,0.05486,0.05491
1672459200000,0.05491,0.05532,0.05488,0.05512
1672473600000,0.05512,0.05563,0.05506,0.05552
1672488000000,0.05552,0.05618,0.05544,0.05586
1672502400000,0.05586,0.05609,0.05554,0.05575
1672516800000,0.05575,0.05587,0.05513,0.05544
1672531200000,0.05544,0.05585,0.05523,0.05577
1672545600000,0.05577,0.05585,0.05551,0.05577
1672560000000,0.05577,0.05607,0.05545,0.05552
1672574400000,0.05552,0.05569,0.05511,0.05553
1672588800000,0.05553,0.05615,0.05535,0.05607
1672603200000,0.05607,0.05662,0.05595,0.05652
1672617600000,0.05652,0.05678,0.05545,0.05661
1672632000000,0.05661,0.05832,0.05651,0.05767
1672646400000,0.05767,0.05817,0.05749,0.05771
1672660800000,0.05771,0.05918,0.05771,0.05912
1672675200000,0.05912,0.05982,0.05898,0.05943
1672689600000,0.05943,0.05992,0.05888,0.05953
1672704000000,0.05953,0.05956,0.05875,0.05934
1672718400000,0.05934,0.05952,0.05894,0.05948
1672732800000,0.05948,0.06101,0.05919,0.06001
1672747200000,0.06001,0.0604,0.05922,0.05992
1672761600000,0.05992,0.06019,0.05853,0.05887
1672776000000,0.05887,0.06017,0.05887,0.06002
1672790400000,0.06002,0.0621,0.05992,0.06154
1672804800000,0.06154,0.06186,0.06106,0.0616
1672819200000,0.0616,0.0618,0.06105,0.06158
1672833600000,0.06158,0.06204,0.06029,0.06116
1672848000000,0.06116,0.06195,0.0607,0.0611
1672862400000,0.0611,0.06115,0.05991,0.06107
1672876800000,0.06107,0.06198,0.06051,0.06178
1672891200000,0.06178,0.06223,0.06108,0.06151
1672905600000,0.06151,0.06163,0.06073,0.06136
1672920000000,0.06136,0.06152,0.05974,0.06045
1672934400000,0.06045,0.06126,0.0602,0.06109
1672948800000,0.06109,0.06129,0.06008,0.06064
1672963200000,0.06064,0.06174,0.06064,0.06118
1672977600000,0.06118,0.06124,0.05899,0.05909
1672992000000,0.05909,0.05959,0.05805,0.05866
1673006400000,0.05866,0.06013,0.05813,0.06012
1673020800000,0.06012,0.06264,0.05981,0.06211
1673035200000,0.06211,0.06236,0.06144,0.06204
1673049600000,0.06204,0.06269,0.06172,0.06241
1673064000000,0.06241,0.06246,0.06153,0.06208
1673078400000,0.06208,0.06225,0.06153,0.06166
1673092800000,0.06166,0.06181,0.06118,0.06165
1673107200000,0.06165,0.06243,0.06125,0.06238
1673121600000,0.06238,0.06447,0.06191,0.06402
1673136000000,0.06402,0.06429,0.06181,0.0637
1673150400000,0.0637,0.06977,0.06354,0.06883
1673164800000,0.06883,0.06883,0.06727,0.06751
1673179200000,0.06751,0.06758,0.06659,0.06689
1673193600000,0.06689,0.06796,0.06593,0.0669
1673208000000,0.0669,0.07163,0.06687,0.06985
1673222400000,0.06985,0.07102,0.06853,0.06971
1673236800000,0.06971,0.07268,0.06971,0.07139
1673251200000,0.07139,0.07255,0.07034,0.07042
1673265600000,0.07042,0.07373,0.07042,0.073
1673280000000,0.073,0.07388,0.07136,0.07186
1673294400000,0.07186,0.07235,0.07025,0.07071
1673308800000,0.07071,0.0733,0.0682,0.07228
1673323200000,0.07228,0.07228,0.06981,0.07013
1673337600000,0.07013,0.07261,0.07013,0.07117
1673352000000,0.07117,0.0717,0.0699,0.07126
1673366400000,0.07126,0.07258,0.06953,0.07239
1673380800000,0.07239,0.07468,0.07115,0.07283
1673395200000,0.07283,0.07343,0.07023,0.07095
1673409600000,0.07095,0.07129,0.06983,0.0707
1673424000000,0.0707,0.07137,0.07001,0.07072
1673438400000,0.07072,0.07143,0.0686,0.06887
1673452800000,0.06887,0.07073,0.06809,0.07059
1673467200000,0.07059,0.07273,0.07039,0.07214
1673481600000,0.07214,0.074,0.07178,0.07216
1673496000000,0.07216,0.07239,0.07024,0.07142
1673510400000,0.07142,0.07146,0.06923,0.07029
1673524800000,0.07029,0.0719,0.06822,0.07013
1673539200000,0.07013,0.07338,0.07005,0.07267
1673553600000,0.07267,0.07494,0.07229,0.07331
1673568000000,0.07331,0.07471,0.07264,0.07452
1673582400000,0.07452,0.07453,0.07236,0.07301
1673596800000,0.07301,0.07468,0.07241,0.07264
1673611200000,0.07264,0.07595,0.07112,0.07595
1673625600000,0.07595,0.07801,0.07417,0.07507
1673640000000,0.07507,0.07724,0.07444,0.07664
1673654400000,0.07664,0.08081,0.07661,0.07838
1673668800000,0.07838,0.08195,0.07788,0.08155
1673683200000,0.08155,0.08362,0.07217,0.07814
1673697600000,0.07814,0.08125,0.07717,0.08044
1673712000000,0.08044,0.08124,0.0793,0.08009
1673726400000,0.08009,0.08281,0.07971,0.08228
1673740800000,0.08228,0.08383,0.08001,0.08052
1673755200000,0.08052,0.08103,0.07882,0.07959
1673769600000,0.07959,0.08081,0.07761,0.08076
1673784000000,0.08076,0.08894,0.08031,0.08724
1673798400000,0.08724,0.08929,0.08568,0.08695
1673812800000,0.08695,0.08785,0.08454,0.08514
1673827200000,0.08514,0.08742,0.08411,0.0859
1673841600000,0.0859,0.08822,0.08527,0.08683
1673856000000,0.08683,0.08684,0.08081,0.08323
1673870400000,0.08323,0.08383,0.07904,0.08167
1673884800000,0.08167,0.0832,0.0812,0.08298
1673899200000,0.08298,0.08317,0.08138,0.08177
1673913600000,0.08177,0.08271,0.07968,0.08147
1673928000000,0.08147,0.08275,0.08133,0.08265
1673942400000,0.08265,0.08497,0.08256,0.08446
1673956800000,0.08446,0.08574,0.08239,0.08413
1673971200000,0.08413,0.08428,0.08268,0.08354
1673985600000,0.08354,0.08373,0.08036,0.08102
1674000000000,0.08102,0.08231,0.08084,0.0813
1674014400000,0.0813,0.08208,0.08018,0.0804
1674028800000,0.0804,0.08052,0.07819,0.07925
1674043200000,0.07925,0.08204,0.07474,0.07713
1674057600000,0.07713,0.07787,0.0731,0.0765
1674072000000,0.0765,0.07689,0.07414,0.07456
1674086400000,0.07456,0.07667,0.07453,0.07613
1674100800000,0.07613,0.07715,0.07575,0.07585
1674115200000,0.07585,0.07633,0.07463,0.07468
1674129600000,0.07468,0.07661,0.07365,0.07584
1674144000000,0.07584,0.0783,0.07551,0.07816
1674158400000,0.07816,0.07845,0.07682,0.07793
1674172800000,0.07793,0.07971,0.07736,0.07865
1674187200000,0.07865,0.07954,0.07765,0.07939
1674201600000,0.07939,0.07939,0.07694,0.07703
1674216000000,0.07703,0.07893,0.07693,0.07865
1674230400000,0.07865,0.08118,0.0782,0.08105
1674244800000,0.08105,0.08461,0.08105,0.08389
1674259200000,0.08389,0.08531,0.08267,0.08441
1674273600000,0.08441,0.08609,0.0844,0.08548
1674288000000,0.08548,0.08661,0.08215,0.08516
1674302400000,0.08516,0.08557,0.08291,0.08337
1674316800000,0.08337,0.08546,0.08319,0.0854
1674331200000,0.0854,0.08571,0.08237,0.08246
1674345600000,0.08246,0.08513,0.0824,0.08319
1674360000000,0.08319,0.08422,0.0828,0.08309
1674374400000,0.08309,0.0843,0.0825,0.08356
1674388800000,0.08356,0.08596,0.08269,0.08492
1674403200000,0.08492,0.08775,0.08394,0.08499
1674417600000,0.08499,0.08507,0.08055,0.08313
1674432000000,0.08313,0.08599,0.08299,0.08428
1674446400000,0.08428,0.08747,0.08428,0.08679
1674460800000,0.08679,0.09299,0.0865,0.09055
1674475200000,0.09055,0.09214,0.08669,0.09101
1674489600000,0.09101,0.09142,0.08795,0.08886
1674504000000,0.08886,0.09044,0.08869,0.09
1674518400000,0.09,0.09176,0.08839,0.09145
1674532800000,0.09145,0.0968,0.09105,0.09239
1674547200000,0.09239,0.09493,0.09181,0.09364
1674561600000,0.09364,0.09547,0.09256,0.09534
1674576000000,0.09534,0.0955,0.0918,0.09396
1674590400000,0.09396,0.09437,0.0865,0.08941
1674604800000,0.08941,0.09042,0.0845,0.08856
1674619200000,0.08856,0.09453,0.08741,0.09431
1674633600000,0.09431,0.09595,0.08964,0.08995
1674648000000,0.08995,0.09159,0.0887,0.09007
1674662400000,0.09007,0.0916,0.08797,0.08927
1674676800000,0.08927,0.09432,0.08921,0.09155
1674691200000,0.09155,0.09297,0.09092,0.09126
1674705600000,0.09126,0.0936,0.09077,0.09186
1674720000000,0.09186,0.09341,0.08924,0.08989
1674734400000,0.08989,0.09211,0.08872,0.08972
1674748800000,0.08972,0.09201,0.08819,0.09182
1674763200000,0.09182,0.09242,0.09056,0.09214
1674777600000,0.09214,0.09396,0.0888,0.08987
1674792000000,0.08987,0.09135,0.08936,0.09123
1674806400000,0.09123,0.09356,0.08965,0.0929
1674820800000,0.0929,0.09583,0.09228,0.09433
1674835200000,0.09433,0.09697,0.0942,0.09606
1674849600000,0.09606,0.0968,0.09425,0.09579
1674864000000,0.09579,0.09741,0.09531,0.09616
1674878400000,0.09616,0.09785,0.09405,0.09433
1674892800000,0.09433,0.09464,0.09271,0.09368
1674907200000,0.09368,0.09403,0.09172,0.0938
1674921600000,0.0938,0.09435,0.09272,0.09385
1674936000000,0.09385,0.09391,0.09175,0.09292
1674950400000,0.09292,0.09455,0.09113,0.09434
1674964800000,0.09434,0.0946,0.0933,0.09377
1674979200000,0.09377,0.09544,0.09289,0.0954
1674993600000,0.0954,0.0964,0.09475,0.09581
1675008000000,0.09581,0.0964,0.09496,0.09623
1675022400000,0.09623,0.09692,0.09527,0.09654
1675036800000,0.09654,0.09708,0.09435,0.09508
1675051200000,0.09508,0.09578,0.09268,0.09377
1675065600000,0.09377,0.09385,0.08823,0.08908
1675080000000,0.08908,0.09038,0.08865,0.0899
1675094400000,0.0899,0.09086,0.08504,0.08715
1675108800000,0.08715,0.08733,0.08524,0.08707
1675123200000,0.08707,0.08888,0.08682,0.08757
1675137600000,0.08757,0.08976,0.08695,0.08971
1675152000000,0.08971,0.08981,0.08736,0.08832
1675166400000,0.08832,0.09003,0.08766,0.08935
1675180800000,0.08935,0.09036,0.08911,0.08992
1675195200000,0.08992,0.08996,0.08703,0.08869
1675209600000,0.08869,0.08934,0.08803,0.08907
1675224000000,0.08907,0.08943,0.0858,0.08643
1675238400000,0.08643,0.087,0.08522,0.08681
1675252800000,0.08681,0.08739,0.08375,0.08458
1675267200000,0.08458,0.09039,0.08317,0.08902
1675281600000,0.08902,0.09407,0.08902,0.09312
1675296000000,0.09312,0.09585,0.09312,0.09415
1675310400000,0.09415,0.09506,0.09289,0.09309
1675324800000,0.09309,0.09456,0.09308,0.09448
1675339200000,0.09448,0.09637,0.09308,0.09595
1675353600000,0.09595,0.10151,0.09533,0.09778
1675368000000,0.09778,0.09853,0.0938,0.09519
1675382400000,0.09519,0.09651,0.094,0.09489
1675396800000,0.09489,0.09644,0.09389,0.09426
1675411200000,0.09426,0.09728,0.09334,0.09728
1675425600000,0.09728,0.10068,0.09479,0.09903
1675440000000,0.09903,0.10193,0.09741,0.09745
1675454400000,0.09745,0.09932,0.09701,0.09907
1675468800000,0.09907,0.09971,0.09769,0.0981
1675483200000,0.0981,0.09968,0.09741,0.09958
1675497600000,0.09958,0.09958,0.09778,0.09878
1675512000000,0.09878,0.10072,0.09852,0.09974
1675526400000,0.09974,0.11285,0.09954,0.11143
1675540800000,0.11143,0.11554,0.10903,0.11353
1675555200000,0.11353,0.1145,0.10991,0.11113
1675569600000,0.11113,0.11289,0.11033,0.11265
1675584000000,0.11265,0.12074,0.11123,0.11723
1675598400000,0.11723,0.121,0.11071,0.11604
1675612800000,0.11604,0.11868,0.11241,0.11611
1675627200000,0.11611,0.13259,0.1161,0.13196
1675641600000,0.13196,0.13778,0.12893,0.13075
1675656000000,0.13075,0.13172,0.12724,0.12943
1675670400000,0.12943,0.13147,0.12596,0.13027
1675684800000,0.13027,0.13525,0.12902,0.13325
1675699200000,0.13325,0.1384,0.12977,0.13234
1675713600000,0.13234,0.13685,0.1269,0.12915
1675728000000,0.12915,0.14197,0.12831,0.13884
1675742400000,0.13884,0.15253,0.13613,0.1512
1675756800000,0.1512,0.18,0.14822,0.17114
1675771200000,0.17114,0.18637,0.17032,0.17807
1675785600000,0.17807,0.20686,0.17626,0.20426
1675800000000,0.20426,0.23429,0.19949,0.20888
1675814400000,0.20888,0.21159,0.197,0.20379
1675828800000,0.20379,0.2084,0.18765,0.19259
1675843200000,0.19259,0.19261,0.18133,0.18498
1675857600000,0.18498,0.19208,0.17693,0.18056
1675872000000,0.18056,0.1833,0.17047,0.17827
1675886400000,0.17827,0.18238,0.1733,0.1753
1675900800000,0.1753,0.18687,0.16568,0.16783
1675915200000,0.16783,0.18073,0.1667,0.17683
1675929600000,0.17683,0.1844,0.17249,0.17981
1675944000000,0.17981,0.17986,0.1658,0.16616
1675958400000,0.16616,0.1684,0.1447,0.15209
1675972800000,0.15209,0.15382,0.1403,0.14769
1675987200000,0.14769,0.15361,0.1463,0.14904
1676001600000,0.14904,0.15748,0.14346,0.15566
1676016000000,0.15566,0.15967,0.1515,0.15193
1676030400000,0.15193,0.1691,0.1496,0.15886
1676044800000,0.15886,0.1745,0.15742,0.16728
1676059200000,0.16728,0.16862,0.15992,0.16656
1676073600000,0.16656,0.16757,0.15627,0.16054
1676088000000,0.16054,0.16611,0.1582,0.16234
1676102400000,0.16234,0.16234,0.15652,0.1597
1676116800000,0.1597,0.16378,0.15755,0.15887
1676131200000,0.15887,0.16084,0.15532,0.15975
1676145600000,0.15975,0.16492,0.15781,0.16154
1676160000000,0.16154,0.1692,0.16056,0.16488
1676174400000,0.16488,0.16502,0.16044,0.16164
1676188800000,0.16164,0.16944,0.161,0.16541
1676203200000,0.16541,0.16751,0.16065,0.16257
1676217600000,0.16257,0.16575,0.159,0.16134
1676232000000,0.16134,0.16242,0.15112,0.15416
1676246400000,0.15416,0.15625,0.15037,0.15403
1676260800000,0.15403,0.15592,0.15316,0.1537
1676275200000,0.1537,0.1537,0.14359,0.14631
1676289600000,0.14631,0.14862,0.14287,0.14442
1676304000000,0.14442,0.14588,0.13934,0.14396
1676318400000,0.14396,0.14814,0.1427,0.14756
1676332800000,0.14756,0.14884,0.1452,0.14772
1676347200000,0.14772,0.15013,0.14611,0.14939
1676361600000,0.14939,0.16099,0.14623,0.15908
1676376000000,0.15908,0.1686,0.15214,0.16263
1676390400000,0.16263,0.17464,0.16135,0.17008
1676404800000,0.17008,0.17067,0.16615,0.16915
1676419200000,0.16915,0.16928,0.16406,0.16836
1676433600000,0.16836,0.1788,0.16795,0.17466
1676448000000,0.17466,0.1762,0.1712,0.17455
1676462400000,0.17455,0.18351,0.17174,0.18147
1676476800000,0.18147,0.18431,0.17724,0.18302
1676491200000,0.18302,0.18712,0.18054,0.18466
1676505600000,0.18466,0.1868,0.18067,0.18503
1676520000000,0.18503,0.18574,0.17603,0.17916
1676534400000,0.17916,0.18017,0.17527,0.17617
1676548800000,0.17617,0.18107,0.17262,0.18097
1676563200000,0.18097,0.18337,0.17574,0.17653
1676577600000,0.17653,0.17689,0.16261,0.16338
1676592000000,0.16338,0.17115,0.16282,0.16975
1676606400000,0.16975,0.17251,0.16781,0.17043
1676620800000,0.17043,0.17207,0.16622,0.16639
1676635200000,0.16639,0.1713,0.16538,0.16951
1676649600000,0.16951,0.1715,0.16499,0.16923
1676664000000,0.16923,0.17377,0.16425,0.16794
1676678400000,0.16794,0.17078,0.1674,0.16941
1676692800000,0.16941,0.17284,0.16679,0.16734
1676707200000,0.16734,0.17,0.16621,0.16894
1676721600000,0.16894,0.17089,0.16729,0.16877
1676736000000,0.16877,0.182,0.16845,0.17694
1676750400000,0.17694,0.18098,0.1728,0.17721
1676764800000,0.17721,0.18494,0.17664,0.17884
1676779200000,0.17884,0.1842,0.17772,0.18137
1676793600000,0.18137,0.1823,0.17593,0.17812
1676808000000,0.17812,0.18219,0.17812,0.18094
1676822400000,0.18094,0.18362,0.16869,0.1699
1676836800000,0.1699,0.17173,0.16733,0.16899
1676851200000,0.16899,0.17159,0.16292,0.16942
1676865600000,0.16942,0.17279,0.16942,0.17257
1676880000000,0.17257,0.1751,0.16955,0.1741
1676894400000,0.1741,0.17471,0.16975,0.17117
1676908800000,0.17117,0.17424,0.16728,0.17375
1676923200000,0.17375,0.17459,0.17014,0.17131
1676937600000,0.17131,0.17223,0.1675,0.17
1676952000000,0.17,0.17572,0.16802,0.17429
1676966400000,0.17429,0.18101,0.16679,0.17312
1676980800000,0.17312,0.17727,0.16625,0.1685
1676995200000,0.1685,0.17065,0.16467,0.16759
1677009600000,0.16759,0.16795,0.16308,0.16768
1677024000000,0.16768,0.16865,0.15879,0.16401
1677038400000,0.16401,0.16455,0.15787,0.16008
1677052800000,0.16008,0.16026,0.15531,0.15959
1677067200000,0.15959,0.16246,0.15332,0.15557
1677081600000,0.15557,0.16171,0.15478,0.15942
1677096000000,0.15942,0.165,0.15846,0.16369
1677110400000,0.16369,0.1676,0.1629,0.16637
1677124800000,0.16637,0.16848,0.16462,0.16616
1677139200000,0.16616,0.16702,0.15874,0.16007
1677153600000,0.16007,0.17286,0.15877,0.16435
1677168000000,0.16435,0.16532,0.15968,0.16267
1677182400000,0.16267,0.16367,0.16045,0.16076
1677196800000,0.16076,0.16424,0.16005,0.16177
1677211200000,0.16177,0.16368,0.16059,0.16221
1677225600000,0.16221,0.16565,0.16015,0.16559
1677240000000,0.16559,0.16603,0.1567,0.15706
1677254400000,0.15706,0.1573,0.15035,0.15444
1677268800000,0.15444,0.15692,0.15093,0.15479
1677283200000,0.15479,0.15577,0.15226,0.15226
1677297600000,0.15226,0.1527,0.14858,0.15065
1677312000000,0.15065,0.15172,0.14716,0.14866
1677326400000,0.14866,0.1503,0.14607,0.14817
1677340800000,0.14817,0.14993,0.14314,0.14467
1677355200000,0.14467,0.14932,0.1413,0.14897
1677369600000,0.14897,0.15524,0.14853,0.15486
1677384000000,0.15486,0.16076,0.15316,0.1583
1677398400000,0.1583,0.15949,0.15592,0.1564
1677412800000,0.1564,0.15692,0.15441,0.15603
1677427200000,0.15603,0.15972,0.15383,0.15936
1677441600000,0.15936,0.16349,0.15845,0.16055
1677456000000,0.16055,0.16195,0.15896,0.16067
1677470400000,0.16067,0.16176,0.15762,0.15953
1677484800000,0.15953,0.16082,0.1565,0.15856
1677499200000,0.15856,0.16371,0.1565,0.16007
1677513600000,0.16007,0.16065,0.15377,0.15571
1677528000000,0.15571,0.15809,0.15308,0.15756
1677542400000,0.15756,0.16815,0.15501,0.16307
1677556800000,0.16307,0.16426,0.15688,0.15698
1677571200000,0.15698,0.15875,0.15573,0.15702
1677585600000,0.15702,0.16,0.15607,0.1598
1677600000000,0.1598,0.16163,0.15625,0.15637
1677614400000,0.15637,0.15873,0.15206,0.15265
1677628800000,0.15265,0.15697,0.15133,0.15689
1677643200000,0.15689,0.15916,0.15596,0.15773
1677657600000,0.15773,0.16189,0.15722,0.1609
1677672000000,0.1609,0.16293,0.15841,0.16022
1677686400000,0.16022,0.16226,0.15664,0.1575
1677700800000,0.1575,0.16121,0.15699,0.16009
1677715200000,0.16009,0.16121,0.15595,0.15687
1677729600000,0.15687,0.15802,0.1541,0.15472
1677744000000,0.15472,0.15527,0.15243,0.15362
1677758400000,0.15362,0.15462,0.15052,0.15387
1677772800000,0.15387,0.15491,0.15161,0.15465
1677787200000,0.15465,0.15546,0.15369,0.15488
1677801600000,0.15488,0.15503,0.13458,0.14203
1677816000000,0.14203,0.14502,0.14166,0.14456
1677830400000,0.14456,0.15125,0.14456,0.14792
1677844800000,0.14792,0.14978,0.14588,0.14699
1677859200000,0.14699,0.14757,0.14564,0.14748
1677873600000,0.14748,0.14813,0.14412,0.14712
1677888000000,0.14712,0.14869,0.14618,0.14641
1677902400000,0.14641,0.14663,0.14375,0.14473
1677916800000,0.14473,0.14479,0.14192,0.14249
1677931200000,0.14249,0.14293,0.14024,0.14193
1677945600000,0.14193,0.14393,0.13922,0.1402
1677960000000,0.1402,0.14177,0.13485,0.14168
1677974400000,0.14168,0.14583,0.14029,0.14437
1677988800000,0.14437,0.14682,0.14376,0.14453
1678003200000,0.14453,0.14478,0.14256,0.14396
1678017600000,0.14396,0.14581,0.14361,0.1441
1678032000000,0.1441,0.1443,0.14109,0.1417
1678046400000,0.1417,0.14371,0.13941,0.14066
1678060800000,0.14066,0.14185,0.13614,0.1392
1678075200000,0.1392,0.13995,0.13708,0.13901
1678089600000,0.13901,0.1394,0.13759,0.13784
1678104000000,0.13784,0.14317,0.13668,0.14265
1678118400000,0.14265,0.14382,0.14119,0.1415
1678132800000,0.1415,0.14358,0.13964,0.14259
1678147200000,0.14259,0.14567,0.14183,0.14407
1678161600000,0.14407,0.14451,0.14141,0.14165
1678176000000,0.14165,0.14198,0.13832,0.13852
1678190400000,0.13852,0.14026,0.13511,0.13858
1678204800000,0.13858,0.13993,0.13592,0.13627
1678219200000,0.13627,0.13776,0.13258,0.13737
1678233600000,0.13737,0.13924,0.13591,0.13708
1678248000000,0.13708,0.13744,0.1318,0.1322
1678262400000,0.1322,0.13351,0.1309,0.13148
1678276800000,0.13148,0.13216,0.12535,0.12985
1678291200000,0.12985,0.13093,0.1258,0.12677
1678305600000,0.12677,0.12819,0.12122,0.12483
1678320000000,0.12483,0.1275,0.12483,0.12716
1678334400000,0.12716,0.12768,0.12352,0.12382
1678348800000,0.12382,0.12461,0.1216,0.12449
1678363200000,0.12449,0.12848,0.12242,0.12654
1678377600000,0.12654,0.12774,0.12142,0.12221
1678392000000,0.12221,0.12226,0.11221,0.11693
1678406400000,0.11693,0.11816,0.1137,0.1154
1678420800000,0.1154,0.11694,0.11147,0.1138
1678435200000,0.1138,0.11425,0.10506,0.10944
1678449600000,0.10944,0.11504,0.10832,0.11478
1678464000000,0.11478,0.11756,0.11328,0.11709
1678478400000,0.11709,0.11776,0.11424,0.1164
1678492800000,0.1164,0.12172,0.11633,0.11644
1678507200000,0.11644,0.11798,0.11011,0.11065
1678521600000,0.11065,0.11408,0.11004,0.1113
1678536000000,0.1113,0.11354,0.10877,0.10923
1678550400000,0.10923,0.11274,0.10821,0.11238
1678564800000,0.11238,0.11429,0.11208,0.11406
1678579200000,0.11406,0.11408,0.11123,0.11227
1678593600000,0.11227,0.11327,0.11101,0.11179
1678608000000,0.11179,0.11367,0.11151,0.11272
1678622400000,0.11272,0.1138,0.11132,0.11243
1678636800000,0.11243,0.11934,0.11178,0.1166
1678651200000,0.1166,0.13193,0.11644,0.13124
1678665600000,0.13124,0.13535,0.12942,0.13219
1678680000000,0.13219,0.1376,0.13219,0.13544
1678694400000,0.13544,0.13564,0.12842,0.1315
1678708800000,0.1315,0.14616,0.1296,0.14215
1678723200000,0.14215,0.14792,0.141,0.14486
1678737600000,0.14486,0.14728,0.14289,0.14517
1678752000000,0.14517,0.14703,0.14321,0.14496
1678766400000,0.14496,0.14644,0.14025,0.141
1678780800000,0.141,0.14353,0.13864,0.143
1678795200000,0.143,0.16174,0.14175,0.16042
1678809600000,0.16042,0.16339,0.15045,0.1554
1678824000000,0.1554,0.15635,0.14722,0.15237
1678838400000,0.15237,0.15587,0.14893,0.15455
1678852800000,0.15455,0.15768,0.15213,0.15564
1678867200000,0.15564,0.15572,0.14653,0.15026
1678881600000,0.15026,0.15405,0.13878,0.13972
1678896000000,0.13972,0.14246,0.1313,0.14032
1678910400000,0.14032,0.14173,0.13737,0.14002
1678924800000,0.14002,0.14417,0.13835,0.1435
1678939200000,0.1435,0.14709,0.13932,0.14671
1678953600000,0.14671,0.1558,0.14582,0.15359
1678968000000,0.15359,0.15917,0.14741,0.158
1678982400000,0.158,0.1599,0.15263,0.15715
1678996800000,0.15715,0.15721,0.14532,0.15082
1679011200000,0.15082,0.15397,0.14701,0.15006
1679025600000,0.15006,0.1527,0.14687,0.15017
1679040000000,0.15017,0.15891,0.14943,0.15742
1679054400000,0.15742,0.15768,0.1477,0.15146
1679068800000,0.15146,0.15531,0.15022,0.15484
1679083200000,0.15484,0.16353,0.15272,0.16313
1679097600000,0.16313,0.16345,0.15823,0.1613
1679112000000,0.1613,0.162,0.15832,0.15883
1679126400000,0.15883,0.17541,0.15352,0.17151
1679140800000,0.17151,0.17534,0.15632,0.15984
1679155200000,0.15984,0.16198,0.1503,0.1583
1679169600000,0.1583,0.16156,0.15342,0.1548
1679184000000,0.1548,0.16052,0.15474,0.15951
1679198400000,0.15951,0.16051,0.15254,0.15613
1679212800000,0.15613,0.16502,0.15448,0.15987
1679227200000,0.15987,0.16179,0.156,0.16034
1679241600000,0.16034,0.16799,0.15976,0.16291
1679256000000,0.16291,0.16395,0.15328,0.15354
1679270400000,0.15354,0.15725,0.14812,0.14884
1679284800000,0.14884,0.1561,0.14669,0.15496
1679299200000,0.15496,0.1615,0.1524,0.1544
1679313600000,0.1544,0.15646,0.15128,0.15157
1679328000000,0.15157,0.15288,0.14501,0.14691
1679342400000,0.14691,0.15163,0.14677,0.14865
1679356800000,0.14865,0.15194,0.14754,0.15089
1679371200000,0.15089,0.15174,0.14117,0.14361
1679385600000,0.14361,0.15086,0.1436,0.14736
1679400000000,0.14736,0.15547,0.14699,0.15206
1679414400000,0.15206,0.15513,0.14751,0.15066
1679428800000,0.15066,0.15255,0.14866,0.15168
1679443200000,0.15168,0.15297,0.14728,0.15163
1679457600000,0.15163,0.15177,0.14769,0.14882
1679472000000,0.14882,0.15063,0.14683,0.14935
1679486400000,0.14935,0.15366,0.14791,0.14927
1679500800000,0.14927,0.15156,0.13755,0.13772
1679515200000,0.13772,0.14411,0.13744,0.14291
1679529600000,0.14291,0.14668,0.14106,0.14514
1679544000000,0.14514,0.15522,0.14514,0.1544
1679558400000,0.1544,0.15767,0.15178,0.15252
1679572800000,0.15252,0.15709,0.14876,0.15381
1679587200000,0.15381,0.15425,0.14928,0.15271
1679601600000,0.15271,0.15365,0.15142,0.15205
1679616000000,0.15205,0.15265,0.14967,0.15062
1679630400000,0.15062,0.15106,0.14942,0.15009
1679644800000,0.15009,0.1502,0.14514,0.146
1679659200000,0.146,0.14733,0.14299,0.14446
1679673600000,0.14446,0.1456,0.1382,0.14462
1679688000000,0.14462,0.14518,0.14156,0.14256
1679702400000,0.14256,0.14358,0.14076,0.14239
1679716800000,0.14239,0.14324,0.13931,0.14022
1679731200000,0.14022,0.14084,0.13822,0.14018
1679745600000,0.14018,0.14196,0.13898,0.1412
1679760000000,0.1412,0.14176,0.13576,0.13599
1679774400000,0.13599,0.13807,0.13581,0.13774
1679788800000,0.13774,0.13979,0.13649,0.13937
1679803200000,0.13937,0.14024,0.13826,0.13942
1679817600000,0.13942,0.14287,0.13838,0.14109
1679832000000,0.14109,0.14261,0.1391,0.13988
1679846400000,0.13988,0.14096,0.13902,0.13999
1679860800000,0.13999,0.1424,0.13899,0.14151
1679875200000,0.14151,0.14151,0.13862,0.13971
1679889600000,0.13971,0.14039,0.13707,0.13786
1679904000000,0.13786,0.13938,0.13702,0.13904
1679918400000,0.13904,0.13982,0.12846,0.13276
1679932800000,0.13276,0.13513,0.1302,0.13058
1679947200000,0.13058,0.13423,0.13015,0.13386
1679961600000,0.13386,0.13454,0.13074,0.13123
1679976000000,0.13123,0.13388,0.1311,0.13249
1679990400000,0.13249,0.13279,0.12898,0.13215
1680004800000,0.13215,0.13345,0.13058,0.13294
1680019200000,0.13294,0.13856,0.1308,0.13762
1680033600000,0.13762,0.14134,0.13713,0.14007
1680048000000,0.14007,0.14337,0.1394,0.14189
1680062400000,0.14189,0.14935,0.14179,0.14784
1680076800000,0.14784,0.14945,0.14626,0.14709
1680091200000,0.14709,0.14797,0.1437,0.14712
1680105600000,0.14712,0.14731,0.1447,0.14626
1680120000000,0.14626,0.14778,0.14478,0.14663
1680134400000,0.14663,0.15088,0.14328,0.14589
1680148800000,0.14589,0.14776,0.14404,0.14568
1680163200000,0.14568,0.14623,0.14291,0.14474
1680177600000,0.14474,0.14485,0.14062,0.1413
1680192000000,0.1413,0.14233,0.13964,0.1421
1680206400000,0.1421,0.14708,0.14157,0.14453
1680220800000,0.14453,0.14592,0.14342,0.14371
1680235200000,0.14371,0.1444,0.13972,0.14113
1680249600000,0.14113,0.14219,0.14055,0.14158
1680264000000,0.14158,0.14706,0.14126,0.14568
1680278400000,0.14568,0.14667,0.14474,0.14625
1680292800000,0.14625,0.14681,0.145,0.14545
1680307200000,0.14545,0.14807,0.14488,0.14673
1680321600000,0.14673,0.147,0.14273,0.14329
1680336000000,0.14329,0.14403,0.14202,0.14283
1680350400000,0.14283,0.1433,0.14115,0.14229
1680364800000,0.14229,0.14318,0.14139,0.14232
1680379200000,0.14232,0.14366,0.1423,0.14252
1680393600000,0.14252,0.14292,0.14031,0.14169
1680408000000,0.14169,0.14315,0.141,0.14278
1680422400000,0.14278,0.1434,0.1414,0.14232
1680436800000,0.14232,0.14243,0.13715,0.13815
1680451200000,0.13815,0.13943,0.13611,0.13731
1680465600000,0.13731,0.13879,0.13642,0.1385
1680480000000,0.1385,0.13868,0.13334,0.13688
1680494400000,0.13688,0.1417,0.13637,0.14132
1680508800000,0.14132,0.14295,0.14024,0.14054
1680523200000,0.14054,0.14158,0.138,0.13901
1680537600000,0.13901,0.14202,0.13781,0.14077
1680552000000,0.14077,0.14119,0.13417,0.13951
1680566400000,0.13951,0.14105,0.13876,0.13901
1680580800000,0.13901,0.14053,0.13851,0.13919
1680595200000,0.13919,0.14171,0.13868,0.14145
1680609600000,0.14145,0.14385,0.14072,0.14197
1680624000000,0.14197,0.14377,0.14169,0.1422
1680638400000,0.1422,0.14324,0.14181,0.14318
1680652800000,0.14318,0.15254,0.14206,0.15045
1680667200000,0.15045,0.15731,0.15042,0.1544
1680681600000,0.1544,0.1548,0.15112,0.15166
1680696000000,0.15166,0.15288,0.14601,0.14865
1680710400000,0.14865,0.1493,0.14647,0.14787
1680724800000,0.14787,0.1488,0.14646,0.1475
1680739200000,0.1475,0.14792,0.14368,0.14729
1680753600000,0.14729,0.14736,0.14467,0.14491
1680768000000,0.14491,0.14682,0.14343,0.14575
1680782400000,0.14575,0.14722,0.14399,0.14687
1680796800000,0.14687,0.14791,0.14487,0.14602
1680811200000,0.14602,0.14659,0.14455,0.14583
1680825600000,0.14583,0.14615,0.14314,0.14364
1680840000000,0.14364,0.14515,0.14025,0.14026
1680854400000,0.14026,0.14224,0.14024,0.14102
1680868800000,0.14102,0.14387,0.14051,0.14293
1680883200000,0.14293,0.14312,0.14095,0.14141
1680897600000,0.14141,0.14305,0.14075,0.14241
1680912000000,0.14241,0.14433,0.14089,0.14384
1680926400000,0.14384,0.1457,0.14348,0.14445
1680940800000,0.14445,0.14555,0.14329,0.14345
1680955200000,0.14345,0.14402,0.14305,0.14337
1680969600000,0.14337,0.14372,0.14078,0.14161
1680984000000,0.14161,0.14257,0.14034,0.14149
1680998400000,0.14149,0.14386,0.14142,0.14256
1681012800000,0.14256,0.14296,0.13904,0.14071
1681027200000,0.14071,0.14123,0.14013,0.14081
1681041600000,0.14081,0.14144,0.13858,0.14013
1681056000000,0.14013,0.14347,0.13953,0.14304
1681070400000,0.14304,0.14457,0.1423,0.14344
1681084800000,0.14344,0.14427,0.14169,0.1431
1681099200000,0.1431,0.14366,0.14208,0.14289
1681113600000,0.14289,0.14414,0.14289,0.14307
1681128000000,0.14307,0.14379,0.14164,0.14297
1681142400000,0.14297,0.1478,0.14244,0.147
1681156800000,0.147,0.15375,0.14618,0.15344
1681171200000,0.15344,0.15522,0.14826,0.14918
1681185600000,0.14918,0.15068,0.14836,0.14978
1681200000000,0.14978,0.15023,0.1481,0.14995
1681214400000,0.14995,0.15031,0.14812,0.14903
1681228800000,0.14903,0.14965,0.14725,0.14788
1681243200000,0.14788,0.14843,0.1471,0.14773
1681257600000,0.14773,0.14843,0.14137,0.1423
1681272000000,0.1423,0.14447,0.14176,0.14401
1681286400000,0.14401,0.14444,0.14292,0.14415
1681300800000,0.14415,0.14887,0.14317,0.14792
1681315200000,0.14792,0.14999,0.14487,0.14575
1681329600000,0.14575,0.14834,0.14571,0.14747
1681344000000,0.14747,0.1482,0.14565,0.14729
1681358400000,0.14729,0.14729,0.14542,0.1465
1681372800000,0.1465,0.15009,0.14641,0.14914
1681387200000,0.14914,0.15095,0.14851,0.14992
1681401600000,0.14992,0.15172,0.14959,0.15057
1681416000000,0.15057,0.15061,0.14927,0.15045
1681430400000,0.15045,0.15481,0.14983,0.15372
1681444800000,0.15372,0.15748,0.15353,0.15414
1681459200000,0.15414,0.15959,0.15358,0.15831
1681473600000,0.15831,0.15894,0.15312,0.154
1681488000000,0.154,0.16406,0.15222,0.163
1681502400000,0.163,0.16518,0.16046,0.1616
1681516800000,0.1616,0.16167,0.15902,0.16085
1681531200000,0.16085,0.16439,0.15967,0.16439
1681545600000,0.16439,0.17223,0.16266,0.17069
1681560000000,0.17069,0.17083,0.16748,0.16875
1681574400000,0.16875,0.17199,0.16526,0.16669
1681588800000,0.16669,0.16819,0.1643,0.167
1681603200000,0.167,0.16891,0.1632,0.16802
1681617600000,0.16802,0.17025,0.16773,0.1683
1681632000000,0.1683,0.16877,0.16394,0.16427
1681646400000,0.16427,0.16714,0.16281,0.16701
1681660800000,0.16701,0.1681,0.16511,0.1662
1681675200000,0.1662,0.16912,0.16416,0.16655
1681689600000,0.16655,0.16694,0.16131,0.16524
1681704000000,0.16524,0.16904,0.16337,0.16468
1681718400000,0.16468,0.17195,0.16373,0.16868
1681732800000,0.16868,0.17416,0.16339,0.16503
1681747200000,0.16503,0.17088,0.1647,0.16883
1681761600000,0.16883,0.17266,0.16583,0.17264
1681776000000,0.17264,0.17267,0.16633,0.16661
1681790400000,0.16661,0.17217,0.16545,0.17105
1681804800000,0.17105,0.17403,0.17005,0.17267
1681819200000,0.17267,0.1754,0.17161,0.17234
1681833600000,0.17234,0.17513,0.16854,0.16969
1681848000000,0.16969,0.17112,0.16886,0.17003
1681862400000,0.17003,0.17135,0.16689,0.16713
1681876800000,0.16713,0.16902,0.1642,0.16506
1681891200000,0.16506,0.16521,0.14905,0.15622
1681905600000,0.15622,0.15925,0.15506,0.1564
1681920000000,0.1564,0.15851,0.15513,0.15568
1681934400000,0.15568,0.15657,0.14851,0.15179
1681948800000,0.15179,0.1551,0.15127,0.15482
1681963200000,0.15482,0.1572,0.15364,0.15373
1681977600000,0.15373,0.15595,0.15112,0.15163
1681992000000,0.15163,0.15564,0.1491,0.14952
1682006400000,0.14952,0.14967,0.14355,0.1451
1682020800000,0.1451,0.14674,0.14396,0.14626
1682035200000,0.14626,0.14916,0.14596,0.14747
1682049600000,0.14747,0.14774,0.14357,0.14643
1682064000000,0.14643,0.14739,0.14206,0.14232
1682078400000,0.14232,0.14473,0.14012,0.1432
1682092800000,0.1432,0.14347,0.13422,0.13525
1682107200000,0.13525,0.13684,0.13395,0.13612
1682121600000,0.13612,0.1382,0.13502,0.1379
1682136000000,0.1379,0.13819,0.13631,0.13646
1682150400000,0.13646,0.13687,0.1354,0.13664
1682164800000,0.13664,0.13982,0.13576,0.13921
1682179200000,0.13921,0.14106,0.13784,0.13902
1682193600000,0.13902,0.14169,0.1384,0.14161
1682208000000,0.14161,0.14161,0.13831,0.1394
1682222400000,0.1394,0.14071,0.13914,0.1405
1682236800000,0.1405,0.14075,0.13842,0.13931
1682251200000,0.13931,0.13978,0.13567,0.13643
1682265600000,0.13643,0.13875,0.13369,0.13581
1682280000000,0.13581,0.13858,0.13516,0.13801
1682294400000,0.13801,0.14047,0.13569,0.13788
1682308800000,0.13788,0.13873,0.13499,0.13652
1682323200000,0.13652,0.13915,0.13482,0.13915
1682337600000,0.13915,0.14043,0.1364,0.1365
1682352000000,0.1365,0.13874,0.1341,0.13686
1682366400000,0.13686,0.13776,0.13536,0.13545
1682380800000,0.13545,0.13608,0.13184,0.13268
1682395200000,0.13268,0.13449,0.13227,0.13238
1682409600000,0.13238,0.13341,0.13126,0.1328
1682424000000,0.1328,0.13448,0.1313,0.13196
1682438400000,0.13196,0.13425,0.13011,0.13302
1682452800000,0.13302,0.14189,0.13302,0.14125
1682467200000,0.14125,0.14267,0.13981,0.14017
1682481600000,0.14017,0.14195,0.1397,0.14019
1682496000000,0.14019,0.14589,0.13961,0.14433
1682510400000,0.14433,0.14778,0.14433,0.14752
1682524800000,0.14752,0.14843,0.13414,0.13556
1682539200000,0.13556,0.13934,0.13087,0.13875
1682553600000,0.13875,0.14398,0.13841,0.13925
1682568000000,0.13925,0.14178,0.1372,0.13843
1682582400000,0.13843,0.13885,0.13711,0.1377
1682596800000,0.1377,0.14106,0.13568,0.14005
1682611200000,0.14005,0.14222,0.13932,0.14143
1682625600000,0.14143,0.14229,0.13838,0.14027
1682640000000,0.14027,0.14138,0.13893,0.1391
1682654400000,0.1391,0.13992,0.13813,0.13987
1682668800000,0.13987,0.13987,0.13621,0.13629
1682683200000,0.13629,0.1379,0.13421,0.13519
1682697600000,0.13519,0.13698,0.13475,0.13631
1682712000000,0.13631,0.13783,0.13625,0.13702
1682726400000,0.13702,0.13888,0.13625,0.1379
1682740800000,0.1379,0.13863,0.13722,0.13824
1682755200000,0.13824,0.13851,0.13736,0.13817
1682769600000,0.13817,0.14085,0.13801,0.13958
1682784000000,0.13958,0.14027,0.13665,0.13998
1682798400000,0.13998,0.14011,0.13812,0.13892
1682812800000,0.13892,0.13892,0.13591,0.13618
1682827200000,0.13618,0.13845,0.13607,0.13811
1682841600000,0.13811,0.13855,0.13681,0.13693
1682856000000,0.13693,0.14005,0.13634,0.13907
1682870400000,0.13907,0.14003,0.136,0.13648
1682884800000,0.13648,0.13697,0.13463,0.13538
1682899200000,0.13538,0.13648,0.13146,0.13448
1682913600000,0.13448,0.13587,0.13347,0.13558
1682928000000,0.13558,0.13608,0.13369,0.13371
1682942400000,0.13371,0.1344,0.13207,0.13218
1682956800000,0.13218,0.1325,0.12893,0.13026
1682971200000,0.13026,0.13114,0.1292,0.13081
1682985600000,0.13081,0.13082,0.12883,0.13016
1683000000000,0.13016,0.13145,0.12897,0.13092
1683014400000,0.13092,0.13096,0.12913,0.13016
1683028800000,0.13016,0.13192,0.12832,0.13111
1683043200000,0.13111,0.13265,0.13032,0.13247
1683057600000,0.13247,0.13363,0.13205,0.13275
1683072000000,0.13275,0.13319,0.13055,0.13187
1683086400000,0.13187,0.13195,0.13025,0.13072
1683100800000,0.13072,0.13153,0.12954,0.12956
1683115200000,0.12956,0.12985,0.1279,0.12892
1683129600000,0.12892,0.13356,0.12876,0.13164
1683144000000,0.13164,0.13792,0.13164,0.13624
1683158400000,0.13624,0.13634,0.13415,0.13467
1683172800000,0.13467,0.13531,0.13399,0.13407
1683187200000,0.13407,0.1346,0.13326,0.13331
1683201600000,0.13331,0.13374,0.13174,0.13244
1683216000000,0.13244,0.13356,0.13113,0.13195
1683230400000,0.13195,0.1326,0.13178,0.13217
1683244800000,0.13217,0.13386,0.13144,0.13192
1683259200000,0.13192,0.13237,0.13123,0.13162
1683273600000,0.13162,0.13181,0.12989,0.13033
1683288000000,0.13033,0.13243,0.1265,0.13225
1683302400000,0.13225,0.13423,0.13209,0.13421
1683316800000,0.13421,0.13511,0.13338,0.13397
1683331200000,0.13397,0.13539,0.13156,0.13252
1683345600000,0.13252,0.13285,0.13009,0.13014
1683360000000,0.13014,0.13046,0.12802,0.12981
1683374400000,0.12981,0.12981,0.12309,0.12439
1683388800000,0.12439,0.12745,0.12418,0.12655
1683403200000,0.12655,0.12675,0.12559,0.12634
1683417600000,0.12634,0.12749,0.12522,0.12556
1683432000000,0.12556,0.12751,0.12534,0.1275
1683446400000,0.1275,0.12787,0.12658,0.12759
1683460800000,0.12759,0.12848,0.12666,0.12691
1683475200000,0.12691,0.12743,0.12598,0.12668
1683489600000,0.12668,0.12749,0.12528,0.12607
1683504000000,0.12607,0.12669,0.11772,0.11988
1683518400000,0.11988,0.12019,0.11583,0.11752
1683532800000,0.11752,0.12068,0.1172,0.11966
1683547200000,0.11966,0.12106,0.11881,0.11895
1683561600000,0.11895,0.11911,0.11061,0.11461
1683576000000,0.11461,0.11717,0.11441,0.11708
1683590400000,0.11708,0.11791,0.11596,0.11677
1683604800000,0.11677,0.11814,0.11569,0.1173
1683619200000,0.1173,0.11732,0.11556,0.11646
1683633600000,0.11646,0.11676,0.11245,0.11285
1683648000000,0.11285,0.11521,0.11252,0.11477
1683662400000,0.11477,0.11531,0.11377,0.11478
1683676800000,0.11478,0.11543,0.11254,0.1128
1683691200000,0.1128,0.11405,0.11254,0.1134
1683705600000,0.1134,0.11364,0.11204,0.1133
1683720000000,0.1133,0.12046,0.11246,0.11884
1683734400000,0.11884,0.12036,0.11109,0.11805
1683748800000,0.11805,0.12027,0.11757,0.11885
1683763200000,0.11885,0.11889,0.11547,0.11591
1683777600000,0.11591,0.11696,0.11482,0.11548
1683792000000,0.11548,0.11582,0.11379,0.11502
1683806400000,0.11502,0.11688,0.11158,0.11311
1683820800000,0.11311,0.11347,0.10988,0.11093
1683835200000,0.11093,0.11288,0.11081,0.1112
1683849600000,0.1112,0.11151,0.10786,0.10944
1683864000000,0.10944,0.11349,0.10887,0.11284
1683878400000,0.11284,0.11444,0.11272,0.11307
1683892800000,0.11307,0.11436,0.11211,0.11242
1683907200000,0.11242,0.11361,0.10928,0.11322
1683921600000,0.11322,0.11645,0.11282,0.11645
1683936000000,0.11645,0.11657,0.11468,0.11543
1683950400000,0.11543,0.11664,0.11483,0.11622
1683964800000,0.11622,0.11685,0.11515,0.11534
1683979200000,0.11534,0.11646,0.11477,0.11567
1683993600000,0.11567,0.11722,0.11554,0.11625
1684008000000,0.11625,0.11773,0.11606,0.11626
1684022400000,0.11626,0.11661,0.11434,0.11558
1684036800000,0.11558,0.11703,0.11514,0.11637
1684051200000,0.11637,0.11652,0.11481,0.11509
1684065600000,0.11509,0.11829,0.11431,0.11781
1684080000000,0.11781,0.11799,0.11518,0.11549
1684094400000,0.11549,0.11705,0.11526,0.11669
1684108800000,0.11669,0.1189,0.11473,0.11809
1684123200000,0.11809,0.12435,0.1177,0.12357
1684137600000,0.12357,0.12476,0.12299,0.12322
1684152000000,0.12322,0.12971,0.12322,0.12866
1684166400000,0.12866,0.13184,0.12675,0.12975
1684180800000,0.12975,0.13093,0.12445,0.12523
1684195200000,0.12523,0.12562,0.1211,0.12263
1684209600000,0.12263,0.12367,0.12121,0.12283
1684224000000,0.12283,0.12291,0.1206,0.12206
1684238400000,0.12206,0.12287,0.12089,0.12175
1684252800000,0.12175,0.12248,0.12025,0.12148
1684267200000,0.12148,0.12357,0.12091,0.12302
1684281600000,0.12302,0.12535,0.12236,0.12462
1684296000000,0.12462,0.12548,0.12103,0.12182
1684310400000,0.12182,0.12304,0.12083,0.12147
1684324800000,0.12147,0.12257,0.11903,0.12046
1684339200000,0.12046,0.12553,0.11964,0.12507
1684353600000,0.12507,0.12595,0.12352,0.12426
1684368000000,0.12426,0.12428,0.12236,0.12418
1684382400000,0.12418,0.1244,0.12146,0.12279
1684396800000,0.12279,0.12494,0.12272,0.12293
1684411200000,0.12293,0.12315,0.12063,0.12106
1684425600000,0.12106,0.122,0.11774,0.12003
1684440000000,0.12003,0.12237,0.11909,0.12065
1684454400000,0.12065,0.12144,0.11929,0.12102
1684468800000,0.12102,0.1223,0.12095,0.12123
1684483200000,0.12123,0.12321,0.12119,0.12219
1684497600000,0.12219,0.1234,0.12052,0.1222
1684512000000,0.1222,0.1271,0.12163,0.12396
1684526400000,0.12396,0.1252,0.1232,0.12381
1684540800000,0.12381,0.12381,0.12122,0.12123
1684555200000,0.12123,0.12164,0.12013,0.12026
1684569600000,0.12026,0.12161,0.12026,0.12046
1684584000000,0.12046,0.1211,0.12006,0.1211
1684598400000,0.1211,0.12191,0.12003,0.12103
1684612800000,0.12103,0.12129,0.12026,0.12096
1684627200000,0.12096,0.12157,0.12035,0.12107
1684641600000,0.12107,0.12107,0.12015,0.12039
1684656000000,0.12039,0.12066,0.11741,0.11826
1684670400000,0.11826,0.11975,0.11765,0.11827
1684684800000,0.11827,0.11834,0.11688,0.11826
1684699200000,0.11826,0.11857,0.11616,0.11781
1684713600000,0.11781,0.11813,0.11557,0.118
1684728000000,0.118,0.11898,0.11765,0.11771
1684742400000,0.11771,0.11969,0.11771,0.11937
1684756800000,0.11937,0.12033,0.11845,0.11954
1684771200000,0.11954,0.11976,0.11867,0.11901
1684785600000,0.11901,0.1194,0.11842,0.11853
1684800000000,0.11853,0.12282,0.11767,0.12202
1684814400000,0.12202,0.12244,0.12069,0.1214
1684828800000,0.1214,0.12186,0.12092,0.12134
1684843200000,0.12134,0.12222,0.12006,0.12182
1684857600000,0.12182,0.1227,0.1211,0.12184
1684872000000,0.12184,0.12247,0.12148,0.12167
1684886400000,0.12167,0.12177,0.11622,0.11793
1684900800000,0.11793,0.118,0.11605,0.11634
1684915200000,0.11634,0.11746,0.11558,0.11616
1684929600000,0.11616,0.11619,0.11195,0.11413
1684944000000,0.11413,0.11562,0.11351,0.11503
1684958400000,0.11503,0.11676,0.11496,0.11617
1684972800000,0.11617,0.11658,0.11291,0.1148
1684987200000,0.1148,0.11574,0.1142,0.11431
1685001600000,0.11431,0.11491,0.1138,0.11461
1685016000000,0.11461,0.11693,0.11446,0.11595
1685030400000,0.11595,0.11757,0.11565,0.11663
1685044800000,0.11663,0.11689,0.11549,0.11582
1685059200000,0.11582,0.11633,0.11451,0.11569
1685073600000,0.11569,0.11575,0.11432,0.1156
1685088000000,0.1156,0.11607,0.1149,0.11525
1685102400000,0.11525,0.11715,0.11481,0.11656
1685116800000,0.11656,0.11685,0.11541,0.11661
1685131200000,0.11661,0.11699,0.11576,0.11578
1685145600000,0.11578,0.11752,0.11535,0.11734
1685160000000,0.11734,0.11881,0.11715,0.11875
1685174400000,0.11875,0.11969,0.11819,0.11921
1685188800000,0.11921,0.1198,0.11816,0.11836
1685203200000,0.11836,0.11876,0.11728,0.11809
1685217600000,0.11809,0.11905,0.11789,0.11876
1685232000000,0.11876,0.12072,0.11787,0.12028
1685246400000,0.12028,0.12146,0.12004,0.12112
1685260800000,0.12112,0.12114,0.11967,0.1197
1685275200000,0.1197,0.11997,0.11925,0.1196
1685289600000,0.1196,0.12213,0.11871,0.12071
1685304000000,0.12071,0.12727,0.12071,0.12389
1685318400000,0.12389,0.12478,0.12292,0.12381
1685332800000,0.12381,0.1252,0.12259,0.12396
1685347200000,0.12396,0.12513,0.12318,0.12505
1685361600000,0.12505,0.12862,0.12471,0.12619
1685376000000,0.12619,0.1294,0.12457,0.1252
1685390400000,0.1252,0.12701,0.1248,0.12638
1685404800000,0.12638,0.12739,0.125,0.12672
1685419200000,0.12672,0.12707,0.12506,0.12511
1685433600000,0.12511,0.12899,0.12474,0.1282
1685448000000,0.1282,0.13048,0.12732,0.12982
1685462400000,0.12982,0.13189,0.12855,0.13131
1685476800000,0.13131,0.13285,0.1306,0.13161
1685491200000,0.13161,0.13504,0.13061,0.13373
1685505600000,0.13373,0.13427,0.12823,0.12913
1685520000000,0.12913,0.1354,0.1287,0.13443
1685534400000,0.13443,0.13704,0.13058,0.13359
1685548800000,0.13359,0.13672,0.13089,0.13324
1685563200000,0.13324,0.13437,0.13208,0.13314
1685577600000,0.13314,0.13664,0.1314,0.13393
1685592000000,0.13393,0.14953,0.13267,0.13457
1685606400000,0.13457,0.13675,0.13021,0.13248
1685620800000,0.13248,0.13346,0.13063,0.13082
1685635200000,0.13082,0.13268,0.1285,0.13092
1685649600000,0.13092,0.13103,0.12658,0.12798
1685664000000,0.12798,0.12828,0.12371,0.12828
1685678400000,0.12828,0.13118,0.12773,0.12934
1685692800000,0.12934,0.13256,0.12934,0.1325
1685707200000,0.1325,0.13326,0.13013,0.1312
1685721600000,0.1312,0.13173,0.12983,0.13127
1685736000000,0.13127,0.13147,0.12937,0.1298
1685750400000,0.1298,0.13058,0.12858,0.13048
1685764800000,0.13048,0.13052,0.12849,0.12875
1685779200000,0.12875,0.12882,0.12768,0.12838
1685793600000,0.12838,0.12961,0.12763,0.12815
1685808000000,0.12815,0.12859,0.12752,0.12797
1685822400000,0.12797,0.12852,0.12703,0.1285
1685836800000,0.1285,0.12866,0.12708,0.12857
1685851200000,0.12857,0.12929,0.12813,0.1288
1685865600000,0.1288,0.12908,0.12764,0.12769
1685880000000,0.12769,0.12819,0.12605,0.12658
1685894400000,0.12658,0.1268,0.12502,0.12678
1685908800000,0.12678,0.12745,0.12516,0.12552
1685923200000,0.12552,0.12559,0.12219,0.12282
1685937600000,0.12282,0.12402,0.12234,0.12354
1685952000000,0.12354,0.12412,0.12164,0.12268
1685966400000,0.12268,0.12279,0.11292,0.1134
1685980800000,0.1134,0.11554,0.10942,0.11357
1685995200000,0.11357,0.11486,0.11252,0.11445
1686009600000,0.11445,0.11721,0.11369,0.11676
1686024000000,0.11676,0.1176,0.11568,0.116
1686038400000,0.116,0.11667,0.11525,0.11554
1686052800000,0.11554,0.11731,0.11246,0.11642
1686067200000,0.11642,0.12066,0.11628,0.12012
1686081600000,0.12012,0.12039,0.11804,0.11922
1686096000000,0.11922,0.11924,0.11594,0.11677
1686110400000,0.11677,0.11744,0.11571,0.11622
1686124800000,0.11622,0.11763,0.11362,0.11586
1686139200000,0.11586,0.11656,0.1118,0.11394
1686153600000,0.11394,0.11437,0.11209,0.11383
1686168000000,0.11383,0.11418,0.11212,0.11278
1686182400000,0.11278,0.11315,0.11015,0.11194
1686196800000,0.11194,0.11429,0.11138,0.11354
1686211200000,0.11354,0.11412,0.11253,0.11373
1686225600000,0.11373,0.11486,0.11304,0.11425
1686240000000,0.11425,0.11439,0.11268,0.11425
1686254400000,0.11425,0.11446,0.11312,0.11331
1686268800000,0.11331,0.11369,0.11098,0.11198
1686283200000,0.11198,0.11223,0.10858,0.10921
1686297600000,0.10921,0.11248,0.1091,0.11206
1686312000000,0.11206,0.11364,0.11166,0.11186
1686326400000,0.11186,0.11239,0.10956,0.10963
1686340800000,0.10963,0.11129,0.10953,0.11096
1686355200000,0.11096,0.11114,0.10297,0.10328
1686369600000,0.10328,0.10453,0.08781,0.09316
1686384000000,0.09316,0.09645,0.09203,0.09584
1686398400000,0.09584,0.09692,0.09452,0.09515
1686412800000,0.09515,0.10207,0.09386,0.10025
1686427200000,0.10025,0.10318,0.09929,0.10257
1686441600000,0.10257,0.103,0.10069,0.10152
1686456000000,0.10152,0.10173,0.09911,0.09956
1686470400000,0.09956,0.10113,0.09859,0.10063
1686484800000,0.10063,0.1008,0.09832,0.09858
1686499200000,0.09858,0.10114,0.09848,0.10052
1686513600000,0.10052,0.10258,0.09818,0.09923
1686528000000,0.09923,0.09934,0.09568,0.0967
1686542400000,0.0967,0.0978,0.09594,0.09662
1686556800000,0.09662,0.10061,0.09632,0.09941
1686571200000,0.09941,0.09961,0.09785,0.09826
1686585600000,0.09826,0.09992,0.09663,0.09925
1686600000000,0.09925,0.0996,0.09841,0.09923
1686614400000,0.09923,0.10055,0.09803,0.0998
1686628800000,0.0998,0.10063,0.09811,0.09954
1686643200000,0.09954,0.10159,0.09945,0.10082
1686657600000,0.10082,0.10224,0.09681,0.09704
1686672000000,0.09704,0.09952,0.09701,0.09852
1686686400000,0.09852,0.09905,0.09757,0.09838
1686700800000,0.09838,0.09984,0.09802,0.0995
1686715200000,0.0995,0.09975,0.09782,0.09804
1686729600000,0.09804,0.09924,0.09798,0.09906
1686744000000,0.09906,0.09953,0.09848,0.09911
1686758400000,0.09911,0.10219,0.09833,0.10014
1686772800000,0.10014,0.10045,0.09353,0.09686
1686787200000,0.09686,0.09819,0.0961,0.09787
1686801600000,0.09787,0.09787,0.0943,0.0956
1686816000000,0.0956,0.09741,0.09397,0.09562
1686830400000,0.09562,0.09678,0.0948,0.09625
1686844800000,0.09625,0.09855,0.09522,0.09741
1686859200000,0.09741,0.09949,0.09621,0.09737
1686873600000,0.09737,0.09866,0.09627,0.09839
1686888000000,0.09839,0.09875,0.09782,0.0983
1686902400000,0.0983,0.09894,0.09533,0.09592
1686916800000,0.09592,0.09744,0.09504,0.09735
1686931200000,0.09735,0.10034,0.0969,0.09951
1686945600000,0.09951,0.09973,0.09808,0.09843
1686960000000,0.09843,0.09882,0.09759,0.09821
1686974400000,0.09821,0.10238,0.09811,0.10118
1686988800000,0.10118,0.10149,0.0996,0.10012
1687003200000,0.10012,0.10092,0.09954,0.10021
1687017600000,0.10021,0.10225,0.10003,0.10144
1687032000000,0.10144,0.10292,0.1012,0.10212
1687046400000,0.10212,0.10355,0.10094,0.10263
1687060800000,0.10263,0.10311,0.10122,0.1016
1687075200000,0.1016,0.10218,0.10077,0.10146
1687089600000,0.10146,0.10171,0.10083,0.10136
1687104000000,0.10136,0.10168,0.10095,0.10137
1687118400000,0.10137,0.10142,0.09784,0.09936
1687132800000,0.09936,0.09977,0.0982,0.09899
1687147200000,0.09899,0.09944,0.09861,0.09904
1687161600000,0.09904,0.09947,0.0985,0.09945
1687176000000,0.09945,0.10018,0.09842,0.09913
1687190400000,0.09913,0.10126,0.09816,0.10032
1687204800000,0.10032,0.10099,0.09937,0.10028
1687219200000,0.10028,0.10124,0.09976,0.0998
1687233600000,0.0998,0.10001,0.09872,0.09945
1687248000000,0.09945,0.09959,0.09855,0.09902
1687262400000,0.09902,0.09915,0.09669,0.09762
1687276800000,0.09762,0.10264,0.09731,0.10236
1687291200000,0.10236,0.10418,0.10194,0.10408
1687305600000,0.10408,0.1069,0.1037,0.10541
1687320000000,0.10541,0.10605,0.10471,0.10596
1687334400000,0.10596,0.10652,0.10439,0.10518
1687348800000,0.10518,0.10742,0.10468,0.10672
1687363200000,0.10672,0.10903,0.10626,0.10834
1687377600000,0.10834,0.10995,0.10711,0.10877
1687392000000,0.10877,0.11248,0.10871,0.1115
1687406400000,0.1115,0.11248,0.10937,0.11224
1687420800000,0.11224,0.11419,0.10555,0.10873
1687435200000,0.10873,0.11079,0.10625,0.10778
1687449600000,0.10778,0.10959,0.10751,0.10889
1687464000000,0.10889,0.10901,0.1069,0.10733
1687478400000,0.10733,0.10914,0.10719,0.10898
1687492800000,0.10898,0.11015,0.10865,0.10947
1687507200000,0.10947,0.11047,0.10866,0.10955
1687521600000,0.10955,0.11276,0.10694,0.1126
1687536000000,0.1126,0.11406,0.11148,0.11311
1687550400000,0.11311,0.11458,0.11111,0.11217
1687564800000,0.11217,0.11294,0.11019,0.11279
1687579200000,0.11279,0.11331,0.11054,0.11086
1687593600000,0.11086,0.11178,0.11017,0.11106
1687608000000,0.11106,0.11209,0.10705,0.10812
1687622400000,0.10812,0.11077,0.10647,0.1101
1687636800000,0.1101,0.11109,0.10902,0.11036
1687651200000,0.11036,0.11448,0.11025,0.11345
1687665600000,0.11345,0.11562,0.11238,0.11464
1687680000000,0.11464,0.11605,0.11318,0.11379
1687694400000,0.11379,0.11452,0.11122,0.11256
1687708800000,0.11256,0.11384,0.11145,0.11195
1687723200000,0.11195,0.11416,0.11118,0.11378
1687737600000,0.11378,0.11383,0.10841,0.11022
1687752000000,0.11022,0.11157,0.10862,0.11086
1687766400000,0.11086,0.11176,0.10973,0.11099
1687780800000,0.11099,0.11242,0.1098,0.1113
1687795200000,0.1113,0.11136,0.1073,0.10953
1687809600000,0.10953,0.10968,0.10602,0.10774
1687824000000,0.10774,0.11047,0.10731,0.1096
1687838400000,0.1096,0.11076,0.10813,0.11054
1687852800000,0.11054,0.11083,0.10902,0.11045
1687867200000,0.11045,0.11091,0.10775,0.10809
1687881600000,0.10809,0.11037,0.10779,0.1099
1687896000000,0.1099,0.11024,0.10846,0.1091
1687910400000,0.1091,0.10929,0.10578,0.10723
1687924800000,0.10723,0.10723,0.10362,0.10443
1687939200000,0.10443,0.1054,0.10372,0.10453
1687953600000,0.10453,0.10614,0.10305,0.10585
1687968000000,0.10585,0.10592,0.09943,0.10122
1687982400000,0.10122,0.10271,0.10006,0.1019
1687996800000,0.1019,0.1028,0.10121,0.10178
1688011200000,0.10178,0.10284,0.10148,0.10246
1688025600000,0.10246,0.10422,0.10204,0.10395
1688040000000,0.10395,0.10461,0.10182,0.10211
1688054400000,0.10211,0.10265,0.10103,0.10218
1688068800000,0.10218,0.10266,0.10075,0.10215
1688083200000,0.10215,0.1056,0.10063,0.10543
1688097600000,0.10543,0.1068,0.10403,0.10458
1688112000000,0.10458,0.10733,0.10448,0.1071
1688126400000,0.1071,0.10795,0.09646,0.10216
1688140800000,0.10216,0.10609,0.10128,0.10463
1688155200000,0.10463,0.10576,0.10355,0.10535
1688169600000,0.10535,0.10571,0.10329,0.10386
1688184000000,0.10386,0.10405,0.10149,0.10399
1688198400000,0.10399,0.10524,0.10366,0.10514
1688212800000,0.10514,0.107,0.10491,0.10628
1688227200000,0.10628,0.10628,0.1038,0.10433
1688241600000,0.10433,0.10546,0.10412,0.10544
1688256000000,0.10544,0.11171,0.10457,0.10684
1688270400000,0.10684,0.10862,0.10526,0.10609
1688284800000,0.10609,0.10825,0.10505,0.10808
1688299200000,0.10808,0.119,0.10722,0.11691
1688313600000,0.11691,0.12122,0.11518,0.11622
1688328000000,0.11622,0.12038,0.11574,0.11817
1688342400000,0.11817,0.12859,0.11772,0.12484
1688356800000,0.12484,0.1297,0.12347,0.12869
1688371200000,0.12869,0.14,0.12808,0.13312
1688385600000,0.13312,0.13674,0.13171,0.13431
1688400000000,0.13431,0.13736,0.1317,0.13543
1688414400000,0.13543,0.14393,0.13463,0.13522
1688428800000,0.13522,0.13576,0.12693,0.1289
1688443200000,0.1289,0.12908,0.12577,0.12794
1688457600000,0.12794,0.1309,0.12664,0.13085
1688472000000,0.13085,0.13214,0.12831,0.12935
1688486400000,0.12935,0.13191,0.12715,0.12833
1688500800000,0.12833,0.13078,0.12718,0.12746
1688515200000,0.12746,0.12828,0.12414,0.12463
1688529600000,0.12463,0.12676,0.12374,0.12466
1688544000000,0.12466,0.12501,0.119,0.11997
1688558400000,0.11997,0.12035,0.1165,0.11719
1688572800000,0.11719,0.1186,0.11664,0.1173
1688587200000,0.1173,0.12131,0.11712,0.11932
1688601600000,0.11932,0.12168,0.11857,0.11997
1688616000000,0.11997,0.12163,0.11783,0.12077
1688630400000,0.12077,0.1256,0.11902,0.11975
1688644800000,0.11975,0.12019,0.11454,0.11833
1688659200000,0.11833,0.11988,0.11668,0.11759
1688673600000,0.11759,0.1193,0.11548,0.11557
1688688000000,0.11557,0.12133,0.11343,0.11986
1688702400000,0.11986,0.12279,0.11777,0.11827
1688716800000,0.11827,0.12022,0.11676,0.11777
1688731200000,0.11777,0.11961,0.11469,0.11674
1688745600000,0.11674,0.11694,0.11481,0.11565
1688760000000,0.11565,0.11654,0.11511,0.11603
1688774400000,0.11603,0.11773,0.11555,0.11693
1688788800000,0.11693,0.11847,0.11627,0.11826
1688803200000,0.11826,0.11981,0.11643,0.11713
1688817600000,0.11713,0.11798,0.11555,0.11686
1688832000000,0.11686,0.11793,0.11494,0.11556
1688846400000,0.11556,0.11697,0.11486,0.11673
1688860800000,0.11673,0.11793,0.11586,0.11608
1688875200000,0.11608,0.11663,0.11529,0.11561
1688889600000,0.11561,0.11636,0.11516,0.11549
1688904000000,0.11549,0.11769,0.11304,0.1169
1688918400000,0.1169,0.1176,0.11621,0.11666
1688932800000,0.11666,0.117,0.11492,0.1156
1688947200000,0.1156,0.1158,0.10971,0.11134
1688961600000,0.11134,0.11259,0.11082,0.11165
1688976000000,0.11165,0.1127,0.10977,0.11258
1688990400000,0.11258,0.11375,0.11167,0.11336
1689004800000,0.11336,0.11642,0.1124,0.11621
1689019200000,0.11621,0.11755,0.11333,0.11412
1689033600000,0.11412,0.1156,0.11339,0.11505
1689048000000,0.11505,0.11607,0.11451,0.11567
1689062400000,0.11567,0.11609,0.11341,0.11418
1689076800000,0.11418,0.11527,0.11337,0.11411
1689091200000,0.11411,0.11456,0.11253,0.11369
1689105600000,0.11369,0.11438,0.11336,0.11431
1689120000000,0.11431,0.11515,0.11375,0.11432
1689134400000,0.11432,0.11575,0.11369,0.11532
1689148800000,0.11532,0.11622,0.1145,0.11596
1689163200000,0.11596,0.11786,0.11476,0.11525
1689177600000,0.11525,0.1172,0.11369,0.11445
1689192000000,0.11445,0.11699,0.11406,0.11655
1689206400000,0.11655,0.11757,0.11486,0.11518
1689220800000,0.11518,0.11623,0.11443,0.11581
1689235200000,0.11581,0.11894,0.11522,0.11826
1689249600000,0.11826,0.12185,0.11628,0.12069
1689264000000,0.12069,0.12385,0.1197,0.12239
1689278400000,0.12239,0.12354,0.11986,0.12316
1689292800000,0.12316,0.12558,0.12224,0.12324
1689307200000,0.12324,0.12504,0.12181,0.12249
1689321600000,0.12249,0.12409,0.12102,0.12232
1689336000000,0.12232,0.12675,0.12161,0.12675
1689350400000,0.12675,0.12859,0.11522,0.11706
1689364800000,0.11706,0.12005,0.11627,0.11989
1689379200000,0.11989,0.11989,0.11779,0.11849
1689393600000,0.11849,0.12098,0.1183,0.12088
1689408000000,0.12088,0.12229,0.12031,0.12121
1689422400000,0.12121,0.12158,0.11931,0.11973
1689436800000,0.11973,0.12265,0.11874,0.12165
1689451200000,0.12165,0.12167,0.12003,0.12121
1689465600000,0.12121,0.1224,0.11904,0.12045
1689480000000,0.12045,0.12233,0.12027,0.1216
1689494400000,0.1216,0.12322,0.12053,0.12112
1689508800000,0.12112,0.12197,0.12055,0.1212
1689523200000,0.1212,0.12156,0.1183,0.11866
1689537600000,0.11866,0.12002,0.11729,0.1184
1689552000000,0.1184,0.12106,0.11751,0.12073
1689566400000,0.12073,0.12293,0.12071,0.12155
1689580800000,0.12155,0.12272,0.1162,0.11928
1689595200000,0.11928,0.12119,0.11768,0.11933
1689609600000,0.11933,0.12025,0.11637,0.11893
1689624000000,0.11893,0.12076,0.11826,0.12032
1689638400000,0.12032,0.12156,0.12005,0.1202
1689652800000,0.1202,0.12049,0.11721,0.11867
1689667200000,0.11867,0.11895,0.11572,0.11594
1689681600000,0.11594,0.11727,0.11513,0.11639
1689696000000,0.11639,0.11699,0.11346,0.11522
1689710400000,0.11522,0.11607,0.11501,0.11589
1689724800000,0.11589,0.11747,0.11536,0.11733
1689739200000,0.11733,0.1178,0.11605,0.11639
1689753600000,0.11639,0.11686,0.11532,0.11679
1689768000000,0.11679,0.11757,0.11537,0.1165
1689782400000,0.1165,0.11772,0.11593,0.11673
1689796800000,0.11673,0.11693,0.11523,0.11557
1689811200000,0.11557,0.11713,0.11509,0.11599
1689825600000,0.11599,0.11776,0.11547,0.11761
1689840000000,0.11761,0.11904,0.11752,0.11825
1689854400000,0.11825,0.12074,0.115,0.11662
1689868800000,0.11662,0.11749,0.11544,0.11715
1689883200000,0.11715,0.11755,0.11556,0.11718
1689897600000,0.11718,0.1195,0.11604,0.11888
1689912000000,0.11888,0.11916,0.11713,0.1173
1689926400000,0.1173,0.11796,0.11674,0.11756
1689940800000,0.11756,0.11963,0.11746,0.11867
1689955200000,0.11867,0.11944,0.11726,0.11818
1689969600000,0.11818,0.1183,0.11717,0.11742
1689984000000,0.11742,0.11828,0.11722,0.11793
1689998400000,0.11793,0.11807,0.11706,0.11787
1690012800000,0.11787,0.11813,0.11603,0.11677
1690027200000,0.11677,0.11712,0.11642,0.11708
1690041600000,0.11708,0.11711,0.11613,0.11692
1690056000000,0.11692,0.11699,0.11403,0.11542
1690070400000,0.11542,0.11718,0.1144,0.11679
1690084800000,0.11679,0.1179,0.11679,0.11745
1690099200000,0.11745,0.11749,0.11655,0.11676
1690113600000,0.11676,0.11755,0.11661,0.11666
1690128000000,0.11666,0.11868,0.11662,0.11785
1690142400000,0.11785,0.11875,0.11695,0.11768
1690156800000,0.11768,0.11847,0.11592,0.1161
1690171200000,0.1161,0.11869,0.1155,0.1186
1690185600000,0.1186,0.122,0.11152,0.11463
1690200000000,0.11463,0.11541,0.11217,0.11293
1690214400000,0.11293,0.11334,0.1108,0.11142
1690228800000,0.11142,0.11242,0.11101,0.11206
1690243200000,0.11206,0.11207,0.11018,0.11048
1690257600000,0.11048,0.11088,0.10966,0.11
1690272000000,0.11,0.1111,0.10986,0.1104
1690286400000,0.1104,0.1112,0.10988,0.11049
1690300800000,0.11049,0.11111,0.10986,0.10991
1690315200000,0.10991,0.1105,0.10931,0.11023
1690329600000,0.11023,0.11083,0.10781,0.10936
1690344000000,0.10936,0.10998,0.10888,0.10917
1690358400000,0.10917,0.1098,0.10803,0.10816
1690372800000,0.10816,0.11253,0.10797,0.11167
1690387200000,0.11167,0.11216,0.10979,0.11158
1690401600000,0.11158,0.11315,0.11104,0.11153
1690416000000,0.11153,0.11494,0.1107,0.1124
1690430400000,0.1124,0.11323,0.11213,0.11248
1690444800000,0.11248,0.11374,0.11228,0.11313
1690459200000,0.11313,0.11393,0.11161,0.11237
1690473600000,0.11237,0.11251,0.11017,0.11101
1690488000000,0.11101,0.11184,0.11032,0.11168
1690502400000,0.11168,0.112,0.11088,0.11122
1690516800000,0.11122,0.11129,0.10971,0.11013
1690531200000,0.11013,0.11113,0.1097,0.11067
1690545600000,0.11067,0.11244,0.11053,0.11188
1690560000000,0.11188,0.11224,0.11094,0.1121
1690574400000,0.1121,0.11241,0.11181,0.11186
1690588800000,0.11186,0.11404,0.11166,0.11332
1690603200000,0.11332,0.11361,0.1125,0.11295
1690617600000,0.11295,0.11323,0.11108,0.1115
1690632000000,0.1115,0.11233,0.11115,0.11125
1690646400000,0.11125,0.11201,0.11124,0.11184
1690660800000,0.11184,0.11242,0.11145,0.11242
1690675200000,0.11242,0.11274,0.11183,0.11218
1690689600000,0.11218,0.11277,0.11155,0.11164
1690704000000,0.11164,0.11223,0.11118,0.11166
1690718400000,0.11166,0.11217,0.11073,0.11134
1690732800000,0.11134,0.11211,0.10917,0.10972
1690747200000,0.10972,0.11014,0.10681,0.11005
1690761600000,0.11005,0.11128,0.10945,0.11067
1690776000000,0.11067,0.11087,0.10988,0.11032
1690790400000,0.11032,0.11084,0.11011,0.11061
1690804800000,0.11061,0.11094,0.10928,0.10975
1690819200000,0.10975,0.11092,0.10921,0.10965
1690833600000,0.10965,0.11055,0.10879,0.11028
1690848000000,0.11028,0.11089,0.10638,0.10819
1690862400000,0.10819,0.10918,0.10775,0.10872
1690876800000,0.10872,0.10925,0.10816,0.10822
1690891200000,0.10822,0.10885,0.1067,0.10857
1690905600000,0.10857,0.10998,0.10813,0.10976
1690920000000,0.10976,0.11197,0.1094,0.11194
1690934400000,0.11194,0.11316,0.11137,0.11145
1690948800000,0.11145,0.11159,0.10979,0.10994
1690963200000,0.10994,0.11113,0.10974,0.11102
1690977600000,0.11102,0.11156,0.10949,0.11045
1690992000000,0.11045,0.11064,0.10813,0.10988
1691006400000,0.10988,0.11008,0.10888,0.10956
1691020800000,0.10956,0.1103,0.10909,0.10977
1691035200000,0.10977,0.10984,0.10805,0.10825
1691049600000,0.10825,0.1092,0.10754,0.10899
1691064000000,0.10899,0.11022,0.10805,0.10948
1691078400000,0.10948,0.1102,0.10853,0.10899
1691092800000,0.10899,0.10942,0.10627,0.10676
1691107200000,0.10676,0.10714,0.10607,0.10696
1691121600000,0.10696,0.10696,0.10571,0.10645
1691136000000,0.10645,0.10698,0.10551,0.10612
1691150400000,0.10612,0.10761,0.10579,0.10741
1691164800000,0.10741,0.10844,0.10503,0.10534
1691179200000,0.10534,0.10584,0.10353,0.10494
1691193600000,0.10494,0.105,0.10325,0.10394
1691208000000,0.10394,0.10416,0.10308,0.10389
1691222400000,0.10389,0.10464,0.10381,0.10427
1691236800000,0.10427,0.10494,0.10394,0.10448
1691251200000,0.10448,0.10508,0.10407,0.10471
1691265600000,0.10471,0.10506,0.10435,0.10493
1691280000000,0.10493,0.10634,0.10481,0.10606
1691294400000,0.10606,0.10661,0.10589,0.10626
1691308800000,0.10626,0.10672,0.10568,0.10641
1691323200000,0.10641,0.10656,0.10468,0.10517
1691337600000,0.10517,0.10587,0.10478,0.10509
1691352000000,0.10509,0.10576,0.10429,0.10461
1691366400000,0.10461,0.10635,0.10407,0.10579
1691380800000,0.10579,0.10594,0.10458,0.10523
1691395200000,0.10523,0.10613,0.10482,0.10576
1691409600000,0.10576,0.10587,0.1033,0.10346
1691424000000,0.10346,0.10473,0.10115,0.10445
1691438400000,0.10445,0.10552,0.10418,0.10547
1691452800000,0.10547,0.10592,0.10475,0.10535
1691467200000,0.10535,0.10645,0.10513,0.10575
1691481600000,0.10575,0.10803,0.10558,0.10787
1691496000000,0.10787,0.10989,0.106,0.10795
1691510400000,0.10795,0.10897,0.10729,0.10754
1691524800000,0.10754,0.10897,0.10726,0.10815
1691539200000,0.10815,0.10839,0.10721,0.10781
1691553600000,0.10781,0.10826,0.10744,0.10811
1691568000000,0.10811,0.10892,0.10756,0.10869
1691582400000,0.10869,0.10989,0.1075,0.1078
1691596800000,0.1078,0.1086,0.10721,0.10799
1691611200000,0.10799,0.10864,0.10702,0.1084
1691625600000,0.1084,0.10882,0.10831,0.10856
1691640000000,0.10856,0.1087,0.10642,0.10694
1691654400000,0.10694,0.10743,0.10672,0.10675
1691668800000,0.10675,0.1088,0.10666,0.10794
1691683200000,0.10794,0.10835,0.10694,0.10707
1691697600000,0.10707,0.10728,0.10674,0.10685
1691712000000,0.10685,0.10738,0.10605,0.10644
1691726400000,0.10644,0.10736,0.10638,0.10666
1691740800000,0.10666,0.10694,0.10582,0.10694
1691755200000,0.10694,0.10718,0.10546,0.10574
1691769600000,0.10574,0.10625,0.10539,0.10573
1691784000000,0.10573,0.10603,0.10541,0.1057
1691798400000,0.1057,0.10619,0.10538,0.10562
1691812800000,0.10562,0.10625,0.10562,0.1061
1691827200000,0.1061,0.10637,0.10582,0.10594
1691841600000,0.10594,0.10631,0.10576,0.10602
1691856000000,0.10602,0.10623,0.10568,0.10572
1691870400000,0.10572,0.10624,0.10552,0.1061
1691884800000,0.1061,0.10683,0.10565,0.10623
1691899200000,0.10623,0.10664,0.10585,0.10646
1691913600000,0.10646,0.1086,0.10632,0.10713
1691928000000,0.10713,0.10777,0.10636,0.10686
1691942400000,0.10686,0.10764,0.10654,0.10755
1691956800000,0.10755,0.10783,0.10579,0.10646
1691971200000,0.10646,0.1089,0.10596,0.1084
1691985600000,0.1084,0.10943,0.10801,0.10879
1692000000000,0.10879,0.1093,0.10786,0.10824
1692014400000,0.10824,0.11077,0.10785,0.11005
1692028800000,0.11005,0.1104,0.1082,0.10883
1692043200000,0.10883,0.10954,0.1086,0.10893
1692057600000,0.10893,0.10897,0.10687,0.10745
1692072000000,0.10745,0.10773,0.1064,0.10754
1692086400000,0.10754,0.1082,0.10683,0.10687
1692100800000,0.10687,0.10814,0.10657,0.10692
1692115200000,0.10692,0.10725,0.096,0.1013
1692129600000,0.1013,0.10356,0.10097,0.10303
1692144000000,0.10303,0.10446,0.10288,0.1039
1692158400000,0.1039,0.10407,0.10212,0.10225
1692172800000,0.10225,0.10249,0.1006,0.10153
1692187200000,0.10153,0.10175,0.09988,0.10034
1692201600000,0.10034,0.1021,0.09983,0.10066
1692216000000,0.10066,0.10076,0.09609,0.09882
1692230400000,0.09882,0.09961,0.09662,0.09933
1692244800000,0.09933,0.09988,0.09906,0.09947
1692259200000,0.09947,0.09991,0.09817,0.09861
1692273600000,0.09861,0.09903,0.09553,0.09614
1692288000000,0.09614,0.09829,0.09527,0.09806
1692302400000,0.09806,0.09819,0.07921,0.08806
1692316800000,0.08806,0.09039,0.08781,0.08949
1692331200000,0.08949,0.09141,0.08861,0.09041
1692345600000,0.09041,0.09081,0.08966,0.09051
1692360000000,0.09051,0.09056,0.08888,0.08933
1692374400000,0.08933,0.09125,0.08812,0.08975
1692388800000,0.08975,0.09079,0.0895,0.09036
1692403200000,0.09036,0.09112,0.08995,0.09096
1692417600000,0.09096,0.09143,0.09051,0.09137
1692432000000,0.09137,0.09244,0.09098,0.09221
1692446400000,0.09221,0.09426,0.092,0.09426
1692460800000,0.09426,0.09467,0.09325,0.09409
1692475200000,0.09409,0.09413,0.09281,0.09384
1692489600000,0.09384,0.09457,0.09335,0.094
1692504000000,0.094,0.09448,0.09353,0.09432
1692518400000,0.09432,0.09551,0.09398,0.09524
1692532800000,0.09524,0.0954,0.09305,0.0937
1692547200000,0.0937,0.09465,0.09297,0.094
1692561600000,0.094,0.09495,0.0937,0.09396
1692576000000,0.09396,0.09439,0.09362,0.09379
1692590400000,0.09379,0.09402,0.09288,0.09314
1692604800000,0.09314,0.0934,0.09125,0.09305
1692619200000,0.09305,0.09319,0.08925,0.09067
1692633600000,0.09067,0.09258,0.09056,0.09224
1692648000000,0.09224,0.09276,0.09187,0.09225
1692662400000,0.09225,0.09246,0.09179,0.09204
1692676800000,0.09204,0.09224,0.09139,0.09204
1692691200000,0.09204,0.09221,0.0909,0.09099
1692705600000,0.09099,0.09164,0.08974,0.09003
1692720000000,0.09003,0.09064,0.08808,0.08907
1692734400000,0.08907,0.09152,0.08707,0.09086
1692748800000,0.09086,0.09135,0.09031,0.09035
1692763200000,0.09035,0.09111,0.09005,0.09053
1692777600000,0.09053,0.09085,0.08896,0.09011
1692792000000,0.09011,0.0915,0.08903,0.09103
1692806400000,0.09103,0.09357,0.09103,0.09306
1692820800000,0.09306,0.09342,0.09124,0.0925
1692835200000,0.0925,0.09271,0.09191,0.09257
1692849600000,0.09257,0.09317,0.09211,0.09313
1692864000000,0.09313,0.09385,0.09253,0.09289
1692878400000,0.09289,0.09326,0.0913,0.09138
1692892800000,0.09138,0.09246,0.09125,0.09145
1692907200000,0.09145,0.09187,0.09039,0.09176
1692921600000,0.09176,0.09179,0.08896,0.08986
1692936000000,0.08986,0.09027,0.08889,0.08983
1692950400000,0.08983,0.09035,0.08963,0.09009
1692964800000,0.09009,0.09055,0.08831,0.08858
1692979200000,0.08858,0.08955,0.08804,0.08895
1692993600000,0.08895,0.08933,0.08861,0.08927
1693008000000,0.08927,0.0897,0.08872,0.0897
1693022400000,0.0897,0.09004,0.08928,0.08967
1693036800000,0.08967,0.08981,0.08905,0.08954
1693051200000,0.08954,0.08994,0.08912,0.0897
1693065600000,0.0897,0.0897,0.08875,0.08907
1693080000000,0.08907,0.0895,0.08884,0.08914
1693094400000,0.08914,0.08945,0.0883,0.08867
1693108800000,0.08867,0.08937,0.08866,0.08909
1693123200000,0.08909,0.08942,0.08871,0.08874
1693137600000,0.08874,0.08968,0.08858,0.08918
1693152000000,0.08918,0.08956,0.08849,0.08898
1693166400000,0.08898,0.08907,0.08829,0.08905
1693180800000,0.08905,0.08907,0.08765,0.08804
1693195200000,0.08804,0.08834,0.08662,0.08789
1693209600000,0.08789,0.08818,0.08682,0.08812
1693224000000,0.08812,0.09017,0.08812,0.08993
1693238400000,0.08993,0.09072,0.08924,0.08996
1693252800000,0.08996,0.09056,0.08934,0.09043
1693267200000,0.09043,0.09076,0.0891,0.08933
1693281600000,0.08933,0.08957,0.08862,0.08877
1693296000000,0.08877,0.08884,0.08769,0.08823
1693310400000,0.08823,0.09371,0.08788,0.09227
1693324800000,0.09227,0.09403,0.09215,0.09349
1693339200000,0.09349,0.0945,0.09278,0.09359
1693353600000,0.09359,0.0939,0.09243,0.09312
1693368000000,0.09312,0.09329,0.09249,0.09284
1693382400000,0.09284,0.09348,0.09245,0.09258
1693396800000,0.09258,0.09304,0.09097,0.09195
1693411200000,0.09195,0.09277,0.09164,0.09255
1693425600000,0.09255,0.09333,0.09253,0.09326
1693440000000,0.09326,0.09327,0.0922,0.09247
1693454400000,0.09247,0.09517,0.09245,0.09312
1693468800000,0.09312,0.09382,0.09201,0.09331
1693483200000,0.09331,0.09333,0.09036,0.09128
1693497600000,0.09128,0.09182,0.0874,0.08879
1693512000000,0.08879,0.08896,0.08761,0.08856
1693526400000,0.08856,0.08919,0.08828,0.08869
1693540800000,0.08869,0.08894,0.08778,0.08792
1693555200000,0.08792,0.08852,0.08765,0.0881
1693569600000,0.0881,0.0884,0.08605,0.08674
1693584000000,0.08674,0.08703,0.08468,0.08586
1693598400000,0.08586,0.08668,0.08527,0.08571
1693612800000,0.08571,0.08608,0.0855,0.08589
1693627200000,0.08589,0.0863,0.08538,0.08568
1693641600000,0.08568,0.08607,0.08503,0.08591
1693656000000,0.08591,0.0868,0.08548,0.08646
1693670400000,0.08646,0.0867,0.08509,0.08602
1693684800000,0.08602,0.08655,0.08591,0.0865
1693699200000,0.0865,0.08688,0.08612,0.08649
1693713600000,0.08649,0.08693,0.08636,0.08673
1693728000000,0.08673,0.08745,0.08644,0.08745
1693742400000,0.08745,0.08796,0.08653,0.08662
1693756800000,0.08662,0.08719,0.08578,0.08707
1693771200000,0.08707,0.08743,0.08659,0.08731
1693785600000,0.08731,0.08929,0.08722,0.08852
1693800000000,0.08852,0.08868,0.08752,0.08822
1693814400000,0.08822,0.08837,0.08746,0.08771
1693828800000,0.08771,0.08788,0.0857,0.08644
1693843200000,0.08644,0.08699,0.08626,0.08665
1693857600000,0.08665,0.08699,0.08522,0.08697
1693872000000,0.08697,0.08837,0.08602,0.08717
1693886400000,0.08717,0.08788,0.08582,0.08635
1693900800000,0.08635,0.08715,0.08584,0.08697
1693915200000,0.08697,0.08806,0.08644,0.08784
1693929600000,0.08784,0.08806,0.08679,0.08687
1693944000000,0.08687,0.08742,0.08662,0.08717
1693958400000,0.08717,0.08775,0.08674,0.08724
1693972800000,0.08724,0.0873,0.08641,0.08695
1693987200000,0.08695,0.08774,0.08671,0.0871
1694001600000,0.0871,0.08748,0.08612,0.08675
1694016000000,0.08675,0.0885,0.08526,0.08714
1694030400000,0.08714,0.08765,0.08685,0.08727
1694044800000,0.08727,0.08755,0.08686,0.08729
1694059200000,0.08729,0.0874,0.08641,0.08659
1694073600000,0.08659,0.08665,0.08583,0.08593
1694088000000,0.08593,0.08671,0.08579,0.08611
1694102400000,0.08611,0.08683,0.08597,0.08655
1694116800000,0.08655,0.088,0.0865,0.08759
1694131200000,0.08759,0.08849,0.08684,0.0873
1694145600000,0.0873,0.08789,0.08708,0.0878
1694160000000,0.0878,0.08804,0.08524,0.08631
1694174400000,0.08631,0.08685,0.0862,0.08637
1694188800000,0.08637,0.08659,0.08589,0.08635
1694203200000,0.08635,0.08677,0.08632,0.08674
1694217600000,0.08674,0.08725,0.08649,0.08707
1694232000000,0.08707,0.0876,0.08685,0.08713
1694246400000,0.08713,0.08728,0.08664,0.08706
1694260800000,0.08706,0.08754,0.08668,0.08754
1694275200000,0.08754,0.08755,0.08666,0.08702
1694289600000,0.08702,0.08715,0.08685,0.08707
1694304000000,0.08707,0.08707,0.08573,0.08599
1694318400000,0.08599,0.08599,0.08222,0.08488
1694332800000,0.08488,0.08496,0.08427,0.08443
1694347200000,0.08443,0.0849,0.08287,0.08376
1694361600000,0.08376,0.08399,0.08253,0.08366
1694376000000,0.08366,0.08434,0.08313,0.08336
1694390400000,0.08336,0.08388,0.08234,0.08298
1694404800000,0.08298,0.08309,0.082,0.08207
1694419200000,0.08207,0.08217,0.07852,0.07969
1694433600000,0.07969,0.08005,0.07815,0.07925
1694448000000,0.07925,0.07971,0.07662,0.07741
1694462400000,0.07741,0.07849,0.0771,0.07845
1694476800000,0.07845,0.08048,0.07787,0.07999
1694491200000,0.07999,0.08027,0.07905,0.07931
1694505600000,0.07931,0.08223,0.07927,0.08124
1694520000000,0.08124,0.08143,0.07931,0.07967
1694534400000,0.07967,0.08077,0.07864,0.07937
1694548800000,0.07937,0.07986,0.07914,0.07929
1694563200000,0.07929,0.07998,0.07876,0.07907
1694577600000,0.07907,0.08238,0.07893,0.0797
1694592000000,0.0797,0.08119,0.07957,0.08099
1694606400000,0.08099,0.0829,0.08027,0.08235
1694620800000,0.08235,0.08256,0.08104,0.08203
1694635200000,0.08203,0.08278,0.08203,0.08228
1694649600000,0.08228,0.08383,0.08228,0.08239
1694664000000,0.08239,0.08328,0.08182,0.08268
1694678400000,0.08268,0.08295,0.08209,0.08286
1694692800000,0.08286,0.08379,0.08239,0.08298
1694707200000,0.08298,0.08376,0.08252,0.08344
1694721600000,0.08344,0.08386,0.08286,0.08327
1694736000000,0.08327,0.0846,0.08304,0.0839
1694750400000,0.0839,0.08421,0.08317,0.08351
1694764800000,0.08351,0.0842,0.08321,0.08353
1694779200000,0.08353,0.08523,0.08334,0.08473
1694793600000,0.08473,0.0877,0.08441,0.08732
1694808000000,0.08732,0.08926,0.08678,0.08851
1694822400000,0.08851,0.08926,0.08621,0.08647
1694836800000,0.08647,0.08749,0.08611,0.0866
1694851200000,0.0866,0.08691,0.08612,0.0863
1694865600000,0.0863,0.0864,0.08517,0.08571
1694880000000,0.08571,0.0865,0.08555,0.08584
1694894400000,0.08584,0.08725,0.08584,0.08708
1694908800000,0.08708,0.08739,0.08548,0.08676
1694923200000,0.08676,0.08688,0.0856,0.08583
1694937600000,0.08583,0.08664,0.08559,0.08647
1694952000000,0.08647,0.08653,0.08541,0.08566
1694966400000,0.08566,0.08575,0.08409,0.08492
1694980800000,0.08492,0.08501,0.08267,0.08408
1694995200000,0.08408,0.08532,0.083,0.08521
1695009600000,0.08521,0.08631,0.08474,0.08576
1695024000000,0.08576,0.08779,0.08572,0.08734
1695038400000,0.08734,0.08797,0.08683,0.08783
1695052800000,0.08783,0.08848,0.08616,0.08688
1695067200000,0.08688,0.08746,0.08646,0.0866
1695081600000,0.0866,0.08696,0.08602,0.08696
1695096000000,0.08696,0.08791,0.08693,0.08774
1695110400000,0.08774,0.09007,0.08771,0.08911
1695124800000,0.08911,0.08961,0.08839,0.0893
1695139200000,0.0893,0.09137,0.08913,0.09038
1695153600000,0.09038,0.09055,0.08917,0.09044
1695168000000,0.09044,0.09091,0.08918,0.08962
1695182400000,0.08962,0.08985,0.08901,0.08965
1695196800000,0.08965,0.09022,0.08847,0.0892
1695211200000,0.0892,0.09041,0.08831,0.09036
1695225600000,0.09036,0.09096,0.08869,0.08958
1695240000000,0.08958,0.09223,0.08958,0.09144
1695254400000,0.09144,0.0953,0.09096,0.09157
1695268800000,0.09157,0.09223,0.08978,0.09022
1695283200000,0.09022,0.09022,0.08741,0.08844
1695297600000,0.08844,0.08881,0.08719,0.08805
1695312000000,0.08805,0.08824,0.08766,0.08776
1695326400000,0.08776,0.0878,0.08691,0.08746
1695340800000,0.08746,0.08789,0.08656,0.08754
1695355200000,0.08754,0.08777,0.08688,0.08762
1695369600000,0.08762,0.08813,0.08714,0.08774
1695384000000,0.08774,0.08796,0.08723,0.08751
1695398400000,0.08751,0.08772,0.08683,0.08713
1695412800000,0.08713,0.08772,0.08685,0.08749
1695427200000,0.08749,0.08822,0.08706,0.08741
1695441600000,0.08741,0.08857,0.08718,0.08838
1695456000000,0.08838,0.08876,0.08811,0.08862
1695470400000,0.08862,0.08899,0.08787,0.08825
1695484800000,0.08825,0.08976,0.08793,0.08963
1695499200000,0.08963,0.08971,0.08858,0.08891
1695513600000,0.08891,0.08898,0.08754,0.0883
1695528000000,0.0883,0.0883,0.08714,0.08736
1695542400000,0.08736,0.08783,0.08716,0.08736
1695556800000,0.08736,0.0876,0.08672,0.0868
1695571200000,0.0868,0.08777,0.08622,0.08652
1695585600000,0.08652,0.08718,0.08548,0.08591
1695600000000,0.08591,0.08755,0.08508,0.08717
1695614400000,0.08717,0.08747,0.08636,0.08689
1695628800000,0.08689,0.08708,0.08619,0.08657
1695643200000,0.08657,0.0883,0.08645,0.08804
1695657600000,0.08804,0.08863,0.08785,0.08815
1695672000000,0.08815,0.08839,0.08746,0.08793
1695686400000,0.08793,0.08848,0.08764,0.08816
1695700800000,0.08816,0.08821,0.08733,0.08741
1695715200000,0.08741,0.08765,0.08691,0.08759
1695729600000,0.08759,0.08775,0.08698,0.08715
1695744000000,0.08715,0.08799,0.08704,0.08769
1695758400000,0.08769,0.0877,0.08577,0.08657
1695772800000,0.08657,0.08751,0.08652,0.08747
1695787200000,0.08747,0.08752,0.08636,0.08648
1695801600000,0.08648,0.08794,0.08623,0.08773
1695816000000,0.08773,0.08803,0.08563,0.08603
1695830400000,0.08603,0.0861,0.08464,0.0854
1695844800000,0.0854,0.0858,0.08489,0.08548
1695859200000,0.08548,0.08628,0.08518,0.0854
1695873600000,0.0854,0.08606,0.08516,0.08589
1695888000000,0.08589,0.08668,0.08536,0.08624
1695902400000,0.08624,0.08705,0.08576,0.087
1695916800000,0.087,0.0876,0.08649,0.08728
1695931200000,0.08728,0.0875,0.08627,0.08682
1695945600000,0.08682,0.08736,0.08634,0.08682
1695960000000,0.08682,0.08896,0.08666,0.08877
1695974400000,0.08877,0.08888,0.08776,0.08779
1695988800000,0.08779,0.0884,0.08658,0.08789
1696003200000,0.08789,0.088,0.08677,0.08728
1696017600000,0.08728,0.08766,0.0869,0.0869
1696032000000,0.0869,0.08726,0.08645,0.0867
1696046400000,0.0867,0.08754,0.08664,0.08732
1696060800000,0.08732,0.08826,0.08731,0.08761
1696075200000,0.08761,0.08879,0.08752,0.08826
1696089600000,0.08826,0.08853,0.08777,0.08843
1696104000000,0.08843,0.08989,0.08841,0.08957
1696118400000,0.08957,0.08988,0.08885,0.08962
1696132800000,0.08962,0.09068,0.08933,0.08998
1696147200000,0.08998,0.09178,0.08991,0.09128
1696161600000,0.09128,0.09189,0.09052,0.09114
1696176000000,0.09114,0.0913,0.09028,0.09084
1696190400000,0.09084,0.09378,0.09038,0.09318
1696204800000,0.09318,0.09348,0.09243,0.09308
1696219200000,0.09308,0.09313,0.09164,0.09304
1696233600000,0.09304,0.0932,0.0917,0.0917
1696248000000,0.0917,0.09205,0.08936,0.08997
1696262400000,0.08997,0.09024,0.08737,0.08894
1696276800000,0.08894,0.08896,0.08715,0.08846
1696291200000,0.08846,0.08895,0.08803,0.08877
1696305600000,0.08877,0.08921,0.08832,0.08865
1696320000000,0.08865,0.08994,0.08863,0.08886
1696334400000,0.08886,0.08906,0.08759,0.08799
1696348800000,0.08799,0.08886,0.08771,0.08802
1696363200000,0.08802,0.08864,0.08761,0.0881
1696377600000,0.0881,0.0881,0.08479,0.08661
1696392000000,0.08661,0.08701,0.08603,0.08691
1696406400000,0.08691,0.08757,0.08676,0.08703
1696420800000,0.08703,0.08745,0.08584,0.08592
1696435200000,0.08592,0.08697,0.08572,0.0863
1696449600000,0.0863,0.08695,0.08611,0.08646
1696464000000,0.08646,0.08682,0.0853,0.08569
1696478400000,0.08569,0.08615,0.08558,0.08571
1696492800000,0.08571,0.0862,0.08562,0.08573
1696507200000,0.08573,0.08627,0.08416,0.08462
1696521600000,0.08462,0.0849,0.08387,0.08487
1696536000000,0.08487,0.08529,0.0842,0.08425
1696550400000,0.08425,0.0849,0.08422,0.08473
1696564800000,0.08473,0.08558,0.08435,0.0855
1696579200000,0.0855,0.08569,0.085,0.08531
1696593600000,0.08531,0.08599,0.08447,0.08559
1696608000000,0.08559,0.08636,0.08521,0.08562
1696622400000,0.08562,0.08655,0.08546,0.0856
1696636800000,0.0856,0.086,0.0855,0.0857
1696651200000,0.0857,0.08627,0.08556,0.08564
1696665600000,0.08564,0.08629,0.08535,0.0854
1696680000000,0.0854,0.08561,0.08491,0.08522
1696694400000,0.08522,0.08545,0.08485,0.08487
1696708800000,0.08487,0.08576,0.08487,0.08571
1696723200000,0.08571,0.08592,0.08537,0.08568
1696737600000,0.08568,0.08575,0.08485,0.08519
1696752000000,0.08519,0.08532,0.08407,0.08449
1696766400000,0.08449,0.08542,0.0843,0.08518
1696780800000,0.08518,0.08545,0.08472,0.08518
1696795200000,0.08518,0.08613,0.085,0.08507
1696809600000,0.08507,0.08507,0.08425,0.08462
1696824000000,0.08462,0.0848,0.08344,0.08376
1696838400000,0.08376,0.08381,0.07938,0.08165
1696852800000,0.08165,0.08205,0.08126,0.08132
1696867200000,0.08132,0.08155,0.07937,0.08121
1696881600000,0.08121,0.08144,0.08035,0.08111
1696896000000,0.08111,0.08174,0.0808,0.08123
1696910400000,0.08123,0.08189,0.08092,0.08167
1696924800000,0.08167,0.08205,0.08108,0.08114
1696939200000,0.08114,0.08187,0.08075,0.08114
1696953600000,0.08114,0.08159,0.08061,0.08118
1696968000000,0.08118,0.08159,0.08015,0.08153
1696982400000,0.08153,0.08193,0.07969,0.08046
1696996800000,0.08046,0.08092,0.08033,0.08051
1697011200000,0.08051,0.08111,0.0802,0.08043
1697025600000,0.08043,0.08069,0.07825,0.07903
1697040000000,0.07903,0.08001,0.07872,0.07982
1697054400000,0.07982,0.08026,0.0797,0.08011
1697068800000,0.08011,0.08011,0.07928,0.07978
1697083200000,0.07978,0.08055,0.07971,0.07994
1697097600000,0.07994,0.08032,0.07831,0.07983
1697112000000,0.07983,0.07993,0.079,0.07937
1697126400000,0.07937,0.07952,0.07827,0.07924
1697140800000,0.07924,0.07978,0.07912,0.07955
1697155200000,0.07955,0.07982,0.07933,0.07947
1697169600000,0.07947,0.08047,0.07945,0.08005
1697184000000,0.08005,0.08033,0.07969,0.08032
1697198400000,0.08032,0.08074,0.07961,0.07999
1697212800000,0.07999,0.08055,0.0799,0.08002
1697227200000,0.08002,0.08125,0.07988,0.08065
1697241600000,0.08065,0.08155,0.08053,0.08146
1697256000000,0.08146,0.08169,0.08109,0.08127
1697270400000,0.08127,0.08169,0.08116,0.08145
1697284800000,0.08145,0.08145,0.0809,0.08116
1697299200000,0.08116,0.08132,0.08087,0.0813
1697313600000,0.0813,0.08137,0.08091,0.08095
1697328000000,0.08095,0.08165,0.08066,0.08137
1697342400000,0.08137,0.08225,0.08126,0.08196
1697356800000,0.08196,0.08271,0.08195,0.08223
1697371200000,0.08223,0.08242,0.08154,0.08175
1697385600000,0.08175,0.08257,0.08157,0.08217
1697400000000,0.08217,0.08303,0.08177,0.08188
1697414400000,0.08188,0.0825,0.08176,0.08212
1697428800000,0.08212,0.08349,0.08194,0.08268
1697443200000,0.08268,0.08324,0.08225,0.08239
1697457600000,0.08239,0.0851,0.08152,0.08192
1697472000000,0.08192,0.08338,0.08189,0.08288
1697486400000,0.08288,0.08321,0.08235,0.08257
1697500800000,0.08257,0.08261,0.08184,0.08226
1697515200000,0.08226,0.08237,0.08161,0.08188
1697529600000,0.08188,0.08215,0.08134,0.08154
1697544000000,0.08154,0.08158,0.07895,0.08039
1697558400000,0.08039,0.08046,0.07951,0.08025
1697572800000,0.08025,0.08045,0.07986,0.08004
1697587200000,0.08004,0.08033,0.07932,0.07996
1697601600000,0.07996,0.08045,0.07912,0.07941
1697616000000,0.07941,0.07995,0.07913,0.07962
1697630400000,0.07962,0.07977,0.07862,0.07892
1697644800000,0.07892,0.07958,0.07884,0.07929
1697659200000,0.07929,0.07989,0.07912,0.07954
1697673600000,0.07954,0.07966,0.07752,0.07856
1697688000000,0.07856,0.07893,0.07838,0.07867
1697702400000,0.07867,0.07877,0.07813,0.07842
1697716800000,0.07842,0.07869,0.07774,0.07787
1697731200000,0.07787,0.0784,0.07626,0.0772
1697745600000,0.0772,0.07769,0.07689,0.0776
1697760000000,0.0776,0.07939,0.07733,0.07892
1697774400000,0.07892,0.0795,0.0787,0.07917
1697788800000,0.07917,0.08113,0.07903,0.07999
1697803200000,0.07999,0.08029,0.07944,0.07987
1697817600000,0.07987,0.08077,0.07957,0.08072
1697832000000,0.08072,0.08129,0.08051,0.08086
1697846400000,0.08086,0.08118,0.08072,0.0809
1697860800000,0.0809,0.08139,0.08059,0.08113
1697875200000,0.08113,0.08203,0.08093,0.08171
1697889600000,0.08171,0.0831,0.08159,0.0829
1697904000000,0.0829,0.0837,0.08226,0.08274
1697918400000,0.08274,0.08309,0.0822,0.08279
1697932800000,0.08279,0.0836,0.08268,0.08292
1697947200000,0.08292,0.08411,0.0776,0.08236
1697961600000,0.08236,0.0827,0.08167,0.0823
1697976000000,0.0823,0.08303,0.08202,0.08255
1697990400000,0.08255,0.08385,0.08249,0.08361
1698004800000,0.08361,0.08506,0.08317,0.08506
1698019200000,0.08506,0.08764,0.08439,0.08699
1698033600000,0.08699,0.08783,0.08493,0.08558
1698048000000,0.08558,0.08696,0.08475,0.08691
1698062400000,0.08691,0.08942,0.08627,0.08679
1698076800000,0.08679,0.08909,0.08657,0.08827
1698091200000,0.08827,0.0916,0.08763,0.09085
1698105600000,0.09085,0.09225,0.09004,0.09004
1698120000000,0.09004,0.09173,0.08905,0.09006
1698134400000,0.09006,0.09367,0.08991,0.09366
1698148800000,0.09366,0.09635,0.08888,0.09041
1698163200000,0.09041,0.09219,0.08935,0.09142
1698177600000,0.09142,0.09215,0.08997,0.09138
1698192000000,0.09138,0.09287,0.09047,0.09062
1698206400000,0.09062,0.09187,0.08881,0.08977
1698220800000,0.08977,0.09183,0.08881,0.0912
1698235200000,0.0912,0.10478,0.09114,0.10231
1698249600000,0.10231,0.10362,0.09806,0.09973
1698264000000,0.09973,0.10215,0.09808,0.10145
1698278400000,0.10145,0.10289,0.09903,0.10207
1698292800000,0.10207,0.10386,0.09887,0.10183
1698307200000,0.10183,0.10326,0.09841,0.09943
1698321600000,0.09943,0.10127,0.09528,0.09769
1698336000000,0.09769,0.1004,0.09694,0.09913
1698350400000,0.09913,0.09994,0.09836,0.09924
1698364800000,0.09924,0.10052,0.09716,0.09919
1698379200000,0.09919,0.10022,0.09802,0.09819
1698393600000,0.09819,0.09904,0.09746,0.09834
1698408000000,0.09834,0.10087,0.098,0.10027
1698422400000,0.10027,0.10122,0.09674,0.0986
1698436800000,0.0986,0.09874,0.09735,0.09761
1698451200000,0.09761,0.09988,0.0972,0.09984
1698465600000,0.09984,0.10551,0.09951,0.10188
1698480000000,0.10188,0.10256,0.09993,0.10158
1698494400000,0.10158,0.10364,0.1001,0.10292
1698508800000,0.10292,0.10323,0.10081,0.10093
1698523200000,0.10093,0.10235,0.10071,0.10121
1698537600000,0.10121,0.10228,0.09903,0.10028
1698552000000,0.10028,0.10454,0.10008,0.10287
1698566400000,0.10287,0.10589,0.10273,0.10488
1698580800000,0.10488,0.10709,0.10433,0.1058
1698595200000,0.1058,0.10693,0.10521,0.10599
1698609600000,0.10599,0.10732,0.1054,0.10617
1698624000000,0.10617,0.10807,0.10534,0.10574
1698638400000,0.10574,0.10814,0.10534,0.10697
1698652800000,0.10697,0.11,0.10624,0.10927
1698667200000,0.10927,0.10992,0.1073,0.10779
1698681600000,0.10779,0.11066,0.10554,0.11031
1698696000000,0.11031,0.11096,0.10934,0.10975
1698710400000,0.10975,0.11065,0.10806,0.10817
1698724800000,0.10817,0.10908,0.10564,0.10611
1698739200000,0.10611,0.10752,0.10415,0.10689
1698753600000,0.10689,0.1076,0.09783,0.10078
1698768000000,0.10078,0.10244,0.10019,0.1023
1698782400000,0.1023,0.10473,0.10193,0.10427
1698796800000,0.10427,0.10683,0.10343,0.10656
1698811200000,0.10656,0.10681,0.10338,0.1047
1698825600000,0.1047,0.10625,0.10376,0.10516
1698840000000,0.10516,0.11123,0.10401,0.10834
1698854400000,0.10834,0.11364,0.10684,0.11198
1698868800000,0.11198,0.11542,0.1118,0.11438
1698883200000,0.11438,0.11815,0.11343,0.11525
1698897600000,0.11525,0.11553,0.11206,0.1141
1698912000000,0.1141,0.11481,0.11215,0.11275
1698926400000,0.11275,0.11303,0.10755,0.10814
1698940800000,0.10814,0.11058,0.10637,0.11027
1698955200000,0.11027,0.11038,0.10796,0.10858
1698969600000,0.10858,0.10858,0.10385,0.10471
1698984000000,0.10471,0.10588,0.10341,0.10478
1698998400000,0.10478,0.10612,0.10223,0.1043
1699012800000,0.1043,0.10748,0.10363,0.10724
1699027200000,0.10724,0.11397,0.1047,0.11291
1699041600000,0.11291,0.11779,0.11223,0.1146
1699056000000,0.1146,0.11731,0.11381,0.11655
1699070400000,0.11655,0.1169,0.11422,0.11429
1699084800000,0.11429,0.11892,0.1136,0.11603
1699099200000,0.11603,0.11904,0.11504,0.11609
1699113600000,0.11609,0.11861,0.1149,0.11677
1699128000000,0.11677,0.12033,0.11621,0.11946
1699142400000,0.11946,0.12723,0.11925,0.12698
1699156800000,0.12698,0.13143,0.12675,0.13094
1699171200000,0.13094,0.13378,0.1279,0.12847
1699185600000,0.12847,0.12883,0.1245,0.12756
1699200000000,0.12756,0.12982,0.12712,0.1273
1699214400000,0.1273,0.12897,0.12495,0.12686
1699228800000,0.12686,0.13455,0.12686,0.13141
1699243200000,0.13141,0.13779,0.12977,0.13692
1699257600000,0.13692,0.14127,0.13471,0.13596
1699272000000,0.13596,0.14177,0.13451,0.13982
1699286400000,0.13982,0.14584,0.13978,0.14436
1699300800000,0.14436,0.15806,0.14285,0.15787
1699315200000,0.15787,0.16345,0.14136,0.14398
1699329600000,0.14398,0.14422,0.1371,0.1413
1699344000000,0.1413,0.14206,0.13594,0.13763
1699358400000,0.13763,0.13861,0.13236,0.13463
1699372800000,0.13463,0.14066,0.13251,0.13889
1699387200000,0.13889,0.13954,0.136,0.13754
1699401600000,0.13754,0.1376,0.12937,0.13051
1699416000000,0.13051,0.13256,0.13012,0.13152
1699430400000,0.13152,0.13196,0.13014,0.13104
1699444800000,0.13104,0.13282,0.12965,0.13232
1699459200000,0.13232,0.13645,0.1316,0.13564
1699473600000,0.13564,0.13591,0.13326,0.13402
1699488000000,0.13402,0.13514,0.13134,0.13299
1699502400000,0.13299,0.13736,0.13269,0.13342
1699516800000,0.13342,0.13541,0.13239,0.1333
1699531200000,0.1333,0.13973,0.13156,0.13449
1699545600000,0.13449,0.13578,0.11424,0.127
1699560000000,0.127,0.13637,0.12607,0.13575
1699574400000,0.13575,0.13808,0.13413,0.13492
1699588800000,0.13492,0.13586,0.13158,0.13173
1699603200000,0.13173,0.13553,0.12839,0.13521
1699617600000,0.13521,0.13535,0.12935,0.13054
1699632000000,0.13054,0.13382,0.13054,0.13261
1699646400000,0.13261,0.13665,0.13178,0.13599
1699660800000,0.13599,0.13741,0.13235,0.13291
1699675200000,0.13291,0.13407,0.12964,0.13313
1699689600000,0.13313,0.13534,0.13178,0.13308
1699704000000,0.13308,0.13902,0.13215,0.13694
1699718400000,0.13694,0.14339,0.13683,0.14292
1699732800000,0.14292,0.14294,0.13444,0.13661
1699747200000,0.13661,0.13692,0.12908,0.13437
1699761600000,0.13437,0.13812,0.13268,0.13726
1699776000000,0.13726,0.13947,0.13552,0.13792
1699790400000,0.13792,0.1389,0.135,0.13708
1699804800000,0.13708,0.13782,0.1334,0.13598
1699819200000,0.13598,0.13773,0.13364,0.13522
1699833600000,0.13522,0.13855,0.13103,0.13116
1699848000000,0.13116,0.13344,0.13028,0.13306
1699862400000,0.13306,0.13438,0.13017,0.13116
1699876800000,0.13116,0.13276,0.12634,0.13144
1699891200000,0.13144,0.13227,0.12818,0.13084
1699905600000,0.13084,0.13117,0.12368,0.12419
1699920000000,0.12419,0.12548,0.1216,0.12476
1699934400000,0.12476,0.12718,0.12382,0.12698
1699948800000,0.12698,0.12817,0.12236,0.12376
1699963200000,0.12376,0.12789,0.12297,0.12575
1699977600000,0.12575,0.12754,0.11651,0.12222
1699992000000,0.12222,0.12539,0.12198,0.1253
1700006400000,0.1253,0.12712,0.12485,0.12489
1700020800000,0.12489,0.12827,0.12488,0.12772
1700035200000,0.12772,0.13154,0.12771,0.13086
1700049600000,0.13086,0.13291,0.13029,0.1327
1700064000000,0.1327,0.13514,0.13183,0.13421
1700078400000,0.13421,0.13467,0.1315,0.13362
1700092800000,0.13362,0.13565,0.13312,0.13499
1700107200000,0.13499,0.14009,0.13389,0.13827
1700121600000,0.13827,0.13864,0.13384,0.13523
1700136000000,0.13523,0.13534,0.12842,0.13001
1700150400000,0.13001,0.13359,0.12559,0.12982
1700164800000,0.12982,0.13107,0.12674,0.12858
1700179200000,0.12858,0.13266,0.12833,0.13054
1700193600000,0.13054,0.1312,0.12791,0.12843
1700208000000,0.12843,0.13134,0.12592,0.12742
1700222400000,0.12742,0.12921,0.12065,0.12103
1700236800000,0.12103,0.12569,0.12067,0.12466
1700251200000,0.12466,0.12728,0.12358,0.12663
1700265600000,0.12663,0.12708,0.12355,0.12365
1700280000000,0.12365,0.12527,0.11931,0.12285
1700294400000,0.12285,0.1255,0.12226,0.12418
1700308800000,0.12418,0.1271,0.12219,0.12684
1700323200000,0.12684,0.12785,0.12524,0.12664
1700337600000,0.12664,0.12735,0.12509,0.12704
1700352000000,0.12704,0.128,0.12379,0.12783
1700366400000,0.12783,0.12932,0.12687,0.12874
1700380800000,0.12874,0.13257,0.12854,0.13216
1700395200000,0.13216,0.13317,0.13037,0.13309
1700409600000,0.13309,0.13634,0.13189,0.13556
1700424000000,0.13556,0.13759,0.1346,0.13702
1700438400000,0.13702,0.13914,0.13551,0.13646
1700452800000,0.13646,0.14098,0.13584,0.14
1700467200000,0.14,0.1458,0.13833,0.1425
1700481600000,0.1425,0.14293,0.1378,0.1421
1700496000000,0.1421,0.14292,0.13782,0.1382
1700510400000,0.1382,0.13941,0.13425,0.13886
1700524800000,0.13886,0.14264,0.13799,0.14237
1700539200000,0.14237,0.14417,0.1394,0.13949
1700553600000,0.13949,0.1451,0.13895,0.14021
1700568000000,0.14021,0.14122,0.13177,0.13554
1700582400000,0.13554,0.13756,0.12831,0.1315
1700596800000,0.1315,0.13404,0.12508,0.12525
1700611200000,0.12525,0.13279,0.12499,0.13217
1700625600000,0.13217,0.135,0.13068,0.13337
1700640000000,0.13337,0.14007,0.13337,0.13767
1700654400000,0.13767,0.14312,0.13762,0.14189
1700668800000,0.14189,0.14345,0.1404,0.14153
1700683200000,0.14153,0.14541,0.14085,0.14513
1700697600000,0.14513,0.14662,0.14183,0.1427
1700712000000,0.1427,0.14396,0.14103,0.14155
1700726400000,0.14155,0.14383,0.13937,0.1402
1700740800000,0.1402,0.141,0.13744,0.13815
1700755200000,0.13815,0.13936,0.13722,0.13782
1700769600000,0.13782,0.13956,0.13771,0.13843
1700784000000,0.13843,0.13988,0.1375,0.13839
1700798400000,0.13839,0.14454,0.13839,0.14409
1700812800000,0.14409,0.1543,0.14403,0.15203
1700827200000,0.15203,0.15297,0.14763,0.15102
1700841600000,0.15102,0.15273,0.14828,0.15142
1700856000000,0.15142,0.15503,0.15055,0.15421
1700870400000,0.15421,0.16168,0.15203,0.16006
1700884800000,0.16006,0.16074,0.15541,0.15583
1700899200000,0.15583,0.15639,0.15101,0.15256
1700913600000,0.15256,0.15345,0.15017,0.15097
1700928000000,0.15097,0.15313,0.15077,0.15089
1700942400000,0.15089,0.1521,0.15043,0.1519
1700956800000,0.1519,0.15202,0.14843,0.15037
1700971200000,0.15037,0.15091,0.14954,0.14959
1700985600000,0.14959,0.15001,0.14751,0.1476
1701000000000,0.1476,0.14892,0.14541,0.14634
1701014400000,0.14634,0.14778,0.1435,0.14763
1701028800000,0.14763,0.1533,0.14728,0.14969
1701043200000,0.14969,0.15306,0.14805,0.15052
1701057600000,0.15052,0.15589,0.14902,0.15131
1701072000000,0.15131,0.15384,0.14824,0.15067
1701086400000,0.15067,0.15333,0.1463,0.14657
1701100800000,0.14657,0.14977,0.14387,0.14513
1701115200000,0.14513,0.14885,0.14417,0.1485
1701129600000,0.1485,0.15167,0.14532,0.14549
1701144000000,0.14549,0.14567,0.14028,0.14162
1701158400000,0.14162,0.14484,0.14041,0.14448
1701172800000,0.14448,0.14616,0.14264,0.14483
1701187200000,0.14483,0.14941,0.14447,0.14804
1701201600000,0.14804,0.14898,0.14665,0.14681
1701216000000,0.14681,0.14929,0.14581,0.14785
1701230400000,0.14785,0.1494,0.14706,0.1486
1701244800000,0.1486,0.15186,0.14705,0.14748
1701259200000,0.14748,0.14836,0.14304,0.14533
1701273600000,0.14533,0.14593,0.14333,0.14442
1701288000000,0.14442,0.14465,0.1425,0.1434
1701302400000,0.1434,0.14397,0.14103,0.14337
1701316800000,0.14337,0.14386,0.14132,0.14149
1701331200000,0.14149,0.14398,0.14028,0.14373
1701345600000,0.14373,0.144,0.141,0.14315
1701360000000,0.14315,0.14426,0.14216,0.14279
1701374400000,0.14279,0.14414,0.14224,0.14296
1701388800000,0.14296,0.14803,0.14211,0.14746
1701403200000,0.14746,0.14969,0.1467,0.14739
1701417600000,0.14739,0.14906,0.14632,0.14845
1701432000000,0.14845,0.14945,0.1471,0.14852
1701446400000,0.14852,0.15081,0.14824,0.1495
1701460800000,0.1495,0.15079,0.14922,0.15012
1701475200000,0.15012,0.15209,0.14898,0.1513
1701489600000,0.1513,0.15197,0.15011,0.15058
1701504000000,0.15058,0.15256,0.15036,0.15085
1701518400000,0.15085,0.15134,0.14819,0.14949
1701532800000,0.14949,0.15359,0.14921,0.15272
1701547200000,0.15272,0.15371,0.15081,0.15223
1701561600000,0.15223,0.15359,0.15053,0.15149
1701576000000,0.15149,0.15217,0.15027,0.15135
1701590400000,0.15135,0.15188,0.14857,0.14935
1701604800000,0.14935,0.1496,0.1474,0.14809
1701619200000,0.14809,0.14926,0.14757,0.1484
1701633600000,0.1484,0.15232,0.1484,0.14964
1701648000000,0.14964,0.15313,0.14873,0.15135
1701662400000,0.15135,0.15355,0.15074,0.15174
1701676800000,0.15174,0.1552,0.14113,0.14866
1701691200000,0.14866,0.151,0.14487,0.14614
1701705600000,0.14614,0.14893,0.14608,0.14795
1701720000000,0.14795,0.151,0.14679,0.15099
1701734400000,0.15099,0.15397,0.14866,0.15175
1701748800000,0.15175,0.15668,0.15021,0.15212
1701763200000,0.15212,0.15521,0.14928,0.15187
1701777600000,0.15187,0.15367,0.15009,0.15293
1701792000000,0.15293,0.15841,0.1515,0.15689
1701806400000,0.15689,0.15908,0.15506,0.15791
1701820800000,0.15791,0.1597,0.15476,0.15566
1701835200000,0.15566,0.15781,0.15316,0.15642
1701849600000,0.15642,0.16839,0.15552,0.16033
1701864000000,0.16033,0.16493,0.15961,0.1621
1701878400000,0.1621,0.1696,0.16206,0.16751
1701892800000,0.16751,0.16832,0.16271,0.16357
1701907200000,0.16357,0.16592,0.1617,0.1628
1701921600000,0.1628,0.16406,0.15972,0.16071
1701936000000,0.16071,0.16157,0.15416,0.15739
1701950400000,0.15739,0.16232,0.15676,0.16155
1701964800000,0.16155,0.16531,0.16068,0.16221
1701979200000,0.16221,0.166,0.1617,0.16502
1701993600000,0.16502,0.16817,0.16467,0.16794
1702008000000,0.16794,0.17014,0.16543,0.16919
1702022400000,0.16919,0.17323,0.16919,0.16984
1702036800000,0.16984,0.1734,0.16832,0.17199
1702051200000,0.17199,0.17441,0.17075,0.17399
1702065600000,0.17399,0.17715,0.17347,0.17442
1702080000000,0.17442,0.17789,0.17352,0.17506
1702094400000,0.17506,0.17705,0.17334,0.1761
1702108800000,0.1761,0.17643,0.16919,0.17264
1702123200000,0.17264,0.17523,0.17051,0.17356
1702137600000,0.17356,0.17407,0.16922,0.17146
1702152000000,0.17146,0.17203,0.16717,0.16898
1702166400000,0.16898,0.17183,0.16813,0.17025
1702180800000,0.17025,0.1793,0.1698,0.17479
1702195200000,0.17479,0.17519,0.16643,0.16742
1702209600000,0.16742,0.17158,0.16719,0.17155
1702224000000,0.17155,0.1718,0.16701,0.1697
1702238400000,0.1697,0.17368,0.16968,0.17201
1702252800000,0.17201,0.17522,0.14498,0.16307
1702267200000,0.16307,0.16374,0.1575,0.16074
1702281600000,0.16074,0.16305,0.15939,0.16299
1702296000000,0.16299,0.16338,0.15762,0.1599
1702310400000,0.1599,0.16131,0.15245,0.15645
1702324800000,0.15645,0.15964,0.15451,0.159
1702339200000,0.159,0.16518,0.15864,0.16319
1702353600000,0.16319,0.16633,0.16038,0.16477
1702368000000,0.16477,0.16527,0.15907,0.15955
1702382400000,0.15955,0.16217,0.15631,0.15823
1702396800000,0.15823,0.15894,0.15381,0.15728
1702411200000,0.15728,0.16066,0.15577,0.16021
1702425600000,0.16021,0.16045,0.15277,0.15325
1702440000000,0.15325,0.15503,0.15012,0.15337
1702454400000,0.15337,0.15476,0.15211,0.15235
1702468800000,0.15235,0.15836,0.15234,0.15784
1702483200000,0.15784,0.16285,0.15545,0.1627
1702497600000,0.1627,0.1658,0.16182,0.16436
1702512000000,0.16436,0.16632,0.16196,0.16292
1702526400000,0.16292,0.17009,0.16287,0.16883
1702540800000,0.16883,0.17421,0.16858,0.1729
1702555200000,0.1729,0.17677,0.16512,0.17144
1702569600000,0.17144,0.17509,0.17044,0.17316
1702584000000,0.17316,0.17605,0.17155,0.17536
1702598400000,0.17536,0.17587,0.17061,0.17322
1702612800000,0.17322,0.17457,0.17078,0.17109
1702627200000,0.17109,0.17247,0.16869,0.16884
1702641600000,0.16884,0.16903,0.16496,0.1669
1702656000000,0.1669,0.17009,0.16649,0.16794
1702670400000,0.16794,0.16922,0.16327,0.16349
1702684800000,0.16349,0.16446,0.16078,0.16402
1702699200000,0.16402,0.16578,0.16302,0.16379
1702713600000,0.16379,0.16573,0.16336,0.16562
1702728000000,0.16562,0.167,0.16441,0.167
1702742400000,0.167,0.16782,0.1622,0.16347
1702756800000,0.16347,0.16459,0.16165,0.16245
1702771200000,0.16245,0.16379,0.16057,0.16171
1702785600000,0.16171,0.16308,0.15894,0.15927
1702800000000,0.15927,0.16262,0.15896,0.16203
1702814400000,0.16203,0.16246,0.15858,0.16235
1702828800000,0.16235,0.16477,0.1609,0.16214
1702843200000,0.16214,0.16369,0.15758,0.15864
1702857600000,0.15864,0.16034,0.15405,0.15572
1702872000000,0.15572,0.15639,0.1524,0.15302
1702886400000,0.15302,0.15415,0.14455,0.14896
1702900800000,0.14896,0.15245,0.1474,0.1502
1702915200000,0.1502,0.15291,0.14926,0.15206
1702929600000,0.15206,0.16048,0.15089,0.16034
1702944000000,0.16034,0.16424,0.1574,0.16354
1702958400000,0.16354,0.16436,0.16076,0.16312
1702972800000,0.16312,0.16469,0.16023,0.16078
1702987200000,0.16078,0.1615,0.15679,0.15887
1703001600000,0.15887,0.16071,0.15427,0.15752
1703016000000,0.15752,0.15873,0.15464,0.1559
1703030400000,0.1559,0.15777,0.15389,0.15648
1703044800000,0.15648,0.15908,0.15606,0.159
1703059200000,0.159,0.16049,0.15805,0.15987
1703073600000,0.15987,0.16587,0.15893,0.16587
1703088000000,0.16587,0.17003,0.16154,0.16198
1703102400000,0.16198,0.16244,0.15845,0.16099
1703116800000,0.16099,0.16133,0.15913,0.15992
1703131200000,0.15992,0.16046,0.15805,0.15947
1703145600000,0.15947,0.1636,0.15842,0.16258
1703160000000,0.16258,0.16353,0.15752,0.15958
1703174400000,0.15958,0.16225,0.15857,0.16143
1703188800000,0.16143,0.16607,0.16133,0.16538
1703203200000,0.16538,0.16767,0.1639,0.16546
1703217600000,0.16546,0.1672,0.163,0.16441
1703232000000,0.16441,0.1734,0.16427,0.17297
1703246400000,0.17297,0.18099,0.17106,0.17972
1703260800000,0.17972,0.191,0.1788,0.18738
1703275200000,0.18738,0.19462,0.18552,0.1906
1703289600000,0.1906,0.1937,0.17851,0.17948
1703304000000,0.17948,0.18105,0.17668,0.1787
1703318400000,0.1787,0.18563,0.17839,0.18368
1703332800000,0.18368,0.18406,0.1787,0.17998
1703347200000,0.17998,0.18391,0.17981,0.18217
1703361600000,0.18217,0.18503,0.18089,0.18267
1703376000000,0.18267,0.18457,0.17909,0.1801
1703390400000,0.1801,0.1842,0.17629,0.18378
1703404800000,0.18378,0.18467,0.17982,0.18282
1703419200000,0.18282,0.1893,0.18153,0.18882
1703433600000,0.18882,0.1991,0.18717,0.19454
1703448000000,0.19454,0.19457,0.18275,0.18634
1703462400000,0.18634,0.18807,0.18026,0.18392
1703476800000,0.18392,0.18712,0.18357,0.18486
1703491200000,0.18486,0.18701,0.18265,0.18625
1703505600000,0.18625,0.19317,0.18379,0.19083
1703520000000,0.19083,0.19197,0.1872,0.18883
1703534400000,0.18883,0.19807,0.18713,0.19687
1703548800000,0.19687,0.2004,0.19462,0.19694
1703563200000,0.19694,0.19744,0.18816,0.19219
1703577600000,0.19219,0.19488,0.18786,0.19215
1703592000000,0.19215,0.20471,0.1919,0.19602
1703606400000,0.19602,0.1989,0.179,0.19254
1703620800000,0.19254,0.20155,0.18936,0.19899
1703635200000,0.19899,0.2023,0.1853,0.18653
1703649600000,0.18653,0.19239,0.18643,0.18684
1703664000000,0.18684,0.19339,0.18666,0.19187
1703678400000,0.19187,0.19479,0.19021,0.19399
1703692800000,0.19399,0.19582,0.19061,0.19257
1703707200000,0.19257,0.19444,0.18973,0.19182
1703721600000,0.19182,0.19935,0.1913,0.19733
1703736000000,0.19733,0.20109,0.19326,0.19518
1703750400000,0.19518,0.20118,0.19388,0.2003
1703764800000,0.2003,0.20196,0.1903,0.19135
1703779200000,0.19135,0.19669,0.18721,0.19464
1703793600000,0.19464,0.19493,0.18835,0.1886
1703808000000,0.1886,0.19025,0.17958,0.18464
1703822400000,0.18464,0.18655,0.18125,0.18174
1703836800000,0.18174,0.19107,0.18174,0.19104
1703851200000,0.19104,0.19242,0.1842,0.18573
1703865600000,0.18573,0.18716,0.18045,0.18383
1703880000000,0.18383,0.18387,0.17746,0.18158
1703894400000,0.18158,0.18225,0.17841,0.17939
1703908800000,0.17939,0.18121,0.17857,0.17879
1703923200000,0.17879,0.17922,0.1735,0.17707
1703937600000,0.17707,0.18025,0.17558,0.17994
1703952000000,0.17994,0.1807,0.17754,0.178
1703966400000,0.178,0.17959,0.17716,0.17837
1703980800000,0.17837,0.18152,0.1767,0.17965
1703995200000,0.17965,0.18395,0.17907,0.18343
1704009600000,0.18343,0.18462,0.1816,0.18249
1704024000000,0.18249,0.18458,0.18033,0.18136
1704038400000,0.18136,0.189,0.18111,0.18775
1704052800000,0.18775,0.19054,0.17868,0.18438
1704067200000,0.18438,0.19032,0.18433,0.18554
1704081600000,0.18554,0.19303,0.18434,0.19182
1704096000000,0.19182,0.19792,0.19127,0.19531
1704110400000,0.19531,0.20574,0.1931,0.20476
1704124800000,0.20476,0.22,0.2005,0.21275
1704139200000,0.21275,0.22106,0.21166,0.21796
1704153600000,0.21796,0.22558,0.21274,0.21742
1704168000000,0.21742,0.22557,0.21503,0.21746
1704182400000,0.21746,0.22218,0.21244,0.21357
1704196800000,0.21357,0.21534,0.20644,0.20763
1704211200000,0.20763,0.21105,0.20615,0.20992
1704225600000,0.20992,0.21107,0.20672,0.20755
1704240000000,0.20755,0.21562,0.20689,0.21182
1704254400000,0.21182,0.21425,0.20727,0.20797
1704268800000,0.20797,0.21379,0.201,0.20242
1704283200000,0.20242,0.20252,0.14043,0.19102
1704297600000,0.19102,0.19381,0.18578,0.18785
1704312000000,0.18785,0.19303,0.18755,0.18925
1704326400000,0.18925,0.19159,0.18374,0.18957
1704340800000,0.18957,0.19116,0.1858,0.18583
1704355200000,0.18583,0.18711,0.18241,0.18396
1704369600000,0.18396,0.19405,0.18379,0.19381
1704384000000,0.19381,0.19624,0.19,0.19565
1704398400000,0.19565,0.2004,0.1934,0.19857
1704412800000,0.19857,0.19939,0.18553,0.19022
1704427200000,0.19022,0.19085,0.18733,0.18791
1704441600000,0.18791,0.1937,0.18432,0.18453
1704456000000,0.18453,0.18688,0.17795,0.18057
1704470400000,0.18057,0.18213,0.1758,0.18105
1704484800000,0.18105,0.18455,0.17971,0.18447
1704499200000,0.18447,0.1846,0.17689,0.17778
1704513600000,0.17778,0.17864,0.16568,0.16967
1704528000000,0.16967,0.17271,0.16837,0.17063
1704542400000,0.17063,0.1742,0.16821,0.17202
1704556800000,0.17202,0.1755,0.17056,0.17189
1704571200000,0.17189,0.17315,0.16887,0.17195
1704585600000,0.17195,0.17592,0.17066,0.1733
1704600000000,0.1733,0.17557,0.17283,0.17396
1704614400000,0.17396,0.17485,0.16989,0.17015
1704628800000,0.17015,0.17219,0.16057,0.16283
1704643200000,0.16283,0.16996,0.1626,0.16935
1704657600000,0.16935,0.16955,0.16156,0.16344
1704672000000,0.16344,0.16466,0.14863,0.153
1704686400000,0.153,0.15956,0.1523,0.1575
1704700800000,0.1575,0.16076,0.15493,0.16063
1704715200000,0.16063,0.16518,0.15893,0.16331
1704729600000,0.16331,0.17172,0.16216,0.171
1704744000000,0.171,0.17183,0.1682,0.17151
1704758400000,0.17151,0.17205,0.16606,0.16746
1704772800000,0.16746,0.17057,0.16681,0.16872
1704787200000,0.16872,0.16951,0.16303,0.16476
1704801600000,0.16476,0.16541,0.15681,0.15922
1704816000000,0.15922,0.15947,0.15484,0.15687
1704830400000,0.15687,0.16165,0.15317,0.16024
1704844800000,0.16024,0.1631,0.15896,0.16122
1704859200000,0.16122,0.16363,0.16023,0.1614
1704873600000,0.1614,0.16753,0.15797,0.16565
1704888000000,0.16565,0.16649,0.15649,0.16294
1704902400000,0.16294,0.16576,0.16001,0.16492
1704916800000,0.16492,0.18225,0.15986,0.1777
1704931200000,0.1777,0.18235,0.17579,0.18152
1704945600000,0.18152,0.1817,0.17503,0.17982
1704960000000,0.17982,0.18676,0.17902,0.18653
1704974400000,0.18653,0.19074,0.18259,0.18481
1704988800000,0.18481,0.1876,0.17906,0.18749
1705003200000,0.18749,0.1882,0.18274,0.18715
1705017600000,0.18715,0.19098,0.1827,0.1893
1705032000000,0.1893,0.193,0.18669,0.18811
1705046400000,0.18811,0.19099,0.18448,0.19006
1705060800000,0.19006,0.19628,0.18407,0.18478
1705075200000,0.18478,0.18755,0.17733,0.18143
1705089600000,0.18143,0.18451,0.169,0.17482
1705104000000,0.17482,0.17627,0.16876,0.17123
1705118400000,0.17123,0.17546,0.17076,0.17378
1705132800000,0.17378,0.1745,0.16987,0.17121
1705147200000,0.17121,0.17444,0.1703,0.17336
1705161600000,0.17336,0.17404,0.17118,0.17286
1705176000000,0.17286,0.17319,0.17082,0.17099
1705190400000,0.17099,0.17132,0.16778,0.16816
1705204800000,0.16816,0.17098,0.16681,0.17083
1705219200000,0.17083,0.17243,0.16855,0.16915
1705233600000,0.16915,0.16983,0.16744,0.16882
1705248000000,0.16882,0.1694,0.16395,0.16417
1705262400000,0.16417,0.16733,0.16094,0.16158
1705276800000,0.16158,0.16568,0.16157,0.16389
1705291200000,0.16389,0.16629,0.16261,0.16336
1705305600000,0.16336,0.16712,0.16246,0.16528
1705320000000,0.16528,0.16607,0.16066,0.16117
1705334400000,0.16117,0.16606,0.16097,0.16351
1705348800000,0.16351,0.16437,0.16069,0.16278
1705363200000,0.16278,0.1698,0.16278,0.16861
1705377600000,0.16861,0.1695,0.16464,0.16637
1705392000000,0.16637,0.16872,0.16525,0.16721
1705406400000,0.16721,0.16826,0.16271,0.16804
1705420800000,0.16804,0.16964,0.16638,0.16766
1705435200000,0.16766,0.17005,0.16748,0.1694
1705449600000,0.1694,0.1722,0.16933,0.16958
1705464000000,0.16958,0.17011,0.16533,0.16561
1705478400000,0.16561,0.1687,0.16491,0.16793
1705492800000,0.16793,0.16848,0.1655,0.16666
1705507200000,0.16666,0.16805,0.16442,0.16674
1705521600000,0.16674,0.16775,0.164,0.16764
1705536000000,0.16764,0.16861,0.16244,0.16328
1705550400000,0.16328,0.1656,0.16249,0.16502
1705564800000,0.16502,0.16527,0.16128,0.16244
1705579200000,0.16244,0.16249,0.15975,0.16056
1705593600000,0.16056,0.16066,0.15167,0.15286
1705608000000,0.15286,0.15571,0.15141,0.15482
1705622400000,0.15482,0.15522,0.14915,0.15227
1705636800000,0.15227,0.15499,0.15214,0.15365
1705651200000,0.15365,0.15644,0.15264,0.15541
1705665600000,0.15541,0.15565,0.15031,0.15092
1705680000000,0.15092,0.15338,0.14551,0.15226
1705694400000,0.15226,0.15399,0.15182,0.15359
1705708800000,0.15359,0.157,0.15142,0.15583
1705723200000,0.15583,0.15876,0.15535,0.158
1705737600000,0.158,0.1619,0.15608,0.15792
1705752000000,0.15792,0.1618,0.15752,0.16068
1705766400000,0.16068,0.16221,0.15887,0.15942
1705780800000,0.15942,0.16072,0.15901,0.16035
1705795200000,0.16035,0.16484,0.15802,0.16389
1705809600000,0.16389,0.164,0.16073,0.16139
1705824000000,0.16139,0.16318,0.16109,0.16184
1705838400000,0.16184,0.1637,0.16143,0.16288
1705852800000,0.16288,0.16374,0.16127,0.16296
1705867200000,0.16296,0.16336,0.15946,0.15995
1705881600000,0.15995,0.16293,0.15682,0.15754
1705896000000,0.15754,0.15882,0.15523,0.15678
1705910400000,0.15678,0.15682,0.15143,0.15333
1705924800000,0.15333,0.15524,0.14954,0.15222
1705939200000,0.15222,0.15318,0.14721,0.14995
1705953600000,0.14995,0.15271,0.14814,0.1488
1705968000000,0.1488,0.15155,0.14756,0.15049
1705982400000,0.15049,0.15186,0.14685,0.14783
1705996800000,0.14783,0.14894,0.13974,0.14124
1706011200000,0.14124,0.14476,0.13831,0.14339
1706025600000,0.14339,0.14556,0.14195,0.14244
1706040000000,0.14244,0.14777,0.14186,0.14743
1706054400000,0.14743,0.14871,0.14519,0.14563
1706068800000,0.14563,0.15058,0.1453,0.15007
1706083200000,0.15007,0.15259,0.14937,0.15133
1706097600000,0.15133,0.15253,0.14928,0.15108
1706112000000,0.15108,0.15249,0.14947,0.15104
1706126400000,0.15104,0.15391,0.14923,0.15322
1706140800000,0.15322,0.15326,0.14933,0.15
1706155200000,0.15,0.15079,0.14784,0.15045
1706169600000,0.15045,0.15097,0.14802,0.14954
1706184000000,0.14954,0.15026,0.14632,0.14694
1706198400000,0.14694,0.15008,0.14609,0.14925
1706212800000,0.14925,0.15014,0.14827,0.14949
1706227200000,0.14949,0.15153,0.14772,0.15056
1706241600000,0.15056,0.15137,0.14875,0.14938
1706256000000,0.14938,0.15473,0.14927,0.15407
1706270400000,0.15407,0.15606,0.15246,0.15587
1706284800000,0.15587,0.15772,0.15569,0.15633
1706299200000,0.15633,0.15747,0.1551,0.1563
1706313600000,0.1563,0.16198,0.15585,0.16019
1706328000000,0.16019,0.16147,0.15638,0.15727
1706342400000,0.15727,0.1597,0.15654,0.1588
1706356800000,0.1588,0.16249,0.15863,0.1605
1706371200000,0.1605,0.16087,0.159,0.16028
1706385600000,0.16028,0.16147,0.1595,0.16001
1706400000000,0.16001,0.16184,0.1593,0.16177
1706414400000,0.16177,0.16282,0.15945,0.15997
1706428800000,0.15997,0.16177,0.15906,0.15975
1706443200000,0.15975,0.15993,0.15708,0.15866
1706457600000,0.15866,0.16081,0.15581,0.15677
1706472000000,0.15677,0.15876,0.15512,0.15694
1706486400000,0.15694,0.16044,0.156,0.15949
1706500800000,0.15949,0.1605,0.15808,0.1583
1706515200000,0.1583,0.15984,0.15751,0.15865
1706529600000,0.15865,0.1596,0.15511,0.15941
1706544000000,0.15941,0.16317,0.15856,0.1615
1706558400000,0.1615,0.1635,0.16117,0.16234
1706572800000,0.16234,0.16376,0.16112,0.1614
1706587200000,0.1614,0.16196,0.16029,0.16147
1706601600000,0.16147,0.16444,0.16093,0.16361
1706616000000,0.16361,0.16387,0.15885,0.16228
1706630400000,0.16228,0.16386,0.16113,0.16298
1706644800000,0.16298,0.16321,0.15743,0.1584
1706659200000,0.1584,0.15922,0.15596,0.15841
1706673600000,0.15841,0.15894,0.15667,0.15816
1706688000000,0.15816,0.15848,0.15354,0.15591
1706702400000,0.15591,0.15737,0.15264,0.1566
1706716800000,0.1566,0.15868,0.15563,0.15741
1706731200000,0.15741,0.1576,0.15251,0.15454
1706745600000,0.15454,0.15641,0.15117,0.1531
1706760000000,0.1531,0.15378,0.15163,0.15289
1706774400000,0.15289,0.15408,0.15167,0.15212
1706788800000,0.15212,0.15537,0.15183,0.15355
1706803200000,0.15355,0.15496,0.15191,0.15409
1706817600000,0.15409,0.15505,0.15346,0.15435
1706832000000,0.15435,0.15677,0.1541,0.15595
1706846400000,0.15595,0.15673,0.15546,0.15624
1706860800000,0.15624,0.15636,0.15479,0.15584
1706875200000,0.15584,0.1568,0.15324,0.15663
1706889600000,0.15663,0.15724,0.15515,0.15587
1706904000000,0.15587,0.15697,0.15502,0.1561
1706918400000,0.1561,0.16002,0.15575,0.15764
1706932800000,0.15764,0.15953,0.15627,0.15676
1706947200000,0.15676,0.1579,0.15607,0.15754
1706961600000,0.15754,0.15983,0.15713,0.15928
1706976000000,0.15928,0.15998,0.15766,0.15809
1706990400000,0.15809,0.15841,0.15598,0.15637
1707004800000,0.15637,0.15731,0.15471,0.15709
1707019200000,0.15709,0.1571,0.15267,0.15368
1707033600000,0.15368,0.15615,0.1534,0.15557
1707048000000,0.15557,0.15604,0.15487,0.15551
1707062400000,0.15551,0.15571,0.15323,0.15456
1707076800000,0.15456,0.15558,0.15206,0.15232
1707091200000,0.15232,0.15316,0.14956,0.15296
1707105600000,0.15296,0.15482,0.15239,0.1545
1707120000000,0.1545,0.15505,0.15316,0.15398
1707134400000,0.15398,0.15523,0.15319,0.15364
1707148800000,0.15364,0.15411,0.15264,0.15348
1707163200000,0.15348,0.15356,0.15032,0.15253
1707177600000,0.15253,0.15358,0.15162,0.15334
1707192000000,0.15334,0.15507,0.15334,0.15498
1707206400000,0.15498,0.15628,0.15441,0.15482
1707220800000,0.15482,0.15622,0.15382,0.15609
1707235200000,0.15609,0.15988,0.15609,0.1595
1707249600000,0.1595,0.16155,0.15895,0.15902
1707264000000,0.15902,0.15996,0.15746,0.15754
1707278400000,0.15754,0.15807,0.15517,0.15733
1707292800000,0.15733,0.15791,0.15597,0.15617
1707307200000,0.15617,0.15712,0.15548,0.15606
1707321600000,0.15606,0.16127,0.15593,0.15871
1707336000000,0.15871,0.16223,0.15866,0.16075
1707350400000,0.16075,0.16311,0.16075,0.16182
1707364800000,0.16182,0.16349,0.16029,0.16256
1707379200000,0.16256,0.1631,0.16172,0.16233
1707393600000,0.16233,0.16398,0.16163,0.16388
1707408000000,0.16388,0.164,0.16056,0.16078
1707422400000,0.16078,0.16478,0.16072,0.16431
1707436800000,0.16431,0.16727,0.16371,0.16579
1707451200000,0.16579,0.16899,0.16522,0.16652
1707465600000,0.16652,0.16802,0.16584,0.16754
1707480000000,0.16754,0.16866,0.16433,0.16622
1707494400000,0.16622,0.16769,0.16511,0.16627
1707508800000,0.16627,0.16856,0.16583,0.16715
1707523200000,0.16715,0.17184,0.16638,0.16996
1707537600000,0.16996,0.17107,0.16859,0.1699
1707552000000,0.1699,0.17256,0.16626,0.16897
1707566400000,0.16897,0.17174,0.16772,0.17159
1707580800000,0.17159,0.1722,0.17026,0.17105
1707595200000,0.17105,0.17209,0.16996,0.17052
1707609600000,0.17052,0.17143,0.16991,0.17137
1707624000000,0.17137,0.17148,0.16984,0.17073
1707638400000,0.17073,0.17179,0.16942,0.17108
1707652800000,0.17108,0.17225,0.16788,0.16915
1707667200000,0.16915,0.16971,0.16763,0.16804
1707681600000,0.16804,0.16819,0.16561,0.16739
1707696000000,0.16739,0.17018,0.16576,0.16732
1707710400000,0.16732,0.16771,0.16426,0.16574
1707724800000,0.16574,0.16693,0.16305,0.16416
1707739200000,0.16416,0.17017,0.16377,0.17014
1707753600000,0.17014,0.17689,0.16909,0.175
1707768000000,0.175,0.17622,0.17468,0.17501
1707782400000,0.17501,0.17623,0.17265,0.17339
1707796800000,0.17339,0.17487,0.17302,0.17445
1707811200000,0.17445,0.17519,0.17268,0.1743
1707825600000,0.1743,0.17536,0.16805,0.17129
1707840000000,0.17129,0.17376,0.16977,0.17225
1707854400000,0.17225,0.17408,0.17177,0.17227
1707868800000,0.17227,0.17311,0.17015,0.17296
1707883200000,0.17296,0.17627,0.17256,0.17609
1707897600000,0.17609,0.18026,0.17576,0.18005
1707912000000,0.18005,0.18106,0.1776,0.17965
1707926400000,0.17965,0.18035,0.17754,0.17993
1707940800000,0.17993,0.1813,0.17974,0.18026
1707955200000,0.18026,0.18757,0.17976,0.18458
1707969600000,0.18458,0.18458,0.17933,0.18201
1707984000000,0.18201,0.18285,0.18051,0.18214
1707998400000,0.18214,0.18492,0.1804,0.18186
1708012800000,0.18186,0.18459,0.17969,0.18375
1708027200000,0.18375,0.18448,0.17957,0.18439
1708041600000,0.18439,0.18517,0.18123,0.18497
1708056000000,0.18497,0.18806,0.18463,0.18631
1708070400000,0.18631,0.1952,0.18631,0.19431
1708084800000,0.19431,0.19988,0.18744,0.19213
1708099200000,0.19213,0.19544,0.19,0.19061
1708113600000,0.19061,0.19563,0.1899,0.19432
1708128000000,0.19432,0.19437,0.18906,0.19085
1708142400000,0.19085,0.19132,0.18916,0.19008
1708156800000,0.19008,0.19008,0.1856,0.18779
1708171200000,0.18779,0.18934,0.18345,0.18862
1708185600000,0.18862,0.20203,0.18745,0.20173
1708200000000,0.20173,0.2171,0.19845,0.2161
1708214400000,0.2161,0.22885,0.21231,0.22543
1708228800000,0.22543,0.22663,0.21038,0.21329
1708243200000,0.21329,0.219,0.21092,0.21678
1708257600000,0.21678,0.22366,0.21462,0.22057
1708272000000,0.22057,0.252,0.21869,0.24299
1708286400000,0.24299,0.25118,0.23725,0.23888
1708300800000,0.23888,0.275,0.23888,0.26653
1708315200000,0.26653,0.27525,0.26082,0.26409
1708329600000,0.26409,0.26959,0.2581,0.26117
1708344000000,0.26117,0.26652,0.25419,0.25576
1708358400000,0.25576,0.25656,0.24625,0.24872
1708372800000,0.24872,0.24925,0.243,0.2453
1708387200000,0.2453,0.25226,0.24232,0.24491
1708401600000,0.24491,0.2538,0.24408,0.25005
1708416000000,0.25005,0.25514,0.24583,0.25124
1708430400000,0.25124,0.25132,0.22899,0.23737
1708444800000,0.23737,0.24053,0.2339,0.23948
1708459200000,0.23948,0.25089,0.23716,0.25001
1708473600000,0.25001,0.25001,0.24166,0.24489
1708488000000,0.24489,0.24744,0.23477,0.23738
1708502400000,0.23738,0.24098,0.23193,0.23304
1708516800000,0.23304,0.24258,0.22955,0.2398
1708531200000,0.2398,0.24831,0.23182,0.23682
1708545600000,0.23682,0.284,0.23333,0.28177
1708560000000,0.28177,0.28855,0.26539,0.27211
1708574400000,0.27211,0.28629,0.26779,0.28401
1708588800000,0.28401,0.29275,0.27429,0.28418
1708603200000,0.28418,0.29455,0.27672,0.29033
1708617600000,0.29033,0.2952,0.27872,0.2801
1708632000000,0.2801,0.28429,0.26964,0.27027
1708646400000,0.27027,0.27897,0.27027,0.2747
1708660800000,0.2747,0.27594,0.26807,0.26983
1708675200000,0.26983,0.27639,0.26777,0.2728
1708689600000,0.2728,0.29878,0.27055,0.27248
1708704000000,0.27248,0.27747,0.26578,0.27422
1708718400000,0.27422,0.27473,0.2629,0.26552
1708732800000,0.26552,0.26637,0.25378,0.25881
1708747200000,0.25881,0.26251,0.2578,0.25861
1708761600000,0.25861,0.28066,0.25445,0.27162
1708776000000,0.27162,0.27474,0.26573,0.26658
1708790400000,0.26658,0.27443,0.26619,0.27257
1708804800000,0.27257,0.27449,0.26898,0.27087
1708819200000,0.27087,0.28986,0.26952,0.28802
1708833600000,0.28802,0.29988,0.2836,0.29859
1708848000000,0.29859,0.3029,0.28674,0.29478
1708862400000,0.29478,0.29563,0.28268,0.28892
1708876800000,0.28892,0.29797,0.28638,0.29696
1708891200000,0.29696,0.3004,0.28654,0.28949
1708905600000,0.28949,0.31176,0.28696,0.30013
1708920000000,0.30013,0.30028,0.28891,0.29068
1708934400000,0.29068,0.29779,0.28424,0.29213
1708948800000,0.29213,0.29521,0.28656,0.29297
1708963200000,0.29297,0.29534,0.28617,0.29312
1708977600000,0.29312,0.29474,0.28904,0.29452
1708992000000,0.29452,0.29452,0.28073,0.28155
1709006400000,0.28155,0.28814,0.28123,0.28605
1709020800000,0.28605,0.28762,0.28268,0.28572
1709035200000,0.28572,0.28765,0.27873,0.28528
1709049600000,0.28528,0.28715,0.27934,0.28096
1709064000000,0.28096,0.28326,0.27755,0.27992
1709078400000,0.27992,0.28499,0.27349,0.28188
1709092800000,0.28188,0.28789,0.28082,0.28338
1709107200000,0.28338,0.28773,0.27408,0.28103
1709121600000,0.28103,0.30847,0.2793,0.29332
1709136000000,0.29332,0.29722,0.24909,0.28682
1709150400000,0.28682,0.29728,0.28279,0.28733
1709164800000,0.28733,0.29086,0.28123,0.28211
1709179200000,0.28211,0.28988,0.2809,0.28932
1709193600000,0.28932,0.29281,0.28503,0.28847
1709208000000,0.28847,0.29053,0.28346,0.28841
1709222400000,0.28841,0.29008,0.28021,0.28692
1709236800000,0.28692,0.28805,0.27035,0.28182
1709251200000,0.28182,0.29723,0.2817,0.2922
1709265600000,0.2922,0.30185,0.29008,0.29117
1709280000000,0.29117,0.3083,0.29087,0.306
1709294400000,0.306,0.33224,0.30435,0.31817
1709308800000,0.31817,0.32448,0.31107,0.32239
1709323200000,0.32239,0.3269,0.31868,0.32235
1709337600000,0.32235,0.32656,0.3096,0.31411
1709352000000,0.31411,0.31732,0.31267,0.31463
1709366400000,0.31463,0.3163,0.30744,0.31542
1709380800000,0.31542,0.31937,0.31099,0.31179
1709395200000,0.31179,0.32559,0.30911,0.32029
1709409600000,0.32029,0.32269,0.31623,0.31878
1709424000000,0.31878,0.33351,0.31646,0.3203
1709438400000,0.3203,0.3329,0.28852,0.31773
1709452800000,0.31773,0.33393,0.3175,0.3276
1709467200000,0.3276,0.33085,0.32104,0.3231
1709481600000,0.3231,0.32744,0.31944,0.3216
1709496000000,0.3216,0.32605,0.31882,0.32059
1709510400000,0.32059,0.32254,0.31286,0.31501
1709524800000,0.31501,0.32148,0.31342,0.31948
1709539200000,0.31948,0.3235,0.31221,0.31404
1709553600000,0.31404,0.31588,0.30705,0.31151
1709568000000,0.31151,0.31909,0.29994,0.31772
1709582400000,0.31772,0.32045,0.30768,0.30819
1709596800000,0.30819,0.3098,0.29934,0.30104
1709611200000,0.30104,0.31287,0.2984,0.3035
1709625600000,0.3035,0.31208,0.30058,0.30588
1709640000000,0.30588,0.31209,0.29508,0.29847
1709654400000,0.29847,0.30083,0.23,0.2582
1709668800000,0.2582,0.27987,0.25309,0.27784
1709683200000,0.27784,0.28532,0.26814,0.27527
1709697600000,0.27527,0.2993,0.27365,0.29855
1709712000000,0.29855,0.30207,0.2906,0.29136
1709726400000,0.29136,0.29615,0.28068,0.29241
1709740800000,0.29241,0.32032,0.29131,0.31159
1709755200000,0.31159,0.32992,0.31118,0.32526
1709769600000,0.32526,0.33293,0.31574,0.31727
1709784000000,0.31727,0.33289,0.31465,0.32845
1709798400000,0.32845,0.33926,0.31985,0.32861
1709812800000,0.32861,0.35111,0.3266,0.34143
1709827200000,0.34143,0.36041,0.33939,0.35215
1709841600000,0.35215,0.35466,0.34358,0.34623
1709856000000,0.34623,0.35209,0.33324,0.33455
1709870400000,0.33455,0.34008,0.33414,0.33844
1709884800000,0.33844,0.34163,0.33444,0.33749
1709899200000,0.33749,0.34696,0.32075,0.33798
1709913600000,0.33798,0.35056,0.32959,0.34078
1709928000000,0.34078,0.34355,0.33653,0.34019
1709942400000,0.34019,0.37265,0.33744,0.37002
1709956800000,0.37002,0.40786,0.36925,0.39812
1709971200000,0.39812,0.4234,0.3948,0.39698
1709985600000,0.39698,0.40649,0.38846,0.40166
1710000000000,0.40166,0.40309,0.39093,0.40037
1710014400000,0.40037,0.45372,0.39659,0.45244
1710028800000,0.45244,0.49497,0.43849,0.481
1710043200000,0.481,0.48131,0.4512,0.45502
1710057600000,0.45502,0.46975,0.43943,0.46607
1710072000000,0.46607,0.47541,0.43225,0.43246
1710086400000,0.43246,0.44682,0.43041,0.43452
1710100800000,0.43452,0.43973,0.42669,0.43716
1710115200000,0.43716,0.45967,0.40828,0.4488
1710129600000,0.4488,0.45604,0.43595,0.44358
1710144000000,0.44358,0.45514,0.43811,0.4415
1710158400000,0.4415,0.45742,0.4335,0.43768
1710172800000,0.43768,0.43905,0.42679,0.42755
1710187200000,0.42755,0.43646,0.42477,0.4354
1710201600000,0.4354,0.4457,0.4297,0.43023
1710216000000,0.43023,0.44219,0.42228,0.4247
1710230400000,0.4247,0.45501,0.41511,0.4388
1710244800000,0.4388,0.45369,0.43522,0.44077
1710259200000,0.44077,0.44292,0.40854,0.44205
1710273600000,0.44205,0.44794,0.43321,0.44616
1710288000000,0.44616,0.47252,0.44165,0.46224
1710302400000,0.46224,0.46224,0.44909,0.45027
1710316800000,0.45027,0.45168,0.44672,0.45033
1710331200000,0.45033,0.4524,0.43242,0.43518
1710345600000,0.43518,0.44452,0.43254,0.43801
1710360000000,0.43801,0.44315,0.43489,0.44135
1710374400000,0.44135,0.44766,0.43088,0.43831
1710388800000,0.43831,0.43831,0.42733,0.43014
1710403200000,0.43014,0.43926,0.42475,0.43005
1710417600000,0.43005,0.43272,0.41255,0.41689
1710432000000,0.41689,0.43389,0.40587,0.41728
1710446400000,0.41728,0.4448,0.41693,0.43809
1710460800000,0.43809,0.44049,0.38969,0.40852
1710475200000,0.40852,0.41051,0.39563,0.40733
1710489600000,0.40733,0.40776,0.37013,0.39548
1710504000000,0.39548,0.40695,0.39062,0.39968
1710518400000,0.39968,0.41638,0.39426,0.40225
1710532800000,0.40225,0.41468,0.39032,0.41238
1710547200000,0.41238,0.41572,0.40295,0.41332
1710561600000,0.41332,0.42313,0.40573,0.41942
1710576000000,0.41942,0.42082,0.40491,0.40901
1710590400000,0.40901,0.40991,0.38839,0.39842
1710604800000,0.39842,0.39844,0.36358,0.37128
1710619200000,0.37128,0.37721,0.36,0.36811
1710633600000,0.36811,0.40728,0.35942,0.4057
1710648000000,0.4057,0.40654,0.37833,0.39289
1710662400000,0.39289,0.40744,0.38845,0.40044
1710676800000,0.40044,0.42962,0.39412,0.42177
1710691200000,0.42177,0.42601,0.41368,0.42506
1710705600000,0.42506,0.43599,0.42101,0.42314
1710720000000,0.42314,0.44117,0.41722,0.42422
1710734400000,0.42422,0.42777,0.41418,0.41563
1710748800000,0.41563,0.42864,0.40492,0.42528
1710763200000,0.42528,0.42924,0.40172,0.41136
1710777600000,0.41136,0.41832,0.39163,0.39235
1710792000000,0.39235,0.40241,0.38942,0.391
1710806400000,0.391,0.40486,0.37062,0.39089
1710820800000,0.39089,0.39135,0.36002,0.38087
1710835200000,0.38087,0.38799,0.35741,0.38799
1710849600000,0.38799,0.40625,0.38361,0.40331
1710864000000,0.40331,0.40505,0.39233,0.39456
1710878400000,0.39456,0.3956,0.36411,0.37347
1710892800000,0.37347,0.37883,0.36415,0.36576
1710907200000,0.36576,0.37996,0.35456,0.37891
1710921600000,0.37891,0.38605,0.37154,0.38413
1710936000000,0.38413,0.39068,0.37148,0.3736
1710950400000,0.3736,0.40077,0.35871,0.39765
1710964800000,0.39765,0.40836,0.39569,0.40466
1710979200000,0.40466,0.40477,0.39188,0.39398
1710993600000,0.39398,0.39603,0.38299,0.38924
1711008000000,0.38924,0.39459,0.38767,0.38984
1711022400000,0.38984,0.39332,0.38249,0.38671
1711036800000,0.38671,0.39191,0.37286,0.37975
1711051200000,0.37975,0.38553,0.37515,0.38108
1711065600000,0.38108,0.38338,0.37286,0.38056
1711080000000,0.38056,0.38852,0.37885,0.38637
1711094400000,0.38637,0.38822,0.37124,0.37245
1711108800000,0.37245,0.37563,0.35931,0.3685
1711123200000,0.3685,0.36894,0.36171,0.36662
1711137600000,0.36662,0.36741,0.35684,0.36667
1711152000000,0.36667,0.37035,0.35828,0.36249
1711166400000,0.36249,0.37086,0.36148,0.36812
1711180800000,0.36812,0.38008,0.36482,0.37388
1711195200000,0.37388,0.37728,0.36969,0.37456
1711209600000,0.37456,0.37762,0.37037,0.37109
1711224000000,0.37109,0.37207,0.36407,0.36497
1711238400000,0.36497,0.37937,0.36418,0.36496
1711252800000,0.36496,0.36792,0.36198,0.36739
1711267200000,0.36739,0.37555,0.36681,0.372
1711281600000,0.372,0.37713,0.37127,0.37498
1711296000000,0.37498,0.37996,0.36761,0.37937
1711310400000,0.37937,0.39282,0.37707,0.38877
1711324800000,0.38877,0.39358,0.38269,0.38548
1711339200000,0.38548,0.38974,0.38131,0.38197
1711353600000,0.38197,0.39475,0.38173,0.38718
1711368000000,0.38718,0.39967,0.38357,0.3981
1711382400000,0.3981,0.40929,0.3966,0.40806
1711396800000,0.40806,0.41808,0.40029,0.40332
1711411200000,0.40332,0.41701,0.40064,0.4156
1711425600000,0.4156,0.41802,0.41101,0.41224
1711440000000,0.41224,0.41597,0.40973,0.41141
1711454400000,0.41141,0.41363,0.39573,0.40212
1711468800000,0.40212,0.40489,0.39136,0.3923
1711483200000,0.3923,0.39942,0.3923,0.39878
1711497600000,0.39878,0.40542,0.39801,0.40108
1711512000000,0.40108,0.40201,0.38928,0.39079
1711526400000,0.39079,0.42829,0.38703,0.40753
1711540800000,0.40753,0.42,0.39276,0.39629
1711555200000,0.39629,0.40261,0.39103,0.3951
1711569600000,0.3951,0.40885,0.39426,0.40104
1711584000000,0.40104,0.42082,0.39715,0.40589
1711598400000,0.40589,0.42038,0.40432,0.41998
1711612800000,0.41998,0.42686,0.4143,0.41761
1711627200000,0.41761,0.42454,0.40809,0.42332
1711641600000,0.42332,0.42404,0.41105,0.41501
1711656000000,0.41501,0.41574,0.40994,0.41292
1711670400000,0.41292,0.41975,0.40405,0.40751
1711684800000,0.40751,0.40984,0.39772,0.39944
1711699200000,0.39944,0.40431,0.39501,0.40248
1711713600000,0.40248,0.4046,0.3916,0.39487
1711728000000,0.39487,0.40015,0.39457,0.39622
1711742400000,0.39622,0.39632,0.39001,0.39387
1711756800000,0.39387,0.39433,0.38945,0.39015
1711771200000,0.39015,0.39477,0.38916,0.38977
1711785600000,0.38977,0.39781,0.38911,0.39742
1711800000000,0.39742,0.39786,0.39172,0.3928
1711814400000,0.3928,0.39532,0.38803,0.39188
1711828800000,0.39188,0.39397,0.38571,0.38913
1711843200000,0.38913,0.39293,0.38734,0.38928
1711857600000,0.38928,0.39569,0.38882,0.39347
1711872000000,0.39347,0.39474,0.38925,0.39204
1711886400000,0.39204,0.39287,0.38861,0.38977
1711900800000,0.38977,0.39237,0.38812,0.39009
1711915200000,0.39009,0.39374,0.38661,0.39311
1711929600000,0.39311,0.39472,0.38418,0.38495
1711944000000,0.38495,0.38641,0.36602,0.37528
1711958400000,0.37528,0.37572,0.36937,0.36984
1711972800000,0.36984,0.37609,0.36001,0.36479
1711987200000,0.36479,0.37401,0.36184,0.3735
1712001600000,0.3735,0.37679,0.37201,0.37475
1712016000000,0.37475,0.37663,0.34773,0.35325
1712030400000,0.35325,0.35523,0.34645,0.34956
1712044800000,0.34956,0.35091,0.33251,0.33795
1712059200000,0.33795,0.34596,0.33116,0.33589
1712073600000,0.33589,0.34001,0.32916,0.33899
1712088000000,0.33899,0.34017,0.33206,0.33377
1712102400000,0.33377,0.33753,0.31955,0.33536
1712116800000,0.33536,0.34434,0.33446,0.34119
1712131200000,0.34119,0.34956,0.339,0.34104
1712145600000,0.34104,0.34525,0.33421,0.33765
1712160000000,0.33765,0.34317,0.32989,0.33183
1712174400000,0.33183,0.33337,0.32554,0.3293
1712188800000,0.3293,0.34088,0.32701,0.32727
1712203200000,0.32727,0.33686,0.32314,0.33507
1712217600000,0.33507,0.34523,0.33402,0.34081
1712232000000,0.34081,0.34885,0.3397,0.34245
1712246400000,0.34245,0.3494,0.34121,0.34225
1712260800000,0.34225,0.34289,0.33374,0.33837
1712275200000,0.33837,0.34029,0.32752,0.33266
1712289600000,0.33266,0.33302,0.32193,0.32511
1712304000000,0.32511,0.33005,0.31793,0.31856
1712318400000,0.31856,0.33325,0.31625,0.3332
1712332800000,0.3332,0.33485,0.32935,0.33231
1712347200000,0.33231,0.33607,0.33124,0.33135
1712361600000,0.33135,0.338,0.32943,0.33643
1712376000000,0.33643,0.33841,0.33372,0.33703
1712390400000,0.33703,0.33997,0.33376,0.33423
1712404800000,0.33423,0.33628,0.3318,0.33459
1712419200000,0.33459,0.33776,0.33386,0.33524
1712433600000,0.33524,0.3428,0.33251,0.33769
1712448000000,0.33769,0.3419,0.3342,0.3405
1712462400000,0.3405,0.3413,0.33697,0.33821
1712476800000,0.33821,0.3418,0.33817,0.34086
1712491200000,0.34086,0.3419,0.33745,0.33818
1712505600000,0.33818,0.34198,0.33317,0.33414
1712520000000,0.33414,0.33841,0.33193,0.3373
1712534400000,0.3373,0.33976,0.32944,0.33177
1712548800000,0.33177,0.34312,0.32994,0.34169
1712563200000,0.34169,0.35437,0.34125,0.35288
1712577600000,0.35288,0.35446,0.34466,0.34601
1712592000000,0.34601,0.35177,0.34516,0.35108
1712606400000,0.35108,0.35489,0.35056,0.35268
1712620800000,0.35268,0.35464,0.34664,0.34883
1712635200000,0.34883,0.35452,0.34156,0.34374
1712649600000,0.34374,0.34673,0.33754,0.34612
1712664000000,0.34612,0.34931,0.33336,0.33982
1712678400000,0.33982,0.34025,0.33214,0.33918
1712692800000,0.33918,0.34133,0.33211,0.33314
1712707200000,0.33314,0.33565,0.32257,0.32721
1712721600000,0.32721,0.33257,0.32623,0.32907
1712736000000,0.32907,0.32958,0.32284,0.32647
1712750400000,0.32647,0.32724,0.31288,0.32262
1712764800000,0.32262,0.32912,0.32063,0.32772
1712779200000,0.32772,0.33247,0.32441,0.32899
1712793600000,0.32899,0.32908,0.31978,0.32104
1712808000000,0.32104,0.32827,0.3188,0.32628
1712822400000,0.32628,0.32977,0.3153,0.31624
1712836800000,0.31624,0.32039,0.30918,0.31133
1712851200000,0.31133,0.31237,0.30601,0.30883
1712865600000,0.30883,0.31197,0.3082,0.31092
1712880000000,0.31092,0.31488,0.30923,0.31392
1712894400000,0.31392,0.3164,0.31028,0.31242
1712908800000,0.31242,0.3134,0.3084,0.31141
1712923200000,0.31141,0.31143,0.29371,0.29514
1712937600000,0.29514,0.29567,0.23,0.25814
1712952000000,0.25814,0.27,0.25707,0.26809
1712966400000,0.26809,0.26816,0.25226,0.2607
1712980800000,0.2607,0.26481,0.25815,0.26144
1712995200000,0.26144,0.27455,0.25859,0.26887
1713009600000,0.26887,0.27259,0.26377,0.26594
1713024000000,0.26594,0.26705,0.21699,0.23121
1713038400000,0.23121,0.23861,0.194,0.23446
1713052800000,0.23446,0.23568,0.22197,0.22897
1713067200000,0.22897,0.25136,0.22736,0.25003
1713081600000,0.25003,0.25246,0.23787,0.23961
1713096000000,0.23961,0.24675,0.2352,0.24048
1713110400000,0.24048,0.24833,0.23227,0.24342
1713124800000,0.24342,0.26281,0.23803,0.25901
1713139200000,0.25901,0.26064,0.2525,0.25671
1713153600000,0.25671,0.277,0.25292,0.27415
1713168000000,0.27415,0.28477,0.27184,0.28014
1713182400000,0.28014,0.28822,0.26237,0.2651
1713196800000,0.2651,0.26818,0.24375,0.25693
1713211200000,0.25693,0.26016,0.24957,0.25301
1713225600000,0.25301,0.26053,0.24739,0.25056
1713240000000,0.25056,0.26181,0.24345,0.26044
1713254400000,0.26044,0.26197,0.24437,0.25572
1713268800000,0.25572,0.25577,0.24047,0.2407
1713283200000,0.2407,0.25529,0.23932,0.24957
1713297600000,0.24957,0.26142,0.24912,0.25823
1713312000000,0.25823,0.25978,0.25225,0.25442
1713326400000,0.25442,0.26052,0.25082,0.254
1713340800000,0.254,0.25639,0.24622,0.24651
1713355200000,0.24651,0.24968,0.23784,0.23981
1713369600000,0.23981,0.25367,0.23599,0.24639
1713384000000,0.24639,0.24826,0.2399,0.2416
1713398400000,0.2416,0.24668,0.23571,0.24489
1713412800000,0.24489,0.2469,0.2356,0.23666
1713427200000,0.23666,0.24967,0.23409,0.24568
1713441600000,0.24568,0.25516,0.24005,0.25215
1713456000000,0.25215,0.25555,0.24579,0.25462
1713470400000,0.25462,0.25769,0.25315,0.25533
1713484800000,0.25533,0.25566,0.23299,0.24425
1713499200000,0.24425,0.26505,0.24332,0.25702
1713513600000,0.25702,0.26335,0.25577,0.25796
1713528000000,0.25796,0.26264,0.25462,0.26018
1713542400000,0.26018,0.26562,0.25607,0.26367
1713556800000,0.26367,0.26367,0.25324,0.25677
1713571200000,0.25677,0.26293,0.25204,0.2601
1713585600000,0.2601,0.26988,0.25951,0.26782
1713600000000,0.26782,0.27159,0.26524,0.27133
1713614400000,0.27133,0.28376,0.26977,0.28259
1713628800000,0.28259,0.29299,0.28036,0.29264
1713643200000,0.29264,0.29928,0.29058,0.29115
1713657600000,0.29115,0.29421,0.28694,0.29028
1713672000000,0.29028,0.29045,0.28503,0.28648
1713686400000,0.28648,0.28817,0.28176,0.28521
1713700800000,0.28521,0.28598,0.27911,0.28344
1713715200000,0.28344,0.28391,0.27662,0.27909
1713729600000,0.27909,0.28532,0.27817,0.2813
1713744000000,0.2813,0.29146,0.27814,0.28913
1713758400000,0.28913,0.29883,0.28693,0.29623
1713772800000,0.29623,0.30611,0.29322,0.29963
1713787200000,0.29963,0.30261,0.29352,0.30151
1713801600000,0.30151,0.30549,0.29547,0.30294
1713816000000,0.30294,0.30476,0.30001,0.30135
1713830400000,0.30135,0.31135,0.30087,0.30257
1713844800000,0.30257,0.30431,0.29284,0.2937
1713859200000,0.2937,0.29913,0.29225,0.29648
1713873600000,0.29648,0.30521,0.29584,0.29811
1713888000000,0.29811,0.3012,0.29558,0.2993
1713902400000,0.2993,0.29956,0.29153,0.29282
1713916800000,0.29282,0.2975,0.29034,0.29158
1713931200000,0.29158,0.29977,0.29099,0.29323
1713945600000,0.29323,0.29729,0.29078,0.29499
1713960000000,0.29499,0.29578,0.27524,0.27597
1713974400000,0.27597,0.28033,0.27128,0.27537
1713988800000,0.27537,0.27614,0.26631,0.26978
1714003200000,0.26978,0.2729,0.26544,0.26667
1714017600000,0.26667,0.26899,0.26132,0.26425
1714032000000,0.26425,0.26735,0.26024,0.26524
1714046400000,0.26524,0.27029,0.2597,0.26991
1714060800000,0.26991,0.27138,0.26719,0.26817
1714075200000,0.26817,0.273,0.26503,0.26592
1714089600000,0.26592,0.27074,0.25892,0.2663
1714104000000,0.2663,0.26719,0.26029,0.26133
1714118400000,0.26133,0.26412,0.2583,0.25943
1714132800000,0.25943,0.2664,0.25413,0.25799
1714147200000,0.25799,0.26115,0.25727,0.25991
1714161600000,0.25991,0.26232,0.25581,0.25892
1714176000000,0.25892,0.26239,0.24849,0.25929
1714190400000,0.25929,0.26861,0.25918,0.26077
1714204800000,0.26077,0.26805,0.25429,0.25687
1714219200000,0.25687,0.26617,0.256,0.25691
1714233600000,0.25691,0.27109,0.25601,0.26722
1714248000000,0.26722,0.26855,0.26366,0.2642
1714262400000,0.2642,0.27535,0.26371,0.27073
1714276800000,0.27073,0.27137,0.26724,0.26781
1714291200000,0.26781,0.2685,0.2621,0.26292
1714305600000,0.26292,0.26659,0.26232,0.26369
1714320000000,0.26369,0.26951,0.26185,0.26766
1714334400000,0.26766,0.26795,0.25549,0.25679
1714348800000,0.25679,0.26096,0.25209,0.25263
1714363200000,0.25263,0.25559,0.24667,0.24981
1714377600000,0.24981,0.2508,0.24723,0.24793
1714392000000,0.24793,0.25452,0.2454,0.25278
1714406400000,0.25278,0.2534,0.24876,0.25173
1714420800000,0.25173,0.25885,0.24904,0.25647
1714435200000,0.25647,0.26028,0.24974,0.25307
1714449600000,0.25307,0.25363,0.24827,0.24865
1714464000000,0.24865,0.24937,0.23522,0.23641
1714478400000,0.23641,0.23863,0.23227,0.23389
1714492800000,0.23389,0.23483,0.22908,0.23225
1714507200000,0.23225,0.23922,0.23225,0.23594
1714521600000,0.23594,0.23686,0.231,0.23504
1714536000000,0.23504,0.23607,0.22269,0.22568
1714550400000,0.22568,0.22955,0.22051,0.2295
1714564800000,0.2295,0.23338,0.22595,0.22763
1714579200000,0.22763,0.24784,0.22503,0.23726
1714593600000,0.23726,0.24472,0.23536,0.24282
1714608000000,0.24282,0.24333,0.23365,0.23796
1714622400000,0.23796,0.23831,0.23357,0.23406
1714636800000,0.23406,0.24784,0.23364,0.24638
1714651200000,0.24638,0.25232,0.23981,0.25078
1714665600000,0.25078,0.25475,0.24861,0.25229
1714680000000,0.25229,0.25496,0.24856,0.25041
1714694400000,0.25041,0.2578,0.2497,0.25395
1714708800000,0.25395,0.25478,0.24792,0.24888
1714723200000,0.24888,0.25199,0.24701,0.24882
1714737600000,0.24882,0.26927,0.24803,0.2679
1714752000000,0.2679,0.27707,0.26675,0.27664
1714766400000,0.27664,0.28333,0.27417,0.27485
1714780800000,0.27485,0.28231,0.27402,0.27792
1714795200000,0.27792,0.28034,0.27733,0.27972
1714809600000,0.27972,0.28574,0.27809,0.28202
1714824000000,0.28202,0.28529,0.2756,0.27869
1714838400000,0.27869,0.28182,0.27558,0.27962
1714852800000,0.27962,0.28053,0.27452,0.27508
1714867200000,0.27508,0.27644,0.26588,0.26902
1714881600000,0.26902,0.27796,0.26779,0.27349
1714896000000,0.27349,0.28201,0.27205,0.27816
1714910400000,0.27816,0.29598,0.27755,0.29381
1714924800000,0.29381,0.30143,0.2905,0.29448
1714939200000,0.29448,0.29514,0.2907,0.29372
1714953600000,0.29372,0.30249,0.29087,0.29184
1714968000000,0.29184,0.30494,0.28779,0.30402
1714982400000,0.30402,0.30588,0.296,0.30222
1714996800000,0.30222,0.30297,0.28311,0.2872
1715011200000,0.2872,0.28829,0.28225,0.28566
1715025600000,0.28566,0.2866,0.28133,0.28169
1715040000000,0.28169,0.29206,0.28166,0.28573
1715054400000,0.28573,0.29104,0.28194,0.28919
1715068800000,0.28919,0.29446,0.2869,0.28837
1715083200000,0.28837,0.29432,0.28482,0.29019
1715097600000,0.29019,0.29333,0.28507,0.28737
1715112000000,0.28737,0.29042,0.27838,0.27992
1715126400000,0.27992,0.2836,0.27507,0.28141
1715140800000,0.28141,0.28197,0.27257,0.27526
1715155200000,0.27526,0.27999,0.2706,0.27171
1715169600000,0.27171,0.27936,0.26824,0.27052
1715184000000,0.27052,0.27176,0.26434,0.26575
1715198400000,0.26575,0.26704,0.25974,0.26249
1715212800000,0.26249,0.26817,0.2615,0.26807
1715227200000,0.26807,0.27408,0.26733,0.26864
1715241600000,0.26864,0.26973,0.26208,0.26704
1715256000000,0.26704,0.27456,0.26423,0.27425
1715270400000,0.27425,0.28805,0.27367,0.28475
1715284800000,0.28475,0.29941,0.2819,0.29286
1715299200000,0.29286,0.31435,0.29116,0.30576
1715313600000,0.30576,0.30949,0.29868,0.30544
1715328000000,0.30544,0.31281,0.30286,0.31275
1715342400000,0.31275,0.31751,0.28874,0.28889
1715356800000,0.28889,0.294,0.28472,0.29132
1715371200000,0.29132,0.2944,0.28673,0.29164
1715385600000,0.29164,0.30263,0.28681,0.29373
1715400000000,0.29373,0.30042,0.28988,0.29829
1715414400000,0.29829,0.30013,0.29043,0.29128
1715428800000,0.29128,0.29552,0.28686,0.28898
1715443200000,0.28898,0.29261,0.28549,0.28724
1715457600000,0.28724,0.29009,0.28433,0.28483
1715472000000,0.28483,0.29174,0.2811,0.2819
1715486400000,0.2819,0.28433,0.27996,0.28101
1715500800000,0.28101,0.29031,0.27897,0.28512
1715515200000,0.28512,0.28552,0.28086,0.28348
1715529600000,0.28348,0.28725,0.27963,0.28022
1715544000000,0.28022,0.28035,0.27619,0.27825
1715558400000,0.27825,0.28075,0.2608,0.26385
1715572800000,0.26385,0.27956,0.26156,0.27948
1715587200000,0.27948,0.28898,0.2794,0.28284
1715601600000,0.28284,0.28536,0.27916,0.28322
1715616000000,0.28322,0.28881,0.27713,0.28206
1715630400000,0.28206,0.28232,0.27681,0.2791
1715644800000,0.2791,0.2808,0.272,0.27372
1715659200000,0.27372,0.27998,0.2685,0.27427
1715673600000,0.27427,0.27443,0.27042,0.2709
1715688000000,0.2709,0.27402,0.26509,0.26895
1715702400000,0.26895,0.26904,0.26409,0.26578
1715716800000,0.26578,0.26786,0.26294,0.26464
1715731200000,0.26464,0.26988,0.26451,0.26885
1715745600000,0.26885,0.26905,0.26529,0.26664
1715760000000,0.26664,0.27065,0.26256,0.26585
1715774400000,0.26585,0.29699,0.26502,0.29304
1715788800000,0.29304,0.30433,0.29071,0.30344
1715803200000,0.30344,0.30415,0.29874,0.30243
1715817600000,0.30243,0.31027,0.29947,0.30936
1715832000000,0.30936,0.31275,0.30661,0.30891
1715846400000,0.30891,0.31184,0.30653,0.30822
1715860800000,0.30822,0.30842,0.29571,0.30226
1715875200000,0.30226,0.3029,0.29339,0.29765
1715889600000,0.29765,0.30465,0.29567,0.30312
1715904000000,0.30312,0.30388,0.29916,0.30158
1715918400000,0.30158,0.31545,0.29983,0.31259
1715932800000,0.31259,0.31642,0.3075,0.31557
1715947200000,0.31557,0.32233,0.30885,0.31562
1715961600000,0.31562,0.32161,0.31324,0.31903
1715976000000,0.31903,0.32018,0.3159,0.31655
1715990400000,0.31655,0.31985,0.31406,0.31952
1716004800000,0.31952,0.32015,0.31384,0.31417
1716019200000,0.31417,0.31678,0.31158,0.31174
1716033600000,0.31174,0.31252,0.30682,0.30908
1716048000000,0.30908,0.31196,0.30876,0.31141
1716062400000,0.31141,0.31381,0.30938,0.31214
1716076800000,0.31214,0.31437,0.31064,0.31229
1716091200000,0.31229,0.31229,0.30749,0.31024
1716105600000,0.31024,0.3103,0.30297,0.30562
1716120000000,0.30562,0.30581,0.29864,0.30256
1716134400000,0.30256,0.30269,0.29804,0.29897
1716148800000,0.29897,0.30193,0.29606,0.29983
1716163200000,0.29983,0.31048,0.29874,0.30805
1716177600000,0.30805,0.3134,0.30444,0.31056
1716192000000,0.31056,0.31474,0.31055,0.31198
1716206400000,0.31198,0.3217,0.30792,0.32132
1716220800000,0.32132,0.33135,0.31962,0.32985
1716235200000,0.32985,0.33871,0.32711,0.33852
1716249600000,0.33852,0.35404,0.33721,0.34086
1716264000000,0.34086,0.34829,0.34066,0.34773
1716278400000,0.34773,0.35393,0.34248,0.34425
1716292800000,0.34425,0.34661,0.33878,0.34002
1716307200000,0.34002,0.34538,0.33509,0.33643
1716321600000,0.33643,0.34275,0.33591,0.33976
1716336000000,0.33976,0.34029,0.33116,0.33414
1716350400000,0.33414,0.34029,0.32916,0.33608
1716364800000,0.33608,0.34267,0.33289,0.33729
1716379200000,0.33729,0.35668,0.3307,0.35403
1716393600000,0.35403,0.35814,0.34503,0.35461
1716408000000,0.35461,0.35865,0.34344,0.34759
1716422400000,0.34759,0.34912,0.33821,0.34182
1716436800000,0.34182,0.34261,0.33837,0.34
1716451200000,0.34,0.34014,0.33349,0.33782
1716465600000,0.33782,0.33835,0.31952,0.32468
1716480000000,0.32468,0.32772,0.31843,0.32173
1716494400000,0.32173,0.33398,0.30945,0.32865
1716508800000,0.32865,0.33333,0.32603,0.33198
1716523200000,0.33198,0.33283,0.31732,0.32247
1716537600000,0.32247,0.32376,0.31659,0.32307
1716552000000,0.32307,0.32666,0.31866,0.32246
1716566400000,0.32246,0.32698,0.31888,0.32495
1716580800000,0.32495,0.32673,0.32369,0.32524
1716595200000,0.32524,0.32664,0.32239,0.3262
1716609600000,0.3262,0.32825,0.32263,0.32407
1716624000000,0.32407,0.32771,0.32321,0.32466
1716638400000,0.32466,0.3261,0.32136,0.32526
1716652800000,0.32526,0.32832,0.32345,0.32696
1716667200000,0.32696,0.32855,0.32473,0.32745
1716681600000,0.32745,0.32892,0.32264,0.32791
1716696000000,0.32791,0.32953,0.32278,0.32534
1716710400000,0.32534,0.32673,0.31938,0.31998
1716724800000,0.31998,0.32188,0.31634,0.31858
1716739200000,0.31858,0.32047,0.31672,0.31908
1716753600000,0.31908,0.3196,0.31447,0.31721
1716768000000,0.31721,0.32397,0.31692,0.32277
1716782400000,0.32277,0.32363,0.31537,0.3172
1716796800000,0.3172,0.31929,0.31367,0.31619
1716811200000,0.31619,0.32891,0.31476,0.32871
1716825600000,0.32871,0.33263,0.3238,0.32585
1716840000000,0.32585,0.33004,0.32463,0.32585
1716854400000,0.32585,0.32629,0.31137,0.31443
1716868800000,0.31443,0.31451,0.30879,0.31056
1716883200000,0.31056,0.31718,0.31023,0.31421
1716897600000,0.31421,0.31637,0.30888,0.31464
1716912000000,0.31464,0.31775,0.30982,0.31573
1716926400000,0.31573,0.31736,0.3129,0.3144
1716940800000,0.3144,0.31894,0.31239,0.31856
1716955200000,0.31856,0.3246,0.31685,0.31696
1716969600000,0.31696,0.32121,0.31235,0.31765
1716984000000,0.31765,0.3209,0.31326,0.31366
1716998400000,0.31366,0.31703,0.31001,0.31039
1717012800000,0.31039,0.3127,0.30945,0.31015
1717027200000,0.31015,0.3162,0.30964,0.31477
1717041600000,0.31477,0.31592,0.30187,0.30248
1717056000000,0.30248,0.30916,0.29961,0.30659
1717070400000,0.30659,0.31294,0.30615,0.30973
1717084800000,0.30973,0.31291,0.30718,0.30835
1717099200000,0.30835,0.30836,0.30309,0.30363
1717113600000,0.30363,0.30404,0.30001,0.30311
1717128000000,0.30311,0.30383,0.29719,0.29947
1717142400000,0.29947,0.30248,0.29773,0.30167
1717156800000,0.30167,0.3065,0.29559,0.29615
1717171200000,0.29615,0.29898,0.29262,0.29803
1717185600000,0.29803,0.30022,0.29687,0.29839
1717200000000,0.29839,0.29968,0.29743,0.29844
1717214400000,0.29844,0.29984,0.29788,0.29795
1717228800000,0.29795,0.2995,0.29654,0.29697
1717243200000,0.29697,0.30104,0.2965,0.29967
1717257600000,0.29967,0.30412,0.29965,0.30063
1717272000000,0.30063,0.30206,0.29885,0.29971
1717286400000,0.29971,0.30335,0.29895,0.30079
1717300800000,0.30079,0.30212,0.29693,0.29715
1717315200000,0.29715,0.30054,0.29521,0.30026
1717329600000,0.30026,0.30219,0.29777,0.29999
1717344000000,0.29999,0.30078,0.29037,0.29488
1717358400000,0.29488,0.29539,0.29199,0.29339
1717372800000,0.29339,0.29919,0.28855,0.29732
1717387200000,0.29732,0.30281,0.29413,0.30086
1717401600000,0.30086,0.30184,0.29815,0.29939
1717416000000,0.29939,0.30384,0.29475,0.30188
1717430400000,0.30188,0.30256,0.2972,0.29805
1717444800000,0.29805,0.29941,0.29332,0.29417
1717459200000,0.29417,0.29685,0.29256,0.29649
1717473600000,0.29649,0.29716,0.29225,0.29299
1717488000000,0.29299,0.29598,0.29053,0.29506
1717502400000,0.29506,0.302,0.294,0.30132
1717516800000,0.30132,0.30269,0.29753,0.30039
1717531200000,0.30039,0.30165,0.29909,0.29998
1717545600000,0.29998,0.30336,0.29828,0.29964
1717560000000,0.29964,0.30354,0.29866,0.30184
1717574400000,0.30184,0.30405,0.29951,0.30264
1717588800000,0.30264,0.30495,0.29833,0.30361
1717603200000,0.30361,0.30556,0.30207,0.30426
1717617600000,0.30426,0.30516,0.30247,0.30473
1717632000000,0.30473,0.30516,0.30147,0.30202
1717646400000,0.30202,0.30224,0.29837,0.29975
1717660800000,0.29975,0.30039,0.29794,0.29904
1717675200000,0.29904,0.30036,0.29541,0.29854
1717689600000,0.29854,0.29954,0.29221,0.29273
1717704000000,0.29273,0.29546,0.28992,0.29387
1717718400000,0.29387,0.2947,0.29081,0.29299
1717732800000,0.29299,0.29644,0.29232,0.29437
1717747200000,0.29437,0.29634,0.29181,0.29586
1717761600000,0.29586,0.29759,0.28891,0.29634
1717776000000,0.29634,0.29638,0.24262,0.27172
1717790400000,0.27172,0.27517,0.27019,0.27265
1717804800000,0.27265,0.27328,0.26954,0.27218
1717819200000,0.27218,0.27234,0.26952,0.27101
1717833600000,0.27101,0.27101,0.26115,0.26209
1717848000000,0.26209,0.26529,0.25941,0.26199
1717862400000,0.26199,0.26333,0.25866,0.26143
1717876800000,0.26143,0.26709,0.26123,0.2664
1717891200000,0.2664,0.26818,0.26314,0.26427
1717905600000,0.26427,0.2676,0.26197,0.26619
1717920000000,0.26619,0.26744,0.26456,0.26496
1717934400000,0.26496,0.26685,0.26327,0.26449
1717948800000,0.26449,0.26893,0.2644,0.26818
1717963200000,0.26818,0.26911,0.26634,0.26838
1717977600000,0.26838,0.26839,0.26277,0.26376
1717992000000,0.26376,0.26444,0.25622,0.25645
1718006400000,0.25645,0.26508,0.2563,0.26392
1718020800000,0.26392,0.26878,0.25995,0.26747
1718035200000,0.26747,0.26802,0.26096,0.26133
1718049600000,0.26133,0.26225,0.25849,0.2595
1718064000000,0.2595,0.26048,0.24986,0.25496
1718078400000,0.25496,0.25572,0.24724,0.25085
1718092800000,0.25085,0.25417,0.25024,0.2509
1718107200000,0.2509,0.25176,0.24053,0.24328
1718121600000,0.24328,0.24692,0.23955,0.24409
1718136000000,0.24409,0.24511,0.24252,0.24367
1718150400000,0.24367,0.24578,0.23736,0.24565
1718164800000,0.24565,0.24816,0.24517,0.24806
1718179200000,0.24806,0.25381,0.24749,0.25179
1718193600000,0.25179,0.27236,0.25063,0.26854
1718208000000,0.26854,0.27072,0.25447,0.2563
1718222400000,0.2563,0.26474,0.25489,0.26242
1718236800000,0.26242,0.2643,0.25,0.25301
1718251200000,0.25301,0.25519,0.25088,0.25325
1718265600000,0.25325,0.25395,0.24983,0.25046
1718280000000,0.25046,0.25584,0.24221,0.24297
1718294400000,0.24297,0.24856,0.24175,0.24589
1718308800000,0.24589,0.24689,0.2423,0.243
1718323200000,0.243,0.24779,0.24039,0.2456
1718337600000,0.2456,0.24801,0.24461,0.24635
1718352000000,0.24635,0.25088,0.24542,0.24763
1718366400000,0.24763,0.24884,0.23978,0.24091
1718380800000,0.24091,0.24128,0.22736,0.23075
1718395200000,0.23075,0.23745,0.23017,0.23591
1718409600000,0.23591,0.23859,0.23465,0.23844
1718424000000,0.23844,0.24116,0.23725,0.23945
1718438400000,0.23945,0.24034,0.23779,0.23849
1718452800000,0.23849,0.24133,0.23761,0.23968
1718467200000,0.23968,0.24059,0.23688,0.23807
1718481600000,0.23807,0.23852,0.23598,0.23772
1718496000000,0.23772,0.23789,0.23371,0.2347
1718510400000,0.2347,0.23693,0.23241,0.23573
1718524800000,0.23573,0.23658,0.2328,0.23484
1718539200000,0.23484,0.23775,0.23427,0.2373
1718553600000,0.2373,0.2375,0.23455,0.23596
1718568000000,0.23596,0.23953,0.23513,0.23538
1718582400000,0.23538,0.23769,0.22614,0.2267
1718596800000,0.2267,0.2286,0.22137,0.22214
1718611200000,0.22214,0.22318,0.21283,0.21674
1718625600000,0.21674,0.21733,0.21262,0.21417
1718640000000,0.21417,0.22319,0.20868,0.22123
1718654400000,0.22123,0.22144,0.21316,0.21363
1718668800000,0.21363,0.2146,0.18645,0.19981
1718683200000,0.19981,0.20565,0.19819,0.20482
1718697600000,0.20482,0.20483,0.19706,0.1998
1718712000000,0.1998,0.20074,0.19082,0.20055
1718726400000,0.20055,0.20159,0.19476,0.19828
1718740800000,0.19828,0.20287,0.19683,0.20139
1718755200000,0.20139,0.2161,0.19842,0.21408
1718769600000,0.21408,0.221,0.21368,0.21924
1718784000000,0.21924,0.21954,0.21361,0.21655
1718798400000,0.21655,0.22082,0.21305,0.21491
1718812800000,0.21491,0.22271,0.21369,0.21906
1718827200000,0.21906,0.22236,0.21681,0.21811
1718841600000,0.21811,0.22431,0.21644,0.21952
1718856000000,0.21952,0.23308,0.2181,0.23308
1718870400000,0.23308,0.23328,0.22631,0.23122
1718884800000,0.23122,0.23362,0.22245,0.2225
1718899200000,0.2225,0.22786,0.21988,0.22678
1718913600000,0.22678,0.22749,0.22052,0.22098
1718928000000,0.22098,0.22654,0.21771,0.22183
1718942400000,0.22183,0.22503,0.2179,0.21922
1718956800000,0.21922,0.22512,0.21635,0.22216
1718971200000,0.22216,0.22353,0.21533,0.21958
1718985600000,0.21958,0.22115,0.21262,0.21904
1719000000000,0.21904,0.22033,0.21723,0.21771
1719014400000,0.21771,0.21864,0.21287,0.21753
1719028800000,0.21753,0.21897,0.21534,0.21597
1719043200000,0.21597,0.21668,0.214,0.21466
1719057600000,0.21466,0.2192,0.21246,0.21836
1719072000000,0.21836,0.219,0.2148,0.21592
1719086400000,0.21592,0.21593,0.21167,0.2127
1719100800000,0.2127,0.2207,0.21242,0.21902
1719115200000,0.21902,0.21908,0.21502,0.2156
1719129600000,0.2156,0.21633,0.21314,0.21408
1719144000000,0.21408,0.21745,0.21011,0.21113
1719158400000,0.21113,0.21184,0.2082,0.20884
1719172800000,0.20884,0.20924,0.20435,0.20549
1719187200000,0.20549,0.20701,0.20296,0.20495
1719201600000,0.20495,0.20541,0.19821,0.20063
1719216000000,0.20063,0.21013,0.19485,0.20595
1719230400000,0.20595,0.21329,0.2049,0.20637
1719244800000,0.20637,0.21317,0.20568,0.20814
1719259200000,0.20814,0.21896,0.20421,0.21647
1719273600000,0.21647,0.22563,0.21442,0.22417
1719288000000,0.22417,0.22538,0.21901,0.22005
1719302400000,0.22005,0.22187,0.21749,0.21867
1719316800000,0.21867,0.22262,0.21797,0.22066
1719331200000,0.22066,0.22292,0.21813,0.22231
1719345600000,0.22231,0.22288,0.2201,0.2202
1719360000000,0.2202,0.22474,0.21882,0.2209
1719374400000,0.2209,0.22135,0.21848,0.22068
1719388800000,0.22068,0.22095,0.21709,0.21876
1719403200000,0.21876,0.22317,0.2167,0.21766
1719417600000,0.21766,0.22023,0.21398,0.22009
1719432000000,0.22009,0.22195,0.21814,0.21852
1719446400000,0.21852,0.21873,0.21491,0.21545
1719460800000,0.21545,0.21639,0.21115,0.21241
1719475200000,0.21241,0.21892,0.21173,0.21834
1719489600000,0.21834,0.22526,0.21795,0.22019
1719504000000,0.22019,0.22133,0.21835,0.21918
1719518400000,0.21918,0.22031,0.21693,0.21766
1719532800000,0.21766,0.22004,0.2152,0.21643
1719547200000,0.21643,0.2166,0.21417,0.21604
1719561600000,0.21604,0.21765,0.21473,0.21564
1719576000000,0.21564,0.21756,0.21171,0.21286
1719590400000,0.21286,0.21332,0.20843,0.21006
1719604800000,0.21006,0.21084,0.20624,0.20712
1719619200000,0.20712,0.20937,0.2063,0.20903
1719633600000,0.20903,0.21025,0.20668,0.20984
1719648000000,0.20984,0.21128,0.20896,0.21058
1719662400000,0.21058,0.21064,0.2078,0.20864
1719676800000,0.20864,0.20867,0.20443,0.20583
1719691200000,0.20583,0.20606,0.20251,0.20311
1719705600000,0.20311,0.20407,0.20002,0.20102
1719720000000,0.20102,0.20706,0.20003,0.20606
1719734400000,0.20606,0.20779,0.20513,0.20596
1719748800000,0.20596,0.20754,0.20511,0.20619
1719763200000,0.20619,0.20706,0.2043,0.20551
1719777600000,0.20551,0.21169,0.20402,0.21044
1719792000000,0.21044,0.21825,0.20934,0.21463
1719806400000,0.21463,0.21598,0.21284,0.21315
1719820800000,0.21315,0.21399,0.20948,0.21015
1719835200000,0.21015,0.2122,0.20749,0.21074
1719849600000,0.21074,0.21456,0.20971,0.21346
1719864000000,0.21346,0.2136,0.20666,0.20724
1719878400000,0.20724,0.21065,0.20568,0.20899
1719892800000,0.20899,0.21085,0.20675,0.20739
1719907200000,0.20739,0.20932,0.20659,0.2083
1719921600000,0.2083,0.21422,0.2077,0.20902
1719936000000,0.20902,0.21227,0.20673,0.21194
1719950400000,0.21194,0.2137,0.21095,0.21225
1719964800000,0.21225,0.21347,0.20363,0.20559
1719979200000,0.20559,0.2086,0.2037,0.20692
1719993600000,0.20692,0.20717,0.20065,0.2022
1720008000000,0.2022,0.20431,0.19781,0.20042
1720022400000,0.20042,0.20175,0.19573,0.19717
1720036800000,0.19717,0.19857,0.19595,0.19692
1720051200000,0.19692,0.19818,0.1865,0.1905
1720065600000,0.1905,0.19061,0.18577,0.18683
1720080000000,0.18683,0.18834,0.18342,0.1841
1720094400000,0.1841,0.18431,0.17784,0.18339
1720108800000,0.18339,0.18408,0.17971,0.1812
1720123200000,0.1812,0.18455,0.17444,0.17573
1720137600000,0.17573,0.1761,0.15252,0.1575
1720152000000,0.1575,0.16366,0.15316,0.15983
1720166400000,0.15983,0.16757,0.15397,0.16726
1720180800000,0.16726,0.17411,0.16524,0.17218
1720195200000,0.17218,0.17533,0.17006,0.17351
1720209600000,0.17351,0.17365,0.17087,0.17256
1720224000000,0.17256,0.17969,0.17154,0.17529
1720238400000,0.17529,0.17836,0.17304,0.17774
1720252800000,0.17774,0.18013,0.17674,0.17865
1720267200000,0.17865,0.18158,0.17759,0.18059
1720281600000,0.18059,0.18861,0.17996,0.18607
1720296000000,0.18607,0.18862,0.18595,0.18721
1720310400000,0.18721,0.18733,0.1829,0.18463
1720324800000,0.18463,0.18484,0.18054,0.18264
1720339200000,0.18264,0.18573,0.18193,0.18427
1720353600000,0.18427,0.1857,0.17736,0.17899
1720368000000,0.17899,0.18213,0.17861,0.17983
1720382400000,0.17983,0.18044,0.17232,0.17339
1720396800000,0.17339,0.17385,0.16383,0.16968
1720411200000,0.16968,0.17403,0.16934,0.17252
1720425600000,0.17252,0.18707,0.17212,0.18429
1720440000000,0.18429,0.18482,0.17292,0.17619
1720454400000,0.17619,0.17786,0.17395,0.17629
1720468800000,0.17629,0.17765,0.17448,0.17623
1720483200000,0.17623,0.18135,0.17516,0.18027
1720497600000,0.18027,0.18213,0.17845,0.17973
1720512000000,0.17973,0.18311,0.17806,0.17919
1720526400000,0.17919,0.18353,0.17741,0.18075
1720540800000,0.18075,0.18219,0.17895,0.18112
1720555200000,0.18112,0.18357,0.18054,0.18286
1720569600000,0.18286,0.18484,0.18033,0.18476
1720584000000,0.18476,0.19195,0.18476,0.18914
1720598400000,0.18914,0.18925,0.18526,0.18705
1720612800000,0.18705,0.18886,0.18407,0.18738
1720627200000,0.18738,0.18919,0.18516,0.18597
1720641600000,0.18597,0.18637,0.18432,0.18579
1720656000000,0.18579,0.18936,0.18306,0.1852
1720670400000,0.1852,0.1868,0.18458,0.18654
1720684800000,0.18654,0.19169,0.18595,0.19108
1720699200000,0.19108,0.19585,0.18492,0.18551
1720713600000,0.18551,0.1887,0.18375,0.18473
1720728000000,0.18473,0.18505,0.18053,0.18112
1720742400000,0.18112,0.18443,0.17926,0.18125
1720756800000,0.18125,0.18297,0.17985,0.18108
1720771200000,0.18108,0.18197,0.17802,0.1796
1720785600000,0.1796,0.18558,0.1796,0.18492
1720800000000,0.18492,0.18612,0.18335,0.18404
1720814400000,0.18404,0.18624,0.18219,0.18534
1720828800000,0.18534,0.18592,0.18368,0.18455
1720843200000,0.18455,0.18708,0.18352,0.18662
1720857600000,0.18662,0.18949,0.18557,0.18798
1720872000000,0.18798,0.18974,0.18608,0.18945
1720886400000,0.18945,0.19239,0.18923,0.19101
1720900800000,0.19101,0.1944,0.1888,0.19209
1720915200000,0.19209,0.1947,0.19146,0.19158
1720929600000,0.19158,0.19489,0.19134,0.19176
1720944000000,0.19176,0.19295,0.18985,0.19006
1720958400000,0.19006,0.19096,0.18779,0.19089
1720972800000,0.19089,0.19222,0.19014,0.1905
1720987200000,0.1905,0.20022,0.19037,0.1979
1721001600000,0.1979,0.20232,0.19589,0.20213
1721016000000,0.20213,0.20592,0.20071,0.20474
1721030400000,0.20474,0.20616,0.20261,0.20276
1721044800000,0.20276,0.20753,0.20253,0.20408
1721059200000,0.20408,0.21349,0.20286,0.21311
1721073600000,0.21311,0.22086,0.21267,0.21939
1721088000000,0.21939,0.22164,0.21504,0.21572
1721102400000,0.21572,0.21633,0.20572,0.2083
1721116800000,0.2083,0.21087,0.20432,0.20977
1721131200000,0.20977,0.21564,0.2073,0.21479
1721145600000,0.21479,0.21642,0.21224,0.21597
1721160000000,0.21597,0.216,0.21126,0.21386
1721174400000,0.21386,0.21888,0.21336,0.21532
1721188800000,0.21532,0.21734,0.21451,0.21633
1721203200000,0.21633,0.22041,0.21242,0.21496
1721217600000,0.21496,0.21774,0.21287,0.21316
1721232000000,0.21316,0.21586,0.20935,0.21477
1721246400000,0.21477,0.21542,0.20784,0.2079
1721260800000,0.2079,0.21294,0.20787,0.21221
1721275200000,0.21221,0.21284,0.20934,0.20953
1721289600000,0.20953,0.21083,0.20507,0.20798
1721304000000,0.20798,0.20921,0.20106,0.2012
1721318400000,0.2012,0.20316,0.19777,0.19916
1721332800000,0.19916,0.20333,0.1987,0.20268
1721347200000,0.20268,0.2061,0.19737,0.2048
1721361600000,0.2048,0.20656,0.20085,0.20135
1721376000000,0.20135,0.20267,0.19869,0.2006
1721390400000,0.2006,0.2091,0.1994,0.20858
1721404800000,0.20858,0.21519,0.20834,0.21415
1721419200000,0.21415,0.2147,0.21256,0.21403
1721433600000,0.21403,0.2178,0.21106,0.21605
1721448000000,0.21605,0.21863,0.21475,0.21741
1721462400000,0.21741,0.21743,0.21392,0.21402
1721476800000,0.21402,0.2185,0.21279,0.21706
1721491200000,0.21706,0.21804,0.21366,0.21507
1721505600000,0.21507,0.21598,0.21285,0.21354
1721520000000,0.21354,0.22387,0.21351,0.22127
1721534400000,0.22127,0.22145,0.21496,0.21554
1721548800000,0.21554,0.21667,0.21382,0.21487
1721563200000,0.21487,0.21812,0.21209,0.21537
1721577600000,0.21537,0.21881,0.20912,0.21523
1721592000000,0.21523,0.22109,0.21432,0.21901
1721606400000,0.21901,0.22178,0.21624,0.21641
1721620800000,0.21641,0.21641,0.21031,0.21145
1721635200000,0.21145,0.2126,0.21018,0.21235
1721649600000,0.21235,0.21339,0.20716,0.2092
1721664000000,0.2092,0.21074,0.20869,0.21017
1721678400000,0.21017,0.21077,0.20427,0.20624
1721692800000,0.20624,0.20972,0.20624,0.20777
1721707200000,0.20777,0.2085,0.19918,0.20172
1721721600000,0.20172,0.20856,0.20147,0.20593
1721736000000,0.20593,0.20616,0.20087,0.20185
1721750400000,0.20185,0.20206,0.19532,0.19911
1721764800000,0.19911,0.1997,0.19666,0.19817
1721779200000,0.19817,0.1992,0.19572,0.19823
1721793600000,0.19823,0.19943,0.19612,0.19943
1721808000000,0.19943,0.20176,0.19916,0.20102
1721822400000,0.20102,0.20369,0.19941,0.19945
1721836800000,0.19945,0.2018,0.19616,0.19649
1721851200000,0.19649,0.19767,0.19079,0.19255
1721865600000,0.19255,0.1933,0.1831,0.18557
1721880000000,0.18557,0.18805,0.1842,0.18603
1721894400000,0.18603,0.18724,0.18471,0.18564
1721908800000,0.18564,0.18885,0.18348,0.18743
1721923200000,0.18743,0.1892,0.18337,0.18576
1721937600000,0.18576,0.19027,0.18251,0.18928
1721952000000,0.18928,0.19516,0.18883,0.19417
1721966400000,0.19417,0.19957,0.19304,0.19524
1721980800000,0.19524,0.19764,0.19433,0.19492
1721995200000,0.19492,0.19695,0.19235,0.19472
1722009600000,0.19472,0.20032,0.19466,0.19926
1722024000000,0.19926,0.2012,0.19726,0.20061
1722038400000,0.20061,0.20106,0.19823,0.19828
1722052800000,0.19828,0.20059,0.19821,0.19956
1722067200000,0.19956,0.2017,0.19883,0.20105
1722081600000,0.20105,0.20449,0.19762,0.19916
1722096000000,0.19916,0.2006,0.1962,0.1987
1722110400000,0.1987,0.20171,0.19421,0.19787
1722124800000,0.19787,0.19854,0.19556,0.19573
1722139200000,0.19573,0.19578,0.19228,0.19427
1722153600000,0.19427,0.19565,0.19309,0.19464
1722168000000,0.19464,0.19557,0.19285,0.19347
1722182400000,0.19347,0.1943,0.19204,0.1931
1722196800000,0.1931,0.19313,0.19068,0.19247
1722211200000,0.19247,0.19993,0.19247,0.19823
1722225600000,0.19823,0.20224,0.19759,0.20202
1722240000000,0.20202,0.20332,0.20071,0.20103
1722254400000,0.20103,0.2024,0.19416,0.19554
1722268800000,0.19554,0.19554,0.1919,0.19391
1722283200000,0.19391,0.19433,0.19147,0.19184
1722297600000,0.19184,0.19369,0.18957,0.19261
1722312000000,0.19261,0.19488,0.19153,0.19443
1722326400000,0.19443,0.19517,0.19141,0.19142
1722340800000,0.19142,0.19354,0.18897,0.19032
1722355200000,0.19032,0.19072,0.1847,0.18612
1722369600000,0.18612,0.18819,0.18356,0.18794
1722384000000,0.18794,0.18894,0.18594,0.1866
1722398400000,0.1866,0.19007,0.18451,0.18709
1722412800000,0.18709,0.18737,0.18464,0.18571
1722427200000,0.18571,0.18827,0.18419,0.18437
1722441600000,0.18437,0.18691,0.18036,0.18175
1722456000000,0.18175,0.18194,0.1782,0.17943
1722470400000,0.17943,0.18099,0.17751,0.17791
1722484800000,0.17791,0.17871,0.17411,0.17645
1722499200000,0.17645,0.17834,0.17624,0.17806
1722513600000,0.17806,0.17978,0.17232,0.17289
1722528000000,0.17289,0.17294,0.16675,0.17182
1722542400000,0.17182,0.17866,0.17055,0.17796
1722556800000,0.17796,0.17877,0.17246,0.17589
1722571200000,0.17589,0.1762,0.16939,0.16942
1722585600000,0.16942,0.1721,0.1671,0.17121
1722600000000,0.17121,0.17534,0.16281,0.16846
1722614400000,0.16846,0.16894,0.16383,0.16538
1722628800000,0.16538,0.1669,0.16168,0.1624
1722643200000,0.1624,0.16301,0.15684,0.16247
1722657600000,0.16247,0.16396,0.16161,0.1628
1722672000000,0.1628,0.16302,0.16147,0.16242
1722686400000,0.16242,0.1641,0.1571,0.1572
1722700800000,0.1572,0.15823,0.15099,0.15108
1722715200000,0.15108,0.15508,0.15013,0.15382
1722729600000,0.15382,0.15687,0.15316,0.15624
1722744000000,0.15624,0.15636,0.15362,0.15386
1722758400000,0.15386,0.15534,0.1529,0.15412
1722772800000,0.15412,0.15537,0.14593,0.14606
1722787200000,0.14606,0.14875,0.13937,0.14779
1722801600000,0.14779,0.14961,0.14354,0.14384
1722816000000,0.14384,0.14492,0.11767,0.12473
1722830400000,0.12473,0.12724,0.11195,0.12606
1722844800000,0.12606,0.12638,0.11541,0.11987
1722859200000,0.11987,0.13493,0.11504,0.13432
1722873600000,0.13432,0.13863,0.13002,0.13174
1722888000000,0.13174,0.13506,0.13099,0.13122
1722902400000,0.13122,0.14041,0.131,0.13682
1722916800000,0.13682,0.14048,0.13559,0.14044
1722931200000,0.14044,0.14044,0.13467,0.13523
1722945600000,0.13523,0.14181,0.1329,0.13906
1722960000000,0.13906,0.14118,0.1382,0.1386
1722974400000,0.1386,0.1408,0.13635,0.1373
1722988800000,0.1373,0.14188,0.13578,0.14028
1723003200000,0.14028,0.1419,0.13891,0.13989
1723017600000,0.13989,0.14259,0.13856,0.13868
1723032000000,0.13868,0.14164,0.13332,0.13588
1723046400000,0.13588,0.13635,0.12984,0.13026
1723060800000,0.13026,0.13141,0.12727,0.12852
1723075200000,0.12852,0.13732,0.12684,0.13466
1723089600000,0.13466,0.13585,0.13354,0.13385
1723104000000,0.13385,0.13494,0.1335,0.13388
1723118400000,0.13388,0.14011,0.13252,0.13992
1723132800000,0.13992,0.14205,0.13861,0.13893
1723147200000,0.13893,0.14705,0.13854,0.1463
1723161600000,0.1463,0.14687,0.14405,0.14441
1723176000000,0.14441,0.14455,0.14155,0.1428
1723190400000,0.1428,0.14405,0.14082,0.14178
1723204800000,0.14178,0.14363,0.1391,0.13959
1723219200000,0.13959,0.14198,0.13937,0.14154
1723233600000,0.14154,0.14334,0.14066,0.14275
1723248000000,0.14275,0.14476,0.14058,0.14127
1723262400000,0.14127,0.14247,0.14036,0.14226
1723276800000,0.14226,0.14373,0.14116,0.14366
1723291200000,0.14366,0.14379,0.14134,0.14277
1723305600000,0.14277,0.14645,0.14239,0.14531
1723320000000,0.14531,0.14715,0.14439,0.14602
1723334400000,0.14602,0.14757,0.14521,0.14637
1723348800000,0.14637,0.14919,0.1458,0.14882
1723363200000,0.14882,0.15254,0.14717,0.14884
1723377600000,0.14884,0.14895,0.14261,0.1437
1723392000000,0.1437,0.14427,0.13998,0.1401
1723406400000,0.1401,0.14022,0.13583,0.13638
1723420800000,0.13638,0.13853,0.13606,0.13743
1723435200000,0.13743,0.13978,0.1349,0.13924
1723449600000,0.13924,0.14666,0.13892,0.14615
1723464000000,0.14615,0.14622,0.1388,0.14436
1723478400000,0.14436,0.14485,0.14004,0.14133
1723492800000,0.14133,0.14454,0.13978,0.14327
1723507200000,0.14327,0.14447,0.13972,0.14018
1723521600000,0.14018,0.14222,0.13957,0.14116
1723536000000,0.14116,0.14128,0.13809,0.13992
1723550400000,0.13992,0.14296,0.13944,0.14196
1723564800000,0.14196,0.14848,0.1417,0.1474
1723579200000,0.1474,0.14756,0.14567,0.14612
1723593600000,0.14612,0.14663,0.14441,0.14526
1723608000000,0.14526,0.14553,0.14365,0.1443
1723622400000,0.1443,0.14549,0.14358,0.14515
1723636800000,0.14515,0.14769,0.13948,0.14375
1723651200000,0.14375,0.14375,0.14098,0.1417
1723665600000,0.1417,0.14329,0.14041,0.14215
1723680000000,0.14215,0.14368,0.14145,0.14267
1723694400000,0.14267,0.14302,0.1393,0.14039
1723708800000,0.14039,0.14244,0.13973,0.14194
1723723200000,0.14194,0.14497,0.14169,0.14296
1723737600000,0.14296,0.14377,0.13483,0.1358
1723752000000,0.1358,0.1372,0.13413,0.13619
1723766400000,0.13619,0.13812,0.13512,0.13572
1723780800000,0.13572,0.13878,0.13536,0.1384
1723795200000,0.1384,0.13876,0.13621,0.1367
1723809600000,0.1367,0.1374,0.13201,0.13346
1723824000000,0.13346,0.1382,0.1331,0.13741
1723838400000,0.13741,0.13851,0.13635,0.13667
1723852800000,0.13667,0.13727,0.13541,0.13594
1723867200000,0.13594,0.13683,0.13542,0.13637
1723881600000,0.13637,0.13725,0.13511,0.13553
1723896000000,0.13553,0.13796,0.13539,0.13676
1723910400000,0.13676,0.13865,0.13643,0.13703
1723924800000,0.13703,0.13841,0.13695,0.13831
1723939200000,0.13831,0.13908,0.13647,0.13647
1723953600000,0.13647,0.1378,0.1362,0.13748
1723968000000,0.13748,0.14092,0.13713,0.14056
1723982400000,0.14056,0.14324,0.14024,0.14298
1723996800000,0.14298,0.14382,0.14146,0.14339
1724011200000,0.14339,0.14373,0.13958,0.13973
1724025600000,0.13973,0.1405,0.13835,0.14005
1724040000000,0.14005,0.14005,0.13722,0.138
1724054400000,0.138,0.14009,0.13652,0.13954
1724068800000,0.13954,0.14177,0.13844,0.13988
1724083200000,0.13988,0.14191,0.13799,0.14169
1724097600000,0.14169,0.14472,0.14151,0.14455
1724112000000,0.14455,0.14724,0.14402,0.14611
1724126400000,0.14611,0.14845,0.14597,0.14702
1724140800000,0.14702,0.14756,0.14567,0.14617
1724155200000,0.14617,0.14685,0.1406,0.14202
1724169600000,0.14202,0.14467,0.14159,0.14426
1724184000000,0.14426,0.14542,0.14261,0.1427
1724198400000,0.1427,0.14474,0.14251,0.14388
1724212800000,0.14388,0.14682,0.14362,0.14614
1724227200000,0.14614,0.14669,0.14326,0.14354
1724241600000,0.14354,0.14589,0.14087,0.14347
1724256000000,0.14347,0.14976,0.14261,0.14969
1724270400000,0.14969,0.15144,0.14908,0.14973
1724284800000,0.14973,0.1507,0.14712,0.14935
1724299200000,0.14935,0.15128,0.14916,0.15128
1724313600000,0.15128,0.15579,0.15085,0.15497
1724328000000,0.15497,0.15499,0.15182,0.15294
1724342400000,0.15294,0.1541,0.15225,0.15265
1724356800000,0.15265,0.15515,0.1526,0.15485
1724371200000,0.15485,0.16142,0.15462,0.16138
1724385600000,0.16138,0.16403,0.16013,0.16372
1724400000000,0.16372,0.16422,0.16076,0.161
1724414400000,0.161,0.16839,0.161,0.16728
1724428800000,0.16728,0.17196,0.16629,0.17021
1724443200000,0.17021,0.17215,0.16925,0.17042
1724457600000,0.17042,0.17121,0.16726,0.16751
1724472000000,0.16751,0.16927,0.16678,0.16925
1724486400000,0.16925,0.17433,0.16829,0.17322
1724500800000,0.17322,0.17762,0.17252,0.17474
1724515200000,0.17474,0.1802,0.17458,0.17947
1724529600000,0.17947,0.17995,0.1741,0.17656
1724544000000,0.17656,0.17672,0.17108,0.17348
1724558400000,0.17348,0.17366,0.16717,0.16798
1724572800000,0.16798,0.17261,0.16678,0.17133
1724587200000,0.17133,0.17472,0.17115,0.17306
1724601600000,0.17306,0.17475,0.17077,0.17251
1724616000000,0.17251,0.1756,0.17149,0.1719
1724630400000,0.1719,0.17383,0.16867,0.1715
1724644800000,0.1715,0.17193,0.16803,0.16872
1724659200000,0.16872,0.17413,0.16791,0.1724
1724673600000,0.1724,0.17313,0.16611,0.16697
1724688000000,0.16697,0.16862,0.16232,0.16303
1724702400000,0.16303,0.16417,0.16085,0.16104
1724716800000,0.16104,0.16296,0.16078,0.16183
1724731200000,0.16183,0.16635,0.16118,0.16251
1724745600000,0.16251,0.16346,0.15836,0.15945
1724760000000,0.15945,0.1599,0.15687,0.15803
1724774400000,0.15803,0.16121,0.15699,0.15978
1724788800000,0.15978,0.15981,0.14771,0.15077
1724803200000,0.15077,0.15272,0.14876,0.15254
1724817600000,0.15254,0.15269,0.14767,0.14767
1724832000000,0.14767,0.15495,0.14673,0.15353
1724846400000,0.15353,0.155,0.14796,0.1494
1724860800000,0.1494,0.15035,0.14326,0.14746
1724875200000,0.14746,0.15063,0.14488,0.14627
1724889600000,0.14627,0.14769,0.14532,0.14729
1724904000000,0.14729,0.15056,0.1462,0.1498
1724918400000,0.1498,0.1514,0.14808,0.14976
1724932800000,0.14976,0.15254,0.14955,0.15097
1724947200000,0.15097,0.15152,0.14341,0.14564
1724961600000,0.14564,0.14724,0.14407,0.14645
1724976000000,0.14645,0.14797,0.1454,0.14583
1724990400000,0.14583,0.14797,0.14447,0.1467
1725004800000,0.1467,0.14798,0.14607,0.14615
1725019200000,0.14615,0.14804,0.13908,0.13986
1725033600000,0.13986,0.14727,0.13908,0.14539
1725048000000,0.14539,0.1478,0.14523,0.14727
1725062400000,0.14727,0.14888,0.14722,0.14816
1725076800000,0.14816,0.14864,0.14716,0.14724
1725091200000,0.14724,0.14772,0.14552,0.14692
1725105600000,0.14692,0.14777,0.14554,0.14665
1725120000000,0.14665,0.14683,0.14364,0.14447
1725134400000,0.14447,0.14615,0.14405,0.14563
1725148800000,0.14563,0.14613,0.14283,0.14444
1725163200000,0.14444,0.14494,0.14207,0.14486
1725177600000,0.14486,0.14513,0.14187,0.14302
1725192000000,0.14302,0.14353,0.13939,0.14291
1725206400000,0.14291,0.14474,0.13934,0.14337
1725220800000,0.14337,0.14492,0.13644,0.13797
1725235200000,0.13797,0.14046,0.13717,0.13932
1725249600000,0.13932,0.13999,0.13747,0.13788
1725264000000,0.13788,0.1452,0.13779,0.14418
1725278400000,0.14418,0.1446,0.14088,0.14367
1725292800000,0.14367,0.14421,0.14238,0.14314
1725307200000,0.14314,0.14679,0.1427,0.1456
1725321600000,0.1456,0.14783,0.14491,0.14506
1725336000000,0.14506,0.14551,0.14376,0.1454
1725350400000,0.1454,0.14544,0.14283,0.14417
1725364800000,0.14417,0.14504,0.13699,0.1372
1725379200000,0.1372,0.1389,0.13675,0.13829
1725393600000,0.13829,0.139,0.13502,0.1355
1725408000000,0.1355,0.1374,0.12905,0.13491
1725422400000,0.13491,0.13746,0.13439,0.13683
1725436800000,0.13683,0.13749,0.13528,0.13547
1725451200000,0.13547,0.14098,0.1349,0.14036
1725465600000,0.14036,0.14297,0.13907,0.14008
1725480000000,0.14008,0.14114,0.13935,0.13958
1725494400000,0.13958,0.14116,0.13754,0.13821
1725508800000,0.13821,0.13963,0.13726,0.13893
1725523200000,0.13893,0.13946,0.13709,0.13731
1725537600000,0.13731,0.13952,0.13487,0.13563
1725552000000,0.13563,0.13645,0.13295,0.13371
1725566400000,0.13371,0.13456,0.13313,0.13391
1725580800000,0.13391,0.13635,0.13337,0.13525
1725595200000,0.13525,0.13578,0.13183,0.13329
1725609600000,0.13329,0.13529,0.13276,0.13434
1725624000000,0.13434,0.13829,0.13091,0.13305
1725638400000,0.13305,0.13308,0.12858,0.1297
1725652800000,0.1297,0.13094,0.12549,0.12977
1725667200000,0.12977,0.13048,0.12875,0.12881
1725681600000,0.12881,0.13144,0.12856,0.1314
1725696000000,0.1314,0.13243,0.13112,0.13187
1725710400000,0.13187,0.13455,0.13187,0.13311
1725724800000,0.13311,0.13397,0.13153,0.13348
1725739200000,0.13348,0.13356,0.13001,0.13168
1725753600000,0.13168,0.13389,0.13136,0.13373
1725768000000,0.13373,0.13561,0.13367,0.13534
1725782400000,0.13534,0.137,0.13474,0.13487
1725796800000,0.13487,0.13518,0.13187,0.13205
1725811200000,0.13205,0.13427,0.13131,0.13316
1725825600000,0.13316,0.13816,0.13284,0.13628
1725840000000,0.13628,0.13791,0.1358,0.1372
1725854400000,0.1372,0.13784,0.13583,0.13771
1725868800000,0.13771,0.14008,0.13769,0.1387
1725883200000,0.1387,0.13973,0.13644,0.13868
1725897600000,0.13868,0.14295,0.13868,0.14276
1725912000000,0.14276,0.14491,0.14171,0.14292
1725926400000,0.14292,0.14294,0.13968,0.13968
1725940800000,0.13968,0.1422,0.13943,0.14194
1725955200000,0.14194,0.14355,0.14076,0.14337
1725969600000,0.14337,0.14342,0.14027,0.14102
1725984000000,0.14102,0.14459,0.14094,0.14308
1725998400000,0.14308,0.14325,0.14114,0.14136
1726012800000,0.14136,0.14166,0.1378,0.13851
1726027200000,0.13851,0.13852,0.1357,0.13825
1726041600000,0.13825,0.13826,0.13517,0.13622
1726056000000,0.13622,0.13895,0.13279,0.13606
1726070400000,0.13606,0.13835,0.13575,0.13725
1726084800000,0.13725,0.13793,0.13682,0.13729
1726099200000,0.13729,0.14183,0.13707,0.14117
1726113600000,0.14117,0.14208,0.1401,0.1406
1726128000000,0.1406,0.14163,0.1402,0.14084
1726142400000,0.14084,0.14237,0.1382,0.13856
1726156800000,0.13856,0.14332,0.1385,0.1433
1726171200000,0.1433,0.14395,0.1419,0.14388
1726185600000,0.14388,0.14561,0.14386,0.14399
1726200000000,0.14399,0.14483,0.14334,0.14471
1726214400000,0.14471,0.14636,0.14432,0.14445
1726228800000,0.14445,0.14979,0.1428,0.14908
1726243200000,0.14908,0.14969,0.14628,0.14751
1726257600000,0.14751,0.15039,0.14742,0.15003
1726272000000,0.15003,0.15144,0.14883,0.15102
1726286400000,0.15102,0.15198,0.14885,0.1491
1726300800000,0.1491,0.15052,0.14811,0.14861
1726315200000,0.14861,0.15043,0.14842,0.14977
1726329600000,0.14977,0.15022,0.14723,0.14827
1726344000000,0.14827,0.14949,0.14813,0.14926
1726358400000,0.14926,0.15018,0.14839,0.14882
1726372800000,0.14882,0.14958,0.14807,0.14911
1726387200000,0.14911,0.14914,0.14622,0.1472
1726401600000,0.1472,0.1486,0.14659,0.14795
1726416000000,0.14795,0.14805,0.14522,0.14576
1726430400000,0.14576,0.14581,0.14088,0.14241
1726444800000,0.14241,0.14257,0.13842,0.14086
1726459200000,0.14086,0.14242,0.13995,0.14222
1726473600000,0.14222,0.14356,0.1396,0.14056
1726488000000,0.14056,0.14076,0.13684,0.1388
1726502400000,0.1388,0.13988,0.13751,0.13842
1726516800000,0.13842,0.13882,0.1368,0.1382
1726531200000,0.1382,0.13903,0.13674,0.13864
1726545600000,0.13864,0.14275,0.13834,0.1415
1726560000000,0.1415,0.14218,0.13977,0.14079
1726574400000,0.14079,0.14445,0.13985,0.14331
1726588800000,0.14331,0.14376,0.13962,0.1408
1726603200000,0.1408,0.14251,0.14032,0.14173
1726617600000,0.14173,0.14354,0.13991,0.14229
1726632000000,0.14229,0.14234,0.13993,0.14044
1726646400000,0.14044,0.1405,0.13496,0.13675
1726660800000,0.13675,0.1379,0.13453,0.13488
1726675200000,0.13488,0.14308,0.13433,0.14
1726689600000,0.14,0.14722,0.13845,0.14699
1726704000000,0.14699,0.15117,0.14699,0.14992
1726718400000,0.14992,0.1515,0.14926,0.15136
1726732800000,0.15136,0.15536,0.14947,0.15519
1726747200000,0.15519,0.15653,0.15323,0.15597
1726761600000,0.15597,0.15838,0.15392,0.15425
1726776000000,0.15425,0.15514,0.15202,0.15385
1726790400000,0.15385,0.15664,0.15048,0.15658
1726804800000,0.15658,0.16341,0.15594,0.16282
1726819200000,0.16282,0.16282,0.15765,0.15894
1726833600000,0.15894,0.16126,0.15733,0.15941
1726848000000,0.15941,0.15993,0.15614,0.15768
1726862400000,0.15768,0.16164,0.1576,0.16093
1726876800000,0.16093,0.16568,0.16026,0.1616
1726891200000,0.1616,0.16365,0.1595,0.16355
1726905600000,0.16355,0.16589,0.16189,0.16372
1726920000000,0.16372,0.16665,0.16309,0.16416
1726934400000,0.16416,0.16537,0.16372,0.16442
1726948800000,0.16442,0.16687,0.1625,0.16608
1726963200000,0.16608,0.16613,0.16068,0.16202
1726977600000,0.16202,0.1628,0.15943,0.1607
1726992000000,0.1607,0.16228,0.1582,0.15966
1727006400000,0.15966,0.15989,0.15681,0.15785
1727020800000,0.15785,0.16032,0.15639,0.15986
1727035200000,0.15986,0.16159,0.15455,0.16027
1727049600000,0.16027,0.17283,0.156,0.17072
1727064000000,0.17072,0.17781,0.16881,0.17283
1727078400000,0.17283,0.17615,0.17145,0.1742
1727092800000,0.1742,0.17915,0.17164,0.17665
1727107200000,0.17665,0.17765,0.17283,0.17317
1727121600000,0.17317,0.17509,0.17209,0.17455
1727136000000,0.17455,0.17486,0.16984,0.17224
1727150400000,0.17224,0.17611,0.16993,0.17571
1727164800000,0.17571,0.17878,0.17511,0.17823
1727179200000,0.17823,0.18547,0.1764,0.17893
1727193600000,0.17893,0.18458,0.17764,0.18435
1727208000000,0.18435,0.18749,0.18305,0.18709
1727222400000,0.18709,0.19038,0.18522,0.18595
1727236800000,0.18595,0.1861,0.18007,0.18167
1727251200000,0.18167,0.18255,0.18028,0.18234
1727265600000,0.18234,0.18452,0.17947,0.18164
1727280000000,0.18164,0.18356,0.17921,0.17952
1727294400000,0.17952,0.18176,0.17705,0.17877
1727308800000,0.17877,0.1807,0.17458,0.17852
1727323200000,0.17852,0.1869,0.17702,0.18575
1727337600000,0.18575,0.18798,0.18328,0.18604
1727352000000,0.18604,0.18978,0.18436,0.18867
1727366400000,0.18867,0.19088,0.18568,0.18574
1727380800000,0.18574,0.18749,0.18325,0.18694
1727395200000,0.18694,0.18719,0.18278,0.18681
1727409600000,0.18681,0.19046,0.18543,0.18775
1727424000000,0.18775,0.19059,0.1858,0.187
1727438400000,0.187,0.19296,0.18545,0.19018
1727452800000,0.19018,0.19398,0.18828,0.18857
1727467200000,0.18857,0.19033,0.18739,0.18838
1727481600000,0.18838,0.19032,0.18716,0.18881
1727496000000,0.18881,0.1905,0.18445,0.1845
1727510400000,0.1845,0.18616,0.18125,0.1845
1727524800000,0.1845,0.18572,0.18129,0.18449
1727539200000,0.18449,0.18858,0.18304,0.18825
1727553600000,0.18825,0.18844,0.18304,0.18644
1727568000000,0.18644,0.18819,0.18462,0.1876
1727582400000,0.1876,0.1879,0.1807,0.18139
1727596800000,0.18139,0.18448,0.18129,0.18305
1727611200000,0.18305,0.18524,0.17977,0.18522
1727625600000,0.18522,0.19128,0.18386,0.19124
1727640000000,0.19124,0.19401,0.18709,0.18831
1727654400000,0.18831,0.19059,0.18172,0.18542
1727668800000,0.18542,0.19129,0.18282,0.1896
1727683200000,0.1896,0.18983,0.18091,0.18424
1727697600000,0.18424,0.18505,0.17841,0.17862
1727712000000,0.17862,0.1802,0.17696,0.17923
1727726400000,0.17923,0.18152,0.17343,0.17531
1727740800000,0.17531,0.17914,0.17387,0.17913
1727755200000,0.17913,0.18,0.17603,0.17902
1727769600000,0.17902,0.18154,0.1781,0.17928
1727784000000,0.17928,0.17996,0.16132,0.16614
1727798400000,0.16614,0.16717,0.15366,0.16005
1727812800000,0.16005,0.16122,0.15671,0.15919
1727827200000,0.15919,0.16269,0.15791,0.16192
1727841600000,0.16192,0.1639,0.15912,0.16259
1727856000000,0.16259,0.16384,0.15595,0.15783
1727870400000,0.15783,0.16025,0.1548,0.15926
1727884800000,0.15926,0.16239,0.15008,0.15215
1727899200000,0.15215,0.15472,0.15062,0.15351
1727913600000,0.15351,0.15716,0.15162,0.15712
1727928000000,0.15712,0.15836,0.15489,0.15497
1727942400000,0.15497,0.15527,0.14978,0.15302
1727956800000,0.15302,0.15495,0.1477,0.15123
1727971200000,0.15123,0.15198,0.14752,0.15189
1727985600000,0.15189,0.15501,0.14975,0.15398
1728000000000,0.15398,0.15606,0.1513,0.15275
1728014400000,0.15275,0.1554,0.15275,0.15507
1728028800000,0.15507,0.15726,0.15402,0.15624
1728043200000,0.15624,0.159,0.15367,0.15891
1728057600000,0.15891,0.16091,0.15726,0.15861
1728072000000,0.15861,0.15965,0.15771,0.15965
1728086400000,0.15965,0.16053,0.15577,0.15647
1728100800000,0.15647,0.16094,0.15606,0.15991
1728115200000,0.15991,0.16234,0.15927,0.16132
1728129600000,0.16132,0.16216,0.15807,0.15947
1728144000000,0.15947,0.15947,0.15561,0.15588
1728158400000,0.15588,0.15829,0.1541,0.15781
1728172800000,0.15781,0.15956,0.15678,0.15691
1728187200000,0.15691,0.1593,0.15586,0.1585
1728201600000,0.1585,0.1611,0.15808,0.16042
1728216000000,0.16042,0.16426,0.15991,0.16401
1728230400000,0.16401,0.16537,0.16178,0.16228
1728244800000,0.16228,0.16453,0.1607,0.16415
1728259200000,0.16415,0.1735,0.16305,0.17291
1728273600000,0.17291,0.17342,0.16946,0.17124
1728288000000,0.17124,0.17134,0.16544,0.1683
1728302400000,0.1683,0.17534,0.16672,0.17295
1728316800000,0.17295,0.17451,0.16656,0.16901
1728331200000,0.16901,0.17007,0.1635,0.16428
1728345600000,0.16428,0.16752,0.16428,0.1672
1728360000000,0.1672,0.16833,0.16148,0.16393
1728374400000,0.16393,0.16483,0.16208,0.16445
1728388800000,0.16445,0.16534,0.1592,0.1606
1728403200000,0.1606,0.16261,0.15884,0.16091
1728417600000,0.16091,0.16167,0.15743,0.15895
1728432000000,0.15895,0.16064,0.15726,0.15891
1728446400000,0.15891,0.16048,0.1575,0.15832
1728460800000,0.15832,0.16032,0.15754,0.16002
1728475200000,0.16002,0.16052,0.15494,0.15891
1728489600000,0.15891,0.15925,0.15461,0.15607
1728504000000,0.15607,0.1563,0.15341,0.15525
1728518400000,0.15525,0.15694,0.15395,0.15632
1728532800000,0.15632,0.15867,0.15568,0.15606
1728547200000,0.15606,0.15675,0.1532,0.15634
1728561600000,0.15634,0.15679,0.15126,0.15321
1728576000000,0.15321,0.15446,0.14838,0.15178
1728590400000,0.15178,0.15428,0.15132,0.15406
1728604800000,0.15406,0.15565,0.15305,0.15505
1728619200000,0.15505,0.15675,0.15371,0.156
1728633600000,0.156,0.15901,0.15589,0.15834
1728648000000,0.15834,0.16206,0.15772,0.16122
1728662400000,0.16122,0.16428,0.16016,0.16265
1728676800000,0.16265,0.16413,0.1617,0.16261
1728691200000,0.16261,0.164,0.16054,0.16143
1728705600000,0.16143,0.16473,0.16143,0.16438
1728720000000,0.16438,0.1663,0.16356,0.1646
1728734400000,0.1646,0.16888,0.16357,0.16692
1728748800000,0.16692,0.16832,0.16489,0.1655
1728763200000,0.1655,0.16745,0.16533,0.16629
1728777600000,0.16629,0.16686,0.16219,0.16243
1728792000000,0.16243,0.16538,0.16243,0.16356
1728806400000,0.16356,0.16443,0.16062,0.1608
1728820800000,0.1608,0.16262,0.15787,0.15869
1728835200000,0.15869,0.16118,0.15802,0.16057
1728849600000,0.16057,0.16773,0.16018,0.16574
1728864000000,0.16574,0.17468,0.16276,0.1745
1728878400000,0.1745,0.1782,0.17235,0.17631
1728892800000,0.17631,0.17839,0.17491,0.1756
1728907200000,0.1756,0.17766,0.17392,0.17644
1728921600000,0.17644,0.17777,0.17412,0.17673
1728936000000,0.17673,0.17891,0.17518,0.17762
1728950400000,0.17762,0.17967,0.17479,0.17522
1728964800000,0.17522,0.17862,0.17417,0.17735
1728979200000,0.17735,0.1779,0.17085,0.17172
1728993600000,0.17172,0.17982,0.16788,0.17216
1729008000000,0.17216,0.17626,0.17093,0.17167
1729022400000,0.17167,0.1738,0.16892,0.17372
1729036800000,0.17372,0.17458,0.17097,0.1728
1729051200000,0.1728,0.17398,0.16988,0.17022
1729065600000,0.17022,0.1754,0.16969,0.17353
1729080000000,0.17353,0.17438,0.16892,0.16999
1729094400000,0.16999,0.17089,0.16812,0.16869
1729108800000,0.16869,0.16971,0.16733,0.16755
1729123200000,0.16755,0.16992,0.16708,0.1684
1729137600000,0.1684,0.16872,0.16438,0.16594
1729152000000,0.16594,0.16688,0.16277,0.16325
1729166400000,0.16325,0.16695,0.16284,0.1657
1729180800000,0.1657,0.1657,0.16162,0.16352
1729195200000,0.16352,0.16456,0.16315,0.16388
1729209600000,0.16388,0.16634,0.16218,0.16441
1729224000000,0.16441,0.16641,0.16441,0.16562
1729238400000,0.16562,0.16637,0.16423,0.16427
1729252800000,0.16427,0.16673,0.1625,0.16638
1729267200000,0.16638,0.1687,0.16502,0.16738
1729281600000,0.16738,0.16912,0.16654,0.16906
1729296000000,0.16906,0.1722,0.16867,0.1704
1729310400000,0.1704,0.17138,0.16916,0.16959
1729324800000,0.16959,0.17033,0.16646,0.16655
1729339200000,0.16655,0.16886,0.16655,0.16778
1729353600000,0.16778,0.16782,0.16547,0.16584
1729368000000,0.16584,0.16744,0.16565,0.16692
1729382400000,0.16692,0.16779,0.1644,0.16544
1729396800000,0.16544,0.16727,0.16502,0.16655
1729411200000,0.16655,0.17111,0.16646,0.17106
1729425600000,0.17106,0.182,0.1692,0.17583
1729440000000,0.17583,0.17696,0.17382,0.1742
1729454400000,0.1742,0.17953,0.17408,0.17908
1729468800000,0.17908,0.18002,0.17498,0.17585
1729483200000,0.17585,0.17718,0.1744,0.1746
1729497600000,0.1746,0.17578,0.17115,0.17255
1729512000000,0.17255,0.17351,0.1686,0.17055
1729526400000,0.17055,0.17146,0.1682,0.17076
1729540800000,0.17076,0.17193,0.16922,0.16925
1729555200000,0.16925,0.1723,0.16663,0.17104
1729569600000,0.17104,0.17286,0.17009,0.17016
1729584000000,0.17016,0.17016,0.16586,0.16821
1729598400000,0.16821,0.16896,0.16528,0.16785
1729612800000,0.16785,0.16789,0.16574,0.16692
1729627200000,0.16692,0.16846,0.16642,0.16737
1729641600000,0.16737,0.16777,0.16453,0.16538
1729656000000,0.16538,0.16574,0.16334,0.16366
1729670400000,0.16366,0.16485,0.16084,0.16118
1729684800000,0.16118,0.16251,0.15876,0.1605
1729699200000,0.1605,0.16064,0.15628,0.15992
1729713600000,0.15992,0.1612,0.15954,0.16094
1729728000000,0.16094,0.16407,0.16,0.16313
1729742400000,0.16313,0.16467,0.16175,0.16195
1729756800000,0.16195,0.16279,0.15925,0.16259
1729771200000,0.16259,0.16367,0.16168,0.16271
1729785600000,0.16271,0.16399,0.16195,0.16365
1729800000000,0.16365,0.16512,0.16273,0.16377
1729814400000,0.16377,0.16454,0.16148,0.16194
1729828800000,0.16194,0.16216,0.15832,0.15966
1729843200000,0.15966,0.16268,0.15856,0.16241
1729857600000,0.16241,0.16415,0.16045,0.16128
1729872000000,0.16128,0.16249,0.15576,0.15868
1729886400000,0.15868,0.16061,0.14491,0.15182
1729900800000,0.15182,0.15381,0.1496,0.15344
1729915200000,0.15344,0.15402,0.15272,0.15304
1729929600000,0.15304,0.15415,0.15219,0.15286
1729944000000,0.15286,0.15289,0.14783,0.14888
1729958400000,0.14888,0.15153,0.14835,0.15128
1729972800000,0.15128,0.15312,0.15099,0.15187
1729987200000,0.15187,0.15223,0.15032,0.15216
1730001600000,0.15216,0.15252,0.15121,0.15134
1730016000000,0.15134,0.15248,0.15041,0.15177
1730030400000,0.15177,0.15473,0.15175,0.15443
1730044800000,0.15443,0.15534,0.15348,0.1541
1730059200000,0.1541,0.15659,0.15379,0.15517
1730073600000,0.15517,0.15553,0.1504,0.1508
1730088000000,0.1508,0.15486,0.14939,0.15389
1730102400000,0.15389,0.15488,0.15262,0.15321
1730116800000,0.15321,0.15372,0.14925,0.14929
1730131200000,0.14929,0.15265,0.14783,0.1516
1730145600000,0.1516,0.15736,0.15139,0.15618
1730160000000,0.15618,0.15952,0.15508,0.15895
1730174400000,0.15895,0.15946,0.15661,0.15716
1730188800000,0.15716,0.16081,0.15716,0.15966
1730203200000,0.15966,0.16029,0.15701,0.15876
1730217600000,0.15876,0.16139,0.15785,0.15822
1730232000000,0.15822,0.16069,0.15659,0.16051
1730246400000,0.16051,0.16063,0.15793,0.15995
1730260800000,0.15995,0.16114,0.15858,0.15881
1730275200000,0.15881,0.15975,0.15621,0.15635
1730289600000,0.15635,0.16009,0.15552,0.15711
1730304000000,0.15711,0.15849,0.15642,0.15714
1730318400000,0.15714,0.1593,0.15618,0.1571
1730332800000,0.1571,0.15759,0.15434,0.15506
1730347200000,0.15506,0.1551,0.15262,0.15378
1730361600000,0.15378,0.15421,0.15206,0.15297
1730376000000,0.15297,0.15311,0.14878,0.14939
1730390400000,0.14939,0.14979,0.1462,0.14626
1730404800000,0.14626,0.148,0.14569,0.14713
1730419200000,0.14713,0.14761,0.14337,0.14614
1730433600000,0.14614,0.14732,0.14348,0.14442
1730448000000,0.14442,0.1485,0.14423,0.14812
1730462400000,0.14812,0.1526,0.14497,0.14651
1730476800000,0.14651,0.14979,0.14619,0.14718
1730491200000,0.14718,0.14792,0.14301,0.14512
1730505600000,0.14512,0.14681,0.14501,0.14517
1730520000000,0.14517,0.14622,0.14424,0.14608
1730534400000,0.14608,0.14632,0.14417,0.14455
1730548800000,0.14455,0.14479,0.1413,0.14284
1730563200000,0.14284,0.14404,0.14141,0.14267
1730577600000,0.14267,0.14373,0.14181,0.14308
1730592000000,0.14308,0.14403,0.13755,0.13944
1730606400000,0.13944,0.14188,0.1394,0.14024
1730620800000,0.14024,0.14024,0.13653,0.13674
1730635200000,0.13674,0.13752,0.13164,0.1348
1730649600000,0.1348,0.13615,0.13153,0.13499
1730664000000,0.13499,0.13772,0.13438,0.13637
1730678400000,0.13637,0.13967,0.13445,0.13765
1730692800000,0.13765,0.13846,0.13492,0.13514
1730707200000,0.13514,0.1371,0.1346,0.1362
1730721600000,0.1362,0.13735,0.13338,0.13385
1730736000000,0.13385,0.13385,0.1311,0.1318
1730750400000,0.1318,0.13225,0.12836,0.13085
1730764800000,0.13085,0.13293,0.13051,0.13283
1730779200000,0.13283,0.13497,0.1328,0.13486
1730793600000,0.13486,0.13597,0.13405,0.13575
1730808000000,0.13575,0.14128,0.1349,0.13791
1730822400000,0.13791,0.14076,0.13654,0.13719
1730836800000,0.13719,0.13965,0.13667,0.13859
1730851200000,0.13859,0.14972,0.13859,0.14846
1730865600000,0.14846,0.15127,0.14714,0.14888
1730880000000,0.14888,0.15054,0.14543,0.14995
1730894400000,0.14995,0.15075,0.14763,0.14941
1730908800000,0.14941,0.15137,0.14896,0.1512
1730923200000,0.1512,0.15488,0.15075,0.15403
1730937600000,0.15403,0.159,0.15273,0.15748
1730952000000,0.15748,0.15773,0.15312,0.1543
1730966400000,0.1543,0.15578,0.15253,0.15267
1730980800000,0.15267,0.15695,0.15161,0.15694
1730995200000,0.15694,0.15788,0.15514,0.15707
1731009600000,0.15707,0.16016,0.15521,0.15693
1731024000000,0.15693,0.15999,0.15415,0.15535
1731038400000,0.15535,0.15686,0.15385,0.15561
1731052800000,0.15561,0.15616,0.153,0.15487
1731067200000,0.15487,0.15783,0.15441,0.1562
1731081600000,0.1562,0.158,0.15223,0.1572
1731096000000,0.1572,0.1638,0.15482,0.16341
1731110400000,0.16341,0.16394,0.15791,0.15807
1731124800000,0.15807,0.16637,0.15807,0.16576
1731139200000,0.16576,0.17108,0.16486,0.16924
1731153600000,0.16924,0.1695,0.1637,0.16566
1731168000000,0.16566,0.16621,0.16221,0.16492
1731182400000,0.16492,0.17298,0.16426,0.17134
1731196800000,0.17134,0.17365,0.17,0.1729
1731211200000,0.1729,0.17704,0.17229,0.17681
1731225600000,0.17681,0.17991,0.17615,0.17896
1731240000000,0.17896,0.18437,0.17521,0.18326
1731254400000,0.18326,0.18538,0.172,0.17832
1731268800000,0.17832,0.17942,0.16806,0.17852
1731283200000,0.17852,0.18975,0.17767,0.18662
1731297600000,0.18662,0.18934,0.17586,0.18172
1731312000000,0.18172,0.18684,0.18087,0.18612
1731326400000,0.18612,0.18639,0.17974,0.18414
1731340800000,0.18414,0.19037,0.18324,0.18684
1731355200000,0.18684,0.20047,0.18534,0.19992
1731369600000,0.19992,0.20777,0.19034,0.20674
1731384000000,0.20674,0.2082,0.19867,0.20473
1731398400000,0.20473,0.211,0.18493,0.19422
1731412800000,0.19422,0.19535,0.18541,0.18676
1731427200000,0.18676,0.19189,0.18222,0.18966
1731441600000,0.18966,0.19546,0.18728,0.19122
1731456000000,0.19122,0.19504,0.18169,0.18202
1731470400000,0.18202,0.18436,0.17328,0.17736
1731484800000,0.17736,0.17961,0.17397,0.17794
1731499200000,0.17794,0.19063,0.176,0.19058
1731513600000,0.19058,0.19306,0.17813,0.17849
1731528000000,0.17849,0.18105,0.17472,0.18072
1731542400000,0.18072,0.18137,0.17593,0.17956
1731556800000,0.17956,0.18811,0.17873,0.18459
1731571200000,0.18459,0.18615,0.17621,0.17892
1731585600000,0.17892,0.17986,0.17064,0.17228
1731600000000,0.17228,0.17836,0.17084,0.17596
1731614400000,0.17596,0.17764,0.16985,0.1722
1731628800000,0.1722,0.17468,0.16915,0.17242
1731643200000,0.17242,0.17315,0.1667,0.17074
1731657600000,0.17074,0.17704,0.16874,0.17703
1731672000000,0.17703,0.1785,0.16957,0.17103
1731686400000,0.17103,0.17899,0.16986,0.17757
1731700800000,0.17757,0.18513,0.17751,0.18465
1731715200000,0.18465,0.19615,0.18426,0.19527
1731729600000,0.19527,0.19565,0.18907,0.19387
1731744000000,0.19387,0.20612,0.19387,0.20177
1731758400000,0.20177,0.2057,0.1968,0.19942
1731772800000,0.19942,0.21014,0.19731,0.20835
1731787200000,0.20835,0.21012,0.20454,0.20958
1731801600000,0.20958,0.2096,0.19317,0.20075
1731816000000,0.20075,0.20381,0.1988,0.20129
1731830400000,0.20129,0.2042,0.19755,0.19762
1731844800000,0.19762,0.202,0.19754,0.19845
1731859200000,0.19845,0.1996,0.19171,0.1938
1731873600000,0.1938,0.19478,0.18808,0.1924
1731888000000,0.1924,0.20267,0.19014,0.20228
1731902400000,0.20228,0.20449,0.19728,0.20433
1731916800000,0.20433,0.20936,0.20101,0.2028
1731931200000,0.2028,0.21833,0.20173,0.21705
1731945600000,0.21705,0.22335,0.20854,0.21312
1731960000000,0.21312,0.22021,0.21195,0.21874
1731974400000,0.21874,0.22278,0.2143,0.21496
1731988800000,0.21496,0.21577,0.21225,0.21333
1732003200000,0.21333,0.22816,0.20892,0.22435
1732017600000,0.22435,0.24564,0.22285,0.23659
1732032000000,0.23659,0.24776,0.23413,0.23728
1732046400000,0.23728,0.24045,0.22662,0.2335
1732060800000,0.2335,0.23379,0.21804,0.22322
1732075200000,0.22322,0.22331,0.21903,0.22251
1732089600000,0.22251,0.23624,0.2222,0.22835
1732104000000,0.22835,0.24079,0.22479,0.2354
1732118400000,0.2354,0.23963,0.22049,0.22252
1732132800000,0.22252,0.22842,0.21966,0.22087
1732147200000,0.22087,0.22385,0.21087,0.21437
1732161600000,0.21437,0.22211,0.21306,0.21704
1732176000000,0.21704,0.21768,0.20987,0.21416
1732190400000,0.21416,0.2281,0.2119,0.21636
1732204800000,0.21636,0.22603,0.21597,0.21944
1732219200000,0.21944,0.22216,0.21829,0.22196
1732233600000,0.22196,0.22288,0.21505,0.22146
1732248000000,0.22146,0.22512,0.21844,0.21887
1732262400000,0.21887,0.22261,0.21541,0.21984
1732276800000,0.21984,0.22277,0.21095,0.21739
1732291200000,0.21739,0.22535,0.21408,0.22156
1732305600000,0.22156,0.24061,0.2209,0.23773
1732320000000,0.23773,0.24675,0.23388,0.23939
1732334400000,0.23939,0.24758,0.23618,0.24665
1732348800000,0.24665,0.25806,0.24506,0.2518
1732363200000,0.2518,0.2558,0.24396,0.25304
1732377600000,0.25304,0.2553,0.2379,0.2405
1732392000000,0.2405,0.24316,0.23186,0.23964
1732406400000,0.23964,0.25773,0.23776,0.25669
1732420800000,0.25669,0.26396,0.2501,0.26277
1732435200000,0.26277,0.26463,0.24141,0.24145
1732449600000,0.24145,0.24532,0.22893,0.22917
1732464000000,0.22917,0.23976,0.22793,0.23699
1732478400000,0.23699,0.26185,0.2359,0.2602
1732492800000,0.2602,0.27037,0.2524,0.25618
1732507200000,0.25618,0.25999,0.25252,0.25549
1732521600000,0.25549,0.26754,0.254,0.25933
1732536000000,0.25933,0.26354,0.2437,0.25594
1732550400000,0.25594,0.25752,0.24536,0.25026
1732564800000,0.25026,0.25454,0.2397,0.24413
1732579200000,0.24413,0.25273,0.24179,0.24962
1732593600000,0.24962,0.25624,0.24358,0.24559
1732608000000,0.24559,0.24574,0.22846,0.23433
1732622400000,0.23433,0.23959,0.22959,0.23326
1732636800000,0.23326,0.24102,0.23025,0.23414
1732651200000,0.23414,0.2434,0.23307,0.24259
1732665600000,0.24259,0.24417,0.236,0.24011
1732680000000,0.24011,0.24667,0.2383,0.24551
1732694400000,0.24551,0.24952,0.24045,0.24548
1732708800000,0.24548,0.2538,0.24166,0.25182
1732723200000,0.25182,0.26045,0.25087,0.2578
1732737600000,0.2578,0.26172,0.25439,0.25705
1732752000000,0.25705,0.25917,0.24943,0.25177
1732766400000,0.25177,0.25805,0.25055,0.25138
1732780800000,0.25138,0.25341,0.24722,0.25072
1732795200000,0.25072,0.25499,0.24652,0.24724
1732809600000,0.24724,0.27311,0.24724,0.27147
1732824000000,0.27147,0.2802,0.26489,0.27482
1732838400000,0.27482,0.27516,0.26598,0.26607
1732852800000,0.26607,0.26836,0.26159,0.26168
1732867200000,0.26168,0.26961,0.26168,0.26929
1732881600000,0.26929,0.27667,0.26852,0.2722
1732896000000,0.2722,0.27859,0.27165,0.27814
1732910400000,0.27814,0.29393,0.2775,0.28721
1732924800000,0.28721,0.28862,0.27877,0.28003
1732939200000,0.28003,0.28548,0.27965,0.28332
1732953600000,0.28332,0.2899,0.27763,0.2826
1732968000000,0.2826,0.29469,0.28135,0.2932
1732982400000,0.2932,0.29584,0.29025,0.29434
1732996800000,0.29434,0.2965,0.28656,0.28989
1733011200000,0.28989,0.29027,0.27744,0.28338
1733025600000,0.28338,0.29298,0.28206,0.28673
1733040000000,0.28673,0.29562,0.28523,0.2924
1733054400000,0.2924,0.29514,0.28895,0.2915
1733068800000,0.2915,0.29215,0.28457,0.2877
1733083200000,0.2877,0.2917,0.28285,0.28895
1733097600000,0.28895,0.29321,0.28062,0.28167
1733112000000,0.28167,0.29724,0.27717,0.28957
1733126400000,0.28957,0.29072,0.27013,0.27205
1733140800000,0.27205,0.28812,0.27122,0.28597
1733155200000,0.28597,0.28623,0.27132,0.2805
1733169600000,0.2805,0.30073,0.27966,0.29867
1733184000000,0.29867,0.30896,0.2963,0.30663
1733198400000,0.30663,0.31625,0.29855,0.30346
1733212800000,0.30346,0.31348,0.30179,0.30566
1733227200000,0.30566,0.30771,0.27492,0.2909
1733241600000,0.2909,0.29713,0.28301,0.294
1733256000000,0.294,0.32866,0.29355,0.31879
1733270400000,0.31879,0.32321,0.30864,0.31948
1733284800000,0.31948,0.3245,0.31755,0.31977
1733299200000,0.31977,0.33088,0.31882,0.3287
1733313600000,0.3287,0.33559,0.32024,0.32996
1733328000000,0.32996,0.33177,0.3122,0.32956
1733342400000,0.32956,0.33439,0.31784,0.32274
1733356800000,0.32274,0.32962,0.30626,0.32074
1733371200000,0.32074,0.3279,0.31731,0.32709
1733385600000,0.32709,0.32835,0.32184,0.32779
1733400000000,0.32779,0.3337,0.32517,0.3331
1733414400000,0.3331,0.34895,0.33217,0.33658
1733428800000,0.33658,0.34391,0.32278,0.32705
1733443200000,0.32705,0.34723,0.32224,0.33724
1733457600000,0.33724,0.3455,0.3364,0.34034
1733472000000,0.34034,0.34363,0.32703,0.33261
1733486400000,0.33261,0.33828,0.3194,0.33213
1733500800000,0.33213,0.347,0.32936,0.34062
1733515200000,0.34062,0.34656,0.33573,0.33722
1733529600000,0.33722,0.34136,0.32968,0.33054
1733544000000,0.33054,0.33411,0.32739,0.3288
1733558400000,0.3288,0.33448,0.32652,0.33326
1733572800000,0.33326,0.33483,0.3284,0.33046
1733587200000,0.33046,0.33116,0.3234,0.32584
1733601600000,0.32584,0.32946,0.32432,0.32641
1733616000000,0.32641,0.32866,0.32326,0.32391
1733630400000,0.32391,0.32584,0.31684,0.32468
1733644800000,0.32468,0.32528,0.31547,0.32084
1733659200000,0.32084,0.32378,0.31666,0.32126
1733673600000,0.32126,0.32279,0.3167,0.3206
1733688000000,0.3206,0.32448,0.31403,0.32346
1733702400000,0.32346,0.32413,0.30343,0.30697
1733716800000,0.30697,0.31065,0.29773,0.30197
1733731200000,0.30197,0.30202,0.28614,0.28737
1733745600000,0.28737,0.30145,0.28445,0.29231
1733760000000,0.29231,0.29424,0.28784,0.28804
1733774400000,0.28804,0.28872,0.22418,0.26548
1733788800000,0.26548,0.27288,0.2494,0.25967
1733803200000,0.25967,0.26986,0.25357,0.26821
1733817600000,0.26821,0.2749,0.26339,0.26974
1733832000000,0.26974,0.27052,0.24775,0.24812
1733846400000,0.24812,0.25478,0.23872,0.25444
1733860800000,0.25444,0.2669,0.25175,0.26258
1733875200000,0.26258,0.26402,0.24985,0.25937
1733889600000,0.25937,0.2614,0.25347,0.25376
1733904000000,0.25376,0.26971,0.25362,0.26725
1733918400000,0.26725,0.28715,0.26709,0.28563
1733932800000,0.28563,0.28797,0.27727,0.28264
1733947200000,0.28264,0.2848,0.27943,0.2819
1733961600000,0.2819,0.29698,0.28095,0.2932
1733976000000,0.2932,0.30011,0.29164,0.29386
1733990400000,0.29386,0.29924,0.28501,0.28752
1734004800000,0.28752,0.29781,0.28752,0.29122
1734019200000,0.29122,0.29562,0.28218,0.28312
1734033600000,0.28312,0.28821,0.28134,0.28523
1734048000000,0.28523,0.29008,0.27745,0.28459
1734062400000,0.28459,0.28567,0.27468,0.27851
1734076800000,0.27851,0.28461,0.27652,0.28046
1734091200000,0.28046,0.28749,0.2772,0.27815
1734105600000,0.27815,0.28464,0.27746,0.28268
1734120000000,0.28268,0.2871,0.27991,0.28629
1734134400000,0.28629,0.29024,0.28327,0.28399
1734148800000,0.28399,0.28724,0.2822,0.28286
1734163200000,0.28286,0.28596,0.27783,0.27846
1734177600000,0.27846,0.27903,0.26835,0.27205
1734192000000,0.27205,0.27318,0.26572,0.26914
1734206400000,0.26914,0.2744,0.26634,0.27238
1734220800000,0.27238,0.2754,0.26884,0.2701
1734235200000,0.2701,0.27536,0.26518,0.26754
1734249600000,0.26754,0.27459,0.26731,0.27283
1734264000000,0.27283,0.28877,0.27212,0.28454
1734278400000,0.28454,0.28603,0.27876,0.28133
1734292800000,0.28133,0.28848,0.2722,0.28707
1734307200000,0.28707,0.29282,0.27932,0.28103
1734321600000,0.28103,0.28411,0.2781,0.28133
1734336000000,0.28133,0.28218,0.26838,0.26921
1734350400000,0.26921,0.27762,0.26759,0.27535
1734364800000,0.27535,0.285,0.27535,0.28061
1734379200000,0.28061,0.2833,0.27425,0.27513
1734393600000,0.27513,0.27593,0.27043,0.27443
1734408000000,0.27443,0.2745,0.26778,0.26868
1734422400000,0.26868,0.2774,0.26857,0.27487
1734436800000,0.27487,0.27737,0.26333,0.26566
1734451200000,0.26566,0.27063,0.26239,0.26647
1734465600000,0.26647,0.26842,0.25773,0.25991
1734480000000,0.25991,0.26073,0.25419,0.25438
1734494400000,0.25438,0.25496,0.24969,0.25184
1734508800000,0.25184,0.25589,0.24924,0.2552
1734523200000,0.2552,0.25574,0.24616,0.24878
1734537600000,0.24878,0.25654,0.24553,0.24558
1734552000000,0.24558,0.24791,0.22831,0.23357
1734566400000,0.23357,0.23542,0.21846,0.23477
1734580800000,0.23477,0.2356,0.23113,0.23425
1734595200000,0.23425,0.23772,0.23026,0.23407
1734609600000,0.23407,0.23436,0.22134,0.22505
1734624000000,0.22505,0.22756,0.20531,0.21003
1734638400000,0.21003,0.21855,0.20307,0.21044
1734652800000,0.21044,0.21998,0.20662,0.21467
1734667200000,0.21467,0.21597,0.20517,0.2103
1734681600000,0.2103,0.21064,0.18371,0.18375
1734696000000,0.18375,0.20971,0.18375,0.20795
1734710400000,0.20795,0.22024,0.20615,0.21812
1734724800000,0.21812,0.21964,0.21172,0.21779
1734739200000,0.21779,0.22111,0.21563,0.21707
1734753600000,0.21707,0.23281,0.2168,0.22988
1734768000000,0.22988,0.2305,0.22044,0.22251
1734782400000,0.22251,0.22267,0.20706,0.21162
1734796800000,0.21162,0.21181,0.20218,0.2051
1734811200000,0.2051,0.20818,0.20182,0.20475
1734825600000,0.20475,0.2077,0.20111,0.20609
1734840000000,0.20609,0.20651,0.19947,0.20565
1734854400000,0.20565,0.21333,0.20551,0.21098
1734868800000,0.21098,0.21421,0.2041,0.20614
1734883200000,0.20614,0.21001,0.20119,0.20189
1734897600000,0.20189,0.20882,0.19969,0.20546
1734912000000,0.20546,0.214,0.1997,0.21349
1734926400000,0.21349,0.21406,0.20362,0.2067
1734940800000,0.2067,0.21208,0.20624,0.20885
1734955200000,0.20885,0.21151,0.20241,0.20272
1734969600000,0.20272,0.211,0.20243,0.20906
1734984000000,0.20906,0.22875,0.20886,0.22331
1734998400000,0.22331,0.22361,0.21602,0.2197
1735012800000,0.2197,0.22173,0.21667,0.21906
1735027200000,0.21906,0.22475,0.21822,0.22451
1735041600000,0.22451,0.2341,0.22123,0.23298
1735056000000,0.23298,0.23429,0.22586,0.22597
1735070400000,0.22597,0.23054,0.22326,0.22967
1735084800000,0.22967,0.23001,0.22548,0.22752
1735099200000,0.22752,0.22869,0.22497,0.22537
1735113600000,0.22537,0.23089,0.22273,0.22315
1735128000000,0.22315,0.22561,0.22136,0.22219
1735142400000,0.22219,0.22465,0.21933,0.22408
1735156800000,0.22408,0.22524,0.21964,0.22312
1735171200000,0.22312,0.22569,0.21722,0.21818
1735185600000,0.21818,0.21818,0.21283,0.21397
1735200000000,0.21397,0.21432,0.20789,0.21112
1735214400000,0.21112,0.21124,0.20713,0.20796
1735228800000,0.20796,0.2104,0.20518,0.2089
1735243200000,0.2089,0.20925,0.20538,0.2076
1735257600000,0.2076,0.21184,0.20579,0.21045
1735272000000,0.21045,0.21195,0.2046,0.20688
1735286400000,0.20688,0.21829,0.20676,0.21594
1735300800000,0.21594,0.2168,0.20543,0.2068
1735315200000,0.2068,0.2119,0.20449,0.21075
1735329600000,0.21075,0.21107,0.20535,0.20713
1735344000000,0.20713,0.20878,0.20563,0.20815
1735358400000,0.20815,0.20848,0.20495,0.20517
1735372800000,0.20517,0.20767,0.20448,0.20651
1735387200000,0.20651,0.21461,0.20427,0.20954
1735401600000,0.20954,0.21556,0.20859,0.21341
1735416000000,0.21341,0.21747,0.212,0.2157
1735430400000,0.2157,0.21842,0.2123,0.21841
1735444800000,0.21841,0.2191,0.21368,0.21727
1735459200000,0.21727,0.21766,0.21247,0.21247
1735473600000,0.21247,0.2154,0.20977,0.21113
1735488000000,0.21113,0.21115,0.2062,0.20714
1735502400000,0.20714,0.20807,0.20352,0.20665
1735516800000,0.20665,0.21571,0.20542,0.21142
1735531200000,0.21142,0.21368,0.2091,0.21025
1735545600000,0.21025,0.2123,0.20626,0.20862
1735560000000,0.20862,0.21052,0.19872,0.20023
1735574400000,0.20023,0.20927,0.19813,0.20908
1735588800000,0.20908,0.21171,0.2016,0.20372
1735603200000,0.20372,0.20375,0.19824,0.19863
1735617600000,0.19863,0.2002,0.19761,0.19987
1735632000000,0.19987,0.20634,0.19964,0.20433
1735646400000,0.20433,0.21072,0.2033,0.20807
1735660800000,0.20807,0.20886,0.20159,0.20294
1735675200000,0.20294,0.20363,0.19854,0.19955
1735689600000,0.19955,0.20395,0.19914,0.19988
1735704000000,0.19988,0.19998,0.19812,0.19916
1735718400000,0.19916,0.20034,0.19545,0.19891
1735732800000,0.19891,0.20356,0.19851,0.20354
1735747200000,0.20354,0.2099,0.20116,0.20882
1735761600000,0.20882,0.21108,0.20824,0.20842
1735776000000,0.20842,0.21406,0.20818,0.21351
1735790400000,0.21351,0.217,0.21312,0.21581
1735804800000,0.21581,0.22415,0.21509,0.22274
1735819200000,0.22274,0.22634,0.21912,0.22128
1735833600000,0.22128,0.2236,0.21864,0.22089
1735848000000,0.22089,0.22255,0.21751,0.21965
1735862400000,0.21965,0.22213,0.21683,0.22116
1735876800000,0.22116,0.22119,0.21588,0.21621
1735891200000,0.21621,0.22888,0.21574,0.22816
1735905600000,0.22816,0.24082,0.22772,0.23978
1735920000000,0.23978,0.24395,0.23838,0.24215
1735934400000,0.24215,0.24239,0.23944,0.24168
1735948800000,0.24168,0.24416,0.23768,0.24338
1735963200000,0.24338,0.24438,0.2395,0.24324
1735977600000,0.24324,0.2437,0.23685,0.24044
1735992000000,0.24044,0.2463,0.23768,0.23917
1736006400000,0.23917,0.24229,0.23853,0.24126
1736020800000,0.24126,0.24259,0.23982,0.24032
1736035200000,0.24032,0.24095,0.23776,0.23883
1736049600000,0.23883,0.24194,0.23867,0.24029
1736064000000,0.24029,0.24067,0.23428,0.23633
1736078400000,0.23633,0.23849,0.23164,0.23721
1736092800000,0.23721,0.24147,0.23616,0.2409
1736107200000,0.2409,0.24623,0.23905,0.24284
1736121600000,0.24284,0.24646,0.23659,0.24401
1736136000000,0.24401,0.24683,0.24071,0.24278
1736150400000,0.24278,0.24377,0.2387,0.24252
1736164800000,0.24252,0.25141,0.23928,0.25092
1736179200000,0.25092,0.25535,0.24548,0.24797
1736193600000,0.24797,0.25003,0.2441,0.2479
1736208000000,0.2479,0.24915,0.24228,0.24608
1736222400000,0.24608,0.24718,0.2423,0.24463
1736236800000,0.24463,0.24803,0.23905,0.24075
1736251200000,0.24075,0.24646,0.22778,0.23134
1736265600000,0.23134,0.233,0.22221,0.22308
1736280000000,0.22308,0.22621,0.22038,0.22045
1736294400000,0.22045,0.22297,0.21464,0.21628
1736308800000,0.21628,0.21671,0.20734,0.212
1736323200000,0.212,0.21555,0.20866,0.21019
1736337600000,0.21019,0.21363,0.20797,0.21093
1736352000000,0.21093,0.21169,0.19752,0.20631
1736366400000,0.20631,0.21242,0.20462,0.21138
1736380800000,0.21138,0.21334,0.20764,0.21039
1736395200000,0.21039,0.2115,0.20327,0.20397
1736409600000,0.20397,0.20873,0.20387,0.20635
1736424000000,0.20635,0.21004,0.19834,0.20871
1736438400000,0.20871,0.21,0.20059,0.20101
1736452800000,0.20101,0.2048,0.19839,0.20313
1736467200000,0.20313,0.20646,0.20145,0.20576
1736481600000,0.20576,0.21131,0.20404,0.20841
1736496000000,0.20841,0.20879,0.20412,0.20699
1736510400000,0.20699,0.20743,0.19768,0.20263
1736524800000,0.20263,0.20836,0.19975,0.20741
1736539200000,0.20741,0.20746,0.20409,0.20561
1736553600000,0.20561,0.20665,0.20139,0.20194
1736568000000,0.20194,0.2042,0.20092,0.20224
1736582400000,0.20224,0.20515,0.20055,0.20455
1736596800000,0.20455,0.20487,0.20179,0.20252
1736611200000,0.20252,0.20406,0.20096,0.20183
1736625600000,0.20183,0.21007,0.20158,0.2057
1736640000000,0.2057,0.20665,0.20427,0.2057
1736654400000,0.2057,0.20637,0.20179,0.20329
1736668800000,0.20329,0.20351,0.20005,0.2023
1736683200000,0.2023,0.20544,0.20168,0.20465
1736697600000,0.20465,0.20539,0.2023,0.20276
1736712000000,0.20276,0.20319,0.19841,0.20144
1736726400000,0.20144,0.20591,0.19514,0.19588
1736740800000,0.19588,0.19926,0.19138,0.19311
1736755200000,0.19311,0.19354,0.18143,0.18151
1736769600000,0.18151,0.19323,0.18038,0.1903
1736784000000,0.1903,0.19096,0.18227,0.18637
1736798400000,0.18637,0.19542,0.18473,0.19289
1736812800000,0.19289,0.19621,0.19201,0.1948
1736827200000,0.1948,0.19898,0.1948,0.19529
1736841600000,0.19529,0.20209,0.19529,0.19939
1736856000000,0.19939,0.20239,0.19668,0.19957
1736870400000,0.19957,0.20362,0.19748,0.20189
1736884800000,0.20189,0.20462,0.20054,0.2038
1736899200000,0.2038,0.20528,0.20033,0.20228
1736913600000,0.20228,0.2049,0.20085,0.2036
1736928000000,0.2036,0.20521,0.19628,0.1981
1736942400000,0.1981,0.21568,0.19644,0.21399
1736956800000,0.21399,0.21658,0.21024,0.21396
1736971200000,0.21396,0.2161,0.21172,0.21608
1736985600000,0.21608,0.21679,0.21096,0.21263
1737000000000,0.21263,0.21375,0.21094,0.21275
1737014400000,0.21275,0.21323,0.2069,0.21278
1737028800000,0.21278,0.21836,0.20784,0.21401
1737043200000,0.21401,0.219,0.21375,0.21794
1737057600000,0.21794,0.21876,0.21067,0.21247
1737072000000,0.21247,0.22238,0.21238,0.21901
1737086400000,0.21901,0.2301,0.2178,0.22868
1737100800000,0.22868,0.23287,0.22595,0.23151
1737115200000,0.23151,0.23562,0.22933,0.23446
1737129600000,0.23446,0.23665,0.23092,0.2332
1737144000000,0.2332,0.23783,0.23248,0.23493
1737158400000,0.23493,0.23861,0.22809,0.22895
1737172800000,0.22895,0.23002,0.2191,0.21939
1737187200000,0.21939,0.22371,0.21649,0.22301
1737201600000,0.22301,0.22555,0.21962,0.21967
1737216000000,0.21967,0.22098,0.21442,0.21738
1737230400000,0.21738,0.21948,0.21309,0.21844
1737244800000,0.21844,0.22531,0.21754,0.21997
1737259200000,0.21997,0.21997,0.21038,0.21055
1737273600000,0.21055,0.21055,0.19928,0.2008
1737288000000,0.2008,0.21783,0.20025,0.21411
1737302400000,0.21411,0.21754,0.20971,0.21676
1737316800000,0.21676,0.21828,0.19333,0.19721
1737331200000,0.19721,0.19964,0.1897,0.19851
1737345600000,0.19851,0.21922,0.19605,0.21242
1737360000000,0.21242,0.21597,0.20752,0.21176
1737374400000,0.21176,0.2124,0.20268,0.20711
1737388800000,0.20711,0.21111,0.1958,0.20665
1737403200000,0.20665,0.20777,0.19929,0.20213
1737417600000,0.20213,0.20269,0.1938,0.19634
1737432000000,0.19634,0.19858,0.19239,0.19724
1737446400000,0.19724,0.2045,0.19537,0.20381
1737460800000,0.20381,0.20688,0.20087,0.20323
1737475200000,0.20323,0.21316,0.20247,0.20947
1737489600000,0.20947,0.21235,0.2063,0.20969
1737504000000,0.20969,0.21172,0.20559,0.20621
1737518400000,0.20621,0.20687,0.20132,0.20132
1737532800000,0.20132,0.2035,0.19915,0.20265
1737547200000,0.20265,0.20331,0.19843,0.20024
1737561600000,0.20024,0.20068,0.19617,0.19774
1737576000000,0.19774,0.19901,0.19369,0.19501
1737590400000,0.19501,0.19513,0.19002,0.19079
1737604800000,0.19079,0.19105,0.18788,0.19048
1737619200000,0.19048,0.19052,0.18664,0.18721
1737633600000,0.18721,0.1936,0.18404,0.18916
1737648000000,0.18916,0.19362,0.18409,0.18482
1737662400000,0.18482,0.191,0.18341,0.1892
1737676800000,0.1892,0.18987,0.18291,0.18551
1737691200000,0.18551,0.19404,0.18508,0.19123
1737705600000,0.19123,0.19477,0.19057,0.19412
1737720000000,0.19412,0.19544,0.19017,0.19205
1737734400000,0.19205,0.19376,0.1867,0.18754
1737748800000,0.18754,0.18805,0.18211,0.18302
1737763200000,0.18302,0.18591,0.1795,0.18558
1737777600000,0.18558,0.18558,0.18163,0.18193
1737792000000,0.18193,0.18311,0.18039,0.18223
1737806400000,0.18223,0.18607,0.18105,0.18525
1737820800000,0.18525,0.18647,0.18326,0.18443
1737835200000,0.18443,0.18552,0.18178,0.18206
1737849600000,0.18206,0.18744,0.18139,0.18693
1737864000000,0.18693,0.19009,0.18505,0.18993
1737878400000,0.18993,0.19195,0.18598,0.18867
1737892800000,0.18867,0.18967,0.18677,0.18919
1737907200000,0.18919,0.19141,0.18734,0.19121
1737921600000,0.19121,0.19176,0.18038,0.18067
1737936000000,0.18067,0.18168,0.17353,0.1755
1737950400000,0.1755,0.17558,0.1631,0.16777
1737964800000,0.16777,0.17028,0.16466,0.16683
1737979200000,0.16683,0.17732,0.16577,0.17522
1737993600000,0.17522,0.17524,0.16855,0.17095
1738008000000,0.17095,0.18018,0.1709,0.17729
1738022400000,0.17729,0.17929,0.17439,0.17676
1738036800000,0.17676,0.17847,0.17243,0.17321
1738051200000,0.17321,0.17398,0.17154,0.17257
1738065600000,0.17257,0.17577,0.17009,0.1734
1738080000000,0.1734,0.17356,0.1685,0.16993
1738094400000,0.16993,0.17065,0.16321,0.16455
1738108800000,0.16455,0.17056,0.16401,0.16894
1738123200000,0.16894,0.17152,0.16839,0.17142
1738137600000,0.17142,0.17207,0.16747,0.1698
1738152000000,0.1698,0.17025,0.16512,0.16753
1738166400000,0.16753,0.1734,0.16396,0.17129
1738180800000,0.17129,0.17671,0.16885,0.16924
1738195200000,0.16924,0.1748,0.1677,0.17448
1738209600000,0.17448,0.17684,0.17383,0.17575
1738224000000,0.17575,0.17937,0.17461,0.17903
1738238400000,0.17903,0.18193,0.17635,0.17987
1738252800000,0.17987,0.18567,0.1798,0.18567
1738267200000,0.18567,0.18599,0.18109,0.18161
1738281600000,0.18161,0.18475,0.17852,0.17999
1738296000000,0.17999,0.18616,0.178,0.18289
1738310400000,0.18289,0.1871,0.17974,0.18683
1738324800000,0.18683,0.19041,0.18531,0.19031
1738339200000,0.19031,0.19127,0.18167,0.18261
1738353600000,0.18261,0.18261,0.17873,0.18016
1738368000000,0.18016,0.18443,0.17932,0.18172
1738382400000,0.18172,0.18305,0.18005,0.18031
1738396800000,0.18031,0.18077,0.17479,0.17725
1738411200000,0.17725,0.17875,0.17348,0.17606
1738425600000,0.17606,0.17686,0.16997,0.17048
1738440000000,0.17048,0.17156,0.16426,0.166
1738454400000,0.166,0.16983,0.16121,0.16131
1738468800000,0.16131,0.16572,0.16067,0.16309
1738483200000,0.16309,0.16547,0.15863,0.15917
1738497600000,0.15917,0.16115,0.15718,0.15937
1738512000000,0.15937,0.15943,0.14344,0.14932
1738526400000,0.14932,0.15085,0.13687,0.14425
1738540800000,0.14425,0.1443,0.10342,0.12244
1738555200000,0.12244,0.13478,0.11909,0.13342
1738569600000,0.13342,0.13504,0.12937,0.13317
1738584000000,0.13317,0.14073,0.12785,0.13979
1738598400000,0.13979,0.14646,0.13858,0.14613
1738612800000,0.14613,0.15055,0.14188,0.14867
1738627200000,0.14867,0.15021,0.14159,0.14292
1738641600000,0.14292,0.1449,0.13242,0.13302
1738656000000,0.13302,0.13999,0.13212,0.13821
1738670400000,0.13821,0.14407,0.13783,0.14032
1738684800000,0.14032,0.14521,0.13903,0.13905
1738699200000,0.13905,0.14122,0.13376,0.13941
1738713600000,0.13941,0.14069,0.13677,0.13842
1738728000000,0.13842,0.13948,0.1358,0.13776
1738742400000,0.13776,0.14031,0.13677,0.14016
1738756800000,0.14016,0.14156,0.13655,0.13813
1738771200000,0.13813,0.1388,0.1331,0.13645
1738785600000,0.13645,0.13713,0.13285,0.13453
1738800000000,0.13453,0.13642,0.13326,0.13546
1738814400000,0.13546,0.13847,0.13497,0.13702
1738828800000,0.13702,0.13829,0.13492,0.1361
1738843200000,0.1361,0.13632,0.12955,0.13048
1738857600000,0.13048,0.13279,0.12821,0.12857
1738872000000,0.12857,0.13147,0.12675,0.12848
1738886400000,0.12848,0.13224,0.12822,0.13059
1738900800000,0.13059,0.13129,0.1272,0.12906
1738915200000,0.12906,0.13274,0.12854,0.13224
1738929600000,0.13224,0.13784,0.13064,0.13411
1738944000000,0.13411,0.1342,0.12973,0.12997
1738958400000,0.12997,0.13009,0.12419,0.12774
1738972800000,0.12774,0.12913,0.1265,0.12733
1738987200000,0.12733,0.12841,0.12549,0.12779
1739001600000,0.12779,0.12811,0.12572,0.12664
1739016000000,0.12664,0.129,0.12575,0.12696
1739030400000,0.12696,0.13054,0.12583,0.12987
1739044800000,0.12987,0.13126,0.1289,0.13007
1739059200000,0.13007,0.13364,0.12925,0.13334
1739073600000,0.13334,0.13516,0.13231,0.13409
1739088000000,0.13409,0.13619,0.13409,0.13445
1739102400000,0.13445,0.13491,0.13034,0.13272
1739116800000,0.13272,0.13348,0.12878,0.12921
1739131200000,0.12921,0.13264,0.1248,0.13231
1739145600000,0.13231,0.13464,0.12732,0.13124
1739160000000,0.13124,0.13547,0.13054,0.13421
1739174400000,0.13421,0.13729,0.13405,0.13631
1739188800000,0.13631,0.13928,0.13446,0.13816
1739203200000,0.13816,0.14431,0.13779,0.14018
1739217600000,0.14018,0.1417,0.13848,0.13966
1739232000000,0.13966,0.14267,0.13899,0.14151
1739246400000,0.14151,0.14751,0.14145,0.14608
1739260800000,0.14608,0.14798,0.14441,0.14644
1739275200000,0.14644,0.1466,0.14068,0.14208
1739289600000,0.14208,0.1425,0.13636,0.13724
1739304000000,0.13724,0.14048,0.13695,0.13788
1739318400000,0.13788,0.13933,0.13537,0.13689
1739332800000,0.13689,0.13893,0.13576,0.13824
1739347200000,0.13824,0.14007,0.13682,0.13861
1739361600000,0.13861,0.14094,0.13248,0.13762
1739376000000,0.13762,0.14361,0.13585,0.1431
1739390400000,0.1431,0.1476,0.14261,0.14525
1739404800000,0.14525,0.14741,0.14474,0.14614
1739419200000,0.14614,0.1463,0.14081,0.14121
1739433600000,0.14121,0.14253,0.13957,0.14022
1739448000000,0.14022,0.14262,0.13875,0.14118
1739462400000,0.14118,0.14268,0.13881,0.13971
1739476800000,0.13971,0.14142,0.13935,0.14001
1739491200000,0.14001,0.1426,0.1391,0.14221
1739505600000,0.14221,0.14264,0.13943,0.14018
1739520000000,0.14018,0.14383,0.13961,0.14263
1739534400000,0.14263,0.14466,0.14113,0.14357
1739548800000,0.14357,0.14653,0.142,0.14453
1739563200000,0.14453,0.14512,0.14076,0.14272
1739577600000,0.14272,0.14494,0.14103,0.14437
1739592000000,0.14437,0.14515,0.14128,0.14138
1739606400000,0.14138,0.14243,0.13934,0.14017
1739620800000,0.14017,0.14133,0.13803,0.13914
1739635200000,0.13914,0.1397,0.13776,0.13777
1739649600000,0.13777,0.13881,0.13669,0.13821
1739664000000,0.13821,0.13902,0.13622,0.13725
1739678400000,0.13725,0.1383,0.13654,0.13746
1739692800000,0.13746,0.1429,0.13733,0.1428
1739707200000,0.1428,0.14286,0.13846,0.14061
1739721600000,0.14061,0.14163,0.13738,0.13903
1739736000000,0.13903,0.13955,0.13685,0.138
1739750400000,0.138,0.14237,0.13784,0.14223
1739764800000,0.14223,0.14368,0.13946,0.14305
1739779200000,0.14305,0.14619,0.14195,0.14489
1739793600000,0.14489,0.149,0.14294,0.14345
1739808000000,0.14345,0.14431,0.13894,0.14105
1739822400000,0.14105,0.14348,0.14075,0.14185
1739836800000,0.14185,0.14246,0.13915,0.14097
1739851200000,0.14097,0.14156,0.13477,0.13481
1739865600000,0.13481,0.13558,0.13236,0.13276
1739880000000,0.13276,0.13592,0.12931,0.13025
1739894400000,0.13025,0.13103,0.12644,0.12992
1739908800000,0.12992,0.13277,0.12854,0.13277
1739923200000,0.13277,0.13312,0.13083,0.13194
1739937600000,0.13194,0.13379,0.12985,0.13305
1739952000000,0.13305,0.13458,0.13224,0.13419
1739966400000,0.13419,0.13476,0.1313,0.13149
1739980800000,0.13149,0.13401,0.13131,0.13304
1739995200000,0.13304,0.13497,0.13134,0.13359
1740009600000,0.13359,0.13633,0.13323,0.13597
1740024000000,0.13597,0.13723,0.13369,0.1337
1740038400000,0.1337,0.13543,0.13274,0.13498
1740052800000,0.13498,0.13689,0.13315,0.13325
1740067200000,0.13325,0.13826,0.13314,0.13807
1740081600000,0.13807,0.13993,0.13753,0.13881
1740096000000,0.13881,0.13944,0.13754,0.13799
1740110400000,0.13799,0.1437,0.13798,0.14259
1740124800000,0.14259,0.14708,0.14259,0.14529
1740139200000,0.14529,0.14804,0.13987,0.14211
1740153600000,0.14211,0.14464,0.13333,0.13404
1740168000000,0.13404,0.13561,0.13159,0.13356
1740182400000,0.13356,0.13556,0.13271,0.1353
1740196800000,0.1353,0.13711,0.13499,0.13577
1740211200000,0.13577,0.13894,0.13519,0.13863
1740225600000,0.13863,0.14018,0.13808,0.13977
1740240000000,0.13977,0.14195,0.13966,0.14063
1740254400000,0.14063,0.14068,0.13834,0.1387
1740268800000,0.1387,0.13872,0.13635,0.13745
1740283200000,0.13745,0.14003,0.13668,0.13971
1740297600000,0.13971,0.14038,0.13697,0.13722
1740312000000,0.13722,0.13761,0.13489,0.13501
1740326400000,0.13501,0.13706,0.1348,0.13555
1740340800000,0.13555,0.13806,0.13519,0.13704
1740355200000,0.13704,0.13779,0.13176,0.13218
1740369600000,0.13218,0.13383,0.13047,0.13312
1740384000000,0.13312,0.13334,0.13015,0.13187
1740398400000,0.13187,0.13283,0.12755,0.1292
1740412800000,0.1292,0.13087,0.12632,0.12738
1740427200000,0.12738,0.13001,0.12008,0.121
1740441600000,0.121,0.12257,0.1172,0.11997
1740456000000,0.11997,0.12079,0.11124,0.11514
1740470400000,0.11514,0.11689,0.11072,0.11657
1740484800000,0.11657,0.11825,0.11304,0.11588
1740499200000,0.11588,0.12008,0.11441,0.11999
1740513600000,0.11999,0.12257,0.11895,0.12109
1740528000000,0.12109,0.1238,0.1197,0.12279
1740542400000,0.12279,0.12412,0.12086,0.12229
1740556800000,0.12229,0.12436,0.12083,0.12172
1740571200000,0.12172,0.12347,0.11753,0.12205
1740585600000,0.12205,0.12279,0.1158,0.11728
1740600000000,0.11728,0.12244,0.11554,0.11994
1740614400000,0.11994,0.12328,0.11911,0.12257
1740628800000,0.12257,0.12517,0.12142,0.12438
1740643200000,0.12438,0.12627,0.12351,0.12512
1740657600000,0.12512,0.12617,0.12181,0.12369
1740672000000,0.12369,0.12472,0.12146,0.12198
1740686400000,0.12198,0.12347,0.12003,0.12314
1740700800000,0.12314,0.12391,0.11309,0.11323
1740715200000,0.11323,0.11382,0.11089,0.1125
1740729600000,0.1125,0.11544,0.11055,0.11382
1740744000000,0.11382,0.12035,0.11357,0.11951
1740758400000,0.11951,0.12179,0.11841,0.12049
1740772800000,0.12049,0.12073,0.11909,0.12023
1740787200000,0.12023,0.12196,0.11883,0.12058
1740801600000,0.12058,0.12153,0.11767,0.11791
1740816000000,0.11791,0.11956,0.11654,0.11706
1740830400000,0.11706,0.11758,0.11537,0.11625
1740844800000,0.11625,0.11785,0.11561,0.11744
1740859200000,0.11744,0.11962,0.11656,0.11922
1740873600000,0.11922,0.12003,0.1179,0.11905
1740888000000,0.11905,0.11998,0.11803,0.1183
1740902400000,0.1183,0.11976,0.11749,0.11888
1740916800000,0.11888,0.12296,0.11603,0.12013
1740931200000,0.12013,0.13005,0.11998,0.12981
1740945600000,0.12981,0.13076,0.12872,0.12909
1740960000000,0.12909,0.13019,0.12473,0.12565
1740974400000,0.12565,0.12722,0.1205,0.12236
1740988800000,0.12236,0.12236,0.11875,0.12135
1741003200000,0.12135,0.12337,0.11805,0.11882
1741017600000,0.11882,0.1205,0.11,0.11026
1741032000000,0.11026,0.11134,0.10762,0.10905
1741046400000,0.10905,0.1096,0.10053,0.10355
1741060800000,0.10355,0.10625,0.10331,0.10403
1741075200000,0.10403,0.10546,0.10251,0.10377
1741089600000,0.10377,0.10669,0.1003,0.10266
1741104000000,0.10266,0.10631,0.09679,0.10612
1741118400000,0.10612,0.10806,0.10397,0.10649
1741132800000,0.10649,0.10747,0.10441,0.10441
1741147200000,0.10441,0.10657,0.10417,0.10626
1741161600000,0.10626,0.10981,0.10607,0.10741
1741176000000,0.10741,0.10919,0.10547,0.10615
1741190400000,0.10615,0.10971,0.10482,0.10947
1741204800000,0.10947,0.11126,0.10944,0.11002
1741219200000,0.11002,0.11117,0.10807,0.11102
1741233600000,0.11102,0.11338,0.11014,0.11074
1741248000000,0.11074,0.11263,0.11028,0.1123
1741262400000,0.1123,0.11262,0.10773,0.111
1741276800000,0.111,0.11168,0.10627,0.10715
1741291200000,0.10715,0.10949,0.10704,0.10735
1741305600000,0.10735,0.1085,0.10124,0.10494
1741320000000,0.10494,0.10716,0.10458,0.10695
1741334400000,0.10695,0.10809,0.1058,0.10716
1741348800000,0.10716,0.10923,0.10551,0.10679
1741363200000,0.10679,0.10858,0.10354,0.10662
1741377600000,0.10662,0.10731,0.10191,0.10291
1741392000000,0.10291,0.10432,0.10168,0.10306
1741406400000,0.10306,0.10393,0.10184,0.10204
1741420800000,0.10204,0.10255,0.10036,0.10099
1741435200000,0.10099,0.10238,0.10051,0.10134
1741449600000,0.10134,0.10254,0.10004,0.10227
1741464000000,0.10227,0.10267,0.10059,0.10124
1741478400000,0.10124,0.1018,0.09986,0.10048
1741492800000,0.10048,0.10119,0.09949,0.10011
1741507200000,0.10011,0.10029,0.0954,0.09652
1741521600000,0.09652,0.09676,0.0932,0.09374
1741536000000,0.09374,0.09399,0.08907,0.09125
1741550400000,0.09125,0.09223,0.08936,0.0909
1741564800000,0.0909,0.09425,0.08951,0.0929
1741579200000,0.0929,0.09499,0.09283,0.09455
1741593600000,0.09455,0.09739,0.09283,0.09482
1741608000000,0.09482,0.09551,0.08852,0.09068
1741622400000,0.09068,0.09105,0.08305,0.08662
1741636800000,0.08662,0.08706,0.08428,0.08444
1741651200000,0.08444,0.08556,0.07947,0.08431
1741665600000,0.08431,0.08765,0.08406,0.08659
1741680000000,0.08659,0.08948,0.08636,0.0887
1741694400000,0.0887,0.09056,0.08555,0.08912
1741708800000,0.08912,0.09318,0.08791,0.09287
1741723200000,0.09287,0.09321,0.0899,0.09028
1741737600000,0.09028,0.09231,0.08877,0.08883
1741752000000,0.08883,0.09029,0.08746,0.09003
1741766400000,0.09003,0.09264,0.08943,0.09205
1741780800000,0.09205,0.09491,0.08754,0.08964
1741795200000,0.08964,0.092,0.08931,0.09151
1741809600000,0.09151,0.09296,0.09126,0.09221
1741824000000,0.09221,0.09267,0.0911,0.09128
1741838400000,0.09128,0.09158,0.08931,0.09092
1741852800000,0.09092,0.09306,0.09008,0.09156
1741867200000,0.09156,0.09302,0.08857,0.08893
1741881600000,0.08893,0.08935,0.08649,0.08735
1741896000000,0.08735,0.09015,0.08703,0.0891
1741910400000,0.0891,0.09042,0.08876,0.0897
1741924800000,0.0897,0.09069,0.08943,0.09022
1741939200000,0.09022,0.09265,0.0901,0.0923
1741953600000,0.0923,0.09584,0.09206,0.09445
1741968000000,0.09445,0.0952,0.0938,0.09453
1741982400000,0.09453,0.0957,0.09348,0.09417
1741996800000,0.09417,0.09572,0.09368,0.09551
1742011200000,0.09551,0.097,0.09417,0.09484
1742025600000,0.09484,0.09689,0.09443,0.09637
1742040000000,0.09637,0.09707,0.09512,0.09564
1742054400000,0.09564,0.09708,0.09539,0.0959
1742068800000,0.0959,0.09669,0.09544,0.09579
1742083200000,0.09579,0.09612,0.09435,0.09558
1742097600000,0.09558,0.09572,0.09455,0.09509
1742112000000,0.09509,0.0953,0.09115,0.09143
1742126400000,0.09143,0.09227,0.09061,0.09197
1742140800000,0.09197,0.09459,0.09062,0.09116
1742155200000,0.09116,0.09192,0.0905,0.09139
1742169600000,0.09139,0.0939,0.09136,0.09366
1742184000000,0.09366,0.0941,0.09182,0.09378
1742198400000,0.09378,0.09488,0.09324,0.0946
1742212800000,0.0946,0.09626,0.09277,0.09451
1742227200000,0.09451,0.09674,0.09398,0.0963
1742241600000,0.0963,0.09734,0.09563,0.09608
1742256000000,0.09608,0.09646,0.09401,0.09465
1742270400000,0.09465,0.09533,0.09322,0.09457
1742284800000,0.09457,0.09689,0.09419,0.09606
1742299200000,0.09606,0.09776,0.09475,0.09516
1742313600000,0.09516,0.09543,0.09143,0.09302
1742328000000,0.09302,0.09565,0.09239,0.09549
1742342400000,0.09549,0.09635,0.09472,0.09611
1742356800000,0.09611,0.09629,0.09414,0.09423
1742371200000,0.09423,0.09786,0.09416,0.09772
1742385600000,0.09772,0.09978,0.09635,0.09965
1742400000000,0.09965,0.10052,0.09671,0.09867
1742414400000,0.09867,0.09973,0.09824,0.09921
1742428800000,0.09921,0.09986,0.0966,0.09715
1742443200000,0.09715,0.09724,0.09647,0.09709
1742457600000,0.09709,0.09826,0.09532,0.09623
1742472000000,0.09623,0.09773,0.09555,0.09573
1742486400000,0.09573,0.09618,0.09432,0.0956
1742500800000,0.0956,0.09617,0.09478,0.09547
1742515200000,0.09547,0.09618,0.09444,0.09446
1742529600000,0.09446,0.09527,0.09355,0.09387
1742544000000,0.09387,0.09424,0.09158,0.09227
1742558400000,0.09227,0.09356,0.09181,0.09257
1742572800000,0.09257,0.09565,0.09196,0.09427
1742587200000,0.09427,0.09521,0.09348,0.09386
1742601600000,0.09386,0.09526,0.09382,0.09483
1742616000000,0.09483,0.09651,0.0948,0.09604
1742630400000,0.09604,0.09675,0.09532,0.09539
1742644800000,0.09539,0.09559,0.0944,0.09548
1742659200000,0.09548,0.09726,0.09536,0.09619
1742673600000,0.09619,0.09637,0.09478,0.09545
1742688000000,0.09545,0.09787,0.09513,0.09787
1742702400000,0.09787,0.09815,0.09702,0.09772
1742716800000,0.09772,0.09821,0.09704,0.09736
1742731200000,0.09736,0.09774,0.096,0.09633
1742745600000,0.09633,0.09633,0.09426,0.09562
1742760000000,0.09562,0.0966,0.09479,0.09659
1742774400000,0.09659,0.0978,0.09522,0.09709
1742788800000,0.09709,0.10081,0.09709,0.09967
1742803200000,0.09967,0.10276,0.09967,0.10152
1742817600000,0.10152,0.10372,0.10079,0.10238
1742832000000,0.10238,0.10267,0.10124,0.10211
1742846400000,0.10211,0.10292,0.10092,0.10211
1742860800000,0.10211,0.10235,0.10042,0.10096
1742875200000,0.10096,0.10224,0.10051,0.10147
1742889600000,0.10147,0.10391,0.10145,0.10343
1742904000000,0.10343,0.1051,0.10288,0.10405
1742918400000,0.10405,0.1055,0.10304,0.10514
1742932800000,0.10514,0.10621,0.10413,0.10452
1742947200000,0.10452,0.10578,0.10327,0.10379
1742961600000,0.10379,0.10744,0.10367,0.10693
1742976000000,0.10693,0.10839,0.10625,0.10783
1742990400000,0.10783,0.10786,0.10437,0.10549
1743004800000,0.10549,0.10619,0.10262,0.10389
1743019200000,0.10389,0.10486,0.10311,0.10394
1743033600000,0.10394,0.10719,0.1039,0.10709
1743048000000,0.10709,0.10746,0.10598,0.10675
1743062400000,0.10675,0.10775,0.10465,0.10494
1743076800000,0.10494,0.10655,0.10324,0.10543
1743091200000,0.10543,0.10625,0.10391,0.10502
1743105600000,0.10502,0.10596,0.10382,0.10425
1743120000000,0.10425,0.10426,0.10151,0.10194
1743134400000,0.10194,0.10194,0.097,0.09702
1743148800000,0.09702,0.09749,0.0959,0.09725
1743163200000,0.09725,0.0976,0.09509,0.09515
1743177600000,0.09515,0.09535,0.0937,0.094
1743192000000,0.094,0.09563,0.09362,0.09486
1743206400000,0.09486,0.09551,0.09237,0.09443
1743220800000,0.09443,0.09498,0.09192,0.09225
1743235200000,0.09225,0.09266,0.0896,0.0903
1743249600000,0.0903,0.09121,0.08958,0.0899
1743264000000,0.0899,0.0902,0.08747,0.08838
1743278400000,0.08838,0.08868,0.08728,0.08846
1743292800000,0.08846,0.09066,0.08764,0.08999
1743307200000,0.08999,0.09107,0.08996,0.09063
1743321600000,0.09063,0.09162,0.09006,0.09035
1743336000000,0.09035,0.09106,0.08901,0.08944
1743350400000,0.08944,0.09057,0.08806,0.0898
1743364800000,0.0898,0.09,0.08752,0.08907
1743379200000,0.08907,0.08936,0.08666,0.08701
1743393600000,0.08701,0.08872,0.08569,0.08638
1743408000000,0.08638,0.08733,0.0845,0.08695
1743422400000,0.08695,0.08961,0.08606,0.08864
1743436800000,0.08864,0.08978,0.08768,0.08786
1743451200000,0.08786,0.08851,0.08719,0.08789
1743465600000,0.08789,0.09038,0.08774,0.09035
1743480000000,0.09035,0.0917,0.08994,0.09097
1743494400000,0.09097,0.09335,0.09036,0.09078
1743508800000,0.09078,0.09341,0.08967,0.09299
1743523200000,0.09299,0.09331,0.09,0.09042
1743537600000,0.09042,0.09064,0.08927,0.08975
1743552000000,0.08975,0.08977,0.08676,0.08797
1743566400000,0.08797,0.0881,0.08602,0.08665
1743580800000,0.08665,0.08833,0.08616,0.08694
1743595200000,0.08694,0.09011,0.08611,0.0895
1743609600000,0.0895,0.0899,0.08687,0.08851
1743624000000,0.08851,0.09057,0.08116,0.0826
1743638400000,0.0826,0.085,0.08162,0.08424
1743652800000,0.08424,0.08501,0.08207,0.08292
1743667200000,0.08292,0.08354,0.08032,0.08118
1743681600000,0.08118,0.08169,0.07941,0.08121
1743696000000,0.08121,0.08252,0.08087,0.08191
1743710400000,0.08191,0.08344,0.08173,0.08297
1743724800000,0.08297,0.08328,0.08147,0.08255
1743739200000,0.08255,0.08421,0.08205,0.084
1743753600000,0.084,0.08489,0.08026,0.08148
1743768000000,0.08148,0.08384,0.08066,0.08226
1743782400000,0.08226,0.08421,0.08187,0.08315
1743796800000,0.08315,0.08392,0.08281,0.08308
1743811200000,0.08308,0.08401,0.0826,0.08267
1743825600000,0.08267,0.08311,0.08212,0.0829
1743840000000,0.0829,0.08328,0.08178,0.08188
1743854400000,0.08188,0.08195,0.08027,0.08035
1743868800000,0.08035,0.0815,0.08025,0.08078
1743883200000,0.08078,0.08196,0.08043,0.08181
1743897600000,0.08181,0.08206,0.08102,0.08139
1743912000000,0.08139,0.08242,0.0807,0.08093
1743926400000,0.08093,0.08172,0.08049,0.08107
1743940800000,0.08107,0.08116,0.07832,0.07963
1743955200000,0.07963,0.07963,0.07326,0.07448
1743969600000,0.07448,0.07454,0.07135,0.07318
1743984000000,0.07318,0.07526,0.07058,0.07177
1743998400000,0.07177,0.07265,0.0662,0.06806
1744012800000,0.06806,0.0722,0.06773,0.07076
1744027200000,0.07076,0.07796,0.07067,0.07397
1744041600000,0.07397,0.07516,0.07249,0.07376
1744056000000,0.07376,0.07598,0.07376,0.07475
1744070400000,0.07475,0.07712,0.0742,0.0758
1744084800000,0.0758,0.07639,0.07439,0.07467
1744099200000,0.07467,0.07644,0.07385,0.07637
1744113600000,0.07637,0.07706,0.07443,0.07489
1744128000000,0.07489,0.07493,0.07147,0.07211
1744142400000,0.07211,0.07304,0.07134,0.07174
1744156800000,0.07174,0.07275,0.06915,0.07213
1744171200000,0.07213,0.07422,0.07194,0.07369
1744185600000,0.07369,0.07395,0.07148,0.07189
1744200000000,0.07189,0.07396,0.07129,0.07294
1744214400000,0.07294,0.07952,0.07228,0.07919
1744228800000,0.07919,0.08103,0.07915,0.08015
1744243200000,0.08015,0.08016,0.07738,0.07817
1744257600000,0.07817,0.07912,0.07746,0.0782
1744272000000,0.0782,0.07837,0.07699,0.07763
1744286400000,0.07763,0.07935,0.07471,0.07503
1744300800000,0.07503,0.07635,0.07457,0.07572
1744315200000,0.07572,0.07666,0.07569,0.07622
1744329600000,0.07622,0.07844,0.07606,0.07811
1744344000000,0.07811,0.07916,0.0779,0.07854
1744358400000,0.07854,0.07982,0.07811,0.07869
1744372800000,0.07869,0.07994,0.07796,0.07902
1744387200000,0.07902,0.08007,0.07855,0.07919
1744401600000,0.07919,0.0805,0.07904,0.07924
1744416000000,0.07924,0.07959,0.07855,0.07924
1744430400000,0.07924,0.08041,0.07893,0.07983
1744444800000,0.07983,0.08061,0.07951,0.08029
1744459200000,0.08029,0.08384,0.08014,0.08312
1744473600000,0.08312,0.08351,0.08219,0.08271
1744488000000,0.08271,0.08327,0.08218,0.0823
1744502400000,0.0823,0.0827,0.08127,0.0816
1744516800000,0.0816,0.0816,0.08043,0.0811
1744531200000,0.0811,0.08281,0.08087,0.08181
1744545600000,0.08181,0.08198,0.08013,0.08057
1744560000000,0.08057,0.08298,0.07877,0.0798
1744574400000,0.0798,0.0808,0.07771,0.07865
1744588800000,0.07865,0.08131,0.0784,0.07917
1744603200000,0.07917,0.07997,0.07803,0.07889
1744617600000,0.07889,0.08092,0.07842,0.08072
1744632000000,0.08072,0.08136,0.07809,0.07835
1744646400000,0.07835,0.07936,0.07764,0.07884
1744660800000,0.07884,0.07906,0.07741,0.07817
1744675200000,0.07817,0.07955,0.07763,0.07939
1744689600000,0.07939,0.0802,0.07921,0.07999
1744704000000,0.07999,0.08055,0.07886,0.07907
1744718400000,0.07907,0.08057,0.07815,0.07875
1744732800000,0.07875,0.07893,0.07699,0.0778
1744747200000,0.0778,0.07852,0.07702,0.07743
1744761600000,0.07743,0.0786,0.07696,0.07807
1744776000000,0.07807,0.07851,0.07668,0.07681
1744790400000,0.07681,0.07783,0.07614,0.07737
1744804800000,0.07737,0.07865,0.07642,0.07747
1744819200000,0.07747,0.07784,0.07483,0.07723
1744833600000,0.07723,0.07787,0.0759,0.07627
1744848000000,0.07627,0.07683,0.07553,0.07587
1744862400000,0.07587,0.07791,0.07561,0.07744
1744876800000,0.07744,0.07755,0.07629,0.07666
1744891200000,0.07666,0.07735,0.07507,0.07665
1744905600000,0.07665,0.07819,0.0763,0.07677
1744920000000,0.07677,0.07733,0.07501,0.07561
1744934400000,0.07561,0.07687,0.07498,0.07679
1744948800000,0.07679,0.07787,0.07648,0.07758
1744963200000,0.07758,0.07803,0.07711,0.07751
1744977600000,0.07751,0.07818,0.07701,0.07721
1744992000000,0.07721,0.0784,0.07706,0.07814
1745006400000,0.07814,0.0786,0.07727,0.07779
1745020800000,0.07779,0.08077,0.07777,0.08061
1745035200000,0.08061,0.08115,0.08014,0.08094
1745049600000,0.08094,0.08145,0.08042,0.08074
1745064000000,0.08074,0.08141,0.08024,0.08103
1745078400000,0.08103,0.08255,0.08089,0.08144
1745092800000,0.08144,0.08278,0.08131,0.08197
1745107200000,0.08197,0.08236,0.08157,0.08229
1745121600000,0.08229,0.08351,0.08123,0.0816
1745136000000,0.0816,0.08266,0.08007,0.08048
1745150400000,0.08048,0.08159,0.08017,0.0815
1745164800000,0.0815,0.08366,0.08146,0.08342
1745179200000,0.08342,0.08463,0.083,0.08325
1745193600000,0.08325,0.0853,0.08309,0.08408
1745208000000,0.08408,0.08564,0.08343,0.08527
1745222400000,0.08527,0.08617,0.08429,0.0846
1745236800000,0.0846,0.08589,0.08439,0.08489
1745251200000,0.08489,0.08508,0.08243,0.08365
1745265600000,0.08365,0.08381,0.08218,0.0829
1745280000000,0.0829,0.08411,0.0814,0.08307
1745294400000,0.08307,0.08378,0.0813,0.08369
1745308800000,0.08369,0.08529,0.08329,0.08514
1745323200000,0.08514,0.08804,0.08449,0.08748
1745337600000,0.08748,0.08806,0.08664,0.08743
1745352000000,0.08743,0.08987,0.08691,0.08938
1745366400000,0.08938,0.09113,0.08898,0.09113
1745380800000,0.09113,0.09205,0.09035,0.09137
1745395200000,0.09137,0.09216,0.08996,0.09165
1745409600000,0.09165,0.09298,0.08905,0.09119
1745424000000,0.09119,0.09174,0.08939,0.09015
1745438400000,0.09015,0.09115,0.09014,0.0905
1745452800000,0.0905,0.09094,0.08823,0.08833
1745467200000,0.08833,0.08922,0.08784,0.08805
1745481600000,0.08805,0.08934,0.08707,0.08922
1745496000000,0.08922,0.09479,0.08879,0.0937
1745510400000,0.0937,0.09467,0.09214,0.09358
1745524800000,0.09358,0.09542,0.09317,0.09511
1745539200000,0.09511,0.09655,0.09346,0.09527
1745553600000,0.09527,0.10036,0.09499,0.10035
1745568000000,0.10035,0.10343,0.09991,0.10311
1745582400000,0.10311,0.1044,0.1008,0.10219
1745596800000,0.10219,0.10286,0.1001,0.10084
1745611200000,0.10084,0.10145,0.09937,0.10068
1745625600000,0.10068,0.10523,0.10063,0.1048
1745640000000,0.1048,0.1066,0.10347,0.10485
1745654400000,0.10485,0.10566,0.10093,0.10141
1745668800000,0.10141,0.1028,0.10016,0.10276
1745683200000,0.10276,0.10316,0.1014,0.10297
1745697600000,0.10297,0.10377,0.1017,0.10352
1745712000000,0.10352,0.10444,0.10021,0.10153
1745726400000,0.10153,0.10345,0.10033,0.10154
1745740800000,0.10154,0.10228,0.10072,0.10074
1745755200000,0.10074,0.10158,0.09901,0.09921
1745769600000,0.09921,0.10012,0.09824,0.10003
1745784000000,0.10003,0.10004,0.09781,0.09792
1745798400000,0.09792,0.09974,0.09559,0.09939
1745812800000,0.09939,0.10057,0.0967,0.09933
1745827200000,0.09933,0.10135,0.09899,0.1003
1745841600000,0.1003,0.10048,0.09593,0.09666
1745856000000,0.09666,0.0996,0.09575,0.09925
1745870400000,0.09925,0.09937,0.098,0.09883
1745884800000,0.09883,0.09993,0.09831,0.09972
1745899200000,0.09972,0.10133,0.09858,0.10133
1745913600000,0.10133,0.10187,0.09898,0.09961
1745928000000,0.09961,0.10027,0.0976,0.09918
1745942400000,0.09918,0.10035,0.09886,0.0991
1745956800000,0.0991,0.09937,0.09556,0.09688
1745971200000,0.09688,0.09797,0.09608,0.09773
1745985600000,0.09773,0.09884,0.09705,0.09731
1746000000000,0.09731,0.09826,0.09648,0.09801
1746014400000,0.09801,0.09812,0.09267,0.09471
1746028800000,0.09471,0.09621,0.09399,0.09512
1746043200000,0.09512,0.09632,0.095,0.09606
1746057600000,0.09606,0.09835,0.09599,0.09654
1746072000000,0.09654,0.09757,0.09572,0.09725
1746086400000,0.09725,0.1003,0.09701,0.09969
1746100800000,0.09969,0.10076,0.09837,0.09924
1746115200000,0.09924,0.10268,0.09876,0.10221
1746129600000,0.10221,0.10408,0.0997,0.10046
1746144000000,0.10046,0.10194,0.09953,0.10089
1746158400000,0.10089,0.10096,0.09899,0.09932
1746172800000,0.09932,0.1006,0.09925,0.09942
1746187200000,0.09942,0.10113,0.09887,0.09998
1746201600000,0.09998,0.10105,0.09729,0.09759
1746216000000,0.09759,0.09867,0.09742,0.09814
1746230400000,0.09814,0.09828,0.09652,0.09736
1746244800000,0.09736,0.09775,0.09622,0.09659
1746259200000,0.09659,0.09674,0.09469,0.09484
1746273600000,0.09484,0.09624,0.09481,0.09549
1746288000000,0.09549,0.09553,0.09254,0.09518
1746302400000,0.09518,0.09524,0.09315,0.09323
1746316800000,0.09323,0.09397,0.09168,0.09183
1746331200000,0.09183,0.0927,0.09142,0.09177
1746345600000,0.09177,0.09188,0.09072,0.09116
1746360000000,0.09116,0.09154,0.08991,0.09098
1746374400000,0.09098,0.09113,0.08952,0.09001
1746388800000,0.09001,0.09102,0.08955,0.08989
1746403200000,0.08989,0.09142,0.0887,0.09059
1746417600000,0.09059,0.09184,0.09045,0.09114
1746432000000,0.09114,0.09145,0.08927,0.08954
1746446400000,0.08954,0.09001,0.08864,0.08933
1746460800000,0.08933,0.0923,0.08919,0.09078
1746475200000,0.09078,0.09248,0.08944,0.09182
1746489600000,0.09182,0.09208,0.09029,0.09148
1746504000000,0.09148,0.09175,0.09061,0.09078
1746518400000,0.09078,0.09078,0.08713,0.08762
1746532800000,0.08762,0.08923,0.08676,0.08782
1746547200000,0.08782,0.08909,0.08706,0.08828
1746561600000,0.08828,0.09005,0.086,0.08987
1746576000000,0.08987,0.09165,0.08953,0.09058
1746590400000,0.09058,0.09158,0.08996,0.09155
1746604800000,0.09155,0.09247,0.09105,0.0915
1746619200000,0.0915,0.09203,0.08979,0.09015
1746633600000,0.09015,0.09025,0.08859,0.08913
1746648000000,0.08913,0.09172,0.08883,0.09128
1746662400000,0.09128,0.0962,0.09116,0.09616
1746676800000,0.09616,0.09709,0.09539,0.09662
1746691200000,0.09662,0.09805,0.09662,0.0979
1746705600000,0.0979,0.1009,0.0972,0.09971
1746720000000,0.09971,0.10098,0.09942,0.10073
1746734400000,0.10073,0.10377,0.10028,0.10374
1746748800000,0.10374,0.10516,0.10264,0.10326
1746763200000,0.10326,0.10766,0.10303,0.10628
1746777600000,0.10628,0.11191,0.10468,0.11102
1746792000000,0.11102,0.11369,0.10966,0.11103
1746806400000,0.11103,0.11164,0.10907,0.11001
1746820800000,0.11001,0.11227,0.10977,0.11226
1746835200000,0.11226,0.1162,0.11152,0.11609
1746849600000,0.11609,0.11989,0.11494,0.11913
1746864000000,0.11913,0.12061,0.11538,0.11601
1746878400000,0.11601,0.11947,0.11597,0.11715
1746892800000,0.11715,0.12125,0.11673,0.12109
1746907200000,0.12109,0.12588,0.12011,0.12531
1746921600000,0.12531,0.12621,0.12053,0.12226
1746936000000,0.12226,0.12391,0.11722,0.11837
1746950400000,0.11837,0.12032,0.1176,0.12021
1746964800000,0.12021,0.12061,0.11625,0.11719
1746979200000,0.11719,0.11966,0.11509,0.11925
1746993600000,0.11925,0.11969,0.1172,0.11827
1747008000000,0.11827,0.12136,0.11717,0.12096
1747022400000,0.12096,0.12556,0.11812,0.12235
1747036800000,0.12235,0.1251,0.12057,0.12107
1747051200000,0.12107,0.12381,0.11704,0.11778
1747065600000,0.11778,0.12005,0.11217,0.11612
1747080000000,0.11612,0.1195,0.11541,0.11833
1747094400000,0.11833,0.11862,0.11161,0.11164
1747108800000,0.11164,0.11745,0.11117,0.11618
1747123200000,0.11618,0.1206,0.11601,0.11988
1747137600000,0.11988,0.12157,0.11807,0.12112
1747152000000,0.12112,0.12762,0.12084,0.12662
1747166400000,0.12662,0.1308,0.12522,0.12785
1747180800000,0.12785,0.13119,0.12716,0.12806
1747195200000,0.12806,0.12926,0.12565,0.12627
1747209600000,0.12627,0.12666,0.12259,0.1256
1747224000000,0.1256,0.12634,0.12131,0.12265
1747238400000,0.12265,0.12384,0.12104,0.12301
1747252800000,0.12301,0.12338,0.12031,0.12168
1747267200000,0.12168,0.12326,0.11876,0.11936
1747281600000,0.11936,0.11996,0.11372,0.11425
1747296000000,0.11425,0.11596,0.11207,0.11458
1747310400000,0.11458,0.11678,0.11191,0.11665
1747324800000,0.11665,0.11872,0.11343,0.11488
1747339200000,0.11488,0.1156,0.11103,0.114
1747353600000,0.114,0.116,0.11211,0.11503
1747368000000,0.11503,0.11552,0.11319,0.11447
1747382400000,0.11447,0.11632,0.11237,0.11498
1747396800000,0.11498,0.11573,0.11218,0.1133
1747411200000,0.1133,0.11395,0.11152,0.11275
1747425600000,0.11275,0.11276,0.10879,0.11004
1747440000000,0.11004,0.1104,0.10525,0.10731
1747454400000,0.10731,0.10896,0.1067,0.10791
1747468800000,0.10791,0.10793,0.10608,0.10686
1747483200000,0.10686,0.10715,0.10501,0.10636
1747497600000,0.10636,0.10669,0.10379,0.10519
1747512000000,0.10519,0.10714,0.10429,0.10555
1747526400000,0.10555,0.10642,0.10487,0.10555
1747540800000,0.10555,0.11043,0.10548,0.11026
1747555200000,0.11026,0.11167,0.10983,0.10984
1747569600000,0.10984,0.11575,0.10887,0.11537
1747584000000,0.11537,0.11648,0.10758,0.10766
1747598400000,0.10766,0.11507,0.10527,0.1145
1747612800000,0.1145,0.11483,0.10739,0.10774
1747627200000,0.10774,0.10832,0.10476,0.10699
1747641600000,0.10699,0.10714,0.10534,0.10645
1747656000000,0.10645,0.1097,0.10445,0.10921
1747670400000,0.10921,0.11196,0.10824,0.10985
1747684800000,0.10985,0.11052,0.10851,0.11032
1747699200000,0.11032,0.11418,0.10883,0.11128
1747713600000,0.11128,0.11209,0.10873,0.10897
1747728000000,0.10897,0.10929,0.10584,0.10696
1747742400000,0.10696,0.10826,0.1057,0.10795
1747756800000,0.10795,0.10993,0.10584,0.10955
1747771200000,0.10955,0.11211,0.109,0.11073
1747785600000,0.11073,0.11342,0.1087,0.11256
1747800000000,0.11256,0.11466,0.1112,0.11181
1747814400000,0.11181,0.11199,0.1086,0.11037
1747828800000,0.11037,0.11292,0.10945,0.11265
1747843200000,0.11265,0.11627,0.10905,0.11238
1747857600000,0.11238,0.11569,0.11158,0.11438
1747872000000,0.11438,0.11807,0.11438,0.11767
1747886400000,0.11767,0.11848,0.11642,0.11806
1747900800000,0.11806,0.12101,0.11784,0.11946
1747915200000,0.11946,0.12373,0.11817,0.12209
1747929600000,0.12209,0.1234,0.1206,0.12114
1747944000000,0.12114,0.12257,0.11962,0.12232
1747958400000,0.12232,0.12533,0.12067,0.12391
1747972800000,0.12391,0.12419,0.11795,0.11843
1747987200000,0.11843,0.12173,0.11398,0.11489
1748001600000,0.11489,0.11679,0.11135,0.11431
1748016000000,0.11431,0.11601,0.11318,0.11342
1748030400000,0.11342,0.11342,0.10824,0.10913
1748044800000,0.10913,0.11142,0.10821,0.11082
1748059200000,0.11082,0.11139,0.1091,0.10927
1748073600000,0.10927,0.11117,0.10852,0.11046
1748088000000,0.11046,0.11085,0.10939,0.11008
1748102400000,0.11008,0.11073,0.1085,0.10924
1748116800000,0.10924,0.10976,0.10708,0.10792
1748131200000,0.10792,0.10834,0.10484,0.107
1748145600000,0.107,0.10752,0.10552,0.10587
1748160000000,0.10587,0.10589,0.10374,0.1053
1748174400000,0.1053,0.10691,0.10363,0.10536
1748188800000,0.10536,0.10608,0.10375,0.10554
1748203200000,0.10554,0.11023,0.1045,0.11013
1748217600000,0.11013,0.11247,0.10972,0.11158
1748232000000,0.11158,0.11493,0.11136,0.11421
1748246400000,0.11421,0.11477,0.11099,0.11176
1748260800000,0.11176,0.11319,0.10932,0.11204
1748275200000,0.11204,0.11291,0.1078,0.10839
1748289600000,0.10839,0.11079,0.10785,0.11004
1748304000000,0.11004,0.11083,0.10667,0.1091
1748318400000,0.1091,0.11287,0.10831,0.112
1748332800000,0.112,0.11326,0.11175,0.11288
1748347200000,0.11288,0.11507,0.11063,0.11275
1748361600000,0.11275,0.11467,0.11228,0.11271
1748376000000,0.11271,0.11353,0.11081,0.11142
1748390400000,0.11142,0.11237,0.10994,0.11207
1748404800000,0.11207,0.11307,0.11037,0.11037
1748419200000,0.11037,0.11118,0.10853,0.11114
1748433600000,0.11114,0.11365,0.10709,0.10758
1748448000000,0.10758,0.10963,0.10629,0.10638
1748462400000,0.10638,0.11124,0.1063,0.1111
1748476800000,0.1111,0.11388,0.11034,0.11212
1748491200000,0.11212,0.11228,0.10896,0.11032
1748505600000,0.11032,0.11115,0.10949,0.11056
1748520000000,0.11056,0.11057,0.10691,0.10785
1748534400000,0.10785,0.10832,0.10562,0.10603
1748548800000,0.10603,0.1073,0.10458,0.10526
1748563200000,0.10526,0.10597,0.09893,0.10202
1748577600000,0.10202,0.10203,0.09821,0.09918
1748592000000,0.09918,0.10018,0.09812,0.09934
1748606400000,0.09934,0.09996,0.0976,0.09819
1748620800000,0.09819,0.09885,0.09406,0.09649
1748635200000,0.09649,0.09662,0.09076,0.09215
1748649600000,0.09215,0.09249,0.08903,0.09081
1748664000000,0.09081,0.09365,0.09023,0.09339
1748678400000,0.09339,0.09381,0.09228,0.09264
1748692800000,0.09264,0.09603,0.09255,0.09467
1748707200000,0.09467,0.09625,0.09426,0.09568
1748721600000,0.09568,0.0969,0.09471,0.09503
1748736000000,0.09503,0.09541,0.09343,0.09444
1748750400000,0.09444,0.09585,0.0941,0.09481
1748764800000,0.09481,0.09491,0.09243,0.09405
1748779200000,0.09405,0.0963,0.09321,0.0956
1748793600000,0.0956,0.09674,0.09376,0.09515
1748808000000,0.09515,0.09665,0.09467,0.09604
1748822400000,0.09604,0.09644,0.09408,0.09449
1748836800000,0.09449,0.0956,0.09337,0.09489
1748851200000,0.09489,0.09559,0.09279,0.09364
1748865600000,0.09364,0.09548,0.09325,0.09498
1748880000000,0.09498,0.09598,0.09343,0.09411
1748894400000,0.09411,0.09818,0.09411,0.09777
1748908800000,0.09777,0.10085,0.09757,0.09793
1748923200000,0.09793,0.09909,0.09724,0.09812
1748937600000,0.09812,0.09892,0.09714,0.09828
1748952000000,0.09828,0.10045,0.09789,0.09954
1748966400000,0.09954,0.10022,0.09876,0.09956
1748980800000,0.09956,0.09958,0.09716,0.09732
1748995200000,0.09732,0.0996,0.09676,0.09839
1749009600000,0.09839,0.09865,0.09732,0.098
1749024000000,0.098,0.09879,0.09695,0.09697
1749038400000,0.09697,0.09802,0.09527,0.09782
1749052800000,0.09782,0.0979,0.09548,0.09552
1749067200000,0.09552,0.09559,0.09371,0.09439
1749081600000,0.09439,0.09535,0.09389,0.09486
1749096000000,0.09486,0.09549,0.09354,0.09454
1749110400000,0.09454,0.0948,0.09291,0.09377
1749124800000,0.09377,0.09566,0.092,0.09309
1749139200000,0.09309,0.09317,0.08807,0.08914
1749153600000,0.08914,0.08935,0.08584,0.08705
1749168000000,0.08705,0.08931,0.08661,0.08906
1749182400000,0.08906,0.09006,0.08888,0.08925
1749196800000,0.08925,0.09007,0.08911,0.08965
1749211200000,0.08965,0.0927,0.08965,0.09184
1749225600000,0.09184,0.09214,0.08953,0.08966
1749240000000,0.08966,0.09066,0.08892,0.08927
1749254400000,0.08927,0.09195,0.08902,0.09182
1749268800000,0.09182,0.09306,0.09142,0.09276
1749283200000,0.09276,0.09331,0.0922,0.09297
1749297600000,0.09297,0.09345,0.09162,0.09188
1749312000000,0.09188,0.09238,0.09115,0.0913
1749326400000,0.0913,0.09187,0.09098,0.09164
1749340800000,0.09164,0.0918,0.09078,0.09086
1749355200000,0.09086,0.09368,0.09074,0.09148
1749369600000,0.09148,0.09203,0.09058,0.09184
1749384000000,0.09184,0.09247,0.09106,0.09216
1749398400000,0.09216,0.09284,0.09174,0.09269
1749412800000,0.09269,0.09328,0.09115,0.09151
1749427200000,0.09151,0.0919,0.09028,0.09081
1749441600000,0.09081,0.09113,0.08956,0.09083
1749456000000,0.09083,0.0942,0.09043,0.09395
1749470400000,0.09395,0.09439,0.09254,0.09403
1749484800000,0.09403,0.0956,0.094,0.09426
1749499200000,0.09426,0.09774,0.09426,0.09735
1749513600000,0.09735,0.09879,0.09699,0.09736
1749528000000,0.09736,0.09803,0.09541,0.09653
1749542400000,0.09653,0.09984,0.09597,0.09984
1749556800000,0.09984,0.10075,0.09718,0.09872
1749571200000,0.09872,0.10143,0.09836,0.10034
1749585600000,0.10034,0.1024,0.09974,0.10216
1749600000000,0.10216,0.10257,0.10012,0.101
1749614400000,0.101,0.10159,0.1003,0.10101
1749628800000,0.10101,0.10145,0.0984,0.09921
1749643200000,0.09921,0.10286,0.09867,0.10252
1749657600000,0.10252,0.10258,0.09815,0.09825
1749672000000,0.09825,0.09899,0.09612,0.09713
1749686400000,0.09713,0.09719,0.09433,0.09475
1749700800000,0.09475,0.09528,0.09342,0.09359
1749715200000,0.09359,0.09432,0.09203,0.09229
1749729600000,0.09229,0.09513,0.09184,0.09278
1749744000000,0.09278,0.09514,0.09123,0.09171
1749758400000,0.09171,0.09209,0.08959,0.08964
1749772800000,0.08964,0.08964,0.08239,0.08593
1749787200000,0.08593,0.08604,0.08429,0.0856
1749801600000,0.0856,0.08643,0.08482,0.08643
1749816000000,0.08643,0.08733,0.08485,0.08674
1749830400000,0.08674,0.08799,0.08537,0.08614
1749844800000,0.08614,0.08834,0.086,0.08807
1749859200000,0.08807,0.08825,0.08678,0.0875
1749873600000,0.0875,0.08843,0.0872,0.08795
1749888000000,0.08795,0.08834,0.08728,0.08814
1749902400000,0.08814,0.08867,0.0865,0.08694
1749916800000,0.08694,0.08724,0.08548,0.08616
1749931200000,0.08616,0.08753,0.08541,0.08694
1749945600000,0.08694,0.08744,0.08651,0.0869
1749960000000,0.0869,0.08772,0.08622,0.08667
1749974400000,0.08667,0.08683,0.08593,0.0866
1749988800000,0.0866,0.08762,0.08603,0.08651
1750003200000,0.08651,0.08695,0.08574,0.086
1750017600000,0.086,0.08699,0.08477,0.08658
1750032000000,0.08658,0.08767,0.08531,0.08691
1750046400000,0.08691,0.08963,0.08688,0.08947
1750060800000,0.08947,0.09025,0.08867,0.08944
1750075200000,0.08944,0.09104,0.0886,0.09034
1750089600000,0.09034,0.09124,0.0903,0.09089
1750104000000,0.09089,0.09176,0.08733,0.08753
1750118400000,0.08753,0.08872,0.08583,0.08823
1750132800000,0.08823,0.08827,0.08662,0.08683
1750147200000,0.08683,0.08687,0.08474,0.08504
1750161600000,0.08504,0.08611,0.08312,0.08389
1750176000000,0.08389,0.08524,0.08175,0.08449
1750190400000,0.08449,0.08501,0.08282,0.08368
1750204800000,0.08368,0.0848,0.08341,0.08439
1750219200000,0.08439,0.08525,0.08394,0.08428
1750233600000,0.08428,0.08461,0.08072,0.08231
1750248000000,0.08231,0.08325,0.07984,0.08236
1750262400000,0.08236,0.08333,0.08141,0.08182
1750276800000,0.08182,0.08471,0.08158,0.08447
1750291200000,0.08447,0.08543,0.08362,0.08473
1750305600000,0.08473,0.08547,0.08392,0.08397
1750320000000,0.08397,0.085,0.08386,0.08391
1750334400000,0.08391,0.08434,0.0827,0.08288
1750348800000,0.08288,0.08378,0.08193,0.08268
1750363200000,0.08268,0.08409,0.08243,0.08374
1750377600000,0.08374,0.08405,0.0831,0.0835
1750392000000,0.0835,0.08477,0.08243,0.08461
1750406400000,0.08461,0.0854,0.08453,0.08504
1750420800000,0.08504,0.08551,0.082,0.08232
1750435200000,0.08232,0.08242,0.07863,0.08076
1750449600000,0.08076,0.08161,0.07952,0.08019
1750464000000,0.08019,0.08184,0.08006,0.08161
1750478400000,0.08161,0.08164,0.08089,0.08108
1750492800000,0.08108,0.08134,0.08067,0.08087
1750507200000,0.08087,0.08105,0.07838,0.07937
1750521600000,0.07937,0.07966,0.07713,0.07725
1750536000000,0.07725,0.07798,0.07455,0.07653
1750550400000,0.07653,0.07756,0.07464,0.07512
1750564800000,0.07512,0.07639,0.07485,0.07541
1750579200000,0.07541,0.07552,0.07385,0.07468
1750593600000,0.07468,0.07507,0.07048,0.07165
1750608000000,0.07165,0.07276,0.07118,0.07141
1750622400000,0.07141,0.07332,0.06925,0.07312
1750636800000,0.07312,0.07408,0.07293,0.07336
1750651200000,0.07336,0.07491,0.07329,0.07427
1750665600000,0.07427,0.07458,0.07383,0.0741
1750680000000,0.0741,0.07622,0.07352,0.07417
1750694400000,0.07417,0.0771,0.07224,0.07686
1750708800000,0.07686,0.08172,0.07674,0.08136
1750723200000,0.08136,0.08257,0.08136,0.08167
1750737600000,0.08167,0.08464,0.08152,0.08329
1750752000000,0.08329,0.08374,0.08207,0.08243
1750766400000,0.08243,0.0838,0.08211,0.08321
1750780800000,0.08321,0.08541,0.08211,0.08274
1750795200000,0.08274,0.08432,0.08242,0.08391
1750809600000,0.08391,0.0845,0.08341,0.08345
1750824000000,0.08345,0.08394,0.08265,0.08371
1750838400000,0.08371,0.08393,0.08184,0.08341
1750852800000,0.08341,0.08454,0.08101,0.08124
1750867200000,0.08124,0.08236,0.08079,0.08177
1750881600000,0.08177,0.08257,0.08027,0.08083
1750896000000,0.08083,0.08346,0.08044,0.08202
1750910400000,0.08202,0.08258,0.08085,0.08213
1750924800000,0.08213,0.08258,0.08059,0.08099
1750939200000,0.08099,0.08101,0.07867,0.07945
1750953600000,0.07945,0.08011,0.07861,0.07973
1750968000000,0.07973,0.08108,0.07875,0.07891
1750982400000,0.07891,0.08012,0.07777,0.07993
1750996800000,0.07993,0.08107,0.0793,0.07943
1751011200000,0.07943,0.08089,0.07943,0.0799
1751025600000,0.0799,0.08122,0.07901,0.08099
1751040000000,0.08099,0.08249,0.07885,0.07945
1751054400000,0.07945,0.08122,0.07932,0.08095
1751068800000,0.08095,0.08177,0.08076,0.08126
1751083200000,0.08126,0.08197,0.08077,0.08183
1751097600000,0.08183,0.08242,0.0814,0.08212
1751112000000,0.08212,0.08275,0.08122,0.08243
1751126400000,0.08243,0.084,0.08219,0.08321
1751140800000,0.08321,0.08462,0.08294,0.08428
1751155200000,0.08428,0.08484,0.08362,0.08365
1751169600000,0.08365,0.08517,0.08357,0.08517
1751184000000,0.08517,0.0855,0.08456,0.0847
1751198400000,0.0847,0.08487,0.08323,0.08334
1751212800000,0.08334,0.08466,0.08325,0.08459
1751227200000,0.08459,0.08863,0.08379,0.08768
1751241600000,0.08768,0.08829,0.08572,0.08598
1751256000000,0.08598,0.08604,0.08441,0.0855
1751270400000,0.0855,0.08566,0.08413,0.0847
1751284800000,0.0847,0.08581,0.08357,0.08487
1751299200000,0.08487,0.08634,0.08445,0.08619
1751313600000,0.08619,0.08632,0.08383,0.08389
1751328000000,0.08389,0.0845,0.08254,0.08281
1751342400000,0.08281,0.08282,0.08103,0.08212
1751356800000,0.08212,0.08212,0.08077,0.08093
1751371200000,0.08093,0.08181,0.0802,0.08052
1751385600000,0.08052,0.08078,0.07925,0.07963
1751400000000,0.07963,0.08038,0.07889,0.07964
1751414400000,0.07964,0.08083,0.07877,0.08007
1751428800000,0.08007,0.08241,0.07997,0.08208
1751443200000,0.08208,0.0831,0.08173,0.08239
1751457600000,0.08239,0.08464,0.08157,0.0846
1751472000000,0.0846,0.08808,0.08434,0.08806
1751486400000,0.08806,0.08855,0.08648,0.08678
1751500800000,0.08678,0.08798,0.08668,0.08708
1751515200000,0.08708,0.08914,0.08699,0.08893
1751529600000,0.08893,0.08927,0.08761,0.08779
1751544000000,0.08779,0.0891,0.08595,0.08605
1751558400000,0.08605,0.08747,0.08601,0.08743
1751572800000,0.08743,0.08813,0.08705,0.0873
1751587200000,0.0873,0.08827,0.08614,0.08641
1751601600000,0.08641,0.0869,0.08396,0.08408
1751616000000,0.08408,0.08494,0.08329,0.08443
1751630400000,0.08443,0.08473,0.08248,0.08249
1751644800000,0.08249,0.0826,0.08114,0.08132
1751659200000,0.08132,0.08294,0.08116,0.08245
1751673600000,0.08245,0.08327,0.08214,0.08276
1751688000000,0.08276,0.08323,0.082,0.08278
1751702400000,0.08278,0.08288,0.08202,0.08236
1751716800000,0.08236,0.0824,0.08143,0.08167
1751731200000,0.08167,0.0821,0.08077,0.08159
1751745600000,0.08159,0.08268,0.08148,0.08245
1751760000000,0.08245,0.0826,0.08177,0.08203
1751774400000,0.08203,0.08296,0.08192,0.08249
1751788800000,0.08249,0.08272,0.08188,0.08266
1751803200000,0.08266,0.08476,0.08251,0.08437
1751817600000,0.08437,0.08523,0.08374,0.08439
1751832000000,0.08439,0.08642,0.08428,0.08472
1751846400000,0.08472,0.08566,0.08408,0.0849
1751860800000,0.0849,0.08532,0.084,0.0853
1751875200000,0.0853,0.08556,0.08407,0.08432
1751889600000,0.08432,0.08495,0.08313,0.08368
1751904000000,0.08368,0.08403,0.08244,0.08326
1751918400000,0.08326,0.08329,0.08203,0.08307
1751932800000,0.08307,0.08346,0.08173,0.08217
1751947200000,0.08217,0.0829,0.08165,0.08248
1751961600000,0.08248,0.08427,0.08201,0.08376
1751976000000,0.08376,0.08441,0.08276,0.08303
1751990400000,0.08303,0.08599,0.08267,0.08536
1752004800000,0.08536,0.08573,0.08461,0.08513
1752019200000,0.08513,0.08546,0.08431,0.08489
1752033600000,0.08489,0.08647,0.08456,0.08627
1752048000000,0.08627,0.08729,0.08603,0.08709
1752062400000,0.08709,0.08773,0.08633,0.08711
1752076800000,0.08711,0.09046,0.08685,0.09015
1752091200000,0.09015,0.09102,0.08949,0.09027
1752105600000,0.09027,0.09069,0.08935,0.09035
1752120000000,0.09035,0.09132,0.08972,0.09089
1752134400000,0.09089,0.09117,0.09026,0.09051
1752148800000,0.09051,0.0911,0.08951,0.08971
1752163200000,0.08971,0.09358,0.0897,0.09254
1752177600000,0.09254,0.09766,0.09253,0.09701
1752192000000,0.09701,0.09901,0.09545,0.0988
1752206400000,0.0988,0.10128,0.09743,0.09764
1752220800000,0.09764,0.10014,0.09764,0.09875
1752235200000,0.09875,0.10149,0.0981,0.0984
1752249600000,0.0984,0.10056,0.09802,0.10043
1752264000000,0.10043,0.1005,0.09484,0.09619
1752278400000,0.09619,0.09787,0.09441,0.09756
1752292800000,0.09756,0.09827,0.09524,0.09755
1752307200000,0.09755,0.09818,0.0967,0.09752
1752321600000,0.09752,0.09796,0.09264,0.09336
1752336000000,0.09336,0.0955,0.09278,0.09542
1752350400000,0.09542,0.09595,0.09377,0.09578
1752364800000,0.09578,0.09701,0.09541,0.09671
1752379200000,0.09671,0.09906,0.09623,0.09849
1752393600000,0.09849,0.09906,0.09752,0.09906
1752408000000,0.09906,0.10157,0.09841,0.10032
1752422400000,0.10032,0.10109,0.09903,0.10008
1752436800000,0.10008,0.10091,0.09789,0.09935
1752451200000,0.09935,0.10358,0.09904,0.10297
1752465600000,0.10297,0.1049,0.10174,0.10378
1752480000000,0.10378,0.10398,0.10184,0.10209
1752494400000,0.10209,0.10354,0.09908,0.09981
1752508800000,0.09981,0.10128,0.09845,0.09882
1752523200000,0.09882,0.09964,0.09768,0.09912
1752537600000,0.09912,0.09999,0.09552,0.09633
1752552000000,0.09633,0.09819,0.09519,0.09684
1752566400000,0.09684,0.09783,0.09526,0.09746
1752580800000,0.09746,0.09978,0.0958,0.09902
1752595200000,0.09902,0.10253,0.09895,0.09939
1752609600000,0.09939,0.10344,0.09898,0.10343
1752624000000,0.10343,0.10434,0.10123,0.1016
1752638400000,0.1016,0.10399,0.10074,0.10344
1752652800000,0.10344,0.10399,0.10274,0.10331
1752667200000,0.10331,0.10463,0.10201,0.10324
1752681600000,0.10324,0.10666,0.10291,0.10496
1752696000000,0.10496,0.10709,0.10334,0.10386
1752710400000,0.10386,0.10573,0.10107,0.1018
1752724800000,0.1018,0.10544,0.10148,0.10505
1752739200000,0.10505,0.10703,0.10456,0.10565
1752753600000,0.10565,0.10726,0.10363,0.1049
1752768000000,0.1049,0.10522,0.10235,0.1031
1752782400000,0.1031,0.10747,0.1018,0.10643
1752796800000,0.10643,0.10991,0.10519,0.10978
1752811200000,0.10978,0.11457,0.10937,0.11188
1752825600000,0.11188,0.11347,0.11014,0.11149
1752840000000,0.11149,0.1136,0.1073,0.10814
1752854400000,0.10814,0.11004,0.10609,0.10732
1752868800000,0.10732,0.10766,0.10417,0.10677
1752883200000,0.10677,0.10933,0.10422,0.10928
1752897600000,0.10928,0.11056,0.10767,0.1081
1752912000000,0.1081,0.10835,0.1063,0.10658
1752926400000,0.10658,0.10699,0.10467,0.10576
1752940800000,0.10576,0.11019,0.10523,0.10969
1752955200000,0.10969,0.11052,0.10809,0.10999
1752969600000,0.10999,0.11133,0.10915,0.11025
1752984000000,0.11025,0.11252,0.10991,0.11174
1752998400000,0.11174,0.11487,0.11174,0.1142
1753012800000,0.1142,0.1171,0.11338,0.11682
1753027200000,0.11682,0.11822,0.11552,0.11687
1753041600000,0.11687,0.1171,0.11285,0.1157
1753056000000,0.1157,0.11791,0.11306,0.11785
1753070400000,0.11785,0.11923,0.11629,0.11882
1753084800000,0.11882,0.11997,0.11677,0.11807
1753099200000,0.11807,0.12065,0.1171,0.11805
1753113600000,0.11805,0.11836,0.11386,0.11427
1753128000000,0.11427,0.11561,0.11324,0.1147
1753142400000,0.1147,0.11564,0.11094,0.11238
1753156800000,0.11238,0.11244,0.10922,0.11054
1753171200000,0.11054,0.11475,0.10809,0.11294
1753185600000,0.11294,0.11376,0.10838,0.11078
1753200000000,0.11078,0.11239,0.10928,0.10966
1753214400000,0.10966,0.11388,0.10938,0.11352
1753228800000,0.11352,0.11376,0.11081,0.11191
1753243200000,0.11191,0.11346,0.1103,0.11088
1753257600000,0.11088,0.11102,0.10803,0.10912
1753272000000,0.10912,0.10956,0.10341,0.10571
1753286400000,0.10571,0.10573,0.10081,0.10261
1753300800000,0.10261,0.10326,0.09894,0.10258
1753315200000,0.10258,0.10767,0.10181,0.10656
1753329600000,0.10656,0.10772,0.0984,0.10157
1753344000000,0.10157,0.10444,0.1004,0.10388
1753358400000,0.10388,0.10719,0.10169,0.10551
1753372800000,0.10551,0.10622,0.10264,0.10421
1753387200000,0.10421,0.10551,0.10206,0.10259
1753401600000,0.10259,0.10284,0.09893,0.10023
1753416000000,0.10023,0.10188,0.09876,0.1012
1753430400000,0.1012,0.10413,0.10049,0.10379
1753444800000,0.10379,0.10459,0.09973,0.10113
1753459200000,0.10113,0.10282,0.10034,0.102
1753473600000,0.102,0.10526,0.102,0.10494
1753488000000,0.10494,0.10581,0.10411,0.10507
1753502400000,0.10507,0.10527,0.10403,0.10426
1753516800000,0.10426,0.10594,0.10424,0.10496
1753531200000,0.10496,0.10555,0.10426,0.10529
1753545600000,0.10529,0.10654,0.10408,0.1064
1753560000000,0.1064,0.10716,0.10491,0.10503
1753574400000,0.10503,0.10716,0.10463,0.10625
1753588800000,0.10625,0.10797,0.10605,0.10659
1753603200000,0.10659,0.10751,0.10521,0.10655
1753617600000,0.10655,0.10814,0.10626,0.1076
1753632000000,0.1076,0.10953,0.10754,0.10859
1753646400000,0.10859,0.11057,0.10822,0.10989
1753660800000,0.10989,0.111,0.10797,0.11056
1753675200000,0.11056,0.11272,0.11007,0.1116
1753689600000,0.1116,0.11198,0.10936,0.11012
1753704000000,0.11012,0.11066,0.10468,0.10577
1753718400000,0.10577,0.10613,0.10331,0.10413
1753732800000,0.10413,0.10445,0.10162,0.10294
1753747200000,0.10294,0.10353,0.10049,0.10252
1753761600000,0.10252,0.10667,0.10186,0.10646
1753776000000,0.10646,0.10657,0.10288,0.10381
1753790400000,0.10381,0.10547,0.10126,0.10177
1753804800000,0.10177,0.10262,0.10018,0.10137
1753819200000,0.10137,0.10261,0.10018,0.10213
1753833600000,0.10213,0.10244,0.09992,0.10129
1753848000000,0.10129,0.10177,0.10007,0.10075
1753862400000,0.10075,0.10131,0.09724,0.09781
1753876800000,0.09781,0.10038,0.09691,0.09925
1753891200000,0.09925,0.10065,0.09459,0.09915
1753905600000,0.09915,0.1004,0.09837,0.10019
1753920000000,0.10019,0.10181,0.09988,0.10148
1753934400000,0.10148,0.10241,0.10117,0.10192
1753948800000,0.10192,0.10243,0.10071,0.101
1753963200000,0.101,0.10102,0.09713,0.09815
1753977600000,0.09815,0.1001,0.0962,0.09656
1753992000000,0.09656,0.09669,0.09345,0.09397
1754006400000,0.09397,0.09815,0.09148,0.09396
1754020800000,0.09396,0.09399,0.09194,0.09267
1754035200000,0.09267,0.09267,0.09052,0.09198
1754049600000,0.09198,0.0932,0.08967,0.09258
1754064000000,0.09258,0.09313,0.08993,0.09234
1754078400000,0.09234,0.09259,0.0879,0.09063
1754092800000,0.09063,0.09157,0.09027,0.09138
1754107200000,0.09138,0.09187,0.08881,0.09097
1754121600000,0.09097,0.0911,0.08873,0.08977
1754136000000,0.08977,0.09041,0.08774,0.08804
1754150400000,0.08804,0.089,0.08587,0.08723
1754164800000,0.08723,0.08881,0.08717,0.08839
1754179200000,0.08839,0.08986,0.08717,0.08966
1754193600000,0.08966,0.09012,0.08929,0.08995
1754208000000,0.08995,0.09136,0.08976,0.09095
1754222400000,0.09095,0.09132,0.09033,0.09114
1754236800000,0.09114,0.09194,0.09059,0.09137
1754251200000,0.09137,0.09206,0.09107,0.09134
1754265600000,0.09134,0.09325,0.09118,0.09257
1754280000000,0.09257,0.09309,0.09193,0.09252
1754294400000,0.09252,0.0931,0.0916,0.09188
1754308800000,0.09188,0.09423,0.09168,0.09318
1754323200000,0.09318,0.09488,0.0925,0.09272
1754337600000,0.09272,0.09403,0.09257,0.09336
1754352000000,0.09336,0.09355,0.09082,0.09104
1754366400000,0.09104,0.0915,0.08917,0.08941
1754380800000,0.08941,0.09283,0.08918,0.0927
1754395200000,0.0927,0.09284,0.08805,0.08834
1754409600000,0.08834,0.08928,0.08783,0.08815
1754424000000,0.08815,0.08993,0.0873,0.08978
1754438400000,0.08978,0.08984,0.08754,0.08754
1754452800000,0.08754,0.09073,0.08716,0.09062
1754467200000,0.09062,0.09088,0.08948,0.0899
1754481600000,0.0899,0.09264,0.08899,0.09249
1754496000000,0.09249,0.09293,0.09132,0.09239
1754510400000,0.09239,0.09242,0.09157,0.09176
1754524800000,0.09176,0.0929,0.09161,0.09167
1754539200000,0.09167,0.09303,0.09143,0.09291
1754553600000,0.09291,0.09576,0.09255,0.09556
1754568000000,0.09556,0.09586,0.09417,0.09441
1754582400000,0.09441,0.09464,0.09143,0.09302
1754596800000,0.09302,0.09562,0.09292,0.09557
1754611200000,0.09557,0.09644,0.09397,0.09463
1754625600000,0.09463,0.09544,0.09344,0.09472
1754640000000,0.09472,0.09555,0.09384,0.09442
1754654400000,0.09442,0.09595,0.09297,0.09375
1754668800000,0.09375,0.09686,0.09362,0.09607
1754683200000,0.09607,0.09629,0.09525,0.09571
1754697600000,0.09571,0.09625,0.09507,0.09531
1754712000000,0.09531,0.09847,0.09516,0.09841
1754726400000,0.09841,0.09962,0.09792,0.09955
1754740800000,0.09955,0.10097,0.09851,0.09931
1754755200000,0.09931,0.1009,0.09907,0.10031
1754769600000,0.10031,0.10134,0.09945,0.10011
1754784000000,0.10011,0.10162,0.0996,0.10123
1754798400000,0.10123,0.10178,0.09722,0.09741
1754812800000,0.09741,0.09836,0.09634,0.09651
1754827200000,0.09651,0.09877,0.09594,0.09827
1754841600000,0.09827,0.09983,0.09807,0.09942
1754856000000,0.09942,0.09953,0.09785,0.09926
1754870400000,0.09926,0.10242,0.09828,0.10171
1754884800000,0.10171,0.10253,0.09901,0.09919
1754899200000,0.09919,0.10019,0.09523,0.09554
1754913600000,0.09554,0.09664,0.0942,0.09648
1754928000000,0.09648,0.09781,0.09363,0.09469
1754942400000,0.09469,0.0948,0.0921,0.09323
1754956800000,0.09323,0.09489,0.09298,0.09373
1754971200000,0.09373,0.09446,0.09236,0.09412
1754985600000,0.09412,0.09419,0.09202,0.09354
1755000000000,0.09354,0.09838,0.09291,0.09837
1755014400000,0.09837,0.10059,0.0982,0.10035
1755028800000,0.10035,0.10184,0.10025,0.10135
1755043200000,0.10135,0.10248,0.09981,0.10206
1755057600000,0.10206,0.10253,0.10003,0.10198
1755072000000,0.10198,0.10419,0.10195,0.10354
1755086400000,0.10354,0.1045,0.10165,0.10284
1755100800000,0.10284,0.10391,0.10224,0.10276
1755115200000,0.10276,0.10287,0.10014,0.10147
1755129600000,0.10147,0.1037,0.10088,0.10259
1755144000000,0.10259,0.10316,0.09971,0.10043
1755158400000,0.10043,0.10045,0.09777,0.09814
1755172800000,0.09814,0.09887,0.0922,0.0939
1755187200000,0.0939,0.09391,0.09164,0.09274
1755201600000,0.09274,0.09317,0.09046,0.09278
1755216000000,0.09278,0.0941,0.09228,0.09366
1755230400000,0.09366,0.09472,0.09302,0.09416
1755244800000,0.09416,0.09451,0.09277,0.09309
1755259200000,0.09309,0.09422,0.08955,0.09009
1755273600000,0.09009,0.09152,0.08908,0.09122
1755288000000,0.09122,0.0938,0.09095,0.09292
1755302400000,0.09292,0.09409,0.09283,0.09329
1755316800000,0.09329,0.09414,0.09298,0.09394
1755331200000,0.09394,0.09403,0.09252,0.09273
1755345600000,0.09273,0.0953,0.09255,0.09489
1755360000000,0.09489,0.09543,0.09386,0.0944
1755374400000,0.0944,0.09508,0.09401,0.09462
1755388800000,0.09462,0.09528,0.09374,0.09493
1755403200000,0.09493,0.09571,0.09479,0.09548
1755417600000,0.09548,0.09666,0.09526,0.09637
1755432000000,0.09637,0.09711,0.09505,0.0971
1755446400000,0.0971,0.09765,0.09394,0.09429
1755460800000,0.09429,0.0953,0.09388,0.09393
1755475200000,0.09393,0.09407,0.08998,0.09112
1755489600000,0.09112,0.09199,0.08984,0.09059
1755504000000,0.09059,0.09107,0.08962,0.09059
1755518400000,0.09059,0.09214,0.09025,0.09169
1755532800000,0.09169,0.09271,0.0906,0.09185
1755547200000,0.09185,0.09315,0.09085,0.09104
1755561600000,0.09104,0.09271,0.08947,0.08962
1755576000000,0.08962,0.09063,0.08896,0.09015
1755590400000,0.09015,0.09288,0.08964,0.09284
1755604800000,0.09284,0.09604,0.08931,0.0896
1755619200000,0.0896,0.08976,0.08762,0.08832
1755633600000,0.08832,0.0893,0.08798,0.08828
1755648000000,0.08828,0.0899,0.0875,0.08915
1755662400000,0.08915,0.09013,0.08914,0.08944
1755676800000,0.08944,0.09066,0.08872,0.08994
1755691200000,0.08994,0.09187,0.08813,0.09112
1755705600000,0.09112,0.09289,0.0907,0.09286
1755720000000,0.09286,0.09338,0.09229,0.0925
1755734400000,0.0925,0.09317,0.09153,0.09209
1755748800000,0.09209,0.09251,0.09071,0.09129
1755763200000,0.09129,0.09153,0.08982,0.09012
1755777600000,0.09012,0.09132,0.08921,0.08939
1755792000000,0.08939,0.09062,0.08913,0.08958
1755806400000,0.08958,0.09074,0.08911,0.08948
1755820800000,0.08948,0.09089,0.08883,0.08937
1755835200000,0.08937,0.09053,0.08936,0.09037
1755849600000,0.09037,0.09085,0.08823,0.08826
1755864000000,0.08826,0.09518,0.08663,0.09436
1755878400000,0.09436,0.09821,0.09436,0.09726
1755892800000,0.09726,0.09805,0.09666,0.09704
1755907200000,0.09704,0.09741,0.09363,0.09413
1755921600000,0.09413,0.09684,0.09407,0.09509
1755936000000,0.09509,0.09551,0.09434,0.09456
1755950400000,0.09456,0.09514,0.09411,0.09471
1755964800000,0.09471,0.09606,0.09416,0.09599
1755979200000,0.09599,0.09603,0.09489,0.09548
1755993600000,0.09548,0.09575,0.0938,0.09427
1756008000000,0.09427,0.09449,0.0922,0.09222
1756022400000,0.09222,0.09262,0.09088,0.09148
1756036800000,0.09148,0.09351,0.09135,0.09271
1756051200000,0.09271,0.0977,0.09219,0.09453
1756065600000,0.09453,0.09509,0.09237,0.09408
1756080000000,0.09408,0.09554,0.09207,0.09483
1756094400000,0.09483,0.09502,0.08978,0.09008
1756108800000,0.09008,0.09083,0.08903,0.09023
1756123200000,0.09023,0.09115,0.08948,0.0899
1756137600000,0.0899,0.09057,0.08711,0.08724
1756152000000,0.08724,0.08736,0.08466,0.08629
1756166400000,0.08629,0.08786,0.08557,0.08745
1756180800000,0.08745,0.08883,0.0874,0.08803
1756195200000,0.08803,0.08859,0.08745,0.08764
1756209600000,0.08764,0.08974,0.08704,0.08897
1756224000000,0.08897,0.09039,0.08852,0.09024
1756238400000,0.09024,0.0906,0.08967,0.08992
1756252800000,0.08992,0.09053,0.08891,0.09008
1756267200000,0.09008,0.09093,0.0892,0.0895
1756281600000,0.0895,0.09031,0.08915,0.09006
1756296000000,0.09006,0.09119,0.08916,0.09106
1756310400000,0.09106,0.0919,0.08996,0.09047
1756324800000,0.09047,0.09197,0.08948,0.09044
1756339200000,0.09044,0.09145,0.08979,0.09139
1756353600000,0.09139,0.09242,0.09121,0.09174
1756368000000,0.09174,0.09251,0.09077,0.09151
1756382400000,0.09151,0.09401,0.09124,0.0925
1756396800000,0.0925,0.09313,0.09063,0.09063
1756411200000,0.09063,0.09356,0.09053,0.09346
1756425600000,0.09346,0.09391,0.09167,0.09201
1756440000000,0.09201,0.09246,0.08906,0.0892
1756454400000,0.0892,0.08932,0.0869,0.08821
1756468800000,0.08821,0.0909,0.08688,0.08769
1756483200000,0.08769,0.08809,0.08612,0.08721
1756497600000,0.08721,0.08813,0.08614,0.08773
1756512000000,0.08773,0.08932,0.08643,0.08901
1756526400000,0.08901,0.08945,0.08858,0.08945
1756540800000,0.08945,0.08947,0.08841,0.08878
1756555200000,0.08878,0.08913,0.08737,0.089
1756569600000,0.089,0.0891,0.08833,0.08887
1756584000000,0.08887,0.08941,0.08854,0.08939
1756598400000,0.08939,0.09183,0.08939,0.09153
1756612800000,0.09153,0.09166,0.09031,0.09054
1756627200000,0.09054,0.09158,0.08957,0.09033
1756641600000,0.09033,0.0907,0.08936,0.09033
1756656000000,0.09033,0.09091,0.08967,0.09015
1756670400000,0.09015,0.0906,0.08839,0.08842
1756684800000,0.08842,0.08893,0.08699,0.08758
1756699200000,0.08758,0.09,0.08655,0.08994
1756713600000,0.08994,0.09148,0.08836,0.08844
1756728000000,0.08844,0.08895,0.087,0.0872
1756742400000,0.0872,0.08794,0.08652,0.0879
1756756800000,0.0879,0.08808,0.08512,0.08712
1756771200000,0.08712,0.08882,0.0865,0.08842
1756785600000,0.08842,0.08896,0.08783,0.08803
1756800000000,0.08803,0.08875,0.08772,0.0878
1756814400000,0.0878,0.08912,0.08614,0.08664
1756828800000,0.08664,0.08833,0.08664,0.08726
1756843200000,0.08726,0.08918,0.08715,0.08908
1756857600000,0.08908,0.09006,0.08858,0.08947
1756872000000,0.08947,0.08961,0.08856,0.08927
1756886400000,0.08927,0.09024,0.0889,0.08981
1756900800000,0.08981,0.09098,0.08922,0.09063
1756915200000,0.09063,0.09091,0.08947,0.09016
1756929600000,0.09016,0.09027,0.08921,0.0894
1756944000000,0.0894,0.08993,0.08798,0.08802
1756958400000,0.08802,0.08823,0.0865,0.08699
1756972800000,0.08699,0.08786,0.08693,0.08734
1756987200000,0.08734,0.08783,0.08612,0.08672
1757001600000,0.08672,0.08707,0.08587,0.08609
1757016000000,0.08609,0.08761,0.086,0.08661
1757030400000,0.08661,0.08783,0.08653,0.08782
1757044800000,0.08782,0.08997,0.08758,0.08997
1757059200000,0.08997,0.09026,0.08874,0.08923
1757073600000,0.08923,0.09082,0.08718,0.08805
1757088000000,0.08805,0.08852,0.08752,0.08846
1757102400000,0.08846,0.08916,0.08819,0.08861
1757116800000,0.08861,0.08904,0.08847,0.08859
1757131200000,0.08859,0.08861,0.08762,0.08779
1757145600000,0.08779,0.08789,0.08726,0.08771
1757160000000,0.08771,0.08817,0.08724,0.08733
1757174400000,0.08733,0.08804,0.08686,0.08699
1757188800000,0.08699,0.08787,0.08686,0.08758
1757203200000,0.08758,0.08903,0.08754,0.0889
1757217600000,0.0889,0.08961,0.08861,0.0889
1757232000000,0.0889,0.08943,0.08859,0.08901
1757246400000,0.08901,0.08921,0.08865,0.08898
1757260800000,0.08898,0.08916,0.08768,0.08805
1757275200000,0.08805,0.0891,0.08777,0.08886
1757289600000,0.08886,0.09013,0.08825,0.0896
1757304000000,0.0896,0.09011,0.08911,0.08941
1757318400000,0.08941,0.09124,0.08941,0.09022
1757332800000,0.09022,0.09213,0.08993,0.09178
1757347200000,0.09178,0.0925,0.0908,0.09114
1757361600000,0.09114,0.09205,0.09038,0.09176
1757376000000,0.09176,0.09478,0.09167,0.0947
1757390400000,0.0947,0.09695,0.0938,0.09585
1757404800000,0.09585,0.09822,0.0957,0.09688
1757419200000,0.09688,0.0978,0.09373,0.09464
1757433600000,0.09464,0.10012,0.09377,0.09948
1757448000000,0.09948,0.102,0.09631,0.09915
1757462400000,0.09915,0.10033,0.09764,0.09962
1757476800000,0.09962,0.0998,0.09734,0.0976
1757491200000,0.0976,0.09856,0.09671,0.0977
1757505600000,0.0977,0.10014,0.09759,0.09823
1757520000000,0.09823,0.09885,0.09612,0.09664
1757534400000,0.09664,0.09798,0.09655,0.09772
1757548800000,0.09772,0.09877,0.09754,0.09852
1757563200000,0.09852,0.09852,0.09703,0.09826
1757577600000,0.09826,0.09871,0.09677,0.09687
1757592000000,0.09687,0.09834,0.09525,0.09671
1757606400000,0.09671,0.0989,0.09671,0.09869
1757620800000,0.09869,0.10072,0.09843,0.09991
1757635200000,0.09991,0.10106,0.09883,0.09925
1757649600000,0.09925,0.10073,0.09893,0.09961
1757664000000,0.09961,0.09969,0.09779,0.09788
1757678400000,0.09788,0.09987,0.09764,0.09831
1757692800000,0.09831,0.10124,0.09823,0.10117
1757707200000,0.10117,0.10137,0.10007,0.10075
1757721600000,0.10075,0.10164,0.1003,0.1012
1757736000000,0.1012,0.10151,0.10056,0.10064
1757750400000,0.10064,0.10284,0.10062,0.10273
1757764800000,0.10273,0.10328,0.1004,0.10111
1757779200000,0.10111,0.10162,0.09936,0.10046
1757793600000,0.10046,0.10135,0.10042,0.10085
1757808000000,0.10085,0.10089,0.0988,0.09891
1757822400000,0.09891,0.10011,0.09811,0.09908
1757836800000,0.09908,0.0998,0.0973,0.0974
1757851200000,0.0974,0.09784,0.09587,0.09637
1757865600000,0.09637,0.09722,0.09603,0.0964
1757880000000,0.0964,0.0975,0.09591,0.09631
1757894400000,0.09631,0.09717,0.09503,0.09705
1757908800000,0.09705,0.09769,0.09471,0.09497
1757923200000,0.09497,0.09497,0.09237,0.09304
1757937600000,0.09304,0.09342,0.0916,0.0924
1757952000000,0.0924,0.0929,0.09131,0.09254
1757966400000,0.09254,0.09331,0.0924,0.09312
1757980800000,0.09312,0.09322,0.09209,0.09209
1757995200000,0.09209,0.09345,0.0915,0.09325
1758009600000,0.09325,0.09433,0.09325,0.09377
1758024000000,0.09377,0.09493,0.09272,0.09454
1758038400000,0.09454,0.0953,0.09387,0.09491
1758052800000,0.09491,0.09519,0.09452,0.09459
1758067200000,0.09459,0.09517,0.09362,0.09378
1758081600000,0.09378,0.0945,0.09297,0.09441
1758096000000,0.09441,0.09447,0.09238,0.09291
1758110400000,0.09291,0.09346,0.09257,0.09276
1758124800000,0.09276,0.09584,0.09203,0.09564
1758139200000,0.09564,0.09792,0.09429,0.09722
1758153600000,0.09722,0.09813,0.09668,0.09759
1758168000000,0.09759,0.09794,0.09608,0.09662
1758182400000,0.09662,0.09784,0.09651,0.0971
1758196800000,0.0971,0.09864,0.09673,0.09811
1758211200000,0.09811,0.09952,0.09808,0.09875
1758225600000,0.09875,0.0994,0.09793,0.09851
1758240000000,0.09851,0.09989,0.09683,0.09692
1758254400000,0.09692,0.09759,0.09588,0.09681
1758268800000,0.09681,0.09729,0.09459,0.09482
1758283200000,0.09482,0.09581,0.09338,0.09403
1758297600000,0.09403,0.09445,0.09267,0.09291
1758312000000,0.09291,0.09358,0.09214,0.09282
1758326400000,0.09282,0.09304,0.09189,0.09268
1758340800000,0.09268,0.0941,0.09243,0.09409
1758355200000,0.09409,0.09411,0.09241,0.09306
1758369600000,0.09306,0.09498,0.09279,0.09433
1758384000000,0.09433,0.09477,0.09342,0.09368
1758398400000,0.09368,0.09455,0.0936,0.09408
1758412800000,0.09408,0.09433,0.09326,0.09401
1758427200000,0.09401,0.09472,0.09356,0.094
1758441600000,0.094,0.09421,0.09213,0.09278
1758456000000,0.09278,0.09375,0.09275,0.09301
1758470400000,0.09301,0.0934,0.09215,0.09312
1758484800000,0.09312,0.09321,0.09212,0.09213
1758499200000,0.09213,0.09259,0.08817,0.08903
1758513600000,0.08903,0.08936,0.07926,0.08457
1758528000000,0.08457,0.08496,0.08357,0.08425
1758542400000,0.08425,0.0851,0.08368,0.08394
1758556800000,0.08394,0.08453,0.08291,0.08307
1758571200000,0.08307,0.08524,0.08291,0.08513
1758585600000,0.08513,0.08551,0.08288,0.08438
1758600000000,0.08438,0.08493,0.08341,0.08428
1758614400000,0.08428,0.08487,0.08403,0.08455
1758628800000,0.08455,0.0851,0.08369,0.08458
1758643200000,0.08458,0.08533,0.08322,0.08345
1758657600000,0.08345,0.08434,0.08319,0.08345
1758672000000,0.08345,0.08496,0.08289,0.08324
1758686400000,0.08324,0.08502,0.08213,0.08438
1758700800000,0.08438,0.0851,0.08409,0.085
1758715200000,0.085,0.08566,0.08423,0.08453
1758729600000,0.08453,0.08521,0.08424,0.0845
1758744000000,0.0845,0.08459,0.08336,0.08367
1758758400000,0.08367,0.08384,0.08202,0.08265
1758772800000,0.08265,0.08294,0.08117,0.08144
1758787200000,0.08144,0.08241,0.08102,0.08125
1758801600000,0.08125,0.08306,0.0799,0.08194
1758816000000,0.08194,0.08206,0.07824,0.08071
1758830400000,0.08071,0.08089,0.07913,0.07977
1758844800000,0.07977,0.08097,0.07931,0.08072
1758859200000,0.08072,0.08077,0.07953,0.08026
1758873600000,0.08026,0.08083,0.07895,0.07982
1758888000000,0.07982,0.08107,0.07898,0.08063
1758902400000,0.08063,0.08277,0.08056,0.08201
1758916800000,0.08201,0.08257,0.08174,0.08236
1758931200000,0.08236,0.08241,0.0816,0.08191
1758945600000,0.08191,0.08258,0.08158,0.08165
1758960000000,0.08165,0.08192,0.08076,0.08172
1758974400000,0.08172,0.0821,0.08126,0.08198
1758988800000,0.08198,0.08208,0.0804,0.08083
1759003200000,0.08083,0.08153,0.08061,0.08088
1759017600000,0.08088,0.08114,0.07971,0.08011
1759032000000,0.08011,0.08022,0.07945,0.07975
1759046400000,0.07975,0.07994,0.07912,0.07945
1759060800000,0.07945,0.08034,0.0788,0.08022
1759075200000,0.08022,0.08095,0.08022,0.08081
1759089600000,0.08081,0.08293,0.08081,0.08265
1759104000000,0.08265,0.08277,0.08156,0.0819
1759118400000,0.0819,0.08192,0.08094,0.0815
1759132800000,0.0815,0.08199,0.08042,0.08078
1759147200000,0.08078,0.08333,0.07973,0.08184
1759161600000,0.08184,0.08253,0.08082,0.08247
1759176000000,0.08247,0.08319,0.08155,0.08156
1759190400000,0.08156,0.08188,0.08028,0.08035
1759204800000,0.08035,0.08097,0.07992,0.0802
1759219200000,0.0802,0.0803,0.07933,0.08009
1759233600000,0.08009,0.08016,0.07833,0.07907
1759248000000,0.07907,0.08072,0.07825,0.08061
1759262400000,0.08061,0.08118,0.07981,0.08042
1759276800000,0.08042,0.08114,0.07986,0.07992
1759291200000,0.07992,0.0812,0.07986,0.08079
1759305600000,0.08079,0.0851,0.08073,0.08399
1759320000000,0.08399,0.08437,0.08329,0.08393
1759334400000,0.08393,0.0849,0.08347,0.08463
1759348800000,0.08463,0.08492,0.0842,0.08488
1759363200000,0.08488,0.08603,0.08453,0.08593
1759377600000,0.08593,0.08689,0.08557,0.08599
1759392000000,0.08599,0.08703,0.08599,0.08667
1759406400000,0.08667,0.08712,0.08503,0.0866
1759420800000,0.0866,0.08862,0.08652,0.08833
1759435200000,0.08833,0.08892,0.08787,0.08848
1759449600000,0.08848,0.0885,0.0869,0.08735
1759464000000,0.08735,0.08822,0.08691,0.08723
1759478400000,0.08723,0.08727,0.08603,0.08617
1759492800000,0.08617,0.08821,0.08531,0.08815
1759507200000,0.08815,0.08916,0.08573,0.08672
1759521600000,0.08672,0.08675,0.08552,0.08565
1759536000000,0.08565,0.08587,0.08401,0.08435
1759550400000,0.08435,0.08478,0.08385,0.08417
1759564800000,0.08417,0.08429,0.08241,0.08301
1759579200000,0.08301,0.08406,0.08209,0.08248
1759593600000,0.08248,0.08309,0.08193,0.08309
1759608000000,0.08309,0.08415,0.08308,0.08376
1759622400000,0.08376,0.08563,0.08293,0.085
1759636800000,0.085,0.08714,0.08499,0.08707
1759651200000,0.08707,0.08741,0.08459,0.0854
1759665600000,0.0854,0.0854,0.08389,0.08443
1759680000000,0.08443,0.08458,0.08221,0.08226
1759694400000,0.08226,0.08323,0.08209,0.08284
1759708800000,0.08284,0.08376,0.08229,0.08338
1759723200000,0.08338,0.0844,0.08278,0.08336
1759737600000,0.08336,0.08464,0.08336,0.0842
1759752000000,0.0842,0.08703,0.0842,0.08667
1759766400000,0.08667,0.08716,0.086,0.08652
1759780800000,0.08652,0.08709,0.08563,0.08591
1759795200000,0.08591,0.08669,0.08563,0.08582
1759809600000,0.08582,0.087,0.08425,0.08452
1759824000000,0.08452,0.08534,0.08317,0.0853
1759838400000,0.0853,0.08611,0.08172,0.08223
1759852800000,0.08223,0.0835,0.08145,0.08223
1759867200000,0.08223,0.08302,0.08168,0.08197
1759881600000,0.08197,0.08274,0.08079,0.08127
1759896000000,0.08127,0.08242,0.08095,0.0824
1759910400000,0.0824,0.08293,0.08179,0.08194
1759924800000,0.08194,0.0834,0.08169,0.08243
1759939200000,0.08243,0.08456,0.08226,0.08386
1759953600000,0.08386,0.08413,0.08281,0.08301
1759968000000,0.08301,0.0832,0.08055,0.08181
1759982400000,0.08181,0.08242,0.08097,0.08113
1759996800000,0.08113,0.08119,0.07973,0.08082
1760011200000,0.08082,0.08169,0.07943,0.07986
1760025600000,0.07986,0.08124,0.07925,0.08074
1760040000000,0.08074,0.08185,0.08065,0.08114
1760054400000,0.08114,0.0825,0.08044,0.08163
1760068800000,0.08163,0.08209,0.08045,0.08049
1760083200000,0.08049,0.08239,0.08023,0.08233
1760097600000,0.08233,0.08332,0.07757,0.07854
1760112000000,0.07854,0.07942,0.07635,0.07724
1760126400000,0.07724,0.07756,0.02949,0.06047
1760140800000,0.06047,0.06351,0.05852,0.0623
1760155200000,0.0623,0.06454,0.06217,0.06416
1760169600000,0.06416,0.06715,0.06384,0.06672
1760184000000,0.06672,0.06685,0.06436,0.06625
1760198400000,0.06625,0.0666,0.06232,0.06289
1760212800000,0.06289,0.06314,0.06086,0.06253
1760227200000,0.06253,0.06326,0.06107,0.06246
1760241600000,0.06246,0.06469,0.06232,0.06414
1760256000000,0.06414,0.06467,0.06308,0.0642
1760270400000,0.0642,0.06814,0.06338,0.06781
1760284800000,0.06781,0.06962,0.06755,0.06957
1760299200000,0.06957,0.07008,0.06822,0.06904
1760313600000,0.06904,0.06947,0.06774,0.06855
1760328000000,0.06855,0.07016,0.06786,0.06917
1760342400000,0.06917,0.07104,0.06761,0.06903
1760356800000,0.06903,0.0716,0.06846,0.07076
1760371200000,0.07076,0.07361,0.07015,0.07344
1760385600000,0.07344,0.07489,0.07302,0.07349
1760400000000,0.07349,0.07373,0.07066,0.07086
1760414400000,0.07086,0.07114,0.06594,0.06668
1760428800000,0.06668,0.06776,0.06511,0.06719
1760443200000,0.06719,0.06976,0.06551,0.06974
1760457600000,0.06974,0.0707,0.06842,0.0694
1760472000000,0.0694,0.07044,0.06899,0.07002
1760486400000,0.07002,0.07043,0.06856,0.069
1760500800000,0.069,0.07052,0.06856,0.07019
1760515200000,0.07019,0.07111,0.06833,0.06848
1760529600000,0.06848,0.06871,0.06606,0.06651
1760544000000,0.06651,0.06701,0.06556,0.06585
1760558400000,0.06585,0.06648,0.06484,0.06625
1760572800000,0.06625,0.06718,0.066,0.06633
1760587200000,0.06633,0.06717,0.0658,0.06629
1760601600000,0.06629,0.06781,0.06429,0.06732
1760616000000,0.06732,0.06784,0.06392,0.06435
1760630400000,0.06435,0.06618,0.06337,0.06401
1760644800000,0.06401,0.0644,0.06297,0.06383
1760659200000,0.06383,0.0651,0.06361,0.06507
1760673600000,0.06507,0.0651,0.06041,0.06065
1760688000000,0.06065,0.06302,0.05939,0.0625
1760702400000,0.0625,0.06293,0.06095,0.06274
1760716800000,0.06274,0.06358,0.06178,0.06228
1760731200000,0.06228,0.06331,0.06174,0.06189
1760745600000,0.06189,0.06322,0.06182,0.0629
1760760000000,0.0629,0.06383,0.06227,0.06265
1760774400000,0.06265,0.06298,0.06224,0.06285
1760788800000,0.06285,0.06306,0.06171,0.06195
1760803200000,0.06195,0.06287,0.06142,0.06272
1760817600000,0.06272,0.06297,0.06214,0.06247
1760832000000,0.06247,0.06295,0.06202,0.06286
1760846400000,0.06286,0.0629,0.06179,0.06209
1760860800000,0.06209,0.06416,0.06162,0.06362
1760875200000,0.06362,0.06494,0.06317,0.06474
1760889600000,0.06474,0.06516,0.06424,0.06444
1760904000000,0.06444,0.06471,0.0639,0.06397
1760918400000,0.06397,0.06589,0.06266,0.06572
1760932800000,0.06572,0.06719,0.06542,0.06681
1760947200000,0.06681,0.06704,0.06599,0.06646
1760961600000,0.06646,0.06708,0.06613,0.06613
1760976000000,0.06613,0.06613,0.06489,0.06589
1760990400000,0.06589,0.06674,0.06562,0.06565
1761004800000,0.06565,0.06574,0.06395,0.06412
1761019200000,0.06412,0.06412,0.06273,0.06393
1761033600000,0.06393,0.06454,0.06305,0.06439
1761048000000,0.06439,0.06835,0.06413,0.06783
1761062400000,0.06783,0.06841,0.06612,0.06636
1761076800000,0.06636,0.06649,0.06305,0.06336
1761091200000,0.06336,0.06373,0.06281,0.06347
1761105600000,0.06347,0.06392,0.06235,0.06292
1761120000000,0.06292,0.06292,0.06109,0.06223
1761134400000,0.06223,0.06347,0.06186,0.06263
1761148800000,0.06263,0.06279,0.06126,0.06187
1761163200000,0.06187,0.06201,0.0597,0.0616
1761177600000,0.0616,0.06185,0.06121,0.06158
1761192000000,0.06158,0.06272,0.06149,0.06224
1761206400000,0.06224,0.06266,0.06166,0.06179
1761220800000,0.06179,0.06319,0.06119,0.06285
1761235200000,0.06285,0.0644,0.06283,0.06368
1761249600000,0.06368,0.06377,0.06278,0.06343
1761264000000,0.06343,0.06409,0.06332,0.06371
1761278400000,0.06371,0.06526,0.06357,0.06495
1761292800000,0.06495,0.0655,0.06375,0.06436
1761307200000,0.06436,0.06591,0.06332,0.06357
1761321600000,0.06357,0.06472,0.06315,0.06444
1761336000000,0.06444,0.06515,0.0643,0.06493
1761350400000,0.06493,0.06493,0.06389,0.06391
1761364800000,0.06391,0.06419,0.06346,0.06363
1761379200000,0.06363,0.06405,0.06326,0.06365
1761393600000,0.06365,0.06481,0.06365,0.06455
1761408000000,0.06455,0.06526,0.06432,0.06516
1761422400000,0.06516,0.06549,0.06454,0.06469
1761436800000,0.06469,0.0648,0.06391,0.06409
1761451200000,0.06409,0.06512,0.06402,0.0651
1761465600000,0.0651,0.06628,0.06498,0.0662
1761480000000,0.0662,0.06665,0.06574,0.06612
1761494400000,0.06612,0.06612,0.06547,0.06558
1761508800000,0.06558,0.06743,0.06524,0.06648
1761523200000,0.06648,0.06741,0.06631,0.06687
1761537600000,0.06687,0.06753,0.06593,0.0666
1761552000000,0.0666,0.067,0.06511,0.06561
1761566400000,0.06561,0.0657,0.06433,0.06519
1761580800000,0.06519,0.06705,0.06519,0.06552
1761595200000,0.06552,0.06556,0.06434,0.06497
1761609600000,0.06497,0.06557,0.06425,0.06455
1761624000000,0.06455,0.06564,0.06403,0.06485
1761638400000,0.06485,0.06516,0.06428,0.06432
1761652800000,0.06432,0.06557,0.06339,0.06446
1761667200000,0.06446,0.06492,0.06288,0.06325
1761681600000,0.06325,0.06325,0.06148,0.0623
1761696000000,0.0623,0.06287,0.06212,0.06257
1761710400000,0.06257,0.06376,0.06252,0.06362
1761724800000,0.06362,0.06449,0.06315,0.06428
1761739200000,0.06428,0.06544,0.06323,0.06364
1761753600000,0.06364,0.06599,0.06229,0.06516
1761768000000,0.06516,0.06615,0.0632,0.06351
1761782400000,0.06351,0.06424,0.06305,0.06375
1761796800000,0.06375,0.06393,0.06117,0.06378
1761811200000,0.06378,0.06383,0.06206,0.06211
1761825600000,0.06211,0.06226,0.05998,0.06035
1761840000000,0.06035,0.0608,0.05899,0.05917
1761854400000,0.05917,0.0609,0.05853,0.06085
1761868800000,0.06085,0.06147,0.06057,0.06146
1761883200000,0.06146,0.06209,0.06105,0.06132
1761897600000,0.06132,0.0622,0.06101,0.06213
1761912000000,0.06213,0.06287,0.06162,0.06229
1761926400000,0.06229,0.06238,0.0602,0.06217
1761940800000,0.06217,0.0622,0.06117,0.06134
1761955200000,0.06134,0.06182,0.06078,0.06175
1761969600000,0.06175,0.06259,0.061,0.06248
1761984000000,0.06248,0.06382,0.06233,0.06381
1761998400000,0.06381,0.06446,0.06307,0.06414
1762012800000,0.06414,0.06455,0.06384,0.06408
1762027200000,0.06408,0.06466,0.06365,0.06415
1762041600000,0.06415,0.06432,0.06351,0.06358
1762056000000,0.06358,0.06531,0.06345,0.06513
1762070400000,0.06513,0.06525,0.06376,0.06501
1762084800000,0.06501,0.06505,0.06251,0.06306
1762099200000,0.06306,0.06375,0.06228,0.06308
1762113600000,0.06308,0.06535,0.06293,0.06515
1762128000000,0.06515,0.06524,0.06033,0.06048
1762142400000,0.06048,0.06105,0.05903,0.05984
1762156800000,0.05984,0.06055,0.05855,0.05951
1762171200000,0.05951,0.06032,0.05459,0.05675
1762185600000,0.05675,0.05851,0.05602,0.05646
1762200000000,0.05646,0.0567,0.055,0.05663
1762214400000,0.05663,0.0575,0.05604,0.05717
1762228800000,0.05717,0.05754,0.05444,0.05477
1762243200000,0.05477,0.05664,0.05449,0.05628
1762257600000,0.05628,0.0575,0.05516,0.05613
1762272000000,0.05613,0.05648,0.05296,0.05383
1762286400000,0.05383,0.05527,0.05146,0.05465
1762300800000,0.05465,0.05576,0.05202,0.05541
1762315200000,0.05541,0.05579,0.05503,0.05564
1762329600000,0.05564,0.05586,0.05445,0.05569
1762344000000,0.05569,0.05653,0.0554,0.05642
1762358400000,0.05642,0.05723,0.05593,0.05651
1762372800000,0.05651,0.05696,0.0559,0.05625
1762387200000,0.05625,0.05626,0.05507,0.05604
1762401600000,0.05604,0.0561,0.05479,0.0549
1762416000000,0.0549,0.0553,0.05448,0.05524
1762430400000,0.05524,0.05619,0.05434,0.05465
1762444800000,0.05465,0.05572,0.05348,0.05535
1762459200000,0.05535,0.05632,0.05486,0.05631
1762473600000,0.05631,0.05813,0.05628,0.05789
1762488000000,0.05789,0.05985,0.0575,0.05958
1762502400000,0.05958,0.06061,0.05818,0.05897
1762516800000,0.05897,0.06282,0.05715,0.06269
1762531200000,0.06269,0.07446,0.06252,0.07387
1762545600000,0.07387,0.07593,0.06957,0.0699
1762560000000,0.0699,0.07199,0.06769,0.06776
1762574400000,0.06776,0.06899,0.06609,0.06722
1762588800000,0.06722,0.06897,0.06645,0.06843
1762603200000,0.06843,0.0686,0.0649,0.06525
1762617600000,0.06525,0.06637,0.06461,0.06584
1762632000000,0.06584,0.06665,0.06562,0.06645
1762646400000,0.06645,0.06667,0.06346,0.06404
1762660800000,0.06404,0.06483,0.06367,0.06479
1762675200000,0.06479,0.06515,0.06295,0.06484
1762689600000,0.06484,0.06624,0.06414,0.06585
1762704000000,0.06585,0.0668,0.06478,0.0668
1762718400000,0.0668,0.06716,0.06539,0.06642
1762732800000,0.06642,0.06953,0.06582,0.06933
1762747200000,0.06933,0.07042,0.06824,0.07038
1762761600000,0.07038,0.07061,0.06872,0.06969
1762776000000,0.06969,0.06989,0.06689,0.06763
1762790400000,0.06763,0.06875,0.06666,0.06799
1762804800000,0.06799,0.06997,0.06704,0.06885
1762819200000,0.06885,0.07005,0.06754,0.06889
1762833600000,0.06889,0.0691,0.06547,0.06558
1762848000000,0.06558,0.06672,0.06552,0.06654
1762862400000,0.06654,0.06714,0.06553,0.06613
1762876800000,0.06613,0.06674,0.06457,0.06474
1762891200000,0.06474,0.06492,0.06321,0.06344
1762905600000,0.06344,0.06497,0.06302,0.06482
1762920000000,0.06482,0.06573,0.06441,0.06491
1762934400000,0.06491,0.06717,0.06491,0.0668
1762948800000,0.0668,0.0672,0.06352,0.06382
1762963200000,0.06382,0.06397,0.06206,0.06281
1762977600000,0.06281,0.06391,0.06255,0.06289
1762992000000,0.06289,0.06419,0.06216,0.06362
1763006400000,0.06362,0.06483,0.06315,0.06376
1763020800000,0.06376,0.06428,0.06284,0.06315
1763035200000,0.06315,0.0645,0.06234,0.063
1763049600000,0.063,0.06316,0.0592,0.05943
1763064000000,0.05943,0.06097,0.05892,0.0604
1763078400000,0.0604,0.06113,0.05925,0.05956
1763092800000,0.05956,0.06018,0.05738,0.05953
1763107200000,0.05953,0.05964,0.05791,0.05838
1763121600000,0.05838,0.05945,0.05728,0.05893
1763136000000,0.05893,0.05955,0.0584,0.05921
1763150400000,0.05921,0.05935,0.05586,0.05643
1763164800000,0.05643,0.05809,0.0562,0.05795
1763179200000,0.05795,0.05911,0.05783,0.05816
1763193600000,0.05816,0.05822,0.05669,0.05698
1763208000000,0.05698,0.05809,0.05682,0.05739
1763222400000,0.05739,0.05808,0.05687,0.05739
1763236800000,0.05739,0.05743,0.05656,0.05694
1763251200000,0.05694,0.05787,0.05606,0.05761
1763265600000,0.05761,0.05786,0.05702,0.05762
1763280000000,0.05762,0.05795,0.05632,0.05642
1763294400000,0.05642,0.05682,0.05515,0.05524
1763308800000,0.05524,0.05593,0.05416,0.05526
1763323200000,0.05526,0.05625,0.05477,0.05589
1763337600000,0.05589,0.05708,0.05527,0.05678
1763352000000,0.05678,0.05762,0.05657,0.05742
1763366400000,0.05742,0.05789,0.05701,0.05734
1763380800000,0.05734,0.05833,0.05533,0.05612
1763395200000,0.05612,0.05697,0.0542,0.05453
1763409600000,0.05453,0.05523,0.05397,0.05515
1763424000000,0.05515,0.05597,0.05429,0.05567
1763438400000,0.05567,0.05633,0.05492,0.05562
1763452800000,0.05562,0.05623,0.05522,0.05527
1763467200000,0.05527,0.05689,0.05491,0.0565
1763481600000,0.0565,0.05756,0.05634,0.05712
1763496000000,0.05712,0.0572,0.05597,0.05609
1763510400000,0.05609,0.05643,0.05505,0.05512
1763524800000,0.05512,0.05532,0.05381,0.05514
1763539200000,0.05514,0.05537,0.05474,0.05493
1763553600000,0.05493,0.05581,0.05394,0.05399
1763568000000,0.05399,0.05434,0.05191,0.05242
1763582400000,0.05242,0.05502,0.05222,0.05469
1763596800000,0.05469,0.05528,0.05446,0.05481
1763611200000,0.05481,0.05554,0.05471,0.05554
1763625600000,0.05554,0.0569,0.05536,0.05677
1763640000000,0.05677,0.05876,0.05677,0.05721
1763654400000,0.05721,0.0573,0.05257,0.05361
1763668800000,0.05361,0.05469,0.05281,0.05309
1763683200000,0.05309,0.05422,0.05219,0.05277
1763697600000,0.05277,0.05302,0.04755,0.05022
1763712000000,0.05022,0.05094,0.04848,0.04859
1763726400000,0.04859,0.05115,0.04753,0.04968
1763740800000,0.04968,0.05153,0.04904,0.04979
1763755200000,0.04979,0.04994,0.04799,0.04919
1763769600000,0.04919,0.04939,0.04822,0.04847
1763784000000,0.04847,0.04849,0.04738,0.04819
1763798400000,0.04819,0.04862,0.04721,0.04814
1763812800000,0.04814,0.04855,0.04738,0.04809
1763827200000,0.04809,0.04879,0.04803,0.04836
1763841600000,0.04836,0.04927,0.04802,0.04866
1763856000000,0.04866,0.04998,0.04844,0.04962
1763870400000,0.04962,0.05042,0.04941,0.05001
1763884800000,0.05001,0.05009,0.04942,0.04985
1763899200000,0.04985,0.05041,0.04972,0.05016
1763913600000,0.05016,0.05028,0.04961,0.05003
1763928000000,0.05003,0.05008,0.04907,0.04916
1763942400000,0.04916,0.05046,0.04873,0.05005
1763956800000,0.05005,0.05081,0.04925,0.05014
1763971200000,0.05014,0.05019,0.04888,0.04945
1763985600000,0.04945,0.05031,0.04882,0.04999
1764000000000,0.04999,0.05205,0.04999,0.05162
1764014400000,0.05162,0.05225,0.05116,0.0512
1764028800000,0.0512,0.0515,0.05047,0.05073
1764043200000,0.05073,0.05103,0.05033,0.05039
1764057600000,0.05039,0.05065,0.04996,0.05046
1764072000000,0.05046,0.05098,0.04964,0.0505
1764086400000,0.0505,0.05192,0.05045,0.05122
1764100800000,0.05122,0.0524,0.05094,0.05209
1764115200000,0.05209,0.0523,0.05071,0.05078
1764129600000,0.05078,0.05129,0.05047,0.05129
1764144000000,0.05129,0.05129,0.0501,0.0502
1764158400000,0.0502,0.05063,0.04975,0.05007
1764172800000,0.05007,0.0523,0.05007,0.05173
1764187200000,0.05173,0.052,0.05141,0.0519
1764201600000,0.0519,0.05233,0.05157,0.05179
1764216000000,0.05179,0.0521,0.05146,0.05172
1764230400000,0.05172,0.05216,0.05145,0.0515
1764244800000,0.0515,0.052,0.0512,0.05199
1764259200000,0.05199,0.05286,0.05192,0.05267
1764273600000,0.05267,0.05295,0.05189,0.05199
1764288000000,0.05199,0.05229,0.05124,0.05163
1764302400000,0.05163,0.05185,0.0513,0.05171
1764316800000,0.05171,0.05286,0.05157,0.05182
1764331200000,0.05182,0.05273,0.05158,0.05233
1764345600000,0.05233,0.05233,0.05039,0.05107
1764360000000,0.05107,0.05122,0.05065,0.05105
1764374400000,0.05105,0.05139,0.05088,0.05107
1764388800000,0.05107,0.05131,0.0506,0.0507
1764403200000,0.0507,0.05111,0.05039,0.05108
1764417600000,0.05108,0.05116,0.05055,0.05096
1764432000000,0.05096,0.05096,0.05003,0.05013
1764446400000,0.05013,0.05043,0.04988,0.0503
1764460800000,0.0503,0.05061,0.04982,0.0504
1764475200000,0.0504,0.05041,0.04988,0.0503
1764489600000,0.0503,0.0506,0.04982,0.04987
1764504000000,0.04987,0.05071,0.04971,0.04995
1764518400000,0.04995,0.05039,0.04993,0.05019
1764532800000,0.05019,0.05042,0.04917,0.04926
1764547200000,0.04926,0.04942,0.04584,0.04593
1764561600000,0.04593,0.04642,0.04542,0.04636
1764576000000,0.04636,0.04671,0.04619,0.04638
1764590400000,0.04638,0.04665,0.04488,0.04559
1764604800000,0.04559,0.04576,0.04513,0.04521
1764619200000,0.04521,0.04644,0.04521,0.04626
1764633600000,0.04626,0.04672,0.04576,0.0463
1764648000000,0.0463,0.04668,0.04623,0.0466
1764662400000,0.0466,0.04794,0.04609,0.04778
1764676800000,0.04778,0.05057,0.04741,0.05052
1764691200000,0.05052,0.05077,0.04954,0.04955
1764705600000,0.04955,0.04963,0.04892,0.04916
1764720000000,0.04916,0.04979,0.0489,0.04953
1764734400000,0.04953,0.05024,0.04948,0.04968
1764748800000,0.04968,0.05001,0.04948,0.04994
1764763200000,0.04994,0.05021,0.04866,0.04949
1764777600000,0.04949,0.05021,0.04926,0.04981
1764792000000,0.04981,0.05047,0.04957,0.04979
1764806400000,0.04979,0.05018,0.04937,0.04947
1764820800000,0.04947,0.04957,0.04903,0.04932
1764835200000,0.04932,0.04934,0.0489,0.04907
1764849600000,0.04907,0.04937,0.04829,0.04919
1764864000000,0.04919,0.04943,0.04709,0.04797
1764878400000,0.04797,0.04825,0.04773,0.04783
1764892800000,0.04783,0.04839,0.04776,0.04794
1764907200000,0.04794,0.04834,0.04745,0.04813
1764921600000,0.04813,0.04818,0.04693,0.04716
1764936000000,0.04716,0.04738,0.04584,0.04609
1764950400000,0.04609,0.04611,0.04459,0.04515
1764964800000,0.04515,0.04554,0.04502,0.04545
1764979200000,0.04545,0.0456,0.04524,0.0454
1764993600000,0.0454,0.0455,0.04505,0.0454
1765008000000,0.0454,0.04556,0.0452,0.04553
1765022400000,0.04553,0.04622,0.04543,0.04604
1765036800000,0.04604,0.04683,0.04602,0.04634
1765051200000,0.04634,0.04693,0.04623,0.04649
1765065600000,0.04649,0.04682,0.04642,0.04674
1765080000000,0.04674,0.04677,0.04624,0.0464
1765094400000,0.0464,0.04647,0.04565,0.04569
1765108800000,0.04569,0.04595,0.04431,0.04567
1765123200000,0.04567,0.04651,0.04502,0.04646
1765137600000,0.04646,0.04667,0.04443,0.04506
1765152000000,0.04506,0.0459,0.04489,0.04559
1765166400000,0.04559,0.0467,0.04559,0.04646
1765180800000,0.04646,0.04716,0.04632,0.0466
1765195200000,0.0466,0.04696,0.04593,0.04615
1765209600000,0.04615,0.04665,0.0456,0.04573
1765224000000,0.04573,0.04629,0.04561,0.0459
1765238400000,0.0459,0.04614,0.04519,0.04573
1765252800000,0.04573,0.04573,0.04508,0.04551
1765267200000,0.04551,0.04551,0.045,0.04547
1765281600000,0.04547,0.04755,0.04538,0.04746
1765296000000,0.04746,0.04848,0.04746,0.04773
1765310400000,0.04773,0.04779,0.04659,0.04725
1765324800000,0.04725,0.0473,0.04611,0.04618
1765339200000,0.04618,0.04631,0.04586,0.046
1765353600000,0.046,0.04623,0.04532,0.04554
1765368000000,0.04554,0.04585,0.04525,0.04569
1765382400000,0.04569,0.04724,0.04552,0.04718
1765396800000,0.04718,0.04801,0.04539,0.04563
1765411200000,0.04563,0.04567,0.04385,0.044
1765425600000,0.044,0.044,0.04337,0.04362
1765440000000,0.04362,0.04371,0.04313,0.04337
1765454400000,0.04337,0.04392,0.04326,0.04346
1765468800000,0.04346,0.04399,0.04261,0.04354
1765483200000,0.04354,0.04513,0.04353,0.04438
1765497600000,0.04438,0.04463,0.04382,0.04443
1765512000000,0.04443,0.04491,0.04418,0.04457
1765526400000,0.04457,0.04477,0.04327,0.04333
1765540800000,0.04333,0.04381,0.04153,0.04177
1765555200000,0.04177,0.04189,0.04031,0.04059
1765569600000,0.04059,0.04113,0.0405,0.04086
1765584000000,0.04086,0.04106,0.0405,0.04092
1765598400000,0.04092,0.04132,0.04075,0.04119
1765612800000,0.04119,0.04171,0.04119,0.04129
1765627200000,0.04129,0.04158,0.04102,0.04125
1765641600000,0.04125,0.0423,0.04125,0.04196
1765656000000,0.04196,0.04219,0.04148,0.04208
1765670400000,0.04208,0.04213,0.0416,0.04163
1765684800000,0.04163,0.04165,0.04105,0.04127
1765699200000,0.04127,0.04137,0.04046,0.04075
1765713600000,0.04075,0.0409,0.04022,0.04048
1765728000000,0.04048,0.04078,0.03989,0.04006
1765742400000,0.04006,0.04031,0.03948,0.03999
1765756800000,0.03999,0.04117,0.03999,0.04062
1765771200000,0.04062,0.04112,0.04057,0.04061
1765785600000,0.04061,0.04079,0.04027,0.04038
1765800000000,0.04038,0.04055,0.03817,0.03845
1765814400000,0.03845,0.03845,0.03716,0.03786
1765828800000,0.03786,0.03819,0.03751,0.03805
1765843200000,0.03805,0.03814,0.0376,0.03804
1765857600000,0.03804,0.03822,0.03749,0.03774
1765872000000,0.03774,0.03889,0.03773,0.03884
1765886400000,0.03884,0.03912,0.0381,0.03898
1765900800000,0.03898,0.03911,0.03851,0.03888
1765915200000,0.03888,0.03915,0.03861,0.03878
1765929600000,0.03878,0.03887,0.03844,0.03853
1765944000000,0.03853,0.03859,0.03812,0.03841
1765958400000,0.03841,0.03841,0.03798,0.03835
1765972800000,0.03835,0.03999,0.03835,0.03851
1765987200000,0.03851,0.03872,0.03678,0.03734
1766001600000,0.03734,0.03762,0.03707,0.03732
1766016000000,0.03732,0.0374,0.0366,0.03667
1766030400000,0.03667,0.03683,0.03604,0.03639
1766044800000,0.03639,0.03683,0.03637,0.03681
1766059200000,0.03681,0.03814,0.03677,0.03783
1766073600000,0.03783,0.03801,0.03513,0.03519
1766088000000,0.03519,0.03601,0.03512,0.03569
1766102400000,0.03569,0.03668,0.03508,0.03626
1766116800000,0.03626,0.03696,0.036,0.03661
1766131200000,0.03661,0.03682,0.03623,0.03647
1766145600000,0.03647,0.03779,0.03638,0.03707
1766160000000,0.03707,0.03801,0.03692,0.03789
1766174400000,0.03789,0.03819,0.03749,0.0375
1766188800000,0.0375,0.03761,0.03725,0.03755
1766203200000,0.03755,0.03802,0.03722,0.03802
1766217600000,0.03802,0.03819,0.03751,0.03773
1766232000000,0.03773,0.03775,0.03728,0.03756
1766246400000,0.03756,0.03793,0.03755,0.03774
1766260800000,0.03774,0.03798,0.0377,0.03775
1766275200000,0.03775,0.03782,0.03708,0.03723
1766289600000,0.03723,0.03738,0.03714,0.03725
1766304000000,0.03725,0.03754,0.03703,0.03707
1766318400000,0.03707,0.03725,0.03562,0.03602
1766332800000,0.03602,0.03648,0.03585,0.03636
1766347200000,0.03636,0.03678,0.03599,0.03663
1766361600000,0.03663,0.0382,0.03567,0.03632
1766376000000,0.03632,0.03722,0.03631,0.03703
1766390400000,0.03703,0.03853,0.03697,0.0384
1766404800000,0.0384,0.03906,0.03821,0.03872
1766419200000,0.03872,0.03914,0.03797,0.03809
1766433600000,0.03809,0.03824,0.03741,0.0378
1766448000000,0.0378,0.03825,0.03689,0.03698
1766462400000,0.03698,0.03709,0.03637,0.03651
1766476800000,0.03651,0.03718,0.03648,0.03709
1766491200000,0.03709,0.03709,0.03591,0.03623
1766505600000,0.03623,0.03685,0.03616,0.03653
1766520000000,0.03653,0.03701,0.03632,0.03653
1766534400000,0.03653,0.03672,0.03585,0.03613
1766548800000,0.03613,0.03628,0.03566,0.0358
1766563200000,0.0358,0.03583,0.03554,0.0357
1766577600000,0.0357,0.03626,0.03543,0.03615
1766592000000,0.03615,0.03643,0.03597,0.03617
1766606400000,0.03617,0.03669,0.03616,0.03662
1766620800000,0.03662,0.03682,0.03631,0.03679
1766635200000,0.03679,0.03694,0.03653,0.0369
1766649600000,0.0369,0.03714,0.03624,0.03629
1766664000000,0.03629,0.03679,0.03623,0.03666
1766678400000,0.03666,0.03679,0.03633,0.03657
1766692800000,0.03657,0.0366,0.03526,0.03535
1766707200000,0.03535,0.03668,0.03516,0.03638
1766721600000,0.03638,0.03658,0.03591,0.03598
1766736000000,0.03598,0.03687,0.03593,0.03666
1766750400000,0.03666,0.03695,0.03591,0.03616
1766764800000,0.03616,0.03651,0.03589,0.03643
1766779200000,0.03643,0.03659,0.03615,0.03631
1766793600000,0.03631,0.0369,0.03621,0.03679
1766808000000,0.03679,0.03685,0.03658,0.03665
1766822400000,0.03665,0.03701,0.03629,0.03699
1766836800000,0.03699,0.03737,0.03682,0.0373
1766851200000,0.0373,0.03745,0.03721,0.03739
1766865600000,0.03739,0.03823,0.03713,0.03816
1766880000000,0.03816,0.03823,0.03788,0.03807
1766894400000,0.03807,0.03844,0.03803,0.03837
1766908800000,0.03837,0.03852,0.03816,0.03833
1766923200000,0.03833,0.03834,0.03793,0.03801
1766937600000,0.03801,0.03817,0.03747,0.03752
1766952000000,0.03752,0.03786,0.03741,0.03781
1766966400000,0.03781,0.03841,0.03772,0.03837
1766980800000,0.03837,0.0384,0.03756,0.03793
1766995200000,0.03793,0.03798,0.0369,0.03691
1767009600000,0.03691,0.03693,0.03605,0.03642
1767024000000,0.03642,0.03649,0.03534,0.03551
1767038400000,0.03551,0.03576,0.03505,0.03544
1767052800000,0.03544,0.03557,0.03511,0.03547
1767067200000,0.03547,0.03554,0.03506,0.03532
1767081600000,0.03532,0.03569,0.03522,0.03543
1767096000000,0.03543,0.03561,0.03507,0.03551
1767110400000,0.03551,0.03552,0.03479,0.03507
1767124800000,0.03507,0.03507,0.03481,0.03489
1767139200000,0.03489,0.03506,0.03439,0.03457
1767153600000,0.03457,0.03465,0.03432,0.03455
1767168000000,0.03455,0.0349,0.03442,0.03488
1767182400000,0.03488,0.03493,0.03443,0.03452
1767196800000,0.03452,0.03453,0.0329,0.03297
1767211200000,0.03297,0.0334,0.03263,0.03318
1767225600000,0.03318,0.03351,0.03318,0.03329
1767240000000,0.03329,0.0336,0.03295,0.0335
1767254400000,0.0335,0.03445,0.03342,0.03444
1767268800000,0.03444,0.03543,0.03412,0.03536
1767283200000,0.03536,0.03582,0.03516,0.03582
1767297600000,0.03582,0.03617,0.03547,0.03602
1767312000000,0.03602,0.03615,0.03557,0.03612
1767326400000,0.03612,0.03616,0.03546,0.03552
1767340800000,0.03552,0.03637,0.03536,0.03586
1767355200000,0.03586,0.03649,0.03561,0.03609
1767369600000,0.03609,0.03758,0.03609,0.03753
1767384000000,0.03753,0.03773,0.03697,0.03722
1767398400000,0.03722,0.03836,0.03692,0.03829
1767412800000,0.03829,0.03843,0.03628,0.03644
1767427200000,0.03644,0.0367,0.03626,0.03635
1767441600000,0.03635,0.03784,0.03628,0.03702
1767456000000,0.03702,0.03808,0.037,0.03769
1767470400000,0.03769,0.03894,0.03736,0.03844
1767484800000,0.03844,0.03909,0.03824,0.03906
1767499200000,0.03906,0.04005,0.03893,0.03943
1767513600000,0.03943,0.04047,0.0391,0.04043
1767528000000,0.04043,0.04113,0.04,0.04086
1767542400000,0.04086,0.04127,0.04019,0.04051
1767556800000,0.04051,0.041,0.04028,0.04072
1767571200000,0.04072,0.04162,0.04048,0.04092
1767585600000,0.04092,0.04095,0.03974,0.04062
1767600000000,0.04062,0.04074,0.03969,0.04003
1767614400000,0.04003,0.04089,0.03977,0.04082
1767628800000,0.04082,0.0416,0.03996,0.04111
1767643200000,0.04111,0.04216,0.04107,0.04166
1767657600000,0.04166,0.04196,0.04102,0.04175
1767672000000,0.04175,0.04218,0.04127,0.04136
1767686400000,0.04136,0.04222,0.04126,0.04215
1767700800000,0.04215,0.04397,0.04207,0.04284
1767715200000,0.04284,0.04306,0.04038,0.04103
1767729600000,0.04103,0.0429,0.04103,0.04248
1767744000000,0.04248,0.0426,0.04117,0.04158
1767758400000,0.04158,0.04194,0.0412,0.04192
1767772800000,0.04192,0.04221,0.04113,0.04166
1767787200000,0.04166,0.04169,0.04017,0.04043
1767801600000,0.04043,0.04084,0.04004,0.04046
1767816000000,0.04046,0.04073,0.04003,0.04069
1767830400000,0.04069,0.04125,0.04042,0.04065
1767844800000,0.04065,0.0415,0.03973,0.04071
1767859200000,0.04071,0.04081,0.03942,0.03988
1767873600000,0.03988,0.04086,0.03893,0.04079
1767888000000,0.04079,0.0409,0.03999,0.04008
1767902400000,0.04008,0.04078,0.03963,0.04047
1767916800000,0.04047,0.04106,0.04021,0.04097
1767931200000,0.04097,0.04154,0.04075,0.04122
1767945600000,0.04122,0.04212,0.04075,0.04145
1767960000000,0.04145,0.04324,0.04106,0.04291
1767974400000,0.04291,0.04501,0.04162,0.04177
1767988800000,0.04177,0.04294,0.0417,0.04246
1768003200000,0.04246,0.04247,0.04127,0.04151
1768017600000,0.04151,0.04164,0.04092,0.0414
1768032000000,0.0414,0.04209,0.04129,0.04209
1768046400000,0.04209,0.04265,0.04193,0.04233
1768060800000,0.04233,0.04259,0.04183,0.0425
1768075200000,0.0425,0.0428,0.04131,0.04154
1768089600000,0.04154,0.04188,0.04122,0.04182
1768104000000,0.04182,0.04189,0.04132,0.04164
1768118400000,0.04164,0.04207,0.04151,0.04207
1768132800000,0.04207,0.04324,0.04174,0.04194
1768147200000,0.04194,0.04307,0.04181,0.04258
1768161600000,0.04258,0.04261,0.04098,0.0417
1768176000000,0.0417,0.04314,0.04108,0.04233
1768190400000,0.04233,0.04296,0.04141,0.0415
1768204800000,0.0415,0.04172,0.04097,0.04148
1768219200000,0.04148,0.04309,0.04057,0.04285
1768233600000,0.04285,0.04289,0.04114,0.04162
1768248000000,0.04162,0.04193,0.04031,0.04062
1768262400000,0.04062,0.04106,0.04049,0.04102
1768276800000,0.04102,0.04185,0.0409,0.04134
1768291200000,0.04134,0.04233,0.04128,0.04214
1768305600000,0.04214,0.04314,0.04203,0.04275
1768320000000,0.04275,0.0435,0.04258,0.04302
1768334400000,0.04302,0.04431,0.04259,0.04352
1768348800000,0.04352,0.0439,0.04294,0.04333
1768363200000,0.04333,0.04337,0.04275,0.04307
1768377600000,0.04307,0.04345,0.0426,0.04281
1768392000000,0.04281,0.04343,0.04254,0.04321
1768406400000,0.04321,0.04365,0.04195,0.04254
1768420800000,0.04254,0.04279,0.04188,0.04213
1768435200000,0.04213,0.04227,0.04112,0.04118
1768449600000,0.04118,0.04202,0.0411,0.04185
1768464000000,0.04185,0.04229,0.04166,0.04172
1768478400000,0.04172,0.04212,0.04025,0.04096
1768492800000,0.04096,0.0412,0.04,0.04054
1768507200000,0.04054,0.04093,0.04017,0.04079
1768521600000,0.04079,0.04097,0.04041,0.04066
1768536000000,0.04066,0.04099,0.04029,0.04072
1768550400000,0.04072,0.04089,0.04021,0.04044
1768564800000,0.04044,0.04052,0.03928,0.03958
1768579200000,0.03958,0.04031,0.03949,0.04024
1768593600000,0.04024,0.042,0.03998,0.04144
1768608000000,0.04144,0.04281,0.04132,0.04277
1768622400000,0.04277,0.0437,0.0426,0.04323
1768636800000,0.04323,0.04473,0.0432,0.04365
1768651200000,0.04365,0.04428,0.04337,0.04371
1768665600000,0.04371,0.04376,0.04311,0.04345
1768680000000,0.04345,0.04356,0.04255,0.04267
1768694400000,0.04267,0.04337,0.04208,0.04213
1768708800000,0.04213,0.04244,0.04186,0.0424
1768723200000,0.0424,0.04289,0.04219,0.04223
1768737600000,0.04223,0.04233,0.04174,0.04233
1768752000000,0.04233,0.04292,0.04206,0.04259
1768766400000,0.04259,0.04288,0.04023,0.0403
1768780800000,0.0403,0.0403,0.03445,0.03853
1768795200000,0.03853,0.0387,0.03761,0.03787
1768809600000,0.03787,0.03808,0.03736,0.03749
1768824000000,0.03749,0.0379,0.03715,0.03757
1768838400000,0.03757,0.03905,0.03751,0.03868
1768852800000,0.03868,0.03887,0.03795,0.03856
1768867200000,0.03856,0.03904,0.03832,0.03859
1768881600000,0.03859,0.03875,0.03735,0.03735
1768896000000,0.03735,0.03749,0.03676,0.0368
1768910400000,0.0368,0.0374,0.03644,0.03688
1768924800000,0.03688,0.03702,0.03605,0.03629
1768939200000,0.03629,0.03673,0.0357,0.03601
1768953600000,0.03601,0.03727,0.03598,0.03702
1768968000000,0.03702,0.03737,0.03687,0.03714
1768982400000,0.03714,0.03732,0.03667,0.03673
1768996800000,0.03673,0.0377,0.03611,0.03749
1769011200000,0.03749,0.03776,0.03571,0.03771
1769025600000,0.03771,0.03781,0.03657,0.03675
1769040000000,0.03675,0.03787,0.03675,0.03726
1769054400000,0.03726,0.03731,0.03665,0.03684
1769068800000,0.03684,0.03717,0.03653,0.03659
1769083200000,0.03659,0.03679,0.03561,0.03615
1769097600000,0.03615,0.03687,0.03614,0.03657
1769112000000,0.03657,0.03665,0.03611,0.03643
1769126400000,0.03643,0.03738,0.0364,0.03724
1769140800000,0.03724,0.03765,0.03685,0.03692
1769155200000,0.03692,0.03705,0.03645,0.0369
1769169600000,0.0369,0.03731,0.03596,0.03701
1769184000000,0.03701,0.03757,0.03641,0.03659
1769198400000,0.03659,0.03686,0.03625,0.03666
1769212800000,0.03666,0.03695,0.03659,0.0367
1769227200000,0.0367,0.03692,0.03653,0.03679
1769241600000,0.03679,0.037,0.03654,0.03678
1769256000000,0.03678,0.03683,0.03623,0.03624
1769270400000,0.03624,0.03655,0.0361,0.0363
1769284800000,0.0363,0.03661,0.03625,0.03652
1769299200000,0.03652,0.03671,0.03621,0.03627
1769313600000,0.03627,0.03635,0.03592,0.0361
1769328000000,0.0361,0.03624,0.0358,0.03602
1769342400000,0.03602,0.03613,0.03563,0.03576
1769356800000,0.03576,0.03576,0.03426,0.03449
1769371200000,0.03449,0.03516,0.03436,0.03492
1769385600000,0.03492,0.03569,0.03485,0.03527
1769400000000,0.03527,0.03621,0.03527,0.03615
1769414400000,0.03615,0.03648,0.03568,0.03622
1769428800000,0.03622,0.03711,0.03593,0.0365
1769443200000,0.0365,0.03659,0.03578,0.03584
1769457600000,0.03584,0.03654,0.03561,0.03609
1769472000000,0.03609,0.03635,0.03595,0.03598
1769486400000,0.03598,0.03619,0.03577,0.0358
1769500800000,0.0358,0.03588,0.03555,0.03557
1769515200000,0.03557,0.03601,0.03537,0.03599
1769529600000,0.03599,0.0368,0.0355,0.0367
1769544000000,0.0367,0.03703,0.03651,0.03663
1769558400000,0.03663,0.03669,0.03624,0.03626
1769572800000,0.03626,0.03632,0.03578,0.03589
1769587200000,0.03589,0.03638,0.03576,0.03637
1769601600000,0.03637,0.03637,0.03565,0.03573
1769616000000,0.03573,0.03604,0.03544,0.03583
1769630400000,0.03583,0.03716,0.03551,0.03691
1769644800000,0.03691,0.03704,0.03523,0.03541
1769659200000,0.03541,0.03554,0.03514,0.03535
1769673600000,0.03535,0.03537,0.03467,0.03474
1769688000000,0.03474,0.03476,0.03299,0.03368
1769702400000,0.03368,0.03438,0.03299,0.03341
1769716800000,0.03341,0.03421,0.03333,0.03394
1769731200000,0.03394,0.03412,0.03254,0.03295
1769745600000,0.03295,0.03342,0.03255,0.03296
1769760000000,0.03296,0.03352,0.03264,0.03342
1769774400000,0.03342,0.03348,0.03263,0.03295
1769788800000,0.03295,0.03378,0.03215,0.03356
1769803200000,0.03356,0.03357,0.03279,0.03306
1769817600000,0.03306,0.03307,0.0327,0.03285
1769832000000,0.03285,0.03293,0.0322,0.0324
1769846400000,0.0324,0.03244,0.03157,0.03174
1769860800000,0.03174,0.03179,0.0298,0.03037
1769875200000,0.03037,0.03083,0.02642,0.02895
1769889600000,0.02895,0.03044,0.02891,0.0302
1769904000000,0.0302,0.03095,0.03017,0.03095
1769918400000,0.03095,0.03103,0.03055,0.03067
1769932800000,0.03067,0.03128,0.03051,0.03071
1769947200000,0.03071,0.03108,0.02966,0.03007
1769961600000,0.03007,0.03049,0.02969,0.02996
1769976000000,0.02996,0.03049,0.02895,0.02956
1769990400000,0.02956,0.03038,0.02872,0.02981
1770004800000,0.02981,0.0302,0.02882,0.02925
1770019200000,0.02925,0.03007,0.02925,0.02972
1770033600000,0.02972,0.03103,0.02972,0.03086
1770048000000,0.03086,0.03104,0.03043,0.03044
1770062400000,0.03044,0.0306,0.03026,0.03045
1770076800000,0.03045,0.03051,0.02961,0.03023
1770091200000,0.03023,0.03043,0.02981,0.03033
1770105600000,0.03033,0.03039,0.0297,0.03017
1770120000000,0.03017,0.03062,0.0296,0.03054
1770134400000,0.03054,0.03056,0.0283,0.02968
1770148800000,0.02968,0.03097,0.02934,0.02961
1770163200000,0.02961,0.0303,0.02951,0.03014
1770177600000,0.03014,0.03014,0.02957,0.02998
1770192000000,0.02998,0.03,0.02927,0.02959
1770206400000,0.02959,0.02971,0.02837,0.02869
1770220800000,0.02869,0.02963,0.02828,0.02956
1770235200000,0.02956,0.02958,0.02855,0.02905
1770249600000,0.02905,0.02944,0.02841,0.02855
1770264000000,0.02855,0.02881,0.02811,0.02831
1770278400000,0.02831,0.02887,0.02725,0.02761
1770292800000,0.02761,0.02799,0.02562,0.02614
1770307200000,0.02614,0.02661,0.0252,0.02533
1770321600000,0.02533,0.02551,0.02399,0.02471
1770336000000,0.02471,0.02559,0.02251,0.02513
1770350400000,0.02513,0.02626,0.02504,0.02569
1770364800000,0.02569,0.02672,0.02558,0.0266
1770379200000,0.0266,0.02783,0.02642,0.02769
1770393600000,0.02769,0.02943,0.02758,0.02855
1770408000000,0.02855,0.02889,0.02809,0.02862
1770422400000,0.02862,0.02868,0.0281,0.02842
1770436800000,0.02842,0.02882,0.02732,0.02761
1770451200000,0.02761,0.02781,0.02727,0.02743
1770465600000,0.02743,0.02835,0.02738,0.02791
1770480000000,0.02791,0.02885,0.02786,0.02807
1770494400000,0.02807,0.02831,0.0279,0.02805
1770508800000,0.02805,0.02809,0.0276,0.02762
1770523200000,0.02762,0.02772,0.02752,0.02767
1770537600000,0.02767,0.02818,0.02758,0.02818
1770552000000,0.02818,0.02822,0.02769,0.02777
1770566400000,0.02777,0.02788,0.02722,0.02781
1770580800000,0.02781,0.02807,0.02723,0.02748
1770595200000,0.02748,0.02773,0.02725,0.02765
1770609600000,0.02765,0.02773,0.02726,0.0273
1770624000000,0.0273,0.02735,0.02641,0.0267
1770638400000,0.0267,0.02732,0.02663,0.02714
1770652800000,0.02714,0.02763,0.02691,0.02734
1770667200000,0.02734,0.02742,0.02696,0.02711
1770681600000,0.02711,0.02726,0.02659,0.02676
1770696000000,0.02676,0.02695,0.02621,0.02633
1770710400000,0.02633,0.02652,0.02622,0.02632
1770724800000,0.02632,0.02675,0.02626,0.02662
1770739200000,0.02662,0.02679,0.02628,0.02643
1770753600000,0.02643,0.02654,0.02629,0.02651
1770768000000,0.02651,0.02673,0.02633,0.02652
1770782400000,0.02652,0.02655,0.02551,0.02551
1770796800000,0.02551,0.02567,0.02536,0.02565
1770811200000,0.02565,0.02688,0.02541,0.02567
1770825600000,0.02567,0.02621,0.02549,0.02601
1770840000000,0.02601,0.02647,0.0258,0.02606
1770854400000,0.02606,0.02662,0.02606,0.02662
1770868800000,0.02662,0.02702,0.02642,0.02701
1770883200000,0.02701,0.02754,0.0268,0.02733
1770897600000,0.02733,0.02734,0.02647,0.02648
1770912000000,0.02648,0.02679,0.02587,0.02648
1770926400000,0.02648,0.02678,0.02618,0.02678
1770940800000,0.02678,0.02689,0.0264,0.02646
1770955200000,0.02646,0.02652,0.02615,0.02641
1770969600000,0.02641,0.02689,0.02637,0.0267
1770984000000,0.0267,0.02762,0.02647,0.0271
1770998400000,0.0271,0.02772,0.0271,0.02746
1771012800000,0.02746,0.02784,0.02738,0.02751
1771027200000,0.02751,0.02806,0.02751,0.02795
1771041600000,0.02795,0.02797,0.02765,0.02782
1771056000000,0.02782,0.02837,0.02778,0.02832
1771070400000,0.02832,0.02858,0.02798,0.02858
1771084800000,0.02858,0.02933,0.02838,0.02929
1771099200000,0.02929,0.02942,0.02889,0.02897
1771113600000,0.02897,0.02903,0.02835,0.02883
1771128000000,0.02883,0.02932,0.0288,0.02919
1771142400000,0.02919,0.02923,0.02837,0.02847
1771156800000,0.02847,0.02847,0.02741,0.02774
1771171200000,0.02774,0.02778,0.02717,0.02731
1771185600000,0.02731,0.02784,0.02718,0.02783
1771200000000,0.02783,0.02799,0.0276,0.02788
1771214400000,0.02788,0.02806,0.02756,0.02764
1771228800000,0.02764,0.02791,0.02738,0.02774
1771243200000,0.02774,0.02839,0.02728,0.02747
1771257600000,0.02747,0.02791,0.02744,0.02784
1771272000000,0.02784,0.02834,0.02774,0.02814
1771286400000,0.02814,0.02819,0.02781,0.02792
1771300800000,0.02792,0.02805,0.02761,0.02794
1771315200000,0.02794,0.02798,0.02761,0.02776
1771329600000,0.02776,0.02799,0.02731,0.02774
1771344000000,0.02774,0.02814,0.02747,0.02783
1771358400000,0.02783,0.02787,0.02762,0.0277
1771372800000,0.0277,0.02785,0.02747,0.02781
1771387200000,0.02781,0.02795,0.02771,0.02791
1771401600000,0.02791,0.02801,0.02742,0.02756
1771416000000,0.02756,0.02779,0.02709,0.02758
1771430400000,0.02758,0.02761,0.0266,0.02678
1771444800000,0.02678,0.02692,0.02648,0.02685
1771459200000,0.02685,0.02703,0.02663,0.02701
1771473600000,0.02701,0.02706,0.02679,0.02694
1771488000000,0.02694,0.02694,0.02653,0.02663
1771502400000,0.02663,0.02671,0.02599,0.02621
1771516800000,0.02621,0.02647,0.02598,0.02628
1771531200000,0.02628,0.02645,0.02617,0.02643
1771545600000,0.02643,0.02667,0.02639,0.02655
1771560000000,0.02655,0.02677,0.02633,0.02661
1771574400000,0.02661,0.02687,0.02635,0.02638
1771588800000,0.02638,0.02713,0.02589,0.02713
1771603200000,0.02713,0.02731,0.02656,0.02699
1771617600000,0.02699,0.02723,0.02692,0.0272
1771632000000,0.0272,0.02831,0.02719,0.02829
1771646400000,0.02829,0.02921,0.02823,0.02913
1771660800000,0.02913,0.02962,0.02867,0.02886
1771675200000,0.02886,0.02916,0.02806,0.02819
1771689600000,0.02819,0.02849,0.0279,0.0283
1771704000000,0.0283,0.0283,0.02788,0.0279
1771718400000,0.0279,0.02795,0.02695,0.0271
1771732800000,0.0271,0.02719,0.02683,0.02714
1771747200000,0.02714,0.02728,0.027,0.02709
1771761600000,0.02709,0.0271,0.02643,0.02671
1771776000000,0.02671,0.02681,0.02654,0.02669
1771790400000,0.02669,0.02684,0.02648,0.02668
1771804800000,0.02668,0.02674,0.02558,0.02593
1771819200000,0.02593,0.02655,0.02577,0.02642
1771833600000,0.02642,0.02698,0.02637,0.02666
1771848000000,0.02666,0.02686,0.02611,0.02614
1771862400000,0.02614,0.02619,0.02557,0.0257
1771876800000,0.0257,0.02625,0.02563,0.02601
1771891200000,0.02601,0.02616,0.02555,0.02572
1771905600000,0.02572,0.02573,0.02541,0.02555
1771920000000,0.02555,0.02569,0.02545,0.0256
1771934400000,0.0256,0.02614,0.02531,0.02602
1771948800000,0.02602,0.0263,0.02593,0.02611
1771963200000,0.02611,0.02614,0.02548,0.02569
1771977600000,0.02569,0.0266,0.02558,0.02614
1771992000000,0.02614,0.02632,0.02589,0.02614
1772006400000,0.02614,0.02658,0.02598,0.02648
1772020800000,0.02648,0.02803,0.02641,0.02785
1772035200000,0.02785,0.02866,0.02785,0.02866
1772049600000,0.02866,0.02905,0.02744,0.02776
1772064000000,0.02776,0.02799,0.02727,0.02751
1772078400000,0.02751,0.02766,0.02713,0.02721
1772092800000,0.02721,0.02749,0.02692,0.02694
1772107200000,0.02694,0.0271,0.02653,0.02682
1772121600000,0.02682,0.02683,0.02609,0.02666
1772136000000,0.02666,0.02673,0.02651,0.02665
1772150400000,0.02665,0.02699,0.02656,0.02697
1772164800000,0.02697,0.0274,0.02695,0.02728
1772179200000,0.02728,0.02751,0.02662,0.0267
1772193600000,0.0267,0.02677,0.02637,0.02654
1772208000000,0.02654,0.02661,0.02604,0.02612
1772222400000,0.02612,0.02622,0.02561,0.02614
1772236800000,0.02614,0.02623,0.0259,0.02597
1772251200000,0.02597,0.02597,0.02455,0.02498
1772265600000,0.02498,0.02498,0.02435,0.02444
1772280000000,0.02444,0.02535,0.02441,0.02499
1772294400000,0.02499,0.026,0.02487,0.02582
1772308800000,0.02582,0.02659,0.02574,0.0265
1772323200000,0.0265,0.02729,0.02587,0.02678
1772337600000,0.02678,0.02692,0.02643,0.02663
1772352000000,0.02663,0.02669,0.02596,0.02607
1772366400000,0.02607,0.02637,0.02559,0.02593
1772380800000,0.02593,0.02611,0.02529,0.02534
1772395200000,0.02534,0.02578,0.025,0.02557
1772409600000,0.02557,0.02633,0.02555,0.02611
1772424000000,0.02611,0.02635,0.02535,0.02556
1772438400000,0.02556,0.02597,0.02532,0.02569
1772452800000,0.02569,0.02698,0.02546,0.02669
1772467200000,0.02669,0.02698,0.02604,0.02629
1772481600000,0.02629,0.02644,0.02592,0.02603
1772496000000,0.02603,0.0261,0.02559,0.02589
1772510400000,0.02589,0.02599,0.02563,0.02578
1772524800000,0.02578,0.02584,0.02525,0.02546
1772539200000,0.02546,0.02596,0.02534,0.02591
1772553600000,0.02591,0.02646,0.02569,0.02608
1772568000000,0.02608,0.02628,0.02569,0.02599
1772582400000,0.02599,0.02612,0.02563,0.02586
1772596800000,0.02586,0.02612,0.02567,0.02607
1772611200000,0.02607,0.02695,0.02593,0.02631
1772625600000,0.02631,0.02705,0.02597,0.02704
1772640000000,0.02704,0.02715,0.02657,0.02692
1772654400000,0.02692,0.02705,0.02649,0.02672
1772668800000,0.02672,0.0268,0.02638,0.02654
1772683200000,0.02654,0.02678,0.02635,0.02649
1772697600000,0.02649,0.02697,0.02634,0.02672
1772712000000,0.02672,0.02691,0.02621,0.02629
1772726400000,0.02629,0.02636,0.02581,0.02621
1772740800000,0.02621,0.02651,0.02617,0.02625
1772755200000,0.02625,0.02651,0.0261,0.02649
1772769600000,0.02649,0.02652,0.02608,0.02647
1772784000000,0.02647,0.02647,0.02593,0.02596
1772798400000,0.02596,0.02619,0.02518,0.02539
1772812800000,0.02539,0.02569,0.02522,0.02554
1772827200000,0.02554,0.02572,0.02551,0.02563
1772841600000,0.02563,0.02576,0.02548,0.02548
1772856000000,0.02548,0.0256,0.02518,0.02534
1772870400000,0.02534,0.02553,0.02527,0.02544
1772884800000,0.02544,0.02546,0.02508,0.0252
1772899200000,0.0252,0.02539,0.02504,0.02508
1772913600000,0.02508,0.02522,0.02488,0.02505
1772928000000,0.02505,0.02507,0.02469,0.02479
1772942400000,0.02479,0.02498,0.02461,0.02495
1772956800000,0.02495,0.02558,0.02482,0.02529
1772971200000,0.02529,0.02547,0.02496,0.02502
1772985600000,0.02502,0.0251,0.02456,0.025
1773000000000,0.025,0.02509,0.02444,0.02463
1773014400000,0.02463,0.02528,0.02459,0.02502
1773028800000,0.02502,0.02554,0.02494,0.02524
1773043200000,0.02524,0.02539,0.02495,0.02513
1773057600000,0.02513,0.0256,0.02512,0.02536
1773072000000,0.02536,0.02577,0.02517,0.02539
1773086400000,0.02539,0.02542,0.02497,0.02504
1773100800000,0.02504,0.02552,0.02495,0.02519
1773115200000,0.02519,0.02546,0.02512,0.02522
1773129600000,0.02522,0.02559,0.0252,0.02533
1773144000000,0.02533,0.02587,0.02514,0.02562
1773158400000,0.02562,0.02583,0.02499,0.02511
1773172800000,0.02511,0.02521,0.02482,0.02492
1773187200000,0.02492,0.02508,0.02476,0.02492
1773201600000,0.02492,0.0252,0.02473,0.02509
1773216000000,0.02509,0.02569,0.02508,0.02549
1773230400000,0.02549,0.02621,0.02542,0.02564
1773244800000,0.02564,0.02598,0.02556,0.02589
1773259200000,0.02589,0.02604,0.02576,0.02586
1773273600000,0.02586,0.0259,0.02539,0.02544
1773288000000,0.02544,0.02555,0.0253,0.02547
1773302400000,0.02547,0.02583,0.0254,0.02562
1773316800000,0.02562,0.02697,0.02556,0.0264
1773331200000,0.0264,0.02799,0.02627,0.02755
1773345600000,0.02755,0.02933,0.02753,0.02772
1773360000000,0.02772,0.02922,0.02768,0.02801
1773374400000,0.02801,0.02817,0.02721,0.02726
1773388800000,0.02726,0.02736,0.02675,0.02704
1773403200000,0.02704,0.0277,0.02696,0.02736
1773417600000,0.02736,0.02769,0.02685,0.02699
1773432000000,0.02699,0.02713,0.0267,0.0268
1773446400000,0.0268,0.02699,0.02648,0.0269
1773460800000,0.0269,0.02692,0.02632,0.02645
1773475200000,0.02645,0.02645,0.02615,0.02635
1773489600000,0.02635,0.02639,0.02601,0.02609
1773504000000,0.02609,0.02629,0.02584,0.0259
1773518400000,0.0259,0.02622,0.02583,0.02616
1773532800000,0.02616,0.02653,0.02594,0.02621
1773547200000,0.02621,0.02633,0.02608,0.02632
1773561600000,0.02632,0.02712,0.02624,0.02685
1773576000000,0.02685,0.02705,0.02646,0.02669
1773590400000,0.02669,0.02689,0.02654,0.02677
1773604800000,0.02677,0.02707,0.02663,0.02689
1773619200000,0.02689,0.02736,0.02663,0.02727
1773633600000,0.02727,0.02782,0.02716,0.0277
1773648000000,0.0277,0.02798,0.02726,0.02729
1773662400000,0.02729,0.02779,0.02723,0.02752
1773676800000,0.02752,0.02839,0.02748,0.0278
1773691200000,0.0278,0.02825,0.02772,0.02805
1773705600000,0.02805,0.02827,0.02728,0.02754
1773720000000,0.02754,0.02769,0.02712,0.0276
1773734400000,0.0276,0.02822,0.02757,0.02804
1773748800000,0.02804,0.02814,0.02754,0.02789
1773763200000,0.02789,0.02812,0.02765,0.02768
1773777600000,0.02768,0.02812,0.02768,0.02783
1773792000000,0.02783,0.02822,0.02761,0.02811
1773806400000,0.02811,0.02827,0.0277,0.02794
1773820800000,0.02794,0.02807,0.02721,0.02738
1773835200000,0.02738,0.02738,0.02643,0.02659
1773849600000,0.02659,0.02681,0.0263,0.02647
1773864000000,0.02647,0.02673,0.0263,0.02662
1773878400000,0.02662,0.02687,0.02634,0.02668
1773892800000,0.02668,0.02669,0.02599,0.02611
1773907200000,0.02611,0.02632,0.02603,0.02605
1773921600000,0.02605,0.02606,0.02554,0.02578
1773936000000,0.02578,0.02595,0.0255,0.02592
1773950400000,0.02592,0.02602,0.02557,0.02566
1773964800000,0.02566,0.0262,0.02565,0.02615
1773979200000,0.02615,0.02671,0.02601,0.02617
1773993600000,0.02617,0.02632,0.02602,0.02617
1774008000000,0.02617,0.02622,0.02575,0.02593
1774022400000,0.02593,0.02609,0.02569,0.02592
1774036800000,0.02592,0.02626,0.0257,0.02605
1774051200000,0.02605,0.02617,0.026,0.02604
1774065600000,0.02604,0.02622,0.02601,0.02605
1774080000000,0.02605,0.02609,0.02585,0.0259
1774094400000,0.0259,0.02615,0.02578,0.02615
1774108800000,0.02615,0.02616,0.0259,0.02594
1774123200000,0.02594,0.02612,0.02512,0.0253
1774137600000,0.0253,0.02542,0.0248,0.02517
1774152000000,0.02517,0.02537,0.02499,0.02501
1774166400000,0.02501,0.02502,0.02456,0.0246
1774180800000,0.0246,0.02493,0.02458,0.02478
1774195200000,0.02478,0.02495,0.02441,0.02453
1774209600000,0.02453,0.02466,0.02414,0.0244
1774224000000,0.0244,0.02468,0.02435,0.02452
1774238400000,0.02452,0.02459,0.02399,0.02409
1774252800000,0.02409,0.02505,0.02394,0.02487
1774267200000,0.02487,0.02561,0.02476,0.02501
1774281600000,0.02501,0.02527,0.02492,0.02503
1774296000000,0.02503,0.02545,0.02501,0.02528
1774310400000,0.02528,0.02533,0.02488,0.02524
1774324800000,0.02524,0.02546,0.02496,0.0254
1774339200000,0.0254,0.02547,0.02495,0.02502
1774353600000,0.02502,0.02518,0.02478,0.02499
1774368000000,0.02499,0.02504,0.02468,0.02494
1774382400000,0.02494,0.02537,0.02491,0.02522
1774396800000,0.02522,0.02545,0.02519,0.02531
1774411200000,0.02531,0.02535,0.02514,0.02524
1774425600000,0.02524,0.02561,0.02519,0.02556
1774440000000,0.02556,0.02565,0.02524,0.02533
1774454400000,0.02533,0.02551,0.02528,0.02537
1774468800000,0.02537,0.02549,0.02519,0.02547
1774483200000,0.02547,0.02552,0.02499,0.02507
1774497600000,0.02507,0.02508,0.0246,0.02468
1774512000000,0.02468,0.02468,0.02429,0.02435
1774526400000,0.02435,0.02464,0.02414,0.02415
1774540800000,0.02415,0.02426,0.02395,0.02399
1774555200000,0.02399,0.02447,0.02394,0.02427
1774569600000,0.02427,0.02452,0.02425,0.02435
1774584000000,0.02435,0.02448,0.02417,0.02446
1774598400000,0.02446,0.02451,0.02355,0.0237
1774612800000,0.0237,0.02391,0.02353,0.02371
1774627200000,0.02371,0.02384,0.02357,0.02378
1774641600000,0.02378,0.02384,0.02365,0.02375
1774656000000,0.02375,0.02377,0.02336,0.02347
1774670400000,0.02347,0.02387,0.02341,0.02387
1774684800000,0.02387,0.024,0.02377,0.02389
1774699200000,0.02389,0.02429,0.02382,0.02413
1774713600000,0.02413,0.02421,0.02403,0.02412
1774728000000,0.02412,0.02417,0.02359,0.02363
1774742400000,0.02363,0.0238,0.02353,0.0237
1774756800000,0.0237,0.02374,0.02351,0.02355
1774771200000,0.02355,0.02367,0.02344,0.02359
1774785600000,0.02359,0.02361,0.02335,0.02347
1774800000000,0.02347,0.02352,0.02328,0.02342
1774814400000,0.02342,0.02365,0.02288,0.02337
1774828800000,0.02337,0.02401,0.02333,0.02396
1774843200000,0.02396,0.02436,0.02396,0.02434
1774857600000,0.02434,0.02454,0.02414,0.02442
1774872000000,0.02442,0.02447,0.02405,0.02415
1774886400000,0.02415,0.02424,0.02356,0.0237
1774900800000,0.0237,0.02395,0.02359,0.02367
1774915200000,0.02367,0.02411,0.02364,0.02383
1774929600000,0.02383,0.02387,0.0237,0.02381
1774944000000,0.02381,0.02387,0.02341,0.02366
1774958400000,0.02366,0.02395,0.0236,0.02367
1774972800000,0.02367,0.02421,0.02367,0.02407
1774987200000,0.02407,0.0242,0.02396,0.02411
1775001600000,0.02411,0.02443,0.02399,0.02443
1775016000000,0.02443,0.02508,0.02422,0.02468
1775030400000,0.02468,0.0248,0.02451,0.02466
1775044800000,0.02466,0.02493,0.02443,0.02475
1775059200000,0.02475,0.02478,0.02437,0.02444
1775073600000,0.02444,0.02452,0.02427,0.0243
1775088000000,0.0243,0.02453,0.02353,0.02361
1775102400000,0.02361,0.02381,0.02347,0.02379
1775116800000,0.02379,0.02379,0.02342,0.02355
1775131200000,0.02355,0.02372,0.02321,0.02354
1775145600000,0.02354,0.02378,0.02349,0.02363
1775160000000,0.02363,0.02375,0.02353,0.02362
1775174400000,0.02362,0.02398,0.0236,0.02397
1775188800000,0.02397,0.0244,0.02391,0.02427
1775203200000,0.02427,0.02455,0.02424,0.02426
1775217600000,0.02426,0.02448,0.02381,0.02386
1775232000000,0.02386,0.02397,0.02372,0.02384
1775246400000,0.02384,0.02401,0.02383,0.02388
1775260800000,0.02388,0.02419,0.02379,0.02414
1775275200000,0.02414,0.02434,0.0241,0.02433
1775289600000,0.02433,0.02442,0.02416,0.02431
1775304000000,0.02431,0.02432,0.02399,0.0241
1775318400000,0.0241,0.02438,0.02397,0.02417
1775332800000,0.02417,0.02422,0.02406,0.02411
1775347200000,0.02411,0.02414,0.02373,0.02379
1775361600000,0.02379,0.0238,0.02341,0.02347
1775376000000,0.02347,0.02364,0.02344,0.02349
1775390400000,0.02349,0.02378,0.02328,0.02352
1775404800000,0.02352,0.02354,0.02335,0.02344
1775419200000,0.02344,0.02386,0.02336,0.02385
1775433600000,0.02385,0.02403,0.02372,0.02391
1775448000000,0.02391,0.02407,0.02384,0.02401
1775462400000,0.02401,0.02465,0.024,0.02455
1775476800000,0.02455,0.02461,0.02414,0.02422
1775491200000,0.02422,0.02427,0.02398,0.02403
1775505600000,0.02403,0.0243,0.02345,0.02369
1775520000000,0.02369,0.02376,0.02342,0.02367
1775534400000,0.02367,0.02387,0.02348,0.02364
1775548800000,0.02364,0.02387,0.02351,0.02357
1775563200000,0.02357,0.02359,0.0233,0.02348
1775577600000,0.02348,0.02391,0.02343,0.02389
1775592000000,0.02389,0.02519,0.02389,0.02506
1775606400000,0.02506,0.02513,0.02469,0.02478
1775620800000,0.02478,0.02487,0.02471,0.02481
1775635200000,0.02481,0.02494,0.02449,0.02455
1775649600000,0.02455,0.02465,0.02406,0.0244
1775664000000,0.0244,0.02446,0.02385,0.02397
1775678400000,0.02397,0.02418,0.02373,0.02379
1775692800000,0.02379,0.02425,0.02363,0.02421
1775707200000,0.02421,0.02427,0.02396,0.0241
1775721600000,0.0241,0.02422,0.02388,0.02396
1775736000000,0.02396,0.02441,0.02384,0.02428
1775750400000,0.02428,0.02439,0.02409,0.02425
1775764800000,0.02425,0.02459,0.0241,0.0242
1775779200000,0.0242,0.02438,0.02401,0.02409
1775793600000,0.02409,0.02431,0.02392,0.02395
1775808000000,0.02395,0.02413,0.0239,0.02399
1775822400000,0.02399,0.02469,0.02396,0.02445
1775836800000,0.02445,0.02463,0.02418,0.02461
1775851200000,0.02461,0.02462,0.02429,0.02438
1775865600000,0.02438,0.02443,0.02406,0.02427
1775880000000,0.02427,0.02431,0.02399,0.02411
1775894400000,0.02411,0.02419,0.02402,0.02404
1775908800000,0.02404,0.02405,0.02382,0.02398
1775923200000,0.02398,0.02441,0.02396,0.02439
1775937600000,0.02439,0.02443,0.02404,0.02422
1775952000000,0.02422,0.02425,0.02353,0.02365
1775966400000,0.02365,0.02375,0.02356,0.02367
1775980800000,0.02367,0.02372,0.02344,0.02359
1775995200000,0.02359,0.02376,0.02346,0.02351
1776009600000,0.02351,0.02374,0.02341,0.02357
1776024000000,0.02357,0.02372,0.02342,0.02355
1776038400000,0.02355,0.02372,0.02338,0.02348
1776052800000,0.02348,0.02363,0.02333,0.02342
1776067200000,0.02342,0.02366,0.02335,0.02352
1776081600000,0.02352,0.02396,0.02345,0.02378
1776096000000,0.02378,0.02423,0.02367,0.02416
1776110400000,0.02416,0.02473,0.02396,0.02465
1776124800000,0.02465,0.02473,0.02432,0.02438
1776139200000,0.02438,0.02446,0.02401,0.02414
1776153600000,0.02414,0.02426,0.02407,0.02412
1776168000000,0.02412,0.0244,0.02396,0.02415
1776182400000,0.02415,0.02426,0.02372,0.02388
1776196800000,0.02388,0.02398,0.02382,0.02395
1776211200000,0.02395,0.02414,0.0239,0.02398
1776225600000,0.02398,0.02414,0.02374,0.0238
1776240000000,0.0238,0.02418,0.02379,0.02413
1776254400000,0.02413,0.02437,0.02405,0.02429
1776268800000,0.02429,0.02471,0.02429,0.02465
1776283200000,0.02465,0.02484,0.02454,0.02478
1776297600000,0.02478,0.02533,0.02472,0.02524
1776312000000,0.02524,0.02553,0.02506,0.02522
1776326400000,0.02522,0.02525,0.02483,0.02492
1776340800000,0.02492,0.02544,0.02463,0.02538
1776355200000,0.02538,0.02594,0.0251,0.02591
1776369600000,0.02591,0.02596,0.02532,0.02569
1776384000000,0.02569,0.02573,0.02534,0.02558
1776398400000,0.02558,0.02574,0.02523,0.02567
1776412800000,0.02567,0.02574,0.02536,0.02572
1776427200000,0.02572,0.02651,0.02564,0.02614
1776441600000,0.02614,0.02648,0.02604,0.02619
1776456000000,0.02619,0.02631,0.02586,0.02596
1776470400000,0.02596,0.02603,0.02575,0.02576
1776484800000,0.02576,0.02655,0.02569,0.02632
1776499200000,0.02632,0.02638,0.02524,0.0254
1776513600000,0.0254,0.02553,0.02518,0.02528
1776528000000,0.02528,0.02541,0.02485,0.02501
1776542400000,0.02501,0.02521,0.02479,0.02487
1776556800000,0.02487,0.02488,0.0244,0.02452
1776571200000,0.02452,0.02478,0.02446,0.02455
1776585600000,0.02455,0.02483,0.02437,0.02482
1776600000000,0.02482,0.02517,0.02471,0.025
1776614400000,0.025,0.02501,0.02447,0.02486
1776628800000,0.02486,0.02486,0.02415,0.02423
1776643200000,0.02423,0.02457,0.0242,0.0245
1776657600000,0.0245,0.02485,0.02433,0.02461
1776672000000,0.02461,0.02486,0.02451,0.02469
1776686400000,0.02469,0.02531,0.02465,0.02497
1776700800000,0.02497,0.02555,0.02493,0.025
1776715200000,0.025,0.02528,0.02487,0.02496
1776729600000,0.02496,0.02561,0.02457,0.02473
1776744000000,0.02473,0.02493,0.02462,0.02473
1776758400000,0.02473,0.02501,0.02461,0.02485
1776772800000,0.02485,0.0249,0.02451,0.02476
1776787200000,0.02476,0.02483,0.02423,0.02433
1776801600000,0.02433,0.02466,0.02431,0.02466
1776816000000,0.02466,0.02506,0.02455,0.02494
1776830400000,0.02494,0.02538,0.02494,0.02527
1776844800000,0.02527,0.02541,0.02516,0.0253
1776859200000,0.0253,0.02541,0.02508,0.02532
1776873600000,0.02532,0.02542,0.02496,0.02505
1776888000000,0.02505,0.02508,0.02463,0.02465
1776902400000,0.02465,0.02476,0.02424,0.02432
1776916800000,0.02432,0.02458,0.02424,0.02454
1776931200000,0.02454,0.02456,0.0243,0.0245
1776945600000,0.0245,0.02484,0.02443,0.02474
1776960000000,0.02474,0.02476,0.02425,0.02442
1776974400000,0.02442,0.02468,0.02442,0.02465
1776988800000,0.02465,0.02477,0.02433,0.02444
1777003200000,0.02444,0.02456,0.02436,0.02446
1777017600000,0.02446,0.02473,0.02443,0.02468
1777032000000,0.02468,0.02485,0.0245,0.02481
1777046400000,0.02481,0.02496,0.02455,0.02495
1777060800000,0.02495,0.02518,0.02469,0.02475
1777075200000,0.02475,0.02545,0.0246,0.02542
1777089600000,0.02542,0.02559,0.02512,0.02525
1777104000000,0.02525,0.02552,0.02499,0.02505
1777118400000,0.02505,0.02521,0.02487,0.02492
1777132800000,0.02492,0.02496,0.02452,0.02457
1777147200000,0.02457,0.02471,0.02451,0.02469
1777161600000,0.02469,0.02472,0.02442,0.02456
1777176000000,0.02456,0.025,0.02454,0.02495
1777190400000,0.02495,0.02516,0.02484,0.02513
1777204800000,0.02513,0.02516,0.02483,0.02506
1777219200000,0.02506,0.02529,0.02488,0.0251
1777233600000,0.0251,0.02516,0.02488,0.02501
1777248000000,0.02501,0.02539,0.02493,0.02525
1777262400000,0.02525,0.02529,0.02444,0.02448
1777276800000,0.02448,0.02466,0.02444,0.02461
1777291200000,0.02461,0.02479,0.02413,0.02434
1777305600000,0.02434,0.02458,0.02428,0.0244
1777320000000,0.0244,0.02468,0.02437,0.02465
1777334400000,0.02465,0.02465,0.02443,0.02447
1777348800000,0.02447,0.02466,0.02433,0.02442
1777363200000,0.02442,0.02452,0.02425,0.02432
1777377600000,0.02432,0.02453,0.02423,0.02443
1777392000000,0.02443,0.02465,0.02438,0.02464
1777406400000,0.02464,0.02476,0.02459,0.02465
1777420800000,0.02465,0.02513,0.02463,0.0251
1777435200000,0.0251,0.02532,0.02502,0.02503
1777449600000,0.02503,0.02532,0.02488,0.02502
1777464000000,0.02502,0.02503,0.02439,0.02445
1777478400000,0.02445,0.02464,0.02382,0.02412
1777492800000,0.02412,0.02439,0.02407,0.0243
1777507200000,0.0243,0.02452,0.02404,0.02415
1777521600000,0.02415,0.02427,0.02385,0.02424
1777536000000,0.02424,0.02433,0.0241,0.02418
1777550400000,0.02418,0.0243,0.02399,0.02417
1777564800000,0.02417,0.02421,0.02402,0.02408
1777579200000,0.02408,0.02412,0.02397,0.02408
1777593600000,0.02408,0.02451,0.02407,0.0244
