open_time_ms,open,high,low,close
1642147200000,0.493,0.5046,0.489,0.5018
1642161600000,0.5018,0.5574,0.5,0.5445
1642176000000,0.5445,0.569,0.535,0.5635
1642190400000,0.5635,0.5816,0.5538,0.5637
1642204800000,0.5637,0.5937,0.5488,0.5815
1642219200000,0.5815,0.5922,0.5682,0.5891
1642233600000,0.5891,0.5893,0.5626,0.5705
1642248000000,0.5705,0.582,0.5555,0.5705
1642262400000,0.5705,0.576,0.5617,0.5735
1642276800000,0.5735,0.582,0.563,0.5661
1642291200000,0.5661,0.5668,0.5411,0.554
1642305600000,0.554,0.5653,0.5527,0.5556
1642320000000,0.5556,0.5569,0.5268,0.5354
1642334400000,0.5354,0.5445,0.5257,0.5358
1642348800000,0.5358,0.545,0.5213,0.5259
1642363200000,0.5259,0.5309,0.5125,0.5231
1642377600000,0.5231,0.5256,0.4931,0.4962
1642392000000,0.4962,0.517,0.491,0.504
1642406400000,0.504,0.5429,0.5012,0.5183
1642420800000,0.5183,0.5487,0.5112,0.5261
1642435200000,0.5261,0.5261,0.5025,0.517
1642449600000,0.517,0.5176,0.4823,0.4978
1642464000000,0.4978,0.5339,0.4976,0.511
1642478400000,0.511,0.5158,0.485,0.4951
1642492800000,0.4951,0.4951,0.4731,0.4831
1642507200000,0.4831,0.4864,0.4613,0.4717
1642521600000,0.4717,0.4773,0.4588,0.4718
1642536000000,0.4718,0.496,0.4653,0.4828
1642550400000,0.4828,0.5141,0.477,0.4941
1642564800000,0.4941,0.496,0.4419,0.4539
1642579200000,0.4539,0.4774,0.4539,0.4753
1642593600000,0.4753,0.494,0.4682,0.4785
1642608000000,0.4785,0.4809,0.4614,0.4633
1642622400000,0.4633,0.4685,0.4535,0.4543
1642636800000,0.4543,0.4643,0.4476,0.4592
1642651200000,0.4592,0.4665,0.4556,0.4651
1642665600000,0.4651,0.4653,0.4523,0.4597
1642680000000,0.4597,0.4814,0.4377,0.4766
1642694400000,0.4766,0.4843,0.4601,0.4744
1642708800000,0.4744,0.4772,0.4105,0.4212
1642723200000,0.4212,0.4346,0.4042,0.418
1642737600000,0.418,0.432,0.4106,0.4252
1642752000000,0.4252,0.4341,0.4129,0.4174
1642766400000,0.4174,0.4198,0.3795,0.3974
1642780800000,0.3974,0.4017,0.3825,0.3861
1642795200000,0.3861,0.3897,0.3527,0.368
1642809600000,0.368,0.387,0.3551,0.3594
1642824000000,0.3594,0.3622,0.3044,0.3103
1642838400000,0.3103,0.325,0.2785,0.3184
1642852800000,0.3184,0.3401,0.3078,0.3099
1642867200000,0.3099,0.324,0.3016,0.3086
1642881600000,0.3086,0.3238,0.3036,0.3074
1642896000000,0.3074,0.3287,0.3046,0.3152
1642910400000,0.3152,0.3398,0.313,0.3337
1642924800000,0.3337,0.3699,0.3324,0.3523
1642939200000,0.3523,0.3672,0.3313,0.3359
1642953600000,0.3359,0.3483,0.3262,0.3293
1642968000000,0.3293,0.3555,0.3265,0.3515
1642982400000,0.3515,0.3515,0.3248,0.3333
1642996800000,0.3333,0.3363,0.3072,0.3097
1643011200000,0.3097,0.3202,0.2916,0.3043
1643025600000,0.3043,0.3112,0.2876,0.3049
1643040000000,0.3049,0.3347,0.297,0.3177
1643054400000,0.3177,0.3473,0.3162,0.3267
1643068800000,0.3267,0.3297,0.3119,0.3201
1643083200000,0.3201,0.3218,0.2956,0.3087
1643097600000,0.3087,0.3231,0.3077,0.3159
1643112000000,0.3159,0.3238,0.3092,0.3142
1643126400000,0.3142,0.3385,0.3118,0.3332
1643140800000,0.3332,0.3332,0.3101,0.317
1643155200000,0.317,0.3323,0.3128,0.3281
1643169600000,0.3281,0.3378,0.3203,0.3238
1643184000000,0.3238,0.3363,0.3235,0.3329
1643198400000,0.3329,0.3524,0.3253,0.3372
1643212800000,0.3372,0.3639,0.3145,0.3319
1643227200000,0.3319,0.3319,0.3027,0.3134
1643241600000,0.3134,0.3178,0.2944,0.3012
1643256000000,0.3012,0.3085,0.2979,0.307
1643270400000,0.307,0.3165,0.3047,0.3161
1643284800000,0.3161,0.327,0.304,0.3145
1643299200000,0.3145,0.3196,0.3032,0.3077
1643313600000,0.3077,0.3144,0.297,0.3114
1643328000000,0.3114,0.3157,0.299,0.3136
1643342400000,0.3136,0.3154,0.3057,0.3074
1643356800000,0.3074,0.3103,0.2997,0.3008
1643371200000,0.3008,0.303,0.2749,0.2979
1643385600000,0.2979,0.3103,0.296,0.3052
1643400000000,0.3052,0.3147,0.3016,0.3105
1643414400000,0.3105,0.3187,0.3077,0.3175
1643428800000,0.3175,0.3267,0.3157,0.3256
1643443200000,0.3256,0.3336,0.3229,0.3302
1643457600000,0.3302,0.3437,0.3227,0.3267
1643472000000,0.3267,0.3318,0.3219,0.3303
1643486400000,0.3303,0.3353,0.3207,0.3251
1643500800000,0.3251,0.3275,0.3182,0.322
1643515200000,0.322,0.332,0.322,0.3312
1643529600000,0.3312,0.3325,0.3262,0.3293
1643544000000,0.3293,0.3293,0.3192,0.3233
1643558400000,0.3233,0.3243,0.3092,0.3113
1643572800000,0.3113,0.319,0.3082,0.3143
1643587200000,0.3143,0.3154,0.3005,0.3029
1643601600000,0.3029,0.3084,0.2976,0.3071
1643616000000,0.3071,0.3092,0.3021,0.3063
1643630400000,0.3063,0.3159,0.3015,0.3131
1643644800000,0.3131,0.3261,0.31,0.3229
1643659200000,0.3229,0.327,0.3204,0.3225
1643673600000,0.3225,0.334,0.3214,0.3336
1643688000000,0.3336,0.3419,0.3283,0.3313
1643702400000,0.3313,0.3382,0.3232,0.329
1643716800000,0.329,0.3352,0.3252,0.3306
1643731200000,0.3306,0.3329,0.3212,0.3219
1643745600000,0.3219,0.3287,0.3206,0.3271
1643760000000,0.3271,0.3372,0.3246,0.3347
1643774400000,0.3347,0.3347,0.3275,0.3301
1643788800000,0.3301,0.3542,0.3293,0.3495
1643803200000,0.3495,0.3533,0.3325,0.3364
1643817600000,0.3364,0.3448,0.3225,0.3396
1643832000000,0.3396,0.3427,0.3214,0.328
1643846400000,0.328,0.3286,0.3079,0.3101
1643860800000,0.3101,0.3226,0.3093,0.3215
1643875200000,0.3215,0.3234,0.3093,0.3193
1643889600000,0.3193,0.3311,0.314,0.3299
1643904000000,0.3299,0.3329,0.3181,0.3209
1643918400000,0.3209,0.3367,0.3163,0.3349
1643932800000,0.3349,0.34,0.3325,0.333
1643947200000,0.333,0.3444,0.3322,0.3392
1643961600000,0.3392,0.3461,0.3341,0.3345
1643976000000,0.3345,0.3444,0.3221,0.3398
1643990400000,0.3398,0.3582,0.3396,0.3529
1644004800000,0.3529,0.3572,0.3462,0.3553
1644019200000,0.3553,0.3649,0.3496,0.3644
1644033600000,0.3644,0.3753,0.3625,0.3666
1644048000000,0.3666,0.3735,0.3593,0.3605
1644062400000,0.3605,0.3681,0.3573,0.3654
1644076800000,0.3654,0.366,0.3455,0.3511
1644091200000,0.3511,0.3551,0.3482,0.3496
1644105600000,0.3496,0.363,0.3477,0.3529
1644120000000,0.3529,0.3595,0.3469,0.3579
1644134400000,0.3579,0.3622,0.3526,0.3539
1644148800000,0.3539,0.3587,0.3426,0.3516
1644163200000,0.3516,0.3557,0.3482,0.3507
1644177600000,0.3507,0.3677,0.3507,0.3657
1644192000000,0.3657,0.37,0.3525,0.3697
1644206400000,0.3697,0.3754,0.3663,0.373
1644220800000,0.373,0.3866,0.3672,0.3822
1644235200000,0.3822,0.3967,0.3768,0.3943
1644249600000,0.3943,0.3945,0.3811,0.3831
1644264000000,0.3831,0.389,0.3773,0.3825
1644278400000,0.3825,0.3894,0.374,0.3801
1644292800000,0.3801,0.388,0.3757,0.3812
1644307200000,0.3812,0.382,0.357,0.3704
1644321600000,0.3704,0.3704,0.3545,0.3619
1644336000000,0.3619,0.3653,0.3533,0.358
1644350400000,0.358,0.3683,0.3563,0.3646
1644364800000,0.3646,0.3697,0.3568,0.3588
1644379200000,0.3588,0.3689,0.3585,0.3687
1644393600000,0.3687,0.3807,0.363,0.3807
1644408000000,0.3807,0.3837,0.372,0.3735
1644422400000,0.3735,0.3805,0.3704,0.3805
1644436800000,0.3805,0.3858,0.3734,0.3765
1644451200000,0.3765,0.3779,0.3662,0.3699
1644465600000,0.3699,0.3755,0.3658,0.3748
1644480000000,0.3748,0.3773,0.3715,0.3742
1644494400000,0.3742,0.3743,0.3427,0.3621
1644508800000,0.3621,0.3696,0.3495,0.3506
1644523200000,0.3506,0.3531,0.3419,0.3445
1644537600000,0.3445,0.3445,0.3332,0.343
1644552000000,0.343,0.3494,0.338,0.3487
1644566400000,0.3487,0.3494,0.3421,0.3435
1644580800000,0.3435,0.3528,0.3412,0.3472
1644595200000,0.3472,0.3478,0.3255,0.3273
1644609600000,0.3273,0.3284,0.309,0.3172
1644624000000,0.3172,0.32,0.3118,0.3135
1644638400000,0.3135,0.3153,0.2992,0.3055
1644652800000,0.3055,0.3152,0.3055,0.315
1644667200000,0.315,0.3156,0.3024,0.3088
1644681600000,0.3088,0.3257,0.3076,0.3177
1644696000000,0.3177,0.3217,0.3064,0.3129
1644710400000,0.3129,0.3166,0.3094,0.3114
1644724800000,0.3114,0.3162,0.3074,0.315
1644739200000,0.315,0.3186,0.3141,0.3154
1644753600000,0.3154,0.3183,0.3103,0.3114
1644768000000,0.3114,0.3116,0.2867,0.2929
1644782400000,0.2929,0.2989,0.288,0.2897
1644796800000,0.2897,0.2917,0.2757,0.2829
1644811200000,0.2829,0.2866,0.2789,0.2866
1644825600000,0.2866,0.2884,0.2809,0.284
1644840000000,0.284,0.2993,0.2815,0.2937
1644854400000,0.2937,0.2978,0.2843,0.2859
1644868800000,0.2859,0.2936,0.2831,0.2921
1644883200000,0.2921,0.3059,0.292,0.3043
1644897600000,0.3043,0.3059,0.2992,0.3054
1644912000000,0.3054,0.3161,0.3048,0.3128
1644926400000,0.3128,0.3197,0.3113,0.3145
1644940800000,0.3145,0.3146,0.305,0.3088
1644955200000,0.3088,0.3186,0.3088,0.3183
1644969600000,0.3183,0.3215,0.3102,0.312
1644984000000,0.312,0.3151,0.3064,0.3145
1644998400000,0.3145,0.3165,0.3096,0.3113
1645012800000,0.3113,0.3113,0.2992,0.3022
1645027200000,0.3022,0.31,0.2995,0.3096
1645041600000,0.3096,0.3124,0.3061,0.3083
1645056000000,0.3083,0.3149,0.3031,0.3033
1645070400000,0.3033,0.3115,0.3008,0.3112
1645084800000,0.3112,0.3137,0.2997,0.3035
1645099200000,0.3035,0.3082,0.2944,0.2967
1645113600000,0.2967,0.3035,0.2854,0.2912
1645128000000,0.2912,0.2914,0.2802,0.2878
1645142400000,0.2878,0.2944,0.2844,0.2916
1645156800000,0.2916,0.2965,0.2897,0.2939
1645171200000,0.2939,0.2962,0.2865,0.2872
1645185600000,0.2872,0.2909,0.2737,0.2763
1645200000000,0.2763,0.278,0.2705,0.2734
1645214400000,0.2734,0.274,0.2645,0.2685
1645228800000,0.2685,0.2685,0.2618,0.2647
1645243200000,0.2647,0.2731,0.2637,0.2709
1645257600000,0.2709,0.2725,0.2537,0.2575
1645272000000,0.2575,0.2611,0.2549,0.2606
1645286400000,0.2606,0.2682,0.2585,0.259
1645300800000,0.259,0.2643,0.2586,0.2637
1645315200000,0.2637,0.2643,0.2517,0.2529
1645329600000,0.2529,0.2546,0.2409,0.2455
1645344000000,0.2455,0.248,0.2405,0.2463
1645358400000,0.2463,0.2493,0.2402,0.2457
1645372800000,0.2457,0.2503,0.2448,0.2474
1645387200000,0.2474,0.2488,0.2381,0.2433
1645401600000,0.2433,0.2612,0.2417,0.2552
1645416000000,0.2552,0.2621,0.2543,0.2614
1645430400000,0.2614,0.2634,0.2394,0.2417
1645444800000,0.2417,0.255,0.2341,0.2504
1645459200000,0.2504,0.2525,0.2376,0.2412
1645473600000,0.2412,0.2428,0.2213,0.2234
1645488000000,0.2234,0.2278,0.2115,0.215
1645502400000,0.215,0.22,0.214,0.2155
1645516800000,0.2155,0.2267,0.2154,0.225
1645531200000,0.225,0.2315,0.2223,0.2291
1645545600000,0.2291,0.2296,0.2215,0.2258
1645560000000,0.2258,0.2313,0.2231,0.2295
1645574400000,0.2295,0.2335,0.2236,0.2263
1645588800000,0.2263,0.2349,0.2257,0.2349
1645603200000,0.2349,0.2423,0.2337,0.2388
1645617600000,0.2388,0.2465,0.2352,0.2366
1645632000000,0.2366,0.2448,0.2283,0.2293
1645646400000,0.2293,0.2302,0.2204,0.2211
1645660800000,0.2211,0.2229,0.1992,0.2009
1645675200000,0.2009,0.2065,0.1816,0.1924
1645689600000,0.1924,0.1973,0.1846,0.1876
1645704000000,0.1876,0.1972,0.1846,0.1967
1645718400000,0.1967,0.2098,0.1924,0.2097
1645732800000,0.2097,0.2187,0.2063,0.2141
1645747200000,0.2141,0.2197,0.2116,0.2177
1645761600000,0.2177,0.2177,0.2089,0.2132
1645776000000,0.2132,0.214,0.2057,0.2122
1645790400000,0.2122,0.2259,0.2122,0.2234
1645804800000,0.2234,0.2246,0.2158,0.2162
1645819200000,0.2162,0.2318,0.2153,0.2264
1645833600000,0.2264,0.2357,0.2256,0.2303
1645848000000,0.2303,0.232,0.225,0.23
1645862400000,0.23,0.2341,0.2239,0.2298
1645876800000,0.2298,0.2419,0.2277,0.2388
1645891200000,0.2388,0.2406,0.2314,0.2357
1645905600000,0.2357,0.2384,0.2265,0.229
1645920000000,0.229,0.2295,0.2157,0.219
1645934400000,0.219,0.2247,0.2164,0.2229
1645948800000,0.2229,0.2322,0.2204,0.2309
1645963200000,0.2309,0.2395,0.2256,0.2318
1645977600000,0.2318,0.2327,0.2171,0.2184
1645992000000,0.2184,0.2227,0.2119,0.2132
1646006400000,0.2132,0.2174,0.2091,0.2162
1646020800000,0.2162,0.2244,0.2159,0.2228
1646035200000,0.2228,0.2297,0.2223,0.2243
1646049600000,0.2243,0.2447,0.2192,0.2446
1646064000000,0.2446,0.2526,0.242,0.2487
1646078400000,0.2487,0.2632,0.247,0.2573
1646092800000,0.2573,0.265,0.2513,0.2535
1646107200000,0.2535,0.2605,0.2517,0.2594
1646121600000,0.2594,0.2656,0.2523,0.2593
1646136000000,0.2593,0.2745,0.2538,0.2559
1646150400000,0.2559,0.2637,0.2508,0.2589
1646164800000,0.2589,0.2628,0.2535,0.2589
1646179200000,0.2589,0.2649,0.2523,0.2632
1646193600000,0.2632,0.2649,0.2533,0.2583
1646208000000,0.2583,0.273,0.2558,0.2663
1646222400000,0.2663,0.272,0.2546,0.2629
1646236800000,0.2629,0.2679,0.257,0.2619
1646251200000,0.2619,0.2669,0.2593,0.2635
1646265600000,0.2635,0.2729,0.2606,0.2623
1646280000000,0.2623,0.2677,0.255,0.2615
1646294400000,0.2615,0.2628,0.2561,0.2599
1646308800000,0.2599,0.2661,0.2474,0.2496
1646323200000,0.2496,0.2521,0.2435,0.2464
1646337600000,0.2464,0.2522,0.2424,0.2501
1646352000000,0.2501,0.2512,0.2412,0.2455
1646366400000,0.2455,0.2483,0.2422,0.2452
1646380800000,0.2452,0.2505,0.2419,0.2487
1646395200000,0.2487,0.2494,0.2365,0.2388
1646409600000,0.2388,0.2433,0.2347,0.2351
1646424000000,0.2351,0.238,0.2305,0.2372
1646438400000,0.2372,0.2373,0.231,0.2363
1646452800000,0.2363,0.2399,0.2335,0.2395
1646467200000,0.2395,0.2439,0.2377,0.2423
1646481600000,0.2423,0.2434,0.2368,0.2394
1646496000000,0.2394,0.2472,0.2394,0.2449
1646510400000,0.2449,0.2466,0.2416,0.2428
1646524800000,0.2428,0.2492,0.2419,0.2445
1646539200000,0.2445,0.2462,0.241,0.2419
1646553600000,0.2419,0.2419,0.232,0.237
1646568000000,0.237,0.2423,0.2364,0.2396
1646582400000,0.2396,0.2459,0.2376,0.2383
1646596800000,0.2383,0.2419,0.2324,0.2351
1646611200000,0.2351,0.2351,0.2233,0.2251
1646625600000,0.2251,0.2291,0.2232,0.225
1646640000000,0.225,0.2277,0.2215,0.2262
1646654400000,0.2262,0.2367,0.226,0.2335
1646668800000,0.2335,0.2363,0.2178,0.2186
1646683200000,0.2186,0.2211,0.2072,0.2172
1646697600000,0.2172,0.223,0.2153,0.2228
1646712000000,0.2228,0.223,0.215,0.2182
1646726400000,0.2182,0.2228,0.2179,0.22
1646740800000,0.22,0.2217,0.2152,0.2164
1646755200000,0.2164,0.2237,0.213,0.2199
1646769600000,0.2199,0.2233,0.2153,0.2228
1646784000000,0.2228,0.2381,0.2228,0.2354
1646798400000,0.2354,0.2438,0.2343,0.2438
1646812800000,0.2438,0.2478,0.238,0.2452
1646827200000,0.2452,0.2487,0.2383,0.2417
1646841600000,0.2417,0.2429,0.235,0.2387
1646856000000,0.2387,0.2401,0.2345,0.2394
1646870400000,0.2394,0.2456,0.2302,0.2314
1646884800000,0.2314,0.2321,0.2202,0.2226
1646899200000,0.2226,0.224,0.2194,0.2215
1646913600000,0.2215,0.2288,0.2201,0.2269
1646928000000,0.2269,0.2298,0.2215,0.2249
1646942400000,0.2249,0.2279,0.2227,0.2267
1646956800000,0.2267,0.2274,0.2168,0.222
1646971200000,0.222,0.2269,0.2194,0.2253
1646985600000,0.2253,0.2279,0.2198,0.2257
1647000000000,0.2257,0.2302,0.2226,0.2233
1647014400000,0.2233,0.2243,0.22,0.2207
1647028800000,0.2207,0.2224,0.2161,0.2163
1647043200000,0.2163,0.2235,0.216,0.2203
1647057600000,0.2203,0.2248,0.2198,0.2218
1647072000000,0.2218,0.2242,0.2193,0.2222
1647086400000,0.2222,0.2224,0.2195,0.2214
1647100800000,0.2214,0.2219,0.2194,0.2195
1647115200000,0.2195,0.2204,0.2172,0.2175
1647129600000,0.2175,0.2221,0.2164,0.2219
1647144000000,0.2219,0.2225,0.2192,0.2197
1647158400000,0.2197,0.2201,0.2165,0.2179
1647172800000,0.2179,0.2179,0.2135,0.2169
1647187200000,0.2169,0.2177,0.216,0.216
1647201600000,0.216,0.216,0.2101,0.2133
1647216000000,0.2133,0.2149,0.2102,0.2114
1647230400000,0.2114,0.2169,0.2107,0.2163
1647244800000,0.2163,0.2173,0.2141,0.2145
1647259200000,0.2145,0.2161,0.2136,0.2144
1647273600000,0.2144,0.2148,0.2054,0.2071
1647288000000,0.2071,0.2146,0.2068,0.2138
1647302400000,0.2138,0.2144,0.2074,0.2082
1647316800000,0.2082,0.2095,0.203,0.2052
1647331200000,0.2052,0.2067,0.2024,0.2058
1647345600000,0.2058,0.2096,0.2038,0.2081
1647360000000,0.2081,0.2134,0.2066,0.2122
1647374400000,0.2122,0.2141,0.209,0.2095
1647388800000,0.2095,0.2173,0.2069,0.2074
1647403200000,0.2074,0.2118,0.2064,0.211
1647417600000,0.211,0.2163,0.2101,0.2139
1647432000000,0.2139,0.2184,0.2119,0.216
1647446400000,0.216,0.2303,0.2138,0.2275
1647460800000,0.2275,0.2297,0.2233,0.2286
1647475200000,0.2286,0.2292,0.2246,0.225
1647489600000,0.225,0.2256,0.2221,0.2232
1647504000000,0.2232,0.2257,0.2226,0.2232
1647518400000,0.2232,0.2298,0.2226,0.2259
1647532800000,0.2259,0.2284,0.224,0.2276
1647547200000,0.2276,0.2279,0.2257,0.2261
1647561600000,0.2261,0.2261,0.2172,0.2196
1647576000000,0.2196,0.2235,0.2177,0.2214
1647590400000,0.2214,0.2231,0.2187,0.2199
1647604800000,0.2199,0.2246,0.2187,0.2242
1647619200000,0.2242,0.2313,0.2239,0.229
1647633600000,0.229,0.2299,0.2249,0.2295
1647648000000,0.2295,0.2352,0.2286,0.2314
1647662400000,0.2314,0.235,0.2306,0.2328
1647676800000,0.2328,0.2437,0.2315,0.2416
1647691200000,0.2416,0.2521,0.2404,0.2512
1647705600000,0.2512,0.2533,0.2459,0.2477
1647720000000,0.2477,0.2502,0.2441,0.2478
1647734400000,0.2478,0.2489,0.2417,0.2435
1647748800000,0.2435,0.2472,0.2427,0.2457
1647763200000,0.2457,0.2469,0.2362,0.2364
1647777600000,0.2364,0.2382,0.2319,0.2328
1647792000000,0.2328,0.2341,0.2272,0.2333
1647806400000,0.2333,0.2352,0.2307,0.2319
1647820800000,0.2319,0.2334,0.224,0.2295
1647835200000,0.2295,0.2346,0.2288,0.2346
1647849600000,0.2346,0.2387,0.2327,0.2383
1647864000000,0.2383,0.2387,0.231,0.2354
1647878400000,0.2354,0.2423,0.2314,0.2405
1647892800000,0.2405,0.2425,0.2367,0.2389
1647907200000,0.2389,0.2493,0.2363,0.2467
1647921600000,0.2467,0.2562,0.2466,0.2493
1647936000000,0.2493,0.2647,0.2484,0.2641
1647950400000,0.2641,0.2775,0.257,0.2571
1647964800000,0.2571,0.2593,0.254,0.254
1647979200000,0.254,0.2613,0.2507,0.2528
1647993600000,0.2528,0.259,0.2485,0.2562
1648008000000,0.2562,0.2597,0.2505,0.2583
1648022400000,0.2583,0.2682,0.2547,0.2621
1648036800000,0.2621,0.2721,0.26,0.2665
1648051200000,0.2665,0.2679,0.2573,0.2597
1648065600000,0.2597,0.2658,0.2595,0.2651
1648080000000,0.2651,0.268,0.2614,0.262
1648094400000,0.262,0.2673,0.2619,0.2673
1648108800000,0.2673,0.2724,0.2634,0.2687
1648123200000,0.2687,0.2715,0.2622,0.2701
1648137600000,0.2701,0.2713,0.2657,0.2678
1648152000000,0.2678,0.2689,0.2652,0.2662
1648166400000,0.2662,0.2798,0.266,0.2747
1648180800000,0.2747,0.2791,0.2725,0.2734
1648195200000,0.2734,0.2768,0.2671,0.2757
1648209600000,0.2757,0.2792,0.263,0.2646
1648224000000,0.2646,0.267,0.2554,0.2632
1648238400000,0.2632,0.264,0.2592,0.2608
1648252800000,0.2608,0.2631,0.2595,0.2621
1648267200000,0.2621,0.2662,0.2601,0.2662
1648281600000,0.2662,0.2667,0.263,0.263
1648296000000,0.263,0.2636,0.2601,0.2622
1648310400000,0.2622,0.2653,0.2616,0.2626
1648324800000,0.2626,0.2655,0.2618,0.2651
1648339200000,0.2651,0.2691,0.2641,0.2667
1648353600000,0.2667,0.2701,0.2653,0.2685
1648368000000,0.2685,0.2686,0.2659,0.2669
1648382400000,0.2669,0.267,0.2596,0.2657
1648396800000,0.2657,0.2867,0.2646,0.2825
1648411200000,0.2825,0.2942,0.2779,0.2884
1648425600000,0.2884,0.2918,0.2809,0.2891
1648440000000,0.2891,0.2902,0.2824,0.2876
1648454400000,0.2876,0.2912,0.2831,0.289
1648468800000,0.289,0.2912,0.2843,0.2854
1648483200000,0.2854,0.2903,0.28,0.285
1648497600000,0.285,0.2887,0.2664,0.2704
1648512000000,0.2704,0.2791,0.2702,0.2776
1648526400000,0.2776,0.2833,0.276,0.2768
1648540800000,0.2768,0.2843,0.2764,0.2837
1648555200000,0.2837,0.2858,0.2703,0.2714
1648569600000,0.2714,0.2745,0.2644,0.2725
1648584000000,0.2725,0.2744,0.2672,0.2734
1648598400000,0.2734,0.2915,0.2706,0.2857
1648612800000,0.2857,0.2997,0.2838,0.2987
1648627200000,0.2987,0.2994,0.2892,0.293
1648641600000,0.293,0.2966,0.2825,0.2899
1648656000000,0.2899,0.2939,0.2841,0.2878
1648670400000,0.2878,0.2886,0.2801,0.2842
1648684800000,0.2842,0.2924,0.283,0.2879
1648699200000,0.2879,0.2916,0.2861,0.2907
1648713600000,0.2907,0.2941,0.2885,0.2934
1648728000000,0.2934,0.2949,0.2755,0.2783
1648742400000,0.2783,0.279,0.2699,0.2711
1648756800000,0.2711,0.2751,0.2667,0.2707
1648771200000,0.2707,0.2752,0.2572,0.2628
1648785600000,0.2628,0.2673,0.2616,0.2671
1648800000000,0.2671,0.2693,0.2633,0.2646
1648814400000,0.2646,0.2791,0.2601,0.2762
1648828800000,0.2762,0.2821,0.2733,0.2808
1648843200000,0.2808,0.2822,0.2744,0.2772
1648857600000,0.2772,0.2864,0.2752,0.2841
1648872000000,0.2841,0.2881,0.2824,0.2847
1648886400000,0.2847,0.2863,0.2781,0.2827
1648900800000,0.2827,0.2849,0.2715,0.2745
1648915200000,0.2745,0.2785,0.2685,0.2727
1648929600000,0.2727,0.2746,0.2674,0.2677
1648944000000,0.2677,0.2733,0.2653,0.2714
1648958400000,0.2714,0.2772,0.2713,0.2759
1648972800000,0.2759,0.2866,0.2715,0.2843
1648987200000,0.2843,0.2928,0.2808,0.2924
1649001600000,0.2924,0.2984,0.2858,0.2968
1649016000000,0.2968,0.3132,0.2955,0.3066
1649030400000,0.3066,0.3066,0.294,0.2944
1649044800000,0.2944,0.3179,0.2928,0.3091
1649059200000,0.3091,0.3175,0.3033,0.3073
1649073600000,0.3073,0.3084,0.2893,0.2908
1649088000000,0.2908,0.3091,0.2858,0.3063
1649102400000,0.3063,0.3172,0.302,0.3094
1649116800000,0.3094,0.321,0.3094,0.3183
1649131200000,0.3183,0.3185,0.3079,0.3145
1649145600000,0.3145,0.331,0.3122,0.3256
1649160000000,0.3256,0.3265,0.3103,0.3127
1649174400000,0.3127,0.319,0.3014,0.3083
1649188800000,0.3083,0.3104,0.2966,0.2995
1649203200000,0.2995,0.3089,0.2861,0.3041
1649217600000,0.3041,0.3214,0.3034,0.3138
1649232000000,0.3138,0.3175,0.288,0.2911
1649246400000,0.2911,0.2952,0.2787,0.2833
1649260800000,0.2833,0.2854,0.2624,0.2637
1649275200000,0.2637,0.2671,0.2363,0.2411
1649289600000,0.2411,0.2509,0.2366,0.2485
1649304000000,0.2485,0.2632,0.2456,0.2586
1649318400000,0.2586,0.2636,0.2506,0.2604
1649332800000,0.2604,0.2623,0.2453,0.2505
1649347200000,0.2505,0.2596,0.2485,0.2535
1649361600000,0.2535,0.262,0.253,0.2572
1649376000000,0.2572,0.2646,0.2563,0.2631
1649390400000,0.2631,0.2659,0.2584,0.2622
1649404800000,0.2622,0.2757,0.2554,0.2571
1649419200000,0.2571,0.2745,0.2553,0.2694
1649433600000,0.2694,0.2711,0.2589,0.2604
1649448000000,0.2604,0.2622,0.2492,0.2529
1649462400000,0.2529,0.2658,0.2525,0.2578
1649476800000,0.2578,0.2697,0.2578,0.2645
1649491200000,0.2645,0.2655,0.2562,0.2607
1649505600000,0.2607,0.2634,0.2549,0.2557
1649520000000,0.2557,0.261,0.2556,0.2577
1649534400000,0.2577,0.2645,0.2576,0.2641
1649548800000,0.2641,0.2658,0.2606,0.2637
1649563200000,0.2637,0.2651,0.2571,0.2584
1649577600000,0.2584,0.2596,0.2539,0.2582
1649592000000,0.2582,0.26,0.2556,0.2595
1649606400000,0.2595,0.2648,0.2584,0.2639
1649620800000,0.2639,0.2657,0.2505,0.2519
1649635200000,0.2519,0.2552,0.2461,0.2506
1649649600000,0.2506,0.255,0.2502,0.2537
1649664000000,0.2537,0.2539,0.2315,0.233
1649678400000,0.233,0.242,0.2321,0.2351
1649692800000,0.2351,0.2392,0.2319,0.2338
1649707200000,0.2338,0.2353,0.2213,0.2253
1649721600000,0.2253,0.2306,0.2248,0.2288
1649736000000,0.2288,0.2379,0.2287,0.2358
1649750400000,0.2358,0.2397,0.2339,0.2394
1649764800000,0.2394,0.2445,0.2309,0.2353
1649779200000,0.2353,0.2369,0.2205,0.2206
1649793600000,0.2206,0.2334,0.2206,0.2316
1649808000000,0.2316,0.2366,0.2292,0.2348
1649822400000,0.2348,0.2376,0.2324,0.2345
1649836800000,0.2345,0.2351,0.2284,0.2291
1649851200000,0.2291,0.2402,0.2274,0.2398
1649865600000,0.2398,0.2419,0.2369,0.2397
1649880000000,0.2397,0.2414,0.2375,0.2407
1649894400000,0.2407,0.2455,0.2393,0.2429
1649908800000,0.2429,0.2474,0.2418,0.247
1649923200000,0.247,0.25,0.237,0.2385
1649937600000,0.2385,0.2451,0.2287,0.2291
1649952000000,0.2291,0.2339,0.228,0.23
1649966400000,0.23,0.2335,0.2285,0.2313
1649980800000,0.2313,0.2346,0.2302,0.2346
1649995200000,0.2346,0.2349,0.2303,0.2332
1650009600000,0.2332,0.2342,0.2314,0.2322
1650024000000,0.2322,0.2339,0.2284,0.232
1650038400000,0.232,0.2335,0.2297,0.2314
1650052800000,0.2314,0.2327,0.2303,0.2325
1650067200000,0.2325,0.2335,0.2311,0.2311
1650081600000,0.2311,0.2327,0.2309,0.2311
1650096000000,0.2311,0.2318,0.2305,0.2313
1650110400000,0.2313,0.2328,0.2282,0.2288
1650124800000,0.2288,0.2307,0.2266,0.2302
1650139200000,0.2302,0.2341,0.23,0.2319
1650153600000,0.2319,0.232,0.2286,0.2304
1650168000000,0.2304,0.2323,0.2298,0.2312
1650182400000,0.2312,0.232,0.2305,0.2314
1650196800000,0.2314,0.2328,0.2302,0.2327
1650211200000,0.2327,0.233,0.2286,0.2305
1650225600000,0.2305,0.2313,0.2202,0.2215
1650240000000,0.2215,0.2258,0.2206,0.2244
1650254400000,0.2244,0.2248,0.2111,0.2135
1650268800000,0.2135,0.2166,0.2118,0.2157
1650283200000,0.2157,0.2201,0.2157,0.2183
1650297600000,0.2183,0.2293,0.2159,0.2269
1650312000000,0.2269,0.2313,0.2268,0.2311
1650326400000,0.2311,0.2332,0.2282,0.2285
1650340800000,0.2285,0.2313,0.2284,0.2293
1650355200000,0.2293,0.2322,0.2278,0.2297
1650369600000,0.2297,0.2368,0.2289,0.2344
1650384000000,0.2344,0.2375,0.2316,0.2346
1650398400000,0.2346,0.2398,0.2323,0.2374
1650412800000,0.2374,0.2416,0.234,0.2392
1650427200000,0.2392,0.2395,0.2352,0.2364
1650441600000,0.2364,0.2391,0.2345,0.2378
1650456000000,0.2378,0.2383,0.2241,0.2269
1650470400000,0.2269,0.2286,0.2222,0.226
1650484800000,0.226,0.2295,0.2248,0.2289
1650499200000,0.2289,0.2314,0.2274,0.2303
1650513600000,0.2303,0.2309,0.2254,0.2302
1650528000000,0.2302,0.2332,0.2261,0.2304
1650542400000,0.2304,0.2325,0.228,0.2285
1650556800000,0.2285,0.2294,0.2228,0.223
1650571200000,0.223,0.223,0.2117,0.2179
1650585600000,0.2179,0.2197,0.2164,0.2188
1650600000000,0.2188,0.2227,0.2186,0.2219
1650614400000,0.2219,0.2242,0.2167,0.2213
1650628800000,0.2213,0.222,0.2159,0.2169
1650643200000,0.2169,0.22,0.2164,0.2184
1650657600000,0.2184,0.2198,0.2164,0.2177
1650672000000,0.2177,0.2224,0.2173,0.2181
1650686400000,0.2181,0.2216,0.2162,0.2206
1650700800000,0.2206,0.2213,0.2185,0.2204
1650715200000,0.2204,0.2215,0.218,0.2209
1650729600000,0.2209,0.2221,0.2188,0.2194
1650744000000,0.2194,0.221,0.2183,0.2186
1650758400000,0.2186,0.2207,0.2174,0.2199
1650772800000,0.2199,0.2213,0.2188,0.2193
1650787200000,0.2193,0.2197,0.2181,0.2182
1650801600000,0.2182,0.2197,0.215,0.2173
1650816000000,0.2173,0.218,0.2143,0.2165
1650830400000,0.2165,0.2172,0.2143,0.2161
1650844800000,0.2161,0.2164,0.206,0.2106
1650859200000,0.2106,0.2113,0.1991,0.1999
1650873600000,0.1999,0.2048,0.199,0.2032
1650888000000,0.2032,0.2373,0.202,0.2366
1650902400000,0.2366,0.2408,0.2222,0.2391
1650916800000,0.2391,0.247,0.2298,0.2334
1650931200000,0.2334,0.2412,0.2308,0.2399
1650945600000,0.2399,0.2457,0.2365,0.2401
1650960000000,0.2401,0.2409,0.2333,0.2393
1650974400000,0.2393,0.2487,0.2231,0.227
1650988800000,0.227,0.2339,0.212,0.2139
1651003200000,0.2139,0.2159,0.2057,0.2111
1651017600000,0.2111,0.2284,0.21,0.227
1651032000000,0.227,0.2315,0.2216,0.2302
1651046400000,0.2302,0.2306,0.2225,0.2252
1651060800000,0.2252,0.2295,0.2222,0.2257
1651075200000,0.2257,0.2266,0.2157,0.2167
1651089600000,0.2167,0.2199,0.2162,0.2189
1651104000000,0.2189,0.2227,0.2145,0.2155
1651118400000,0.2155,0.2201,0.2154,0.219
1651132800000,0.219,0.2225,0.2178,0.2211
1651147200000,0.2211,0.2217,0.2111,0.2143
1651161600000,0.2143,0.2192,0.2129,0.2155
1651176000000,0.2155,0.2166,0.2117,0.2141
1651190400000,0.2141,0.2156,0.2103,0.2114
1651204800000,0.2114,0.2127,0.2085,0.2126
1651219200000,0.2126,0.2133,0.2023,0.204
1651233600000,0.204,0.2081,0.2031,0.2045
1651248000000,0.2045,0.205,0.1934,0.1958
1651262400000,0.1958,0.1987,0.1952,0.197
1651276800000,0.197,0.1993,0.1948,0.1952
1651291200000,0.1952,0.1963,0.19,0.1909
1651305600000,0.1909,0.1928,0.1888,0.19
1651320000000,0.19,0.1917,0.1821,0.1868
1651334400000,0.1868,0.1874,0.1817,0.1846
1651348800000,0.1846,0.1849,0.1536,0.1667
1651363200000,0.1667,0.1687,0.1594,0.1648
1651377600000,0.1648,0.1675,0.1621,0.1644
1651392000000,0.1644,0.1698,0.1642,0.1654
1651406400000,0.1654,0.1739,0.1633,0.173
1651420800000,0.173,0.1845,0.1713,0.1735
1651435200000,0.1735,0.1788,0.1721,0.1777
1651449600000,0.1777,0.1811,0.1742,0.1765
1651464000000,0.1765,0.1794,0.1753,0.1772
1651478400000,0.1772,0.1785,0.1672,0.1683
1651492800000,0.1683,0.1733,0.1674,0.17
1651507200000,0.17,0.1712,0.1639,0.1692
1651521600000,0.1692,0.1719,0.1674,0.1702
1651536000000,0.1702,0.1712,0.1681,0.1705
1651550400000,0.1705,0.1739,0.1705,0.1731
1651564800000,0.1731,0.1763,0.1717,0.1759
1651579200000,0.1759,0.1764,0.1713,0.1742
1651593600000,0.1742,0.1745,0.1659,0.1674
1651608000000,0.1674,0.1696,0.1649,0.1682
1651622400000,0.1682,0.1714,0.1676,0.1707
1651636800000,0.1707,0.1727,0.1682,0.172
1651651200000,0.172,0.1748,0.1718,0.1733
1651665600000,0.1733,0.1736,0.1687,0.171
1651680000000,0.171,0.1848,0.1702,0.1827
1651694400000,0.1827,0.1882,0.1823,0.1881
1651708800000,0.1881,0.1897,0.1863,0.1871
1651723200000,0.1871,0.1874,0.1817,0.184
1651737600000,0.184,0.1843,0.1797,0.1818
1651752000000,0.1818,0.1839,0.1647,0.1672
1651766400000,0.1672,0.1692,0.1615,0.1661
1651780800000,0.1661,0.1684,0.162,0.1672
1651795200000,0.1672,0.1684,0.1645,0.1666
1651809600000,0.1666,0.1666,0.1589,0.1623
1651824000000,0.1623,0.1641,0.1576,0.1599
1651838400000,0.1599,0.1654,0.1563,0.1622
1651852800000,0.1622,0.1634,0.1601,0.1626
1651867200000,0.1626,0.1634,0.1609,0.1613
1651881600000,0.1613,0.1621,0.1578,0.1582
1651896000000,0.1582,0.16,0.1558,0.1593
1651910400000,0.1593,0.1615,0.1591,0.1607
1651924800000,0.1607,0.1608,0.1582,0.1601
1651939200000,0.1601,0.1602,0.1583,0.1591
1651953600000,0.1591,0.1595,0.1492,0.154
1651968000000,0.154,0.1565,0.1488,0.1521
1651982400000,0.1521,0.1543,0.1507,0.152
1651996800000,0.152,0.1551,0.1504,0.1547
1652011200000,0.1547,0.1554,0.1506,0.1529
1652025600000,0.1529,0.1553,0.1489,0.1542
1652040000000,0.1542,0.1542,0.1488,0.1497
1652054400000,0.1497,0.1521,0.1444,0.1471
1652068800000,0.1471,0.1489,0.1447,0.1459
1652083200000,0.1459,0.1463,0.1348,0.1382
1652097600000,0.1382,0.1434,0.134,0.1358
1652112000000,0.1358,0.1368,0.1212,0.1282
1652126400000,0.1282,0.1348,0.1204,0.1213
1652140800000,0.1213,0.1286,0.1149,0.1229
1652155200000,0.1229,0.1392,0.1222,0.1322
1652169600000,0.1322,0.1375,0.1318,0.1369
1652184000000,0.1369,0.1417,0.1294,0.1325
1652198400000,0.1325,0.1365,0.1303,0.1316
1652212800000,0.1316,0.1316,0.1223,0.1281
1652227200000,0.1281,0.1317,0.1238,0.1271
1652241600000,0.1271,0.1296,0.1061,0.111
1652256000000,0.111,0.116,0.1,0.1028
1652270400000,0.1028,0.1051,0.0754,0.0914
1652284800000,0.0914,0.0919,0.0804,0.0811
1652299200000,0.0811,0.0828,0.0747,0.0787
1652313600000,0.0787,0.0843,0.0629,0.0641
1652328000000,0.0641,0.0662,0.0543,0.0613
1652342400000,0.0613,0.0672,0.0598,0.0638
1652356800000,0.0638,0.068,0.0611,0.065
1652371200000,0.065,0.0687,0.0638,0.0659
1652385600000,0.0659,0.0663,0.0616,0.0653
1652400000000,0.0653,0.0753,0.0641,0.0743
1652414400000,0.0743,0.0778,0.0724,0.0725
1652428800000,0.0725,0.0824,0.0724,0.0822
1652443200000,0.0822,0.0829,0.0763,0.0768
1652457600000,0.0768,0.078,0.0703,0.0736
1652472000000,0.0736,0.0751,0.0693,0.0704
1652486400000,0.0704,0.0747,0.0703,0.0723
1652500800000,0.0723,0.0723,0.0688,0.0707
1652515200000,0.0707,0.0718,0.0643,0.0661
1652529600000,0.0661,0.0671,0.0632,0.0656
1652544000000,0.0656,0.0698,0.0649,0.0687
1652558400000,0.0687,0.0748,0.0678,0.0738
1652572800000,0.0738,0.0753,0.0702,0.0705
1652587200000,0.0705,0.0763,0.0702,0.0745
1652601600000,0.0745,0.0797,0.073,0.0786
1652616000000,0.0786,0.0793,0.0726,0.0735
1652630400000,0.0735,0.079,0.0729,0.0784
1652644800000,0.0784,0.0882,0.0778,0.0858
1652659200000,0.0858,0.0864,0.081,0.0813
1652673600000,0.0813,0.0833,0.0762,0.0774
1652688000000,0.0774,0.0819,0.0772,0.0795
1652702400000,0.0795,0.0817,0.0757,0.0769
1652716800000,0.0769,0.0803,0.0752,0.0757
1652731200000,0.0757,0.0786,0.0756,0.0763
1652745600000,0.0763,0.082,0.0763,0.0807
1652760000000,0.0807,0.0826,0.0797,0.0803
1652774400000,0.0803,0.0824,0.0795,0.0795
1652788800000,0.0795,0.0874,0.0793,0.0822
1652803200000,0.0822,0.083,0.078,0.0817
1652817600000,0.0817,0.0864,0.0815,0.0843
1652832000000,0.0843,0.0868,0.0809,0.0813
1652846400000,0.0813,0.0823,0.077,0.0772
1652860800000,0.0772,0.0783,0.0756,0.0759
1652875200000,0.0759,0.076,0.0705,0.0719
1652889600000,0.0719,0.074,0.0711,0.0735
1652904000000,0.0735,0.0735,0.068,0.0682
1652918400000,0.0682,0.0711,0.0661,0.0685
1652932800000,0.0685,0.0707,0.0654,0.0676
1652947200000,0.0676,0.0692,0.0643,0.0689
1652961600000,0.0689,0.0731,0.0673,0.0721
1652976000000,0.0721,0.0722,0.0692,0.0693
1652990400000,0.0693,0.0708,0.0678,0.0699
1653004800000,0.0699,0.0717,0.0682,0.0685
1653019200000,0.0685,0.0692,0.0664,0.0681
1653033600000,0.0681,0.0706,0.0678,0.0698
1653048000000,0.0698,0.0698,0.0637,0.0642
1653062400000,0.0642,0.067,0.0629,0.0669
1653076800000,0.0669,0.0676,0.0657,0.066
1653091200000,0.066,0.0674,0.0648,0.0672
1653105600000,0.0672,0.0676,0.0655,0.0672
1653120000000,0.0672,0.0673,0.0655,0.0665
1653134400000,0.0665,0.0685,0.0656,0.0683
1653148800000,0.0683,0.0694,0.0663,0.0668
1653163200000,0.0668,0.068,0.0652,0.068
1653177600000,0.068,0.068,0.0664,0.0669
1653192000000,0.0669,0.0677,0.0656,0.0675
1653206400000,0.0675,0.07,0.0672,0.0676
1653220800000,0.0676,0.0693,0.0666,0.0674
1653235200000,0.0674,0.0682,0.0664,0.0669
1653249600000,0.0669,0.0689,0.0665,0.0685
1653264000000,0.0685,0.0695,0.067,0.0676
1653278400000,0.0676,0.0721,0.0675,0.0714
1653292800000,0.0714,0.0722,0.0702,0.071
1653307200000,0.071,0.0721,0.069,0.0706
1653321600000,0.0706,0.0717,0.0673,0.0674
1653336000000,0.0674,0.0691,0.064,0.0657
1653350400000,0.0657,0.0672,0.0651,0.0669
1653364800000,0.0669,0.0681,0.0664,0.0681
1653379200000,0.0681,0.0681,0.065,0.066
1653393600000,0.066,0.0661,0.0602,0.0647
1653408000000,0.0647,0.0658,0.0634,0.0652
1653422400000,0.0652,0.0691,0.0647,0.0689
1653436800000,0.0689,0.0692,0.0663,0.0681
1653451200000,0.0681,0.0683,0.0662,0.0674
1653465600000,0.0674,0.0702,0.0664,0.0668
1653480000000,0.0668,0.0696,0.0661,0.0685
1653494400000,0.0685,0.07,0.0675,0.0679
1653508800000,0.0679,0.0712,0.0679,0.0693
1653523200000,0.0693,0.0738,0.0693,0.0732
1653537600000,0.0732,0.0758,0.069,0.0692
1653552000000,0.0692,0.0693,0.0635,0.0645
1653566400000,0.0645,0.0659,0.0604,0.0657
1653580800000,0.0657,0.0678,0.0649,0.0649
1653595200000,0.0649,0.0665,0.063,0.0635
1653609600000,0.0635,0.064,0.0598,0.0615
1653624000000,0.0615,0.063,0.0594,0.0618
1653638400000,0.0618,0.0632,0.0613,0.0625
1653652800000,0.0625,0.0646,0.0612,0.0619
1653667200000,0.0619,0.0623,0.0603,0.0619
1653681600000,0.0619,0.0626,0.0606,0.0609
1653696000000,0.0609,0.0626,0.0602,0.0622
1653710400000,0.0622,0.0629,0.0606,0.0612
1653724800000,0.0612,0.0617,0.0607,0.0614
1653739200000,0.0614,0.0627,0.0613,0.0622
1653753600000,0.0622,0.0628,0.0616,0.0626
1653768000000,0.0626,0.0628,0.0614,0.0623
1653782400000,0.0623,0.0626,0.0607,0.0619
1653796800000,0.0619,0.0624,0.0613,0.0617
1653811200000,0.0617,0.0632,0.0616,0.0632
1653825600000,0.0632,0.0646,0.0629,0.0632
1653840000000,0.0632,0.0654,0.0632,0.0648
1653854400000,0.0648,0.0656,0.0644,0.0655
1653868800000,0.0655,0.0699,0.0644,0.0691
1653883200000,0.0691,0.0726,0.0687,0.0716
1653897600000,0.0716,0.0721,0.0693,0.07
1653912000000,0.07,0.0709,0.0686,0.0696
1653926400000,0.0696,0.0708,0.069,0.0703
1653940800000,0.0703,0.0734,0.0702,0.0724
1653955200000,0.0724,0.0746,0.0712,0.0735
1653969600000,0.0735,0.0738,0.0695,0.0716
1653984000000,0.0716,0.0736,0.0707,0.073
1653998400000,0.073,0.0765,0.0717,0.0762
1654012800000,0.0762,0.0781,0.0726,0.0731
1654027200000,0.0731,0.0803,0.0726,0.0793
1654041600000,0.0793,0.0794,0.0751,0.0755
1654056000000,0.0755,0.078,0.0744,0.0746
1654070400000,0.0746,0.0767,0.0737,0.0748
1654084800000,0.0748,0.0769,0.0711,0.0715
1654099200000,0.0715,0.0721,0.0682,0.0687
1654113600000,0.0687,0.0688,0.0652,0.0675
1654128000000,0.0675,0.0678,0.066,0.0663
1654142400000,0.0663,0.0683,0.066,0.0677
1654156800000,0.0677,0.0685,0.0665,0.0685
1654171200000,0.0685,0.0685,0.0656,0.0673
1654185600000,0.0673,0.0681,0.0666,0.0674
1654200000000,0.0674,0.0692,0.0671,0.0685
1654214400000,0.0685,0.0687,0.0673,0.0683
1654228800000,0.0683,0.0685,0.0668,0.067
1654243200000,0.067,0.0675,0.0632,0.064
1654257600000,0.064,0.0647,0.0632,0.064
1654272000000,0.064,0.065,0.0637,0.0648
1654286400000,0.0648,0.0676,0.0646,0.0662
1654300800000,0.0662,0.0673,0.0648,0.0652
1654315200000,0.0652,0.0668,0.0652,0.0666
1654329600000,0.0666,0.0687,0.0665,0.0668
1654344000000,0.0668,0.0686,0.0658,0.068
1654358400000,0.068,0.0692,0.0674,0.0681
1654372800000,0.0681,0.0692,0.0679,0.0682
1654387200000,0.0682,0.0687,0.0669,0.0677
1654401600000,0.0677,0.068,0.0669,0.067
1654416000000,0.067,0.0676,0.0663,0.067
1654430400000,0.067,0.0676,0.0662,0.0675
1654444800000,0.0675,0.0686,0.0671,0.068
1654459200000,0.068,0.0684,0.0663,0.0665
1654473600000,0.0665,0.07,0.0664,0.0696
1654488000000,0.0696,0.0712,0.0692,0.0706
1654502400000,0.0706,0.0716,0.0705,0.0708
1654516800000,0.0708,0.0712,0.0676,0.069
1654531200000,0.069,0.069,0.0662,0.0673
1654545600000,0.0673,0.0684,0.0664,0.0681
1654560000000,0.0681,0.0683,0.0623,0.0643
1654574400000,0.0643,0.0647,0.0638,0.0647
1654588800000,0.0647,0.0668,0.0634,0.0642
1654603200000,0.0642,0.0678,0.0639,0.0669
1654617600000,0.0669,0.0694,0.0662,0.0685
1654632000000,0.0685,0.0719,0.0664,0.0693
1654646400000,0.0693,0.0711,0.0669,0.0674
1654660800000,0.0674,0.0692,0.0674,0.0687
1654675200000,0.0687,0.0687,0.0672,0.0675
1654689600000,0.0675,0.0683,0.066,0.0673
1654704000000,0.0673,0.0674,0.065,0.0661
1654718400000,0.0661,0.067,0.0657,0.0659
1654732800000,0.0659,0.0661,0.0648,0.066
1654747200000,0.066,0.067,0.0658,0.067
1654761600000,0.067,0.0681,0.0664,0.0664
1654776000000,0.0664,0.0669,0.0657,0.0669
1654790400000,0.0669,0.0681,0.0656,0.0657
1654804800000,0.0657,0.0664,0.0653,0.0659
1654819200000,0.0659,0.0674,0.0644,0.0667
1654833600000,0.0667,0.067,0.0656,0.0659
1654848000000,0.0659,0.0662,0.0645,0.0654
1654862400000,0.0654,0.0658,0.0617,0.0633
1654876800000,0.0633,0.0633,0.0609,0.0624
1654891200000,0.0624,0.0632,0.0617,0.0624
1654905600000,0.0624,0.0634,0.0621,0.0631
1654920000000,0.0631,0.0638,0.0624,0.0634
1654934400000,0.0634,0.0635,0.0602,0.0607
1654948800000,0.0607,0.0611,0.0567,0.0577
1654963200000,0.0577,0.0595,0.0572,0.0585
1654977600000,0.0585,0.0591,0.0574,0.0577
1654992000000,0.0577,0.0589,0.0538,0.0547
1655006400000,0.0547,0.0553,0.0523,0.0547
1655020800000,0.0547,0.0558,0.0536,0.0549
1655035200000,0.0549,0.0577,0.0523,0.0571
1655049600000,0.0571,0.0573,0.0554,0.0556
1655064000000,0.0556,0.0561,0.0531,0.0531
1655078400000,0.0531,0.0538,0.0458,0.048
1655092800000,0.048,0.0493,0.0448,0.0456
1655107200000,0.0456,0.047,0.0436,0.0451
1655121600000,0.0451,0.0474,0.0434,0.0469
1655136000000,0.0469,0.0507,0.0463,0.0492
1655150400000,0.0492,0.0515,0.0466,0.0489
1655164800000,0.0489,0.0515,0.0455,0.0509
1655179200000,0.0509,0.0536,0.05,0.0527
1655193600000,0.0527,0.0527,0.0492,0.0497
1655208000000,0.0497,0.0522,0.049,0.0519
1655222400000,0.0519,0.052,0.0502,0.0507
1655236800000,0.0507,0.0513,0.0487,0.0507
1655251200000,0.0507,0.0515,0.0485,0.0486
1655265600000,0.0486,0.0487,0.0465,0.0469
1655280000000,0.0469,0.0488,0.0458,0.0485
1655294400000,0.0485,0.0498,0.0474,0.0483
1655308800000,0.0483,0.0517,0.0463,0.0504
1655323200000,0.0504,0.0541,0.0498,0.0541
1655337600000,0.0541,0.0548,0.0525,0.0528
1655352000000,0.0528,0.0534,0.0504,0.0507
1655366400000,0.0507,0.0511,0.0474,0.0483
1655380800000,0.0483,0.0496,0.0476,0.049
1655395200000,0.049,0.0496,0.0472,0.0476
1655409600000,0.0476,0.049,0.0459,0.0472
1655424000000,0.0472,0.0494,0.0468,0.0478
1655438400000,0.0478,0.0497,0.0476,0.0491
1655452800000,0.0491,0.0493,0.0477,0.0487
1655467200000,0.0487,0.0487,0.0469,0.0477
1655481600000,0.0477,0.0481,0.0473,0.0476
1655496000000,0.0476,0.0488,0.0475,0.0477
1655510400000,0.0477,0.0487,0.0466,0.0471
1655524800000,0.0471,0.0476,0.044,0.0448
1655539200000,0.0448,0.0467,0.0436,0.0457
1655553600000,0.0457,0.0463,0.045,0.0452
1655568000000,0.0452,0.0458,0.0425,0.0427
1655582400000,0.0427,0.0457,0.0415,0.0448
1655596800000,0.0448,0.0453,0.0424,0.043
1655611200000,0.043,0.0444,0.0422,0.0434
1655625600000,0.0434,0.0465,0.0426,0.046
1655640000000,0.046,0.0468,0.0447,0.0466
1655654400000,0.0466,0.0476,0.0454,0.0471
1655668800000,0.0471,0.0483,0.0468,0.0476
1655683200000,0.0476,0.0479,0.0451,0.0461
1655697600000,0.0461,0.047,0.0454,0.0465
1655712000000,0.0465,0.0495,0.0465,0.0494
1655726400000,0.0494,0.0496,0.0479,0.0487
1655740800000,0.0487,0.0488,0.0468,0.0473
1655755200000,0.0473,0.0484,0.0469,0.048
1655769600000,0.048,0.0488,0.0472,0.0487
1655784000000,0.0487,0.0501,0.048,0.0488
1655798400000,0.0488,0.0512,0.0487,0.0492
1655812800000,0.0492,0.0527,0.049,0.0527
1655827200000,0.0527,0.0529,0.0507,0.0508
1655841600000,0.0508,0.0544,0.0506,0.0532
1655856000000,0.0532,0.0533,0.0505,0.0514
1655870400000,0.0514,0.0557,0.05,0.0502
1655884800000,0.0502,0.0539,0.0496,0.0524
1655899200000,0.0524,0.055,0.0514,0.0517
1655913600000,0.0517,0.0524,0.0502,0.0512
1655928000000,0.0512,0.0518,0.05,0.0505
1655942400000,0.0505,0.0526,0.0504,0.0516
1655956800000,0.0516,0.0535,0.0515,0.0524
1655971200000,0.0524,0.054,0.0523,0.0533
1655985600000,0.0533,0.0537,0.051,0.0517
1656000000000,0.0517,0.0532,0.0509,0.0528
1656014400000,0.0528,0.0537,0.0524,0.0532
1656028800000,0.0532,0.055,0.0531,0.0535
1656043200000,0.0535,0.0543,0.0531,0.0538
1656057600000,0.0538,0.0556,0.0534,0.0552
1656072000000,0.0552,0.0568,0.054,0.0545
1656086400000,0.0545,0.0557,0.0541,0.0553
1656100800000,0.0553,0.0564,0.0551,0.0551
1656115200000,0.0551,0.0565,0.054,0.0548
1656129600000,0.0548,0.0565,0.0545,0.0561
1656144000000,0.0561,0.0567,0.0547,0.0548
1656158400000,0.0548,0.0553,0.0522,0.0526
1656172800000,0.0526,0.0542,0.0524,0.0537
1656187200000,0.0537,0.0554,0.0535,0.0551
1656201600000,0.0551,0.0556,0.0539,0.0549
1656216000000,0.0549,0.0559,0.0545,0.0552
1656230400000,0.0552,0.0565,0.0548,0.0562
1656244800000,0.0562,0.0567,0.0537,0.0545
1656259200000,0.0545,0.0548,0.0526,0.0531
1656273600000,0.0531,0.0542,0.0506,0.0508
1656288000000,0.0508,0.053,0.0507,0.0529
1656302400000,0.0529,0.0535,0.0522,0.0532
1656316800000,0.0532,0.0537,0.0525,0.0526
1656331200000,0.0526,0.0531,0.0498,0.0512
1656345600000,0.0512,0.0521,0.05,0.0511
1656360000000,0.0511,0.0526,0.051,0.0516
1656374400000,0.0516,0.0525,0.0497,0.051
1656388800000,0.051,0.0533,0.0507,0.0529
1656403200000,0.0529,0.0538,0.0523,0.053
1656417600000,0.053,0.0538,0.0509,0.0511
1656432000000,0.0511,0.0518,0.0505,0.051
1656446400000,0.051,0.0517,0.05,0.0505
1656460800000,0.0505,0.0516,0.0504,0.0508
1656475200000,0.0508,0.0511,0.0488,0.0502
1656489600000,0.0502,0.0506,0.049,0.0497
1656504000000,0.0497,0.0506,0.0488,0.05
1656518400000,0.05,0.0504,0.0491,0.0503
1656532800000,0.0503,0.0514,0.0501,0.0507
1656547200000,0.0507,0.0509,0.0491,0.0501
1656561600000,0.0501,0.0504,0.0474,0.0477
1656576000000,0.0477,0.0477,0.0464,0.047
1656590400000,0.047,0.0475,0.0458,0.0471
1656604800000,0.0471,0.0478,0.0464,0.0471
1656619200000,0.0471,0.049,0.0466,0.0487
1656633600000,0.0487,0.0501,0.0479,0.048
1656648000000,0.048,0.05,0.0471,0.0496
1656662400000,0.0496,0.0501,0.0478,0.0485
1656676800000,0.0485,0.0496,0.0483,0.0487
1656691200000,0.0487,0.0499,0.0484,0.0497
1656705600000,0.0497,0.0508,0.0486,0.049
1656720000000,0.049,0.0496,0.0476,0.0479
1656734400000,0.0479,0.0491,0.0479,0.0486
1656748800000,0.0486,0.0489,0.0473,0.0481
1656763200000,0.0481,0.0487,0.0478,0.0481
1656777600000,0.0481,0.0494,0.0479,0.0488
1656792000000,0.0488,0.0497,0.0487,0.0489
1656806400000,0.0489,0.049,0.0485,0.0486
1656820800000,0.0486,0.0488,0.0472,0.0474
1656835200000,0.0474,0.0477,0.0469,0.0474
1656849600000,0.0474,0.0477,0.0467,0.0469
1656864000000,0.0469,0.0483,0.0468,0.0481
1656878400000,0.0481,0.0483,0.0476,0.0482
1656892800000,0.0482,0.0484,0.0473,0.0474
1656907200000,0.0474,0.0483,0.0473,0.0481
1656921600000,0.0481,0.0504,0.048,0.0503
1656936000000,0.0503,0.051,0.0493,0.0502
1656950400000,0.0502,0.0513,0.0501,0.0505
1656964800000,0.0505,0.0515,0.05,0.0511
1656979200000,0.0511,0.0516,0.0503,0.0513
1656993600000,0.0513,0.0517,0.0506,0.051
1657008000000,0.051,0.0511,0.0494,0.0496
1657022400000,0.0496,0.0499,0.0488,0.0493
1657036800000,0.0493,0.0509,0.049,0.0506
1657051200000,0.0506,0.0512,0.0495,0.0496
1657065600000,0.0496,0.0501,0.0484,0.0493
1657080000000,0.0493,0.05,0.0489,0.0496
1657094400000,0.0496,0.0507,0.0493,0.0501
1657108800000,0.0501,0.0515,0.0498,0.0509
1657123200000,0.0509,0.0516,0.0506,0.051
1657137600000,0.051,0.0521,0.0507,0.0516
1657152000000,0.0516,0.0523,0.0515,0.052
1657166400000,0.052,0.0522,0.0511,0.0521
1657180800000,0.0521,0.0525,0.0516,0.0521
1657195200000,0.0521,0.0531,0.0517,0.0527
1657209600000,0.0527,0.0534,0.0526,0.0531
1657224000000,0.0531,0.0532,0.0521,0.0526
1657238400000,0.0526,0.0544,0.0523,0.0534
1657252800000,0.0534,0.0536,0.0517,0.052
1657267200000,0.052,0.0523,0.0504,0.0508
1657281600000,0.0508,0.0519,0.0501,0.0516
1657296000000,0.0516,0.0517,0.0507,0.0515
1657310400000,0.0515,0.052,0.0507,0.0509
1657324800000,0.0509,0.0518,0.0508,0.0517
1657339200000,0.0517,0.0532,0.0515,0.053
1657353600000,0.053,0.0539,0.0526,0.053
1657368000000,0.053,0.054,0.0528,0.0538
1657382400000,0.0538,0.0542,0.0533,0.0537
1657396800000,0.0537,0.0539,0.0531,0.0531
1657411200000,0.0531,0.0539,0.0517,0.0522
1657425600000,0.0522,0.0529,0.0518,0.0525
1657440000000,0.0525,0.0528,0.0518,0.0523
1657454400000,0.0523,0.0525,0.0508,0.0511
1657468800000,0.0511,0.0517,0.0508,0.0513
1657483200000,0.0513,0.0517,0.0509,0.051
1657497600000,0.051,0.0512,0.0497,0.0499
1657512000000,0.0499,0.0502,0.0489,0.0491
1657526400000,0.0491,0.0499,0.049,0.0494
1657540800000,0.0494,0.0498,0.0487,0.0489
1657555200000,0.0489,0.0492,0.0484,0.0487
1657569600000,0.0487,0.0489,0.0464,0.0466
1657584000000,0.0466,0.0473,0.0463,0.047
1657598400000,0.047,0.0477,0.0463,0.0469
1657612800000,0.0469,0.048,0.0466,0.0476
1657627200000,0.0476,0.0483,0.0474,0.0481
1657641600000,0.0481,0.0483,0.0467,0.0477
1657656000000,0.0477,0.048,0.047,0.0471
1657670400000,0.0471,0.048,0.0465,0.0477
1657684800000,0.0477,0.0483,0.0476,0.0483
1657699200000,0.0483,0.0486,0.0478,0.0483
1657713600000,0.0483,0.0489,0.0451,0.0469
1657728000000,0.0469,0.0481,0.0465,0.0477
1657742400000,0.0477,0.0496,0.0476,0.0496
1657756800000,0.0496,0.0499,0.0488,0.0491
1657771200000,0.0491,0.0493,0.0481,0.0481
1657785600000,0.0481,0.0484,0.0473,0.0476
1657800000000,0.0476,0.0497,0.0474,0.0495
1657814400000,0.0495,0.0503,0.0489,0.0495
1657828800000,0.0495,0.0498,0.0488,0.0495
1657843200000,0.0495,0.0502,0.0489,0.05
1657857600000,0.05,0.0517,0.0497,0.0514
1657872000000,0.0514,0.0524,0.0512,0.0514
1657886400000,0.0514,0.0517,0.0505,0.0507
1657900800000,0.0507,0.0514,0.05,0.0513
1657915200000,0.0513,0.0517,0.0504,0.0505
1657929600000,0.0505,0.051,0.0497,0.0505
1657944000000,0.0505,0.0505,0.0496,0.0499
1657958400000,0.0499,0.0505,0.0498,0.0503
1657972800000,0.0503,0.0516,0.0501,0.0515
1657987200000,0.0515,0.0529,0.0513,0.0519
1658001600000,0.0519,0.0523,0.0513,0.052
1658016000000,0.052,0.0526,0.0508,0.0518
1658030400000,0.0518,0.0533,0.0517,0.0525
1658044800000,0.0525,0.0538,0.0516,0.0531
1658059200000,0.0531,0.0533,0.0508,0.0523
1658073600000,0.0523,0.0527,0.0509,0.052
1658088000000,0.052,0.0526,0.0516,0.0519
1658102400000,0.0519,0.0541,0.0519,0.0536
1658116800000,0.0536,0.0561,0.053,0.055
1658131200000,0.055,0.056,0.0546,0.0551
1658145600000,0.0551,0.0582,0.0545,0.0581
1658160000000,0.0581,0.0584,0.0547,0.0555
1658174400000,0.0555,0.0573,0.0551,0.057
1658188800000,0.057,0.0578,0.0552,0.0554
1658203200000,0.0554,0.0583,0.0546,0.0563
1658217600000,0.0563,0.0597,0.0561,0.0587
1658232000000,0.0587,0.0616,0.0585,0.0607
1658246400000,0.0607,0.0616,0.0605,0.0607
1658260800000,0.0607,0.0616,0.0597,0.0602
1658275200000,0.0602,0.0629,0.0595,0.0625
1658289600000,0.0625,0.0625,0.0605,0.0606
1658304000000,0.0606,0.0613,0.0593,0.0603
1658318400000,0.0603,0.061,0.0597,0.0601
1658332800000,0.0601,0.0603,0.057,0.058
1658347200000,0.058,0.0585,0.0554,0.0559
1658361600000,0.0559,0.0569,0.0531,0.0531
1658376000000,0.0531,0.0548,0.0528,0.054
1658390400000,0.054,0.055,0.0536,0.0543
1658404800000,0.0543,0.0552,0.0539,0.0546
1658419200000,0.0546,0.0565,0.0546,0.0561
1658433600000,0.0561,0.0563,0.0551,0.0558
1658448000000,0.0558,0.0573,0.0555,0.0556
1658462400000,0.0556,0.0567,0.0553,0.0562
1658476800000,0.0562,0.0581,0.0561,0.058
1658491200000,0.058,0.0582,0.0552,0.0552
1658505600000,0.0552,0.0559,0.053,0.0533
1658520000000,0.0533,0.0544,0.0527,0.0537
1658534400000,0.0537,0.0549,0.053,0.0545
1658548800000,0.0545,0.0555,0.0544,0.0547
1658563200000,0.0547,0.0554,0.0522,0.0523
1658577600000,0.0523,0.0537,0.0521,0.0533
1658592000000,0.0533,0.0536,0.0524,0.0534
1658606400000,0.0534,0.0547,0.0533,0.054
1658620800000,0.054,0.0545,0.0533,0.0534
1658635200000,0.0534,0.0558,0.0533,0.0552
1658649600000,0.0552,0.0562,0.0542,0.0549
1658664000000,0.0549,0.055,0.0524,0.0536
1658678400000,0.0536,0.0538,0.0527,0.053
1658692800000,0.053,0.0541,0.0525,0.0527
1658707200000,0.0527,0.0534,0.0499,0.0501
1658721600000,0.0501,0.0515,0.0499,0.0513
1658736000000,0.0513,0.0514,0.0508,0.051
1658750400000,0.051,0.0511,0.05,0.0507
1658764800000,0.0507,0.0507,0.0484,0.0493
1658779200000,0.0493,0.0503,0.0478,0.0479
1658793600000,0.0479,0.0479,0.0464,0.0477
1658808000000,0.0477,0.0479,0.047,0.0473
1658822400000,0.0473,0.0477,0.0468,0.0473
1658836800000,0.0473,0.0475,0.0466,0.0472
1658851200000,0.0472,0.0481,0.047,0.0473
1658865600000,0.0473,0.0491,0.047,0.0491
1658880000000,0.0491,0.0491,0.0475,0.0477
1658894400000,0.0477,0.0491,0.0477,0.0487
1658908800000,0.0487,0.0489,0.0481,0.0482
1658923200000,0.0482,0.0491,0.048,0.0487
1658937600000,0.0487,0.0521,0.0478,0.0515
1658952000000,0.0515,0.053,0.0514,0.0529
1658966400000,0.0529,0.0538,0.0523,0.053
1658980800000,0.053,0.0532,0.0522,0.0524
1658995200000,0.0524,0.054,0.0523,0.0538
1659009600000,0.0538,0.0662,0.0515,0.0627
1659024000000,0.0627,0.0669,0.0622,0.0633
1659038400000,0.0633,0.0728,0.0632,0.072
1659052800000,0.072,0.0746,0.0676,0.0725
1659067200000,0.0725,0.073,0.0681,0.0696
1659081600000,0.0696,0.0756,0.0677,0.069
1659096000000,0.069,0.0872,0.067,0.0834
1659110400000,0.0834,0.0838,0.0772,0.0805
1659124800000,0.0805,0.0856,0.0783,0.0795
1659139200000,0.0795,0.0819,0.0753,0.0767
1659153600000,0.0767,0.0769,0.0732,0.0751
1659168000000,0.0751,0.0789,0.0726,0.0738
1659182400000,0.0738,0.0817,0.0737,0.0809
1659196800000,0.0809,0.0886,0.0799,0.0829
1659211200000,0.0829,0.0881,0.0819,0.0849
1659225600000,0.0849,0.0955,0.0828,0.0905
1659240000000,0.0905,0.0914,0.0848,0.0854
1659254400000,0.0854,0.0883,0.0837,0.0863
1659268800000,0.0863,0.0872,0.0816,0.0861
1659283200000,0.0861,0.0907,0.0849,0.0872
1659297600000,0.0872,0.0882,0.0832,0.0839
1659312000000,0.0839,0.0931,0.083,0.0894
1659326400000,0.0894,0.0935,0.0849,0.0872
1659340800000,0.0872,0.0876,0.0835,0.0856
1659355200000,0.0856,0.0864,0.0823,0.084
1659369600000,0.084,0.0842,0.0777,0.079
1659384000000,0.079,0.0814,0.0783,0.0805
1659398400000,0.0805,0.0818,0.0773,0.0785
1659412800000,0.0785,0.0797,0.0761,0.0796
1659427200000,0.0796,0.0832,0.0779,0.0821
1659441600000,0.0821,0.0857,0.0793,0.0849
1659456000000,0.0849,0.0894,0.0837,0.0848
1659470400000,0.0848,0.0879,0.0847,0.0862
1659484800000,0.0862,0.0881,0.0824,0.0839
1659499200000,0.0839,0.088,0.0823,0.0847
1659513600000,0.0847,0.0875,0.0844,0.0849
1659528000000,0.0849,0.0863,0.0831,0.0835
1659542400000,0.0835,0.0849,0.0828,0.0842
1659556800000,0.0842,0.0844,0.08,0.081
1659571200000,0.081,0.0836,0.0808,0.0826
1659585600000,0.0826,0.0845,0.0811,0.0817
1659600000000,0.0817,0.0817,0.079,0.0791
1659614400000,0.0791,0.0819,0.079,0.0803
1659628800000,0.0803,0.0807,0.0774,0.0793
1659643200000,0.0793,0.0816,0.0792,0.0809
1659657600000,0.0809,0.0861,0.0804,0.084
1659672000000,0.084,0.0841,0.0818,0.083
1659686400000,0.083,0.0841,0.0819,0.0833
1659700800000,0.0833,0.0845,0.0805,0.0814
1659715200000,0.0814,0.0817,0.0802,0.0812
1659729600000,0.0812,0.0835,0.0807,0.0834
1659744000000,0.0834,0.0854,0.0827,0.084
1659758400000,0.084,0.0902,0.0835,0.0884
1659772800000,0.0884,0.0906,0.088,0.0887
1659787200000,0.0887,0.089,0.0862,0.0868
1659801600000,0.0868,0.0875,0.0852,0.0871
1659816000000,0.0871,0.088,0.0856,0.0856
1659830400000,0.0856,0.0861,0.0832,0.0848
1659844800000,0.0848,0.0868,0.0842,0.0863
1659859200000,0.0863,0.0938,0.0857,0.0926
1659873600000,0.0926,0.0947,0.0926,0.0928
1659888000000,0.0928,0.1115,0.0928,0.1049
1659902400000,0.1049,0.109,0.1048,0.1071
1659916800000,0.1071,0.1127,0.1034,0.1049
1659931200000,0.1049,0.108,0.1026,0.1028
1659945600000,0.1028,0.1051,0.1021,0.1039
1659960000000,0.1039,0.1098,0.1024,0.1062
1659974400000,0.1062,0.1135,0.1046,0.1124
1659988800000,0.1124,0.1138,0.1086,0.1127
1660003200000,0.1127,0.1148,0.1069,0.1092
1660017600000,0.1092,0.116,0.1084,0.1131
1660032000000,0.1131,0.1134,0.1056,0.1075
1660046400000,0.1075,0.1079,0.0983,0.1022
1660060800000,0.1022,0.1058,0.1021,0.1037
1660075200000,0.1037,0.1053,0.1025,0.103
1660089600000,0.103,0.1031,0.0987,0.0993
1660104000000,0.0993,0.1005,0.0967,0.0999
1660118400000,0.0999,0.1031,0.0996,0.1029
1660132800000,0.1029,0.1099,0.1001,0.105
1660147200000,0.105,0.1054,0.101,0.1013
1660161600000,0.1013,0.1045,0.1011,0.1042
1660176000000,0.1042,0.1056,0.1027,0.1043
1660190400000,0.1043,0.1047,0.1011,0.1018
1660204800000,0.1018,0.1036,0.1013,0.1024
1660219200000,0.1024,0.1036,0.0989,0.0996
1660233600000,0.0996,0.1011,0.0991,0.1008
1660248000000,0.1008,0.1009,0.0974,0.0983
1660262400000,0.0983,0.0996,0.0956,0.0992
1660276800000,0.0992,0.1001,0.098,0.0984
1660291200000,0.0984,0.1019,0.0964,0.0969
1660305600000,0.0969,0.0995,0.096,0.0984
1660320000000,0.0984,0.0998,0.0979,0.0998
1660334400000,0.0998,0.101,0.0985,0.1006
1660348800000,0.1006,0.1035,0.0997,0.1019
1660363200000,0.1019,0.1033,0.1002,0.1006
1660377600000,0.1006,0.1014,0.0977,0.0987
1660392000000,0.0987,0.0989,0.0968,0.0977
1660406400000,0.0977,0.0985,0.0964,0.0969
1660420800000,0.0969,0.0978,0.0962,0.097
1660435200000,0.097,0.099,0.0959,0.0985
1660449600000,0.0985,0.1013,0.0985,0.1006
1660464000000,0.1006,0.1021,0.099,0.0991
1660478400000,0.0991,0.0994,0.0944,0.096
1660492800000,0.096,0.0961,0.0907,0.093
1660507200000,0.093,0.0937,0.0919,0.093
1660521600000,0.093,0.0968,0.0927,0.0952
1660536000000,0.0952,0.0957,0.0911,0.0928
1660550400000,0.0928,0.0949,0.0913,0.0937
1660564800000,0.0937,0.0956,0.0925,0.0951
1660579200000,0.0951,0.0991,0.0937,0.094
1660593600000,0.094,0.0958,0.0921,0.0952
1660608000000,0.0952,0.0959,0.0921,0.0939
1660622400000,0.0939,0.0946,0.0914,0.0933
1660636800000,0.0933,0.0959,0.0926,0.0944
1660651200000,0.0944,0.0949,0.0916,0.0929
1660665600000,0.0929,0.0931,0.0909,0.0916
1660680000000,0.0916,0.0927,0.0888,0.0899
1660694400000,0.0899,0.0924,0.0896,0.0923
1660708800000,0.0923,0.0938,0.0901,0.0903
1660723200000,0.0903,0.0919,0.0897,0.0901
1660737600000,0.0901,0.0903,0.0846,0.0853
1660752000000,0.0853,0.0877,0.0849,0.086
1660766400000,0.086,0.0872,0.0846,0.0859
1660780800000,0.0859,0.0873,0.0848,0.087
1660795200000,0.087,0.0877,0.0861,0.0865
1660809600000,0.0865,0.0866,0.0856,0.0865
1660824000000,0.0865,0.0869,0.0827,0.0838
1660838400000,0.0838,0.0841,0.0815,0.0824
1660852800000,0.0824,0.0834,0.0731,0.0769
1660867200000,0.0769,0.0778,0.0733,0.0745
1660881600000,0.0745,0.0755,0.0691,0.0721
1660896000000,0.0721,0.0736,0.0707,0.0734
1660910400000,0.0734,0.0743,0.0719,0.0741
1660924800000,0.0741,0.0753,0.0723,0.0734
1660939200000,0.0734,0.0738,0.0704,0.0718
1660953600000,0.0718,0.0735,0.0712,0.072
1660968000000,0.072,0.0724,0.0688,0.072
1660982400000,0.072,0.0722,0.0693,0.0699
1660996800000,0.0699,0.0706,0.0674,0.0685
1661011200000,0.0685,0.0691,0.0659,0.0669
1661025600000,0.0669,0.0689,0.0662,0.0682
1661040000000,0.0682,0.0694,0.0679,0.0684
1661054400000,0.0684,0.0691,0.0671,0.0691
1661068800000,0.0691,0.0705,0.069,0.0702
1661083200000,0.0702,0.0709,0.0682,0.0687
1661097600000,0.0687,0.0695,0.068,0.0689
1661112000000,0.0689,0.0701,0.0672,0.0684
1661126400000,0.0684,0.0685,0.0673,0.0677
1661140800000,0.0677,0.0679,0.0641,0.0642
1661155200000,0.0642,0.066,0.0635,0.0656
1661169600000,0.0656,0.0669,0.0647,0.0668
1661184000000,0.0668,0.0677,0.0652,0.0661
1661198400000,0.0661,0.0685,0.0661,0.0684
1661212800000,0.0684,0.0715,0.0679,0.0706
1661227200000,0.0706,0.0706,0.0668,0.0695
1661241600000,0.0695,0.0724,0.0694,0.0706
1661256000000,0.0706,0.0733,0.0699,0.073
1661270400000,0.073,0.0737,0.0711,0.0727
1661284800000,0.0727,0.0733,0.0718,0.0729
1661299200000,0.0729,0.073,0.0694,0.0701
1661313600000,0.0701,0.072,0.0698,0.071
1661328000000,0.071,0.074,0.071,0.0735
1661342400000,0.0735,0.0741,0.0719,0.0736
1661356800000,0.0736,0.0745,0.0726,0.0731
1661371200000,0.0731,0.0735,0.0706,0.0709
1661385600000,0.0709,0.0727,0.0708,0.0717
1661400000000,0.0717,0.0735,0.0717,0.0733
1661414400000,0.0733,0.0733,0.0717,0.0724
1661428800000,0.0724,0.0725,0.0686,0.0702
1661443200000,0.0702,0.0706,0.0689,0.0696
1661457600000,0.0696,0.0704,0.0693,0.0697
1661472000000,0.0697,0.0702,0.0689,0.0702
1661486400000,0.0702,0.0703,0.0672,0.0681
1661500800000,0.0681,0.0686,0.066,0.0672
1661515200000,0.0672,0.0705,0.065,0.0659
1661529600000,0.0659,0.066,0.0636,0.0647
1661544000000,0.0647,0.0655,0.0623,0.0632
1661558400000,0.0632,0.0648,0.0625,0.0644
1661572800000,0.0644,0.066,0.063,0.0658
1661587200000,0.0658,0.0658,0.0643,0.065
1661601600000,0.065,0.0652,0.0631,0.0643
1661616000000,0.0643,0.0645,0.0631,0.0641
1661630400000,0.0641,0.0648,0.0633,0.0643
1661644800000,0.0643,0.065,0.0636,0.0642
1661659200000,0.0642,0.0651,0.0638,0.0649
1661673600000,0.0649,0.0654,0.0641,0.0646
1661688000000,0.0646,0.0651,0.0635,0.0651
1661702400000,0.0651,0.0663,0.0651,0.0655
1661716800000,0.0655,0.0659,0.0621,0.0624
1661731200000,0.0624,0.0631,0.06,0.063
1661745600000,0.063,0.0634,0.0619,0.0632
1661760000000,0.0632,0.0632,0.062,0.0626
1661774400000,0.0626,0.0666,0.0626,0.0652
1661788800000,0.0652,0.066,0.0645,0.0649
1661803200000,0.0649,0.0668,0.0648,0.0664
1661817600000,0.0664,0.067,0.0651,0.0663
1661832000000,0.0663,0.0676,0.0662,0.0671
1661846400000,0.0671,0.0674,0.0659,0.0664
1661860800000,0.0664,0.0665,0.0624,0.0636
1661875200000,0.0636,0.0642,0.0615,0.0634
1661889600000,0.0634,0.064,0.0628,0.0632
1661904000000,0.0632,0.0656,0.0632,0.0652
1661918400000,0.0652,0.0659,0.0645,0.0646
1661932800000,0.0646,0.0654,0.0639,0.0647
1661947200000,0.0647,0.0651,0.0625,0.0639
1661961600000,0.0639,0.0641,0.0626,0.0636
1661976000000,0.0636,0.0637,0.0616,0.062
1661990400000,0.062,0.0626,0.0611,0.0617
1662004800000,0.0617,0.0623,0.0603,0.0612
1662019200000,0.0612,0.0627,0.0609,0.0625
1662033600000,0.0625,0.0627,0.0603,0.0612
1662048000000,0.0612,0.064,0.061,0.0634
1662062400000,0.0634,0.0644,0.0629,0.0641
1662076800000,0.0641,0.065,0.0628,0.0645
1662091200000,0.0645,0.066,0.0644,0.0657
1662105600000,0.0657,0.0659,0.0638,0.0645
1662120000000,0.0645,0.0671,0.0642,0.0666
1662134400000,0.0666,0.0668,0.0633,0.0639
1662148800000,0.0639,0.0651,0.0637,0.0649
1662163200000,0.0649,0.0655,0.0641,0.0644
1662177600000,0.0644,0.0659,0.0631,0.0638
1662192000000,0.0638,0.0643,0.0634,0.0637
1662206400000,0.0637,0.064,0.0633,0.0635
1662220800000,0.0635,0.0636,0.0616,0.0621
1662235200000,0.0621,0.0628,0.0619,0.0628
1662249600000,0.0628,0.0637,0.0625,0.0633
1662264000000,0.0633,0.0639,0.0628,0.0628
1662278400000,0.0628,0.0639,0.0621,0.0639
1662292800000,0.0639,0.0643,0.0632,0.0643
1662307200000,0.0643,0.0645,0.0635,0.0642
1662321600000,0.0642,0.0649,0.0639,0.0647
1662336000000,0.0647,0.0655,0.0643,0.0645
1662350400000,0.0645,0.0649,0.0631,0.0633
1662364800000,0.0633,0.0634,0.0624,0.0628
1662379200000,0.0628,0.0639,0.0625,0.0636
1662393600000,0.0636,0.0637,0.0626,0.0629
1662408000000,0.0629,0.0644,0.0627,0.0639
1662422400000,0.0639,0.0656,0.063,0.0641
1662436800000,0.0641,0.065,0.064,0.0646
1662451200000,0.0646,0.0654,0.0638,0.065
1662465600000,0.065,0.0651,0.0627,0.0641
1662480000000,0.0641,0.0641,0.0577,0.0589
1662494400000,0.0589,0.059,0.0575,0.0576
1662508800000,0.0576,0.0579,0.056,0.057
1662523200000,0.057,0.0586,0.0567,0.0586
1662537600000,0.0586,0.0586,0.0579,0.0582
1662552000000,0.0582,0.0597,0.058,0.059
1662566400000,0.059,0.0606,0.0587,0.0598
1662580800000,0.0598,0.0614,0.0598,0.0602
1662595200000,0.0602,0.0608,0.0598,0.0601
1662609600000,0.0601,0.0607,0.0587,0.0594
1662624000000,0.0594,0.0604,0.0593,0.0599
1662638400000,0.0599,0.0607,0.0586,0.06
1662652800000,0.06,0.0604,0.0591,0.0604
1662667200000,0.0604,0.0608,0.0599,0.0604
1662681600000,0.0604,0.0631,0.0603,0.063
1662696000000,0.063,0.0648,0.0628,0.064
1662710400000,0.064,0.0649,0.0634,0.0636
1662724800000,0.0636,0.0656,0.0636,0.0639
1662739200000,0.0639,0.0653,0.0633,0.0653
1662753600000,0.0653,0.0703,0.0649,0.0697
1662768000000,0.0697,0.07,0.0672,0.0674
1662782400000,0.0674,0.0678,0.0655,0.066
1662796800000,0.066,0.0676,0.066,0.0663
1662811200000,0.0663,0.0669,0.0652,0.0653
1662825600000,0.0653,0.0662,0.0647,0.0657
1662840000000,0.0657,0.0666,0.0652,0.066
1662854400000,0.066,0.0671,0.0658,0.0663
1662868800000,0.0663,0.0667,0.0637,0.0659
1662883200000,0.0659,0.0662,0.0653,0.0659
1662897600000,0.0659,0.0664,0.0649,0.0656
1662912000000,0.0656,0.0678,0.0652,0.0654
1662926400000,0.0654,0.0656,0.0636,0.0652
1662940800000,0.0652,0.0669,0.0641,0.0649
1662955200000,0.0649,0.0657,0.0645,0.0657
1662969600000,0.0657,0.0668,0.0653,0.0662
1662984000000,0.0662,0.0684,0.0645,0.0651
1662998400000,0.0651,0.0652,0.0628,0.065
1663012800000,0.065,0.0657,0.0643,0.0645
1663027200000,0.0645,0.0647,0.0625,0.0644
1663041600000,0.0644,0.0655,0.0638,0.0654
1663056000000,0.0654,0.0654,0.0637,0.0646
1663070400000,0.0646,0.0661,0.0595,0.0605
1663084800000,0.0605,0.0614,0.0589,0.0601
1663099200000,0.0601,0.0606,0.059,0.0595
1663113600000,0.0595,0.0609,0.0587,0.0607
1663128000000,0.0607,0.0609,0.059,0.0596
1663142400000,0.0596,0.0604,0.059,0.0596
1663156800000,0.0596,0.0606,0.0588,0.0599
1663171200000,0.0599,0.0603,0.0582,0.0602
1663185600000,0.0602,0.061,0.0595,0.0604
1663200000000,0.0604,0.0606,0.0582,0.0589
1663214400000,0.0589,0.0615,0.0582,0.0607
1663228800000,0.0607,0.0607,0.0593,0.0599
1663243200000,0.0599,0.0605,0.0584,0.0591
1663257600000,0.0591,0.0602,0.059,0.0597
1663272000000,0.0597,0.0601,0.0585,0.0591
1663286400000,0.0591,0.0602,0.0584,0.0601
1663300800000,0.0601,0.0607,0.0598,0.0598
1663315200000,0.0598,0.0609,0.059,0.0608
1663329600000,0.0608,0.0609,0.0591,0.0604
1663344000000,0.0604,0.0611,0.0593,0.0611
1663358400000,0.0611,0.0618,0.0607,0.061
1663372800000,0.061,0.062,0.061,0.0611
1663387200000,0.0611,0.0618,0.061,0.0617
1663401600000,0.0617,0.0621,0.0612,0.0612
1663416000000,0.0612,0.0619,0.061,0.0619
1663430400000,0.0619,0.0625,0.0615,0.0618
1663444800000,0.0618,0.0624,0.0617,0.0623
1663459200000,0.0623,0.0623,0.0616,0.0619
1663473600000,0.0619,0.0625,0.0618,0.0622
1663488000000,0.0622,0.0625,0.0607,0.0614
1663502400000,0.0614,0.0619,0.0606,0.0609
1663516800000,0.0609,0.0612,0.0596,0.0602
1663531200000,0.0602,0.0602,0.0543,0.0572
1663545600000,0.0572,0.058,0.0554,0.056
1663560000000,0.056,0.057,0.0555,0.0564
1663574400000,0.0564,0.0568,0.0553,0.0564
1663588800000,0.0564,0.0581,0.0562,0.0574
1663603200000,0.0574,0.0585,0.0568,0.058
1663617600000,0.058,0.0585,0.0578,0.058
1663632000000,0.058,0.0587,0.0572,0.0582
1663646400000,0.0582,0.059,0.0577,0.0582
1663660800000,0.0582,0.0584,0.0572,0.0576
1663675200000,0.0576,0.0583,0.0563,0.0582
1663689600000,0.0582,0.0583,0.0567,0.0573
1663704000000,0.0573,0.0576,0.0565,0.0568
1663718400000,0.0568,0.0577,0.0566,0.0574
1663732800000,0.0574,0.0579,0.0556,0.0563
1663747200000,0.0563,0.0573,0.0559,0.0572
1663761600000,0.0572,0.0576,0.0561,0.0564
1663776000000,0.0564,0.0595,0.0557,0.0573
1663790400000,0.0573,0.0573,0.0533,0.0545
1663804800000,0.0545,0.056,0.0544,0.0556
1663819200000,0.0556,0.0572,0.0556,0.0571
1663833600000,0.0571,0.058,0.057,0.0577
1663848000000,0.0577,0.058,0.0567,0.0575
1663862400000,0.0575,0.0588,0.0571,0.0581
1663876800000,0.0581,0.0592,0.0578,0.0584
1663891200000,0.0584,0.0596,0.0579,0.0592
1663905600000,0.0592,0.0599,0.0586,0.0587
1663920000000,0.0587,0.0592,0.0571,0.0574
1663934400000,0.0574,0.0593,0.0563,0.0582
1663948800000,0.0582,0.0604,0.0576,0.0603
1663963200000,0.0603,0.0666,0.0602,0.0646
1663977600000,0.0646,0.0665,0.0635,0.0652
1663992000000,0.0652,0.0652,0.0624,0.0625
1664006400000,0.0625,0.0632,0.0617,0.062
1664020800000,0.062,0.0637,0.0619,0.0624
1664035200000,0.0624,0.0627,0.0614,0.0622
1664049600000,0.0622,0.0622,0.0603,0.0609
1664064000000,0.0609,0.0614,0.0604,0.0613
1664078400000,0.0613,0.0615,0.0607,0.0612
1664092800000,0.0612,0.0621,0.0606,0.0618
1664107200000,0.0618,0.0622,0.0605,0.0611
1664121600000,0.0611,0.0618,0.0606,0.0612
1664136000000,0.0612,0.0614,0.0592,0.0607
1664150400000,0.0607,0.0635,0.0602,0.0617
1664164800000,0.0617,0.0629,0.0607,0.0615
1664179200000,0.0615,0.063,0.0607,0.0613
1664193600000,0.0613,0.0629,0.061,0.0622
1664208000000,0.0622,0.0622,0.061,0.0616
1664222400000,0.0616,0.0618,0.061,0.0618
1664236800000,0.0618,0.0634,0.0615,0.0629
1664251200000,0.0629,0.0635,0.0623,0.0625
1664265600000,0.0625,0.0632,0.0622,0.0627
1664280000000,0.0627,0.0634,0.0618,0.0621
1664294400000,0.0621,0.0625,0.0596,0.0602
1664308800000,0.0602,0.0607,0.0598,0.0604
1664323200000,0.0604,0.0607,0.0574,0.0589
1664337600000,0.0589,0.0595,0.058,0.0588
1664352000000,0.0588,0.0593,0.0581,0.059
1664366400000,0.059,0.0613,0.0589,0.0609
1664380800000,0.0609,0.0617,0.0605,0.0614
1664395200000,0.0614,0.0619,0.0607,0.0608
1664409600000,0.0608,0.0615,0.0604,0.0614
1664424000000,0.0614,0.062,0.0605,0.0608
1664438400000,0.0608,0.0619,0.0606,0.0616
1664452800000,0.0616,0.0626,0.0604,0.062
1664467200000,0.062,0.0622,0.0607,0.0619
1664481600000,0.0619,0.0624,0.0614,0.0619
1664496000000,0.0619,0.0623,0.0612,0.0613
1664510400000,0.0613,0.062,0.0612,0.0616
1664524800000,0.0616,0.062,0.0606,0.0608
1664539200000,0.0608,0.0624,0.0601,0.0616
1664553600000,0.0616,0.0621,0.0607,0.0608
1664568000000,0.0608,0.0612,0.0603,0.061
1664582400000,0.061,0.0616,0.0609,0.0613
1664596800000,0.0613,0.0614,0.0609,0.0612
1664611200000,0.0612,0.0614,0.0607,0.0611
1664625600000,0.0611,0.0613,0.0609,0.0611
1664640000000,0.0611,0.0611,0.0604,0.0607
1664654400000,0.0607,0.0608,0.0603,0.0605
1664668800000,0.0605,0.0608,0.0603,0.0607
1664683200000,0.0607,0.0611,0.0604,0.0604
1664697600000,0.0604,0.0606,0.0589,0.0595
1664712000000,0.0595,0.0597,0.0592,0.0595
1664726400000,0.0595,0.0601,0.0594,0.0599
1664740800000,0.0599,0.06,0.0579,0.0583
1664755200000,0.0583,0.0597,0.0576,0.0593
1664769600000,0.0593,0.0594,0.0583,0.059
1664784000000,0.059,0.0594,0.0586,0.0594
1664798400000,0.0594,0.0604,0.0591,0.0596
1664812800000,0.0596,0.0599,0.0591,0.0595
1664827200000,0.0595,0.0604,0.0595,0.06
1664841600000,0.06,0.0606,0.0596,0.0601
1664856000000,0.0601,0.0609,0.0599,0.0607
1664870400000,0.0607,0.0609,0.0601,0.0608
1664884800000,0.0608,0.0616,0.0608,0.0612
1664899200000,0.0612,0.0614,0.0605,0.0613
1664913600000,0.0613,0.0618,0.0608,0.0611
1664928000000,0.0611,0.0615,0.0608,0.0609
1664942400000,0.0609,0.0612,0.0607,0.0607
1664956800000,0.0607,0.0608,0.0595,0.06
1664971200000,0.06,0.0601,0.0593,0.0601
1664985600000,0.0601,0.0606,0.0599,0.0602
1665000000000,0.0602,0.0607,0.06,0.0607
1665014400000,0.0607,0.0611,0.0603,0.061
1665028800000,0.061,0.0612,0.0602,0.0605
1665043200000,0.0605,0.0607,0.0601,0.0605
1665057600000,0.0605,0.0607,0.0596,0.0601
1665072000000,0.0601,0.0602,0.0594,0.0597
1665086400000,0.0597,0.0598,0.0589,0.0593
1665100800000,0.0593,0.0595,0.0588,0.0591
1665115200000,0.0591,0.0594,0.0589,0.0593
1665129600000,0.0593,0.0599,0.0591,0.0596
1665144000000,0.0596,0.0597,0.0581,0.0589
1665158400000,0.0589,0.059,0.0584,0.0588
1665172800000,0.0588,0.0591,0.0587,0.0589
1665187200000,0.0589,0.0592,0.0586,0.0586
1665201600000,0.0586,0.0587,0.0583,0.0587
1665216000000,0.0587,0.0589,0.0584,0.0588
1665230400000,0.0588,0.0588,0.0585,0.0587
1665244800000,0.0587,0.0591,0.0585,0.0586
1665259200000,0.0586,0.0586,0.0579,0.0583
1665273600000,0.0583,0.0588,0.0583,0.0583
1665288000000,0.0583,0.0588,0.0583,0.0585
1665302400000,0.0585,0.059,0.0585,0.0588
1665316800000,0.0588,0.0592,0.0587,0.0591
1665331200000,0.0591,0.0595,0.059,0.0593
1665345600000,0.0593,0.0593,0.0586,0.0591
1665360000000,0.0591,0.0599,0.0589,0.0593
1665374400000,0.0593,0.0596,0.0589,0.0591
1665388800000,0.0591,0.0591,0.0581,0.0589
1665403200000,0.0589,0.0593,0.0585,0.0588
1665417600000,0.0588,0.059,0.0583,0.0587
1665432000000,0.0587,0.0588,0.0568,0.0569
1665446400000,0.0569,0.0569,0.0545,0.0558
1665460800000,0.0558,0.0565,0.0556,0.0562
1665475200000,0.0562,0.0567,0.056,0.0565
1665489600000,0.0565,0.057,0.0557,0.0568
1665504000000,0.0568,0.057,0.0557,0.0561
1665518400000,0.0561,0.0562,0.0554,0.0558
1665532800000,0.0558,0.0565,0.0558,0.0558
1665547200000,0.0558,0.0566,0.0558,0.0563
1665561600000,0.0563,0.0566,0.0562,0.0562
1665576000000,0.0562,0.0564,0.0555,0.0564
1665590400000,0.0564,0.0564,0.0556,0.056
1665604800000,0.056,0.0563,0.0559,0.0559
1665619200000,0.0559,0.0562,0.0539,0.0545
1665633600000,0.0545,0.0546,0.0503,0.0522
1665648000000,0.0522,0.0525,0.0502,0.052
1665662400000,0.052,0.0545,0.051,0.0544
1665676800000,0.0544,0.056,0.0541,0.0554
1665691200000,0.0554,0.0558,0.055,0.0551
1665705600000,0.0551,0.057,0.0549,0.0564
1665720000000,0.0564,0.0565,0.0556,0.0557
1665734400000,0.0557,0.056,0.0554,0.0555
1665748800000,0.0555,0.0563,0.0543,0.0545
1665763200000,0.0545,0.0545,0.0538,0.054
1665777600000,0.054,0.0544,0.0536,0.0543
1665792000000,0.0543,0.0545,0.0541,0.0545
1665806400000,0.0545,0.0548,0.0542,0.0545
1665820800000,0.0545,0.0549,0.0538,0.0549
1665835200000,0.0549,0.0554,0.0546,0.0552
1665849600000,0.0552,0.0556,0.055,0.0553
1665864000000,0.0553,0.0553,0.0543,0.0548
1665878400000,0.0548,0.0554,0.0547,0.0551
1665892800000,0.0551,0.0558,0.0551,0.0555
1665907200000,0.0555,0.056,0.0552,0.0555
1665921600000,0.0555,0.056,0.0554,0.0557
1665936000000,0.0557,0.0568,0.0553,0.0568
1665950400000,0.0568,0.0569,0.0554,0.056
1665964800000,0.056,0.0562,0.0554,0.0556
1665979200000,0.0556,0.0566,0.0554,0.0566
1665993600000,0.0566,0.0572,0.0562,0.0568
1666008000000,0.0568,0.0575,0.0566,0.057
1666022400000,0.057,0.0581,0.0569,0.0578
1666036800000,0.0578,0.0584,0.0575,0.0582
1666051200000,0.0582,0.0586,0.0574,0.0581
1666065600000,0.0581,0.0588,0.058,0.0586
1666080000000,0.0586,0.0586,0.0569,0.0575
1666094400000,0.0575,0.0579,0.0564,0.057
1666108800000,0.057,0.0579,0.0562,0.0571
1666123200000,0.0571,0.0577,0.0568,0.057
1666137600000,0.057,0.0572,0.0565,0.0571
1666152000000,0.0571,0.0571,0.0562,0.0568
1666166400000,0.0568,0.057,0.0562,0.0566
1666180800000,0.0566,0.0583,0.0564,0.0578
1666195200000,0.0578,0.0586,0.0572,0.0586
1666209600000,0.0586,0.0598,0.0569,0.0576
1666224000000,0.0576,0.0585,0.0565,0.058
1666238400000,0.058,0.0587,0.0576,0.0579
1666252800000,0.0579,0.0584,0.0575,0.0583
1666267200000,0.0583,0.0586,0.0577,0.0579
1666281600000,0.0579,0.0579,0.0557,0.0561
1666296000000,0.0561,0.0563,0.0553,0.0561
1666310400000,0.0561,0.0561,0.0547,0.0557
1666324800000,0.0557,0.0559,0.0553,0.0554
1666339200000,0.0554,0.0555,0.0542,0.0549
1666353600000,0.0549,0.0567,0.0541,0.0565
1666368000000,0.0565,0.0573,0.0563,0.057
1666382400000,0.057,0.0578,0.0568,0.0576
1666396800000,0.0576,0.0585,0.0571,0.0574
1666411200000,0.0574,0.058,0.057,0.058
1666425600000,0.058,0.0588,0.0579,0.0581
1666440000000,0.0581,0.059,0.058,0.0584
1666454400000,0.0584,0.0586,0.058,0.0583
1666468800000,0.0583,0.0588,0.058,0.0585
1666483200000,0.0585,0.0599,0.0584,0.0589
1666497600000,0.0589,0.0596,0.0583,0.0591
1666512000000,0.0591,0.0597,0.0578,0.0583
1666526400000,0.0583,0.0585,0.0578,0.0582
1666540800000,0.0582,0.0591,0.0577,0.0589
1666555200000,0.0589,0.0605,0.0588,0.06
1666569600000,0.06,0.0603,0.0586,0.0589
1666584000000,0.0589,0.06,0.0584,0.0597
1666598400000,0.0597,0.0605,0.0593,0.0603
1666612800000,0.0603,0.0607,0.0589,0.0603
1666627200000,0.0603,0.0603,0.0596,0.0598
1666641600000,0.0598,0.0598,0.0592,0.0593
1666656000000,0.0593,0.0601,0.059,0.0595
1666670400000,0.0595,0.0595,0.0584,0.0587
1666684800000,0.0587,0.0588,0.0578,0.0587
1666699200000,0.0587,0.0603,0.0584,0.0598
1666713600000,0.0598,0.0622,0.0598,0.0609
1666728000000,0.0609,0.061,0.0599,0.0606
1666742400000,0.0606,0.0617,0.0604,0.0612
1666756800000,0.0612,0.0618,0.0608,0.061
1666771200000,0.061,0.0618,0.0606,0.0612
1666785600000,0.0612,0.0654,0.0602,0.063
1666800000000,0.063,0.0654,0.0629,0.064
1666814400000,0.064,0.0644,0.0631,0.0632
1666828800000,0.0632,0.0642,0.063,0.064
1666843200000,0.064,0.0662,0.0637,0.0645
1666857600000,0.0645,0.0649,0.0635,0.064
1666872000000,0.064,0.0647,0.0626,0.0629
1666886400000,0.0629,0.0632,0.0623,0.0628
1666900800000,0.0628,0.0628,0.0606,0.0616
1666915200000,0.0616,0.0626,0.0612,0.0617
1666929600000,0.0617,0.062,0.0605,0.0609
1666944000000,0.0609,0.0616,0.0608,0.0611
1666958400000,0.0611,0.0623,0.0605,0.0621
1666972800000,0.0621,0.0632,0.062,0.0632
1666987200000,0.0632,0.0638,0.0627,0.0629
1667001600000,0.0629,0.0643,0.0627,0.064
1667016000000,0.064,0.0642,0.0634,0.0641
1667030400000,0.0641,0.0648,0.0629,0.0632
1667044800000,0.0632,0.0641,0.0629,0.0636
1667059200000,0.0636,0.0655,0.0633,0.064
1667073600000,0.064,0.0646,0.0632,0.0637
1667088000000,0.0637,0.0644,0.0633,0.0643
1667102400000,0.0643,0.0655,0.064,0.0654
1667116800000,0.0654,0.0658,0.0637,0.0646
1667131200000,0.0646,0.0646,0.0622,0.0623
1667145600000,0.0623,0.0628,0.0618,0.0624
1667160000000,0.0624,0.063,0.0611,0.062
1667174400000,0.062,0.0625,0.061,0.0621
1667188800000,0.0621,0.0622,0.0605,0.0613
1667203200000,0.0613,0.0624,0.0603,0.0621
1667217600000,0.0621,0.0625,0.0602,0.061
1667232000000,0.061,0.0615,0.0601,0.0601
1667246400000,0.0601,0.0609,0.06,0.0606
1667260800000,0.0606,0.0614,0.0605,0.0609
1667275200000,0.0609,0.0613,0.0604,0.0611
1667289600000,0.0611,0.0617,0.0601,0.0606
1667304000000,0.0606,0.0612,0.0603,0.0603
1667318400000,0.0603,0.0608,0.0602,0.0603
1667332800000,0.0603,0.0603,0.0594,0.0599
1667347200000,0.0599,0.0599,0.0588,0.0596
1667361600000,0.0596,0.0597,0.0577,0.0585
1667376000000,0.0585,0.0593,0.0573,0.0581
1667390400000,0.0581,0.0588,0.0578,0.0582
1667404800000,0.0582,0.0607,0.0575,0.058
1667419200000,0.058,0.0582,0.0564,0.0581
1667433600000,0.0581,0.0612,0.058,0.0612
1667448000000,0.0612,0.0635,0.0607,0.0621
1667462400000,0.0621,0.0637,0.0602,0.0611
1667476800000,0.0611,0.0623,0.0601,0.0615
1667491200000,0.0615,0.0633,0.0614,0.0625
1667505600000,0.0625,0.0631,0.061,0.0615
1667520000000,0.0615,0.0636,0.0611,0.0636
1667534400000,0.0636,0.0651,0.063,0.0645
1667548800000,0.0645,0.0648,0.0636,0.0636
1667563200000,0.0636,0.069,0.0629,0.0663
1667577600000,0.0663,0.0679,0.0661,0.0678
1667592000000,0.0678,0.0727,0.0675,0.0721
1667606400000,0.0721,0.0725,0.0692,0.0698
1667620800000,0.0698,0.0701,0.0681,0.0694
1667635200000,0.0694,0.071,0.0672,0.0701
1667649600000,0.0701,0.0703,0.0685,0.0696
1667664000000,0.0696,0.0709,0.0678,0.0686
1667678400000,0.0686,0.0693,0.0671,0.0684
1667692800000,0.0684,0.0694,0.0674,0.0684
1667707200000,0.0684,0.069,0.0678,0.0685
1667721600000,0.0685,0.0699,0.0676,0.0679
1667736000000,0.0679,0.0686,0.0676,0.0678
1667750400000,0.0678,0.0682,0.0663,0.0667
1667764800000,0.0667,0.0668,0.0642,0.0643
1667779200000,0.0643,0.0656,0.0639,0.0655
1667793600000,0.0655,0.0658,0.0633,0.0633
1667808000000,0.0633,0.0663,0.0631,0.0658
1667822400000,0.0658,0.0671,0.0648,0.0669
1667836800000,0.0669,0.0697,0.066,0.0685
1667851200000,0.0685,0.0696,0.0652,0.067
1667865600000,0.067,0.0687,0.0621,0.0625
1667880000000,0.0625,0.0633,0.0595,0.0624
1667894400000,0.0624,0.0627,0.0611,0.0616
1667908800000,0.0616,0.0622,0.0592,0.0608
1667923200000,0.0608,0.0643,0.0501,0.0546
1667937600000,0.0546,0.0576,0.0527,0.0566
1667952000000,0.0566,0.0568,0.0538,0.0553
1667966400000,0.0553,0.0557,0.0536,0.0538
1667980800000,0.0538,0.0539,0.0498,0.0523
1667995200000,0.0523,0.053,0.0491,0.0494
1668009600000,0.0494,0.0504,0.0468,0.0491
1668024000000,0.0491,0.05,0.0444,0.0465
1668038400000,0.0465,0.0492,0.0458,0.0483
1668052800000,0.0483,0.0502,0.0478,0.0493
1668067200000,0.0493,0.0497,0.0471,0.0479
1668081600000,0.0479,0.0536,0.0479,0.053
1668096000000,0.053,0.0543,0.0509,0.0524
1668110400000,0.0524,0.0536,0.052,0.0524
1668124800000,0.0524,0.0531,0.0493,0.0499
1668139200000,0.0499,0.0514,0.0496,0.0513
1668153600000,0.0513,0.0517,0.0508,0.0511
1668168000000,0.0511,0.0522,0.047,0.0488
1668182400000,0.0488,0.0495,0.0478,0.0489
1668196800000,0.0489,0.0495,0.0478,0.0493
1668211200000,0.0493,0.0494,0.0481,0.0482
1668225600000,0.0482,0.0483,0.0459,0.0473
1668240000000,0.0473,0.0473,0.0465,0.0469
1668254400000,0.0469,0.0474,0.0463,0.0473
1668268800000,0.0473,0.0475,0.0466,0.047
1668283200000,0.047,0.0472,0.0461,0.0464
1668297600000,0.0464,0.0481,0.0461,0.0478
1668312000000,0.0478,0.0481,0.0459,0.0465
1668326400000,0.0465,0.0468,0.0451,0.0467
1668340800000,0.0467,0.0474,0.0459,0.0468
1668355200000,0.0468,0.0469,0.0457,0.0467
1668369600000,0.0467,0.0468,0.0451,0.0461
1668384000000,0.0461,0.0462,0.043,0.0439
1668398400000,0.0439,0.0463,0.043,0.0463
1668412800000,0.0463,0.0469,0.0459,0.0465
1668427200000,0.0465,0.0477,0.0457,0.0464
1668441600000,0.0464,0.0466,0.045,0.0451
1668456000000,0.0451,0.0463,0.0451,0.0463
1668470400000,0.0463,0.0468,0.0455,0.0465
1668484800000,0.0465,0.0468,0.0462,0.0468
1668499200000,0.0468,0.0478,0.0466,0.0475
1668513600000,0.0475,0.0488,0.0473,0.0484
1668528000000,0.0484,0.0488,0.0467,0.0474
1668542400000,0.0474,0.0475,0.0465,0.0469
1668556800000,0.0469,0.0476,0.0465,0.0476
1668571200000,0.0476,0.0477,0.047,0.0471
1668585600000,0.0471,0.0475,0.0465,0.0466
1668600000000,0.0466,0.0467,0.0451,0.0453
1668614400000,0.0453,0.0463,0.0451,0.046
1668628800000,0.046,0.0466,0.0457,0.0465
1668643200000,0.0465,0.0469,0.0463,0.0465
1668657600000,0.0465,0.0469,0.0458,0.0467
1668672000000,0.0467,0.0469,0.046,0.0463
1668686400000,0.0463,0.0471,0.0457,0.0462
1668700800000,0.0462,0.0471,0.0461,0.0467
1668715200000,0.0467,0.0471,0.0465,0.0465
1668729600000,0.0465,0.0473,0.0465,0.0471
1668744000000,0.0471,0.0472,0.0468,0.0471
1668758400000,0.0471,0.0481,0.0467,0.0478
1668772800000,0.0478,0.0479,0.0469,0.0471
1668787200000,0.0471,0.0473,0.0462,0.0466
1668801600000,0.0466,0.0471,0.0466,0.0469
1668816000000,0.0469,0.0469,0.0462,0.0464
1668830400000,0.0464,0.0466,0.0453,0.046
1668844800000,0.046,0.0461,0.0457,0.0461
1668859200000,0.0461,0.0465,0.0458,0.0463
1668873600000,0.0463,0.0466,0.046,0.0462
1668888000000,0.0462,0.0468,0.0461,0.0464
1668902400000,0.0464,0.0466,0.0461,0.0462
1668916800000,0.0462,0.0465,0.0462,0.0464
1668931200000,0.0464,0.0465,0.0445,0.045
1668945600000,0.045,0.0458,0.0446,0.0456
1668960000000,0.0456,0.0458,0.0452,0.0456
1668974400000,0.0456,0.0456,0.0434,0.0438
1668988800000,0.0438,0.0441,0.0419,0.0428
1669003200000,0.0428,0.0436,0.0428,0.0432
1669017600000,0.0432,0.044,0.0431,0.0439
1669032000000,0.0439,0.0446,0.0436,0.0444
1669046400000,0.0444,0.0445,0.0426,0.0434
1669060800000,0.0434,0.0445,0.0432,0.0439
1669075200000,0.0439,0.0443,0.0437,0.0441
1669089600000,0.0441,0.0443,0.043,0.0435
1669104000000,0.0435,0.0436,0.0426,0.0433
1669118400000,0.0433,0.045,0.043,0.0449
1669132800000,0.0449,0.0459,0.0443,0.0458
1669147200000,0.0458,0.0467,0.0454,0.0459
1669161600000,0.0459,0.0469,0.0456,0.0465
1669176000000,0.0465,0.0469,0.0462,0.0464
1669190400000,0.0464,0.0466,0.0458,0.0461
1669204800000,0.0461,0.0463,0.0455,0.0459
1669219200000,0.0459,0.0467,0.0455,0.0464
1669233600000,0.0464,0.047,0.0463,0.0469
1669248000000,0.0469,0.0471,0.0465,0.0468
1669262400000,0.0468,0.047,0.0463,0.0465
1669276800000,0.0465,0.0466,0.0457,0.0463
1669291200000,0.0463,0.0468,0.046,0.0464
1669305600000,0.0464,0.0468,0.046,0.0462
1669320000000,0.0462,0.0464,0.0461,0.0463
1669334400000,0.0463,0.0464,0.0445,0.0447
1669348800000,0.0447,0.045,0.0444,0.0449
1669363200000,0.0449,0.0455,0.0448,0.0452
1669377600000,0.0452,0.0457,0.0448,0.0452
1669392000000,0.0452,0.0455,0.0449,0.0452
1669406400000,0.0452,0.0454,0.0449,0.0452
1669420800000,0.0452,0.0467,0.0452,0.0463
1669435200000,0.0463,0.0466,0.046,0.0462
1669449600000,0.0462,0.047,0.0462,0.0467
1669464000000,0.0467,0.0467,0.0455,0.0461
1669478400000,0.0461,0.0462,0.045,0.0455
1669492800000,0.0455,0.0456,0.045,0.0455
1669507200000,0.0455,0.0464,0.0455,0.0462
1669521600000,0.0462,0.0464,0.0458,0.046
1669536000000,0.046,0.0476,0.046,0.0467
1669550400000,0.0467,0.0482,0.0467,0.0474
1669564800000,0.0474,0.048,0.047,0.0472
1669579200000,0.0472,0.0473,0.0458,0.0463
1669593600000,0.0463,0.0473,0.0442,0.045
1669608000000,0.045,0.0451,0.0444,0.0451
1669622400000,0.0451,0.0452,0.0445,0.0446
1669636800000,0.0446,0.0455,0.0444,0.0446
1669651200000,0.0446,0.0456,0.0441,0.0449
1669665600000,0.0449,0.0454,0.0449,0.0453
1669680000000,0.0453,0.0457,0.0448,0.0455
1669694400000,0.0455,0.0461,0.0455,0.0457
1669708800000,0.0457,0.0464,0.0457,0.046
1669723200000,0.046,0.0464,0.0455,0.0459
1669737600000,0.0459,0.0461,0.0453,0.0458
1669752000000,0.0458,0.0461,0.0456,0.0457
1669766400000,0.0457,0.047,0.0457,0.0465
1669780800000,0.0465,0.0471,0.0465,0.0471
1669795200000,0.0471,0.0474,0.0467,0.0468
1669809600000,0.0468,0.0471,0.0465,0.0469
1669824000000,0.0469,0.0472,0.0456,0.0469
1669838400000,0.0469,0.0482,0.0467,0.0475
1669852800000,0.0475,0.048,0.047,0.0473
1669867200000,0.0473,0.0474,0.0468,0.047
1669881600000,0.047,0.0472,0.0469,0.0472
1669896000000,0.0472,0.0479,0.0465,0.0472
1669910400000,0.0472,0.0472,0.0467,0.0469
1669924800000,0.0469,0.047,0.0463,0.0467
1669939200000,0.0467,0.047,0.0457,0.046
1669953600000,0.046,0.0465,0.0458,0.0465
1669968000000,0.0465,0.047,0.0464,0.0469
1669982400000,0.0469,0.0471,0.0462,0.0471
1669996800000,0.0471,0.0481,0.047,0.0476
1670011200000,0.0476,0.0479,0.0476,0.0478
1670025600000,0.0478,0.0481,0.0475,0.0476
1670040000000,0.0476,0.0476,0.047,0.0471
1670054400000,0.0471,0.0473,0.0468,0.0472
1670068800000,0.0472,0.0477,0.0472,0.0476
1670083200000,0.0476,0.0477,0.047,0.0472
1670097600000,0.0472,0.0472,0.0463,0.0464
1670112000000,0.0464,0.0472,0.0464,0.047
1670126400000,0.047,0.0475,0.0469,0.0473
1670140800000,0.0473,0.0473,0.0468,0.0469
1670155200000,0.0469,0.0475,0.0468,0.0472
1670169600000,0.0472,0.0475,0.0471,0.0474
1670184000000,0.0474,0.0475,0.0468,0.0471
1670198400000,0.0471,0.0478,0.0469,0.0476
1670212800000,0.0476,0.048,0.0475,0.0477
1670227200000,0.0477,0.0482,0.0476,0.0477
1670241600000,0.0477,0.0477,0.0468,0.0471
1670256000000,0.0471,0.0472,0.0459,0.0463
1670270400000,0.0463,0.0468,0.0461,0.0462
1670284800000,0.0462,0.0466,0.0461,0.0461
1670299200000,0.0461,0.0463,0.0454,0.0462
1670313600000,0.0462,0.0464,0.0457,0.0461
1670328000000,0.0461,0.0462,0.0456,0.0459
1670342400000,0.0459,0.0461,0.0457,0.0459
1670356800000,0.0459,0.0461,0.0458,0.0461
1670371200000,0.0461,0.0462,0.0459,0.0461
1670385600000,0.0461,0.0461,0.0439,0.0445
1670400000000,0.0445,0.0447,0.0438,0.0444
1670414400000,0.0444,0.0446,0.0442,0.0444
1670428800000,0.0444,0.0445,0.044,0.0443
1670443200000,0.0443,0.0443,0.0435,0.0439
1670457600000,0.0439,0.0441,0.0436,0.044
1670472000000,0.044,0.0444,0.0439,0.0443
1670486400000,0.0443,0.0443,0.0432,0.0438
1670500800000,0.0438,0.0442,0.0435,0.044
1670515200000,0.044,0.0448,0.0439,0.0447
1670529600000,0.0447,0.0448,0.0443,0.0446
1670544000000,0.0446,0.0447,0.0442,0.0445
1670558400000,0.0445,0.0451,0.0445,0.0449
1670572800000,0.0449,0.0453,0.0448,0.0449
1670587200000,0.0449,0.0451,0.0443,0.0446
1670601600000,0.0446,0.0447,0.0443,0.0444
1670616000000,0.0444,0.0446,0.0441,0.0445
1670630400000,0.0445,0.0448,0.0444,0.0448
1670644800000,0.0448,0.0448,0.0445,0.0447
1670659200000,0.0447,0.045,0.0446,0.045
1670673600000,0.045,0.0453,0.0449,0.0453
1670688000000,0.0453,0.0454,0.045,0.0451
1670702400000,0.0451,0.0452,0.0449,0.045
1670716800000,0.045,0.0452,0.0448,0.0451
1670731200000,0.0451,0.0454,0.0451,0.0453
1670745600000,0.0453,0.0454,0.045,0.045
1670760000000,0.045,0.0453,0.045,0.0452
1670774400000,0.0452,0.0456,0.0451,0.0454
1670788800000,0.0454,0.0454,0.0442,0.0445
1670803200000,0.0445,0.0455,0.043,0.0432
1670817600000,0.0432,0.0437,0.043,0.0432
1670832000000,0.0432,0.0434,0.0426,0.0432
1670846400000,0.0432,0.0433,0.0428,0.0431
1670860800000,0.0431,0.0433,0.0429,0.0432
1670875200000,0.0432,0.0437,0.0432,0.0436
1670889600000,0.0436,0.0436,0.0431,0.0431
1670904000000,0.0431,0.0431,0.0419,0.0425
1670918400000,0.0425,0.0432,0.0423,0.0431
1670932800000,0.0431,0.0449,0.043,0.0441
1670947200000,0.0441,0.0445,0.0437,0.0444
1670961600000,0.0444,0.0447,0.0442,0.0447
1670976000000,0.0447,0.045,0.0447,0.0449
1670990400000,0.0449,0.0451,0.0447,0.0448
1671004800000,0.0448,0.045,0.0447,0.0448
1671019200000,0.0448,0.0452,0.0444,0.0451
1671033600000,0.0451,0.0452,0.0435,0.0441
1671048000000,0.0441,0.0444,0.0437,0.0438
1671062400000,0.0438,0.044,0.0427,0.0434
1671076800000,0.0434,0.0434,0.0429,0.043
1671091200000,0.043,0.0433,0.0428,0.0432
1671105600000,0.0432,0.0432,0.0425,0.0427
1671120000000,0.0427,0.0429,0.0422,0.0426
1671134400000,0.0426,0.0427,0.0419,0.0422
1671148800000,0.0422,0.0427,0.0421,0.0426
1671163200000,0.0426,0.043,0.0425,0.043
1671177600000,0.043,0.043,0.04,0.0412
1671192000000,0.0412,0.0413,0.0403,0.0407
1671206400000,0.0407,0.0407,0.04,0.0404
1671220800000,0.0404,0.0406,0.0364,0.0375
1671235200000,0.0375,0.0378,0.0367,0.0377
1671249600000,0.0377,0.0384,0.0376,0.0383
1671264000000,0.0383,0.0385,0.0381,0.0381
1671278400000,0.0381,0.0383,0.0375,0.0377
1671292800000,0.0377,0.0378,0.0372,0.0374
1671307200000,0.0374,0.0383,0.0373,0.0383
1671321600000,0.0383,0.0384,0.038,0.0384
1671336000000,0.0384,0.0386,0.0381,0.0381
1671350400000,0.0381,0.0382,0.0376,0.0382
1671364800000,0.0382,0.0384,0.0379,0.0379
1671379200000,0.0379,0.0387,0.0378,0.0385
1671393600000,0.0385,0.039,0.0381,0.0381
1671408000000,0.0381,0.0388,0.0376,0.0378
1671422400000,0.0378,0.0384,0.0378,0.0384
1671436800000,0.0384,0.0387,0.0383,0.0384
1671451200000,0.0384,0.0388,0.038,0.0382
1671465600000,0.0382,0.0382,0.0361,0.0365
1671480000000,0.0365,0.0366,0.0349,0.0357
1671494400000,0.0357,0.0368,0.0354,0.0364
1671508800000,0.0364,0.0369,0.0363,0.0367
1671523200000,0.0367,0.0368,0.0364,0.0366
1671537600000,0.0366,0.0372,0.0361,0.0367
1671552000000,0.0367,0.0367,0.0362,0.0364
1671566400000,0.0364,0.0367,0.0362,0.0365
1671580800000,0.0365,0.0366,0.0355,0.0358
1671595200000,0.0358,0.0358,0.0349,0.0353
1671609600000,0.0353,0.0355,0.0349,0.0355
1671624000000,0.0355,0.0355,0.0345,0.035
1671638400000,0.035,0.035,0.034,0.0342
1671652800000,0.0342,0.0346,0.034,0.0345
1671667200000,0.0345,0.0348,0.0344,0.0346
1671681600000,0.0346,0.0347,0.0338,0.0341
1671696000000,0.0341,0.0346,0.0341,0.0343
1671710400000,0.0343,0.0345,0.0334,0.0338
1671724800000,0.0338,0.0338,0.0334,0.0337
1671739200000,0.0337,0.0348,0.0337,0.0346
1671753600000,0.0346,0.0354,0.0345,0.0351
1671768000000,0.0351,0.0352,0.0348,0.0349
1671782400000,0.0349,0.0352,0.0347,0.0351
1671796800000,0.0351,0.0355,0.0349,0.035
1671811200000,0.035,0.0352,0.0349,0.035
1671825600000,0.035,0.0351,0.0343,0.0344
1671840000000,0.0344,0.0345,0.0343,0.0344
1671854400000,0.0344,0.0348,0.0344,0.0347
1671868800000,0.0347,0.0347,0.0344,0.0347
1671883200000,0.0347,0.035,0.0346,0.035
1671897600000,0.035,0.0352,0.0348,0.035
1671912000000,0.035,0.0354,0.035,0.0353
1671926400000,0.0353,0.0353,0.0351,0.0353
1671940800000,0.0353,0.0353,0.035,0.0352
1671955200000,0.0352,0.0352,0.0349,0.035
1671969600000,0.035,0.0352,0.0346,0.0349
1671984000000,0.0349,0.035,0.0346,0.035
1671998400000,0.035,0.0355,0.0349,0.0353
1672012800000,0.0353,0.0357,0.035,0.0356
1672027200000,0.0356,0.0357,0.0354,0.0357
1672041600000,0.0357,0.036,0.0353,0.0359
1672056000000,0.0359,0.0362,0.0357,0.036
1672070400000,0.036,0.0363,0.0359,0.0363
1672084800000,0.0363,0.0365,0.036,0.0364
1672099200000,0.0364,0.0366,0.0361,0.0362
1672113600000,0.0362,0.0365,0.0362,0.0363
1672128000000,0.0363,0.0367,0.0362,0.0365
1672142400000,0.0365,0.0367,0.0358,0.0361
1672156800000,0.0361,0.0363,0.0357,0.0361
1672171200000,0.0361,0.0362,0.0359,0.0362
1672185600000,0.0362,0.0364,0.0353,0.0355
1672200000000,0.0355,0.0356,0.0341,0.0349
1672214400000,0.0349,0.0351,0.0348,0.035
1672228800000,0.035,0.0358,0.0349,0.0351
1672243200000,0.0351,0.0362,0.0351,0.0357
1672257600000,0.0357,0.0359,0.0352,0.0356
1672272000000,0.0356,0.036,0.035,0.0356
1672286400000,0.0356,0.0356,0.035,0.0352
1672300800000,0.0352,0.0352,0.0348,0.0351
1672315200000,0.0351,0.0352,0.0348,0.035
1672329600000,0.035,0.0351,0.0344,0.0346
1672344000000,0.0346,0.0346,0.0336,0.0345
1672358400000,0.0345,0.0347,0.0342,0.0346
1672372800000,0.0346,0.0346,0.0338,0.0341
1672387200000,0.0341,0.0341,0.0335,0.0337
1672401600000,0.0337,0.0339,0.0331,0.0339
1672416000000,0.0339,0.034,0.0335,0.0337
1672430400000,0.0337,0.034,0.0336,0.0339
1672444800000,0.0339,0.0341,0.0339,0.0341
1672459200000,0.0341,0.0343,0.034,0.0343
1672473600000,0.0343,0.0345,0.0342,0.0344
1672488000000,0.0344,0.0346,0.0344,0.0344
1672502400000,0.0344,0.0345,0.0342,0.0343
1672516800000,0.0343,0.0344,0.034,0.0341
1672531200000,0.0341,0.0343,0.034,0.0342
1672545600000,0.0342,0.0343,0.0341,0.0341
1672560000000,0.0341,0.0344,0.034,0.0344
1672574400000,0.0344,0.0345,0.0343,0.0344
1672588800000,0.0344,0.0349,0.0344,0.0347
1672603200000,0.0347,0.0349,0.0347,0.0349
1672617600000,0.0349,0.0351,0.0343,0.035
1672632000000,0.035,0.036,0.0349,0.0357
1672646400000,0.0357,0.036,0.0356,0.0358
1672660800000,0.0358,0.0361,0.0356,0.0358
1672675200000,0.0358,0.036,0.0357,0.0358
1672689600000,0.0358,0.0361,0.0356,0.0358
1672704000000,0.0358,0.0361,0.0357,0.036
1672718400000,0.036,0.0361,0.0358,0.0359
1672732800000,0.0359,0.0361,0.0355,0.0356
1672747200000,0.0356,0.0358,0.0351,0.0354
1672761600000,0.0354,0.0355,0.035,0.0351
1672776000000,0.0351,0.0356,0.0351,0.0356
1672790400000,0.0356,0.0365,0.0355,0.0364
1672804800000,0.0364,0.0366,0.0361,0.0365
1672819200000,0.0365,0.0366,0.0361,0.0362
1672833600000,0.0362,0.0366,0.0358,0.0366
1672848000000,0.0366,0.0372,0.036,0.0363
1672862400000,0.0363,0.0367,0.0359,0.0367
1672876800000,0.0367,0.0369,0.0365,0.0365
1672891200000,0.0365,0.0371,0.0364,0.0368
1672905600000,0.0368,0.0368,0.0361,0.0367
1672920000000,0.0367,0.0367,0.036,0.0363
1672934400000,0.0363,0.0364,0.036,0.0364
1672948800000,0.0364,0.0364,0.0359,0.0362
1672963200000,0.0362,0.0365,0.0362,0.0363
1672977600000,0.0363,0.0364,0.0356,0.0358
1672992000000,0.0358,0.0358,0.0353,0.0356
1673006400000,0.0356,0.0361,0.0352,0.0361
1673020800000,0.0361,0.0367,0.036,0.0367
1673035200000,0.0367,0.0373,0.0366,0.0371
1673049600000,0.0371,0.0375,0.0369,0.0372
1673064000000,0.0372,0.0373,0.0369,0.0372
1673078400000,0.0372,0.0373,0.0367,0.0367
1673092800000,0.0367,0.037,0.0367,0.037
1673107200000,0.037,0.0371,0.0367,0.0371
1673121600000,0.0371,0.0372,0.0369,0.037
1673136000000,0.037,0.0372,0.0364,0.0369
1673150400000,0.0369,0.0372,0.0369,0.0371
1673164800000,0.0371,0.0376,0.037,0.0372
1673179200000,0.0372,0.0387,0.0369,0.0383
1673193600000,0.0383,0.0385,0.0375,0.0383
1673208000000,0.0383,0.0406,0.0383,0.0401
1673222400000,0.0401,0.0406,0.0394,0.0404
1673236800000,0.0404,0.0408,0.0399,0.0404
1673251200000,0.0404,0.0415,0.0402,0.0407
1673265600000,0.0407,0.0411,0.0399,0.0409
1673280000000,0.0409,0.0417,0.0402,0.0402
1673294400000,0.0402,0.0405,0.0395,0.0399
1673308800000,0.0399,0.0407,0.0388,0.04
1673323200000,0.04,0.0403,0.0397,0.0398
1673337600000,0.0398,0.0402,0.0395,0.0396
1673352000000,0.0396,0.0401,0.0391,0.0399
1673366400000,0.0399,0.0405,0.0396,0.0404
1673380800000,0.0404,0.0406,0.0399,0.0402
1673395200000,0.0402,0.0405,0.0392,0.0395
1673409600000,0.0395,0.0398,0.0392,0.0397
1673424000000,0.0397,0.0397,0.039,0.0391
1673438400000,0.0391,0.0392,0.0383,0.0383
1673452800000,0.0383,0.0395,0.0382,0.0395
1673467200000,0.0395,0.0411,0.0394,0.041
1673481600000,0.041,0.0415,0.0407,0.0411
1673496000000,0.0411,0.0413,0.0404,0.0407
1673510400000,0.0407,0.0408,0.04,0.0407
1673524800000,0.0407,0.0416,0.0398,0.0406
1673539200000,0.0406,0.0438,0.0405,0.0426
1673553600000,0.0426,0.0431,0.0421,0.0422
1673568000000,0.0422,0.0426,0.0418,0.0423
1673582400000,0.0423,0.0425,0.0419,0.0421
1673596800000,0.0421,0.0428,0.042,0.0421
1673611200000,0.0421,0.0425,0.0417,0.0424
1673625600000,0.0424,0.0432,0.0418,0.0431
1673640000000,0.0431,0.0454,0.043,0.0454
1673654400000,0.0454,0.0473,0.0453,0.0465
1673668800000,0.0465,0.0488,0.0462,0.0483
1673683200000,0.0483,0.049,0.0432,0.0466
1673697600000,0.0466,0.0476,0.0456,0.0471
1673712000000,0.0471,0.0474,0.046,0.0462
1673726400000,0.0462,0.0487,0.0459,0.0479
1673740800000,0.0479,0.0483,0.0458,0.0466
1673755200000,0.0466,0.0478,0.0463,0.0467
1673769600000,0.0467,0.0472,0.0458,0.047
1673784000000,0.047,0.049,0.0466,0.0485
1673798400000,0.0485,0.0511,0.0481,0.05
1673812800000,0.05,0.0505,0.0492,0.0495
1673827200000,0.0495,0.0505,0.0487,0.0492
1673841600000,0.0492,0.0506,0.0491,0.0497
1673856000000,0.0497,0.0497,0.0464,0.0486
1673870400000,0.0486,0.0491,0.0465,0.0478
1673884800000,0.0478,0.0489,0.0473,0.0486
1673899200000,0.0486,0.0488,0.048,0.0482
1673913600000,0.0482,0.0487,0.0473,0.0476
1673928000000,0.0476,0.0481,0.0474,0.0481
1673942400000,0.0481,0.0492,0.048,0.0491
1673956800000,0.0491,0.0516,0.0486,0.0501
1673971200000,0.0501,0.0502,0.0492,0.0498
1673985600000,0.0498,0.05,0.0478,0.0481
1674000000000,0.0481,0.0494,0.048,0.0486
1674014400000,0.0486,0.0489,0.048,0.0483
1674028800000,0.0483,0.0483,0.0467,0.0471
1674043200000,0.0471,0.0485,0.0435,0.0455
1674057600000,0.0455,0.0474,0.0445,0.0456
1674072000000,0.0456,0.0457,0.0446,0.0448
1674086400000,0.0448,0.0455,0.0435,0.044
1674100800000,0.044,0.0445,0.044,0.0442
1674115200000,0.0442,0.0445,0.0436,0.0438
1674129600000,0.0438,0.0446,0.043,0.044
1674144000000,0.044,0.0451,0.0439,0.0451
1674158400000,0.0451,0.0454,0.0446,0.0452
1674172800000,0.0452,0.0459,0.045,0.0455
1674187200000,0.0455,0.0457,0.0448,0.045
1674201600000,0.045,0.0451,0.0444,0.045
1674216000000,0.045,0.0454,0.0446,0.0452
1674230400000,0.0452,0.0472,0.0452,0.047
1674244800000,0.047,0.0494,0.047,0.0493
1674259200000,0.0493,0.0534,0.0487,0.051
1674273600000,0.051,0.0521,0.051,0.0512
1674288000000,0.0512,0.052,0.0496,0.0519
1674302400000,0.0519,0.0519,0.0502,0.0505
1674316800000,0.0505,0.053,0.0505,0.0522
1674331200000,0.0522,0.0524,0.0507,0.051
1674345600000,0.051,0.0521,0.0507,0.0514
1674360000000,0.0514,0.0523,0.0513,0.052
1674374400000,0.052,0.0578,0.0514,0.0563
1674388800000,0.0563,0.0567,0.0542,0.0561
1674403200000,0.0561,0.0567,0.0549,0.0557
1674417600000,0.0557,0.056,0.0527,0.0539
1674432000000,0.0539,0.055,0.0535,0.054
1674446400000,0.054,0.0548,0.0536,0.0538
1674460800000,0.0538,0.055,0.0535,0.0549
1674475200000,0.0549,0.0561,0.0538,0.0549
1674489600000,0.0549,0.056,0.0544,0.0552
1674504000000,0.0552,0.0559,0.055,0.055
1674518400000,0.055,0.0561,0.0546,0.0557
1674532800000,0.0557,0.0566,0.0552,0.0563
1674547200000,0.0563,0.0566,0.0548,0.055
1674561600000,0.055,0.0552,0.0539,0.0546
1674576000000,0.0546,0.0549,0.0539,0.0544
1674590400000,0.0544,0.0545,0.0503,0.0512
1674604800000,0.0512,0.0515,0.0496,0.0513
1674619200000,0.0513,0.0526,0.0512,0.0525
1674633600000,0.0525,0.0527,0.0514,0.0516
1674648000000,0.0516,0.054,0.0516,0.0527
1674662400000,0.0527,0.0534,0.0524,0.0533
1674676800000,0.0533,0.0568,0.0532,0.0552
1674691200000,0.0552,0.0581,0.0552,0.0561
1674705600000,0.0561,0.0567,0.0552,0.0557
1674720000000,0.0557,0.0565,0.0551,0.0557
1674734400000,0.0557,0.0565,0.0543,0.0547
1674748800000,0.0547,0.056,0.0539,0.0556
1674763200000,0.0556,0.0559,0.0547,0.055
1674777600000,0.055,0.0557,0.0529,0.054
1674792000000,0.054,0.0552,0.054,0.0552
1674806400000,0.0552,0.0559,0.0549,0.0559
1674820800000,0.0559,0.056,0.054,0.0546
1674835200000,0.0546,0.0556,0.0546,0.0555
1674849600000,0.0555,0.056,0.0549,0.0558
1674864000000,0.0558,0.0571,0.0558,0.0569
1674878400000,0.0569,0.0591,0.0568,0.0577
1674892800000,0.0577,0.0578,0.0564,0.0569
1674907200000,0.0569,0.0607,0.0563,0.0598
1674921600000,0.0598,0.0598,0.0572,0.0576
1674936000000,0.0576,0.058,0.0557,0.0578
1674950400000,0.0578,0.0587,0.0568,0.0583
1674964800000,0.0583,0.0583,0.0568,0.0577
1674979200000,0.0577,0.0581,0.0573,0.058
1674993600000,0.058,0.0587,0.0577,0.0581
1675008000000,0.0581,0.0589,0.0574,0.0587
1675022400000,0.0587,0.0591,0.058,0.0589
1675036800000,0.0589,0.0593,0.0574,0.0582
1675051200000,0.0582,0.059,0.0572,0.0573
1675065600000,0.0573,0.0579,0.0541,0.0545
1675080000000,0.0545,0.0549,0.0535,0.0542
1675094400000,0.0542,0.0549,0.0511,0.0525
1675108800000,0.0525,0.0526,0.0515,0.0524
1675123200000,0.0524,0.0535,0.0522,0.0531
1675137600000,0.0531,0.0534,0.0523,0.0534
1675152000000,0.0534,0.0534,0.0521,0.0526
1675166400000,0.0526,0.0539,0.0524,0.0535
1675180800000,0.0535,0.054,0.053,0.054
1675195200000,0.054,0.0541,0.0525,0.0535
1675209600000,0.0535,0.0541,0.0532,0.0538
1675224000000,0.0538,0.0541,0.0524,0.0528
1675238400000,0.0528,0.0529,0.0516,0.0522
1675252800000,0.0522,0.0523,0.0505,0.0509
1675267200000,0.0509,0.0541,0.0502,0.0534
1675281600000,0.0534,0.057,0.0534,0.0564
1675296000000,0.0564,0.0592,0.0563,0.0574
1675310400000,0.0574,0.0578,0.0563,0.0567
1675324800000,0.0567,0.0577,0.0566,0.0574
1675339200000,0.0574,0.0574,0.0557,0.0569
1675353600000,0.0569,0.0582,0.0564,0.0567
1675368000000,0.0567,0.0572,0.0542,0.0547
1675382400000,0.0547,0.0554,0.054,0.0546
1675396800000,0.0546,0.0556,0.0542,0.0545
1675411200000,0.0545,0.05598,0.0543,0.05598
1675425600000,0.05598,0.05653,0.05429,0.05614
1675440000000,0.05614,0.05656,0.05562,0.05568
1675454400000,0.05568,0.05661,0.05515,0.0564
1675468800000,0.0564,0.05702,0.05539,0.05564
1675483200000,0.05564,0.05567,0.05486,0.05545
1675497600000,0.05545,0.05583,0.05529,0.05583
1675512000000,0.05583,0.05702,0.05567,0.05656
1675526400000,0.05656,0.05731,0.05604,0.05681
1675540800000,0.05681,0.05737,0.05591,0.05639
1675555200000,0.05639,0.05655,0.05529,0.05571
1675569600000,0.05571,0.05646,0.05571,0.05635
1675584000000,0.05635,0.05686,0.0561,0.05653
1675598400000,0.05653,0.05663,0.05268,0.0536
1675612800000,0.0536,0.05396,0.05264,0.0532
1675627200000,0.0532,0.05383,0.05235,0.05346
1675641600000,0.05346,0.05502,0.05346,0.05426
1675656000000,0.05426,0.05521,0.05301,0.05512
1675670400000,0.05512,0.05521,0.05395,0.05467
1675684800000,0.05467,0.05569,0.05416,0.05555
1675699200000,0.05555,0.05576,0.05488,0.05526
1675713600000,0.05526,0.05532,0.0532,0.05378
1675728000000,0.05378,0.05487,0.05365,0.05468
1675742400000,0.05468,0.0585,0.05447,0.05846
1675756800000,0.05846,0.06022,0.05801,0.05909
1675771200000,0.05909,0.06364,0.05892,0.06149
1675785600000,0.06149,0.06403,0.06081,0.06332
1675800000000,0.06332,0.06557,0.06291,0.06369
1675814400000,0.06369,0.06618,0.06314,0.06553
1675828800000,0.06553,0.07669,0.06482,0.0741
1675843200000,0.0741,0.07446,0.06907,0.0696
1675857600000,0.0696,0.07096,0.06757,0.06781
1675872000000,0.06781,0.06986,0.06387,0.06862
1675886400000,0.06862,0.07654,0.06785,0.07194
1675900800000,0.07194,0.07224,0.06523,0.06974
1675915200000,0.06974,0.0716,0.06771,0.07018
1675929600000,0.07018,0.07335,0.06905,0.07019
1675944000000,0.07019,0.07364,0.06874,0.07048
1675958400000,0.07048,0.07165,0.06349,0.06518
1675972800000,0.06518,0.06564,0.06134,0.06386
1675987200000,0.06386,0.0648,0.06108,0.06217
1676001600000,0.06217,0.06289,0.05975,0.06052
1676016000000,0.06052,0.06172,0.05851,0.05871
1676030400000,0.05871,0.06178,0.05858,0.06052
1676044800000,0.06052,0.06173,0.06008,0.06144
1676059200000,0.06144,0.06279,0.06067,0.06206
1676073600000,0.06206,0.06393,0.0607,0.06268
1676088000000,0.06268,0.06592,0.06135,0.06576
1676102400000,0.06576,0.06578,0.06306,0.06387
1676116800000,0.06387,0.07187,0.06324,0.06908
1676131200000,0.06908,0.07099,0.06783,0.07069
1676145600000,0.07069,0.072,0.06924,0.06942
1676160000000,0.06942,0.07274,0.06892,0.07045
1676174400000,0.07045,0.07546,0.07,0.07348
1676188800000,0.07348,0.0811,0.07348,0.07884
1676203200000,0.07884,0.07997,0.0765,0.07876
1676217600000,0.07876,0.07982,0.07712,0.07902
1676232000000,0.07902,0.08023,0.07463,0.076
1676246400000,0.076,0.07607,0.0729,0.07415
1676260800000,0.07415,0.07824,0.07322,0.0759
1676275200000,0.0759,0.07597,0.0705,0.07111
1676289600000,0.07111,0.07403,0.06886,0.06888
1676304000000,0.06888,0.0699,0.06649,0.06953
1676318400000,0.06953,0.07154,0.06875,0.07077
1676332800000,0.07077,0.07121,0.06806,0.06928
1676347200000,0.06928,0.07047,0.0667,0.06672
1676361600000,0.06672,0.07377,0.06645,0.0712
1676376000000,0.0712,0.07529,0.06858,0.07446
1676390400000,0.07446,0.07856,0.07318,0.07828
1676404800000,0.07828,0.08354,0.07717,0.08199
1676419200000,0.08199,0.0834,0.07936,0.08039
1676433600000,0.08039,0.08144,0.07883,0.07969
1676448000000,0.07969,0.07983,0.07686,0.07969
1676462400000,0.07969,0.08342,0.07911,0.08165
1676476800000,0.08165,0.08376,0.08057,0.08319
1676491200000,0.08319,0.08511,0.08157,0.08433
1676505600000,0.08433,0.08509,0.08211,0.08389
1676520000000,0.08389,0.08605,0.08111,0.08201
1676534400000,0.08201,0.0832,0.08102,0.08182
1676548800000,0.08182,0.08367,0.07965,0.0832
1676563200000,0.0832,0.08385,0.08013,0.08049
1676577600000,0.08049,0.08053,0.07407,0.07478
1676592000000,0.07478,0.07803,0.07455,0.07751
1676606400000,0.07751,0.0787,0.07611,0.07793
1676620800000,0.07793,0.07889,0.07732,0.07754
1676635200000,0.07754,0.07935,0.07666,0.07798
1676649600000,0.07798,0.07958,0.07627,0.07888
1676664000000,0.07888,0.07926,0.07572,0.07757
1676678400000,0.07757,0.07907,0.07718,0.0782
1676692800000,0.0782,0.07822,0.07584,0.07608
1676707200000,0.07608,0.07674,0.07509,0.07567
1676721600000,0.07567,0.07671,0.0751,0.07637
1676736000000,0.07637,0.07776,0.07568,0.07608
1676750400000,0.07608,0.07687,0.07529,0.07591
1676764800000,0.07591,0.07719,0.07523,0.07561
1676779200000,0.07561,0.07706,0.07508,0.07558
1676793600000,0.07558,0.07612,0.07461,0.07526
1676808000000,0.07526,0.07845,0.07513,0.07757
1676822400000,0.07757,0.07802,0.07243,0.07468
1676836800000,0.07468,0.07515,0.07325,0.07362
1676851200000,0.07362,0.07517,0.07071,0.07448
1676865600000,0.07448,0.07603,0.07437,0.07515
1676880000000,0.07515,0.07648,0.07397,0.07584
1676894400000,0.07584,0.07641,0.07472,0.07545
1676908800000,0.07545,0.07561,0.07381,0.07516
1676923200000,0.07516,0.07584,0.07443,0.07584
1676937600000,0.07584,0.0792,0.07528,0.07877
1676952000000,0.07877,0.07932,0.07723,0.07848
1676966400000,0.07848,0.08292,0.07476,0.07702
1676980800000,0.07702,0.0792,0.07616,0.07758
1676995200000,0.07758,0.07797,0.07513,0.07598
1677009600000,0.07598,0.07604,0.07327,0.07414
1677024000000,0.07414,0.07465,0.07008,0.07236
1677038400000,0.07236,0.07257,0.07009,0.0708
1677052800000,0.0708,0.07139,0.0682,0.07112
1677067200000,0.07112,0.0716,0.06904,0.06963
1677081600000,0.06963,0.07175,0.06955,0.07127
1677096000000,0.07127,0.07299,0.07065,0.07291
1677110400000,0.07291,0.07562,0.07264,0.07457
1677124800000,0.07457,0.07531,0.0737,0.07441
1677139200000,0.07441,0.07481,0.07103,0.07182
1677153600000,0.07182,0.07424,0.07109,0.07304
1677168000000,0.07304,0.07323,0.07135,0.07272
1677182400000,0.07272,0.07299,0.07133,0.07189
1677196800000,0.07189,0.07229,0.07066,0.07096
1677211200000,0.07096,0.07207,0.07061,0.07164
1677225600000,0.07164,0.07196,0.07015,0.07103
1677240000000,0.07103,0.07135,0.06768,0.06811
1677254400000,0.06811,0.06812,0.06596,0.06748
1677268800000,0.06748,0.06827,0.066,0.06766
1677283200000,0.06766,0.06793,0.0663,0.06635
1677297600000,0.06635,0.0665,0.06505,0.06609
1677312000000,0.06609,0.06645,0.06523,0.06552
1677326400000,0.06552,0.06693,0.06465,0.06674
1677340800000,0.06674,0.0671,0.06438,0.06486
1677355200000,0.06486,0.06583,0.06304,0.06571
1677369600000,0.06571,0.06822,0.06548,0.068
1677384000000,0.068,0.06834,0.06695,0.06792
1677398400000,0.06792,0.06844,0.0675,0.06826
1677412800000,0.06826,0.06828,0.06727,0.0677
1677427200000,0.0677,0.06856,0.06633,0.06849
1677441600000,0.06849,0.06914,0.06729,0.06817
1677456000000,0.06817,0.06818,0.0671,0.0675
1677470400000,0.0675,0.0675,0.06605,0.06673
1677484800000,0.06673,0.06703,0.06593,0.06666
1677499200000,0.06666,0.06962,0.06603,0.06848
1677513600000,0.06848,0.06887,0.06586,0.06654
1677528000000,0.06654,0.06704,0.06551,0.06683
1677542400000,0.06683,0.06839,0.06591,0.06825
1677556800000,0.06825,0.06825,0.06503,0.06512
1677571200000,0.06512,0.06609,0.06477,0.06586
1677585600000,0.06586,0.06624,0.06512,0.06545
1677600000000,0.06545,0.06589,0.06416,0.06425
1677614400000,0.06425,0.06449,0.06314,0.06361
1677628800000,0.06361,0.06583,0.06323,0.06572
1677643200000,0.06572,0.06647,0.06565,0.06589
1677657600000,0.06589,0.06718,0.06557,0.06665
1677672000000,0.06665,0.06697,0.06592,0.06652
1677686400000,0.06652,0.06652,0.06483,0.06499
1677700800000,0.06499,0.06659,0.06493,0.06651
1677715200000,0.06651,0.06662,0.06468,0.06506
1677729600000,0.06506,0.06541,0.06386,0.06453
1677744000000,0.06453,0.06464,0.06377,0.06434
1677758400000,0.06434,0.06463,0.06307,0.0639
1677772800000,0.0639,0.06478,0.06348,0.06478
1677787200000,0.06478,0.0655,0.06467,0.06526
1677801600000,0.06526,0.06532,0.05585,0.05732
1677816000000,0.05732,0.05956,0.0573,0.05931
1677830400000,0.05931,0.06022,0.0593,0.05956
1677844800000,0.05956,0.06025,0.05883,0.05923
1677859200000,0.05923,0.05971,0.05897,0.05968
1677873600000,0.05968,0.05982,0.05867,0.05971
1677888000000,0.05971,0.06053,0.05907,0.0592
1677902400000,0.0592,0.05941,0.05807,0.05894
1677916800000,0.05894,0.05917,0.05823,0.05851
1677931200000,0.05851,0.05884,0.05769,0.0579
1677945600000,0.0579,0.05822,0.05619,0.05646
1677960000000,0.05646,0.05701,0.05513,0.05685
1677974400000,0.05685,0.05881,0.05655,0.05843
1677988800000,0.05843,0.05918,0.05817,0.0583
1678003200000,0.0583,0.05883,0.05767,0.05823
1678017600000,0.05823,0.05894,0.05802,0.05861
1678032000000,0.05861,0.05927,0.05838,0.05856
1678046400000,0.05856,0.059,0.05714,0.05749
1678060800000,0.05749,0.05799,0.05616,0.05704
1678075200000,0.05704,0.05736,0.05636,0.05693
1678089600000,0.05693,0.05785,0.05635,0.05741
1678104000000,0.05741,0.05849,0.05665,0.05836
1678118400000,0.05836,0.05864,0.05727,0.05748
1678132800000,0.05748,0.05828,0.05705,0.05816
1678147200000,0.05816,0.05922,0.05768,0.05844
1678161600000,0.05844,0.05851,0.05779,0.05779
1678176000000,0.05779,0.058,0.0556,0.05583
1678190400000,0.05583,0.0568,0.05446,0.05629
1678204800000,0.05629,0.05659,0.05525,0.05545
1678219200000,0.05545,0.05611,0.05428,0.05585
1678233600000,0.05585,0.05628,0.05512,0.05548
1678248000000,0.05548,0.05566,0.05434,0.05454
1678262400000,0.05454,0.05549,0.05437,0.05518
1678276800000,0.05518,0.0552,0.05296,0.05438
1678291200000,0.05438,0.05475,0.05242,0.05287
1678305600000,0.05287,0.05371,0.05132,0.05216
1678320000000,0.05216,0.05299,0.05188,0.05295
1678334400000,0.05295,0.05339,0.05224,0.05244
1678348800000,0.05244,0.05277,0.0519,0.05268
1678363200000,0.05268,0.05467,0.05241,0.05337
1678377600000,0.05337,0.05356,0.0511,0.05148
1678392000000,0.05148,0.05153,0.04786,0.04904
1678406400000,0.04904,0.04927,0.04733,0.04815
1678420800000,0.04815,0.04922,0.04781,0.04889
1678435200000,0.04889,0.04898,0.04601,0.04813
1678449600000,0.04813,0.05066,0.04764,0.04945
1678464000000,0.04945,0.05015,0.04877,0.04971
1678478400000,0.04971,0.05027,0.04895,0.04979
1678492800000,0.04979,0.05105,0.04953,0.04953
1678507200000,0.04953,0.04976,0.04674,0.04724
1678521600000,0.04724,0.04845,0.04662,0.04718
1678536000000,0.04718,0.04763,0.04571,0.04605
1678550400000,0.04605,0.0471,0.04586,0.04688
1678564800000,0.04688,0.04887,0.04688,0.04874
1678579200000,0.04874,0.04909,0.04777,0.04871
1678593600000,0.04871,0.04935,0.04844,0.04875
1678608000000,0.04875,0.04937,0.04858,0.04907
1678622400000,0.04907,0.04912,0.04778,0.04806
1678636800000,0.04806,0.05068,0.04786,0.0495
1678651200000,0.0495,0.05397,0.0495,0.05384
1678665600000,0.05384,0.05825,0.05367,0.05523
1678680000000,0.05523,0.05624,0.0552,0.05572
1678694400000,0.05572,0.05587,0.0534,0.05395
1678708800000,0.05395,0.05844,0.05328,0.05719
1678723200000,0.05719,0.05881,0.0569,0.05834
1678737600000,0.05834,0.05984,0.0578,0.05968
1678752000000,0.05968,0.06252,0.05923,0.06229
1678766400000,0.06229,0.06462,0.06102,0.06138
1678780800000,0.06138,0.06167,0.05979,0.06078
1678795200000,0.06078,0.06808,0.06042,0.06746
1678809600000,0.06746,0.06884,0.0641,0.06619
1678824000000,0.06619,0.06666,0.06363,0.06596
1678838400000,0.06596,0.06795,0.0648,0.06592
1678852800000,0.06592,0.0667,0.06441,0.06598
1678867200000,0.06598,0.06613,0.06121,0.06256
1678881600000,0.06256,0.06387,0.05888,0.05934
1678896000000,0.05934,0.05979,0.05707,0.05907
1678910400000,0.05907,0.0607,0.05867,0.05928
1678924800000,0.05928,0.06021,0.05797,0.05867
1678939200000,0.05867,0.05936,0.05696,0.0585
1678953600000,0.0585,0.05924,0.0573,0.05892
1678968000000,0.05892,0.05892,0.05637,0.05847
1678982400000,0.05847,0.05868,0.05683,0.05789
1678996800000,0.05789,0.05801,0.05645,0.05776
1679011200000,0.05776,0.06028,0.05696,0.05952
1679025600000,0.05952,0.06053,0.05866,0.06012
1679040000000,0.06012,0.06339,0.05977,0.06322
1679054400000,0.06322,0.06336,0.05951,0.0604
1679068800000,0.0604,0.06158,0.05973,0.0614
1679083200000,0.0614,0.06517,0.06033,0.06511
1679097600000,0.06511,0.06598,0.0635,0.06487
1679112000000,0.06487,0.06515,0.06349,0.06423
1679126400000,0.06423,0.06509,0.06237,0.06433
1679140800000,0.06433,0.06644,0.06138,0.06221
1679155200000,0.06221,0.06293,0.06019,0.062
1679169600000,0.062,0.06255,0.06016,0.06075
1679184000000,0.06075,0.06249,0.06075,0.06216
1679198400000,0.06216,0.06245,0.06031,0.06103
1679212800000,0.06103,0.06165,0.06033,0.06158
1679227200000,0.06158,0.06223,0.0608,0.06183
1679241600000,0.06183,0.0655,0.06175,0.06446
1679256000000,0.06446,0.06485,0.06244,0.06335
1679270400000,0.06335,0.06406,0.0609,0.0613
1679284800000,0.0613,0.06283,0.06064,0.06274
1679299200000,0.06274,0.06309,0.06166,0.06213
1679313600000,0.06213,0.06228,0.06093,0.06148
1679328000000,0.06148,0.06181,0.05872,0.05969
1679342400000,0.05969,0.06058,0.05876,0.05912
1679356800000,0.05912,0.05997,0.05789,0.05876
1679371200000,0.05876,0.05895,0.05678,0.05732
1679385600000,0.05732,0.05934,0.05665,0.05925
1679400000000,0.05925,0.06246,0.05883,0.06111
1679414400000,0.06111,0.06182,0.05951,0.06036
1679428800000,0.06036,0.06117,0.05993,0.06088
1679443200000,0.06088,0.06104,0.05928,0.06017
1679457600000,0.06017,0.06052,0.05957,0.05976
1679472000000,0.05976,0.05999,0.05881,0.05884
1679486400000,0.05884,0.06083,0.05818,0.05967
1679500800000,0.05967,0.06034,0.05445,0.05472
1679515200000,0.05472,0.05717,0.05439,0.05667
1679529600000,0.05667,0.05748,0.05617,0.05649
1679544000000,0.05649,0.05805,0.05638,0.0579
1679558400000,0.0579,0.05864,0.05765,0.0581
1679572800000,0.0581,0.06002,0.05685,0.05938
1679587200000,0.05938,0.05975,0.05797,0.05906
1679601600000,0.05906,0.05972,0.05848,0.05944
1679616000000,0.05944,0.0597,0.05893,0.05917
1679630400000,0.05917,0.05988,0.05891,0.05963
1679644800000,0.05963,0.05972,0.05711,0.0575
1679659200000,0.0575,0.05893,0.05739,0.05789
1679673600000,0.05789,0.05849,0.05612,0.05712
1679688000000,0.05712,0.0572,0.05595,0.0568
1679702400000,0.0568,0.05772,0.05655,0.05719
1679716800000,0.05719,0.05724,0.05584,0.0563
1679731200000,0.0563,0.05658,0.05536,0.05621
1679745600000,0.05621,0.05716,0.05564,0.05692
1679760000000,0.05692,0.05709,0.05494,0.05505
1679774400000,0.05505,0.05596,0.05493,0.05588
1679788800000,0.05588,0.05646,0.05522,0.05633
1679803200000,0.05633,0.05679,0.05591,0.05666
1679817600000,0.05666,0.05703,0.05611,0.05695
1679832000000,0.05695,0.0576,0.05655,0.0567
1679846400000,0.0567,0.05715,0.05627,0.05684
1679860800000,0.05684,0.0578,0.05624,0.05703
1679875200000,0.05703,0.05737,0.05617,0.05656
1679889600000,0.05656,0.05666,0.05545,0.05598
1679904000000,0.05598,0.05638,0.05567,0.05619
1679918400000,0.05619,0.05647,0.05209,0.05399
1679932800000,0.05399,0.05455,0.05306,0.05313
1679947200000,0.05313,0.05372,0.05276,0.05361
1679961600000,0.05361,0.05395,0.05283,0.05325
1679976000000,0.05325,0.05479,0.05318,0.05415
1679990400000,0.05415,0.05497,0.05342,0.05478
1680004800000,0.05478,0.05518,0.05411,0.05509
1680019200000,0.05509,0.05646,0.05422,0.05627
1680033600000,0.05627,0.05695,0.05524,0.05577
1680048000000,0.05577,0.05663,0.05551,0.05638
1680062400000,0.05638,0.05866,0.05616,0.05795
1680076800000,0.05795,0.05856,0.05751,0.05812
1680091200000,0.05812,0.05825,0.0569,0.05779
1680105600000,0.05779,0.05865,0.0575,0.05846
1680120000000,0.05846,0.059,0.05801,0.05847
1680134400000,0.05847,0.05953,0.05725,0.05791
1680148800000,0.05791,0.05829,0.05748,0.05794
1680163200000,0.05794,0.05794,0.05688,0.05774
1680177600000,0.05774,0.05774,0.05681,0.0572
1680192000000,0.0572,0.05803,0.05613,0.05752
1680206400000,0.05752,0.05826,0.05746,0.05822
1680220800000,0.05822,0.05898,0.05776,0.05798
1680235200000,0.05798,0.05818,0.05656,0.0571
1680249600000,0.0571,0.05738,0.05672,0.05722
1680264000000,0.05722,0.06178,0.05713,0.06044
1680278400000,0.06044,0.0619,0.05973,0.06106
1680292800000,0.06106,0.06143,0.06054,0.06089
1680307200000,0.06089,0.06164,0.06052,0.06092
1680321600000,0.06092,0.06166,0.06017,0.06029
1680336000000,0.06029,0.06157,0.06017,0.06054
1680350400000,0.06054,0.06132,0.05991,0.06043
1680364800000,0.06043,0.06071,0.05966,0.06061
1680379200000,0.06061,0.06141,0.06057,0.06131
1680393600000,0.06131,0.06161,0.05981,0.06025
1680408000000,0.06025,0.06093,0.06004,0.06055
1680422400000,0.06055,0.0612,0.06007,0.06027
1680436800000,0.06027,0.0603,0.05817,0.05886
1680451200000,0.05886,0.05934,0.05782,0.05825
1680465600000,0.05825,0.0589,0.05795,0.05879
1680480000000,0.05879,0.05888,0.05644,0.05766
1680494400000,0.05766,0.05806,0.05755,0.05806
1680508800000,0.05806,0.06021,0.05806,0.05934
1680523200000,0.05934,0.05941,0.05798,0.05846
1680537600000,0.05846,0.06148,0.05782,0.06016
1680552000000,0.06016,0.06029,0.05702,0.05953
1680566400000,0.05953,0.06008,0.05919,0.05951
1680580800000,0.05951,0.05958,0.05827,0.0588
1680595200000,0.0588,0.05995,0.05833,0.05977
1680609600000,0.05977,0.06019,0.05887,0.05923
1680624000000,0.05923,0.05958,0.05899,0.05957
1680638400000,0.05957,0.06013,0.05926,0.05956
1680652800000,0.05956,0.06132,0.05906,0.06111
1680667200000,0.06111,0.06303,0.06062,0.06253
1680681600000,0.06253,0.06353,0.06187,0.06216
1680696000000,0.06216,0.06219,0.05981,0.06087
1680710400000,0.06087,0.06114,0.06005,0.06088
1680724800000,0.06088,0.06141,0.06047,0.06125
1680739200000,0.06125,0.06139,0.05952,0.0609
1680753600000,0.0609,0.06169,0.05986,0.0599
1680768000000,0.0599,0.06052,0.05911,0.06002
1680782400000,0.06002,0.06074,0.05928,0.06048
1680796800000,0.06048,0.06072,0.06,0.06037
1680811200000,0.06037,0.06041,0.05945,0.06013
1680825600000,0.06013,0.06074,0.05955,0.05976
1680840000000,0.05976,0.0603,0.05822,0.05848
1680854400000,0.05848,0.05895,0.05824,0.05832
1680868800000,0.05832,0.05933,0.05817,0.05925
1680883200000,0.05925,0.05935,0.05883,0.05903
1680897600000,0.05903,0.0592,0.05869,0.05892
1680912000000,0.05892,0.05916,0.05781,0.05906
1680926400000,0.05906,0.05973,0.05882,0.05946
1680940800000,0.05946,0.05985,0.05896,0.05902
1680955200000,0.05902,0.05942,0.05881,0.05895
1680969600000,0.05895,0.05922,0.05848,0.05875
1680984000000,0.05875,0.05884,0.05825,0.05861
1680998400000,0.05861,0.05938,0.05861,0.0589
1681012800000,0.0589,0.05893,0.05783,0.05825
1681027200000,0.05825,0.05841,0.05761,0.05841
1681041600000,0.05841,0.05849,0.05774,0.05802
1681056000000,0.05802,0.05908,0.05751,0.05902
1681070400000,0.05902,0.06019,0.05892,0.05971
1681084800000,0.05971,0.06048,0.05928,0.06006
1681099200000,0.06006,0.06014,0.05942,0.05952
1681113600000,0.05952,0.06066,0.05946,0.05994
1681128000000,0.05994,0.06059,0.05972,0.06038
1681142400000,0.06038,0.06151,0.06005,0.06102
1681156800000,0.06102,0.06218,0.06047,0.06182
1681171200000,0.06182,0.06245,0.06148,0.0619
1681185600000,0.0619,0.06236,0.06141,0.06226
1681200000000,0.06226,0.06227,0.06164,0.06185
1681214400000,0.06185,0.06226,0.06164,0.06216
1681228800000,0.06216,0.0625,0.06174,0.06191
1681243200000,0.06191,0.06221,0.06132,0.06154
1681257600000,0.06154,0.06198,0.0588,0.05907
1681272000000,0.05907,0.0602,0.05892,0.05981
1681286400000,0.05981,0.05998,0.05903,0.05934
1681300800000,0.05934,0.06174,0.05906,0.061
1681315200000,0.061,0.06161,0.06047,0.06096
1681329600000,0.06096,0.0621,0.06087,0.06173
1681344000000,0.06173,0.06217,0.06115,0.06158
1681358400000,0.06158,0.06167,0.06102,0.06165
1681372800000,0.06165,0.0634,0.06163,0.06257
1681387200000,0.06257,0.06499,0.06257,0.06419
1681401600000,0.06419,0.06583,0.06405,0.0654
1681416000000,0.0654,0.06612,0.0647,0.0658
1681430400000,0.0658,0.0685,0.06549,0.06732
1681444800000,0.06732,0.06918,0.06726,0.06767
1681459200000,0.06767,0.06836,0.06711,0.06773
1681473600000,0.06773,0.06781,0.06554,0.06563
1681488000000,0.06563,0.06713,0.06525,0.0669
1681502400000,0.0669,0.07162,0.06681,0.07105
1681516800000,0.07105,0.07107,0.0685,0.06981
1681531200000,0.06981,0.07336,0.06904,0.07172
1681545600000,0.07172,0.07597,0.07121,0.07477
1681560000000,0.07477,0.07543,0.0733,0.07471
1681574400000,0.07471,0.07522,0.07295,0.07349
1681588800000,0.07349,0.07362,0.07172,0.07246
1681603200000,0.07246,0.07469,0.07157,0.07422
1681617600000,0.07422,0.07514,0.07311,0.07374
1681632000000,0.07374,0.07518,0.0733,0.07447
1681646400000,0.07447,0.07479,0.07268,0.0745
1681660800000,0.0745,0.0792,0.0735,0.07653
1681675200000,0.07653,0.07838,0.07588,0.07699
1681689600000,0.07699,0.07736,0.07511,0.07552
1681704000000,0.07552,0.07646,0.07302,0.07324
1681718400000,0.07324,0.07395,0.07195,0.07319
1681732800000,0.07319,0.07506,0.07279,0.07383
1681747200000,0.07383,0.07462,0.07287,0.07383
1681761600000,0.07383,0.07387,0.07242,0.07318
1681776000000,0.07318,0.07402,0.07165,0.07383
1681790400000,0.07383,0.07883,0.0736,0.07832
1681804800000,0.07832,0.0815,0.07802,0.08052
1681819200000,0.08052,0.08152,0.07824,0.07862
1681833600000,0.07862,0.07896,0.07628,0.07746
1681848000000,0.07746,0.07965,0.07696,0.07897
1681862400000,0.07897,0.07911,0.07667,0.07708
1681876800000,0.07708,0.0784,0.07659,0.07679
1681891200000,0.07679,0.07687,0.06882,0.07231
1681905600000,0.07231,0.07443,0.07178,0.07284
1681920000000,0.07284,0.07288,0.07015,0.07032
1681934400000,0.07032,0.07099,0.06741,0.06933
1681948800000,0.06933,0.0704,0.06821,0.06986
1681963200000,0.06986,0.07055,0.06928,0.06939
1681977600000,0.06939,0.07035,0.068,0.06837
1681992000000,0.06837,0.07101,0.06833,0.06909
1682006400000,0.06909,0.06912,0.06639,0.06731
1682020800000,0.06731,0.06853,0.06715,0.06722
1682035200000,0.06722,0.06787,0.0658,0.0677
1682049600000,0.0677,0.06794,0.06558,0.067
1682064000000,0.067,0.06746,0.06562,0.06596
1682078400000,0.06596,0.06668,0.0651,0.06531
1682092800000,0.06531,0.06547,0.06106,0.06207
1682107200000,0.06207,0.06227,0.06088,0.06136
1682121600000,0.06136,0.06199,0.06112,0.06177
1682136000000,0.06177,0.06215,0.06103,0.06115
1682150400000,0.06115,0.06198,0.06063,0.06164
1682164800000,0.06164,0.06438,0.06154,0.06417
1682179200000,0.06417,0.06446,0.06309,0.06358
1682193600000,0.06358,0.06572,0.0635,0.06549
1682208000000,0.06549,0.06572,0.06381,0.06446
1682222400000,0.06446,0.06498,0.06363,0.06427
1682236800000,0.06427,0.06451,0.06312,0.06366
1682251200000,0.06366,0.06371,0.06157,0.06204
1682265600000,0.06204,0.06311,0.05995,0.06082
1682280000000,0.06082,0.0618,0.06034,0.06167
1682294400000,0.06167,0.06324,0.06043,0.06257
1682308800000,0.06257,0.06258,0.06032,0.06071
1682323200000,0.06071,0.06273,0.05993,0.06271
1682337600000,0.06271,0.06369,0.06169,0.06187
1682352000000,0.06187,0.0626,0.0604,0.06178
1682366400000,0.06178,0.06208,0.06128,0.06148
1682380800000,0.06148,0.06173,0.06037,0.06056
1682395200000,0.06056,0.06143,0.06046,0.06078
1682409600000,0.06078,0.06144,0.06024,0.0604
1682424000000,0.0604,0.06101,0.05946,0.05961
1682438400000,0.05961,0.06126,0.05916,0.06064
1682452800000,0.06064,0.06407,0.06058,0.06338
1682467200000,0.06338,0.06355,0.06234,0.06247
1682481600000,0.06247,0.06295,0.06212,0.06247
1682496000000,0.06247,0.06411,0.06221,0.06397
1682510400000,0.06397,0.06548,0.06375,0.06428
1682524800000,0.06428,0.06444,0.05819,0.05876
1682539200000,0.05876,0.06093,0.05681,0.06068
1682553600000,0.06068,0.06299,0.06039,0.06155
1682568000000,0.06155,0.06252,0.06096,0.06181
1682582400000,0.06181,0.06225,0.06116,0.06144
1682596800000,0.06144,0.06282,0.06063,0.06255
1682611200000,0.06255,0.06473,0.06224,0.06403
1682625600000,0.06403,0.06438,0.06233,0.06313
1682640000000,0.06313,0.0633,0.06218,0.06247
1682654400000,0.06247,0.06274,0.06181,0.06264
1682668800000,0.06264,0.06267,0.06142,0.06149
1682683200000,0.06149,0.06229,0.06092,0.06124
1682697600000,0.06124,0.06207,0.06097,0.06153
1682712000000,0.06153,0.06203,0.06143,0.06183
1682726400000,0.06183,0.06287,0.06136,0.0625
1682740800000,0.0625,0.06283,0.06196,0.06205
1682755200000,0.06205,0.06257,0.0616,0.06229
1682769600000,0.06229,0.06345,0.0622,0.06264
1682784000000,0.06264,0.06312,0.06194,0.06291
1682798400000,0.06291,0.063,0.06225,0.06255
1682812800000,0.06255,0.0626,0.06137,0.06146
1682827200000,0.06146,0.06207,0.06138,0.06163
1682841600000,0.06163,0.06199,0.06123,0.06125
1682856000000,0.06125,0.06299,0.06109,0.06231
1682870400000,0.06231,0.06311,0.06098,0.06125
1682884800000,0.06125,0.06125,0.06038,0.06053
1682899200000,0.06053,0.06118,0.05871,0.06008
1682913600000,0.06008,0.06043,0.05933,0.06036
1682928000000,0.06036,0.06039,0.05972,0.05974
1682942400000,0.05974,0.06004,0.05884,0.05896
1682956800000,0.05896,0.05921,0.05766,0.05804
1682971200000,0.05804,0.0591,0.05778,0.05892
1682985600000,0.05892,0.05897,0.05834,0.05879
1683000000000,0.05879,0.05912,0.05819,0.05905
1683014400000,0.05905,0.05947,0.05871,0.05919
1683028800000,0.05919,0.06019,0.05841,0.05992
1683043200000,0.05992,0.06069,0.0596,0.0603
1683057600000,0.0603,0.06056,0.05991,0.06013
1683072000000,0.06013,0.06023,0.05875,0.05923
1683086400000,0.05923,0.05927,0.05855,0.05877
1683100800000,0.05877,0.0592,0.05815,0.05828
1683115200000,0.05828,0.0585,0.05763,0.05818
1683129600000,0.05818,0.06007,0.05794,0.05971
1683144000000,0.05971,0.06288,0.05962,0.06207
1683158400000,0.06207,0.06242,0.06092,0.06132
1683172800000,0.06132,0.06148,0.06054,0.06056
1683187200000,0.06056,0.06099,0.06017,0.06028
1683201600000,0.06028,0.06051,0.05904,0.05912
1683216000000,0.05912,0.05964,0.05883,0.05926
1683230400000,0.05926,0.05952,0.05902,0.05946
1683244800000,0.05946,0.06019,0.05922,0.05946
1683259200000,0.05946,0.05982,0.0593,0.0596
1683273600000,0.0596,0.0601,0.05945,0.06007
1683288000000,0.06007,0.06055,0.05888,0.06002
1683302400000,0.06002,0.06084,0.05937,0.06014
1683316800000,0.06014,0.06073,0.05973,0.06003
1683331200000,0.06003,0.06059,0.05921,0.0593
1683345600000,0.0593,0.05946,0.05794,0.05826
1683360000000,0.05826,0.05883,0.05737,0.05879
1683374400000,0.05879,0.05879,0.05654,0.05733
1683388800000,0.05733,0.05885,0.05709,0.05835
1683403200000,0.05835,0.05857,0.05796,0.05835
1683417600000,0.05835,0.05849,0.05721,0.05744
1683432000000,0.05744,0.05828,0.05739,0.05823
1683446400000,0.05823,0.05829,0.05744,0.05751
1683460800000,0.05751,0.05791,0.05712,0.05726
1683475200000,0.05726,0.05734,0.05614,0.05636
1683489600000,0.05636,0.05677,0.05531,0.05558
1683504000000,0.05558,0.05611,0.05122,0.0519
1683518400000,0.0519,0.05211,0.05052,0.05112
1683532800000,0.05112,0.05207,0.0508,0.05193
1683547200000,0.05193,0.05193,0.05103,0.05137
1683561600000,0.05137,0.05137,0.04811,0.04998
1683576000000,0.04998,0.0503,0.04968,0.05005
1683590400000,0.05005,0.05092,0.04953,0.05085
1683604800000,0.05085,0.05119,0.05017,0.05111
1683619200000,0.05111,0.05176,0.05052,0.05145
1683633600000,0.05145,0.05234,0.0513,0.05149
1683648000000,0.05149,0.0523,0.05101,0.0518
1683662400000,0.0518,0.05249,0.05139,0.0523
1683676800000,0.0523,0.0526,0.05182,0.05199
1683691200000,0.05199,0.0525,0.05172,0.05177
1683705600000,0.05177,0.05198,0.05124,0.05163
1683720000000,0.05163,0.05445,0.05121,0.05382
1683734400000,0.05382,0.05573,0.05139,0.05521
1683748800000,0.05521,0.0564,0.05433,0.05523
1683763200000,0.05523,0.05523,0.05315,0.05326
1683777600000,0.05326,0.05366,0.05263,0.05298
1683792000000,0.05298,0.05384,0.0523,0.05367
1683806400000,0.05367,0.05402,0.05241,0.05255
1683820800000,0.05255,0.05285,0.05092,0.05132
1683835200000,0.05132,0.05264,0.05122,0.05194
1683849600000,0.05194,0.05204,0.04993,0.05011
1683864000000,0.05011,0.05315,0.04989,0.05286
1683878400000,0.05286,0.05352,0.05259,0.05263
1683892800000,0.05263,0.05294,0.05135,0.05138
1683907200000,0.05138,0.05218,0.05051,0.05209
1683921600000,0.05209,0.05347,0.05192,0.05347
1683936000000,0.05347,0.05348,0.05211,0.05244
1683950400000,0.05244,0.05255,0.05188,0.05245
1683964800000,0.05245,0.05288,0.05225,0.05253
1683979200000,0.05253,0.05304,0.05236,0.05255
1683993600000,0.05255,0.05304,0.05225,0.05239
1684008000000,0.05239,0.05278,0.05232,0.05256
1684022400000,0.05256,0.05259,0.05162,0.05204
1684036800000,0.05204,0.05255,0.05195,0.05249
1684051200000,0.05249,0.0526,0.05189,0.05228
1684065600000,0.05228,0.05338,0.05205,0.05326
1684080000000,0.05326,0.05342,0.05227,0.05244
1684094400000,0.05244,0.05324,0.0523,0.0531
1684108800000,0.0531,0.05361,0.05218,0.05354
1684123200000,0.05354,0.05454,0.0532,0.05419
1684137600000,0.05419,0.05475,0.05352,0.05355
1684152000000,0.05355,0.05415,0.05333,0.05393
1684166400000,0.05393,0.05419,0.0534,0.05357
1684180800000,0.05357,0.05389,0.05305,0.05323
1684195200000,0.05323,0.05355,0.05231,0.05304
1684209600000,0.05304,0.05425,0.0529,0.05425
1684224000000,0.05425,0.05443,0.05343,0.05362
1684238400000,0.05362,0.05373,0.0529,0.05324
1684252800000,0.05324,0.05376,0.05303,0.05316
1684267200000,0.05316,0.05399,0.05291,0.05385
1684281600000,0.05385,0.05476,0.0536,0.05424
1684296000000,0.05424,0.0543,0.05297,0.05302
1684310400000,0.05302,0.05354,0.05271,0.053
1684324800000,0.053,0.05333,0.05186,0.05237
1684339200000,0.05237,0.05505,0.05217,0.05485
1684353600000,0.05485,0.05515,0.05436,0.05438
1684368000000,0.05438,0.0549,0.05408,0.05466
1684382400000,0.05466,0.05474,0.05376,0.05424
1684396800000,0.05424,0.05463,0.05411,0.05425
1684411200000,0.05425,0.05458,0.0532,0.05328
1684425600000,0.05328,0.05353,0.05193,0.05312
1684440000000,0.05312,0.05437,0.05284,0.05329
1684454400000,0.05329,0.05367,0.05302,0.05336
1684468800000,0.05336,0.05378,0.05324,0.0534
1684483200000,0.0534,0.05388,0.05328,0.0534
1684497600000,0.0534,0.05384,0.05269,0.0533
1684512000000,0.0533,0.05372,0.05277,0.05297
1684526400000,0.05297,0.05323,0.05274,0.0528
1684540800000,0.0528,0.05306,0.05198,0.05234
1684555200000,0.05234,0.05247,0.0522,0.05228
1684569600000,0.05228,0.05284,0.05228,0.05269
1684584000000,0.05269,0.0531,0.05258,0.05306
1684598400000,0.05306,0.0533,0.0527,0.053
1684612800000,0.053,0.0531,0.05272,0.05302
1684627200000,0.05302,0.05318,0.05258,0.05268
1684641600000,0.05268,0.05293,0.05266,0.05286
1684656000000,0.05286,0.05312,0.0521,0.05225
1684670400000,0.05225,0.05282,0.0517,0.0521
1684684800000,0.0521,0.05219,0.05144,0.05183
1684699200000,0.05183,0.05195,0.05128,0.05161
1684713600000,0.05161,0.05181,0.05051,0.05117
1684728000000,0.05117,0.05176,0.05106,0.05138
1684742400000,0.05138,0.05176,0.05133,0.05174
1684756800000,0.05174,0.0524,0.05138,0.05225
1684771200000,0.05225,0.05227,0.05173,0.05221
1684785600000,0.05221,0.05236,0.05193,0.052
1684800000000,0.052,0.05322,0.05164,0.05314
1684814400000,0.05314,0.05325,0.05225,0.05245
1684828800000,0.05245,0.05252,0.0522,0.05233
1684843200000,0.05233,0.05286,0.05222,0.05256
1684857600000,0.05256,0.05265,0.05195,0.05221
1684872000000,0.05221,0.05249,0.05213,0.0524
1684886400000,0.0524,0.05286,0.05114,0.05164
1684900800000,0.05164,0.0529,0.05127,0.05164
1684915200000,0.05164,0.05191,0.051,0.05122
1684929600000,0.05122,0.0514,0.05007,0.0504
1684944000000,0.0504,0.05088,0.05002,0.05062
1684958400000,0.05062,0.05118,0.05057,0.05067
1684972800000,0.05067,0.05094,0.04918,0.05071
1684987200000,0.05071,0.05096,0.05027,0.05028
1685001600000,0.05028,0.0507,0.05027,0.05059
1685016000000,0.05059,0.05104,0.05047,0.0506
1685030400000,0.0506,0.0515,0.05053,0.05116
1685044800000,0.05116,0.05127,0.05074,0.05089
1685059200000,0.05089,0.05112,0.0505,0.05094
1685073600000,0.05094,0.051,0.05032,0.05096
1685088000000,0.05096,0.05098,0.05054,0.05068
1685102400000,0.05068,0.05169,0.05041,0.05152
1685116800000,0.05152,0.05153,0.05071,0.05126
1685131200000,0.05126,0.05135,0.05092,0.05108
1685145600000,0.05108,0.05162,0.05062,0.0516
1685160000000,0.0516,0.05184,0.05127,0.0513
1685174400000,0.0513,0.05155,0.05119,0.05123
1685188800000,0.05123,0.05148,0.05085,0.05106
1685203200000,0.05106,0.05151,0.0508,0.05129
1685217600000,0.05129,0.05184,0.05127,0.05181
1685232000000,0.05181,0.05222,0.05151,0.05209
1685246400000,0.05209,0.05218,0.05175,0.05175
1685260800000,0.05175,0.05249,0.0516,0.05231
1685275200000,0.05231,0.05294,0.05217,0.05293
1685289600000,0.05293,0.05309,0.05237,0.05245
1685304000000,0.05245,0.05379,0.05245,0.05322
1685318400000,0.05322,0.0537,0.05267,0.05269
1685332800000,0.05269,0.05302,0.05237,0.05297
1685347200000,0.05297,0.05302,0.05243,0.05271
1685361600000,0.05271,0.05278,0.05212,0.05228
1685376000000,0.05228,0.05264,0.05184,0.05228
1685390400000,0.05228,0.05278,0.05205,0.0525
1685404800000,0.0525,0.05301,0.05207,0.05286
1685419200000,0.05286,0.05287,0.0521,0.0523
1685433600000,0.0523,0.05335,0.05228,0.05311
1685448000000,0.05311,0.05355,0.05253,0.05319
1685462400000,0.05319,0.05407,0.05285,0.05392
1685476800000,0.05392,0.05424,0.05352,0.05365
1685491200000,0.05365,0.0544,0.0535,0.05393
1685505600000,0.05393,0.05399,0.05216,0.05218
1685520000000,0.05218,0.05235,0.0514,0.05157
1685534400000,0.05157,0.05204,0.05133,0.05138
1685548800000,0.05138,0.05201,0.05103,0.05174
1685563200000,0.05174,0.05208,0.05137,0.05204
1685577600000,0.05204,0.05224,0.05086,0.05157
1685592000000,0.05157,0.0517,0.05114,0.05159
1685606400000,0.05159,0.05291,0.05144,0.05278
1685620800000,0.05278,0.05295,0.05228,0.05271
1685635200000,0.05271,0.05351,0.05248,0.05304
1685649600000,0.05304,0.05325,0.05249,0.05269
1685664000000,0.05269,0.0535,0.05206,0.05348
1685678400000,0.05348,0.05416,0.05336,0.0534
1685692800000,0.0534,0.05431,0.05339,0.05412
1685707200000,0.05412,0.05428,0.05328,0.0538
1685721600000,0.0538,0.05383,0.05345,0.05383
1685736000000,0.05383,0.05413,0.05363,0.05395
1685750400000,0.05395,0.05409,0.05337,0.05403
1685764800000,0.05403,0.05473,0.05401,0.05469
1685779200000,0.05469,0.05566,0.05452,0.05468
1685793600000,0.05468,0.05497,0.05439,0.05476
1685808000000,0.05476,0.05507,0.05355,0.05375
1685822400000,0.05375,0.05462,0.05367,0.05458
1685836800000,0.05458,0.05542,0.05439,0.05463
1685851200000,0.05463,0.05559,0.05425,0.0552
1685865600000,0.0552,0.05594,0.05494,0.05589
1685880000000,0.05589,0.05624,0.05535,0.05608
1685894400000,0.05608,0.05804,0.05562,0.05788
1685908800000,0.05788,0.05808,0.05658,0.05695
1685923200000,0.05695,0.05735,0.05558,0.05566
1685937600000,0.05566,0.05577,0.05503,0.0553
1685952000000,0.0553,0.05645,0.05524,0.05639
1685966400000,0.05639,0.05639,0.05085,0.05096
1685980800000,0.05096,0.05216,0.04915,0.05163
1685995200000,0.05163,0.05215,0.05116,0.05205
1686009600000,0.05205,0.05251,0.05133,0.0519
1686024000000,0.0519,0.0525,0.05184,0.05222
1686038400000,0.05222,0.05489,0.05222,0.05379
1686052800000,0.05379,0.05473,0.05255,0.05379
1686067200000,0.05379,0.05504,0.05371,0.05467
1686081600000,0.05467,0.05479,0.05345,0.05388
1686096000000,0.05388,0.05389,0.05258,0.05271
1686110400000,0.05271,0.0531,0.05226,0.05256
1686124800000,0.05256,0.05333,0.05174,0.0529
1686139200000,0.0529,0.05293,0.05095,0.05156
1686153600000,0.05156,0.05159,0.04997,0.05032
1686168000000,0.05032,0.05038,0.04924,0.04967
1686182400000,0.04967,0.04969,0.04792,0.04863
1686196800000,0.04863,0.04938,0.04805,0.04924
1686211200000,0.04924,0.05009,0.04921,0.04992
1686225600000,0.04992,0.05121,0.04992,0.05062
1686240000000,0.05062,0.05062,0.04964,0.05038
1686254400000,0.05038,0.05041,0.04977,0.04991
1686268800000,0.04991,0.05046,0.04956,0.05021
1686283200000,0.05021,0.05061,0.04959,0.04964
1686297600000,0.04964,0.05085,0.04961,0.05066
1686312000000,0.05066,0.05097,0.04981,0.04997
1686326400000,0.04997,0.05021,0.04898,0.04904
1686340800000,0.04904,0.0502,0.04904,0.0499
1686355200000,0.0499,0.05006,0.04727,0.04727
1686369600000,0.04727,0.04743,0.0399,0.04389
1686384000000,0.04389,0.0448,0.04348,0.04475
1686398400000,0.04475,0.04487,0.04261,0.04298
1686412800000,0.04298,0.04471,0.04253,0.04427
1686427200000,0.04427,0.0448,0.0438,0.04423
1686441600000,0.04423,0.04464,0.04361,0.04411
1686456000000,0.04411,0.04417,0.04345,0.0437
1686470400000,0.0437,0.04395,0.04316,0.04318
1686484800000,0.04318,0.04337,0.04219,0.0426
1686499200000,0.0426,0.04396,0.04256,0.04381
1686513600000,0.04381,0.04416,0.04286,0.0436
1686528000000,0.0436,0.04383,0.04235,0.04249
1686542400000,0.04249,0.04288,0.04169,0.04185
1686556800000,0.04185,0.0445,0.04173,0.04418
1686571200000,0.04418,0.04428,0.04343,0.04374
1686585600000,0.04374,0.04449,0.04318,0.04446
1686600000000,0.04446,0.04461,0.04388,0.04397
1686614400000,0.04397,0.04523,0.04372,0.04502
1686628800000,0.04502,0.04669,0.04445,0.04612
1686643200000,0.04612,0.04667,0.04509,0.04578
1686657600000,0.04578,0.04717,0.04436,0.04443
1686672000000,0.04443,0.04562,0.04435,0.04501
1686686400000,0.04501,0.04519,0.0446,0.04503
1686700800000,0.04503,0.04575,0.04472,0.04557
1686715200000,0.04557,0.04567,0.04467,0.04479
1686729600000,0.04479,0.04536,0.04475,0.04518
1686744000000,0.04518,0.04606,0.04518,0.04602
1686758400000,0.04602,0.04654,0.04539,0.04571
1686772800000,0.04571,0.04578,0.04321,0.04412
1686787200000,0.04412,0.0453,0.04406,0.04457
1686801600000,0.04457,0.04464,0.04343,0.04352
1686816000000,0.04352,0.04388,0.04297,0.04379
1686830400000,0.04379,0.04448,0.04368,0.04409
1686844800000,0.04409,0.04508,0.04335,0.04497
1686859200000,0.04497,0.04558,0.04447,0.04474
1686873600000,0.04474,0.04502,0.04429,0.04499
1686888000000,0.04499,0.04502,0.04448,0.04456
1686902400000,0.04456,0.04485,0.04366,0.04381
1686916800000,0.04381,0.04454,0.0436,0.04447
1686931200000,0.04447,0.04554,0.04409,0.04492
1686945600000,0.04492,0.04518,0.04476,0.04506
1686960000000,0.04506,0.04551,0.04476,0.04548
1686974400000,0.04548,0.04711,0.0454,0.04633
1686988800000,0.04633,0.04656,0.0459,0.04597
1687003200000,0.04597,0.04638,0.04574,0.04604
1687017600000,0.04604,0.04656,0.04586,0.04626
1687032000000,0.04626,0.04669,0.04616,0.0463
1687046400000,0.0463,0.04657,0.04587,0.04646
1687060800000,0.04646,0.04664,0.04606,0.04615
1687075200000,0.04615,0.04658,0.04591,0.04654
1687089600000,0.04654,0.04722,0.04622,0.04693
1687104000000,0.04693,0.04743,0.04675,0.04724
1687118400000,0.04724,0.04728,0.04549,0.04581
1687132800000,0.04581,0.04596,0.04518,0.04545
1687147200000,0.04545,0.04587,0.04527,0.04577
1687161600000,0.04577,0.04662,0.0454,0.04635
1687176000000,0.04635,0.04701,0.04603,0.04638
1687190400000,0.04638,0.04741,0.04587,0.04736
1687204800000,0.04736,0.04799,0.04732,0.04757
1687219200000,0.04757,0.04785,0.04709,0.04719
1687233600000,0.04719,0.04735,0.0465,0.04679
1687248000000,0.04679,0.0468,0.04628,0.04671
1687262400000,0.04671,0.04681,0.04577,0.04643
1687276800000,0.04643,0.04985,0.04628,0.04945
1687291200000,0.04945,0.05003,0.0493,0.04995
1687305600000,0.04995,0.05135,0.04974,0.05078
1687320000000,0.05078,0.05102,0.05003,0.05013
1687334400000,0.05013,0.05049,0.04963,0.05015
1687348800000,0.05015,0.05124,0.04942,0.0505
1687363200000,0.0505,0.05191,0.05035,0.05131
1687377600000,0.05131,0.05237,0.05097,0.05145
1687392000000,0.05145,0.05323,0.05144,0.05257
1687406400000,0.05257,0.0526,0.05126,0.05208
1687420800000,0.05208,0.05223,0.04964,0.05059
1687435200000,0.05059,0.05155,0.0499,0.05057
1687449600000,0.05057,0.05097,0.05007,0.05062
1687464000000,0.05062,0.05062,0.04959,0.04963
1687478400000,0.04963,0.05039,0.0496,0.05017
1687492800000,0.05017,0.05071,0.05005,0.0504
1687507200000,0.0504,0.0511,0.05015,0.05059
1687521600000,0.05059,0.0528,0.04951,0.0527
1687536000000,0.0527,0.05321,0.05135,0.05181
1687550400000,0.05181,0.05217,0.05071,0.05119
1687564800000,0.05119,0.05164,0.05054,0.05137
1687579200000,0.05137,0.05173,0.05094,0.05107
1687593600000,0.05107,0.05157,0.05097,0.05148
1687608000000,0.05148,0.05166,0.0498,0.05001
1687622400000,0.05001,0.05053,0.04933,0.05047
1687636800000,0.05047,0.05115,0.04976,0.05101
1687651200000,0.05101,0.05145,0.05055,0.05081
1687665600000,0.05081,0.05147,0.05007,0.05091
1687680000000,0.05091,0.05205,0.05076,0.05134
1687694400000,0.05134,0.05157,0.05002,0.0512
1687708800000,0.0512,0.05239,0.05087,0.05103
1687723200000,0.05103,0.05145,0.05074,0.05101
1687737600000,0.05101,0.05113,0.04969,0.05036
1687752000000,0.05036,0.05114,0.04893,0.05063
1687766400000,0.05063,0.0516,0.05053,0.05079
1687780800000,0.05079,0.05148,0.05022,0.05074
1687795200000,0.05074,0.0509,0.04907,0.04973
1687809600000,0.04973,0.04977,0.04808,0.04876
1687824000000,0.04876,0.04961,0.04854,0.04943
1687838400000,0.04943,0.04973,0.04874,0.04944
1687852800000,0.04944,0.04986,0.04891,0.04986
1687867200000,0.04986,0.05044,0.04892,0.04907
1687881600000,0.04907,0.05018,0.04897,0.04994
1687896000000,0.04994,0.05026,0.04953,0.0498
1687910400000,0.0498,0.04987,0.04837,0.04909
1687924800000,0.04909,0.04912,0.04747,0.04772
1687939200000,0.04772,0.0487,0.04752,0.04796
1687953600000,0.04796,0.04852,0.04753,0.04821
1687968000000,0.04821,0.04837,0.04511,0.04595
1687982400000,0.04595,0.04674,0.04563,0.04612
1687996800000,0.04612,0.04667,0.04604,0.04645
1688011200000,0.04645,0.0472,0.04627,0.04707
1688025600000,0.04707,0.04775,0.04668,0.04769
1688040000000,0.04769,0.0479,0.04691,0.04694
1688054400000,0.04694,0.04715,0.04625,0.04663
1688068800000,0.04663,0.04674,0.04587,0.04639
1688083200000,0.04639,0.04784,0.04571,0.0476
1688097600000,0.0476,0.04863,0.04725,0.04832
1688112000000,0.04832,0.04913,0.04823,0.04901
1688126400000,0.04901,0.04926,0.04383,0.04671
1688140800000,0.04671,0.04884,0.04643,0.04826
1688155200000,0.04826,0.04957,0.04823,0.04947
1688169600000,0.04947,0.05057,0.04932,0.04972
1688184000000,0.04972,0.05047,0.04889,0.05031
1688198400000,0.05031,0.05093,0.0497,0.05087
1688212800000,0.05087,0.05162,0.05038,0.05089
1688227200000,0.05089,0.05125,0.05044,0.05075
1688241600000,0.05075,0.05152,0.0507,0.05152
1688256000000,0.05152,0.05169,0.05021,0.05051
1688270400000,0.05051,0.05108,0.05021,0.05092
1688284800000,0.05092,0.05127,0.0505,0.05077
1688299200000,0.05077,0.05113,0.04974,0.05071
1688313600000,0.05071,0.05101,0.04985,0.05037
1688328000000,0.05037,0.05124,0.04997,0.05086
1688342400000,0.05086,0.05203,0.05043,0.05175
1688356800000,0.05175,0.05189,0.05081,0.05169
1688371200000,0.05169,0.05208,0.05126,0.05181
1688385600000,0.05181,0.05268,0.05141,0.05254
1688400000000,0.05254,0.05267,0.05176,0.05227
1688414400000,0.05227,0.05259,0.05181,0.05242
1688428800000,0.05242,0.05301,0.05133,0.05276
1688443200000,0.05276,0.05298,0.0517,0.05177
1688457600000,0.05177,0.05248,0.05153,0.05234
1688472000000,0.05234,0.05235,0.0514,0.05182
1688486400000,0.05182,0.05229,0.05087,0.05123
1688500800000,0.05123,0.0522,0.05118,0.05159
1688515200000,0.05159,0.05237,0.05125,0.0522
1688529600000,0.0522,0.05292,0.05194,0.05286
1688544000000,0.05286,0.05289,0.05054,0.05073
1688558400000,0.05073,0.05134,0.04897,0.0492
1688572800000,0.0492,0.05004,0.04862,0.0491
1688587200000,0.0491,0.04971,0.0489,0.04945
1688601600000,0.04945,0.04955,0.04845,0.04955
1688616000000,0.04955,0.05026,0.04889,0.05
1688630400000,0.05,0.05127,0.04976,0.05013
1688644800000,0.05013,0.05028,0.04802,0.04929
1688659200000,0.04929,0.04968,0.04758,0.04781
1688673600000,0.04781,0.04835,0.04751,0.04754
1688688000000,0.04754,0.04821,0.04704,0.04813
1688702400000,0.04813,0.04822,0.04733,0.04751
1688716800000,0.04751,0.04792,0.04719,0.04763
1688731200000,0.04763,0.04825,0.0472,0.04806
1688745600000,0.04806,0.04813,0.04727,0.04772
1688760000000,0.04772,0.04787,0.0474,0.04785
1688774400000,0.04785,0.04854,0.04776,0.04802
1688788800000,0.04802,0.04806,0.04731,0.0477
1688803200000,0.0477,0.04883,0.04755,0.04792
1688817600000,0.04792,0.04803,0.04735,0.04743
1688832000000,0.04743,0.04778,0.0466,0.04677
1688846400000,0.04677,0.04773,0.04671,0.0477
1688860800000,0.0477,0.0483,0.04743,0.04797
1688875200000,0.04797,0.04798,0.0473,0.04747
1688889600000,0.04747,0.04779,0.04726,0.04754
1688904000000,0.04754,0.0477,0.0471,0.0474
1688918400000,0.0474,0.04747,0.0472,0.04732
1688932800000,0.04732,0.04735,0.04668,0.0468
1688947200000,0.0468,0.04684,0.04548,0.04627
1688961600000,0.04627,0.04713,0.04603,0.0464
1688976000000,0.0464,0.04729,0.04615,0.04721
1688990400000,0.04721,0.04765,0.04697,0.0475
1689004800000,0.0475,0.04851,0.04733,0.04851
1689019200000,0.04851,0.04908,0.04759,0.0481
1689033600000,0.0481,0.04866,0.04768,0.04863
1689048000000,0.04863,0.04897,0.04837,0.04862
1689062400000,0.04862,0.04863,0.04801,0.04841
1689076800000,0.04841,0.04856,0.04786,0.04818
1689091200000,0.04818,0.04821,0.04751,0.04787
1689105600000,0.04787,0.04817,0.04751,0.04807
1689120000000,0.04807,0.04854,0.04803,0.04824
1689134400000,0.04824,0.04868,0.04796,0.04845
1689148800000,0.04845,0.04853,0.04819,0.04837
1689163200000,0.04837,0.04915,0.04823,0.04837
1689177600000,0.04837,0.04868,0.04772,0.04786
1689192000000,0.04786,0.0489,0.04781,0.04882
1689206400000,0.04882,0.04932,0.04805,0.04812
1689220800000,0.04812,0.04883,0.04798,0.04858
1689235200000,0.04858,0.04952,0.04841,0.04929
1689249600000,0.04929,0.05115,0.04895,0.05067
1689264000000,0.05067,0.05279,0.05051,0.05251
1689278400000,0.05251,0.05286,0.05134,0.05265
1689292800000,0.05265,0.05337,0.05229,0.05274
1689307200000,0.05274,0.0534,0.05222,0.0525
1689321600000,0.0525,0.05338,0.05204,0.05265
1689336000000,0.05265,0.05417,0.05217,0.05405
1689350400000,0.05405,0.05483,0.05005,0.05045
1689364800000,0.05045,0.05155,0.05026,0.05148
1689379200000,0.05148,0.05155,0.05061,0.05081
1689393600000,0.05081,0.0523,0.05076,0.05212
1689408000000,0.05212,0.05232,0.05158,0.05186
1689422400000,0.05186,0.05226,0.05131,0.05144
1689436800000,0.05144,0.05178,0.05088,0.05157
1689451200000,0.05157,0.05157,0.05097,0.05147
1689465600000,0.05147,0.05167,0.0503,0.05086
1689480000000,0.05086,0.05116,0.05056,0.05104
1689494400000,0.05104,0.05127,0.05056,0.05105
1689508800000,0.05105,0.05147,0.05081,0.05113
1689523200000,0.05113,0.0512,0.05015,0.05022
1689537600000,0.05022,0.05055,0.04956,0.0499
1689552000000,0.0499,0.05089,0.04939,0.05087
1689566400000,0.05087,0.05114,0.05057,0.05103
1689580800000,0.05103,0.05144,0.04928,0.05028
1689595200000,0.05028,0.05123,0.04986,0.05058
1689609600000,0.05058,0.05086,0.04916,0.05011
1689624000000,0.05011,0.051,0.04984,0.05092
1689638400000,0.05092,0.05141,0.05068,0.05072
1689652800000,0.05072,0.05078,0.04986,0.05025
1689667200000,0.05025,0.05061,0.04964,0.04972
1689681600000,0.04972,0.05027,0.0495,0.04996
1689696000000,0.04996,0.05021,0.04862,0.0494
1689710400000,0.0494,0.04989,0.04937,0.04978
1689724800000,0.04978,0.05056,0.04948,0.05044
1689739200000,0.05044,0.05077,0.05005,0.05017
1689753600000,0.05017,0.05026,0.04956,0.05023
1689768000000,0.05023,0.05036,0.04963,0.05025
1689782400000,0.05025,0.0505,0.04987,0.05035
1689796800000,0.05035,0.05035,0.04925,0.04968
1689811200000,0.04968,0.05028,0.04954,0.05007
1689825600000,0.05007,0.05083,0.04999,0.05073
1689840000000,0.05073,0.05234,0.05055,0.0521
1689854400000,0.0521,0.05221,0.05002,0.05073
1689868800000,0.05073,0.05115,0.04984,0.0505
1689883200000,0.0505,0.05084,0.04995,0.0507
1689897600000,0.0507,0.05098,0.05023,0.05088
1689912000000,0.05088,0.05097,0.05017,0.05028
1689926400000,0.05028,0.05072,0.05022,0.05057
1689940800000,0.05057,0.0514,0.05052,0.05102
1689955200000,0.05102,0.0516,0.05065,0.05123
1689969600000,0.05123,0.05149,0.05098,0.05111
1689984000000,0.05111,0.05182,0.05111,0.05168
1689998400000,0.05168,0.05194,0.05132,0.05161
1690012800000,0.05161,0.05169,0.05083,0.05119
1690027200000,0.05119,0.05129,0.05092,0.0512
1690041600000,0.0512,0.05163,0.05101,0.05125
1690056000000,0.05125,0.05206,0.05071,0.05127
1690070400000,0.05127,0.05172,0.05071,0.05166
1690084800000,0.05166,0.05243,0.05153,0.052
1690099200000,0.052,0.05233,0.05188,0.05198
1690113600000,0.05198,0.05344,0.05194,0.05256
1690128000000,0.05256,0.05445,0.05241,0.05327
1690142400000,0.05327,0.05356,0.05267,0.05321
1690156800000,0.05321,0.05368,0.05212,0.05232
1690171200000,0.05232,0.05272,0.05181,0.05227
1690185600000,0.05227,0.05231,0.04886,0.0504
1690200000000,0.0504,0.05089,0.04976,0.05015
1690214400000,0.05015,0.05041,0.04975,0.05006
1690228800000,0.05006,0.05055,0.04979,0.05046
1690243200000,0.05046,0.05058,0.04979,0.0502
1690257600000,0.0502,0.05044,0.04982,0.05
1690272000000,0.05,0.05046,0.04984,0.05026
1690286400000,0.05026,0.05079,0.05001,0.05048
1690300800000,0.05048,0.05071,0.04996,0.05
1690315200000,0.05,0.05042,0.04994,0.05032
1690329600000,0.05032,0.05061,0.04955,0.05029
1690344000000,0.05029,0.05064,0.05003,0.05043
1690358400000,0.05043,0.05114,0.05038,0.05057
1690372800000,0.05057,0.05088,0.05028,0.05081
1690387200000,0.05081,0.05185,0.0501,0.05123
1690401600000,0.05123,0.05157,0.05083,0.05097
1690416000000,0.05097,0.05149,0.05048,0.05129
1690430400000,0.05129,0.05148,0.051,0.05122
1690444800000,0.05122,0.05156,0.05086,0.05097
1690459200000,0.05097,0.05099,0.05017,0.05039
1690473600000,0.05039,0.05047,0.04931,0.04955
1690488000000,0.04955,0.04989,0.04935,0.04971
1690502400000,0.04971,0.05013,0.04952,0.04973
1690516800000,0.04973,0.04997,0.04943,0.04961
1690531200000,0.04961,0.0501,0.04934,0.0499
1690545600000,0.0499,0.05054,0.04985,0.05023
1690560000000,0.05023,0.05037,0.04969,0.05009
1690574400000,0.05009,0.05025,0.05,0.05008
1690588800000,0.05008,0.05035,0.04988,0.05004
1690603200000,0.05004,0.0502,0.04992,0.05005
1690617600000,0.05005,0.05011,0.04987,0.05001
1690632000000,0.05001,0.05034,0.04998,0.05014
1690646400000,0.05014,0.05033,0.04992,0.05026
1690660800000,0.05026,0.0504,0.0501,0.05024
1690675200000,0.05024,0.0503,0.05009,0.05009
1690689600000,0.05009,0.05015,0.04981,0.04991
1690704000000,0.04991,0.04995,0.04961,0.04971
1690718400000,0.04971,0.05002,0.04955,0.04979
1690732800000,0.04979,0.04993,0.04835,0.04876
1690747200000,0.04876,0.04889,0.04751,0.04884
1690761600000,0.04884,0.04923,0.04853,0.04899
1690776000000,0.04899,0.04915,0.04865,0.04881
1690790400000,0.04881,0.04889,0.04854,0.04876
1690804800000,0.04876,0.04878,0.04775,0.04785
1690819200000,0.04785,0.04838,0.04743,0.04759
1690833600000,0.04759,0.04787,0.04698,0.04769
1690848000000,0.04769,0.04792,0.04568,0.04697
1690862400000,0.04697,0.04754,0.04689,0.0473
1690876800000,0.0473,0.04765,0.0471,0.04719
1690891200000,0.04719,0.04758,0.04672,0.04743
1690905600000,0.04743,0.04795,0.04722,0.04776
1690920000000,0.04776,0.04851,0.04755,0.0485
1690934400000,0.0485,0.04883,0.04825,0.0483
1690948800000,0.0483,0.04849,0.04794,0.04805
1690963200000,0.04805,0.04808,0.04741,0.04774
1690977600000,0.04774,0.04778,0.04678,0.04722
1690992000000,0.04722,0.04738,0.04651,0.04716
1691006400000,0.04716,0.04728,0.04689,0.04696
1691020800000,0.04696,0.04756,0.04683,0.04734
1691035200000,0.04734,0.04745,0.04695,0.04698
1691049600000,0.04698,0.0474,0.04675,0.04719
1691064000000,0.04719,0.04756,0.04689,0.04717
1691078400000,0.04717,0.04753,0.04703,0.04711
1691092800000,0.04711,0.0474,0.04666,0.04696
1691107200000,0.04696,0.04741,0.04689,0.04727
1691121600000,0.04727,0.04731,0.0469,0.04711
1691136000000,0.04711,0.04718,0.04681,0.04695
1691150400000,0.04695,0.0476,0.0469,0.04729
1691164800000,0.04729,0.04739,0.04662,0.0468
1691179200000,0.0468,0.04703,0.04613,0.04679
1691193600000,0.04679,0.0469,0.04638,0.04679
1691208000000,0.04679,0.04711,0.04655,0.04683
1691222400000,0.04683,0.04701,0.04674,0.04685
1691236800000,0.04685,0.04722,0.04681,0.04722
1691251200000,0.04722,0.04739,0.04699,0.04704
1691265600000,0.04704,0.0476,0.04699,0.0475
1691280000000,0.0475,0.04786,0.0473,0.04741
1691294400000,0.04741,0.04752,0.0472,0.04727
1691308800000,0.04727,0.04748,0.04705,0.04717
1691323200000,0.04717,0.04727,0.04688,0.04703
1691337600000,0.04703,0.04736,0.04691,0.04729
1691352000000,0.04729,0.04741,0.04698,0.04713
1691366400000,0.04713,0.04771,0.04692,0.04716
1691380800000,0.04716,0.04727,0.04675,0.04705
1691395200000,0.04705,0.04721,0.04677,0.0471
1691409600000,0.0471,0.04714,0.04609,0.04627
1691424000000,0.04627,0.04652,0.04558,0.04631
1691438400000,0.04631,0.04656,0.04619,0.04647
1691452800000,0.04647,0.04647,0.04582,0.04598
1691467200000,0.04598,0.0463,0.04584,0.04624
1691481600000,0.04624,0.04683,0.04614,0.04647
1691496000000,0.04647,0.0468,0.04626,0.04661
1691510400000,0.04661,0.04768,0.04652,0.04699
1691524800000,0.04699,0.04745,0.0468,0.04691
1691539200000,0.04691,0.04731,0.04667,0.04683
1691553600000,0.04683,0.04723,0.04677,0.04718
1691568000000,0.04718,0.04727,0.0469,0.04709
1691582400000,0.04709,0.04769,0.04706,0.0471
1691596800000,0.0471,0.04722,0.04641,0.04656
1691611200000,0.04656,0.04703,0.04628,0.0469
1691625600000,0.0469,0.04705,0.04675,0.04678
1691640000000,0.04678,0.0468,0.04655,0.04668
1691654400000,0.04668,0.04695,0.04663,0.0467
1691668800000,0.0467,0.04725,0.04667,0.04687
1691683200000,0.04687,0.04703,0.04678,0.047
1691697600000,0.047,0.04719,0.04696,0.04714
1691712000000,0.04714,0.04727,0.04677,0.04692
1691726400000,0.04692,0.04725,0.04692,0.04713
1691740800000,0.04713,0.04731,0.04699,0.04731
1691755200000,0.04731,0.04768,0.0472,0.04733
1691769600000,0.04733,0.04758,0.04728,0.04746
1691784000000,0.04746,0.0476,0.04745,0.04751
1691798400000,0.04751,0.04785,0.04737,0.04772
1691812800000,0.04772,0.0479,0.04752,0.04771
1691827200000,0.04771,0.04782,0.04765,0.04779
1691841600000,0.04779,0.04799,0.04752,0.04759
1691856000000,0.04759,0.04772,0.04724,0.04726
1691870400000,0.04726,0.0476,0.04717,0.04748
1691884800000,0.04748,0.04773,0.04723,0.04767
1691899200000,0.04767,0.04768,0.0473,0.0475
1691913600000,0.0475,0.04772,0.04728,0.04735
1691928000000,0.04735,0.04751,0.04712,0.04731
1691942400000,0.04731,0.0478,0.04712,0.0478
1691956800000,0.0478,0.04785,0.04694,0.04723
1691971200000,0.04723,0.04759,0.04694,0.04742
1691985600000,0.04742,0.04798,0.04732,0.04766
1692000000000,0.04766,0.0483,0.04762,0.04794
1692014400000,0.04794,0.04862,0.04771,0.04831
1692028800000,0.04831,0.04849,0.04757,0.04758
1692043200000,0.04758,0.04788,0.04738,0.04788
1692057600000,0.04788,0.04798,0.04736,0.04743
1692072000000,0.04743,0.04752,0.04715,0.04731
1692086400000,0.04731,0.04757,0.0471,0.04714
1692100800000,0.04714,0.0478,0.04703,0.04739
1692115200000,0.04739,0.04752,0.04416,0.04561
1692129600000,0.04561,0.04609,0.04539,0.04567
1692144000000,0.04567,0.04598,0.04553,0.0456
1692158400000,0.0456,0.04566,0.04474,0.04515
1692172800000,0.04515,0.04515,0.04411,0.04451
1692187200000,0.04451,0.04451,0.04323,0.04362
1692201600000,0.04362,0.044,0.04329,0.04336
1692216000000,0.04336,0.0434,0.04102,0.04274
1692230400000,0.04274,0.04322,0.04197,0.04316
1692244800000,0.04316,0.04355,0.04293,0.04328
1692259200000,0.04328,0.04328,0.04281,0.04305
1692273600000,0.04305,0.04366,0.04196,0.04223
1692288000000,0.04223,0.04327,0.04183,0.04292
1692302400000,0.04292,0.04295,0.03598,0.04043
1692316800000,0.04043,0.0416,0.0403,0.04142
1692331200000,0.04142,0.04176,0.0408,0.04154
1692345600000,0.04154,0.04173,0.04125,0.04157
1692360000000,0.04157,0.0416,0.04102,0.04107
1692374400000,0.04107,0.04138,0.04035,0.0407
1692388800000,0.0407,0.04121,0.04068,0.0411
1692403200000,0.0411,0.04171,0.04095,0.04116
1692417600000,0.04116,0.04134,0.04089,0.04128
1692432000000,0.04128,0.04148,0.04106,0.0411
1692446400000,0.0411,0.04137,0.04079,0.04134
1692460800000,0.04134,0.04168,0.04116,0.04135
1692475200000,0.04135,0.04151,0.04105,0.04149
1692489600000,0.04149,0.04178,0.04139,0.04164
1692504000000,0.04164,0.04176,0.04132,0.04154
1692518400000,0.04154,0.04203,0.04146,0.0419
1692532800000,0.0419,0.04198,0.04125,0.04136
1692547200000,0.04136,0.04159,0.0411,0.04146
1692561600000,0.04146,0.04175,0.04132,0.04144
1692576000000,0.04144,0.04171,0.04122,0.04126
1692590400000,0.04126,0.04144,0.04067,0.04077
1692604800000,0.04077,0.04078,0.03992,0.04039
1692619200000,0.04039,0.04079,0.03929,0.03983
1692633600000,0.03983,0.04042,0.03981,0.04018
1692648000000,0.04018,0.04044,0.04016,0.04018
1692662400000,0.04018,0.04037,0.04009,0.04025
1692676800000,0.04025,0.04045,0.04007,0.04031
1692691200000,0.04031,0.04033,0.0397,0.03975
1692705600000,0.03975,0.03992,0.03932,0.03946
1692720000000,0.03946,0.03972,0.03859,0.03905
1692734400000,0.03905,0.04021,0.03841,0.04001
1692748800000,0.04001,0.0403,0.03991,0.03997
1692763200000,0.03997,0.04058,0.03991,0.04025
1692777600000,0.04025,0.04039,0.03995,0.04012
1692792000000,0.04012,0.04077,0.03993,0.04076
1692806400000,0.04076,0.04162,0.04068,0.04132
1692820800000,0.04132,0.04147,0.04069,0.0413
1692835200000,0.0413,0.04139,0.04114,0.04132
1692849600000,0.04132,0.04152,0.04117,0.04141
1692864000000,0.04141,0.04145,0.04109,0.04115
1692878400000,0.04115,0.04117,0.04028,0.04034
1692892800000,0.04034,0.04065,0.04001,0.04004
1692907200000,0.04004,0.04025,0.03953,0.04018
1692921600000,0.04018,0.04018,0.03902,0.03942
1692936000000,0.03942,0.03978,0.03915,0.03958
1692950400000,0.03958,0.03993,0.03952,0.03987
1692964800000,0.03987,0.04028,0.03953,0.03996
1692979200000,0.03996,0.04033,0.03977,0.03992
1692993600000,0.03992,0.04017,0.03988,0.04017
1693008000000,0.04017,0.04063,0.04009,0.04061
1693022400000,0.04061,0.04079,0.04045,0.04066
1693036800000,0.04066,0.04079,0.04052,0.0407
1693051200000,0.0407,0.04073,0.0404,0.04059
1693065600000,0.04059,0.04061,0.04016,0.04028
1693080000000,0.04028,0.04037,0.04004,0.0401
1693094400000,0.0401,0.04023,0.03986,0.03998
1693108800000,0.03998,0.04009,0.03993,0.04001
1693123200000,0.04001,0.04032,0.04001,0.04016
1693137600000,0.04016,0.04024,0.03997,0.04003
1693152000000,0.04003,0.04017,0.03976,0.04007
1693166400000,0.04007,0.04017,0.03991,0.04009
1693180800000,0.04009,0.04017,0.03953,0.03983
1693195200000,0.03983,0.04002,0.03938,0.03992
1693209600000,0.03992,0.04001,0.03953,0.0399
1693224000000,0.0399,0.04072,0.03989,0.04055
1693238400000,0.04055,0.04058,0.0402,0.04046
1693252800000,0.04046,0.04072,0.04019,0.04058
1693267200000,0.04058,0.0409,0.0403,0.04044
1693281600000,0.04044,0.04044,0.04006,0.04006
1693296000000,0.04006,0.04029,0.0397,0.03997
1693310400000,0.03997,0.0428,0.03995,0.04251
1693324800000,0.04251,0.04325,0.04236,0.04257
1693339200000,0.04257,0.04272,0.04222,0.04243
1693353600000,0.04243,0.04247,0.04178,0.04218
1693368000000,0.04218,0.04231,0.04187,0.04202
1693382400000,0.04202,0.04214,0.0417,0.04175
1693396800000,0.04175,0.04214,0.04099,0.04149
1693411200000,0.04149,0.04149,0.04116,0.04125
1693425600000,0.04125,0.04146,0.0412,0.04136
1693440000000,0.04136,0.04143,0.04092,0.04099
1693454400000,0.04099,0.04127,0.04099,0.04103
1693468800000,0.04103,0.04127,0.04075,0.04107
1693483200000,0.04107,0.04108,0.03991,0.04033
1693497600000,0.04033,0.04036,0.03877,0.03976
1693512000000,0.03976,0.03982,0.03923,0.03963
1693526400000,0.03963,0.03995,0.03958,0.03981
1693540800000,0.03981,0.03984,0.03941,0.03954
1693555200000,0.03954,0.03964,0.03924,0.03932
1693569600000,0.03932,0.03946,0.03839,0.03874
1693584000000,0.03874,0.03916,0.03821,0.03904
1693598400000,0.03904,0.03931,0.03867,0.03887
1693612800000,0.03887,0.03913,0.0388,0.03912
1693627200000,0.03912,0.0393,0.03903,0.03915
1693641600000,0.03915,0.03937,0.03891,0.0393
1693656000000,0.0393,0.03963,0.03909,0.03944
1693670400000,0.03944,0.03951,0.039,0.03948
1693684800000,0.03948,0.03973,0.03934,0.0397
1693699200000,0.0397,0.03972,0.03936,0.03963
1693713600000,0.03963,0.03979,0.03947,0.03968
1693728000000,0.03968,0.03976,0.03952,0.0397
1693742400000,0.0397,0.0399,0.03949,0.03951
1693756800000,0.03951,0.03965,0.03913,0.03965
1693771200000,0.03965,0.03975,0.03937,0.03961
1693785600000,0.03961,0.04064,0.03959,0.0403
1693800000000,0.0403,0.04044,0.0401,0.04022
1693814400000,0.04022,0.04041,0.03982,0.03987
1693828800000,0.03987,0.04003,0.03939,0.03985
1693843200000,0.03985,0.0401,0.03974,0.03987
1693857600000,0.03987,0.03997,0.03942,0.03977
1693872000000,0.03977,0.03992,0.03943,0.03966
1693886400000,0.03966,0.03991,0.03964,0.03974
1693900800000,0.03974,0.04021,0.03969,0.04017
1693915200000,0.04017,0.04072,0.03995,0.04061
1693929600000,0.04061,0.0409,0.04042,0.0407
1693944000000,0.0407,0.04087,0.04053,0.04071
1693958400000,0.04071,0.04095,0.04027,0.04031
1693972800000,0.04031,0.0404,0.04003,0.04004
1693987200000,0.04004,0.04036,0.03983,0.03996
1694001600000,0.03996,0.04014,0.03963,0.03996
1694016000000,0.03996,0.04078,0.03935,0.04009
1694030400000,0.04009,0.04033,0.04,0.04011
1694044800000,0.04011,0.04026,0.03993,0.04026
1694059200000,0.04026,0.04027,0.03996,0.04013
1694073600000,0.04013,0.04014,0.03976,0.03981
1694088000000,0.03981,0.04027,0.03972,0.04022
1694102400000,0.04022,0.0405,0.04008,0.04023
1694116800000,0.04023,0.04068,0.04021,0.04048
1694131200000,0.04048,0.04074,0.04019,0.0404
1694145600000,0.0404,0.04054,0.04023,0.04045
1694160000000,0.04045,0.04045,0.03948,0.04
1694174400000,0.04,0.0402,0.03988,0.04002
1694188800000,0.04002,0.04024,0.03992,0.04024
1694203200000,0.04024,0.04038,0.04019,0.04031
1694217600000,0.04031,0.04031,0.04005,0.04013
1694232000000,0.04013,0.04022,0.03993,0.04002
1694246400000,0.04002,0.04013,0.03995,0.04003
1694260800000,0.04003,0.04024,0.03988,0.04017
1694275200000,0.04017,0.04025,0.0399,0.04001
1694289600000,0.04001,0.04015,0.03999,0.04003
1694304000000,0.04003,0.04006,0.03949,0.03958
1694318400000,0.03958,0.03958,0.03784,0.0391
1694332800000,0.0391,0.03912,0.03883,0.03887
1694347200000,0.03887,0.03906,0.03839,0.03885
1694361600000,0.03885,0.03888,0.03823,0.03861
1694376000000,0.03861,0.03905,0.03853,0.03865
1694390400000,0.03865,0.03885,0.03802,0.03842
1694404800000,0.03842,0.03855,0.03822,0.03834
1694419200000,0.03834,0.03836,0.03678,0.03749
1694433600000,0.03749,0.03791,0.03725,0.0378
1694448000000,0.0378,0.03787,0.03675,0.03698
1694462400000,0.03698,0.03749,0.03688,0.03748
1694476800000,0.03748,0.03873,0.03742,0.03847
1694491200000,0.03847,0.03862,0.03783,0.03803
1694505600000,0.03803,0.03897,0.03792,0.03858
1694520000000,0.03858,0.03865,0.03794,0.03806
1694534400000,0.03806,0.03861,0.03768,0.03808
1694548800000,0.03808,0.03828,0.03797,0.038
1694563200000,0.038,0.03836,0.03787,0.03805
1694577600000,0.03805,0.03897,0.038,0.03841
1694592000000,0.03841,0.03901,0.03833,0.03897
1694606400000,0.03897,0.03947,0.03859,0.03922
1694620800000,0.03922,0.03937,0.03876,0.03894
1694635200000,0.03894,0.03946,0.03894,0.0392
1694649600000,0.0392,0.03984,0.03908,0.03929
1694664000000,0.03929,0.03935,0.03885,0.03929
1694678400000,0.03929,0.03999,0.03911,0.03981
1694692800000,0.03981,0.04028,0.0398,0.03999
1694707200000,0.03999,0.04018,0.03973,0.04012
1694721600000,0.04012,0.04012,0.03971,0.03978
1694736000000,0.03978,0.04045,0.03963,0.04018
1694750400000,0.04018,0.0405,0.0399,0.03997
1694764800000,0.03997,0.04016,0.03982,0.03989
1694779200000,0.03989,0.04008,0.03976,0.03996
1694793600000,0.03996,0.04042,0.03996,0.04036
1694808000000,0.04036,0.04117,0.04028,0.04081
1694822400000,0.04081,0.04174,0.04081,0.04119
1694836800000,0.04119,0.04128,0.04081,0.04096
1694851200000,0.04096,0.04119,0.04075,0.04104
1694865600000,0.04104,0.04119,0.04042,0.04057
1694880000000,0.04057,0.04083,0.04042,0.04049
1694894400000,0.04049,0.04078,0.04034,0.04055
1694908800000,0.04055,0.04059,0.0398,0.04045
1694923200000,0.04045,0.04062,0.04014,0.04015
1694937600000,0.04015,0.04078,0.04006,0.04067
1694952000000,0.04067,0.04073,0.04047,0.04053
1694966400000,0.04053,0.04053,0.03968,0.03995
1694980800000,0.03995,0.04001,0.03916,0.03994
1694995200000,0.03994,0.0415,0.03957,0.04136
1695009600000,0.04136,0.04231,0.04136,0.04181
1695024000000,0.04181,0.04291,0.04171,0.04233
1695038400000,0.04233,0.04239,0.04164,0.04172
1695052800000,0.04172,0.04189,0.04098,0.04159
1695067200000,0.04159,0.04182,0.04138,0.04162
1695081600000,0.04162,0.04228,0.04147,0.04228
1695096000000,0.04228,0.04275,0.04216,0.04247
1695110400000,0.04247,0.04336,0.04241,0.04332
1695124800000,0.04332,0.04414,0.04307,0.04394
1695139200000,0.04394,0.04406,0.04262,0.04289
1695153600000,0.04289,0.04342,0.04266,0.04327
1695168000000,0.04327,0.04389,0.04286,0.04317
1695182400000,0.04317,0.04333,0.04259,0.04297
1695196800000,0.04297,0.04337,0.04281,0.04298
1695211200000,0.04298,0.04357,0.0428,0.04325
1695225600000,0.04325,0.04444,0.04291,0.04338
1695240000000,0.04338,0.04401,0.04326,0.04326
1695254400000,0.04326,0.04454,0.04323,0.04453
1695268800000,0.04453,0.04469,0.04347,0.04367
1695283200000,0.04367,0.04374,0.0422,0.04258
1695297600000,0.04258,0.04327,0.04229,0.04313
1695312000000,0.04313,0.04332,0.04294,0.04324
1695326400000,0.04324,0.04324,0.04256,0.04283
1695340800000,0.04283,0.04326,0.04222,0.04323
1695355200000,0.04323,0.04331,0.04249,0.0427
1695369600000,0.0427,0.04319,0.0427,0.04317
1695384000000,0.04317,0.0432,0.0428,0.04281
1695398400000,0.04281,0.04291,0.04239,0.04248
1695412800000,0.04248,0.04287,0.04234,0.04276
1695427200000,0.04276,0.04315,0.04198,0.04217
1695441600000,0.04217,0.04259,0.04203,0.04247
1695456000000,0.04247,0.04254,0.04224,0.04236
1695470400000,0.04236,0.04239,0.04187,0.042
1695484800000,0.042,0.04223,0.0418,0.04218
1695499200000,0.04218,0.0422,0.04185,0.04198
1695513600000,0.04198,0.04202,0.04165,0.04167
1695528000000,0.04167,0.04171,0.04141,0.04151
1695542400000,0.04151,0.04193,0.04151,0.04193
1695556800000,0.04193,0.04219,0.04167,0.04183
1695571200000,0.04183,0.04211,0.04139,0.04149
1695585600000,0.04149,0.04176,0.04101,0.04123
1695600000000,0.04123,0.04186,0.04084,0.04156
1695614400000,0.04156,0.04179,0.04129,0.04169
1695628800000,0.04169,0.0418,0.04131,0.04137
1695643200000,0.04137,0.04145,0.04106,0.04136
1695657600000,0.04136,0.04158,0.04102,0.04117
1695672000000,0.04117,0.04128,0.04069,0.04099
1695686400000,0.04099,0.04158,0.04088,0.04135
1695700800000,0.04135,0.04144,0.04111,0.04121
1695715200000,0.04121,0.04125,0.04075,0.041
1695729600000,0.041,0.04109,0.04063,0.04095
1695744000000,0.04095,0.0413,0.04068,0.04118
1695758400000,0.04118,0.04138,0.04069,0.04133
1695772800000,0.04133,0.04171,0.04107,0.0414
1695787200000,0.0414,0.0414,0.04096,0.04106
1695801600000,0.04106,0.04193,0.04085,0.04185
1695816000000,0.04185,0.04194,0.04029,0.04064
1695830400000,0.04064,0.0407,0.04016,0.04053
1695844800000,0.04053,0.04124,0.04034,0.04123
1695859200000,0.04123,0.04157,0.04113,0.04131
1695873600000,0.04131,0.04158,0.04103,0.04155
1695888000000,0.04155,0.04175,0.04126,0.04141
1695902400000,0.04141,0.04182,0.04127,0.04156
1695916800000,0.04156,0.04183,0.04111,0.04155
1695931200000,0.04155,0.04167,0.04108,0.04158
1695945600000,0.04158,0.04173,0.04127,0.04161
1695960000000,0.04161,0.04178,0.04139,0.04175
1695974400000,0.04175,0.0419,0.04154,0.04158
1695988800000,0.04158,0.04163,0.04098,0.04146
1696003200000,0.04146,0.04152,0.04117,0.04145
1696017600000,0.04145,0.04192,0.04133,0.04183
1696032000000,0.04183,0.04258,0.04175,0.04216
1696046400000,0.04216,0.0423,0.04167,0.04177
1696060800000,0.04177,0.04184,0.04165,0.04168
1696075200000,0.04168,0.04203,0.04163,0.04164
1696089600000,0.04164,0.04182,0.04153,0.04153
1696104000000,0.04153,0.04214,0.04151,0.04165
1696118400000,0.04165,0.04199,0.0415,0.04193
1696132800000,0.04193,0.0424,0.04193,0.04223
1696147200000,0.04223,0.04311,0.04213,0.04302
1696161600000,0.04302,0.04348,0.04292,0.04316
1696176000000,0.04316,0.04319,0.04241,0.04278
1696190400000,0.04278,0.04424,0.04263,0.04374
1696204800000,0.04374,0.04407,0.04351,0.04393
1696219200000,0.04393,0.04393,0.04328,0.04369
1696233600000,0.04369,0.044,0.04323,0.04327
1696248000000,0.04327,0.04337,0.04224,0.04246
1696262400000,0.04246,0.04266,0.04114,0.042
1696276800000,0.042,0.042,0.04125,0.04164
1696291200000,0.04164,0.04211,0.04154,0.04182
1696305600000,0.04182,0.0424,0.04182,0.04206
1696320000000,0.04206,0.0424,0.04168,0.04186
1696334400000,0.04186,0.04193,0.04098,0.04114
1696348800000,0.04114,0.04152,0.04092,0.04122
1696363200000,0.04122,0.04149,0.041,0.04118
1696377600000,0.04118,0.04119,0.03965,0.04067
1696392000000,0.04067,0.04101,0.04045,0.0409
1696406400000,0.0409,0.04132,0.04081,0.04101
1696420800000,0.04101,0.04123,0.04067,0.04077
1696435200000,0.04077,0.04132,0.04061,0.04109
1696449600000,0.04109,0.04149,0.04099,0.04121
1696464000000,0.04121,0.04168,0.04088,0.04106
1696478400000,0.04106,0.04133,0.04088,0.04092
1696492800000,0.04092,0.04146,0.0409,0.04107
1696507200000,0.04107,0.04131,0.04036,0.04075
1696521600000,0.04075,0.04092,0.04052,0.04085
1696536000000,0.04085,0.04112,0.04076,0.04077
1696550400000,0.04077,0.04112,0.04077,0.04093
1696564800000,0.04093,0.04097,0.04059,0.04075
1696579200000,0.04075,0.04139,0.04075,0.04121
1696593600000,0.04121,0.04138,0.0407,0.04131
1696608000000,0.04131,0.04158,0.04097,0.04132
1696622400000,0.04132,0.04159,0.04109,0.04112
1696636800000,0.04112,0.0412,0.04081,0.04096
1696651200000,0.04096,0.04134,0.04092,0.04129
1696665600000,0.04129,0.04141,0.0411,0.04117
1696680000000,0.04117,0.04155,0.04115,0.04121
1696694400000,0.04121,0.04127,0.04097,0.04102
1696708800000,0.04102,0.04134,0.041,0.04124
1696723200000,0.04124,0.04133,0.04103,0.04125
1696737600000,0.04125,0.04125,0.04096,0.04116
1696752000000,0.04116,0.0413,0.04058,0.04067
1696766400000,0.04067,0.04133,0.04067,0.04132
1696780800000,0.04132,0.04176,0.04109,0.04129
1696795200000,0.04129,0.04157,0.0411,0.04133
1696809600000,0.04133,0.04151,0.04111,0.04148
1696824000000,0.04148,0.04175,0.04114,0.04126
1696838400000,0.04126,0.04128,0.03978,0.04018
1696852800000,0.04018,0.04052,0.04,0.04002
1696867200000,0.04002,0.0402,0.03923,0.04006
1696881600000,0.04006,0.0403,0.03984,0.04022
1696896000000,0.04022,0.04041,0.03999,0.04006
1696910400000,0.04006,0.04031,0.03988,0.04018
1696924800000,0.04018,0.04032,0.03994,0.04
1696939200000,0.04,0.0403,0.03988,0.03995
1696953600000,0.03995,0.04023,0.03981,0.04007
1696968000000,0.04007,0.04011,0.03962,0.04006
1696982400000,0.04006,0.04018,0.03921,0.03952
1696996800000,0.03952,0.04003,0.03951,0.04
1697011200000,0.04,0.04023,0.03972,0.04013
1697025600000,0.04013,0.04013,0.0394,0.03972
1697040000000,0.03972,0.04038,0.03955,0.04031
1697054400000,0.04031,0.04045,0.04011,0.04036
1697068800000,0.04036,0.04038,0.03978,0.03997
1697083200000,0.03997,0.04015,0.03991,0.03999
1697097600000,0.03999,0.04021,0.0394,0.04013
1697112000000,0.04013,0.0402,0.03989,0.04003
1697126400000,0.04003,0.04005,0.03957,0.03983
1697140800000,0.03983,0.04007,0.03965,0.03991
1697155200000,0.03991,0.04021,0.03986,0.03986
1697169600000,0.03986,0.04037,0.03986,0.0402
1697184000000,0.0402,0.04047,0.04015,0.04033
1697198400000,0.04033,0.04052,0.04003,0.04005
1697212800000,0.04005,0.04031,0.03984,0.03988
1697227200000,0.03988,0.04059,0.03988,0.0402
1697241600000,0.0402,0.04054,0.04017,0.04032
1697256000000,0.04032,0.04036,0.04007,0.04017
1697270400000,0.04017,0.0404,0.04013,0.0402
1697284800000,0.0402,0.04058,0.04014,0.04055
1697299200000,0.04055,0.04058,0.04032,0.04038
1697313600000,0.04038,0.04038,0.04008,0.04013
1697328000000,0.04013,0.04064,0.04004,0.04046
1697342400000,0.04046,0.04064,0.04042,0.04051
1697356800000,0.04051,0.04064,0.04037,0.04042
1697371200000,0.04042,0.0405,0.0402,0.04034
1697385600000,0.04034,0.04069,0.04029,0.04056
1697400000000,0.04056,0.04092,0.04049,0.04067
1697414400000,0.04067,0.04119,0.04062,0.04115
1697428800000,0.04115,0.04198,0.04115,0.04161
1697443200000,0.04161,0.0418,0.04139,0.04158
1697457600000,0.04158,0.04314,0.04109,0.04113
1697472000000,0.04113,0.04147,0.04108,0.04134
1697486400000,0.04134,0.04212,0.04127,0.0421
1697500800000,0.0421,0.04212,0.04157,0.04157
1697515200000,0.04157,0.04188,0.04143,0.04187
1697529600000,0.04187,0.04201,0.0416,0.0416
1697544000000,0.0416,0.04162,0.04015,0.04069
1697558400000,0.04069,0.04074,0.04001,0.04035
1697572800000,0.04035,0.04041,0.04008,0.04031
1697587200000,0.04031,0.0404,0.03996,0.04018
1697601600000,0.04018,0.04074,0.04005,0.04033
1697616000000,0.04033,0.04044,0.03989,0.03997
1697630400000,0.03997,0.04026,0.03997,0.04013
1697644800000,0.04013,0.04026,0.03986,0.04005
1697659200000,0.04005,0.04039,0.03995,0.04023
1697673600000,0.04023,0.04037,0.03961,0.04002
1697688000000,0.04002,0.04028,0.03989,0.04009
1697702400000,0.04009,0.04022,0.03983,0.04005
1697716800000,0.04005,0.04025,0.03988,0.03997
1697731200000,0.03997,0.04024,0.03989,0.04018
1697745600000,0.04018,0.04032,0.03991,0.0401
1697760000000,0.0401,0.04085,0.04001,0.04061
1697774400000,0.04061,0.04095,0.04058,0.04076
1697788800000,0.04076,0.04153,0.04076,0.04092
1697803200000,0.04092,0.04127,0.04074,0.04092
1697817600000,0.04092,0.04094,0.04054,0.04072
1697832000000,0.04072,0.04079,0.04052,0.04061
1697846400000,0.04061,0.04087,0.04056,0.04076
1697860800000,0.04076,0.04121,0.04073,0.0412
1697875200000,0.0412,0.0414,0.04098,0.04133
1697889600000,0.04133,0.04224,0.04121,0.04221
1697904000000,0.04221,0.04258,0.04176,0.04194
1697918400000,0.04194,0.04259,0.04175,0.04209
1697932800000,0.04209,0.04239,0.04175,0.04186
1697947200000,0.04186,0.04271,0.04094,0.04192
1697961600000,0.04192,0.04202,0.0412,0.04145
1697976000000,0.04145,0.04177,0.04116,0.04129
1697990400000,0.04129,0.04187,0.04124,0.04161
1698004800000,0.04161,0.04226,0.04141,0.04213
1698019200000,0.04213,0.04318,0.04194,0.04304
1698033600000,0.04304,0.0432,0.04209,0.04239
1698048000000,0.04239,0.04301,0.04209,0.04282
1698062400000,0.04282,0.04309,0.04239,0.04294
1698076800000,0.04294,0.04386,0.0427,0.04376
1698091200000,0.04376,0.04538,0.04352,0.04498
1698105600000,0.04498,0.04661,0.04475,0.04509
1698120000000,0.04509,0.04658,0.04496,0.04585
1698134400000,0.04585,0.0477,0.04583,0.04769
1698148800000,0.04769,0.04953,0.04477,0.04657
1698163200000,0.04657,0.048,0.04584,0.04722
1698177600000,0.04722,0.04836,0.04654,0.04794
1698192000000,0.04794,0.04865,0.047,0.04716
1698206400000,0.04716,0.04843,0.04665,0.04708
1698220800000,0.04708,0.04925,0.04667,0.04884
1698235200000,0.04884,0.04999,0.0481,0.04996
1698249600000,0.04996,0.05126,0.04958,0.05034
1698264000000,0.05034,0.05107,0.04969,0.05102
1698278400000,0.05102,0.0521,0.0504,0.05182
1698292800000,0.05182,0.05313,0.05048,0.05308
1698307200000,0.05308,0.0536,0.05069,0.05121
1698321600000,0.05121,0.05206,0.04888,0.0502
1698336000000,0.0502,0.0512,0.04975,0.05099
1698350400000,0.05099,0.05147,0.05077,0.05105
1698364800000,0.05105,0.05107,0.04958,0.05078
1698379200000,0.05078,0.05117,0.05002,0.05042
1698393600000,0.05042,0.05176,0.05031,0.05133
1698408000000,0.05133,0.05244,0.05101,0.05176
1698422400000,0.05176,0.05188,0.05022,0.05123
1698436800000,0.05123,0.05139,0.05065,0.05079
1698451200000,0.05079,0.05207,0.05067,0.05203
1698465600000,0.05203,0.05239,0.05136,0.05164
1698480000000,0.05164,0.05216,0.05132,0.0519
1698494400000,0.0519,0.05245,0.05128,0.05199
1698508800000,0.05199,0.05206,0.05144,0.0515
1698523200000,0.0515,0.05201,0.05125,0.05141
1698537600000,0.05141,0.05159,0.0504,0.05083
1698552000000,0.05083,0.05173,0.05072,0.05169
1698566400000,0.05169,0.05226,0.05167,0.05208
1698580800000,0.05208,0.05272,0.05187,0.05207
1698595200000,0.05207,0.05243,0.05164,0.05197
1698609600000,0.05197,0.05336,0.05184,0.05255
1698624000000,0.05255,0.0532,0.05237,0.05282
1698638400000,0.05282,0.05428,0.05202,0.05209
1698652800000,0.05209,0.05353,0.05198,0.05291
1698667200000,0.05291,0.05333,0.05235,0.05261
1698681600000,0.05261,0.05261,0.05034,0.05216
1698696000000,0.05216,0.05226,0.05161,0.05175
1698710400000,0.05175,0.05277,0.05143,0.0515
1698724800000,0.0515,0.05205,0.0505,0.05061
1698739200000,0.05061,0.05188,0.04982,0.05163
1698753600000,0.05163,0.05178,0.04818,0.04939
1698768000000,0.04939,0.05035,0.04904,0.04994
1698782400000,0.04994,0.05081,0.04989,0.05074
1698796800000,0.05074,0.05102,0.04999,0.0501
1698811200000,0.0501,0.0504,0.04915,0.05011
1698825600000,0.05011,0.05051,0.0496,0.05006
1698840000000,0.05006,0.05197,0.04972,0.05081
1698854400000,0.05081,0.05496,0.05057,0.05471
1698868800000,0.05471,0.05795,0.05469,0.05782
1698883200000,0.05782,0.0585,0.05631,0.05792
1698897600000,0.05792,0.05797,0.05566,0.05704
1698912000000,0.05704,0.06008,0.0562,0.05929
1698926400000,0.05929,0.06037,0.05531,0.05606
1698940800000,0.05606,0.05825,0.05502,0.05804
1698955200000,0.05804,0.05824,0.05659,0.05687
1698969600000,0.05687,0.0569,0.05488,0.05624
1698984000000,0.05624,0.05982,0.05576,0.05837
1698998400000,0.05837,0.05929,0.05706,0.05917
1699012800000,0.05917,0.06232,0.05811,0.06186
1699027200000,0.06186,0.06362,0.06042,0.06341
1699041600000,0.06341,0.06448,0.06288,0.06395
1699056000000,0.06395,0.06485,0.06253,0.06467
1699070400000,0.06467,0.06789,0.06348,0.06715
1699084800000,0.06715,0.07194,0.0659,0.06988
1699099200000,0.06988,0.06994,0.06576,0.06745
1699113600000,0.06745,0.07028,0.06686,0.06962
1699128000000,0.06962,0.07104,0.06831,0.06999
1699142400000,0.06999,0.07049,0.06838,0.06883
1699156800000,0.06883,0.06887,0.0675,0.06799
1699171200000,0.06799,0.06868,0.06686,0.06825
1699185600000,0.06825,0.06878,0.06554,0.06779
1699200000000,0.06779,0.06897,0.06735,0.06761
1699214400000,0.06761,0.06879,0.06603,0.0684
1699228800000,0.0684,0.07006,0.06818,0.06885
1699243200000,0.06885,0.06898,0.06672,0.06712
1699257600000,0.06712,0.06932,0.06661,0.06927
1699272000000,0.06927,0.07122,0.06855,0.07069
1699286400000,0.07069,0.07246,0.06913,0.07223
1699300800000,0.07223,0.07256,0.07047,0.07098
1699315200000,0.07098,0.07112,0.06812,0.06927
1699329600000,0.06927,0.07025,0.06842,0.06981
1699344000000,0.06981,0.07054,0.06769,0.06794
1699358400000,0.06794,0.06822,0.06336,0.06414
1699372800000,0.06414,0.06728,0.06215,0.06643
1699387200000,0.06643,0.06755,0.06565,0.06597
1699401600000,0.06597,0.06602,0.06464,0.06523
1699416000000,0.06523,0.06586,0.06454,0.06518
1699430400000,0.06518,0.06523,0.06379,0.06467
1699444800000,0.06467,0.06616,0.0641,0.06514
1699459200000,0.06514,0.06658,0.06508,0.06602
1699473600000,0.06602,0.06629,0.0649,0.06562
1699488000000,0.06562,0.06807,0.06499,0.06801
1699502400000,0.06801,0.07172,0.0679,0.07063
1699516800000,0.07063,0.07234,0.07015,0.07086
1699531200000,0.07086,0.07168,0.06893,0.06977
1699545600000,0.06977,0.07027,0.05775,0.06612
1699560000000,0.06612,0.06877,0.06402,0.06874
1699574400000,0.06874,0.07003,0.06818,0.06886
1699588800000,0.06886,0.07211,0.06871,0.07071
1699603200000,0.07071,0.07484,0.06869,0.07422
1699617600000,0.07422,0.07517,0.0713,0.07313
1699632000000,0.07313,0.07389,0.07189,0.07289
1699646400000,0.07289,0.0753,0.07231,0.07433
1699660800000,0.07433,0.07461,0.07141,0.07212
1699675200000,0.07212,0.07365,0.07057,0.07269
1699689600000,0.07269,0.07397,0.07227,0.07281
1699704000000,0.07281,0.07458,0.07229,0.07336
1699718400000,0.07336,0.07632,0.07278,0.07609
1699732800000,0.07609,0.07775,0.07206,0.07546
1699747200000,0.07546,0.07569,0.07163,0.07442
1699761600000,0.07442,0.07714,0.07291,0.07711
1699776000000,0.07711,0.07803,0.07505,0.0755
1699790400000,0.0755,0.07596,0.07378,0.07477
1699804800000,0.07477,0.07508,0.07303,0.07422
1699819200000,0.07422,0.07596,0.07381,0.07501
1699833600000,0.07501,0.07656,0.0725,0.07309
1699848000000,0.07309,0.07382,0.07207,0.07324
1699862400000,0.07324,0.07396,0.07074,0.07125
1699876800000,0.07125,0.07228,0.06932,0.07177
1699891200000,0.07177,0.07283,0.07024,0.07157
1699905600000,0.07157,0.07186,0.06817,0.06874
1699920000000,0.06874,0.06974,0.06689,0.06932
1699934400000,0.06932,0.07272,0.06903,0.07251
1699948800000,0.07251,0.07487,0.06909,0.07043
1699963200000,0.07043,0.07252,0.06959,0.07065
1699977600000,0.07065,0.07155,0.06575,0.06787
1699992000000,0.06787,0.06947,0.06761,0.06927
1700006400000,0.06927,0.07041,0.06907,0.06919
1700020800000,0.06919,0.07144,0.06919,0.07127
1700035200000,0.07127,0.07301,0.07044,0.07301
1700049600000,0.07301,0.07316,0.07073,0.07166
1700064000000,0.07166,0.07299,0.07012,0.07288
1700078400000,0.07288,0.07297,0.07113,0.0721
1700092800000,0.0721,0.07359,0.07171,0.07228
1700107200000,0.07228,0.07353,0.07143,0.07265
1700121600000,0.07265,0.07299,0.06997,0.07015
1700136000000,0.07015,0.07015,0.06705,0.06779
1700150400000,0.06779,0.06879,0.06577,0.06756
1700164800000,0.06756,0.06786,0.06596,0.0669
1700179200000,0.0669,0.06929,0.06649,0.06854
1700193600000,0.06854,0.06883,0.0668,0.06693
1700208000000,0.06693,0.06838,0.06546,0.06585
1700222400000,0.06585,0.06752,0.06311,0.06333
1700236800000,0.06333,0.06626,0.06326,0.06513
1700251200000,0.06513,0.06646,0.06465,0.06625
1700265600000,0.06625,0.06625,0.06416,0.06423
1700280000000,0.06423,0.06496,0.06172,0.06384
1700294400000,0.06384,0.06469,0.0635,0.06379
1700308800000,0.06379,0.06608,0.06299,0.06604
1700323200000,0.06604,0.06878,0.06578,0.0679
1700337600000,0.0679,0.06837,0.0668,0.06784
1700352000000,0.06784,0.0682,0.06628,0.06811
1700366400000,0.06811,0.06931,0.06756,0.06881
1700380800000,0.06881,0.07017,0.06838,0.07011
1700395200000,0.07011,0.07121,0.06891,0.07116
1700409600000,0.07116,0.07221,0.07033,0.07188
1700424000000,0.07188,0.0743,0.07188,0.07399
1700438400000,0.07399,0.07425,0.07267,0.07325
1700452800000,0.07325,0.07351,0.07231,0.07284
1700467200000,0.07284,0.07541,0.07279,0.07339
1700481600000,0.07339,0.07442,0.07139,0.07379
1700496000000,0.07379,0.07404,0.07128,0.07135
1700510400000,0.07135,0.07207,0.06984,0.07053
1700524800000,0.07053,0.07225,0.06974,0.0705
1700539200000,0.0705,0.07194,0.06951,0.06967
1700553600000,0.06967,0.07125,0.0693,0.06944
1700568000000,0.06944,0.07006,0.06626,0.06856
1700582400000,0.06856,0.07011,0.06507,0.0668
1700596800000,0.0668,0.06787,0.06366,0.06374
1700611200000,0.06374,0.06626,0.06361,0.06613
1700625600000,0.06613,0.06798,0.06555,0.06713
1700640000000,0.06713,0.06841,0.06683,0.06683
1700654400000,0.06683,0.0697,0.06676,0.069
1700668800000,0.069,0.07117,0.06739,0.06986
1700683200000,0.06986,0.07131,0.06967,0.07113
1700697600000,0.07113,0.07213,0.07059,0.07091
1700712000000,0.07091,0.0713,0.07036,0.07074
1700726400000,0.07074,0.07118,0.06931,0.06966
1700740800000,0.06966,0.07025,0.0687,0.06886
1700755200000,0.06886,0.07163,0.06882,0.07033
1700769600000,0.07033,0.07139,0.07018,0.071
1700784000000,0.071,0.07231,0.071,0.07149
1700798400000,0.07149,0.07322,0.07099,0.07314
1700812800000,0.07314,0.07431,0.07246,0.07321
1700827200000,0.07321,0.07578,0.07245,0.07482
1700841600000,0.07482,0.07547,0.07325,0.07373
1700856000000,0.07373,0.07524,0.07297,0.07366
1700870400000,0.07366,0.07553,0.07309,0.07514
1700884800000,0.07514,0.07561,0.07435,0.07535
1700899200000,0.07535,0.07546,0.07274,0.07332
1700913600000,0.07332,0.07418,0.07328,0.07388
1700928000000,0.07388,0.07565,0.07372,0.07516
1700942400000,0.07516,0.0781,0.0746,0.07777
1700956800000,0.07777,0.0834,0.07777,0.07891
1700971200000,0.07891,0.07966,0.07804,0.07915
1700985600000,0.07915,0.08233,0.07804,0.08123
1701000000000,0.08123,0.08286,0.07985,0.08079
1701014400000,0.08079,0.08211,0.07784,0.07976
1701028800000,0.07976,0.08226,0.07955,0.0809
1701043200000,0.0809,0.08302,0.08051,0.08288
1701057600000,0.08288,0.08388,0.07871,0.07972
1701072000000,0.07972,0.0799,0.07661,0.07756
1701086400000,0.07756,0.07935,0.07712,0.078
1701100800000,0.078,0.07966,0.07758,0.07823
1701115200000,0.07823,0.08228,0.07735,0.0822
1701129600000,0.0822,0.08402,0.08122,0.08256
1701144000000,0.08256,0.08331,0.08005,0.08031
1701158400000,0.08031,0.08375,0.07972,0.08288
1701172800000,0.08288,0.08683,0.08233,0.08608
1701187200000,0.08608,0.0869,0.08468,0.08683
1701201600000,0.08683,0.08685,0.08477,0.0851
1701216000000,0.0851,0.08799,0.08481,0.08715
1701230400000,0.08715,0.08725,0.08522,0.08582
1701244800000,0.08582,0.08696,0.08329,0.08365
1701259200000,0.08365,0.08561,0.08318,0.08462
1701273600000,0.08462,0.08692,0.08365,0.08599
1701288000000,0.08599,0.08607,0.08467,0.08502
1701302400000,0.08502,0.08798,0.08439,0.08771
1701316800000,0.08771,0.08905,0.0854,0.08571
1701331200000,0.08571,0.08722,0.08474,0.08707
1701345600000,0.08707,0.08851,0.08616,0.08653
1701360000000,0.08653,0.08747,0.08576,0.08709
1701374400000,0.08709,0.08803,0.0868,0.08747
1701388800000,0.08747,0.08917,0.08627,0.08691
1701403200000,0.08691,0.0871,0.08514,0.08552
1701417600000,0.08552,0.08664,0.08504,0.08636
1701432000000,0.08636,0.08647,0.08435,0.08435
1701446400000,0.08435,0.08593,0.08329,0.0844
1701460800000,0.0844,0.08455,0.08248,0.08298
1701475200000,0.08298,0.08345,0.08168,0.08327
1701489600000,0.08327,0.0851,0.08292,0.08467
1701504000000,0.08467,0.0856,0.08399,0.08427
1701518400000,0.08427,0.0845,0.0833,0.08386
1701532800000,0.08386,0.08612,0.08319,0.08546
1701547200000,0.08546,0.08756,0.08544,0.08661
1701561600000,0.08661,0.08767,0.08603,0.08765
1701576000000,0.08765,0.08795,0.0851,0.0858
1701590400000,0.0858,0.08586,0.08434,0.08469
1701604800000,0.08469,0.0866,0.08371,0.08526
1701619200000,0.08526,0.08551,0.08409,0.08427
1701633600000,0.08427,0.08636,0.08375,0.08454
1701648000000,0.08454,0.08717,0.08418,0.08646
1701662400000,0.08646,0.08864,0.08563,0.08766
1701676800000,0.08766,0.08884,0.08046,0.08428
1701691200000,0.08428,0.08507,0.0807,0.08129
1701705600000,0.08129,0.08284,0.08106,0.08258
1701720000000,0.08258,0.08355,0.08167,0.08345
1701734400000,0.08345,0.0843,0.08156,0.08222
1701748800000,0.08222,0.08324,0.08055,0.08179
1701763200000,0.08179,0.08216,0.0803,0.08145
1701777600000,0.08145,0.08316,0.08049,0.0829
1701792000000,0.0829,0.08399,0.08144,0.08318
1701806400000,0.08318,0.08319,0.08092,0.08214
1701820800000,0.08214,0.0831,0.08056,0.08131
1701835200000,0.08131,0.08205,0.0788,0.08065
1701849600000,0.08065,0.08141,0.07816,0.07955
1701864000000,0.07955,0.08191,0.07908,0.08181
1701878400000,0.08181,0.08347,0.08164,0.0823
1701892800000,0.0823,0.08249,0.0792,0.07971
1701907200000,0.07971,0.08096,0.07971,0.0804
1701921600000,0.0804,0.08167,0.08029,0.08143
1701936000000,0.08143,0.08185,0.07793,0.07925
1701950400000,0.07925,0.08271,0.07906,0.08169
1701964800000,0.08169,0.08322,0.08023,0.08073
1701979200000,0.08073,0.08257,0.08031,0.08192
1701993600000,0.08192,0.0834,0.08131,0.08317
1702008000000,0.08317,0.08371,0.08214,0.08275
1702022400000,0.08275,0.08522,0.08225,0.08452
1702036800000,0.08452,0.08652,0.08397,0.08536
1702051200000,0.08536,0.08633,0.08424,0.08445
1702065600000,0.08445,0.08626,0.08429,0.08554
1702080000000,0.08554,0.08794,0.08554,0.08732
1702094400000,0.08732,0.0884,0.0868,0.08822
1702108800000,0.08822,0.08974,0.08571,0.0871
1702123200000,0.0871,0.0877,0.08522,0.08699
1702137600000,0.08699,0.08721,0.0848,0.08599
1702152000000,0.08599,0.08704,0.08353,0.08488
1702166400000,0.08488,0.0867,0.08482,0.08648
1702180800000,0.08648,0.08731,0.08544,0.08616
1702195200000,0.08616,0.08647,0.08325,0.08359
1702209600000,0.08359,0.08491,0.08347,0.08456
1702224000000,0.08456,0.08555,0.08332,0.08537
1702238400000,0.08537,0.08715,0.08456,0.08521
1702252800000,0.08521,0.08535,0.07301,0.07959
1702267200000,0.07959,0.08026,0.07854,0.07953
1702281600000,0.07953,0.08196,0.07894,0.08196
1702296000000,0.08196,0.08219,0.0791,0.08022
1702310400000,0.08022,0.08055,0.07682,0.07901
1702324800000,0.07901,0.08024,0.07851,0.08004
1702339200000,0.08004,0.08237,0.07992,0.08084
1702353600000,0.08084,0.08154,0.07952,0.08148
1702368000000,0.08148,0.08216,0.08094,0.0811
1702382400000,0.0811,0.08293,0.0799,0.08067
1702396800000,0.08067,0.08202,0.07862,0.08089
1702411200000,0.08089,0.08186,0.0799,0.08156
1702425600000,0.08156,0.08198,0.0777,0.07854
1702440000000,0.07854,0.08219,0.07814,0.07952
1702454400000,0.07952,0.07984,0.07685,0.07711
1702468800000,0.07711,0.08117,0.07701,0.08078
1702483200000,0.08078,0.08258,0.07941,0.08243
1702497600000,0.08243,0.08362,0.08192,0.0829
1702512000000,0.0829,0.08496,0.08256,0.08416
1702526400000,0.08416,0.0871,0.08396,0.08648
1702540800000,0.08648,0.08675,0.0847,0.08628
1702555200000,0.08628,0.08645,0.08146,0.08432
1702569600000,0.08432,0.08799,0.08419,0.08771
1702584000000,0.08771,0.09496,0.08676,0.09347
1702598400000,0.09347,0.09628,0.09199,0.09437
1702612800000,0.09437,0.09797,0.09331,0.0964
1702627200000,0.0964,0.09704,0.09357,0.09547
1702641600000,0.09547,0.09669,0.091,0.09222
1702656000000,0.09222,0.09367,0.0896,0.09051
1702670400000,0.09051,0.09122,0.08706,0.08748
1702684800000,0.08748,0.08994,0.08554,0.08991
1702699200000,0.08991,0.09117,0.08842,0.09055
1702713600000,0.09055,0.09144,0.08973,0.09083
1702728000000,0.09083,0.0957,0.09062,0.09461
1702742400000,0.09461,0.09531,0.09068,0.09114
1702756800000,0.09114,0.09245,0.09031,0.09068
1702771200000,0.09068,0.0912,0.08927,0.08954
1702785600000,0.08954,0.09068,0.08767,0.08805
1702800000000,0.08805,0.08946,0.08779,0.08897
1702814400000,0.08897,0.09038,0.08677,0.09031
1702828800000,0.09031,0.09116,0.08923,0.09019
1702843200000,0.09019,0.09237,0.08867,0.08946
1702857600000,0.08946,0.09096,0.08361,0.08518
1702872000000,0.08518,0.08579,0.08313,0.08372
1702886400000,0.08372,0.08444,0.0803,0.08295
1702900800000,0.08295,0.08553,0.08187,0.08382
1702915200000,0.08382,0.08652,0.08334,0.08627
1702929600000,0.08627,0.08963,0.08606,0.08936
1702944000000,0.08936,0.09045,0.0885,0.08903
1702958400000,0.08903,0.08919,0.08759,0.08809
1702972800000,0.08809,0.0948,0.08789,0.09267
1702987200000,0.09267,0.09661,0.09253,0.09636
1703001600000,0.09636,0.09857,0.09337,0.09739
1703016000000,0.09739,0.09777,0.09476,0.09699
1703030400000,0.09699,0.09858,0.09363,0.09544
1703044800000,0.09544,0.10445,0.09531,0.09954
1703059200000,0.09954,0.10062,0.09703,0.09866
1703073600000,0.09866,0.09988,0.09653,0.09734
1703088000000,0.09734,0.09789,0.09417,0.09443
1703102400000,0.09443,0.09461,0.09191,0.09312
1703116800000,0.09312,0.09485,0.09253,0.09361
1703131200000,0.09361,0.09565,0.0932,0.09464
1703145600000,0.09464,0.09772,0.09397,0.09754
1703160000000,0.09754,0.10366,0.09736,0.1033
1703174400000,0.1033,0.10606,0.10134,0.1051
1703188800000,0.1051,0.11197,0.10385,0.10994
1703203200000,0.10994,0.11505,0.10871,0.11288
1703217600000,0.11288,0.11974,0.11176,0.11857
1703232000000,0.11857,0.12211,0.11622,0.12069
1703246400000,0.12069,0.12472,0.11738,0.11819
1703260800000,0.11819,0.12176,0.11636,0.11782
1703275200000,0.11782,0.12027,0.11692,0.12017
1703289600000,0.12017,0.12028,0.11461,0.11544
1703304000000,0.11544,0.11876,0.11493,0.11834
1703318400000,0.11834,0.12206,0.11683,0.11838
1703332800000,0.11838,0.12243,0.11759,0.11814
1703347200000,0.11814,0.1185,0.11484,0.11672
1703361600000,0.11672,0.11718,0.11322,0.11503
1703376000000,0.11503,0.11648,0.11325,0.11454
1703390400000,0.11454,0.11728,0.1127,0.11565
1703404800000,0.11565,0.12118,0.11519,0.12101
1703419200000,0.12101,0.1399,0.1197,0.13416
1703433600000,0.13416,0.14156,0.13195,0.13959
1703448000000,0.13959,0.1399,0.13123,0.13437
1703462400000,0.13437,0.13449,0.12694,0.13015
1703476800000,0.13015,0.13881,0.13011,0.13272
1703491200000,0.13272,0.13327,0.12919,0.12941
1703505600000,0.12941,0.13339,0.128,0.13076
1703520000000,0.13076,0.14044,0.13039,0.13417
1703534400000,0.13417,0.13914,0.13263,0.13378
1703548800000,0.13378,0.13657,0.13298,0.13525
1703563200000,0.13525,0.1401,0.13355,0.13764
1703577600000,0.13764,0.14727,0.13664,0.14375
1703592000000,0.14375,0.14954,0.13489,0.13528
1703606400000,0.13528,0.13913,0.11758,0.13901
1703620800000,0.13901,0.14147,0.13637,0.13797
1703635200000,0.13797,0.13863,0.13054,0.1321
1703649600000,0.1321,0.13524,0.12957,0.12964
1703664000000,0.12964,0.13626,0.12961,0.13305
1703678400000,0.13305,0.13458,0.13026,0.131
1703692800000,0.131,0.1346,0.12791,0.13378
1703707200000,0.13378,0.1373,0.13,0.13231
1703721600000,0.13231,0.13671,0.13187,0.13486
1703736000000,0.13486,0.13554,0.1292,0.13052
1703750400000,0.13052,0.13334,0.1282,0.12871
1703764800000,0.12871,0.12945,0.12356,0.12486
1703779200000,0.12486,0.13247,0.1242,0.13137
1703793600000,0.13137,0.13225,0.1269,0.12714
1703808000000,0.12714,0.13344,0.12316,0.13302
1703822400000,0.13302,0.13355,0.12863,0.12929
1703836800000,0.12929,0.13485,0.12903,0.13258
1703851200000,0.13258,0.13432,0.12618,0.12805
1703865600000,0.12805,0.13222,0.12479,0.13212
1703880000000,0.13212,0.1326,0.12602,0.12841
1703894400000,0.12841,0.13007,0.12672,0.12905
1703908800000,0.12905,0.13575,0.12904,0.13252
1703923200000,0.13252,0.13263,0.12924,0.13004
1703937600000,0.13004,0.13247,0.12733,0.12947
1703952000000,0.12947,0.13078,0.12653,0.12875
1703966400000,0.12875,0.13191,0.12847,0.12914
1703980800000,0.12914,0.1348,0.12887,0.13455
1703995200000,0.13455,0.13551,0.1321,0.13229
1704009600000,0.13229,0.14236,0.13029,0.14035
1704024000000,0.14035,0.14405,0.13716,0.14103
1704038400000,0.14103,0.14708,0.13924,0.1433
1704052800000,0.1433,0.14453,0.13445,0.13758
1704067200000,0.13758,0.13809,0.13449,0.13571
1704081600000,0.13571,0.13636,0.13267,0.13541
1704096000000,0.13541,0.13556,0.13283,0.13363
1704110400000,0.13363,0.13639,0.13237,0.13525
1704124800000,0.13525,0.14281,0.13397,0.14248
1704139200000,0.14248,0.14419,0.13876,0.1396
1704153600000,0.1396,0.14234,0.13796,0.13917
1704168000000,0.13917,0.14044,0.13705,0.13991
1704182400000,0.13991,0.1461,0.13958,0.14515
1704196800000,0.14515,0.14564,0.1358,0.13696
1704211200000,0.13696,0.139,0.13532,0.1364
1704225600000,0.1364,0.13736,0.1343,0.13491
1704240000000,0.13491,0.13705,0.1326,0.13332
1704254400000,0.13332,0.1353,0.13111,0.13184
1704268800000,0.13184,0.13532,0.12708,0.12842
1704283200000,0.12842,0.12862,0.09932,0.1239
1704297600000,0.1239,0.12509,0.118,0.12065
1704312000000,0.12065,0.12648,0.12042,0.12449
1704326400000,0.12449,0.13,0.1216,0.12991
1704340800000,0.12991,0.13078,0.12681,0.12708
1704355200000,0.12708,0.12869,0.12406,0.12693
1704369600000,0.12693,0.13619,0.12591,0.13456
1704384000000,0.13456,0.13542,0.12964,0.12969
1704398400000,0.12969,0.13168,0.12772,0.12861
1704412800000,0.12861,0.13005,0.12231,0.12595
1704427200000,0.12595,0.12625,0.12379,0.12401
1704441600000,0.12401,0.12505,0.12101,0.12189
1704456000000,0.12189,0.12348,0.11858,0.12025
1704470400000,0.12025,0.12248,0.11815,0.11902
1704484800000,0.11902,0.12419,0.11902,0.12347
1704499200000,0.12347,0.12371,0.11995,0.12086
1704513600000,0.12086,0.12143,0.1128,0.11694
1704528000000,0.11694,0.12197,0.11554,0.11795
1704542400000,0.11795,0.12663,0.11516,0.12414
1704556800000,0.12414,0.12513,0.11893,0.11992
1704571200000,0.11992,0.12153,0.1181,0.12024
1704585600000,0.12024,0.1222,0.11905,0.12015
1704600000000,0.12015,0.12424,0.11983,0.12239
1704614400000,0.12239,0.12343,0.11877,0.11897
1704628800000,0.11897,0.12057,0.11653,0.1174
1704643200000,0.1174,0.11821,0.11552,0.1176
1704657600000,0.1176,0.11871,0.112,0.1135
1704672000000,0.1135,0.1142,0.10596,0.1086
1704686400000,0.1086,0.11376,0.10781,0.11066
1704700800000,0.11066,0.11601,0.11043,0.1156
1704715200000,0.1156,0.11909,0.11538,0.11751
1704729600000,0.11751,0.12337,0.1161,0.12318
1704744000000,0.12318,0.12544,0.12153,0.12359
1704758400000,0.12359,0.12505,0.12107,0.12288
1704772800000,0.12288,0.1263,0.12169,0.12169
1704787200000,0.12169,0.1224,0.11753,0.11951
1704801600000,0.11951,0.12083,0.115,0.11696
1704816000000,0.11696,0.11793,0.11391,0.11573
1704830400000,0.11573,0.11755,0.1121,0.11665
1704844800000,0.11665,0.12122,0.11572,0.12103
1704859200000,0.12103,0.1215,0.11648,0.1168
1704873600000,0.1168,0.1211,0.115,0.11916
1704888000000,0.11916,0.11916,0.11303,0.11645
1704902400000,0.11645,0.12091,0.11545,0.11972
1704916800000,0.11972,0.13233,0.11609,0.12869
1704931200000,0.12869,0.13175,0.12803,0.13044
1704945600000,0.13044,0.1311,0.12529,0.12971
1704960000000,0.12971,0.13139,0.12778,0.13056
1704974400000,0.13056,0.13427,0.12535,0.12705
1704988800000,0.12705,0.12919,0.12303,0.12783
1705003200000,0.12783,0.12866,0.12406,0.12573
1705017600000,0.12573,0.12619,0.12238,0.12395
1705032000000,0.12395,0.12837,0.1234,0.12552
1705046400000,0.12552,0.12664,0.12354,0.12463
1705060800000,0.12463,0.12826,0.12142,0.12184
1705075200000,0.12184,0.12332,0.11625,0.11835
1705089600000,0.11835,0.1196,0.11021,0.11543
1705104000000,0.11543,0.116,0.1114,0.11381
1705118400000,0.11381,0.11505,0.11314,0.11371
1705132800000,0.11371,0.11453,0.11136,0.11259
1705147200000,0.11259,0.11481,0.11152,0.11397
1705161600000,0.11397,0.11448,0.11229,0.11387
1705176000000,0.11387,0.115,0.11322,0.11361
1705190400000,0.11361,0.11456,0.11234,0.11323
1705204800000,0.11323,0.11588,0.11216,0.11497
1705219200000,0.11497,0.1157,0.11318,0.11354
1705233600000,0.11354,0.11571,0.11285,0.11518
1705248000000,0.11518,0.11661,0.11205,0.11232
1705262400000,0.11232,0.11447,0.11029,0.11078
1705276800000,0.11078,0.11525,0.11065,0.11384
1705291200000,0.11384,0.115,0.11337,0.1135
1705305600000,0.1135,0.11481,0.11263,0.11397
1705320000000,0.11397,0.11513,0.1118,0.11265
1705334400000,0.11265,0.11643,0.11209,0.11552
1705348800000,0.11552,0.11683,0.11316,0.11461
1705363200000,0.11461,0.11807,0.11441,0.11791
1705377600000,0.11791,0.11969,0.11627,0.11918
1705392000000,0.11918,0.12099,0.11665,0.11802
1705406400000,0.11802,0.11856,0.11463,0.11805
1705420800000,0.11805,0.11916,0.11613,0.11724
1705435200000,0.11724,0.11866,0.11695,0.11795
1705449600000,0.11795,0.11931,0.11736,0.11855
1705464000000,0.11855,0.11864,0.11591,0.11615
1705478400000,0.11615,0.12006,0.11568,0.1182
1705492800000,0.1182,0.11929,0.11631,0.11644
1705507200000,0.11644,0.11739,0.11538,0.11613
1705521600000,0.11613,0.11806,0.11554,0.11713
1705536000000,0.11713,0.1181,0.1151,0.11574
1705550400000,0.11574,0.11714,0.11488,0.11628
1705564800000,0.11628,0.11638,0.11185,0.11294
1705579200000,0.11294,0.11296,0.10936,0.11205
1705593600000,0.11205,0.1121,0.1043,0.10512
1705608000000,0.10512,0.10732,0.10503,0.1066
1705622400000,0.1066,0.10717,0.10231,0.10434
1705636800000,0.10434,0.10663,0.10421,0.10552
1705651200000,0.10552,0.10694,0.10474,0.10658
1705665600000,0.10658,0.1067,0.10184,0.10211
1705680000000,0.10211,0.10264,0.09657,0.10237
1705694400000,0.10237,0.10426,0.10208,0.10329
1705708800000,0.10329,0.10331,0.10105,0.10197
1705723200000,0.10197,0.10257,0.1009,0.10131
1705737600000,0.10131,0.1017,0.09996,0.10054
1705752000000,0.10054,0.10123,0.09956,0.10049
1705766400000,0.10049,0.1011,0.09931,0.10107
1705780800000,0.10107,0.1035,0.10071,0.10301
1705795200000,0.10301,0.10454,0.1021,0.10372
1705809600000,0.10372,0.10386,0.10236,0.10294
1705824000000,0.10294,0.10361,0.10174,0.10201
1705838400000,0.10201,0.10305,0.10115,0.10141
1705852800000,0.10141,0.1027,0.10041,0.1027
1705867200000,0.1027,0.10281,0.10001,0.10037
1705881600000,0.10037,0.10112,0.09807,0.09903
1705896000000,0.09903,0.10119,0.09762,0.09995
1705910400000,0.09995,0.09995,0.09572,0.09752
1705924800000,0.09752,0.09885,0.09437,0.09637
1705939200000,0.09637,0.09683,0.09253,0.09463
1705953600000,0.09463,0.09733,0.09352,0.0945
1705968000000,0.0945,0.09676,0.09366,0.0961
1705982400000,0.0961,0.09681,0.09361,0.094
1705996800000,0.094,0.09492,0.08839,0.09083
1706011200000,0.09083,0.09388,0.088,0.09231
1706025600000,0.09231,0.09372,0.09113,0.09152
1706040000000,0.09152,0.09668,0.09124,0.09655
1706054400000,0.09655,0.09679,0.09462,0.09476
1706068800000,0.09476,0.097,0.09422,0.09599
1706083200000,0.09599,0.09869,0.09578,0.09709
1706097600000,0.09709,0.09803,0.09543,0.09673
1706112000000,0.09673,0.098,0.0957,0.09754
1706126400000,0.09754,0.10044,0.09664,0.09972
1706140800000,0.09972,0.10048,0.09845,0.09917
1706155200000,0.09917,0.09974,0.09772,0.09963
1706169600000,0.09963,0.09999,0.09766,0.09936
1706184000000,0.09936,0.09975,0.09645,0.0969
1706198400000,0.0969,0.10001,0.09552,0.09837
1706212800000,0.09837,0.09914,0.09758,0.09831
1706227200000,0.09831,0.10023,0.09737,0.09998
1706241600000,0.09998,0.10055,0.09885,0.09885
1706256000000,0.09885,0.10399,0.09885,0.1038
1706270400000,0.1038,0.10467,0.10187,0.10388
1706284800000,0.10388,0.10571,0.10354,0.104
1706299200000,0.104,0.10458,0.10262,0.10337
1706313600000,0.10337,0.10458,0.10284,0.10415
1706328000000,0.10415,0.10435,0.10259,0.10318
1706342400000,0.10318,0.10437,0.10235,0.10403
1706356800000,0.10403,0.10493,0.10337,0.10415
1706371200000,0.10415,0.10663,0.10341,0.10629
1706385600000,0.10629,0.1075,0.10615,0.10661
1706400000000,0.10661,0.10852,0.10606,0.10844
1706414400000,0.10844,0.1085,0.10661,0.107
1706428800000,0.107,0.10994,0.10652,0.10872
1706443200000,0.10872,0.10877,0.10642,0.1078
1706457600000,0.1078,0.10865,0.105,0.10579
1706472000000,0.10579,0.10768,0.10481,0.10657
1706486400000,0.10657,0.1085,0.10558,0.10782
1706500800000,0.10782,0.10934,0.10671,0.10679
1706515200000,0.10679,0.10824,0.10591,0.1067
1706529600000,0.1067,0.10732,0.10337,0.10672
1706544000000,0.10672,0.10955,0.10616,0.1077
1706558400000,0.1077,0.10979,0.1077,0.10925
1706572800000,0.10925,0.11061,0.10823,0.10849
1706587200000,0.10849,0.10903,0.10763,0.10868
1706601600000,0.10868,0.11178,0.10856,0.11171
1706616000000,0.11171,0.1124,0.10772,0.10936
1706630400000,0.10936,0.1122,0.10905,0.11068
1706644800000,0.11068,0.11147,0.10722,0.10816
1706659200000,0.10816,0.10862,0.1062,0.1073
1706673600000,0.1073,0.10803,0.10645,0.10782
1706688000000,0.10782,0.10804,0.1015,0.10275
1706702400000,0.10275,0.10286,0.0983,0.10079
1706716800000,0.10079,0.10291,0.10069,0.10201
1706731200000,0.10201,0.10213,0.09903,0.1001
1706745600000,0.1001,0.10136,0.09889,0.09971
1706760000000,0.09971,0.10069,0.09911,0.10003
1706774400000,0.10003,0.10076,0.09948,0.09964
1706788800000,0.09964,0.10225,0.09964,0.10113
1706803200000,0.10113,0.10232,0.09989,0.10193
1706817600000,0.10193,0.1028,0.10153,0.10225
1706832000000,0.10225,0.10471,0.10189,0.10438
1706846400000,0.10438,0.1069,0.10415,0.10639
1706860800000,0.10639,0.11,0.1047,0.10976
1706875200000,0.10976,0.11319,0.10751,0.11293
1706889600000,0.11293,0.11541,0.11095,0.11456
1706904000000,0.11456,0.11709,0.11367,0.11571
1706918400000,0.11571,0.1193,0.1152,0.11675
1706932800000,0.11675,0.11932,0.11664,0.11832
1706947200000,0.11832,0.11996,0.11712,0.11935
1706961600000,0.11935,0.12342,0.11905,0.1219
1706976000000,0.1219,0.12247,0.11736,0.1181
1706990400000,0.1181,0.11973,0.11639,0.11733
1707004800000,0.11733,0.11911,0.11636,0.11871
1707019200000,0.11871,0.11871,0.11656,0.11712
1707033600000,0.11712,0.11976,0.1165,0.11926
1707048000000,0.11926,0.12273,0.119,0.12167
1707062400000,0.12167,0.12625,0.1174,0.11767
1707076800000,0.11767,0.11986,0.11437,0.11491
1707091200000,0.11491,0.11703,0.11351,0.1166
1707105600000,0.1166,0.11666,0.11393,0.11471
1707120000000,0.11471,0.11497,0.11266,0.11401
1707134400000,0.11401,0.1169,0.11298,0.11377
1707148800000,0.11377,0.11459,0.11147,0.11284
1707163200000,0.11284,0.11291,0.11138,0.11261
1707177600000,0.11261,0.11391,0.11125,0.11205
1707192000000,0.11205,0.11367,0.11152,0.11313
1707206400000,0.11313,0.11355,0.11036,0.11064
1707220800000,0.11064,0.1117,0.10955,0.11157
1707235200000,0.11157,0.11258,0.11046,0.1122
1707249600000,0.1122,0.11263,0.1113,0.11151
1707264000000,0.11151,0.11274,0.11121,0.11152
1707278400000,0.11152,0.11266,0.11057,0.11182
1707292800000,0.11182,0.11191,0.11026,0.11068
1707307200000,0.11068,0.11254,0.11054,0.11184
1707321600000,0.11184,0.11783,0.11165,0.11677
1707336000000,0.11677,0.12294,0.11677,0.11798
1707350400000,0.11798,0.1188,0.11572,0.11797
1707364800000,0.11797,0.11818,0.11663,0.11771
1707379200000,0.11771,0.11921,0.11746,0.11759
1707393600000,0.11759,0.11899,0.11625,0.11818
1707408000000,0.11818,0.11836,0.11472,0.11494
1707422400000,0.11494,0.11611,0.11492,0.11539
1707436800000,0.11539,0.12058,0.11531,0.11934
1707451200000,0.11934,0.11996,0.118,0.11927
1707465600000,0.11927,0.12101,0.11833,0.1208
1707480000000,0.1208,0.12363,0.11999,0.12063
1707494400000,0.12063,0.1223,0.12005,0.12164
1707508800000,0.12164,0.1222,0.12016,0.12085
1707523200000,0.12085,0.1237,0.12053,0.12315
1707537600000,0.12315,0.12413,0.12133,0.12298
1707552000000,0.12298,0.12476,0.11919,0.12131
1707566400000,0.12131,0.12282,0.12062,0.1211
1707580800000,0.1211,0.12206,0.12072,0.12122
1707595200000,0.12122,0.12348,0.12074,0.12311
1707609600000,0.12311,0.12426,0.12172,0.12295
1707624000000,0.12295,0.12382,0.12179,0.12262
1707638400000,0.12262,0.12396,0.12076,0.12185
1707652800000,0.12185,0.12185,0.11807,0.12121
1707667200000,0.12121,0.12186,0.1194,0.11986
1707681600000,0.11986,0.12042,0.11821,0.11948
1707696000000,0.11948,0.1213,0.11694,0.11829
1707710400000,0.11829,0.11999,0.11755,0.11951
1707724800000,0.11951,0.12057,0.11623,0.11746
1707739200000,0.11746,0.12218,0.11697,0.12164
1707753600000,0.12164,0.12508,0.12056,0.12276
1707768000000,0.12276,0.12516,0.12276,0.12383
1707782400000,0.12383,0.1262,0.12263,0.12323
1707796800000,0.12323,0.12591,0.12323,0.12478
1707811200000,0.12478,0.12515,0.12332,0.12485
1707825600000,0.12485,0.12679,0.11959,0.12376
1707840000000,0.12376,0.12527,0.12244,0.12447
1707854400000,0.12447,0.12787,0.1243,0.12552
1707868800000,0.12552,0.12625,0.12415,0.12474
1707883200000,0.12474,0.12806,0.12465,0.1276
1707897600000,0.1276,0.13051,0.1266,0.12912
1707912000000,0.12912,0.13082,0.12612,0.12802
1707926400000,0.12802,0.12852,0.12643,0.12751
1707940800000,0.12751,0.12756,0.12635,0.1272
1707955200000,0.1272,0.12899,0.12667,0.12886
1707969600000,0.12886,0.12928,0.12573,0.12771
1707984000000,0.12771,0.129,0.12689,0.12778
1707998400000,0.12778,0.1306,0.12619,0.12698
1708012800000,0.12698,0.12743,0.1248,0.12672
1708027200000,0.12672,0.12719,0.12158,0.12419
1708041600000,0.12419,0.12572,0.12248,0.1256
1708056000000,0.1256,0.12736,0.12428,0.12432
1708070400000,0.12432,0.12727,0.12272,0.12689
1708084800000,0.12689,0.12713,0.11728,0.11983
1708099200000,0.11983,0.12129,0.11891,0.12018
1708113600000,0.12018,0.12107,0.11978,0.12039
1708128000000,0.12039,0.12099,0.11903,0.12023
1708142400000,0.12023,0.12065,0.11927,0.12035
1708156800000,0.12035,0.12039,0.11753,0.11879
1708171200000,0.11879,0.11946,0.11453,0.11669
1708185600000,0.11669,0.1191,0.11605,0.11904
1708200000000,0.11904,0.12212,0.11885,0.12039
1708214400000,0.12039,0.12305,0.12012,0.12302
1708228800000,0.12302,0.12546,0.12235,0.12374
1708243200000,0.12374,0.12691,0.12272,0.12689
1708257600000,0.12689,0.12707,0.12417,0.12483
1708272000000,0.12483,0.12673,0.12462,0.12591
1708286400000,0.12591,0.12642,0.12439,0.12474
1708300800000,0.12474,0.12645,0.12441,0.12574
1708315200000,0.12574,0.12983,0.12495,0.12907
1708329600000,0.12907,0.13012,0.12621,0.12797
1708344000000,0.12797,0.13008,0.12534,0.12691
1708358400000,0.12691,0.1275,0.12386,0.12613
1708372800000,0.12613,0.1289,0.12501,0.1278
1708387200000,0.1278,0.12887,0.12329,0.1233
1708401600000,0.1233,0.12442,0.12113,0.1225
1708416000000,0.1225,0.12302,0.1191,0.12278
1708430400000,0.12278,0.1231,0.114,0.11748
1708444800000,0.11748,0.12023,0.11508,0.12012
1708459200000,0.12012,0.12113,0.11867,0.11984
1708473600000,0.11984,0.12046,0.11804,0.11963
1708488000000,0.11963,0.11998,0.11606,0.11632
1708502400000,0.11632,0.11766,0.11289,0.11367
1708516800000,0.11367,0.11613,0.1125,0.11554
1708531200000,0.11554,0.116,0.11269,0.11463
1708545600000,0.11463,0.11799,0.11379,0.11761
1708560000000,0.11761,0.11761,0.11509,0.11637
1708574400000,0.11637,0.12319,0.11601,0.1217
1708588800000,0.1217,0.12286,0.11981,0.12084
1708603200000,0.12084,0.12149,0.11771,0.12147
1708617600000,0.12147,0.12519,0.12007,0.12266
1708632000000,0.12266,0.12449,0.12024,0.12036
1708646400000,0.12036,0.12269,0.11895,0.12015
1708660800000,0.12015,0.1222,0.11874,0.12024
1708675200000,0.12024,0.12124,0.11811,0.12029
1708689600000,0.12029,0.12244,0.11728,0.11746
1708704000000,0.11746,0.12061,0.1154,0.1202
1708718400000,0.1202,0.12033,0.11734,0.11895
1708732800000,0.11895,0.12039,0.11702,0.12008
1708747200000,0.12008,0.12222,0.11975,0.12192
1708761600000,0.12192,0.12321,0.12064,0.12214
1708776000000,0.12214,0.12223,0.11972,0.12002
1708790400000,0.12002,0.12193,0.11999,0.12176
1708804800000,0.12176,0.12285,0.12102,0.12233
1708819200000,0.12233,0.12355,0.12018,0.12127
1708833600000,0.12127,0.1216,0.11982,0.12075
1708848000000,0.12075,0.12198,0.11886,0.12053
1708862400000,0.12053,0.12196,0.12,0.12093
1708876800000,0.12093,0.12193,0.12006,0.12183
1708891200000,0.12183,0.12291,0.12109,0.12195
1708905600000,0.12195,0.12342,0.12067,0.12229
1708920000000,0.12229,0.124,0.12117,0.12168
1708934400000,0.12168,0.12319,0.11908,0.11984
1708948800000,0.11984,0.12487,0.119,0.12483
1708963200000,0.12483,0.12901,0.12469,0.12901
1708977600000,0.12901,0.13163,0.12735,0.13036
1708992000000,0.13036,0.13187,0.12842,0.12896
1709006400000,0.12896,0.13022,0.12793,0.12959
1709020800000,0.12959,0.14314,0.12957,0.14254
1709035200000,0.14254,0.14325,0.13207,0.13307
1709049600000,0.13307,0.1365,0.13185,0.13562
1709064000000,0.13562,0.13649,0.13391,0.13503
1709078400000,0.13503,0.1359,0.13216,0.13297
1709092800000,0.13297,0.13869,0.13297,0.13797
1709107200000,0.13797,0.13986,0.13384,0.13589
1709121600000,0.13589,0.1439,0.13589,0.14375
1709136000000,0.14375,0.14549,0.11695,0.13361
1709150400000,0.13361,0.14226,0.13223,0.13874
1709164800000,0.13874,0.14529,0.13681,0.14312
1709179200000,0.14312,0.14925,0.14063,0.1488
1709193600000,0.1488,0.15223,0.1461,0.14638
1709208000000,0.14638,0.15717,0.1455,0.15657
1709222400000,0.15657,0.16114,0.15196,0.15529
1709236800000,0.15529,0.15537,0.14429,0.15029
1709251200000,0.15029,0.1552,0.15027,0.15205
1709265600000,0.15205,0.15422,0.14819,0.14966
1709280000000,0.14966,0.15763,0.14966,0.1549
1709294400000,0.1549,0.1626,0.15381,0.15689
1709308800000,0.15689,0.16234,0.15476,0.15971
1709323200000,0.15971,0.16525,0.15806,0.16227
1709337600000,0.16227,0.16816,0.15748,0.16029
1709352000000,0.16029,0.16043,0.15676,0.1585
1709366400000,0.1585,0.1586,0.1552,0.1563
1709380800000,0.1563,0.16001,0.15547,0.15877
1709395200000,0.15877,0.16193,0.1582,0.16026
1709409600000,0.16026,0.16185,0.15783,0.15993
1709424000000,0.15993,0.16378,0.15834,0.16274
1709438400000,0.16274,0.16817,0.1504,0.15927
1709452800000,0.15927,0.16261,0.1564,0.15747
1709467200000,0.15747,0.16118,0.1562,0.159
1709481600000,0.159,0.16154,0.1573,0.1615
1709496000000,0.1615,0.16314,0.15965,0.16095
1709510400000,0.16095,0.16868,0.15848,0.16521
1709524800000,0.16521,0.17081,0.1649,0.16923
1709539200000,0.16923,0.17195,0.16516,0.16695
1709553600000,0.16695,0.16796,0.16131,0.16261
1709568000000,0.16261,0.16302,0.1534,0.15883
1709582400000,0.15883,0.16118,0.15686,0.15851
1709596800000,0.15851,0.15865,0.15417,0.15512
1709611200000,0.15512,0.16415,0.15302,0.16005
1709625600000,0.16005,0.16376,0.15844,0.16142
1709640000000,0.16142,0.16254,0.15425,0.1581
1709654400000,0.1581,0.1592,0.121,0.13548
1709668800000,0.13548,0.15405,0.13515,0.15293
1709683200000,0.15293,0.15298,0.1445,0.14754
1709697600000,0.14754,0.16022,0.14703,0.1601
1709712000000,0.1601,0.16221,0.15771,0.15896
1709726400000,0.15896,0.15905,0.15043,0.15313
1709740800000,0.15313,0.16013,0.15257,0.15807
1709755200000,0.15807,0.16544,0.15748,0.16398
1709769600000,0.16398,0.17781,0.16378,0.16709
1709784000000,0.16709,0.17048,0.16305,0.16829
1709798400000,0.16829,0.17573,0.16712,0.17254
1709812800000,0.17254,0.1727,0.16634,0.17111
1709827200000,0.17111,0.17425,0.16822,0.16944
1709841600000,0.16944,0.17315,0.16919,0.1726
1709856000000,0.1726,0.17507,0.16745,0.16817
1709870400000,0.16817,0.17111,0.16762,0.17046
1709884800000,0.17046,0.17426,0.16924,0.17149
1709899200000,0.17149,0.17509,0.15461,0.16797
1709913600000,0.16797,0.17273,0.16284,0.16954
1709928000000,0.16954,0.17132,0.16751,0.16983
1709942400000,0.16983,0.17341,0.16968,0.17268
1709956800000,0.17268,0.17309,0.16923,0.17178
1709971200000,0.17178,0.18388,0.17178,0.18001
1709985600000,0.18001,0.18027,0.17562,0.17856
1710000000000,0.17856,0.17908,0.17289,0.17541
1710014400000,0.17541,0.18268,0.17532,0.18219
1710028800000,0.18219,0.18644,0.17688,0.1787
1710043200000,0.1787,0.18162,0.1769,0.18112
1710057600000,0.18112,0.1826,0.17617,0.17912
1710072000000,0.17912,0.1801,0.17108,0.17423
1710086400000,0.17423,0.17676,0.17327,0.17513
1710100800000,0.17513,0.17785,0.17122,0.1768
1710115200000,0.1768,0.17948,0.16943,0.17763
1710129600000,0.17763,0.18091,0.17365,0.18016
1710144000000,0.18016,0.18406,0.17831,0.17951
1710158400000,0.17951,0.18144,0.1771,0.17821
1710172800000,0.17821,0.18248,0.17562,0.17847
1710187200000,0.17847,0.18201,0.17807,0.17997
1710201600000,0.17997,0.1819,0.17744,0.17785
1710216000000,0.17785,0.1796,0.17281,0.17391
1710230400000,0.17391,0.17905,0.16948,0.17461
1710244800000,0.17461,0.17876,0.17108,0.1775
1710259200000,0.1775,0.17885,0.16418,0.17801
1710273600000,0.17801,0.17843,0.17444,0.17722
1710288000000,0.17722,0.17883,0.17594,0.17733
1710302400000,0.17733,0.17884,0.17329,0.17659
1710316800000,0.17659,0.17826,0.17335,0.17389
1710331200000,0.17389,0.17426,0.16824,0.17035
1710345600000,0.17035,0.17339,0.16974,0.17134
1710360000000,0.17134,0.172,0.16879,0.17134
1710374400000,0.17134,0.17288,0.16833,0.17002
1710388800000,0.17002,0.17002,0.1666,0.16793
1710403200000,0.16793,0.17161,0.16523,0.16679
1710417600000,0.16679,0.16808,0.1585,0.15974
1710432000000,0.15974,0.16491,0.15577,0.15989
1710446400000,0.15989,0.16802,0.15989,0.16802
1710460800000,0.16802,0.16909,0.15123,0.15732
1710475200000,0.15732,0.16063,0.15336,0.15945
1710489600000,0.15945,0.16012,0.14658,0.15516
1710504000000,0.15516,0.15985,0.154,0.15637
1710518400000,0.15637,0.16195,0.15435,0.15703
1710532800000,0.15703,0.16016,0.15187,0.15967
1710547200000,0.15967,0.16147,0.15897,0.16063
1710561600000,0.16063,0.16553,0.15775,0.16457
1710576000000,0.16457,0.16578,0.15906,0.16031
1710590400000,0.16031,0.16042,0.15259,0.15721
1710604800000,0.15721,0.15725,0.14465,0.14726
1710619200000,0.14726,0.15077,0.1454,0.14876
1710633600000,0.14876,0.15284,0.14644,0.15247
1710648000000,0.15247,0.15255,0.1401,0.145
1710662400000,0.145,0.15304,0.14437,0.15118
1710676800000,0.15118,0.15783,0.14825,0.15665
1710691200000,0.15665,0.15956,0.15469,0.15875
1710705600000,0.15875,0.15917,0.15317,0.15379
1710720000000,0.15379,0.1538,0.14784,0.1503
1710734400000,0.1503,0.15255,0.14877,0.14939
1710748800000,0.14939,0.15366,0.14604,0.14955
1710763200000,0.14955,0.1506,0.1411,0.14371
1710777600000,0.14371,0.14595,0.13937,0.1408
1710792000000,0.1408,0.14402,0.14051,0.14201
1710806400000,0.14201,0.14375,0.13144,0.13464
1710820800000,0.13464,0.13591,0.12583,0.13318
1710835200000,0.13318,0.13326,0.1258,0.13199
1710849600000,0.13199,0.13812,0.13053,0.13791
1710864000000,0.13791,0.13896,0.13597,0.13733
1710878400000,0.13733,0.13762,0.12793,0.13104
1710892800000,0.13104,0.1352,0.13003,0.13113
1710907200000,0.13113,0.13735,0.12611,0.13679
1710921600000,0.13679,0.13762,0.13315,0.13713
1710936000000,0.13713,0.13942,0.13386,0.13473
1710950400000,0.13473,0.14458,0.12932,0.14385
1710964800000,0.14385,0.14726,0.14332,0.14647
1710979200000,0.14647,0.14888,0.1456,0.14728
1710993600000,0.14728,0.14846,0.14453,0.14736
1711008000000,0.14736,0.14944,0.1465,0.14712
1711022400000,0.14712,0.14827,0.14289,0.14547
1711036800000,0.14547,0.14729,0.14042,0.14299
1711051200000,0.14299,0.14553,0.14129,0.14346
1711065600000,0.14346,0.14555,0.14095,0.14534
1711080000000,0.14534,0.14644,0.14415,0.14454
1711094400000,0.14454,0.14486,0.13935,0.13973
1711108800000,0.13973,0.14132,0.13448,0.13871
1711123200000,0.13871,0.1391,0.13629,0.13769
1711137600000,0.13769,0.13824,0.13367,0.13822
1711152000000,0.13822,0.14233,0.13668,0.13864
1711166400000,0.13864,0.14189,0.13829,0.14052
1711180800000,0.14052,0.14173,0.13878,0.14092
1711195200000,0.14092,0.1437,0.14085,0.14253
1711209600000,0.14253,0.14317,0.141,0.14119
1711224000000,0.14119,0.14149,0.13834,0.13866
1711238400000,0.13866,0.14112,0.13788,0.13813
1711252800000,0.13813,0.13882,0.13669,0.13802
1711267200000,0.13802,0.14097,0.13771,0.14075
1711281600000,0.14075,0.1432,0.14021,0.14308
1711296000000,0.14308,0.14744,0.13985,0.14548
1711310400000,0.14548,0.14833,0.14419,0.14735
1711324800000,0.14735,0.14875,0.14629,0.14757
1711339200000,0.14757,0.14853,0.14514,0.14559
1711353600000,0.14559,0.14805,0.14483,0.14542
1711368000000,0.14542,0.15245,0.14505,0.15172
1711382400000,0.15172,0.15501,0.15086,0.15287
1711396800000,0.15287,0.15329,0.14939,0.15034
1711411200000,0.15034,0.15252,0.14995,0.15198
1711425600000,0.15198,0.15271,0.15008,0.15038
1711440000000,0.15038,0.15335,0.14982,0.15223
1711454400000,0.15223,0.15273,0.14545,0.15002
1711468800000,0.15002,0.15173,0.14651,0.14682
1711483200000,0.14682,0.14983,0.14682,0.14927
1711497600000,0.14927,0.154,0.14825,0.15072
1711512000000,0.15072,0.15142,0.14549,0.14628
1711526400000,0.14628,0.1479,0.1416,0.14663
1711540800000,0.14663,0.14895,0.13926,0.14013
1711555200000,0.14013,0.14253,0.13889,0.14016
1711569600000,0.14016,0.14196,0.14006,0.14069
1711584000000,0.14069,0.14226,0.13824,0.13989
1711598400000,0.13989,0.14379,0.13973,0.14338
1711612800000,0.14338,0.14354,0.1405,0.14126
1711627200000,0.14126,0.1421,0.1395,0.14085
1711641600000,0.14085,0.1417,0.14011,0.14131
1711656000000,0.14131,0.14302,0.14098,0.14216
1711670400000,0.14216,0.14377,0.1405,0.14189
1711684800000,0.14189,0.14237,0.1374,0.13842
1711699200000,0.13842,0.14004,0.13759,0.13907
1711713600000,0.13907,0.14048,0.1367,0.1375
1711728000000,0.1375,0.13913,0.13747,0.13883
1711742400000,0.13883,0.13995,0.13675,0.13943
1711756800000,0.13943,0.14115,0.13919,0.13997
1711771200000,0.13997,0.14112,0.13873,0.13882
1711785600000,0.13882,0.13927,0.13748,0.13896
1711800000000,0.13896,0.13917,0.13725,0.138
1711814400000,0.138,0.13832,0.13585,0.13652
1711828800000,0.13652,0.13653,0.1329,0.13444
1711843200000,0.13444,0.13614,0.13365,0.13538
1711857600000,0.13538,0.1383,0.1349,0.13737
1711872000000,0.13737,0.13766,0.13592,0.13644
1711886400000,0.13644,0.13744,0.13612,0.13734
1711900800000,0.13734,0.13781,0.13654,0.13723
1711915200000,0.13723,0.13784,0.13583,0.1377
1711929600000,0.1377,0.13879,0.1361,0.13646
1711944000000,0.13646,0.13724,0.12852,0.13314
1711958400000,0.13314,0.13327,0.1296,0.12967
1711972800000,0.12967,0.13308,0.12701,0.12744
1711987200000,0.12744,0.13041,0.12674,0.13038
1712001600000,0.13038,0.13127,0.12978,0.13042
1712016000000,0.13042,0.13052,0.12136,0.12389
1712030400000,0.12389,0.12488,0.12235,0.12282
1712044800000,0.12282,0.12328,0.11866,0.12094
1712059200000,0.12094,0.12346,0.11831,0.12025
1712073600000,0.12025,0.12213,0.11947,0.12142
1712088000000,0.12142,0.12402,0.12036,0.12228
1712102400000,0.12228,0.12566,0.11754,0.12483
1712116800000,0.12483,0.12726,0.12365,0.12605
1712131200000,0.12605,0.12964,0.12515,0.12758
1712145600000,0.12758,0.12955,0.12513,0.12711
1712160000000,0.12711,0.12933,0.12483,0.12645
1712174400000,0.12645,0.1278,0.12314,0.1266
1712188800000,0.1266,0.12961,0.12493,0.12572
1712203200000,0.12572,0.12924,0.12391,0.12902
1712217600000,0.12902,0.13035,0.12833,0.12881
1712232000000,0.12881,0.13251,0.12869,0.13099
1712246400000,0.13099,0.13239,0.12952,0.12971
1712260800000,0.12971,0.13025,0.12643,0.12998
1712275200000,0.12998,0.13063,0.12669,0.12883
1712289600000,0.12883,0.12885,0.12405,0.12606
1712304000000,0.12606,0.12831,0.12302,0.1232
1712318400000,0.1232,0.12954,0.12194,0.12948
1712332800000,0.12948,0.13061,0.12798,0.128
1712347200000,0.128,0.12956,0.12781,0.12803
1712361600000,0.12803,0.12967,0.1273,0.1293
1712376000000,0.1293,0.12982,0.12802,0.12846
1712390400000,0.12846,0.12939,0.12717,0.12741
1712404800000,0.12741,0.12802,0.12654,0.12718
1712419200000,0.12718,0.12836,0.12695,0.12766
1712433600000,0.12766,0.13059,0.12739,0.12904
1712448000000,0.12904,0.1311,0.12896,0.1307
1712462400000,0.1307,0.13093,0.1291,0.12994
1712476800000,0.12994,0.13033,0.12851,0.13004
1712491200000,0.13004,0.13039,0.12833,0.12845
1712505600000,0.12845,0.1296,0.12736,0.12835
1712520000000,0.12835,0.13024,0.12717,0.12876
1712534400000,0.12876,0.12881,0.12462,0.12524
1712548800000,0.12524,0.1301,0.12458,0.12941
1712563200000,0.12941,0.1347,0.12925,0.1347
1712577600000,0.1347,0.13551,0.13331,0.13464
1712592000000,0.13464,0.13496,0.13229,0.13323
1712606400000,0.13323,0.13469,0.13274,0.13384
1712620800000,0.13384,0.13463,0.1326,0.13313
1712635200000,0.13313,0.13465,0.12939,0.12986
1712649600000,0.12986,0.13568,0.12765,0.134
1712664000000,0.134,0.13459,0.1272,0.12981
1712678400000,0.12981,0.1299,0.12724,0.12799
1712692800000,0.12799,0.1289,0.12652,0.12722
1712707200000,0.12722,0.12803,0.12343,0.12527
1712721600000,0.12527,0.1262,0.12461,0.12558
1712736000000,0.12558,0.12588,0.12302,0.12435
1712750400000,0.12435,0.12462,0.11886,0.12298
1712764800000,0.12298,0.12519,0.12128,0.12309
1712779200000,0.12309,0.1236,0.1212,0.12315
1712793600000,0.12315,0.12335,0.12152,0.12327
1712808000000,0.12327,0.12586,0.12247,0.12539
1712822400000,0.12539,0.12638,0.12168,0.1219
1712836800000,0.1219,0.12411,0.12061,0.12235
1712851200000,0.12235,0.12489,0.12092,0.12484
1712865600000,0.12484,0.12557,0.12398,0.12512
1712880000000,0.12512,0.12772,0.12492,0.12764
1712894400000,0.12764,0.1309,0.12683,0.128
1712908800000,0.128,0.12813,0.12355,0.12615
1712923200000,0.12615,0.12615,0.11603,0.11623
1712937600000,0.11623,0.11674,0.08634,0.10192
1712952000000,0.10192,0.10423,0.0985,0.10055
1712966400000,0.10055,0.10064,0.09406,0.09792
1712980800000,0.09792,0.10067,0.09702,0.09906
1712995200000,0.09906,0.1037,0.09858,0.10248
1713009600000,0.10248,0.10365,0.10028,0.10053
1713024000000,0.10053,0.10113,0.08177,0.08512
1713038400000,0.08512,0.08917,0.073,0.08768
1713052800000,0.08768,0.088,0.08358,0.08737
1713067200000,0.08737,0.0939,0.08666,0.09309
1713081600000,0.09309,0.09465,0.09014,0.09059
1713096000000,0.09059,0.09298,0.08904,0.09105
1713110400000,0.09105,0.09344,0.08773,0.09046
1713124800000,0.09046,0.09617,0.08835,0.09485
1713139200000,0.09485,0.09564,0.09277,0.09492
1713153600000,0.09492,0.10235,0.09355,0.1002
1713168000000,0.1002,0.1017,0.09841,0.09845
1713182400000,0.09845,0.10195,0.0955,0.09739
1713196800000,0.09739,0.098,0.08807,0.09287
1713211200000,0.09287,0.09362,0.08988,0.09207
1713225600000,0.09207,0.09366,0.08995,0.09322
1713240000000,0.09322,0.09797,0.09007,0.09642
1713254400000,0.09642,0.0974,0.09093,0.09428
1713268800000,0.09428,0.09434,0.08817,0.08854
1713283200000,0.08854,0.09303,0.08674,0.09084
1713297600000,0.09084,0.09419,0.09069,0.09236
1713312000000,0.09236,0.09333,0.09049,0.09168
1713326400000,0.09168,0.09381,0.0908,0.09185
1713340800000,0.09185,0.09244,0.08894,0.08904
1713355200000,0.08904,0.09038,0.08678,0.08757
1713369600000,0.08757,0.09483,0.08626,0.0925
1713384000000,0.0925,0.09343,0.09011,0.09081
1713398400000,0.09081,0.09253,0.08835,0.09153
1713412800000,0.09153,0.09186,0.08825,0.08897
1713427200000,0.08897,0.09259,0.08797,0.09186
1713441600000,0.09186,0.09437,0.08905,0.09381
1713456000000,0.09381,0.09457,0.09079,0.09355
1713470400000,0.09355,0.09613,0.09284,0.09534
1713484800000,0.09534,0.09585,0.08768,0.0931
1713499200000,0.0931,0.09851,0.09262,0.09707
1713513600000,0.09707,0.10179,0.09682,0.10065
1713528000000,0.10065,0.10244,0.09938,0.1009
1713542400000,0.1009,0.10171,0.09927,0.10059
1713556800000,0.10059,0.10059,0.09643,0.09822
1713571200000,0.09822,0.10004,0.09647,0.09914
1713585600000,0.09914,0.10089,0.09905,0.1
1713600000000,0.1,0.10023,0.0986,0.09921
1713614400000,0.09921,0.10236,0.09835,0.1023
1713628800000,0.1023,0.10771,0.10141,0.10623
1713643200000,0.10623,0.10704,0.10541,0.10575
1713657600000,0.10575,0.10682,0.10451,0.10521
1713672000000,0.10521,0.10568,0.10344,0.10439
1713686400000,0.10439,0.10475,0.10251,0.10356
1713700800000,0.10356,0.10389,0.10135,0.103
1713715200000,0.103,0.10314,0.10028,0.1015
1713729600000,0.1015,0.10332,0.10103,0.10243
1713744000000,0.10243,0.10482,0.10164,0.104
1713758400000,0.104,0.10661,0.10379,0.10499
1713772800000,0.10499,0.10562,0.10338,0.10348
1713787200000,0.10348,0.10449,0.10172,0.10286
1713801600000,0.10286,0.10517,0.10217,0.10403
1713816000000,0.10403,0.10547,0.10377,0.10403
1713830400000,0.10403,0.10541,0.10267,0.10294
1713844800000,0.10294,0.10395,0.10111,0.10165
1713859200000,0.10165,0.10284,0.10115,0.10165
1713873600000,0.10165,0.10421,0.10098,0.10272
1713888000000,0.10272,0.1048,0.10241,0.10415
1713902400000,0.10415,0.10431,0.10183,0.10268
1713916800000,0.10268,0.10517,0.10215,0.1046
1713931200000,0.1046,0.10821,0.10435,0.10749
1713945600000,0.10749,0.10984,0.10575,0.10903
1713960000000,0.10903,0.10978,0.10283,0.10331
1713974400000,0.10331,0.10463,0.09988,0.10157
1713988800000,0.10157,0.10204,0.09722,0.09912
1714003200000,0.09912,0.10078,0.09802,0.09887
1714017600000,0.09887,0.10034,0.09729,0.09897
1714032000000,0.09897,0.10018,0.09713,0.09887
1714046400000,0.09887,0.10209,0.0976,0.10197
1714060800000,0.10197,0.10307,0.10123,0.102
1714075200000,0.102,0.10361,0.10095,0.10113
1714089600000,0.10113,0.10153,0.09816,0.09943
1714104000000,0.09943,0.10061,0.09873,0.09952
1714118400000,0.09952,0.10053,0.09797,0.0985
1714132800000,0.0985,0.10175,0.09705,0.09883
1714147200000,0.09883,0.10029,0.09876,0.09893
1714161600000,0.09893,0.09991,0.09729,0.09794
1714176000000,0.09794,0.09895,0.09409,0.09805
1714190400000,0.09805,0.10085,0.09795,0.09966
1714204800000,0.09966,0.09979,0.09783,0.0981
1714219200000,0.0981,0.0998,0.09694,0.09717
1714233600000,0.09717,0.10096,0.09635,0.09936
1714248000000,0.09936,0.09966,0.09843,0.09905
1714262400000,0.09905,0.10123,0.09873,0.10022
1714276800000,0.10022,0.1004,0.09904,0.09967
1714291200000,0.09967,0.09983,0.09727,0.0974
1714305600000,0.0974,0.09881,0.09712,0.09742
1714320000000,0.09742,0.09883,0.09728,0.09772
1714334400000,0.09772,0.09784,0.09462,0.09523
1714348800000,0.09523,0.09633,0.09362,0.09375
1714363200000,0.09375,0.09478,0.092,0.09286
1714377600000,0.09286,0.09391,0.0918,0.09289
1714392000000,0.09289,0.09417,0.09173,0.0939
1714406400000,0.0939,0.09416,0.09281,0.09363
1714420800000,0.09363,0.0961,0.09219,0.09499
1714435200000,0.09499,0.09637,0.09305,0.09492
1714449600000,0.09492,0.09519,0.09367,0.09372
1714464000000,0.09372,0.09395,0.08787,0.08826
1714478400000,0.08826,0.08873,0.0858,0.08665
1714492800000,0.08665,0.08665,0.08448,0.08536
1714507200000,0.08536,0.09102,0.08536,0.0899
1714521600000,0.0899,0.09087,0.08847,0.08921
1714536000000,0.08921,0.08975,0.08376,0.08451
1714550400000,0.08451,0.08672,0.08218,0.08672
1714564800000,0.08672,0.08856,0.0856,0.08655
1714579200000,0.08655,0.09261,0.0853,0.08845
1714593600000,0.08845,0.09115,0.08793,0.09081
1714608000000,0.09081,0.09102,0.08793,0.08927
1714622400000,0.08927,0.08947,0.08773,0.08802
1714636800000,0.08802,0.09223,0.08783,0.09186
1714651200000,0.09186,0.09255,0.08988,0.09203
1714665600000,0.09203,0.09289,0.09121,0.09254
1714680000000,0.09254,0.09387,0.09122,0.09225
1714694400000,0.09225,0.09465,0.09173,0.09345
1714708800000,0.09345,0.09396,0.09117,0.09134
1714723200000,0.09134,0.09187,0.08998,0.09057
1714737600000,0.09057,0.09585,0.09035,0.09539
1714752000000,0.09539,0.09665,0.09483,0.09592
1714766400000,0.09592,0.0975,0.09573,0.09618
1714780800000,0.09618,0.09668,0.09501,0.09606
1714795200000,0.09606,0.0967,0.09551,0.09566
1714809600000,0.09566,0.09783,0.09552,0.09604
1714824000000,0.09604,0.0972,0.09518,0.09608
1714838400000,0.09608,0.09663,0.0953,0.09644
1714852800000,0.09644,0.09671,0.09511,0.09549
1714867200000,0.09549,0.09608,0.094,0.09495
1714881600000,0.09495,0.09621,0.09402,0.09569
1714896000000,0.09569,0.09616,0.09502,0.09561
1714910400000,0.09561,0.10006,0.09454,0.09929
1714924800000,0.09929,0.09954,0.09689,0.09803
1714939200000,0.09803,0.09875,0.09736,0.09816
1714953600000,0.09816,0.09967,0.09795,0.09897
1714968000000,0.09897,0.10185,0.09833,0.1016
1714982400000,0.1016,0.10335,0.09934,0.1009
1714996800000,0.1009,0.10109,0.09706,0.09879
1715011200000,0.09879,0.09892,0.09709,0.09825
1715025600000,0.09825,0.09924,0.09668,0.09692
1715040000000,0.09692,0.09813,0.0952,0.09599
1715054400000,0.09599,0.09672,0.09515,0.09602
1715068800000,0.09602,0.09806,0.09564,0.09592
1715083200000,0.09592,0.09817,0.09524,0.09612
1715097600000,0.09612,0.09645,0.0942,0.09435
1715112000000,0.09435,0.09487,0.09181,0.09193
1715126400000,0.09193,0.09224,0.09005,0.09136
1715140800000,0.09136,0.09182,0.08937,0.08965
1715155200000,0.08965,0.09052,0.08912,0.08976
1715169600000,0.08976,0.09169,0.08896,0.09025
1715184000000,0.09025,0.09062,0.08831,0.08865
1715198400000,0.08865,0.08938,0.08698,0.08901
1715212800000,0.08901,0.09004,0.08873,0.08997
1715227200000,0.08997,0.0909,0.08829,0.08858
1715241600000,0.08858,0.0889,0.08654,0.08755
1715256000000,0.08755,0.08965,0.08723,0.08912
1715270400000,0.08912,0.09006,0.08785,0.0895
1715284800000,0.0895,0.09142,0.08932,0.09039
1715299200000,0.09039,0.09103,0.08954,0.09061
1715313600000,0.09061,0.0913,0.08993,0.09095
1715328000000,0.09095,0.09233,0.09055,0.09222
1715342400000,0.09222,0.09261,0.08667,0.08697
1715356800000,0.08697,0.08705,0.08472,0.08569
1715371200000,0.08569,0.08649,0.08482,0.08644
1715385600000,0.08644,0.08763,0.08561,0.08653
1715400000000,0.08653,0.08688,0.08605,0.08626
1715414400000,0.08626,0.08645,0.08507,0.08581
1715428800000,0.08581,0.08831,0.08581,0.08748
1715443200000,0.08748,0.08787,0.08644,0.08676
1715457600000,0.08676,0.08679,0.08514,0.0853
1715472000000,0.0853,0.08586,0.08471,0.08514
1715486400000,0.08514,0.08577,0.08428,0.08466
1715500800000,0.08466,0.08618,0.08445,0.08563
1715515200000,0.08563,0.08573,0.08462,0.08542
1715529600000,0.08542,0.08598,0.08393,0.08448
1715544000000,0.08448,0.08469,0.08283,0.08328
1715558400000,0.08328,0.08395,0.08031,0.08101
1715572800000,0.08101,0.0842,0.08032,0.08413
1715587200000,0.08413,0.08631,0.08413,0.08497
1715601600000,0.08497,0.08598,0.0844,0.08531
1715616000000,0.08531,0.08694,0.08366,0.08475
1715630400000,0.08475,0.08496,0.08354,0.08404
1715644800000,0.08404,0.08481,0.08307,0.08367
1715659200000,0.08367,0.08479,0.08121,0.08375
1715673600000,0.08375,0.08403,0.08296,0.08334
1715688000000,0.08334,0.084,0.08093,0.08235
1715702400000,0.08235,0.08245,0.0805,0.08132
1715716800000,0.08132,0.0817,0.08066,0.08108
1715731200000,0.08108,0.0825,0.08056,0.08234
1715745600000,0.08234,0.08243,0.08165,0.08201
1715760000000,0.08201,0.08257,0.08054,0.08134
1715774400000,0.08134,0.08682,0.08092,0.08629
1715788800000,0.08629,0.08795,0.08581,0.08754
1715803200000,0.08754,0.08793,0.08704,0.08739
1715817600000,0.08739,0.08853,0.08696,0.08846
1715832000000,0.08846,0.08975,0.08812,0.08937
1715846400000,0.08937,0.08951,0.08778,0.08873
1715860800000,0.08873,0.08873,0.08454,0.08655
1715875200000,0.08655,0.08697,0.08537,0.08664
1715889600000,0.08664,0.08674,0.08574,0.08654
1715904000000,0.08654,0.08764,0.08616,0.0873
1715918400000,0.0873,0.09055,0.0865,0.09033
1715932800000,0.09033,0.09119,0.08933,0.09101
1715947200000,0.09101,0.0935,0.0904,0.09282
1715961600000,0.09282,0.09317,0.0913,0.09256
1715976000000,0.09256,0.09335,0.09222,0.09274
1715990400000,0.09274,0.09506,0.09247,0.09501
1716004800000,0.09501,0.09523,0.09362,0.0943
1716019200000,0.0943,0.09477,0.09344,0.09365
1716033600000,0.09365,0.09392,0.09157,0.0923
1716048000000,0.0923,0.09366,0.09227,0.09299
1716062400000,0.09299,0.0933,0.09237,0.09277
1716076800000,0.09277,0.09364,0.09248,0.09294
1716091200000,0.09294,0.09294,0.0909,0.09171
1716105600000,0.09171,0.09189,0.09032,0.09123
1716120000000,0.09123,0.09134,0.08888,0.08934
1716134400000,0.08934,0.08937,0.08817,0.08839
1716148800000,0.08839,0.08874,0.0874,0.08803
1716163200000,0.08803,0.08867,0.08603,0.08777
1716177600000,0.08777,0.08993,0.08641,0.08809
1716192000000,0.08809,0.08864,0.08761,0.08778
1716206400000,0.08778,0.08907,0.08666,0.08893
1716220800000,0.08893,0.09594,0.0889,0.09566
1716235200000,0.09566,0.09731,0.09447,0.09681
1716249600000,0.09681,0.0978,0.09428,0.09608
1716264000000,0.09608,0.09677,0.0945,0.09552
1716278400000,0.09552,0.0958,0.09328,0.09385
1716292800000,0.09385,0.09499,0.09223,0.09255
1716307200000,0.09255,0.09407,0.09116,0.09193
1716321600000,0.09193,0.09356,0.09166,0.09278
1716336000000,0.09278,0.09369,0.09226,0.09314
1716350400000,0.09314,0.0943,0.09143,0.09304
1716364800000,0.09304,0.09518,0.09255,0.09296
1716379200000,0.09296,0.09382,0.09052,0.09354
1716393600000,0.09354,0.09425,0.09162,0.09278
1716408000000,0.09278,0.09366,0.09093,0.09216
1716422400000,0.09216,0.09314,0.09121,0.0929
1716436800000,0.0929,0.0929,0.09145,0.09231
1716451200000,0.09231,0.09231,0.09017,0.09198
1716465600000,0.09198,0.09232,0.085,0.08801
1716480000000,0.08801,0.08813,0.08503,0.08613
1716494400000,0.08613,0.08915,0.08329,0.08843
1716508800000,0.08843,0.09013,0.08796,0.08986
1716523200000,0.08986,0.09039,0.08614,0.08713
1716537600000,0.08713,0.08766,0.08542,0.08756
1716552000000,0.08756,0.08902,0.08681,0.08807
1716566400000,0.08807,0.08888,0.08659,0.08795
1716580800000,0.08795,0.08817,0.08708,0.08778
1716595200000,0.08778,0.08944,0.08754,0.08937
1716609600000,0.08937,0.09014,0.08913,0.08972
1716624000000,0.08972,0.08987,0.08863,0.08918
1716638400000,0.08918,0.0893,0.08813,0.08885
1716652800000,0.08885,0.08887,0.08821,0.08837
1716667200000,0.08837,0.08882,0.08806,0.08873
1716681600000,0.08873,0.08882,0.08718,0.08796
1716696000000,0.08796,0.08919,0.08723,0.08867
1716710400000,0.08867,0.08911,0.08746,0.08803
1716724800000,0.08803,0.08839,0.08695,0.08739
1716739200000,0.08739,0.08764,0.08657,0.08705
1716753600000,0.08705,0.08742,0.08572,0.0868
1716768000000,0.0868,0.08859,0.08675,0.0884
1716782400000,0.0884,0.08911,0.08707,0.08738
1716796800000,0.08738,0.08848,0.08724,0.08829
1716811200000,0.08829,0.09196,0.08807,0.09188
1716825600000,0.09188,0.09556,0.09079,0.09132
1716840000000,0.09132,0.09446,0.09123,0.09293
1716854400000,0.09293,0.09322,0.09051,0.09086
1716868800000,0.09086,0.09106,0.08908,0.0903
1716883200000,0.0903,0.09436,0.09023,0.0933
1716897600000,0.0933,0.09457,0.09113,0.09199
1716912000000,0.09199,0.09282,0.09057,0.09265
1716926400000,0.09265,0.09366,0.09157,0.09209
1716940800000,0.09209,0.09296,0.09149,0.09269
1716955200000,0.09269,0.09465,0.09262,0.09408
1716969600000,0.09408,0.0976,0.09261,0.09532
1716984000000,0.09532,0.09672,0.09403,0.09423
1716998400000,0.09423,0.0949,0.0926,0.0926
1717012800000,0.0926,0.09316,0.09185,0.09219
1717027200000,0.09219,0.09489,0.09218,0.09434
1717041600000,0.09434,0.09537,0.0907,0.09098
1717056000000,0.09098,0.09145,0.08971,0.09087
1717070400000,0.09087,0.09612,0.09065,0.09517
1717084800000,0.09517,0.10122,0.09481,0.09863
1717099200000,0.09863,0.10051,0.09709,0.09958
1717113600000,0.09958,0.10104,0.0976,0.10042
1717128000000,0.10042,0.10168,0.09783,0.09947
1717142400000,0.09947,0.10325,0.09859,0.10259
1717156800000,0.10259,0.10511,0.09926,0.09965
1717171200000,0.09965,0.10165,0.09857,0.10094
1717185600000,0.10094,0.10302,0.10063,0.10227
1717200000000,0.10227,0.10272,0.09957,0.10044
1717214400000,0.10044,0.10121,0.09821,0.09848
1717228800000,0.09848,0.09867,0.09761,0.09855
1717243200000,0.09855,0.1027,0.09806,0.1017
1717257600000,0.1017,0.10253,0.10057,0.10153
1717272000000,0.10153,0.10261,0.10082,0.101
1717286400000,0.101,0.10318,0.10079,0.10216
1717300800000,0.10216,0.10258,0.10087,0.10101
1717315200000,0.10101,0.10165,0.09912,0.10055
1717329600000,0.10055,0.10095,0.09936,0.09989
1717344000000,0.09989,0.1004,0.09645,0.09801
1717358400000,0.09801,0.09823,0.09728,0.09765
1717372800000,0.09765,0.10213,0.09635,0.10205
1717387200000,0.10205,0.10242,0.09946,0.10042
1717401600000,0.10042,0.10307,0.10029,0.10201
1717416000000,0.10201,0.10598,0.10137,0.10468
1717430400000,0.10468,0.10707,0.10313,0.10541
1717444800000,0.10541,0.10839,0.1046,0.10742
1717459200000,0.10742,0.10847,0.10538,0.10732
1717473600000,0.10732,0.11807,0.10705,0.11463
1717488000000,0.11463,0.11784,0.11027,0.11297
1717502400000,0.11297,0.11546,0.11114,0.1149
1717516800000,0.1149,0.12065,0.11423,0.11728
1717531200000,0.11728,0.1175,0.11435,0.11668
1717545600000,0.11668,0.11745,0.11343,0.11505
1717560000000,0.11505,0.11778,0.11335,0.11577
1717574400000,0.11577,0.11627,0.1135,0.11428
1717588800000,0.11428,0.11751,0.11302,0.1165
1717603200000,0.1165,0.11709,0.11389,0.11453
1717617600000,0.11453,0.11672,0.11376,0.11672
1717632000000,0.11672,0.11988,0.11608,0.11619
1717646400000,0.11619,0.11674,0.11453,0.11559
1717660800000,0.11559,0.12414,0.11417,0.12356
1717675200000,0.12356,0.12372,0.11455,0.11737
1717689600000,0.11737,0.11752,0.11527,0.11546
1717704000000,0.11546,0.11662,0.11399,0.11608
1717718400000,0.11608,0.11632,0.11437,0.11555
1717732800000,0.11555,0.11791,0.11526,0.11659
1717747200000,0.11659,0.1188,0.11615,0.11711
1717761600000,0.11711,0.11771,0.11338,0.1155
1717776000000,0.1155,0.11629,0.10339,0.1108
1717790400000,0.1108,0.11083,0.10811,0.10838
1717804800000,0.10838,0.11067,0.10805,0.10947
1717819200000,0.10947,0.1098,0.10703,0.10877
1717833600000,0.10877,0.10877,0.10415,0.10466
1717848000000,0.10466,0.1057,0.10066,0.10381
1717862400000,0.10381,0.10594,0.10313,0.10456
1717876800000,0.10456,0.10481,0.1026,0.10356
1717891200000,0.10356,0.10712,0.10356,0.10495
1717905600000,0.10495,0.10694,0.10343,0.10564
1717920000000,0.10564,0.10674,0.10513,0.10673
1717934400000,0.10673,0.11048,0.10639,0.10832
1717948800000,0.10832,0.11443,0.10829,0.11436
1717963200000,0.11436,0.1181,0.11281,0.11759
1717977600000,0.11759,0.12145,0.11577,0.11821
1717992000000,0.11821,0.1191,0.11362,0.1139
1718006400000,0.1139,0.12075,0.11356,0.11786
1718020800000,0.11786,0.12374,0.11411,0.1221
1718035200000,0.1221,0.12482,0.11828,0.11978
1718049600000,0.11978,0.12481,0.11752,0.1246
1718064000000,0.1246,0.12786,0.11964,0.12389
1718078400000,0.12389,0.12417,0.11736,0.11789
1718092800000,0.11789,0.11992,0.11571,0.11773
1718107200000,0.11773,0.11773,0.1084,0.11139
1718121600000,0.11139,0.12349,0.11087,0.12338
1718136000000,0.12338,0.12399,0.1177,0.12058
1718150400000,0.12058,0.12648,0.12038,0.12224
1718164800000,0.12224,0.12559,0.11975,0.12542
1718179200000,0.12542,0.13167,0.12331,0.12795
1718193600000,0.12795,0.1369,0.12603,0.13333
1718208000000,0.13333,0.13428,0.12666,0.1271
1718222400000,0.1271,0.13087,0.12615,0.1295
1718236800000,0.1295,0.13226,0.12643,0.12709
1718251200000,0.12709,0.12978,0.1253,0.12782
1718265600000,0.12782,0.12998,0.12576,0.12717
1718280000000,0.12717,0.12967,0.12212,0.12238
1718294400000,0.12238,0.12507,0.11942,0.12085
1718308800000,0.12085,0.12193,0.11684,0.1206
1718323200000,0.1206,0.12427,0.11942,0.12289
1718337600000,0.12289,0.13455,0.12082,0.1321
1718352000000,0.1321,0.13231,0.1204,0.12807
1718366400000,0.12807,0.12819,0.119,0.11945
1718380800000,0.11945,0.11988,0.11408,0.11584
1718395200000,0.11584,0.11735,0.11375,0.11581
1718409600000,0.11581,0.11581,0.11457,0.11525
1718424000000,0.11525,0.12507,0.11462,0.12076
1718438400000,0.12076,0.12593,0.12019,0.12589
1718452800000,0.12589,0.12721,0.11783,0.12179
1718467200000,0.12179,0.12542,0.12161,0.12239
1718481600000,0.12239,0.12239,0.12026,0.12031
1718496000000,0.12031,0.12056,0.11697,0.11713
1718510400000,0.11713,0.11754,0.11525,0.11685
1718524800000,0.11685,0.12406,0.11676,0.12064
1718539200000,0.12064,0.12292,0.11928,0.1197
1718553600000,0.1197,0.12236,0.11853,0.11952
1718568000000,0.11952,0.11961,0.11718,0.11742
1718582400000,0.11742,0.11791,0.11129,0.11151
1718596800000,0.11151,0.11209,0.10928,0.1096
1718611200000,0.1096,0.11026,0.10547,0.10754
1718625600000,0.10754,0.10769,0.10524,0.10583
1718640000000,0.10583,0.10807,0.10122,0.10613
1718654400000,0.10613,0.10624,0.10074,0.10147
1718668800000,0.10147,0.10216,0.08871,0.09633
1718683200000,0.09633,0.09866,0.0956,0.09814
1718697600000,0.09814,0.09852,0.09214,0.09393
1718712000000,0.09393,0.09703,0.09177,0.0958
1718726400000,0.0958,0.09772,0.09447,0.09605
1718740800000,0.09605,0.09807,0.09398,0.09623
1718755200000,0.09623,0.09942,0.09515,0.0988
1718769600000,0.0988,0.09976,0.09653,0.09675
1718784000000,0.09675,0.09804,0.09537,0.09708
1718798400000,0.09708,0.09841,0.09542,0.09642
1718812800000,0.09642,0.09881,0.09609,0.09699
1718827200000,0.09699,0.09787,0.09493,0.09617
1718841600000,0.09617,0.0989,0.09547,0.09707
1718856000000,0.09707,0.10144,0.09599,0.10132
1718870400000,0.10132,0.10225,0.09947,0.10039
1718884800000,0.10039,0.10083,0.09353,0.09426
1718899200000,0.09426,0.09584,0.09248,0.09541
1718913600000,0.09541,0.09579,0.09349,0.0938
1718928000000,0.0938,0.09525,0.0924,0.09407
1718942400000,0.09407,0.09552,0.09236,0.09283
1718956800000,0.09283,0.09421,0.091,0.09355
1718971200000,0.09355,0.09529,0.09208,0.09384
1718985600000,0.09384,0.09475,0.09211,0.09238
1719000000000,0.09238,0.09343,0.09129,0.09191
1719014400000,0.09191,0.09243,0.08986,0.09193
1719028800000,0.09193,0.093,0.09103,0.09118
1719043200000,0.09118,0.09173,0.09031,0.09114
1719057600000,0.09114,0.09289,0.09077,0.09277
1719072000000,0.09277,0.0932,0.09192,0.09221
1719086400000,0.09221,0.09223,0.09101,0.09115
1719100800000,0.09115,0.09288,0.09098,0.09265
1719115200000,0.09265,0.09265,0.09138,0.09153
1719129600000,0.09153,0.09211,0.09062,0.09119
1719144000000,0.09119,0.09161,0.08804,0.08851
1719158400000,0.08851,0.09013,0.08823,0.08992
1719172800000,0.08992,0.0912,0.08835,0.08985
1719187200000,0.08985,0.09187,0.0884,0.0905
1719201600000,0.0905,0.09086,0.08571,0.086
1719216000000,0.086,0.08816,0.08211,0.0876
1719230400000,0.0876,0.09054,0.08734,0.08871
1719244800000,0.08871,0.0902,0.08704,0.08768
1719259200000,0.08768,0.09231,0.08621,0.09182
1719273600000,0.09182,0.09305,0.0911,0.09214
1719288000000,0.09214,0.09272,0.09042,0.09053
1719302400000,0.09053,0.0927,0.09002,0.09199
1719316800000,0.09199,0.09324,0.09029,0.09297
1719331200000,0.09297,0.0942,0.09173,0.0934
1719345600000,0.0934,0.09352,0.09207,0.09276
1719360000000,0.09276,0.09393,0.0916,0.09177
1719374400000,0.09177,0.09199,0.08804,0.08967
1719388800000,0.08967,0.09192,0.08818,0.08869
1719403200000,0.08869,0.09169,0.08857,0.08954
1719417600000,0.08954,0.09325,0.089,0.0932
1719432000000,0.0932,0.09355,0.09153,0.09222
1719446400000,0.09222,0.09259,0.09142,0.09173
1719460800000,0.09173,0.09187,0.0899,0.09107
1719475200000,0.09107,0.09372,0.09104,0.09302
1719489600000,0.09302,0.09595,0.09261,0.09572
1719504000000,0.09572,0.09795,0.09566,0.09681
1719518400000,0.09681,0.09792,0.09647,0.09728
1719532800000,0.09728,0.09759,0.09606,0.09712
1719547200000,0.09712,0.09855,0.09653,0.09763
1719561600000,0.09763,0.09874,0.09682,0.09793
1719576000000,0.09793,0.09987,0.09634,0.09904
1719590400000,0.09904,0.10084,0.0971,0.09807
1719604800000,0.09807,0.09868,0.09656,0.09667
1719619200000,0.09667,0.09808,0.09634,0.09677
1719633600000,0.09677,0.09681,0.09527,0.09558
1719648000000,0.09558,0.09724,0.09503,0.0966
1719662400000,0.0966,0.0973,0.09544,0.09727
1719676800000,0.09727,0.0985,0.09546,0.09608
1719691200000,0.09608,0.09653,0.09512,0.09559
1719705600000,0.09559,0.0971,0.09405,0.09584
1719720000000,0.09584,0.09991,0.09549,0.09944
1719734400000,0.09944,0.09995,0.09571,0.0959
1719748800000,0.0959,0.09869,0.09581,0.09657
1719763200000,0.09657,0.09752,0.09514,0.09723
1719777600000,0.09723,0.10088,0.09723,0.09948
1719792000000,0.09948,0.10183,0.09881,0.10061
1719806400000,0.10061,0.10114,0.09965,0.10093
1719820800000,0.10093,0.10176,0.09982,0.10143
1719835200000,0.10143,0.10284,0.09858,0.09991
1719849600000,0.09991,0.10336,0.09773,0.09921
1719864000000,0.09921,0.10094,0.09731,0.09759
1719878400000,0.09759,0.09837,0.09566,0.09764
1719892800000,0.09764,0.09987,0.09764,0.09813
1719907200000,0.09813,0.09954,0.09799,0.09855
1719921600000,0.09855,0.09999,0.09687,0.09769
1719936000000,0.09769,0.09968,0.09658,0.09891
1719950400000,0.09891,0.10258,0.09891,0.10229
1719964800000,0.10229,0.1038,0.09895,0.1004
1719979200000,0.1004,0.10104,0.09919,0.09983
1719993600000,0.09983,0.10037,0.09624,0.09693
1720008000000,0.09693,0.09974,0.09569,0.09786
1720022400000,0.09786,0.098,0.09257,0.09278
1720036800000,0.09278,0.09389,0.09213,0.09273
1720051200000,0.09273,0.09323,0.08845,0.09118
1720065600000,0.09118,0.09137,0.08837,0.08916
1720080000000,0.08916,0.08946,0.08632,0.08692
1720094400000,0.08692,0.08697,0.08335,0.08638
1720108800000,0.08638,0.08666,0.08518,0.08558
1720123200000,0.08558,0.08788,0.0828,0.08393
1720137600000,0.08393,0.08396,0.07241,0.07463
1720152000000,0.07463,0.07808,0.07283,0.07756
1720166400000,0.07756,0.08169,0.07466,0.08144
1720180800000,0.08144,0.08616,0.08011,0.08525
1720195200000,0.08525,0.0861,0.08282,0.08345
1720209600000,0.08345,0.08386,0.08159,0.08215
1720224000000,0.08215,0.08457,0.08064,0.08268
1720238400000,0.08268,0.08307,0.0812,0.08218
1720252800000,0.08218,0.08268,0.08097,0.08242
1720267200000,0.08242,0.0846,0.08137,0.08404
1720281600000,0.08404,0.08637,0.08309,0.08598
1720296000000,0.08598,0.08673,0.08495,0.08526
1720310400000,0.08526,0.08534,0.08274,0.08377
1720324800000,0.08377,0.08381,0.08119,0.08196
1720339200000,0.08196,0.0833,0.08166,0.08252
1720353600000,0.08252,0.08325,0.07915,0.07997
1720368000000,0.07997,0.08155,0.07972,0.08067
1720382400000,0.08067,0.08084,0.07731,0.07784
1720396800000,0.07784,0.07851,0.07396,0.07573
1720411200000,0.07573,0.07774,0.07547,0.07698
1720425600000,0.07698,0.08243,0.07677,0.08107
1720440000000,0.08107,0.08184,0.07654,0.07829
1720454400000,0.07829,0.07887,0.077,0.07867
1720468800000,0.07867,0.07966,0.07817,0.07885
1720483200000,0.07885,0.08107,0.07833,0.08054
1720497600000,0.08054,0.08142,0.07987,0.08048
1720512000000,0.08048,0.08175,0.08018,0.08061
1720526400000,0.08061,0.08156,0.07941,0.08098
1720540800000,0.08098,0.08156,0.08023,0.08103
1720555200000,0.08103,0.08125,0.07994,0.08073
1720569600000,0.08073,0.08096,0.07936,0.08088
1720584000000,0.08088,0.08349,0.08086,0.08246
1720598400000,0.08246,0.08283,0.08152,0.08211
1720612800000,0.08211,0.08336,0.08125,0.08266
1720627200000,0.08266,0.08346,0.0814,0.08148
1720641600000,0.08148,0.08167,0.08059,0.08136
1720656000000,0.08136,0.08283,0.08053,0.0813
1720670400000,0.0813,0.08235,0.08089,0.08194
1720684800000,0.08194,0.08288,0.08155,0.08245
1720699200000,0.08245,0.08487,0.07961,0.08013
1720713600000,0.08013,0.08065,0.07865,0.07877
1720728000000,0.07877,0.07877,0.07707,0.07777
1720742400000,0.07777,0.07926,0.07749,0.07891
1720756800000,0.07891,0.07898,0.07766,0.07816
1720771200000,0.07816,0.07835,0.07654,0.07694
1720785600000,0.07694,0.07859,0.07615,0.07813
1720800000000,0.07813,0.07877,0.07756,0.07766
1720814400000,0.07766,0.0786,0.07705,0.07846
1720828800000,0.07846,0.08036,0.0784,0.08004
1720843200000,0.08004,0.08096,0.07968,0.08074
1720857600000,0.08074,0.08097,0.07958,0.07988
1720872000000,0.07988,0.0804,0.07948,0.08014
1720886400000,0.08014,0.08063,0.0797,0.08043
1720900800000,0.08043,0.08266,0.08038,0.08124
1720915200000,0.08124,0.08229,0.08092,0.08149
1720929600000,0.08149,0.08252,0.08139,0.08228
1720944000000,0.08228,0.08297,0.08218,0.08237
1720958400000,0.08237,0.08278,0.08148,0.0823
1720972800000,0.0823,0.08253,0.0812,0.08152
1720987200000,0.08152,0.08494,0.08148,0.08467
1721001600000,0.08467,0.08756,0.08434,0.08698
1721016000000,0.08698,0.08727,0.08534,0.08676
1721030400000,0.08676,0.08775,0.08555,0.08599
1721044800000,0.08599,0.08741,0.08599,0.08649
1721059200000,0.08649,0.08799,0.08625,0.08759
1721073600000,0.08759,0.09276,0.0871,0.09227
1721088000000,0.09227,0.09294,0.09129,0.09219
1721102400000,0.09219,0.0922,0.08765,0.08835
1721116800000,0.08835,0.08979,0.08729,0.08949
1721131200000,0.08949,0.0937,0.089,0.09327
1721145600000,0.09327,0.09413,0.09194,0.09283
1721160000000,0.09283,0.09295,0.09097,0.09187
1721174400000,0.09187,0.09415,0.09187,0.09297
1721188800000,0.09297,0.09421,0.09242,0.09372
1721203200000,0.09372,0.0951,0.09203,0.09271
1721217600000,0.09271,0.09361,0.09171,0.09173
1721232000000,0.09173,0.09184,0.08963,0.09117
1721246400000,0.09117,0.09163,0.08964,0.09024
1721260800000,0.09024,0.09289,0.09024,0.09154
1721275200000,0.09154,0.09226,0.09066,0.09072
1721289600000,0.09072,0.09146,0.09032,0.09137
1721304000000,0.09137,0.09253,0.08829,0.0886
1721318400000,0.0886,0.08972,0.08763,0.08849
1721332800000,0.08849,0.09238,0.08811,0.09188
1721347200000,0.09188,0.0925,0.08932,0.09242
1721361600000,0.09242,0.09292,0.08941,0.08963
1721376000000,0.08963,0.09024,0.08899,0.09001
1721390400000,0.09001,0.09367,0.08977,0.09362
1721404800000,0.09362,0.09469,0.093,0.0942
1721419200000,0.0942,0.09448,0.09359,0.09408
1721433600000,0.09408,0.0947,0.09341,0.09373
1721448000000,0.09373,0.09416,0.09326,0.09345
1721462400000,0.09345,0.09367,0.09238,0.0925
1721476800000,0.0925,0.09426,0.09182,0.09418
1721491200000,0.09418,0.09554,0.09305,0.09451
1721505600000,0.09451,0.09541,0.09413,0.09493
1721520000000,0.09493,0.09591,0.09451,0.0952
1721534400000,0.0952,0.09529,0.09222,0.0932
1721548800000,0.0932,0.09363,0.09258,0.0932
1721563200000,0.0932,0.09461,0.09182,0.09371
1721577600000,0.09371,0.09461,0.09006,0.09398
1721592000000,0.09398,0.09844,0.09378,0.09694
1721606400000,0.09694,0.09801,0.09503,0.09503
1721620800000,0.09503,0.09549,0.093,0.09311
1721635200000,0.09311,0.09538,0.09279,0.09524
1721649600000,0.09524,0.09611,0.0926,0.09314
1721664000000,0.09314,0.09426,0.09214,0.09381
1721678400000,0.09381,0.09445,0.09116,0.0921
1721692800000,0.0921,0.09439,0.09174,0.0931
1721707200000,0.0931,0.09311,0.09028,0.09077
1721721600000,0.09077,0.09333,0.09074,0.09135
1721736000000,0.09135,0.09153,0.08919,0.08963
1721750400000,0.08963,0.08964,0.08617,0.08834
1721764800000,0.08834,0.08878,0.0873,0.08827
1721779200000,0.08827,0.08924,0.08777,0.08913
1721793600000,0.08913,0.09,0.0884,0.0897
1721808000000,0.0897,0.09182,0.08939,0.09129
1721822400000,0.09129,0.09166,0.08904,0.08922
1721836800000,0.08922,0.09048,0.08761,0.08786
1721851200000,0.08786,0.08824,0.08621,0.08728
1721865600000,0.08728,0.08785,0.08315,0.08555
1721880000000,0.08555,0.08638,0.08482,0.08583
1721894400000,0.08583,0.08649,0.08501,0.08527
1721908800000,0.08527,0.08585,0.08333,0.08478
1721923200000,0.08478,0.08524,0.08199,0.08316
1721937600000,0.08316,0.08517,0.08177,0.08481
1721952000000,0.08481,0.0869,0.08397,0.08629
1721966400000,0.08629,0.08898,0.08618,0.08792
1721980800000,0.08792,0.08869,0.08746,0.08826
1721995200000,0.08826,0.08964,0.08788,0.08873
1722009600000,0.08873,0.0893,0.08817,0.08852
1722024000000,0.08852,0.08882,0.08749,0.08829
1722038400000,0.08829,0.08877,0.08702,0.08704
1722052800000,0.08704,0.08853,0.08703,0.08819
1722067200000,0.08819,0.08856,0.08755,0.08837
1722081600000,0.08837,0.09015,0.08675,0.08751
1722096000000,0.08751,0.08819,0.08618,0.08731
1722110400000,0.08731,0.08835,0.08508,0.08723
1722124800000,0.08723,0.08758,0.08624,0.08674
1722139200000,0.08674,0.08681,0.08531,0.08648
1722153600000,0.08648,0.08678,0.08599,0.08642
1722168000000,0.08642,0.08646,0.08528,0.08549
1722182400000,0.08549,0.08572,0.08491,0.08516
1722196800000,0.08516,0.08519,0.08425,0.08513
1722211200000,0.08513,0.0888,0.08507,0.0877
1722225600000,0.0877,0.08826,0.08719,0.08809
1722240000000,0.08809,0.08844,0.08704,0.08704
1722254400000,0.08704,0.08707,0.08357,0.08459
1722268800000,0.08459,0.08459,0.08243,0.08376
1722283200000,0.08376,0.08389,0.08221,0.0827
1722297600000,0.0827,0.08396,0.082,0.08365
1722312000000,0.08365,0.08675,0.08358,0.08597
1722326400000,0.08597,0.08622,0.08418,0.08436
1722340800000,0.08436,0.08496,0.08334,0.08462
1722355200000,0.08462,0.08472,0.08133,0.08195
1722369600000,0.08195,0.08277,0.08091,0.0822
1722384000000,0.0822,0.08282,0.08137,0.08153
1722398400000,0.08153,0.08233,0.0805,0.08151
1722412800000,0.08151,0.08169,0.08088,0.08123
1722427200000,0.08123,0.08363,0.08105,0.08197
1722441600000,0.08197,0.08277,0.08026,0.08091
1722456000000,0.08091,0.08163,0.07971,0.08108
1722470400000,0.08108,0.08188,0.07988,0.08028
1722484800000,0.08028,0.08062,0.07791,0.07882
1722499200000,0.07882,0.0792,0.07788,0.07812
1722513600000,0.07812,0.07939,0.07501,0.07556
1722528000000,0.07556,0.07556,0.07206,0.07511
1722542400000,0.07511,0.07913,0.07436,0.0788
1722556800000,0.0788,0.07886,0.07578,0.0767
1722571200000,0.0767,0.07693,0.07364,0.07461
1722585600000,0.07461,0.07577,0.07384,0.07509
1722600000000,0.07509,0.07702,0.07072,0.07323
1722614400000,0.07323,0.07343,0.07112,0.07181
1722628800000,0.07181,0.0723,0.0704,0.0715
1722643200000,0.0715,0.07199,0.06901,0.07179
1722657600000,0.07179,0.07227,0.07139,0.0714
1722672000000,0.0714,0.07158,0.07083,0.07132
1722686400000,0.07132,0.07235,0.06919,0.06927
1722700800000,0.06927,0.06955,0.06542,0.06583
1722715200000,0.06583,0.0674,0.06517,0.06688
1722729600000,0.06688,0.06895,0.06679,0.06816
1722744000000,0.06816,0.0686,0.06717,0.06725
1722758400000,0.06725,0.06784,0.06699,0.06741
1722772800000,0.06741,0.06839,0.06342,0.06355
1722787200000,0.06355,0.06671,0.06127,0.0662
1722801600000,0.0662,0.06698,0.0642,0.06427
1722816000000,0.06427,0.06502,0.052,0.05569
1722830400000,0.05569,0.05673,0.04911,0.05485
1722844800000,0.05485,0.05518,0.05007,0.05181
1722859200000,0.05181,0.05759,0.0494,0.05711
1722873600000,0.05711,0.05888,0.05496,0.05568
1722888000000,0.05568,0.05765,0.05559,0.05678
1722902400000,0.05678,0.06107,0.05674,0.05965
1722916800000,0.05965,0.0614,0.05927,0.06135
1722931200000,0.06135,0.06135,0.05891,0.05943
1722945600000,0.05943,0.06255,0.0588,0.06129
1722960000000,0.06129,0.06215,0.0606,0.06079
1722974400000,0.06079,0.06152,0.05968,0.05997
1722988800000,0.05997,0.06235,0.05922,0.06139
1723003200000,0.06139,0.06214,0.06072,0.06116
1723017600000,0.06116,0.06204,0.06041,0.06041
1723032000000,0.06041,0.06142,0.05831,0.059
1723046400000,0.059,0.05939,0.05709,0.05748
1723060800000,0.05748,0.05806,0.05635,0.05705
1723075200000,0.05705,0.06095,0.056,0.05995
1723089600000,0.05995,0.06084,0.05977,0.06
1723104000000,0.06,0.06065,0.05964,0.05999
1723118400000,0.05999,0.06278,0.05957,0.06276
1723132800000,0.06276,0.06372,0.06256,0.06293
1723147200000,0.06293,0.06523,0.06276,0.06448
1723161600000,0.06448,0.06473,0.06299,0.06306
1723176000000,0.06306,0.06391,0.06232,0.0637
1723190400000,0.0637,0.06443,0.06295,0.06348
1723204800000,0.06348,0.06381,0.06185,0.06196
1723219200000,0.06196,0.06249,0.06152,0.06215
1723233600000,0.06215,0.06309,0.06158,0.06294
1723248000000,0.06294,0.06352,0.06234,0.06272
1723262400000,0.06272,0.06349,0.06234,0.06322
1723276800000,0.06322,0.06426,0.06296,0.06413
1723291200000,0.06413,0.06424,0.06341,0.06384
1723305600000,0.06384,0.06417,0.06347,0.06409
1723320000000,0.06409,0.06457,0.06375,0.06395
1723334400000,0.06395,0.06482,0.06374,0.06442
1723348800000,0.06442,0.06498,0.06393,0.06486
1723363200000,0.06486,0.06615,0.06293,0.06318
1723377600000,0.06318,0.06337,0.06131,0.06152
1723392000000,0.06152,0.06181,0.06011,0.06025
1723406400000,0.06025,0.06036,0.05884,0.05928
1723420800000,0.05928,0.06012,0.05905,0.05951
1723435200000,0.05951,0.0607,0.05878,0.06047
1723449600000,0.06047,0.06329,0.06027,0.06317
1723464000000,0.06317,0.06326,0.05974,0.06237
1723478400000,0.06237,0.06266,0.06061,0.06108
1723492800000,0.06108,0.06233,0.0604,0.06185
1723507200000,0.06185,0.0622,0.0603,0.06041
1723521600000,0.06041,0.06101,0.0597,0.06034
1723536000000,0.06034,0.06034,0.05937,0.05995
1723550400000,0.05995,0.06135,0.05984,0.06057
1723564800000,0.06057,0.06293,0.0605,0.06208
1723579200000,0.06208,0.06234,0.06169,0.06197
1723593600000,0.06197,0.06213,0.0612,0.06167
1723608000000,0.06167,0.06182,0.06036,0.0605
1723622400000,0.0605,0.0621,0.06037,0.0614
1723636800000,0.0614,0.06252,0.05906,0.06083
1723651200000,0.06083,0.06085,0.05937,0.05966
1723665600000,0.05966,0.06,0.05932,0.0596
1723680000000,0.0596,0.06014,0.05881,0.05919
1723694400000,0.05919,0.05934,0.05827,0.05873
1723708800000,0.05873,0.05961,0.05855,0.05951
1723723200000,0.05951,0.06042,0.05931,0.05994
1723737600000,0.05994,0.06007,0.05654,0.05696
1723752000000,0.05696,0.05814,0.05648,0.05756
1723766400000,0.05756,0.05756,0.05615,0.05677
1723780800000,0.05677,0.05821,0.0566,0.05796
1723795200000,0.05796,0.05818,0.05658,0.05672
1723809600000,0.05672,0.05706,0.05477,0.05538
1723824000000,0.05538,0.05726,0.05525,0.05704
1723838400000,0.05704,0.05748,0.05668,0.05678
1723852800000,0.05678,0.05678,0.05606,0.05633
1723867200000,0.05633,0.0573,0.0563,0.05689
1723881600000,0.05689,0.05718,0.05654,0.05665
1723896000000,0.05665,0.05766,0.05652,0.05676
1723910400000,0.05676,0.057,0.05618,0.05663
1723924800000,0.05663,0.05787,0.05658,0.05736
1723939200000,0.05736,0.05736,0.0563,0.05657
1723953600000,0.05657,0.05709,0.05614,0.05685
1723968000000,0.05685,0.05841,0.05647,0.05817
1723982400000,0.05817,0.05946,0.05813,0.05864
1723996800000,0.05864,0.05905,0.05812,0.05905
1724011200000,0.05905,0.05917,0.05752,0.05761
1724025600000,0.05761,0.0577,0.05677,0.05723
1724040000000,0.05723,0.05731,0.05664,0.05694
1724054400000,0.05694,0.05765,0.05635,0.05697
1724068800000,0.05697,0.05765,0.05653,0.05714
1724083200000,0.05714,0.05866,0.05647,0.05779
1724097600000,0.05779,0.0587,0.05767,0.0586
1724112000000,0.0586,0.06019,0.0585,0.05936
1724126400000,0.05936,0.06059,0.05936,0.0602
1724140800000,0.0602,0.06028,0.0594,0.05989
1724155200000,0.05989,0.06055,0.05789,0.05876
1724169600000,0.05876,0.05947,0.05828,0.05946
1724184000000,0.05946,0.05984,0.05883,0.05893
1724198400000,0.05893,0.05924,0.05822,0.05878
1724212800000,0.05878,0.05968,0.05831,0.05967
1724227200000,0.05967,0.05989,0.05872,0.05919
1724241600000,0.05919,0.0596,0.05801,0.0589
1724256000000,0.0589,0.06087,0.05839,0.0607
1724270400000,0.0607,0.06159,0.06043,0.06049
1724284800000,0.06049,0.06094,0.05957,0.06035
1724299200000,0.06035,0.06129,0.06019,0.0612
1724313600000,0.0612,0.06228,0.06102,0.0618
1724328000000,0.0618,0.06185,0.06018,0.06044
1724342400000,0.06044,0.06097,0.06013,0.0603
1724356800000,0.0603,0.0613,0.05984,0.06055
1724371200000,0.06055,0.06157,0.06055,0.06081
1724385600000,0.06081,0.0622,0.06054,0.06196
1724400000000,0.06196,0.06254,0.06135,0.06135
1724414400000,0.06135,0.06397,0.06135,0.06286
1724428800000,0.06286,0.06573,0.06276,0.06518
1724443200000,0.06518,0.06592,0.06467,0.06495
1724457600000,0.06495,0.06599,0.06465,0.06503
1724472000000,0.06503,0.06642,0.06482,0.06631
1724486400000,0.06631,0.06883,0.06537,0.06716
1724500800000,0.06716,0.06847,0.06716,0.06748
1724515200000,0.06748,0.06971,0.0674,0.06955
1724529600000,0.06955,0.06977,0.06649,0.06756
1724544000000,0.06756,0.06778,0.06475,0.06646
1724558400000,0.06646,0.06685,0.06386,0.0642
1724572800000,0.0642,0.06577,0.06388,0.06547
1724587200000,0.06547,0.06641,0.06505,0.06578
1724601600000,0.06578,0.06628,0.06481,0.06534
1724616000000,0.06534,0.06633,0.06509,0.06531
1724630400000,0.06531,0.06606,0.06426,0.06512
1724644800000,0.06512,0.06555,0.06361,0.06424
1724659200000,0.06424,0.065,0.06353,0.06458
1724673600000,0.06458,0.06476,0.06208,0.06248
1724688000000,0.06248,0.0629,0.06015,0.06042
1724702400000,0.06042,0.06118,0.06018,0.06041
1724716800000,0.06041,0.06124,0.06029,0.06099
1724731200000,0.06099,0.06203,0.06057,0.06078
1724745600000,0.06078,0.06104,0.05908,0.0596
1724760000000,0.0596,0.06015,0.05884,0.0595
1724774400000,0.0595,0.06088,0.05929,0.06035
1724788800000,0.06035,0.06035,0.05463,0.05745
1724803200000,0.05745,0.05747,0.05659,0.05741
1724817600000,0.05741,0.05755,0.05634,0.05634
1724832000000,0.05634,0.05881,0.05581,0.05798
1724846400000,0.05798,0.05853,0.05601,0.05659
1724860800000,0.05659,0.05687,0.05403,0.05568
1724875200000,0.05568,0.05699,0.05484,0.05556
1724889600000,0.05556,0.05637,0.05556,0.05606
1724904000000,0.05606,0.05714,0.05572,0.05681
1724918400000,0.05681,0.05913,0.05633,0.05839
1724932800000,0.05839,0.05978,0.05788,0.05895
1724947200000,0.05895,0.05938,0.0548,0.05545
1724961600000,0.05545,0.05619,0.05478,0.05602
1724976000000,0.05602,0.0563,0.05505,0.05524
1724990400000,0.05524,0.05626,0.0548,0.05584
1725004800000,0.05584,0.05635,0.05547,0.05553
1725019200000,0.05553,0.05643,0.05271,0.05284
1725033600000,0.05284,0.05633,0.05261,0.05527
1725048000000,0.05527,0.05605,0.05503,0.05585
1725062400000,0.05585,0.0563,0.05564,0.05564
1725076800000,0.05564,0.05609,0.05532,0.05561
1725091200000,0.05561,0.05572,0.05491,0.05551
1725105600000,0.05551,0.05578,0.05511,0.0556
1725120000000,0.0556,0.05582,0.05474,0.05539
1725134400000,0.05539,0.05593,0.05519,0.05593
1725148800000,0.05593,0.05593,0.05466,0.05544
1725163200000,0.05544,0.05562,0.05468,0.05559
1725177600000,0.05559,0.05559,0.0546,0.05509
1725192000000,0.05509,0.05514,0.05336,0.05453
1725206400000,0.05453,0.05552,0.05338,0.05511
1725220800000,0.05511,0.05539,0.05233,0.05275
1725235200000,0.05275,0.05354,0.05249,0.0534
1725249600000,0.0534,0.05348,0.05245,0.05266
1725264000000,0.05266,0.05531,0.05262,0.05453
1725278400000,0.05453,0.05526,0.05367,0.05471
1725292800000,0.05471,0.0551,0.05425,0.05499
1725307200000,0.05499,0.05603,0.05481,0.0551
1725321600000,0.0551,0.05584,0.055,0.05515
1725336000000,0.05515,0.05528,0.05456,0.05509
1725350400000,0.05509,0.0551,0.05436,0.05486
1725364800000,0.05486,0.05516,0.0526,0.05277
1725379200000,0.05277,0.05348,0.05259,0.05321
1725393600000,0.05321,0.05352,0.05215,0.05233
1725408000000,0.05233,0.05282,0.04971,0.05187
1725422400000,0.05187,0.05318,0.05165,0.05294
1725436800000,0.05294,0.05318,0.05168,0.05182
1725451200000,0.05182,0.0538,0.05156,0.05361
1725465600000,0.05361,0.05477,0.0532,0.05346
1725480000000,0.05346,0.05397,0.05317,0.05357
1725494400000,0.05357,0.054,0.05234,0.05247
1725508800000,0.05247,0.05355,0.05238,0.05325
1725523200000,0.05325,0.05342,0.05264,0.0527
1725537600000,0.0527,0.05341,0.05188,0.05226
1725552000000,0.05226,0.05273,0.05121,0.05166
1725566400000,0.05166,0.05199,0.05145,0.05169
1725580800000,0.05169,0.05272,0.05155,0.05233
1725595200000,0.05233,0.05247,0.05093,0.0515
1725609600000,0.0515,0.05224,0.05126,0.05214
1725624000000,0.05214,0.0533,0.05044,0.05118
1725638400000,0.05118,0.0512,0.04961,0.04996
1725652800000,0.04996,0.05,0.04823,0.04934
1725667200000,0.04934,0.05009,0.04925,0.04933
1725681600000,0.04933,0.05072,0.04928,0.05038
1725696000000,0.05038,0.05075,0.04992,0.05006
1725710400000,0.05006,0.05075,0.05006,0.05026
1725724800000,0.05026,0.05037,0.04924,0.05003
1725739200000,0.05003,0.05008,0.04914,0.04959
1725753600000,0.04959,0.0502,0.04945,0.05018
1725768000000,0.05018,0.05053,0.04995,0.05042
1725782400000,0.05042,0.05083,0.05008,0.05023
1725796800000,0.05023,0.05044,0.04917,0.04926
1725811200000,0.04926,0.05007,0.04893,0.04985
1725825600000,0.04985,0.05126,0.04961,0.05035
1725840000000,0.05035,0.05077,0.04985,0.05026
1725854400000,0.05026,0.05061,0.04982,0.05053
1725868800000,0.05053,0.05272,0.05053,0.05201
1725883200000,0.05201,0.0538,0.05184,0.0526
1725897600000,0.0526,0.05381,0.05254,0.05374
1725912000000,0.05374,0.05433,0.05334,0.05347
1725926400000,0.05347,0.05361,0.05293,0.05298
1725940800000,0.05298,0.05473,0.05294,0.05421
1725955200000,0.05421,0.05534,0.05418,0.05515
1725969600000,0.05515,0.05523,0.0538,0.05435
1725984000000,0.05435,0.05566,0.05433,0.05543
1725998400000,0.05543,0.05669,0.05509,0.05565
1726012800000,0.05565,0.05617,0.05421,0.05436
1726027200000,0.05436,0.05438,0.05312,0.05418
1726041600000,0.05418,0.05418,0.05238,0.05284
1726056000000,0.05284,0.05433,0.05217,0.0538
1726070400000,0.0538,0.05479,0.05361,0.05446
1726084800000,0.05446,0.0547,0.0543,0.05431
1726099200000,0.05431,0.05581,0.05428,0.0555
1726113600000,0.0555,0.05589,0.05524,0.05546
1726128000000,0.05546,0.0558,0.05466,0.05481
1726142400000,0.05481,0.05534,0.05366,0.0539
1726156800000,0.0539,0.05588,0.05379,0.05585
1726171200000,0.05585,0.05733,0.05576,0.05668
1726185600000,0.05668,0.05678,0.05566,0.05567
1726200000000,0.05567,0.05581,0.05458,0.05517
1726214400000,0.05517,0.05551,0.05443,0.05464
1726228800000,0.05464,0.05613,0.05422,0.05607
1726243200000,0.05607,0.05894,0.05569,0.05875
1726257600000,0.05875,0.06177,0.0585,0.06085
1726272000000,0.06085,0.06105,0.05978,0.0608
1726286400000,0.0608,0.06322,0.06004,0.06253
1726300800000,0.06253,0.06304,0.06021,0.06104
1726315200000,0.06104,0.06241,0.06087,0.06128
1726329600000,0.06128,0.06291,0.06106,0.06206
1726344000000,0.06206,0.06225,0.06107,0.06116
1726358400000,0.06116,0.06171,0.06085,0.06094
1726372800000,0.06094,0.0615,0.06054,0.06136
1726387200000,0.06136,0.06237,0.06094,0.06197
1726401600000,0.06197,0.06197,0.0608,0.06131
1726416000000,0.06131,0.06171,0.0602,0.06101
1726430400000,0.06101,0.06101,0.05831,0.05975
1726444800000,0.05975,0.06023,0.05783,0.05918
1726459200000,0.05918,0.06026,0.05903,0.05989
1726473600000,0.05989,0.06059,0.05885,0.05994
1726488000000,0.05994,0.05999,0.05737,0.05785
1726502400000,0.05785,0.05979,0.05671,0.05878
1726516800000,0.05878,0.05901,0.05774,0.05841
1726531200000,0.05841,0.05945,0.05773,0.05893
1726545600000,0.05893,0.06038,0.05879,0.0596
1726560000000,0.0596,0.06105,0.0586,0.05872
1726574400000,0.05872,0.06131,0.05859,0.0608
1726588800000,0.0608,0.06114,0.05903,0.0598
1726603200000,0.0598,0.06073,0.05965,0.06022
1726617600000,0.06022,0.06192,0.05965,0.06175
1726632000000,0.06175,0.06211,0.06037,0.06083
1726646400000,0.06083,0.06108,0.05917,0.0599
1726660800000,0.0599,0.0601,0.05719,0.05742
1726675200000,0.05742,0.06415,0.05661,0.05997
1726689600000,0.05997,0.06182,0.05938,0.06176
1726704000000,0.06176,0.06355,0.06134,0.06292
1726718400000,0.06292,0.06489,0.0624,0.0642
1726732800000,0.0642,0.06432,0.0624,0.06354
1726747200000,0.06354,0.06442,0.06333,0.06414
1726761600000,0.06414,0.06605,0.06385,0.06563
1726776000000,0.06563,0.06582,0.06365,0.06394
1726790400000,0.06394,0.06638,0.06347,0.06638
1726804800000,0.06638,0.06868,0.06588,0.0675
1726819200000,0.0675,0.06862,0.06632,0.06679
1726833600000,0.06679,0.06722,0.06487,0.06571
1726848000000,0.06571,0.06599,0.06441,0.06525
1726862400000,0.06525,0.06749,0.06525,0.06655
1726876800000,0.06655,0.06735,0.06546,0.0661
1726891200000,0.0661,0.06675,0.065,0.06655
1726905600000,0.06655,0.06821,0.06584,0.06759
1726920000000,0.06759,0.07208,0.06732,0.0707
1726934400000,0.0707,0.07353,0.0707,0.07317
1726948800000,0.07317,0.0762,0.07264,0.07455
1726963200000,0.07455,0.07461,0.07185,0.07243
1726977600000,0.07243,0.07325,0.07112,0.0723
1726992000000,0.0723,0.07404,0.07108,0.07208
1727006400000,0.07208,0.07232,0.06972,0.07111
1727020800000,0.07111,0.07216,0.07031,0.0714
1727035200000,0.0714,0.07255,0.06926,0.07158
1727049600000,0.07158,0.07281,0.06982,0.07256
1727064000000,0.07256,0.07446,0.07204,0.07325
1727078400000,0.07325,0.07421,0.07216,0.07367
1727092800000,0.07367,0.07405,0.07125,0.07315
1727107200000,0.07315,0.0743,0.07291,0.07359
1727121600000,0.07359,0.0742,0.07284,0.0731
1727136000000,0.0731,0.07349,0.07129,0.07194
1727150400000,0.07194,0.07387,0.07124,0.07367
1727164800000,0.07367,0.07531,0.07308,0.07448
1727179200000,0.07448,0.07615,0.0728,0.07325
1727193600000,0.07325,0.07602,0.07325,0.07553
1727208000000,0.07553,0.07773,0.07513,0.07597
1727222400000,0.07597,0.07675,0.07546,0.07565
1727236800000,0.07565,0.07586,0.07345,0.07396
1727251200000,0.07396,0.0747,0.07361,0.07408
1727265600000,0.07408,0.07544,0.0729,0.07402
1727280000000,0.07402,0.07496,0.07303,0.0732
1727294400000,0.0732,0.07408,0.07228,0.07303
1727308800000,0.07303,0.07348,0.07163,0.07323
1727323200000,0.07323,0.07545,0.07246,0.07517
1727337600000,0.07517,0.07549,0.07399,0.07455
1727352000000,0.07455,0.07652,0.0739,0.07591
1727366400000,0.07591,0.07768,0.07546,0.076
1727380800000,0.076,0.07628,0.07446,0.07574
1727395200000,0.07574,0.07625,0.07454,0.07625
1727409600000,0.07625,0.07903,0.07624,0.07823
1727424000000,0.07823,0.07988,0.07732,0.07784
1727438400000,0.07784,0.07919,0.0769,0.07836
1727452800000,0.07836,0.0795,0.07721,0.0773
1727467200000,0.0773,0.07927,0.07724,0.0784
1727481600000,0.0784,0.0799,0.07793,0.07927
1727496000000,0.07927,0.08157,0.07913,0.07914
1727510400000,0.07914,0.07928,0.07563,0.07698
1727524800000,0.07698,0.07707,0.07563,0.07671
1727539200000,0.07671,0.07696,0.07578,0.07663
1727553600000,0.07663,0.07667,0.07471,0.07638
1727568000000,0.07638,0.07699,0.07553,0.07624
1727582400000,0.07624,0.07624,0.07374,0.07402
1727596800000,0.07402,0.07594,0.07402,0.07547
1727611200000,0.07547,0.07631,0.07464,0.07596
1727625600000,0.07596,0.08355,0.07552,0.08287
1727640000000,0.08287,0.08376,0.0804,0.08058
1727654400000,0.08058,0.08084,0.07745,0.07916
1727668800000,0.07916,0.08199,0.07796,0.08178
1727683200000,0.08178,0.08185,0.07834,0.08008
1727697600000,0.08008,0.0806,0.07826,0.07846
1727712000000,0.07846,0.07948,0.07755,0.07921
1727726400000,0.07921,0.08065,0.07626,0.0769
1727740800000,0.0769,0.0801,0.07566,0.0801
1727755200000,0.0801,0.08043,0.0784,0.07916
1727769600000,0.07916,0.08111,0.0787,0.0796
1727784000000,0.0796,0.07985,0.07048,0.07392
1727798400000,0.07392,0.07443,0.0679,0.06987
1727812800000,0.06987,0.07055,0.06836,0.06888
1727827200000,0.06888,0.07378,0.06841,0.07354
1727841600000,0.07354,0.07548,0.07254,0.07391
1727856000000,0.07391,0.07497,0.07036,0.07138
1727870400000,0.07138,0.07263,0.06975,0.07191
1727884800000,0.07191,0.07308,0.06682,0.06822
1727899200000,0.06822,0.06997,0.06776,0.06891
1727913600000,0.06891,0.07011,0.06828,0.06991
1727928000000,0.06991,0.06994,0.06767,0.06783
1727942400000,0.06783,0.06795,0.06491,0.06684
1727956800000,0.06684,0.06796,0.06489,0.06641
1727971200000,0.06641,0.06693,0.06489,0.06677
1727985600000,0.06677,0.06681,0.06492,0.06627
1728000000000,0.06627,0.06743,0.0656,0.06595
1728014400000,0.06595,0.06705,0.06555,0.06697
1728028800000,0.06697,0.06812,0.06595,0.06673
1728043200000,0.06673,0.069,0.0661,0.06891
1728057600000,0.06891,0.07207,0.06841,0.07143
1728072000000,0.07143,0.07159,0.06972,0.06997
1728086400000,0.06997,0.07017,0.06817,0.06826
1728100800000,0.06826,0.06918,0.06805,0.06846
1728115200000,0.06846,0.06949,0.06791,0.06834
1728129600000,0.06834,0.06876,0.06669,0.06706
1728144000000,0.06706,0.06714,0.06574,0.06643
1728158400000,0.06643,0.06705,0.06571,0.06692
1728172800000,0.06692,0.0677,0.06631,0.06657
1728187200000,0.06657,0.06713,0.06622,0.06659
1728201600000,0.06659,0.06731,0.06645,0.06697
1728216000000,0.06697,0.06894,0.06678,0.06809
1728230400000,0.06809,0.07116,0.06788,0.06998
1728244800000,0.06998,0.07089,0.0688,0.07076
1728259200000,0.07076,0.07288,0.07033,0.07172
1728273600000,0.07172,0.07205,0.07045,0.07053
1728288000000,0.07053,0.07149,0.06777,0.06948
1728302400000,0.06948,0.07232,0.06889,0.07064
1728316800000,0.07064,0.07295,0.06988,0.07074
1728331200000,0.07074,0.07078,0.0682,0.0683
1728345600000,0.0683,0.0704,0.06802,0.06982
1728360000000,0.06982,0.07061,0.06743,0.06797
1728374400000,0.06797,0.06888,0.06758,0.06861
1728388800000,0.06861,0.0687,0.0663,0.06697
1728403200000,0.06697,0.0679,0.06639,0.06737
1728417600000,0.06737,0.06829,0.06664,0.0672
1728432000000,0.0672,0.06871,0.06612,0.06689
1728446400000,0.06689,0.06761,0.06645,0.06677
1728460800000,0.06677,0.06757,0.06641,0.0673
1728475200000,0.0673,0.06745,0.06496,0.06687
1728489600000,0.06687,0.06705,0.06501,0.06527
1728504000000,0.06527,0.06546,0.06423,0.06485
1728518400000,0.06485,0.06569,0.06433,0.06551
1728532800000,0.06551,0.06704,0.06546,0.06615
1728547200000,0.06615,0.06656,0.06465,0.06639
1728561600000,0.06639,0.06654,0.0645,0.06528
1728576000000,0.06528,0.06576,0.06244,0.06404
1728590400000,0.06404,0.06481,0.06372,0.06463
1728604800000,0.06463,0.0655,0.06422,0.06521
1728619200000,0.06521,0.06716,0.06506,0.06671
1728633600000,0.06671,0.06844,0.06638,0.0681
1728648000000,0.0681,0.06856,0.06705,0.0675
1728662400000,0.0675,0.0691,0.06701,0.06895
1728676800000,0.06895,0.06938,0.0685,0.06904
1728691200000,0.06904,0.07041,0.06895,0.06961
1728705600000,0.06961,0.07319,0.06961,0.07254
1728720000000,0.07254,0.07288,0.07139,0.07222
1728734400000,0.07222,0.07351,0.07087,0.07112
1728748800000,0.07112,0.07182,0.07045,0.07107
1728763200000,0.07107,0.07244,0.07104,0.07111
1728777600000,0.07111,0.07174,0.06977,0.07
1728792000000,0.07,0.0718,0.06999,0.07112
1728806400000,0.07112,0.07208,0.0705,0.07062
1728820800000,0.07062,0.07182,0.06901,0.06983
1728835200000,0.06983,0.07054,0.06846,0.06909
1728849600000,0.06909,0.07143,0.06887,0.07062
1728864000000,0.07062,0.07279,0.06944,0.07263
1728878400000,0.07263,0.0733,0.07125,0.07201
1728892800000,0.07201,0.07473,0.07134,0.07394
1728907200000,0.07394,0.07712,0.07321,0.07586
1728921600000,0.07586,0.07701,0.07505,0.07622
1728936000000,0.07622,0.07659,0.07474,0.07608
1728950400000,0.07608,0.07624,0.07354,0.07377
1728964800000,0.07377,0.07581,0.07331,0.07519
1728979200000,0.07519,0.07679,0.0721,0.07254
1728993600000,0.07254,0.07649,0.07054,0.07248
1729008000000,0.07248,0.07419,0.07232,0.07298
1729022400000,0.07298,0.07388,0.07146,0.07388
1729036800000,0.07388,0.07478,0.07222,0.07357
1729051200000,0.07357,0.07386,0.07195,0.07213
1729065600000,0.07213,0.0756,0.07201,0.0751
1729080000000,0.0751,0.07587,0.0714,0.07177
1729094400000,0.07177,0.07234,0.07132,0.07202
1729108800000,0.07202,0.07331,0.0718,0.07194
1729123200000,0.07194,0.0729,0.07156,0.07229
1729137600000,0.07229,0.07231,0.07018,0.07058
1729152000000,0.07058,0.07108,0.06891,0.06896
1729166400000,0.06896,0.07023,0.0688,0.07005
1729180800000,0.07005,0.07005,0.06778,0.06863
1729195200000,0.06863,0.06917,0.06856,0.06911
1729209600000,0.06911,0.07162,0.06888,0.07047
1729224000000,0.07047,0.07216,0.07041,0.07122
1729238400000,0.07122,0.07154,0.07012,0.07018
1729252800000,0.07018,0.07107,0.06876,0.0707
1729267200000,0.0707,0.07197,0.07003,0.07084
1729281600000,0.07084,0.07176,0.0705,0.07158
1729296000000,0.07158,0.07319,0.071,0.07249
1729310400000,0.07249,0.07328,0.07211,0.07253
1729324800000,0.07253,0.07268,0.07094,0.07101
1729339200000,0.07101,0.0719,0.07085,0.07146
1729353600000,0.07146,0.07146,0.07047,0.07057
1729368000000,0.07057,0.07134,0.07046,0.07078
1729382400000,0.07078,0.07149,0.06982,0.07033
1729396800000,0.07033,0.0727,0.07012,0.07235
1729411200000,0.07235,0.07397,0.07235,0.07332
1729425600000,0.07332,0.07478,0.07246,0.07428
1729440000000,0.07428,0.07454,0.07346,0.07387
1729454400000,0.07387,0.07638,0.0737,0.07553
1729468800000,0.07553,0.07602,0.07368,0.07393
1729483200000,0.07393,0.0755,0.07364,0.07379
1729497600000,0.07379,0.07455,0.07313,0.07356
1729512000000,0.07356,0.07436,0.07227,0.07321
1729526400000,0.07321,0.07354,0.07207,0.07335
1729540800000,0.07335,0.07379,0.07274,0.07276
1729555200000,0.07276,0.07658,0.07276,0.07602
1729569600000,0.07602,0.07788,0.07566,0.07599
1729584000000,0.07599,0.07604,0.07229,0.07285
1729598400000,0.07285,0.07384,0.07161,0.07326
1729612800000,0.07326,0.07334,0.07194,0.07272
1729627200000,0.07272,0.07367,0.07255,0.07343
1729641600000,0.07343,0.07405,0.07191,0.07252
1729656000000,0.07252,0.07311,0.07131,0.07144
1729670400000,0.07144,0.07223,0.06931,0.06946
1729684800000,0.06946,0.07086,0.0683,0.06897
1729699200000,0.06897,0.06908,0.06706,0.06883
1729713600000,0.06883,0.06982,0.06869,0.0695
1729728000000,0.0695,0.07111,0.06877,0.07018
1729742400000,0.07018,0.07127,0.06966,0.06966
1729756800000,0.06966,0.07019,0.06839,0.06901
1729771200000,0.06901,0.07006,0.06876,0.06907
1729785600000,0.06907,0.07027,0.06888,0.06987
1729800000000,0.06987,0.07051,0.06892,0.06894
1729814400000,0.06894,0.06924,0.06725,0.06808
1729828800000,0.06808,0.06816,0.06642,0.06705
1729843200000,0.06705,0.06929,0.06655,0.06913
1729857600000,0.06913,0.06932,0.0667,0.06718
1729872000000,0.06718,0.06766,0.06542,0.06682
1729886400000,0.06682,0.0672,0.06085,0.06381
1729900800000,0.06381,0.06463,0.06265,0.06426
1729915200000,0.06426,0.06492,0.06403,0.06438
1729929600000,0.06438,0.06497,0.06367,0.06404
1729944000000,0.06404,0.06425,0.06191,0.06217
1729958400000,0.06217,0.06365,0.06216,0.06365
1729972800000,0.06365,0.06526,0.06345,0.06459
1729987200000,0.06459,0.06487,0.06396,0.06485
1730001600000,0.06485,0.06516,0.06417,0.06426
1730016000000,0.06426,0.0647,0.06338,0.0636
1730030400000,0.0636,0.06486,0.06358,0.06414
1730044800000,0.06414,0.06475,0.06356,0.06389
1730059200000,0.06389,0.06535,0.06367,0.06442
1730073600000,0.06442,0.06467,0.06285,0.06304
1730088000000,0.06304,0.06472,0.0625,0.06439
1730102400000,0.06439,0.06461,0.0637,0.06424
1730116800000,0.06424,0.06436,0.06233,0.06248
1730131200000,0.06248,0.06396,0.06158,0.06359
1730145600000,0.06359,0.06735,0.06355,0.0668
1730160000000,0.0668,0.06977,0.06615,0.06833
1730174400000,0.06833,0.06882,0.06717,0.0677
1730188800000,0.0677,0.0706,0.06759,0.07019
1730203200000,0.07019,0.07136,0.06918,0.0709
1730217600000,0.0709,0.07156,0.06834,0.06861
1730232000000,0.06861,0.06986,0.06816,0.06976
1730246400000,0.06976,0.07005,0.06837,0.06951
1730260800000,0.06951,0.0697,0.06838,0.06875
1730275200000,0.06875,0.06996,0.06781,0.06803
1730289600000,0.06803,0.06939,0.06741,0.06802
1730304000000,0.06802,0.06852,0.06773,0.06804
1730318400000,0.06804,0.06865,0.06725,0.06737
1730332800000,0.06737,0.06779,0.06658,0.0667
1730347200000,0.0667,0.06737,0.06583,0.06672
1730361600000,0.06672,0.06728,0.06569,0.0667
1730376000000,0.0667,0.06734,0.06577,0.06642
1730390400000,0.06642,0.06647,0.06466,0.06479
1730404800000,0.06479,0.06533,0.06441,0.0649
1730419200000,0.0649,0.06531,0.06295,0.06454
1730433600000,0.06454,0.06466,0.06219,0.06286
1730448000000,0.06286,0.06447,0.06223,0.06408
1730462400000,0.06408,0.06591,0.06247,0.06306
1730476800000,0.06306,0.06472,0.06297,0.06361
1730491200000,0.06361,0.06482,0.06266,0.0641
1730505600000,0.0641,0.06473,0.06378,0.06386
1730520000000,0.06386,0.06425,0.06363,0.06391
1730534400000,0.06391,0.06396,0.0631,0.06325
1730548800000,0.06325,0.06327,0.06177,0.06244
1730563200000,0.06244,0.06287,0.06195,0.06266
1730577600000,0.06266,0.06315,0.06218,0.06263
1730592000000,0.06263,0.06278,0.05792,0.05929
1730606400000,0.05929,0.06066,0.05929,0.06024
1730620800000,0.06024,0.06083,0.05922,0.05939
1730635200000,0.05939,0.05996,0.05676,0.05832
1730649600000,0.05832,0.05905,0.0574,0.05873
1730664000000,0.05873,0.06044,0.05843,0.05962
1730678400000,0.05962,0.0607,0.05866,0.06001
1730692800000,0.06001,0.06037,0.05917,0.05933
1730707200000,0.05933,0.06049,0.05907,0.05995
1730721600000,0.05995,0.06058,0.059,0.05922
1730736000000,0.05922,0.05931,0.05809,0.0584
1730750400000,0.0584,0.05841,0.05603,0.05746
1730764800000,0.05746,0.06036,0.05746,0.05957
1730779200000,0.05957,0.06067,0.05948,0.06011
1730793600000,0.06011,0.06061,0.0595,0.05983
1730808000000,0.05983,0.06222,0.0597,0.06087
1730822400000,0.06087,0.06228,0.0602,0.06052
1730836800000,0.06052,0.06151,0.0602,0.06114
1730851200000,0.06114,0.0659,0.06108,0.06539
1730865600000,0.06539,0.0669,0.0648,0.06543
1730880000000,0.06543,0.06612,0.06396,0.06572
1730894400000,0.06572,0.06613,0.06423,0.0649
1730908800000,0.0649,0.06649,0.06455,0.0662
1730923200000,0.0662,0.06871,0.06602,0.06852
1730937600000,0.06852,0.07155,0.06846,0.07074
1730952000000,0.07074,0.07115,0.06801,0.06911
1730966400000,0.06911,0.07239,0.06904,0.07071
1730980800000,0.07071,0.07442,0.07068,0.07325
1730995200000,0.07325,0.07812,0.0729,0.07713
1731009600000,0.07713,0.08241,0.07631,0.07787
1731024000000,0.07787,0.07947,0.07545,0.07576
1731038400000,0.07576,0.07698,0.07514,0.07645
1731052800000,0.07645,0.07885,0.07553,0.07829
1731067200000,0.07829,0.07979,0.07658,0.07711
1731081600000,0.07711,0.07762,0.07508,0.07647
1731096000000,0.07647,0.07687,0.07534,0.07617
1731110400000,0.07617,0.07744,0.07568,0.07639
1731124800000,0.07639,0.07951,0.07639,0.07918
1731139200000,0.07918,0.08069,0.07867,0.08025
1731153600000,0.08025,0.08047,0.07689,0.07823
1731168000000,0.07823,0.07943,0.07674,0.07888
1731182400000,0.07888,0.081,0.07863,0.07975
1731196800000,0.07975,0.08073,0.07817,0.08
1731211200000,0.08,0.0818,0.07953,0.08072
1731225600000,0.08072,0.08479,0.0807,0.08267
1731240000000,0.08267,0.08366,0.08064,0.08258
1731254400000,0.08258,0.0866,0.08151,0.08255
1731268800000,0.08255,0.08289,0.077,0.08179
1731283200000,0.08179,0.08505,0.08128,0.08394
1731297600000,0.08394,0.08413,0.07951,0.08129
1731312000000,0.08129,0.08411,0.08114,0.08373
1731326400000,0.08373,0.08391,0.08051,0.08316
1731340800000,0.08316,0.08716,0.08296,0.08533
1731355200000,0.08533,0.08818,0.08391,0.08725
1731369600000,0.08725,0.08743,0.08441,0.08731
1731384000000,0.08731,0.08974,0.08485,0.08827
1731398400000,0.08827,0.09066,0.07954,0.08272
1731412800000,0.08272,0.08315,0.07826,0.07931
1731427200000,0.07931,0.08283,0.07785,0.08177
1731441600000,0.08177,0.08404,0.08029,0.08181
1731456000000,0.08181,0.08301,0.07648,0.07658
1731470400000,0.07658,0.07812,0.07367,0.07602
1731484800000,0.07602,0.07772,0.07509,0.07672
1731499200000,0.07672,0.08407,0.07585,0.08249
1731513600000,0.08249,0.08361,0.07753,0.07772
1731528000000,0.07772,0.07929,0.076,0.07907
1731542400000,0.07907,0.08036,0.07757,0.08005
1731556800000,0.08005,0.08346,0.07958,0.08137
1731571200000,0.08137,0.08211,0.07783,0.07971
1731585600000,0.07971,0.08126,0.07635,0.07707
1731600000000,0.07707,0.07924,0.07633,0.07875
1731614400000,0.07875,0.07901,0.07435,0.07572
1731628800000,0.07572,0.07714,0.07418,0.07515
1731643200000,0.07515,0.07528,0.07207,0.07405
1731657600000,0.07405,0.07662,0.07318,0.07627
1731672000000,0.07627,0.07724,0.07306,0.07381
1731686400000,0.07381,0.07756,0.07307,0.07701
1731700800000,0.07701,0.07975,0.07695,0.07823
1731715200000,0.07823,0.08097,0.07801,0.0808
1731729600000,0.0808,0.08406,0.07942,0.08353
1731744000000,0.08353,0.08442,0.08138,0.08386
1731758400000,0.08386,0.08475,0.07843,0.08102
1731772800000,0.08102,0.08409,0.08014,0.08336
1731787200000,0.08336,0.0864,0.08222,0.08536
1731801600000,0.08536,0.08575,0.0798,0.08235
1731816000000,0.08235,0.08419,0.08177,0.08301
1731830400000,0.08301,0.08358,0.08059,0.08071
1731844800000,0.08071,0.08263,0.08056,0.08131
1731859200000,0.08131,0.08173,0.07844,0.07971
1731873600000,0.07971,0.08032,0.07757,0.07965
1731888000000,0.07965,0.08391,0.07905,0.08341
1731902400000,0.08341,0.08995,0.08254,0.08773
1731916800000,0.08773,0.08774,0.08268,0.08333
1731931200000,0.08333,0.08699,0.08183,0.0868
1731945600000,0.0868,0.08748,0.08251,0.0841
1731960000000,0.0841,0.08631,0.08338,0.0859
1731974400000,0.0859,0.08592,0.08435,0.08467
1731988800000,0.08467,0.08511,0.08292,0.08411
1732003200000,0.08411,0.0847,0.08253,0.08372
1732017600000,0.08372,0.08545,0.08217,0.08304
1732032000000,0.08304,0.08769,0.08297,0.08483
1732046400000,0.08483,0.08521,0.0802,0.08296
1732060800000,0.08296,0.08296,0.07694,0.07873
1732075200000,0.07873,0.08047,0.07788,0.07939
1732089600000,0.07939,0.08047,0.07756,0.07851
1732104000000,0.07851,0.08094,0.07756,0.07895
1732118400000,0.07895,0.07934,0.07441,0.07544
1732132800000,0.07544,0.07825,0.07476,0.077
1732147200000,0.077,0.07873,0.07492,0.07648
1732161600000,0.07648,0.07956,0.07634,0.07806
1732176000000,0.07806,0.07912,0.07662,0.07818
1732190400000,0.07818,0.08412,0.07809,0.08098
1732204800000,0.08098,0.08361,0.08079,0.08207
1732219200000,0.08207,0.08316,0.0818,0.08246
1732233600000,0.08246,0.08389,0.08088,0.08358
1732248000000,0.08358,0.08467,0.08247,0.08273
1732262400000,0.08273,0.08498,0.08205,0.08372
1732276800000,0.08372,0.08437,0.07981,0.08267
1732291200000,0.08267,0.08765,0.08195,0.0844
1732305600000,0.0844,0.09454,0.08422,0.09306
1732320000000,0.09306,0.09506,0.09106,0.09404
1732334400000,0.09404,0.09865,0.09267,0.09815
1732348800000,0.09815,0.09945,0.0952,0.09743
1732363200000,0.09743,0.10114,0.0968,0.09949
1732377600000,0.09949,0.10075,0.09344,0.09597
1732392000000,0.09597,0.0994,0.09324,0.09816
1732406400000,0.09816,0.10483,0.09733,0.10331
1732420800000,0.10331,0.10347,0.09956,0.10133
1732435200000,0.10133,0.10212,0.09481,0.09524
1732449600000,0.09524,0.09674,0.08975,0.08994
1732464000000,0.08994,0.09391,0.08952,0.09329
1732478400000,0.09329,0.09788,0.09306,0.09738
1732492800000,0.09738,0.09752,0.09219,0.09493
1732507200000,0.09493,0.09613,0.09382,0.09543
1732521600000,0.09543,0.09906,0.09466,0.09538
1732536000000,0.09538,0.09588,0.08985,0.09446
1732550400000,0.09446,0.09516,0.09034,0.0923
1732564800000,0.0923,0.09367,0.08817,0.09069
1732579200000,0.09069,0.0949,0.08971,0.09404
1732593600000,0.09404,0.09526,0.0911,0.09172
1732608000000,0.09172,0.09189,0.08559,0.08793
1732622400000,0.08793,0.08949,0.08578,0.08725
1732636800000,0.08725,0.09068,0.08613,0.08791
1732651200000,0.08791,0.09147,0.08761,0.09123
1732665600000,0.09123,0.09341,0.08932,0.09227
1732680000000,0.09227,0.09485,0.09202,0.09446
1732694400000,0.09446,0.09575,0.09226,0.09383
1732708800000,0.09383,0.09672,0.09162,0.0962
1732723200000,0.0962,0.09752,0.09461,0.09717
1732737600000,0.09717,0.09849,0.09604,0.09696
1732752000000,0.09696,0.09926,0.09522,0.09562
1732766400000,0.09562,0.09713,0.09428,0.09513
1732780800000,0.09513,0.09594,0.09287,0.09446
1732795200000,0.09446,0.09566,0.09218,0.09229
1732809600000,0.09229,0.09824,0.09224,0.09715
1732824000000,0.09715,0.09895,0.09579,0.09776
1732838400000,0.09776,0.09789,0.09551,0.09653
1732852800000,0.09653,0.0977,0.09494,0.09498
1732867200000,0.09498,0.09976,0.09498,0.09962
1732881600000,0.09962,0.10073,0.09787,0.09916
1732896000000,0.09916,0.1008,0.09824,0.10069
1732910400000,0.10069,0.10236,0.10062,0.10136
1732924800000,0.10136,0.10259,0.10006,0.1024
1732939200000,0.1024,0.10346,0.101,0.10331
1732953600000,0.10331,0.10379,0.10045,0.10167
1732968000000,0.10167,0.1053,0.1014,0.10518
1732982400000,0.10518,0.10581,0.10291,0.10331
1732996800000,0.10331,0.10951,0.10321,0.10718
1733011200000,0.10718,0.10761,0.10206,0.10404
1733025600000,0.10404,0.10665,0.10307,0.1048
1733040000000,0.1048,0.10784,0.10367,0.10755
1733054400000,0.10755,0.10903,0.10618,0.10708
1733068800000,0.10708,0.10842,0.10498,0.1061
1733083200000,0.1061,0.10689,0.10351,0.10517
1733097600000,0.10517,0.10854,0.10308,0.10391
1733112000000,0.10391,0.11297,0.10197,0.11182
1733126400000,0.11182,0.11182,0.1006,0.10257
1733140800000,0.10257,0.11077,0.10201,0.11054
1733155200000,0.11054,0.11752,0.10567,0.11566
1733169600000,0.11566,0.12421,0.11457,0.12373
1733184000000,0.12373,0.12393,0.11751,0.12245
1733198400000,0.12245,0.1295,0.12095,0.12277
1733212800000,0.12277,0.12583,0.1197,0.12475
1733227200000,0.12475,0.12826,0.11535,0.1233
1733241600000,0.1233,0.12808,0.12218,0.12508
1733256000000,0.12508,0.13544,0.12463,0.1346
1733270400000,0.1346,0.13953,0.12984,0.1364
1733284800000,0.1364,0.13704,0.13167,0.13591
1733299200000,0.13591,0.137,0.13186,0.13303
1733313600000,0.13303,0.13574,0.13033,0.1326
1733328000000,0.1326,0.13464,0.126,0.13331
1733342400000,0.13331,0.13597,0.12891,0.13192
1733356800000,0.13192,0.13496,0.1245,0.12959
1733371200000,0.12959,0.13326,0.12719,0.13047
1733385600000,0.13047,0.13239,0.12814,0.1288
1733400000000,0.1288,0.1309,0.1275,0.12971
1733414400000,0.12971,0.13386,0.12773,0.12854
1733428800000,0.12854,0.13111,0.1229,0.12845
1733443200000,0.12845,0.13365,0.127,0.13153
1733457600000,0.13153,0.13859,0.13136,0.13756
1733472000000,0.13756,0.14049,0.13313,0.13401
1733486400000,0.13401,0.13795,0.13062,0.13719
1733500800000,0.13719,0.13984,0.1367,0.13977
1733515200000,0.13977,0.14188,0.13689,0.13877
1733529600000,0.13877,0.14305,0.13768,0.13776
1733544000000,0.13776,0.13979,0.13415,0.13609
1733558400000,0.13609,0.13684,0.13375,0.13569
1733572800000,0.13569,0.13604,0.13341,0.13482
1733587200000,0.13482,0.13539,0.13219,0.13394
1733601600000,0.13394,0.13517,0.1334,0.13381
1733616000000,0.13381,0.13485,0.13273,0.134
1733630400000,0.134,0.13438,0.13032,0.13354
1733644800000,0.13354,0.13355,0.12961,0.13304
1733659200000,0.13304,0.13408,0.13104,0.13311
1733673600000,0.13311,0.13378,0.12972,0.13075
1733688000000,0.13075,0.134,0.13001,0.13351
1733702400000,0.13351,0.13355,0.12535,0.12664
1733716800000,0.12664,0.12898,0.12339,0.12488
1733731200000,0.12488,0.12488,0.11881,0.11924
1733745600000,0.11924,0.12888,0.11802,0.12379
1733760000000,0.12379,0.1251,0.12073,0.12093
1733774400000,0.12093,0.12126,0.09034,0.10893
1733788800000,0.10893,0.11162,0.10115,0.10583
1733803200000,0.10583,0.11078,0.10297,0.10936
1733817600000,0.10936,0.11201,0.10787,0.10966
1733832000000,0.10966,0.11007,0.09869,0.09896
1733846400000,0.09896,0.10577,0.09722,0.10545
1733860800000,0.10545,0.1095,0.10424,0.10719
1733875200000,0.10719,0.10871,0.10231,0.10762
1733889600000,0.10762,0.10851,0.10576,0.10592
1733904000000,0.10592,0.11109,0.10587,0.11001
1733918400000,0.11001,0.11693,0.10965,0.11607
1733932800000,0.11607,0.11862,0.11353,0.11515
1733947200000,0.11515,0.11685,0.11409,0.11542
1733961600000,0.11542,0.12055,0.1143,0.11922
1733976000000,0.11922,0.12183,0.11898,0.11983
1733990400000,0.11983,0.12138,0.11463,0.1156
1734004800000,0.1156,0.11884,0.1152,0.11706
1734019200000,0.11706,0.12012,0.11237,0.113
1734033600000,0.113,0.11569,0.11243,0.11379
1734048000000,0.11379,0.11453,0.10966,0.11324
1734062400000,0.11324,0.11375,0.10924,0.1108
1734076800000,0.1108,0.11563,0.1106,0.11372
1734091200000,0.11372,0.1152,0.11014,0.11078
1734105600000,0.11078,0.11399,0.11032,0.11306
1734120000000,0.11306,0.11545,0.11199,0.11481
1734134400000,0.11481,0.11582,0.1125,0.11279
1734148800000,0.11279,0.11378,0.11184,0.11238
1734163200000,0.11238,0.11358,0.11046,0.11069
1734177600000,0.11069,0.11105,0.10633,0.10861
1734192000000,0.10861,0.10885,0.10599,0.10716
1734206400000,0.10716,0.10863,0.10501,0.1082
1734220800000,0.1082,0.10902,0.10644,0.10673
1734235200000,0.10673,0.10919,0.10471,0.10565
1734249600000,0.10565,0.108,0.10552,0.10775
1734264000000,0.10775,0.11292,0.10717,0.11173
1734278400000,0.11173,0.11311,0.10988,0.11095
1734292800000,0.11095,0.11309,0.10602,0.11227
1734307200000,0.11227,0.11581,0.11105,0.11176
1734321600000,0.11176,0.11283,0.11032,0.11172
1734336000000,0.11172,0.11194,0.10491,0.10522
1734350400000,0.10522,0.10849,0.10415,0.10743
1734364800000,0.10743,0.11215,0.10734,0.11037
1734379200000,0.11037,0.11174,0.10719,0.10779
1734393600000,0.10779,0.10793,0.10547,0.10728
1734408000000,0.10728,0.10739,0.10519,0.1056
1734422400000,0.1056,0.10881,0.10506,0.10701
1734436800000,0.10701,0.10849,0.1013,0.10217
1734451200000,0.10217,0.10506,0.10115,0.1034
1734465600000,0.1034,0.10436,0.09963,0.10111
1734480000000,0.10111,0.10145,0.09925,0.09972
1734494400000,0.09972,0.09987,0.09765,0.09918
1734508800000,0.09918,0.10142,0.09791,0.10133
1734523200000,0.10133,0.10133,0.09824,0.09919
1734537600000,0.09919,0.10292,0.09809,0.09809
1734552000000,0.09809,0.09896,0.09122,0.0924
1734566400000,0.0924,0.09393,0.08601,0.09339
1734580800000,0.09339,0.09361,0.09127,0.09161
1734595200000,0.09161,0.09309,0.09028,0.09183
1734609600000,0.09183,0.0924,0.08663,0.0885
1734624000000,0.0885,0.08918,0.0802,0.08201
1734638400000,0.08201,0.0851,0.07925,0.08312
1734652800000,0.08312,0.08658,0.081,0.08502
1734667200000,0.08502,0.08578,0.08077,0.08338
1734681600000,0.08338,0.08346,0.07147,0.07171
1734696000000,0.07171,0.08242,0.07153,0.08171
1734710400000,0.08171,0.08593,0.08112,0.08514
1734724800000,0.08514,0.08645,0.08231,0.08515
1734739200000,0.08515,0.08702,0.08481,0.08536
1734753600000,0.08536,0.09101,0.08526,0.08956
1734768000000,0.08956,0.09017,0.08574,0.0867
1734782400000,0.0867,0.0868,0.08081,0.08325
1734796800000,0.08325,0.08326,0.07888,0.0801
1734811200000,0.0801,0.08177,0.07843,0.08003
1734825600000,0.08003,0.08123,0.07863,0.08009
1734840000000,0.08009,0.08045,0.07766,0.07959
1734854400000,0.07959,0.08286,0.07953,0.08152
1734868800000,0.08152,0.08265,0.07892,0.07942
1734883200000,0.07942,0.08068,0.07724,0.07748
1734897600000,0.07748,0.08085,0.07658,0.07989
1734912000000,0.07989,0.08308,0.07774,0.08284
1734926400000,0.08284,0.08385,0.08001,0.08159
1734940800000,0.08159,0.08304,0.08103,0.08154
1734955200000,0.08154,0.08291,0.07981,0.08025
1734969600000,0.08025,0.08364,0.07999,0.08277
1734984000000,0.08277,0.08871,0.08272,0.08693
1734998400000,0.08693,0.08752,0.08443,0.08571
1735012800000,0.08571,0.0868,0.08471,0.08529
1735027200000,0.08529,0.08722,0.08503,0.08721
1735041600000,0.08721,0.09115,0.08598,0.09054
1735056000000,0.09054,0.09129,0.08766,0.08773
1735070400000,0.08773,0.08918,0.08674,0.08867
1735084800000,0.08867,0.08917,0.08744,0.0879
1735099200000,0.0879,0.08874,0.08704,0.08735
1735113600000,0.08735,0.08932,0.08639,0.08646
1735128000000,0.08646,0.08787,0.08621,0.08681
1735142400000,0.08681,0.08729,0.08567,0.08707
1735156800000,0.08707,0.08733,0.08526,0.08646
1735171200000,0.08646,0.08745,0.08434,0.08469
1735185600000,0.08469,0.08469,0.08254,0.08263
1735200000000,0.08263,0.08278,0.0803,0.08216
1735214400000,0.08216,0.08253,0.08105,0.0817
1735228800000,0.0817,0.08219,0.08024,0.08123
1735243200000,0.08123,0.08133,0.07952,0.08091
1735257600000,0.08091,0.08241,0.08036,0.08193
1735272000000,0.08193,0.08393,0.08066,0.08136
1735286400000,0.08136,0.08574,0.08133,0.085
1735300800000,0.085,0.08525,0.08079,0.08143
1735315200000,0.08143,0.08307,0.08032,0.08243
1735329600000,0.08243,0.08291,0.08103,0.08188
1735344000000,0.08188,0.08431,0.08092,0.08347
1735358400000,0.08347,0.08629,0.0827,0.08494
1735372800000,0.08494,0.08861,0.08435,0.0867
1735387200000,0.0867,0.09456,0.08621,0.0908
1735401600000,0.0908,0.09477,0.0901,0.09104
1735416000000,0.09104,0.09627,0.0905,0.09595
1735430400000,0.09595,0.09605,0.09204,0.09405
1735444800000,0.09405,0.09453,0.09135,0.09281
1735459200000,0.09281,0.09314,0.08931,0.09009
1735473600000,0.09009,0.09069,0.08832,0.08922
1735488000000,0.08922,0.08941,0.08745,0.08884
1735502400000,0.08884,0.09057,0.08799,0.08984
1735516800000,0.08984,0.09481,0.08911,0.092
1735531200000,0.092,0.09265,0.08945,0.09111
1735545600000,0.09111,0.092,0.08864,0.08984
1735560000000,0.08984,0.09047,0.08372,0.08386
1735574400000,0.08386,0.0884,0.08324,0.08797
1735588800000,0.08797,0.08964,0.08471,0.08559
1735603200000,0.08559,0.0856,0.08195,0.08201
1735617600000,0.08201,0.08264,0.0804,0.081
1735632000000,0.081,0.08371,0.08097,0.08211
1735646400000,0.08211,0.0843,0.08176,0.08312
1735660800000,0.08312,0.08349,0.08035,0.08141
1735675200000,0.08141,0.08183,0.07986,0.08024
1735689600000,0.08024,0.08162,0.08006,0.0807
1735704000000,0.0807,0.08077,0.07996,0.08048
1735718400000,0.08048,0.08073,0.07862,0.07992
1735732800000,0.07992,0.08159,0.07952,0.08154
1735747200000,0.08154,0.0831,0.07958,0.08233
1735761600000,0.08233,0.08359,0.08229,0.08272
1735776000000,0.08272,0.08455,0.08249,0.08393
1735790400000,0.08393,0.08548,0.08381,0.0853
1735804800000,0.0853,0.08713,0.08431,0.08626
1735819200000,0.08626,0.08763,0.08521,0.08564
1735833600000,0.08564,0.08691,0.08507,0.08548
1735848000000,0.08548,0.08622,0.08455,0.08573
1735862400000,0.08573,0.08593,0.08415,0.08545
1735876800000,0.08545,0.08545,0.08301,0.08325
1735891200000,0.08325,0.08779,0.08323,0.08754
1735905600000,0.08754,0.09026,0.08718,0.09005
1735920000000,0.09005,0.09153,0.09005,0.09136
1735934400000,0.09136,0.09138,0.08993,0.09042
1735948800000,0.09042,0.09093,0.0887,0.0899
1735963200000,0.0899,0.09142,0.08926,0.09063
1735977600000,0.09063,0.09074,0.08841,0.08957
1735992000000,0.08957,0.09196,0.08868,0.08921
1736006400000,0.08921,0.09074,0.08903,0.09047
1736020800000,0.09047,0.09114,0.08956,0.08999
1736035200000,0.08999,0.09,0.08892,0.08944
1736049600000,0.08944,0.09007,0.08903,0.08967
1736064000000,0.08967,0.08977,0.0878,0.08838
1736078400000,0.08838,0.08983,0.0875,0.08952
1736092800000,0.08952,0.0914,0.08894,0.09134
1736107200000,0.09134,0.09335,0.09038,0.09201
1736121600000,0.09201,0.093,0.08978,0.09222
1736136000000,0.09222,0.09262,0.09066,0.09138
1736150400000,0.09138,0.09237,0.09004,0.09223
1736164800000,0.09223,0.09597,0.09132,0.09495
1736179200000,0.09495,0.09581,0.0926,0.09475
1736193600000,0.09475,0.09595,0.093,0.09369
1736208000000,0.09369,0.09369,0.0912,0.09197
1736222400000,0.09197,0.09295,0.09102,0.09189
1736236800000,0.09189,0.09287,0.08899,0.08993
1736251200000,0.08993,0.09047,0.08445,0.08593
1736265600000,0.08593,0.08679,0.08321,0.08357
1736280000000,0.08357,0.08424,0.08224,0.08268
1736294400000,0.08268,0.08388,0.08094,0.08163
1736308800000,0.08163,0.08202,0.07869,0.08048
1736323200000,0.08048,0.08131,0.07887,0.07958
1736337600000,0.07958,0.08037,0.0783,0.07903
1736352000000,0.07903,0.07952,0.07362,0.07675
1736366400000,0.07675,0.0793,0.07615,0.07884
1736380800000,0.07884,0.07966,0.07761,0.07789
1736395200000,0.07789,0.07836,0.07529,0.07554
1736409600000,0.07554,0.07719,0.0751,0.07622
1736424000000,0.07622,0.07709,0.07258,0.07668
1736438400000,0.07668,0.07716,0.07285,0.07297
1736452800000,0.07297,0.07471,0.07176,0.07418
1736467200000,0.07418,0.07611,0.07418,0.07588
1736481600000,0.07588,0.07815,0.07536,0.0776
1736496000000,0.0776,0.07785,0.07556,0.07625
1736510400000,0.07625,0.07667,0.07285,0.07447
1736524800000,0.07447,0.07748,0.07334,0.07716
1736539200000,0.07716,0.07719,0.07575,0.0762
1736553600000,0.0762,0.07742,0.07575,0.07588
1736568000000,0.07588,0.07687,0.07549,0.07594
1736582400000,0.07594,0.07654,0.0752,0.07622
1736596800000,0.07622,0.07641,0.07484,0.07498
1736611200000,0.07498,0.07541,0.07398,0.0746
1736625600000,0.0746,0.07745,0.07454,0.07588
1736640000000,0.07588,0.07623,0.07537,0.07606
1736654400000,0.07606,0.07646,0.07524,0.07573
1736668800000,0.07573,0.07589,0.0741,0.0751
1736683200000,0.0751,0.07588,0.0746,0.07561
1736697600000,0.07561,0.07587,0.07461,0.07485
1736712000000,0.07485,0.0751,0.07291,0.07418
1736726400000,0.07418,0.07645,0.07193,0.07229
1736740800000,0.07229,0.07356,0.0702,0.07146
1736755200000,0.07146,0.07162,0.067,0.06703
1736769600000,0.06703,0.07154,0.0663,0.07038
1736784000000,0.07038,0.07124,0.06753,0.06908
1736798400000,0.06908,0.07303,0.06855,0.07241
1736812800000,0.07241,0.07338,0.07197,0.07274
1736827200000,0.07274,0.07382,0.07238,0.07286
1736841600000,0.07286,0.07604,0.07286,0.07419
1736856000000,0.07419,0.07542,0.07326,0.07449
1736870400000,0.07449,0.07555,0.07366,0.07487
1736884800000,0.07487,0.0767,0.07433,0.07603
1736899200000,0.07603,0.07667,0.07526,0.0759
1736913600000,0.0759,0.07688,0.07525,0.07624
1736928000000,0.07624,0.07658,0.07351,0.0741
1736942400000,0.0741,0.07928,0.07364,0.07854
1736956800000,0.07854,0.08056,0.07813,0.08042
1736971200000,0.08042,0.0814,0.07935,0.08107
1736985600000,0.08107,0.08141,0.07889,0.0793
1737000000000,0.0793,0.0809,0.07929,0.08024
1737014400000,0.08024,0.08031,0.07787,0.08014
1737028800000,0.08014,0.08276,0.07808,0.08068
1737043200000,0.08068,0.08262,0.08064,0.08211
1737057600000,0.08211,0.08229,0.07951,0.08009
1737072000000,0.08009,0.08272,0.08007,0.08212
1737086400000,0.08212,0.08509,0.08162,0.0843
1737100800000,0.0843,0.08603,0.08372,0.08542
1737115200000,0.08542,0.08611,0.08428,0.08505
1737129600000,0.08505,0.08582,0.08348,0.08422
1737144000000,0.08422,0.08587,0.08418,0.0847
1737158400000,0.0847,0.08576,0.08217,0.08246
1737172800000,0.08246,0.08275,0.07921,0.07939
1737187200000,0.07939,0.08106,0.07833,0.08079
1737201600000,0.08079,0.08103,0.07843,0.07864
1737216000000,0.07864,0.07909,0.07659,0.07758
1737230400000,0.07758,0.07843,0.07609,0.07821
1737244800000,0.07821,0.08027,0.0779,0.0787
1737259200000,0.0787,0.07871,0.07511,0.07547
1737273600000,0.07547,0.07547,0.07015,0.07073
1737288000000,0.07073,0.07648,0.0706,0.07558
1737302400000,0.07558,0.07727,0.07437,0.07646
1737316800000,0.07646,0.07717,0.06719,0.0688
1737331200000,0.0688,0.06881,0.06596,0.06793
1737345600000,0.06793,0.07614,0.0669,0.07363
1737360000000,0.07363,0.07516,0.07137,0.07221
1737374400000,0.07221,0.07229,0.0689,0.07006
1737388800000,0.07006,0.07146,0.06574,0.06951
1737403200000,0.06951,0.0699,0.06679,0.06813
1737417600000,0.06813,0.06838,0.06499,0.06575
1737432000000,0.06575,0.06575,0.06397,0.06526
1737446400000,0.06526,0.06818,0.06443,0.06809
1737460800000,0.06809,0.06901,0.06669,0.06788
1737475200000,0.06788,0.07086,0.06767,0.06951
1737489600000,0.06951,0.06978,0.06804,0.06864
1737504000000,0.06864,0.0693,0.06785,0.06825
1737518400000,0.06825,0.06863,0.06759,0.0676
1737532800000,0.0676,0.06925,0.06683,0.06901
1737547200000,0.06901,0.06959,0.06713,0.06812
1737561600000,0.06812,0.06875,0.06707,0.06762
1737576000000,0.06762,0.06794,0.066,0.06657
1737590400000,0.06657,0.06699,0.06532,0.06596
1737604800000,0.06596,0.06624,0.06487,0.06619
1737619200000,0.06619,0.06622,0.06426,0.06457
1737633600000,0.06457,0.06702,0.06369,0.06609
1737648000000,0.06609,0.0676,0.06406,0.06434
1737662400000,0.06434,0.06678,0.06403,0.06649
1737676800000,0.06649,0.06693,0.064,0.06463
1737691200000,0.06463,0.0668,0.06419,0.06614
1737705600000,0.06614,0.06745,0.06591,0.06714
1737720000000,0.06714,0.06745,0.06612,0.06673
1737734400000,0.06673,0.06673,0.06555,0.06573
1737748800000,0.06573,0.06604,0.06304,0.06343
1737763200000,0.06343,0.06404,0.0621,0.06389
1737777600000,0.06389,0.06389,0.06243,0.06249
1737792000000,0.06249,0.06365,0.06215,0.06321
1737806400000,0.06321,0.06445,0.06274,0.06408
1737820800000,0.06408,0.06423,0.06325,0.06383
1737835200000,0.06383,0.06468,0.06347,0.06347
1737849600000,0.06347,0.06536,0.06318,0.06512
1737864000000,0.06512,0.06575,0.06483,0.06529
1737878400000,0.06529,0.06602,0.06419,0.06588
1737892800000,0.06588,0.0664,0.06523,0.06577
1737907200000,0.06577,0.06664,0.06543,0.06653
1737921600000,0.06653,0.06657,0.06317,0.06337
1737936000000,0.06337,0.06365,0.06064,0.06155
1737950400000,0.06155,0.06155,0.05639,0.05821
1737964800000,0.05821,0.05871,0.05662,0.05801
1737979200000,0.05801,0.06147,0.05794,0.06079
1737993600000,0.06079,0.06124,0.05868,0.05968
1738008000000,0.05968,0.06261,0.05966,0.0616
1738022400000,0.0616,0.06216,0.06049,0.06121
1738036800000,0.06121,0.06237,0.06101,0.06121
1738051200000,0.06121,0.06135,0.05985,0.06027
1738065600000,0.06027,0.06077,0.05933,0.06013
1738080000000,0.06013,0.06018,0.05836,0.05893
1738094400000,0.05893,0.05908,0.05608,0.05672
1738108800000,0.05672,0.05892,0.0563,0.05839
1738123200000,0.05839,0.05959,0.05818,0.05952
1738137600000,0.05952,0.05974,0.05812,0.05889
1738152000000,0.05889,0.05912,0.05694,0.05745
1738166400000,0.05745,0.0596,0.05631,0.05891
1738180800000,0.05891,0.06062,0.05793,0.05807
1738195200000,0.05807,0.05987,0.05747,0.05983
1738209600000,0.05983,0.06059,0.05921,0.05998
1738224000000,0.05998,0.06173,0.05948,0.06148
1738238400000,0.06148,0.06281,0.06033,0.06214
1738252800000,0.06214,0.06272,0.0614,0.06221
1738267200000,0.06221,0.06229,0.06101,0.06112
1738281600000,0.06112,0.06156,0.06048,0.06091
1738296000000,0.06091,0.06262,0.06037,0.06195
1738310400000,0.06195,0.06343,0.06111,0.06331
1738324800000,0.06331,0.06487,0.06293,0.06454
1738339200000,0.06454,0.06476,0.0619,0.06249
1738353600000,0.06249,0.06249,0.06127,0.06179
1738368000000,0.06179,0.06252,0.06122,0.06187
1738382400000,0.06187,0.0629,0.06167,0.06178
1738396800000,0.06178,0.06193,0.05983,0.06064
1738411200000,0.06064,0.06113,0.05905,0.05963
1738425600000,0.05963,0.06,0.05744,0.05768
1738440000000,0.05768,0.05777,0.05579,0.05627
1738454400000,0.05627,0.05757,0.05433,0.05444
1738468800000,0.05444,0.0562,0.05424,0.0553
1738483200000,0.0553,0.05629,0.05357,0.05377
1738497600000,0.05377,0.05516,0.05338,0.05405
1738512000000,0.05405,0.05409,0.04732,0.04974
1738526400000,0.04974,0.05048,0.04475,0.04747
1738540800000,0.04747,0.04749,0.03354,0.03925
1738555200000,0.03925,0.04292,0.0373,0.04274
1738569600000,0.04274,0.04345,0.04122,0.04265
1738584000000,0.04265,0.04626,0.04074,0.04578
1738598400000,0.04578,0.04801,0.04544,0.04801
1738612800000,0.04801,0.04917,0.04642,0.04834
1738627200000,0.04834,0.04876,0.04548,0.0457
1738641600000,0.0457,0.04634,0.0422,0.0424
1738656000000,0.0424,0.04516,0.04213,0.04452
1738670400000,0.04452,0.04591,0.04416,0.04472
1738684800000,0.04472,0.04635,0.04408,0.04411
1738699200000,0.04411,0.04457,0.04243,0.04412
1738713600000,0.04412,0.0443,0.04281,0.04368
1738728000000,0.04368,0.04434,0.04304,0.04352
1738742400000,0.04352,0.0438,0.04286,0.0434
1738756800000,0.0434,0.04402,0.04245,0.04286
1738771200000,0.04286,0.04303,0.041,0.04274
1738785600000,0.04274,0.04298,0.04126,0.04202
1738800000000,0.04202,0.04291,0.04172,0.04246
1738814400000,0.04246,0.04291,0.04189,0.04204
1738828800000,0.04204,0.04234,0.04113,0.04159
1738843200000,0.04159,0.04184,0.03959,0.0398
1738857600000,0.0398,0.04045,0.03894,0.03954
1738872000000,0.03954,0.04073,0.03907,0.03964
1738886400000,0.03964,0.04124,0.03956,0.0407
1738900800000,0.0407,0.04109,0.03974,0.04061
1738915200000,0.04061,0.04249,0.0404,0.04231
1738929600000,0.04231,0.04387,0.04182,0.04242
1738944000000,0.04242,0.0425,0.04109,0.04121
1738958400000,0.04121,0.04126,0.03896,0.04023
1738972800000,0.04023,0.04072,0.03977,0.04026
1738987200000,0.04026,0.04058,0.03957,0.0403
1739001600000,0.0403,0.04044,0.03971,0.04029
1739016000000,0.04029,0.04134,0.0399,0.04071
1739030400000,0.04071,0.0429,0.0403,0.04257
1739044800000,0.04257,0.04324,0.04231,0.04274
1739059200000,0.04274,0.04408,0.04241,0.04406
1739073600000,0.04406,0.04441,0.04354,0.04423
1739088000000,0.04423,0.04518,0.04363,0.0437
1739102400000,0.0437,0.04406,0.04248,0.04335
1739116800000,0.04335,0.04371,0.04248,0.04263
1739131200000,0.04263,0.04329,0.04093,0.04306
1739145600000,0.04306,0.04394,0.04135,0.04279
1739160000000,0.04279,0.04404,0.04253,0.04338
1739174400000,0.04338,0.0444,0.04328,0.04419
1739188800000,0.04419,0.04597,0.04356,0.04557
1739203200000,0.04557,0.04591,0.04458,0.04495
1739217600000,0.04495,0.04546,0.04459,0.04517
1739232000000,0.04517,0.04627,0.04505,0.04557
1739246400000,0.04557,0.04701,0.04553,0.04663
1739260800000,0.04663,0.04736,0.04546,0.04602
1739275200000,0.04602,0.04609,0.04393,0.04431
1739289600000,0.04431,0.04484,0.04265,0.04286
1739304000000,0.04286,0.04403,0.04279,0.04355
1739318400000,0.04355,0.04425,0.04323,0.04372
1739332800000,0.04372,0.04438,0.04337,0.0436
1739347200000,0.0436,0.04409,0.04267,0.04362
1739361600000,0.04362,0.04486,0.04179,0.04385
1739376000000,0.04385,0.04576,0.04323,0.0452
1739390400000,0.0452,0.04689,0.04471,0.04615
1739404800000,0.04615,0.04657,0.04562,0.04614
1739419200000,0.04614,0.04624,0.04422,0.04441
1739433600000,0.04441,0.04472,0.04392,0.04422
1739448000000,0.04422,0.04455,0.0433,0.04386
1739462400000,0.04386,0.04403,0.04288,0.04343
1739476800000,0.04343,0.04385,0.0432,0.04358
1739491200000,0.04358,0.0447,0.0435,0.04461
1739505600000,0.04461,0.04465,0.04333,0.04364
1739520000000,0.04364,0.04524,0.04346,0.04409
1739534400000,0.04409,0.04539,0.04384,0.04514
1739548800000,0.04514,0.04614,0.04457,0.04538
1739563200000,0.04538,0.04559,0.04435,0.04499
1739577600000,0.04499,0.04537,0.0445,0.045
1739592000000,0.045,0.04523,0.04407,0.04443
1739606400000,0.04443,0.04511,0.04396,0.04425
1739620800000,0.04425,0.04456,0.0432,0.04354
1739635200000,0.04354,0.0437,0.0429,0.04342
1739649600000,0.04342,0.04396,0.04286,0.04384
1739664000000,0.04384,0.04415,0.04321,0.04357
1739678400000,0.04357,0.04408,0.04315,0.04382
1739692800000,0.04382,0.04463,0.04359,0.04454
1739707200000,0.04454,0.04465,0.04291,0.04325
1739721600000,0.04325,0.04374,0.04267,0.04306
1739736000000,0.04306,0.04354,0.04276,0.04302
1739750400000,0.04302,0.04409,0.04297,0.04346
1739764800000,0.04346,0.04371,0.04247,0.04271
1739779200000,0.04271,0.04404,0.04244,0.04379
1739793600000,0.04379,0.04482,0.04304,0.04322
1739808000000,0.04322,0.0434,0.04121,0.04197
1739822400000,0.04197,0.04294,0.04175,0.04253
1739836800000,0.04253,0.04289,0.04215,0.04259
1739851200000,0.04259,0.04275,0.04021,0.0407
1739865600000,0.0407,0.04177,0.04004,0.04105
1739880000000,0.04105,0.04202,0.04003,0.04026
1739894400000,0.04026,0.0406,0.03915,0.04028
1739908800000,0.04028,0.0411,0.03998,0.04108
1739923200000,0.04108,0.04136,0.04041,0.04085
1739937600000,0.04085,0.04182,0.04016,0.04162
1739952000000,0.04162,0.04197,0.04147,0.04189
1739966400000,0.04189,0.04194,0.04053,0.04069
1739980800000,0.04069,0.04136,0.04043,0.04087
1739995200000,0.04087,0.04167,0.04055,0.04158
1740009600000,0.04158,0.04353,0.04153,0.04334
1740024000000,0.04334,0.04399,0.04297,0.04306
1740038400000,0.04306,0.04383,0.04281,0.04314
1740052800000,0.04314,0.04351,0.04226,0.04233
1740067200000,0.04233,0.04555,0.04227,0.04529
1740081600000,0.04529,0.04614,0.04476,0.04551
1740096000000,0.04551,0.04579,0.04457,0.0448
1740110400000,0.0448,0.04608,0.0448,0.04566
1740124800000,0.04566,0.04688,0.04538,0.04556
1740139200000,0.04556,0.04648,0.04328,0.044
1740153600000,0.044,0.04467,0.04097,0.04126
1740168000000,0.04126,0.0418,0.04101,0.04162
1740182400000,0.04162,0.0424,0.04139,0.04171
1740196800000,0.04171,0.04218,0.04161,0.04173
1740211200000,0.04173,0.04277,0.04161,0.04266
1740225600000,0.04266,0.04292,0.04206,0.04238
1740240000000,0.04238,0.04387,0.04233,0.04297
1740254400000,0.04297,0.04342,0.04266,0.04311
1740268800000,0.04311,0.04335,0.04235,0.04269
1740283200000,0.04269,0.04343,0.04244,0.04328
1740297600000,0.04328,0.04328,0.04253,0.04259
1740312000000,0.04259,0.04265,0.04148,0.04156
1740326400000,0.04156,0.04229,0.04155,0.04185
1740340800000,0.04185,0.04265,0.0416,0.04246
1740355200000,0.04246,0.04276,0.04016,0.0403
1740369600000,0.0403,0.04104,0.03995,0.0409
1740384000000,0.0409,0.0409,0.0397,0.04053
1740398400000,0.04053,0.04089,0.03901,0.03979
1740412800000,0.03979,0.04024,0.0386,0.03893
1740427200000,0.03893,0.03956,0.03592,0.0366
1740441600000,0.0366,0.03728,0.03541,0.03667
1740456000000,0.03667,0.03739,0.03469,0.03585
1740470400000,0.03585,0.03751,0.03536,0.03732
1740484800000,0.03732,0.03768,0.03572,0.03681
1740499200000,0.03681,0.03813,0.03644,0.03807
1740513600000,0.03807,0.03874,0.0378,0.03817
1740528000000,0.03817,0.03884,0.03757,0.0384
1740542400000,0.0384,0.03896,0.03828,0.03881
1740556800000,0.03881,0.0398,0.03846,0.03904
1740571200000,0.03904,0.03985,0.03751,0.03915
1740585600000,0.03915,0.03945,0.03729,0.03762
1740600000000,0.03762,0.03981,0.03714,0.03909
1740614400000,0.03909,0.03951,0.03841,0.0394
1740628800000,0.0394,0.04044,0.03894,0.04018
1740643200000,0.04018,0.04069,0.03961,0.04039
1740657600000,0.04039,0.04051,0.03907,0.03975
1740672000000,0.03975,0.03996,0.03903,0.03919
1740686400000,0.03919,0.03954,0.03828,0.03929
1740700800000,0.03929,0.03942,0.03656,0.03665
1740715200000,0.03665,0.03707,0.03606,0.0367
1740729600000,0.0367,0.03753,0.03608,0.03691
1740744000000,0.03691,0.0394,0.03677,0.03902
1740758400000,0.03902,0.03994,0.0388,0.03966
1740772800000,0.03966,0.03973,0.03898,0.03931
1740787200000,0.03931,0.03991,0.03871,0.03965
1740801600000,0.03965,0.04013,0.039,0.03903
1740816000000,0.03903,0.0396,0.03813,0.03841
1740830400000,0.03841,0.03872,0.03778,0.03824
1740844800000,0.03824,0.03852,0.03792,0.03825
1740859200000,0.03825,0.03924,0.03806,0.03914
1740873600000,0.03914,0.03917,0.03848,0.03879
1740888000000,0.03879,0.03905,0.0385,0.03857
1740902400000,0.03857,0.03917,0.03839,0.0388
1740916800000,0.0388,0.04035,0.03792,0.03958
1740931200000,0.03958,0.04306,0.03958,0.04257
1740945600000,0.04257,0.04333,0.04245,0.04297
1740960000000,0.04297,0.04319,0.04097,0.04131
1740974400000,0.04131,0.04177,0.03981,0.04055
1740988800000,0.04055,0.04107,0.03966,0.04074
1741003200000,0.04074,0.04101,0.03924,0.03952
1741017600000,0.03952,0.03995,0.0365,0.03661
1741032000000,0.03661,0.03709,0.0357,0.03652
1741046400000,0.03652,0.03666,0.0329,0.03453
1741060800000,0.03453,0.03525,0.03442,0.03445
1741075200000,0.03445,0.0348,0.0341,0.03452
1741089600000,0.03452,0.0359,0.03355,0.03459
1741104000000,0.03459,0.03591,0.03221,0.0357
1741118400000,0.0357,0.03605,0.03473,0.03516
1741132800000,0.03516,0.0357,0.03467,0.03479
1741147200000,0.03479,0.03549,0.03458,0.03544
1741161600000,0.03544,0.03693,0.03539,0.03616
1741176000000,0.03616,0.03678,0.03517,0.0356
1741190400000,0.0356,0.03669,0.035,0.03658
1741204800000,0.03658,0.03694,0.03644,0.03647
1741219200000,0.03647,0.03735,0.03597,0.03733
1741233600000,0.03733,0.03768,0.03672,0.03679
1741248000000,0.03679,0.03746,0.03658,0.03738
1741262400000,0.03738,0.03738,0.03603,0.03697
1741276800000,0.03697,0.03718,0.0354,0.03576
1741291200000,0.03576,0.03647,0.03551,0.03589
1741305600000,0.03589,0.03625,0.03377,0.03546
1741320000000,0.03546,0.03637,0.03542,0.03634
1741334400000,0.03634,0.03697,0.03605,0.03666
1741348800000,0.03666,0.03761,0.03595,0.03672
1741363200000,0.03672,0.03724,0.03565,0.03676
1741377600000,0.03676,0.03697,0.03527,0.03559
1741392000000,0.03559,0.03597,0.03496,0.03541
1741406400000,0.03541,0.03567,0.03504,0.03527
1741420800000,0.03527,0.03546,0.03471,0.03499
1741435200000,0.03499,0.03544,0.03473,0.03509
1741449600000,0.03509,0.03565,0.03462,0.03551
1741464000000,0.03551,0.03556,0.03471,0.03517
1741478400000,0.03517,0.03532,0.03473,0.03483
1741492800000,0.03483,0.03483,0.03408,0.03442
1741507200000,0.03442,0.03447,0.0332,0.03352
1741521600000,0.03352,0.03364,0.03217,0.03243
1741536000000,0.03243,0.03278,0.03074,0.03154
1741550400000,0.03154,0.03175,0.03064,0.03107
1741564800000,0.03107,0.03253,0.03077,0.03198
1741579200000,0.03198,0.03266,0.03195,0.0323
1741593600000,0.0323,0.03355,0.03177,0.03319
1741608000000,0.03319,0.03352,0.03045,0.03101
1741622400000,0.03101,0.03111,0.02795,0.02954
1741636800000,0.02954,0.02954,0.0286,0.02865
1741651200000,0.02865,0.02909,0.02624,0.02848
1741665600000,0.02848,0.02976,0.02843,0.02946
1741680000000,0.02946,0.03003,0.02931,0.02982
1741694400000,0.02982,0.03056,0.02855,0.03014
1741708800000,0.03014,0.03146,0.02954,0.03122
1741723200000,0.03122,0.03123,0.03027,0.03043
1741737600000,0.03043,0.03121,0.02981,0.02981
1741752000000,0.02981,0.0308,0.0296,0.03072
1741766400000,0.03072,0.03169,0.0306,0.03133
1741780800000,0.03133,0.03224,0.0302,0.03061
1741795200000,0.03061,0.03145,0.03052,0.03129
1741809600000,0.03129,0.03171,0.03114,0.03153
1741824000000,0.03153,0.03211,0.03135,0.03148
1741838400000,0.03148,0.03159,0.03094,0.03136
1741852800000,0.03136,0.03207,0.03085,0.03181
1741867200000,0.03181,0.03256,0.03077,0.03103
1741881600000,0.03103,0.03109,0.03038,0.03062
1741896000000,0.03062,0.03132,0.03013,0.03088
1741910400000,0.03088,0.03108,0.03065,0.03095
1741924800000,0.03095,0.03122,0.0308,0.03104
1741939200000,0.03104,0.03161,0.03102,0.03136
1741953600000,0.03136,0.03239,0.03124,0.03196
1741968000000,0.03196,0.03223,0.03166,0.03214
1741982400000,0.03214,0.03214,0.03148,0.03159
1741996800000,0.03159,0.03174,0.03107,0.0317
1742011200000,0.0317,0.03189,0.03126,0.03137
1742025600000,0.03137,0.03172,0.03126,0.03161
1742040000000,0.03161,0.03203,0.03157,0.0319
1742054400000,0.0319,0.03258,0.03182,0.03221
1742068800000,0.03221,0.0331,0.03219,0.03279
1742083200000,0.03279,0.03296,0.03208,0.03247
1742097600000,0.03247,0.033,0.03237,0.03253
1742112000000,0.03253,0.03262,0.03109,0.03123
1742126400000,0.03123,0.03149,0.03084,0.03144
1742140800000,0.03144,0.03228,0.03105,0.03118
1742155200000,0.03118,0.03144,0.03079,0.03105
1742169600000,0.03105,0.03216,0.03102,0.03215
1742184000000,0.03215,0.03224,0.03156,0.03197
1742198400000,0.03197,0.03286,0.03171,0.03258
1742212800000,0.03258,0.03331,0.03208,0.03248
1742227200000,0.03248,0.03328,0.0321,0.03298
1742241600000,0.03298,0.03396,0.03277,0.03308
1742256000000,0.03308,0.03317,0.03238,0.03245
1742270400000,0.03245,0.03281,0.03212,0.03249
1742284800000,0.03249,0.03304,0.03221,0.03228
1742299200000,0.03228,0.03273,0.03171,0.03182
1742313600000,0.03182,0.0321,0.03137,0.032
1742328000000,0.032,0.03259,0.03169,0.03254
1742342400000,0.03254,0.03292,0.03228,0.0329
1742356800000,0.0329,0.03296,0.0323,0.03232
1742371200000,0.03232,0.03333,0.03232,0.0331
1742385600000,0.0331,0.03337,0.03279,0.03314
1742400000000,0.03314,0.03392,0.03247,0.03352
1742414400000,0.03352,0.0342,0.03336,0.03412
1742428800000,0.03412,0.03435,0.03304,0.03324
1742443200000,0.03324,0.03329,0.03294,0.03307
1742457600000,0.03307,0.03333,0.03244,0.03265
1742472000000,0.03265,0.03309,0.03227,0.03231
1742486400000,0.03231,0.03242,0.03175,0.03213
1742500800000,0.03213,0.03237,0.03183,0.03213
1742515200000,0.03213,0.0324,0.03154,0.03201
1742529600000,0.03201,0.03221,0.03171,0.03187
1742544000000,0.03187,0.03208,0.03129,0.03153
1742558400000,0.03153,0.03173,0.03113,0.03152
1742572800000,0.03152,0.03207,0.03144,0.03197
1742587200000,0.03197,0.03228,0.03156,0.03161
1742601600000,0.03161,0.03204,0.0316,0.03198
1742616000000,0.03198,0.03268,0.03197,0.03246
1742630400000,0.03246,0.03274,0.03228,0.03234
1742644800000,0.03234,0.03261,0.03207,0.03225
1742659200000,0.03225,0.03263,0.03216,0.03249
1742673600000,0.03249,0.03262,0.03194,0.03218
1742688000000,0.03218,0.03319,0.03201,0.03319
1742702400000,0.03319,0.03342,0.03258,0.03286
1742716800000,0.03286,0.03337,0.03276,0.03304
1742731200000,0.03304,0.0331,0.03243,0.0325
1742745600000,0.0325,0.0328,0.03212,0.03265
1742760000000,0.03265,0.03325,0.03259,0.03302
1742774400000,0.03302,0.03321,0.03237,0.03297
1742788800000,0.03297,0.03404,0.03296,0.03372
1742803200000,0.03372,0.0343,0.03366,0.03394
1742817600000,0.03394,0.03423,0.03353,0.0341
1742832000000,0.0341,0.0346,0.03382,0.03428
1742846400000,0.03428,0.03458,0.03392,0.03427
1742860800000,0.03427,0.03448,0.03356,0.03362
1742875200000,0.03362,0.03417,0.03355,0.03384
1742889600000,0.03384,0.03452,0.0338,0.03431
1742904000000,0.03431,0.03444,0.03392,0.03409
1742918400000,0.03409,0.03474,0.03388,0.03464
1742932800000,0.03464,0.03495,0.03415,0.03475
1742947200000,0.03475,0.03475,0.03395,0.03412
1742961600000,0.03412,0.03495,0.03409,0.0349
1742976000000,0.0349,0.03501,0.03409,0.0347
1742990400000,0.0347,0.0347,0.03337,0.03393
1743004800000,0.03393,0.03405,0.03276,0.03318
1743019200000,0.03318,0.03355,0.03298,0.03334
1743033600000,0.03334,0.03407,0.03327,0.03399
1743048000000,0.03399,0.03401,0.03355,0.03359
1743062400000,0.03359,0.0338,0.03321,0.03324
1743076800000,0.03324,0.03356,0.03266,0.03333
1743091200000,0.03333,0.03336,0.0328,0.03304
1743105600000,0.03304,0.03334,0.03287,0.03299
1743120000000,0.03299,0.0332,0.03217,0.0323
1743134400000,0.0323,0.03239,0.03053,0.03062
1743148800000,0.03062,0.03074,0.03006,0.03031
1743163200000,0.03031,0.03038,0.02965,0.02978
1743177600000,0.02978,0.02996,0.02938,0.02956
1743192000000,0.02956,0.03016,0.0294,0.03009
1743206400000,0.03009,0.03035,0.02926,0.02986
1743220800000,0.02986,0.03001,0.02902,0.02917
1743235200000,0.02917,0.02937,0.02838,0.02857
1743249600000,0.02857,0.02908,0.02854,0.02866
1743264000000,0.02866,0.02877,0.02794,0.02829
1743278400000,0.02829,0.02847,0.028,0.02843
1743292800000,0.02843,0.02889,0.02815,0.02874
1743307200000,0.02874,0.02899,0.02858,0.02893
1743321600000,0.02893,0.02921,0.02876,0.02897
1743336000000,0.02897,0.02903,0.02835,0.02854
1743350400000,0.02854,0.02887,0.02804,0.02879
1743364800000,0.02879,0.02896,0.02777,0.02815
1743379200000,0.02815,0.02858,0.02767,0.02806
1743393600000,0.02806,0.02866,0.02779,0.02797
1743408000000,0.02797,0.02824,0.02746,0.02814
1743422400000,0.02814,0.0288,0.02764,0.0286
1743436800000,0.0286,0.0287,0.02801,0.02827
1743451200000,0.02827,0.02841,0.02804,0.02829
1743465600000,0.02829,0.02874,0.02801,0.02865
1743480000000,0.02865,0.02931,0.02865,0.0291
1743494400000,0.0291,0.02964,0.02856,0.0287
1743508800000,0.0287,0.03036,0.02823,0.02991
1743523200000,0.02991,0.03006,0.02921,0.02929
1743537600000,0.02929,0.0297,0.02875,0.0288
1743552000000,0.0288,0.02887,0.02746,0.02782
1743566400000,0.02782,0.02786,0.02658,0.02679
1743580800000,0.02679,0.02747,0.02654,0.02703
1743595200000,0.02703,0.02817,0.02668,0.02797
1743609600000,0.02797,0.02815,0.0273,0.02784
1743624000000,0.02784,0.02841,0.02496,0.0256
1743638400000,0.0256,0.02684,0.02544,0.02651
1743652800000,0.02651,0.02678,0.02509,0.02546
1743667200000,0.02546,0.02562,0.02443,0.02462
1743681600000,0.02462,0.02466,0.02376,0.02418
1743696000000,0.02418,0.02445,0.02381,0.02426
1743710400000,0.02426,0.02506,0.02426,0.02476
1743724800000,0.02476,0.02505,0.02445,0.02466
1743739200000,0.02466,0.02508,0.02432,0.02482
1743753600000,0.02482,0.02504,0.0232,0.02359
1743768000000,0.02359,0.02449,0.02342,0.02364
1743782400000,0.02364,0.02422,0.02348,0.02395
1743796800000,0.02395,0.02437,0.02385,0.02397
1743811200000,0.02397,0.02425,0.02391,0.02409
1743825600000,0.02409,0.02481,0.02409,0.0247
1743840000000,0.0247,0.02495,0.02446,0.02449
1743854400000,0.02449,0.02464,0.02364,0.02371
1743868800000,0.02371,0.02394,0.02356,0.02367
1743883200000,0.02367,0.02409,0.02367,0.02407
1743897600000,0.02407,0.02407,0.02365,0.02375
1743912000000,0.02375,0.024,0.02345,0.02355
1743926400000,0.02355,0.02394,0.0234,0.0236
1743940800000,0.0236,0.02361,0.02239,0.02291
1743955200000,0.02291,0.02291,0.02094,0.02157
1743969600000,0.02157,0.02161,0.02051,0.02122
1743984000000,0.02122,0.02201,0.02058,0.02089
1743998400000,0.02089,0.02151,0.0191,0.01999
1744012800000,0.01999,0.02131,0.01989,0.02076
1744027200000,0.02076,0.02307,0.02074,0.02184
1744041600000,0.02184,0.02227,0.02142,0.02177
1744056000000,0.02177,0.02246,0.02177,0.02218
1744070400000,0.02218,0.02285,0.02192,0.02231
1744084800000,0.02231,0.0225,0.02191,0.02208
1744099200000,0.02208,0.02281,0.02184,0.02277
1744113600000,0.02277,0.0229,0.02197,0.02221
1744128000000,0.02221,0.02221,0.02109,0.02119
1744142400000,0.02119,0.02144,0.02088,0.02101
1744156800000,0.02101,0.0213,0.02015,0.02089
1744171200000,0.02089,0.02177,0.02084,0.02175
1744185600000,0.02175,0.02183,0.02105,0.02115
1744200000000,0.02115,0.02191,0.02097,0.02152
1744214400000,0.02152,0.02373,0.0215,0.02333
1744228800000,0.02333,0.02381,0.02333,0.02355
1744243200000,0.02355,0.02363,0.02294,0.02315
1744257600000,0.02315,0.02361,0.02295,0.02335
1744272000000,0.02335,0.02341,0.02297,0.02318
1744286400000,0.02318,0.02365,0.02211,0.02229
1744300800000,0.02229,0.02274,0.02208,0.02245
1744315200000,0.02245,0.02288,0.02245,0.02272
1744329600000,0.02272,0.02338,0.02258,0.02333
1744344000000,0.02333,0.02381,0.02333,0.02366
1744358400000,0.02366,0.02399,0.02339,0.02344
1744372800000,0.02344,0.02389,0.0233,0.02383
1744387200000,0.02383,0.02443,0.02366,0.02413
1744401600000,0.02413,0.02428,0.02366,0.02387
1744416000000,0.02387,0.024,0.02372,0.02381
1744430400000,0.02381,0.02437,0.02372,0.02436
1744444800000,0.02436,0.02449,0.02412,0.02422
1744459200000,0.02422,0.0249,0.02406,0.02478
1744473600000,0.02478,0.02517,0.02473,0.02498
1744488000000,0.02498,0.02535,0.02493,0.02507
1744502400000,0.02507,0.02511,0.02468,0.02479
1744516800000,0.02479,0.02481,0.02441,0.02454
1744531200000,0.02454,0.02481,0.02437,0.02453
1744545600000,0.02453,0.02461,0.0242,0.0243
1744560000000,0.0243,0.02518,0.02369,0.02391
1744574400000,0.02391,0.0242,0.02317,0.02358
1744588800000,0.02358,0.02449,0.02352,0.02385
1744603200000,0.02385,0.02413,0.02358,0.02379
1744617600000,0.02379,0.02429,0.02369,0.0242
1744632000000,0.0242,0.02445,0.02357,0.02359
1744646400000,0.02359,0.02425,0.02339,0.02406
1744660800000,0.02406,0.02424,0.02381,0.02385
1744675200000,0.02385,0.0241,0.02365,0.02408
1744689600000,0.02408,0.02442,0.02392,0.02431
1744704000000,0.02431,0.02448,0.02398,0.02416
1744718400000,0.02416,0.02453,0.02372,0.02395
1744732800000,0.02395,0.02416,0.0236,0.02364
1744747200000,0.02364,0.02382,0.02331,0.02351
1744761600000,0.02351,0.02374,0.02307,0.0235
1744776000000,0.0235,0.02381,0.02322,0.02325
1744790400000,0.02325,0.02387,0.02305,0.02364
1744804800000,0.02364,0.02371,0.02307,0.02331
1744819200000,0.02331,0.02378,0.02267,0.0236
1744833600000,0.0236,0.02373,0.02307,0.02317
1744848000000,0.02317,0.02329,0.02291,0.02304
1744862400000,0.02304,0.02358,0.02298,0.02344
1744876800000,0.02344,0.02347,0.02316,0.02322
1744891200000,0.02322,0.02347,0.02268,0.02308
1744905600000,0.02308,0.02491,0.023,0.02428
1744920000000,0.02428,0.02442,0.02398,0.0242
1744934400000,0.0242,0.0244,0.02404,0.02435
1744948800000,0.02435,0.02492,0.02418,0.02476
1744963200000,0.02476,0.02526,0.02469,0.02498
1744977600000,0.02498,0.02554,0.02487,0.02499
1744992000000,0.02499,0.02508,0.0247,0.02497
1745006400000,0.02497,0.025,0.02456,0.02479
1745020800000,0.02479,0.02537,0.02474,0.02509
1745035200000,0.02509,0.02528,0.02497,0.02516
1745049600000,0.02516,0.02519,0.02492,0.02499
1745064000000,0.02499,0.02539,0.02482,0.02519
1745078400000,0.02519,0.02593,0.02505,0.02544
1745092800000,0.02544,0.02584,0.02535,0.02551
1745107200000,0.02551,0.02634,0.02528,0.02618
1745121600000,0.02618,0.02648,0.02551,0.02562
1745136000000,0.02562,0.02575,0.02501,0.02517
1745150400000,0.02517,0.02569,0.02512,0.02555
1745164800000,0.02555,0.02644,0.02549,0.02623
1745179200000,0.02623,0.02641,0.02579,0.026
1745193600000,0.026,0.02699,0.02592,0.02665
1745208000000,0.02665,0.02733,0.02663,0.02707
1745222400000,0.02707,0.02757,0.02663,0.02673
1745236800000,0.02673,0.02734,0.02669,0.02707
1745251200000,0.02707,0.02709,0.02592,0.02647
1745265600000,0.02647,0.02656,0.02608,0.0263
1745280000000,0.0263,0.02668,0.02575,0.02609
1745294400000,0.02609,0.02625,0.02545,0.02623
1745308800000,0.02623,0.02636,0.02597,0.02625
1745323200000,0.02625,0.02708,0.02608,0.02695
1745337600000,0.02695,0.02721,0.0268,0.02699
1745352000000,0.02699,0.02799,0.02691,0.02788
1745366400000,0.02788,0.0285,0.02765,0.0285
1745380800000,0.0285,0.0287,0.02809,0.0285
1745395200000,0.0285,0.02935,0.02827,0.02896
1745409600000,0.02896,0.02989,0.02796,0.02846
1745424000000,0.02846,0.02899,0.0281,0.02825
1745438400000,0.02825,0.02869,0.02801,0.02858
1745452800000,0.02858,0.02882,0.0276,0.02764
1745467200000,0.02764,0.02819,0.02735,0.02744
1745481600000,0.02744,0.02778,0.02695,0.02772
1745496000000,0.02772,0.02876,0.02759,0.0283
1745510400000,0.0283,0.02876,0.02778,0.02841
1745524800000,0.02841,0.02895,0.02819,0.02879
1745539200000,0.02879,0.02928,0.0279,0.02837
1745553600000,0.02837,0.02909,0.02827,0.02895
1745568000000,0.02895,0.02915,0.02858,0.0289
1745582400000,0.0289,0.02919,0.02803,0.02856
1745596800000,0.02856,0.02882,0.02819,0.02844
1745611200000,0.02844,0.0287,0.028,0.02837
1745625600000,0.02837,0.02961,0.02831,0.02932
1745640000000,0.02932,0.03063,0.02872,0.03025
1745654400000,0.03025,0.03099,0.02959,0.0298
1745668800000,0.0298,0.03065,0.02968,0.0305
1745683200000,0.0305,0.0314,0.03006,0.03105
1745697600000,0.03105,0.03136,0.03055,0.031
1745712000000,0.031,0.0315,0.0299,0.03122
1745726400000,0.03122,0.03134,0.03015,0.03031
1745740800000,0.03031,0.03066,0.02984,0.0299
1745755200000,0.0299,0.03002,0.02921,0.0294
1745769600000,0.0294,0.02983,0.02919,0.0298
1745784000000,0.0298,0.02989,0.02925,0.02934
1745798400000,0.02934,0.02951,0.02782,0.02926
1745812800000,0.02926,0.03003,0.02909,0.02999
1745827200000,0.02999,0.03082,0.02936,0.02991
1745841600000,0.02991,0.03024,0.02863,0.02885
1745856000000,0.02885,0.02997,0.0287,0.02982
1745870400000,0.02982,0.02998,0.02937,0.02985
1745884800000,0.02985,0.03018,0.02959,0.0299
1745899200000,0.0299,0.03035,0.02953,0.03027
1745913600000,0.03027,0.03047,0.02946,0.02968
1745928000000,0.02968,0.02992,0.02915,0.02946
1745942400000,0.02946,0.03021,0.02922,0.02996
1745956800000,0.02996,0.03027,0.02891,0.02931
1745971200000,0.02931,0.02949,0.02882,0.02934
1745985600000,0.02934,0.02941,0.02863,0.02882
1746000000000,0.02882,0.0298,0.02882,0.0296
1746014400000,0.0296,0.02964,0.02797,0.02866
1746028800000,0.02866,0.0291,0.02832,0.02905
1746043200000,0.02905,0.02951,0.02899,0.02942
1746057600000,0.02942,0.03004,0.02931,0.02954
1746072000000,0.02954,0.02994,0.02938,0.0299
1746086400000,0.0299,0.03079,0.0297,0.0305
1746100800000,0.0305,0.03061,0.02995,0.03013
1746115200000,0.03013,0.03044,0.02977,0.03015
1746129600000,0.03015,0.0303,0.02981,0.02995
1746144000000,0.02995,0.03097,0.02995,0.03073
1746158400000,0.03073,0.03093,0.0304,0.03043
1746172800000,0.03043,0.03132,0.03033,0.03064
1746187200000,0.03064,0.03229,0.03061,0.03155
1746201600000,0.03155,0.03253,0.03141,0.03165
1746216000000,0.03165,0.0326,0.03155,0.03213
1746230400000,0.03213,0.03217,0.03125,0.03129
1746244800000,0.03129,0.03134,0.03036,0.03053
1746259200000,0.03053,0.03053,0.02942,0.02945
1746273600000,0.02945,0.03032,0.02945,0.02957
1746288000000,0.02957,0.02973,0.02873,0.02961
1746302400000,0.02961,0.02961,0.02908,0.02908
1746316800000,0.02908,0.02914,0.02836,0.02847
1746331200000,0.02847,0.02877,0.0282,0.02843
1746345600000,0.02843,0.02844,0.02794,0.02816
1746360000000,0.02816,0.02903,0.02812,0.02848
1746374400000,0.02848,0.02854,0.0277,0.02792
1746388800000,0.02792,0.02823,0.02757,0.02768
1746403200000,0.02768,0.02826,0.02751,0.02801
1746417600000,0.02801,0.02867,0.02795,0.02847
1746432000000,0.02847,0.02878,0.02754,0.0277
1746446400000,0.0277,0.02799,0.02726,0.02741
1746460800000,0.02741,0.02823,0.02738,0.02771
1746475200000,0.02771,0.02807,0.02717,0.02769
1746489600000,0.02769,0.02796,0.0272,0.02793
1746504000000,0.02793,0.02801,0.02748,0.02749
1746518400000,0.02749,0.02752,0.02641,0.02647
1746532800000,0.02647,0.02675,0.02592,0.02618
1746547200000,0.02618,0.02664,0.02598,0.02644
1746561600000,0.02644,0.02698,0.02551,0.02682
1746576000000,0.02682,0.02758,0.02678,0.02699
1746590400000,0.02699,0.02723,0.02675,0.02719
1746604800000,0.02719,0.02753,0.02694,0.02744
1746619200000,0.02744,0.02754,0.02644,0.02658
1746633600000,0.02658,0.02717,0.02614,0.02665
1746648000000,0.02665,0.02742,0.02657,0.02732
1746662400000,0.02732,0.02829,0.02719,0.02825
1746676800000,0.02825,0.02855,0.02794,0.02829
1746691200000,0.02829,0.02887,0.02824,0.0288
1746705600000,0.0288,0.03264,0.02825,0.03028
1746720000000,0.03028,0.03066,0.02996,0.03061
1746734400000,0.03061,0.03184,0.03061,0.03137
1746748800000,0.03137,0.03237,0.03119,0.03163
1746763200000,0.03163,0.03465,0.03154,0.03389
1746777600000,0.03389,0.03539,0.0332,0.03381
1746792000000,0.03381,0.03478,0.03308,0.03387
1746806400000,0.03387,0.03457,0.03341,0.0342
1746820800000,0.0342,0.03462,0.03402,0.03453
1746835200000,0.03453,0.0359,0.03446,0.03554
1746849600000,0.03554,0.03695,0.03477,0.03684
1746864000000,0.03684,0.03834,0.03659,0.03825
1746878400000,0.03825,0.03884,0.03707,0.03727
1746892800000,0.03727,0.03899,0.03691,0.0388
1746907200000,0.0388,0.04046,0.03822,0.04004
1746921600000,0.04004,0.04029,0.03837,0.03945
1746936000000,0.03945,0.03964,0.03684,0.0375
1746950400000,0.0375,0.03826,0.03716,0.03813
1746964800000,0.03813,0.03836,0.03674,0.03729
1746979200000,0.03729,0.03864,0.03679,0.03844
1746993600000,0.03844,0.03909,0.03805,0.03832
1747008000000,0.03832,0.03889,0.03733,0.03887
1747022400000,0.03887,0.0421,0.03886,0.04173
1747036800000,0.04173,0.04414,0.04111,0.04251
1747051200000,0.04251,0.04335,0.0404,0.04161
1747065600000,0.04161,0.04281,0.03919,0.04195
1747080000000,0.04195,0.04319,0.04152,0.04186
1747094400000,0.04186,0.04234,0.03905,0.03946
1747108800000,0.03946,0.04123,0.03942,0.04046
1747123200000,0.04046,0.0419,0.04001,0.04174
1747137600000,0.04174,0.04248,0.04067,0.04158
1747152000000,0.04158,0.044,0.04157,0.04356
1747166400000,0.04356,0.0439,0.04207,0.04225
1747180800000,0.04225,0.04244,0.04128,0.04184
1747195200000,0.04184,0.04346,0.04134,0.04221
1747209600000,0.04221,0.04239,0.0406,0.04127
1747224000000,0.04127,0.04199,0.04063,0.04106
1747238400000,0.04106,0.04116,0.04007,0.04093
1747252800000,0.04093,0.04124,0.03932,0.03988
1747267200000,0.03988,0.04029,0.03844,0.03855
1747281600000,0.03855,0.03886,0.03652,0.03656
1747296000000,0.03656,0.0374,0.03553,0.03676
1747310400000,0.03676,0.03718,0.03501,0.03716
1747324800000,0.03716,0.03781,0.03548,0.0358
1747339200000,0.0358,0.03618,0.03428,0.0355
1747353600000,0.0355,0.03629,0.03536,0.03582
1747368000000,0.03582,0.03634,0.03542,0.0359
1747382400000,0.0359,0.03617,0.03504,0.03561
1747396800000,0.03561,0.03584,0.03498,0.03554
1747411200000,0.03554,0.0358,0.03497,0.0353
1747425600000,0.0353,0.03536,0.03399,0.03466
1747440000000,0.03466,0.03487,0.03303,0.03416
1747454400000,0.03416,0.03462,0.03365,0.03402
1747468800000,0.03402,0.0343,0.03339,0.03389
1747483200000,0.03389,0.03435,0.0332,0.03384
1747497600000,0.03384,0.03415,0.03323,0.03352
1747512000000,0.03352,0.03377,0.03264,0.03271
1747526400000,0.03271,0.0332,0.03232,0.0326
1747540800000,0.0326,0.0342,0.03257,0.03415
1747555200000,0.03415,0.03615,0.0341,0.03524
1747569600000,0.03524,0.0366,0.03488,0.03625
1747584000000,0.03625,0.03662,0.03356,0.03374
1747598400000,0.03374,0.03548,0.03306,0.03531
1747612800000,0.03531,0.03557,0.03318,0.0333
1747627200000,0.0333,0.03364,0.03204,0.0325
1747641600000,0.0325,0.03267,0.03209,0.03235
1747656000000,0.03235,0.03323,0.03183,0.03306
1747670400000,0.03306,0.0339,0.03263,0.03324
1747684800000,0.03324,0.03344,0.03285,0.03335
1747699200000,0.03335,0.03475,0.03311,0.034
1747713600000,0.034,0.03429,0.03362,0.03371
1747728000000,0.03371,0.03405,0.03292,0.03317
1747742400000,0.03317,0.03349,0.03284,0.03334
1747756800000,0.03334,0.03395,0.03264,0.03372
1747771200000,0.03372,0.03481,0.03353,0.03445
1747785600000,0.03445,0.03473,0.03369,0.03436
1747800000000,0.03436,0.03482,0.03364,0.03369
1747814400000,0.03369,0.03385,0.03293,0.03366
1747828800000,0.03366,0.03407,0.03302,0.03379
1747843200000,0.03379,0.03502,0.03225,0.03324
1747857600000,0.03324,0.03399,0.03275,0.03326
1747872000000,0.03326,0.03455,0.03312,0.03448
1747886400000,0.03448,0.03455,0.03367,0.03424
1747900800000,0.03424,0.03534,0.03423,0.03476
1747915200000,0.03476,0.03633,0.03421,0.03585
1747929600000,0.03585,0.03693,0.0353,0.03601
1747944000000,0.03601,0.03659,0.03588,0.03641
1747958400000,0.03641,0.03778,0.03599,0.03768
1747972800000,0.03768,0.03768,0.03599,0.03617
1747987200000,0.03617,0.03775,0.0343,0.03492
1748001600000,0.03492,0.03567,0.03353,0.03467
1748016000000,0.03467,0.03535,0.03439,0.03454
1748030400000,0.03454,0.03455,0.03207,0.03252
1748044800000,0.03252,0.0333,0.03223,0.03319
1748059200000,0.03319,0.03331,0.03257,0.03288
1748073600000,0.03288,0.0336,0.03234,0.03316
1748088000000,0.03316,0.03345,0.0327,0.03308
1748102400000,0.03308,0.03359,0.03276,0.03303
1748116800000,0.03303,0.03319,0.03219,0.0324
1748131200000,0.0324,0.03269,0.03131,0.03216
1748145600000,0.03216,0.03233,0.03152,0.03164
1748160000000,0.03164,0.03165,0.03079,0.03119
1748174400000,0.03119,0.03154,0.03055,0.03113
1748188800000,0.03113,0.03158,0.03065,0.03141
1748203200000,0.03141,0.03251,0.03118,0.0324
1748217600000,0.0324,0.03372,0.03232,0.03349
1748232000000,0.03349,0.03416,0.03313,0.03378
1748246400000,0.03378,0.03406,0.03304,0.03311
1748260800000,0.03311,0.03335,0.03224,0.03282
1748275200000,0.03282,0.03332,0.03231,0.03291
1748289600000,0.03291,0.03345,0.03265,0.03326
1748304000000,0.03326,0.03349,0.03215,0.03309
1748318400000,0.03309,0.03434,0.03291,0.03388
1748332800000,0.03388,0.03484,0.03388,0.03439
1748347200000,0.03439,0.0346,0.03352,0.03446
1748361600000,0.03446,0.03503,0.03403,0.03438
1748376000000,0.03438,0.0347,0.03383,0.03417
1748390400000,0.03417,0.03422,0.03326,0.03365
1748404800000,0.03365,0.03427,0.03341,0.03397
1748419200000,0.03397,0.03433,0.0335,0.03423
1748433600000,0.03423,0.03554,0.03336,0.03342
1748448000000,0.03342,0.03445,0.03275,0.03282
1748462400000,0.03282,0.03414,0.03252,0.03401
1748476800000,0.03401,0.03508,0.03385,0.03433
1748491200000,0.03433,0.03442,0.03335,0.03365
1748505600000,0.03365,0.03409,0.03345,0.03369
1748520000000,0.03369,0.03369,0.03252,0.03284
1748534400000,0.03284,0.03298,0.03226,0.03247
1748548800000,0.03247,0.03315,0.03195,0.03216
1748563200000,0.03216,0.03234,0.0307,0.03166
1748577600000,0.03166,0.03183,0.03082,0.03107
1748592000000,0.03107,0.03163,0.03086,0.03154
1748606400000,0.03154,0.03161,0.03055,0.03084
1748620800000,0.03084,0.0316,0.02957,0.03116
1748635200000,0.03116,0.03125,0.0288,0.0291
1748649600000,0.0291,0.0292,0.02701,0.02777
1748664000000,0.02777,0.02842,0.02765,0.02824
1748678400000,0.02824,0.02841,0.02753,0.02756
1748692800000,0.02756,0.02904,0.02746,0.02842
1748707200000,0.02842,0.02888,0.02814,0.02876
1748721600000,0.02876,0.02915,0.0285,0.02858
1748736000000,0.02858,0.02888,0.0282,0.0286
1748750400000,0.0286,0.0291,0.02848,0.02871
1748764800000,0.02871,0.02892,0.02797,0.02871
1748779200000,0.02871,0.02929,0.02822,0.02908
1748793600000,0.02908,0.02956,0.02874,0.02953
1748808000000,0.02953,0.02995,0.02918,0.0297
1748822400000,0.0297,0.02978,0.02885,0.02893
1748836800000,0.02893,0.02948,0.02863,0.02923
1748851200000,0.02923,0.02934,0.0282,0.02844
1748865600000,0.02844,0.0292,0.02844,0.0289
1748880000000,0.0289,0.02923,0.02844,0.02872
1748894400000,0.02872,0.03035,0.02871,0.02993
1748908800000,0.02993,0.03058,0.02984,0.02998
1748923200000,0.02998,0.03043,0.02957,0.03002
1748937600000,0.03002,0.03028,0.02965,0.03018
1748952000000,0.03018,0.03066,0.02991,0.0304
1748966400000,0.0304,0.03072,0.03018,0.03056
1748980800000,0.03056,0.0306,0.02971,0.02986
1748995200000,0.02986,0.03039,0.02968,0.03002
1749009600000,0.03002,0.03013,0.02934,0.02958
1749024000000,0.02958,0.02987,0.02937,0.02941
1749038400000,0.02941,0.02964,0.02893,0.02954
1749052800000,0.02954,0.02956,0.02863,0.02865
1749067200000,0.02865,0.02865,0.02791,0.02798
1749081600000,0.02798,0.02848,0.02792,0.02829
1749096000000,0.02829,0.02878,0.02786,0.02846
1749110400000,0.02846,0.02873,0.02812,0.02835
1749124800000,0.02835,0.02891,0.02773,0.02819
1749139200000,0.02819,0.02821,0.02673,0.02702
1749153600000,0.02702,0.02702,0.0258,0.02629
1749168000000,0.02629,0.02674,0.02619,0.02672
1749182400000,0.02672,0.02704,0.02663,0.02689
1749196800000,0.02689,0.02713,0.02686,0.02698
1749211200000,0.02698,0.02784,0.02697,0.02746
1749225600000,0.02746,0.02757,0.02666,0.02666
1749240000000,0.02666,0.02696,0.02653,0.02656
1749254400000,0.02656,0.02736,0.02656,0.02726
1749268800000,0.02726,0.02783,0.02719,0.02775
1749283200000,0.02775,0.02782,0.02738,0.0277
1749297600000,0.0277,0.02797,0.02758,0.02772
1749312000000,0.02772,0.02781,0.02725,0.02766
1749326400000,0.02766,0.0279,0.02766,0.0278
1749340800000,0.0278,0.02789,0.02754,0.0276
1749355200000,0.0276,0.02769,0.0272,0.02725
1749369600000,0.02725,0.02773,0.027,0.02765
1749384000000,0.02765,0.02789,0.02747,0.02763
1749398400000,0.02763,0.02798,0.02754,0.02792
1749412800000,0.02792,0.02811,0.02741,0.0275
1749427200000,0.0275,0.02756,0.027,0.02725
1749441600000,0.02725,0.02736,0.02663,0.02696
1749456000000,0.02696,0.02776,0.02681,0.02761
1749470400000,0.02761,0.02798,0.02721,0.02779
1749484800000,0.02779,0.02834,0.02778,0.02813
1749499200000,0.02813,0.02925,0.0281,0.02917
1749513600000,0.02917,0.02964,0.0288,0.02884
1749528000000,0.02884,0.02907,0.02839,0.02883
1749542400000,0.02883,0.0302,0.02861,0.03018
1749556800000,0.03018,0.03109,0.02987,0.03019
1749571200000,0.03019,0.03129,0.03005,0.03093
1749585600000,0.03093,0.03135,0.03048,0.03122
1749600000000,0.03122,0.03122,0.03044,0.03099
1749614400000,0.03099,0.03109,0.03042,0.03062
1749628800000,0.03062,0.0307,0.02977,0.03008
1749643200000,0.03008,0.03125,0.02995,0.03107
1749657600000,0.03107,0.0312,0.02988,0.02998
1749672000000,0.02998,0.03015,0.02866,0.029
1749686400000,0.029,0.02908,0.02788,0.02789
1749700800000,0.02789,0.02851,0.02769,0.02785
1749715200000,0.02785,0.02809,0.02742,0.02754
1749729600000,0.02754,0.02844,0.02746,0.02772
1749744000000,0.02772,0.02829,0.02699,0.0271
1749758400000,0.0271,0.0272,0.02657,0.02686
1749772800000,0.02686,0.02686,0.02469,0.02554
1749787200000,0.02554,0.02554,0.02485,0.02518
1749801600000,0.02518,0.0256,0.02492,0.02525
1749816000000,0.02525,0.02561,0.02476,0.02539
1749830400000,0.02539,0.02583,0.02519,0.02537
1749844800000,0.02537,0.02604,0.02532,0.02594
1749859200000,0.02594,0.02594,0.02549,0.02578
1749873600000,0.02578,0.02613,0.02554,0.02579
1749888000000,0.02579,0.02581,0.0255,0.0256
1749902400000,0.0256,0.02583,0.02512,0.02533
1749916800000,0.02533,0.0254,0.02483,0.025
1749931200000,0.025,0.02548,0.02474,0.02533
1749945600000,0.02533,0.02566,0.0253,0.02554
1749960000000,0.02554,0.02573,0.02521,0.02532
1749974400000,0.02532,0.02545,0.02512,0.02537
1749988800000,0.02537,0.02578,0.02518,0.02538
1750003200000,0.02538,0.02558,0.02518,0.02529
1750017600000,0.02529,0.02557,0.02484,0.02551
1750032000000,0.02551,0.02607,0.02516,0.02558
1750046400000,0.02558,0.02626,0.02554,0.0262
1750060800000,0.0262,0.02662,0.02603,0.02632
1750075200000,0.02632,0.02666,0.02601,0.02632
1750089600000,0.02632,0.02653,0.02609,0.02625
1750104000000,0.02625,0.0265,0.02456,0.02466
1750118400000,0.02466,0.02514,0.02409,0.02497
1750132800000,0.02497,0.02504,0.0241,0.02412
1750147200000,0.02412,0.02422,0.02384,0.0241
1750161600000,0.0241,0.02437,0.02361,0.02374
1750176000000,0.02374,0.02424,0.02321,0.02404
1750190400000,0.02404,0.02416,0.02351,0.0238
1750204800000,0.0238,0.02409,0.02368,0.02388
1750219200000,0.02388,0.02414,0.02378,0.02386
1750233600000,0.02386,0.02399,0.02329,0.02353
1750248000000,0.02353,0.02405,0.02297,0.02388
1750262400000,0.02388,0.02415,0.02342,0.02355
1750276800000,0.02355,0.02441,0.0235,0.02405
1750291200000,0.02405,0.02445,0.02387,0.02412
1750305600000,0.02412,0.02423,0.02391,0.02393
1750320000000,0.02393,0.02426,0.02393,0.02397
1750334400000,0.02397,0.02408,0.02357,0.0236
1750348800000,0.0236,0.02391,0.02327,0.0235
1750363200000,0.0235,0.02381,0.0234,0.0236
1750377600000,0.0236,0.02371,0.02341,0.02355
1750392000000,0.02355,0.02408,0.02326,0.02406
1750406400000,0.02406,0.02425,0.02384,0.02409
1750420800000,0.02409,0.02423,0.02333,0.02343
1750435200000,0.02343,0.02345,0.02245,0.02317
1750449600000,0.02317,0.02348,0.02278,0.02313
1750464000000,0.02313,0.02341,0.02303,0.02328
1750478400000,0.02328,0.02346,0.02315,0.02339
1750492800000,0.02339,0.0236,0.02329,0.02332
1750507200000,0.02332,0.0234,0.02273,0.02293
1750521600000,0.02293,0.0231,0.02221,0.02223
1750536000000,0.02223,0.02253,0.02153,0.02206
1750550400000,0.02206,0.02231,0.02142,0.02158
1750564800000,0.02158,0.02192,0.0215,0.0217
1750579200000,0.0217,0.02173,0.02115,0.02128
1750593600000,0.02128,0.0215,0.02014,0.0203
1750608000000,0.0203,0.02069,0.02013,0.02024
1750622400000,0.02024,0.02097,0.01963,0.02095
1750636800000,0.02095,0.02116,0.02086,0.021
1750651200000,0.021,0.02154,0.021,0.02138
1750665600000,0.02138,0.02143,0.02111,0.02131
1750680000000,0.02131,0.02209,0.0212,0.02146
1750694400000,0.02146,0.02225,0.02076,0.02218
1750708800000,0.02218,0.02421,0.02216,0.02412
1750723200000,0.02412,0.02431,0.02395,0.02426
1750737600000,0.02426,0.02468,0.02423,0.02435
1750752000000,0.02435,0.02453,0.02357,0.02386
1750766400000,0.02386,0.02427,0.02382,0.02395
1750780800000,0.02395,0.02452,0.02373,0.02387
1750795200000,0.02387,0.02409,0.02368,0.024
1750809600000,0.024,0.02421,0.0238,0.02396
1750824000000,0.02396,0.024,0.02367,0.0239
1750838400000,0.0239,0.02401,0.02333,0.02372
1750852800000,0.02372,0.02396,0.02309,0.02314
1750867200000,0.02314,0.02339,0.02296,0.02319
1750881600000,0.02319,0.02345,0.02285,0.023
1750896000000,0.023,0.0238,0.02283,0.02339
1750910400000,0.02339,0.02356,0.02303,0.02342
1750924800000,0.02342,0.02361,0.02296,0.02305
1750939200000,0.02305,0.02313,0.02231,0.02264
1750953600000,0.02264,0.02283,0.02238,0.02272
1750968000000,0.02272,0.02324,0.0226,0.02267
1750982400000,0.02267,0.02307,0.02241,0.02303
1750996800000,0.02303,0.02317,0.02263,0.02269
1751011200000,0.02269,0.02293,0.02255,0.02263
1751025600000,0.02263,0.02281,0.02236,0.02276
1751040000000,0.02276,0.02306,0.02224,0.02234
1751054400000,0.02234,0.02292,0.02234,0.02288
1751068800000,0.02288,0.02296,0.02272,0.02284
1751083200000,0.02284,0.02305,0.02273,0.02303
1751097600000,0.02303,0.02326,0.02288,0.02318
1751112000000,0.02318,0.02346,0.02306,0.02342
1751126400000,0.02342,0.02385,0.02318,0.0237
1751140800000,0.0237,0.02389,0.02361,0.02376
1751155200000,0.02376,0.0239,0.02346,0.02346
1751169600000,0.02346,0.02375,0.02343,0.02374
1751184000000,0.02374,0.02395,0.02362,0.02388
1751198400000,0.02388,0.02392,0.02332,0.02349
1751212800000,0.02349,0.02387,0.02341,0.02383
1751227200000,0.02383,0.02639,0.02361,0.02592
1751241600000,0.02592,0.02681,0.02548,0.02573
1751256000000,0.02573,0.02582,0.02507,0.0257
1751270400000,0.0257,0.02574,0.02509,0.02534
1751284800000,0.02534,0.02553,0.02456,0.025
1751299200000,0.025,0.0255,0.02491,0.02547
1751313600000,0.02547,0.02571,0.02512,0.02524
1751328000000,0.02524,0.0254,0.02456,0.02464
1751342400000,0.02464,0.02464,0.02392,0.02443
1751356800000,0.02443,0.02462,0.02401,0.02412
1751371200000,0.02412,0.02417,0.02294,0.02311
1751385600000,0.02311,0.0232,0.0225,0.02284
1751400000000,0.02284,0.02327,0.02265,0.02318
1751414400000,0.02318,0.02325,0.02271,0.02302
1751428800000,0.02302,0.02369,0.0229,0.02346
1751443200000,0.02346,0.02402,0.02342,0.0237
1751457600000,0.0237,0.0243,0.02347,0.02416
1751472000000,0.02416,0.02501,0.02416,0.02498
1751486400000,0.02498,0.0253,0.02478,0.02517
1751500800000,0.02517,0.02553,0.02517,0.02522
1751515200000,0.02522,0.02602,0.02522,0.0259
1751529600000,0.0259,0.02621,0.02518,0.02531
1751544000000,0.02531,0.02578,0.02482,0.02488
1751558400000,0.02488,0.02547,0.02485,0.02544
1751572800000,0.02544,0.0256,0.02514,0.02525
1751587200000,0.02525,0.02551,0.02493,0.02498
1751601600000,0.02498,0.02509,0.02431,0.02436
1751616000000,0.02436,0.02471,0.02419,0.02447
1751630400000,0.02447,0.02468,0.0238,0.02385
1751644800000,0.02385,0.02394,0.02293,0.02294
1751659200000,0.02294,0.02364,0.02294,0.02348
1751673600000,0.02348,0.02386,0.02344,0.02368
1751688000000,0.02368,0.02393,0.0234,0.02363
1751702400000,0.02363,0.0237,0.0233,0.02347
1751716800000,0.02347,0.0235,0.02319,0.02327
1751731200000,0.02327,0.02342,0.023,0.02328
1751745600000,0.02328,0.0237,0.02324,0.02351
1751760000000,0.02351,0.02351,0.02327,0.02332
1751774400000,0.02332,0.02363,0.02329,0.02345
1751788800000,0.02345,0.02349,0.0231,0.02339
1751803200000,0.02339,0.02408,0.02329,0.02379
1751817600000,0.02379,0.02394,0.02349,0.02378
1751832000000,0.02378,0.02444,0.0237,0.02377
1751846400000,0.02377,0.0241,0.02357,0.02395
1751860800000,0.02395,0.02413,0.02361,0.02411
1751875200000,0.02411,0.02427,0.02368,0.02378
1751889600000,0.02378,0.02417,0.02345,0.02361
1751904000000,0.02361,0.02374,0.02315,0.02351
1751918400000,0.02351,0.02359,0.02319,0.02357
1751932800000,0.02357,0.02359,0.02314,0.02332
1751947200000,0.02332,0.02355,0.02311,0.02349
1751961600000,0.02349,0.02384,0.02323,0.02368
1751976000000,0.02368,0.02391,0.02329,0.02346
1751990400000,0.02346,0.02496,0.02341,0.02459
1752004800000,0.02459,0.02485,0.02438,0.02457
1752019200000,0.02457,0.02494,0.02436,0.02449
1752033600000,0.02449,0.02549,0.02446,0.02525
1752048000000,0.02525,0.0255,0.02493,0.02529
1752062400000,0.02529,0.02574,0.02492,0.02531
1752076800000,0.02531,0.02599,0.02506,0.02586
1752091200000,0.02586,0.0263,0.02556,0.02598
1752105600000,0.02598,0.02612,0.02564,0.02599
1752120000000,0.02599,0.02634,0.02576,0.02619
1752134400000,0.02619,0.02685,0.0261,0.02652
1752148800000,0.02652,0.02677,0.02626,0.02655
1752163200000,0.02655,0.02744,0.02647,0.02704
1752177600000,0.02704,0.02862,0.02704,0.02849
1752192000000,0.02849,0.02936,0.02783,0.02929
1752206400000,0.02929,0.03042,0.02882,0.02919
1752220800000,0.02919,0.02999,0.02918,0.02932
1752235200000,0.02932,0.0305,0.02899,0.02908
1752249600000,0.02908,0.03032,0.02888,0.03008
1752264000000,0.03008,0.03014,0.02826,0.02883
1752278400000,0.02883,0.02931,0.02827,0.02907
1752292800000,0.02907,0.02923,0.02828,0.02893
1752307200000,0.02893,0.02905,0.02854,0.0288
1752321600000,0.0288,0.0289,0.02721,0.02746
1752336000000,0.02746,0.02816,0.02727,0.02808
1752350400000,0.02808,0.02818,0.02759,0.02806
1752364800000,0.02806,0.02828,0.02769,0.02805
1752379200000,0.02805,0.02895,0.02779,0.02874
1752393600000,0.02874,0.02874,0.02802,0.02852
1752408000000,0.02852,0.02927,0.02835,0.02891
1752422400000,0.02891,0.02926,0.02839,0.02894
1752436800000,0.02894,0.02946,0.02813,0.0285
1752451200000,0.0285,0.02975,0.02838,0.02956
1752465600000,0.02956,0.02995,0.02872,0.02948
1752480000000,0.02948,0.02948,0.02878,0.02906
1752494400000,0.02906,0.02929,0.02776,0.02805
1752508800000,0.02805,0.02826,0.02739,0.02746
1752523200000,0.02746,0.02797,0.02701,0.02785
1752537600000,0.02785,0.028,0.02658,0.02693
1752552000000,0.02693,0.02721,0.02659,0.02684
1752566400000,0.02684,0.0271,0.02661,0.02687
1752580800000,0.02687,0.02745,0.02629,0.02729
1752595200000,0.02729,0.02848,0.02722,0.02765
1752609600000,0.02765,0.02889,0.02756,0.02869
1752624000000,0.02869,0.02889,0.02785,0.02806
1752638400000,0.02806,0.02946,0.02778,0.0289
1752652800000,0.0289,0.0291,0.02855,0.02869
1752667200000,0.02869,0.0294,0.02838,0.02884
1752681600000,0.02884,0.02956,0.02867,0.029
1752696000000,0.029,0.03043,0.02876,0.02904
1752710400000,0.02904,0.02945,0.02787,0.02814
1752724800000,0.02814,0.02927,0.028,0.02894
1752739200000,0.02894,0.02978,0.02882,0.02908
1752753600000,0.02908,0.02954,0.0286,0.0289
1752768000000,0.0289,0.02896,0.02789,0.02819
1752782400000,0.02819,0.02956,0.02767,0.02908
1752796800000,0.02908,0.03026,0.02875,0.03025
1752811200000,0.03025,0.03241,0.03019,0.03142
1752825600000,0.03142,0.03267,0.03126,0.03265
1752840000000,0.03265,0.03355,0.03159,0.03189
1752854400000,0.03189,0.03295,0.03131,0.03191
1752868800000,0.03191,0.03195,0.03062,0.03138
1752883200000,0.03138,0.03188,0.03041,0.03179
1752897600000,0.03179,0.03214,0.03132,0.03146
1752912000000,0.03146,0.03149,0.03074,0.03086
1752926400000,0.03086,0.03109,0.03023,0.03073
1752940800000,0.03073,0.03205,0.03053,0.03183
1752955200000,0.03183,0.03223,0.03147,0.03202
1752969600000,0.03202,0.03261,0.03151,0.03218
1752984000000,0.03218,0.0332,0.03201,0.03261
1752998400000,0.03261,0.03317,0.03235,0.03293
1753012800000,0.03293,0.03371,0.03248,0.03361
1753027200000,0.03361,0.03416,0.03334,0.03342
1753041600000,0.03342,0.03361,0.03215,0.03305
1753056000000,0.03305,0.03384,0.03225,0.0338
1753070400000,0.0338,0.03407,0.03327,0.03372
1753084800000,0.03372,0.03404,0.03293,0.03363
1753099200000,0.03363,0.03448,0.033,0.03343
1753113600000,0.03343,0.03368,0.03198,0.03221
1753128000000,0.03221,0.03318,0.03195,0.03287
1753142400000,0.03287,0.03299,0.0311,0.03178
1753156800000,0.03178,0.03191,0.03081,0.03131
1753171200000,0.03131,0.03176,0.03036,0.03155
1753185600000,0.03155,0.03213,0.03067,0.03169
1753200000000,0.03169,0.03218,0.0309,0.03127
1753214400000,0.03127,0.03256,0.03121,0.03256
1753228800000,0.03256,0.03256,0.03165,0.03181
1753243200000,0.03181,0.03225,0.03159,0.03175
1753257600000,0.03175,0.03206,0.03084,0.03125
1753272000000,0.03125,0.03133,0.02865,0.02953
1753286400000,0.02953,0.03008,0.02817,0.02966
1753300800000,0.02966,0.02993,0.02764,0.02857
1753315200000,0.02857,0.02898,0.02843,0.02853
1753329600000,0.02853,0.02859,0.02468,0.02604
1753344000000,0.02604,0.0272,0.02588,0.0271
1753358400000,0.0271,0.02775,0.02633,0.02714
1753372800000,0.02714,0.0276,0.02643,0.02712
1753387200000,0.02712,0.02751,0.0266,0.02671
1753401600000,0.02671,0.02693,0.02565,0.02615
1753416000000,0.02615,0.02679,0.02577,0.02643
1753430400000,0.02643,0.02745,0.02634,0.02726
1753444800000,0.02726,0.0274,0.0261,0.02653
1753459200000,0.02653,0.02697,0.02625,0.02666
1753473600000,0.02666,0.02747,0.02661,0.02735
1753488000000,0.02735,0.02766,0.02717,0.02748
1753502400000,0.02748,0.02823,0.02739,0.02741
1753516800000,0.02741,0.02769,0.02727,0.02737
1753531200000,0.02737,0.02795,0.02716,0.02789
1753545600000,0.02789,0.02829,0.02739,0.02817
1753560000000,0.02817,0.02824,0.02754,0.02764
1753574400000,0.02764,0.02843,0.02756,0.02811
1753588800000,0.02811,0.02847,0.02792,0.02819
1753603200000,0.02819,0.0289,0.02779,0.02843
1753617600000,0.02843,0.02869,0.02811,0.02837
1753632000000,0.02837,0.02898,0.02837,0.02865
1753646400000,0.02865,0.02907,0.02832,0.029
1753660800000,0.029,0.02954,0.02871,0.0294
1753675200000,0.0294,0.03081,0.0292,0.03
1753689600000,0.03,0.03059,0.02942,0.02951
1753704000000,0.02951,0.02962,0.02808,0.02841
1753718400000,0.02841,0.02867,0.02756,0.02784
1753732800000,0.02784,0.02798,0.02695,0.02725
1753747200000,0.02725,0.02748,0.02636,0.02697
1753761600000,0.02697,0.02813,0.02676,0.02801
1753776000000,0.02801,0.02821,0.02714,0.02735
1753790400000,0.02735,0.02778,0.02654,0.02689
1753804800000,0.02689,0.02709,0.02626,0.02663
1753819200000,0.02663,0.02696,0.02622,0.02682
1753833600000,0.02682,0.02691,0.02628,0.02673
1753848000000,0.02673,0.02689,0.02639,0.0265
1753862400000,0.0265,0.02677,0.02535,0.02557
1753876800000,0.02557,0.02636,0.02537,0.02608
1753891200000,0.02608,0.02662,0.0248,0.0261
1753905600000,0.0261,0.02641,0.02563,0.02631
1753920000000,0.02631,0.02692,0.02618,0.02677
1753934400000,0.02677,0.02718,0.02669,0.02694
1753948800000,0.02694,0.0272,0.02659,0.0267
1753963200000,0.0267,0.02677,0.02537,0.02574
1753977600000,0.02574,0.02636,0.02546,0.02554
1753992000000,0.02554,0.02558,0.02445,0.02466
1754006400000,0.02466,0.02468,0.02357,0.02451
1754020800000,0.02451,0.02452,0.02393,0.02414
1754035200000,0.02414,0.02425,0.02355,0.0242
1754049600000,0.0242,0.02466,0.02359,0.02443
1754064000000,0.02443,0.0246,0.02383,0.02436
1754078400000,0.02436,0.02444,0.02296,0.02379
1754092800000,0.02379,0.02413,0.02373,0.02408
1754107200000,0.02408,0.02424,0.02329,0.02392
1754121600000,0.02392,0.02402,0.02329,0.0236
1754136000000,0.0236,0.02374,0.02305,0.0232
1754150400000,0.0232,0.02342,0.02263,0.02301
1754164800000,0.02301,0.02345,0.02295,0.02326
1754179200000,0.02326,0.02376,0.02295,0.0237
1754193600000,0.0237,0.02398,0.02358,0.02387
1754208000000,0.02387,0.02432,0.02369,0.02411
1754222400000,0.02411,0.02431,0.02401,0.02423
1754236800000,0.02423,0.02462,0.02417,0.02439
1754251200000,0.02439,0.02478,0.02438,0.02458
1754265600000,0.02458,0.02508,0.02451,0.02476
1754280000000,0.02476,0.02497,0.02461,0.02486
1754294400000,0.02486,0.02504,0.02452,0.02467
1754308800000,0.02467,0.02547,0.02462,0.02543
1754323200000,0.02543,0.02598,0.02536,0.0255
1754337600000,0.0255,0.02598,0.02546,0.02588
1754352000000,0.02588,0.02591,0.02544,0.02549
1754366400000,0.02549,0.02574,0.02486,0.02497
1754380800000,0.02497,0.02605,0.02491,0.02577
1754395200000,0.02577,0.02583,0.02445,0.02455
1754409600000,0.02455,0.02485,0.0243,0.02447
1754424000000,0.02447,0.02473,0.02408,0.02463
1754438400000,0.02463,0.02466,0.02394,0.02406
1754452800000,0.02406,0.0249,0.02395,0.0249
1754467200000,0.0249,0.02491,0.02455,0.02462
1754481600000,0.02462,0.02543,0.02436,0.02536
1754496000000,0.02536,0.02557,0.02511,0.0254
1754510400000,0.0254,0.02541,0.02506,0.02525
1754524800000,0.02525,0.02554,0.02503,0.02506
1754539200000,0.02506,0.02548,0.02504,0.02538
1754553600000,0.02538,0.02703,0.02537,0.02668
1754568000000,0.02668,0.02678,0.02633,0.02661
1754582400000,0.02661,0.02678,0.026,0.02657
1754596800000,0.02657,0.02727,0.02649,0.02716
1754611200000,0.02716,0.02799,0.02695,0.02774
1754625600000,0.02774,0.02802,0.02735,0.0277
1754640000000,0.0277,0.02856,0.02739,0.02787
1754654400000,0.02787,0.02848,0.02714,0.02743
1754668800000,0.02743,0.0284,0.02739,0.02819
1754683200000,0.02819,0.02845,0.02812,0.02827
1754697600000,0.02827,0.02856,0.02821,0.02834
1754712000000,0.02834,0.02917,0.02834,0.029
1754726400000,0.029,0.02934,0.02887,0.02909
1754740800000,0.02909,0.02955,0.02876,0.02902
1754755200000,0.02902,0.02944,0.02897,0.02928
1754769600000,0.02928,0.03069,0.02925,0.02992
1754784000000,0.02992,0.03106,0.02988,0.03044
1754798400000,0.03044,0.03099,0.02927,0.02938
1754812800000,0.02938,0.02972,0.02885,0.02892
1754827200000,0.02892,0.02952,0.02866,0.02941
1754841600000,0.02941,0.0298,0.02924,0.0297
1754856000000,0.0297,0.02978,0.02931,0.02963
1754870400000,0.02963,0.03044,0.02935,0.03007
1754884800000,0.03007,0.0304,0.02893,0.02898
1754899200000,0.02898,0.02934,0.02751,0.02772
1754913600000,0.02772,0.0284,0.02745,0.02835
1754928000000,0.02835,0.02878,0.02766,0.02796
1754942400000,0.02796,0.02812,0.0269,0.02704
1754956800000,0.02704,0.02777,0.02699,0.02737
1754971200000,0.02737,0.02765,0.02698,0.02762
1754985600000,0.02762,0.02762,0.02645,0.02696
1755000000000,0.02696,0.02874,0.02688,0.02871
1755014400000,0.02871,0.02915,0.02841,0.02895
1755028800000,0.02895,0.02933,0.02868,0.02875
1755043200000,0.02875,0.0292,0.02836,0.02915
1755057600000,0.02915,0.02934,0.02847,0.02907
1755072000000,0.02907,0.0318,0.02903,0.03161
1755086400000,0.03161,0.03205,0.03062,0.03139
1755100800000,0.03139,0.03186,0.0311,0.03167
1755115200000,0.03167,0.03234,0.03118,0.03184
1755129600000,0.03184,0.03224,0.03133,0.03186
1755144000000,0.03186,0.03217,0.03072,0.03089
1755158400000,0.03089,0.0309,0.03008,0.03023
1755172800000,0.03023,0.03059,0.02691,0.02823
1755187200000,0.02823,0.02823,0.02726,0.02756
1755201600000,0.02756,0.02774,0.02664,0.02751
1755216000000,0.02751,0.02829,0.02731,0.02811
1755230400000,0.02811,0.02906,0.02785,0.02884
1755244800000,0.02884,0.02963,0.0283,0.02853
1755259200000,0.02853,0.02934,0.02682,0.02704
1755273600000,0.02704,0.02765,0.02663,0.02708
1755288000000,0.02708,0.02803,0.02698,0.02754
1755302400000,0.02754,0.02801,0.02746,0.02772
1755316800000,0.02772,0.02798,0.02755,0.02788
1755331200000,0.02788,0.02804,0.02741,0.02761
1755345600000,0.02761,0.02904,0.02754,0.02871
1755360000000,0.02871,0.0291,0.02849,0.02856
1755374400000,0.02856,0.02892,0.02848,0.02876
1755388800000,0.02876,0.0292,0.02862,0.02907
1755403200000,0.02907,0.02948,0.02897,0.02931
1755417600000,0.02931,0.02967,0.02921,0.0293
1755432000000,0.0293,0.03001,0.02907,0.02996
1755446400000,0.02996,0.03039,0.02897,0.02928
1755460800000,0.02928,0.02996,0.02919,0.02926
1755475200000,0.02926,0.02933,0.02737,0.02784
1755489600000,0.02784,0.02829,0.02723,0.02726
1755504000000,0.02726,0.0276,0.02673,0.02754
1755518400000,0.02754,0.02813,0.02729,0.02771
1755532800000,0.02771,0.02799,0.02731,0.02761
1755547200000,0.02761,0.02805,0.02738,0.02745
1755561600000,0.02745,0.02793,0.02652,0.02669
1755576000000,0.02669,0.02708,0.02638,0.02685
1755590400000,0.02685,0.02777,0.02672,0.02765
1755604800000,0.02765,0.02769,0.02655,0.02686
1755619200000,0.02686,0.02693,0.02604,0.0265
1755633600000,0.0265,0.02707,0.02634,0.02642
1755648000000,0.02642,0.02719,0.02629,0.02699
1755662400000,0.02699,0.02739,0.02698,0.02713
1755676800000,0.02713,0.02766,0.02671,0.02715
1755691200000,0.02715,0.02791,0.02643,0.02748
1755705600000,0.02748,0.0281,0.02738,0.02797
1755720000000,0.02797,0.0282,0.02782,0.02791
1755734400000,0.02791,0.02829,0.02771,0.02794
1755748800000,0.02794,0.02806,0.02754,0.02773
1755763200000,0.02773,0.02778,0.02704,0.0272
1755777600000,0.0272,0.02739,0.0266,0.02672
1755792000000,0.02672,0.02698,0.02646,0.02654
1755806400000,0.02654,0.0271,0.02649,0.02669
1755820800000,0.02669,0.02705,0.02642,0.02655
1755835200000,0.02655,0.02682,0.02631,0.02669
1755849600000,0.02669,0.02689,0.02584,0.02584
1755864000000,0.02584,0.02811,0.02536,0.02785
1755878400000,0.02785,0.02943,0.02785,0.02919
1755892800000,0.02919,0.02933,0.02879,0.02907
1755907200000,0.02907,0.02918,0.02774,0.02796
1755921600000,0.02796,0.0288,0.02794,0.02812
1755936000000,0.02812,0.02835,0.02794,0.028
1755950400000,0.028,0.0283,0.0278,0.02805
1755964800000,0.02805,0.02842,0.02783,0.0284
1755979200000,0.0284,0.02846,0.02797,0.02824
1755993600000,0.02824,0.0285,0.02754,0.02774
1756008000000,0.02774,0.02785,0.02701,0.02707
1756022400000,0.02707,0.02725,0.02671,0.02687
1756036800000,0.02687,0.02754,0.02678,0.02718
1756051200000,0.02718,0.0287,0.02696,0.02768
1756065600000,0.02768,0.02792,0.02703,0.02742
1756080000000,0.02742,0.02763,0.02675,0.02728
1756094400000,0.02728,0.02732,0.02558,0.02572
1756108800000,0.02572,0.02593,0.02533,0.0257
1756123200000,0.0257,0.02616,0.02552,0.02569
1756137600000,0.02569,0.02598,0.02482,0.02488
1756152000000,0.02488,0.02495,0.0242,0.02474
1756166400000,0.02474,0.0253,0.02447,0.02523
1756180800000,0.02523,0.02561,0.02513,0.02546
1756195200000,0.02546,0.0257,0.02511,0.02524
1756209600000,0.02524,0.02591,0.02506,0.02554
1756224000000,0.02554,0.02629,0.02545,0.02622
1756238400000,0.02622,0.02638,0.02598,0.02598
1756252800000,0.02598,0.02603,0.02559,0.02588
1756267200000,0.02588,0.02616,0.02534,0.02541
1756281600000,0.02541,0.02563,0.02527,0.0256
1756296000000,0.0256,0.02588,0.02522,0.02574
1756310400000,0.02574,0.0259,0.02525,0.02543
1756324800000,0.02543,0.02586,0.02506,0.02542
1756339200000,0.02542,0.0261,0.02519,0.02599
1756353600000,0.02599,0.02627,0.02594,0.02617
1756368000000,0.02617,0.02642,0.02576,0.026
1756382400000,0.026,0.02652,0.02591,0.02598
1756396800000,0.02598,0.02608,0.02517,0.02517
1756411200000,0.02517,0.02667,0.02514,0.02651
1756425600000,0.02651,0.0266,0.02592,0.02623
1756440000000,0.02623,0.02629,0.02495,0.02506
1756454400000,0.02506,0.0252,0.02435,0.02497
1756468800000,0.02497,0.02565,0.0245,0.02473
1756483200000,0.02473,0.02481,0.02426,0.02465
1756497600000,0.02465,0.02492,0.02435,0.02482
1756512000000,0.02482,0.02519,0.02425,0.02503
1756526400000,0.02503,0.0253,0.02491,0.0253
1756540800000,0.0253,0.02532,0.02486,0.02498
1756555200000,0.02498,0.02508,0.02452,0.025
1756569600000,0.025,0.02511,0.02465,0.0247
1756584000000,0.0247,0.02485,0.02453,0.02483
1756598400000,0.02483,0.02583,0.0248,0.02566
1756612800000,0.02566,0.02568,0.02525,0.0253
1756627200000,0.0253,0.02556,0.025,0.02524
1756641600000,0.02524,0.02526,0.02475,0.02504
1756656000000,0.02504,0.02511,0.02476,0.02491
1756670400000,0.02491,0.02513,0.02432,0.02434
1756684800000,0.02434,0.02436,0.02356,0.02389
1756699200000,0.02389,0.02441,0.0235,0.02441
1756713600000,0.02441,0.02465,0.02382,0.02386
1756728000000,0.02386,0.02407,0.02362,0.02367
1756742400000,0.02367,0.02403,0.02354,0.02403
1756756800000,0.02403,0.02403,0.02278,0.02356
1756771200000,0.02356,0.0241,0.02348,0.024
1756785600000,0.024,0.02417,0.02381,0.02385
1756800000000,0.02385,0.02416,0.02385,0.02393
1756814400000,0.02393,0.02434,0.02335,0.0236
1756828800000,0.0236,0.02398,0.02357,0.02376
1756843200000,0.02376,0.02413,0.02371,0.02403
1756857600000,0.02403,0.02419,0.0238,0.024
1756872000000,0.024,0.02401,0.02369,0.02386
1756886400000,0.02386,0.02415,0.02378,0.02402
1756900800000,0.02402,0.0249,0.02391,0.02462
1756915200000,0.02462,0.02471,0.02434,0.02459
1756929600000,0.02459,0.02477,0.02436,0.0244
1756944000000,0.0244,0.02457,0.02404,0.0241
1756958400000,0.0241,0.02417,0.02357,0.02379
1756972800000,0.02379,0.024,0.02372,0.02385
1756987200000,0.02385,0.02399,0.02342,0.02351
1757001600000,0.02351,0.02365,0.02318,0.02333
1757016000000,0.02333,0.02384,0.02332,0.02353
1757030400000,0.02353,0.02397,0.02352,0.02385
1757044800000,0.02385,0.02446,0.02377,0.0244
1757059200000,0.0244,0.02445,0.02412,0.02427
1757073600000,0.02427,0.02466,0.02371,0.02396
1757088000000,0.02396,0.02413,0.0237,0.02411
1757102400000,0.02411,0.02426,0.02397,0.02408
1757116800000,0.02408,0.02429,0.02406,0.02418
1757131200000,0.02418,0.0242,0.02387,0.02397
1757145600000,0.02397,0.024,0.02372,0.02383
1757160000000,0.02383,0.02411,0.02373,0.02376
1757174400000,0.02376,0.02394,0.02354,0.02359
1757188800000,0.02359,0.02393,0.02352,0.02383
1757203200000,0.02383,0.02427,0.02381,0.02421
1757217600000,0.02421,0.02465,0.0242,0.02432
1757232000000,0.02432,0.02441,0.02408,0.02433
1757246400000,0.02433,0.02441,0.02419,0.02423
1757260800000,0.02423,0.02428,0.02392,0.02413
1757275200000,0.02413,0.02454,0.02402,0.02438
1757289600000,0.02438,0.02486,0.02429,0.02469
1757304000000,0.02469,0.02497,0.02437,0.02466
1757318400000,0.02466,0.02504,0.02461,0.02485
1757332800000,0.02485,0.02627,0.02471,0.02611
1757347200000,0.02611,0.02651,0.02558,0.02569
1757361600000,0.02569,0.02619,0.02539,0.02587
1757376000000,0.02587,0.02607,0.02541,0.02594
1757390400000,0.02594,0.02867,0.02585,0.02816
1757404800000,0.02816,0.02938,0.02764,0.02877
1757419200000,0.02877,0.02878,0.02707,0.02727
1757433600000,0.02727,0.0276,0.02686,0.02733
1757448000000,0.02733,0.02789,0.02716,0.02767
1757462400000,0.02767,0.02816,0.02738,0.02813
1757476800000,0.02813,0.02828,0.02739,0.02751
1757491200000,0.02751,0.02757,0.02654,0.02695
1757505600000,0.02695,0.02763,0.02689,0.02722
1757520000000,0.02722,0.02791,0.02678,0.02721
1757534400000,0.02721,0.02787,0.02704,0.02765
1757548800000,0.02765,0.02814,0.02759,0.028
1757563200000,0.028,0.0283,0.02762,0.02798
1757577600000,0.02798,0.02803,0.02734,0.02741
1757592000000,0.02741,0.02791,0.02691,0.02719
1757606400000,0.02719,0.02777,0.02718,0.02767
1757620800000,0.02767,0.02804,0.02751,0.02787
1757635200000,0.02787,0.0281,0.02751,0.02772
1757649600000,0.02772,0.02806,0.02751,0.02774
1757664000000,0.02774,0.02777,0.02718,0.02722
1757678400000,0.02722,0.02768,0.02703,0.02741
1757692800000,0.02741,0.03094,0.02736,0.02989
1757707200000,0.02989,0.03042,0.02946,0.03023
1757721600000,0.03023,0.03064,0.02988,0.03044
1757736000000,0.03044,0.03053,0.02952,0.02956
1757750400000,0.02956,0.03032,0.02956,0.03016
1757764800000,0.03016,0.03042,0.02922,0.02955
1757779200000,0.02955,0.02979,0.02898,0.02961
1757793600000,0.02961,0.03003,0.02957,0.02985
1757808000000,0.02985,0.02995,0.02908,0.02923
1757822400000,0.02923,0.02937,0.02872,0.02905
1757836800000,0.02905,0.02944,0.02847,0.02855
1757851200000,0.02855,0.03032,0.02802,0.02946
1757865600000,0.02946,0.03055,0.02922,0.02947
1757880000000,0.02947,0.02979,0.02921,0.02937
1757894400000,0.02937,0.03018,0.02896,0.02986
1757908800000,0.02986,0.03025,0.02885,0.02902
1757923200000,0.02902,0.02902,0.02805,0.02837
1757937600000,0.02837,0.02848,0.02727,0.02762
1757952000000,0.02762,0.02807,0.0273,0.0279
1757966400000,0.0279,0.0281,0.02785,0.02803
1757980800000,0.02803,0.02809,0.0276,0.02761
1757995200000,0.02761,0.02824,0.02729,0.02804
1758009600000,0.02804,0.02839,0.02789,0.02803
1758024000000,0.02803,0.02843,0.02745,0.02823
1758038400000,0.02823,0.02849,0.02791,0.02836
1758052800000,0.02836,0.02853,0.02823,0.02838
1758067200000,0.02838,0.02872,0.02811,0.02815
1758081600000,0.02815,0.02837,0.02766,0.02819
1758096000000,0.02819,0.0282,0.02742,0.0276
1758110400000,0.0276,0.0278,0.0274,0.02747
1758124800000,0.02747,0.03022,0.02732,0.0298
1758139200000,0.0298,0.03043,0.02939,0.02996
1758153600000,0.02996,0.03016,0.02963,0.03005
1758168000000,0.03005,0.03045,0.02977,0.03038
1758182400000,0.03038,0.03114,0.02979,0.03016
1758196800000,0.03016,0.03039,0.02969,0.03026
1758211200000,0.03026,0.03152,0.03016,0.03106
1758225600000,0.03106,0.03201,0.03106,0.0318
1758240000000,0.0318,0.03222,0.0307,0.03088
1758254400000,0.03088,0.03131,0.03049,0.03064
1758268800000,0.03064,0.03103,0.02978,0.02987
1758283200000,0.02987,0.03038,0.02934,0.02963
1758297600000,0.02963,0.03027,0.02937,0.02991
1758312000000,0.02991,0.03055,0.02963,0.03011
1758326400000,0.03011,0.0308,0.0298,0.03069
1758340800000,0.03069,0.03097,0.03028,0.03049
1758355200000,0.03049,0.03053,0.02981,0.0301
1758369600000,0.0301,0.03055,0.02978,0.03033
1758384000000,0.03033,0.03042,0.02967,0.02978
1758398400000,0.02978,0.03016,0.02974,0.02984
1758412800000,0.02984,0.02992,0.02928,0.02969
1758427200000,0.02969,0.03047,0.02949,0.03011
1758441600000,0.03011,0.03016,0.029,0.02968
1758456000000,0.02968,0.03056,0.02967,0.03016
1758470400000,0.03016,0.03023,0.02963,0.03004
1758484800000,0.03004,0.03004,0.02947,0.02956
1758499200000,0.02956,0.0297,0.02784,0.02831
1758513600000,0.02831,0.02856,0.02553,0.02675
1758528000000,0.02675,0.0269,0.0262,0.02634
1758542400000,0.02634,0.02685,0.02612,0.02637
1758556800000,0.02637,0.02648,0.02586,0.02593
1758571200000,0.02593,0.02668,0.02587,0.02668
1758585600000,0.02668,0.02683,0.02575,0.02633
1758600000000,0.02633,0.02675,0.02609,0.02658
1758614400000,0.02658,0.02708,0.02648,0.02666
1758628800000,0.02666,0.02748,0.02636,0.0272
1758643200000,0.0272,0.0276,0.02607,0.02628
1758657600000,0.02628,0.02672,0.02624,0.02635
1758672000000,0.02635,0.0268,0.02602,0.02611
1758686400000,0.02611,0.02685,0.0257,0.0264
1758700800000,0.0264,0.02661,0.02629,0.02649
1758715200000,0.02649,0.02672,0.02624,0.02629
1758729600000,0.02629,0.02638,0.02597,0.02616
1758744000000,0.02616,0.02637,0.02583,0.02597
1758758400000,0.02597,0.02602,0.02537,0.02563
1758772800000,0.02563,0.02575,0.02504,0.02513
1758787200000,0.02513,0.02533,0.02482,0.02493
1758801600000,0.02493,0.02526,0.02426,0.02495
1758816000000,0.02495,0.02499,0.0238,0.02433
1758830400000,0.02433,0.02443,0.02387,0.02407
1758844800000,0.02407,0.02462,0.02407,0.0246
1758859200000,0.0246,0.02471,0.02424,0.02457
1758873600000,0.02457,0.025,0.02431,0.02469
1758888000000,0.02469,0.02524,0.0243,0.02517
1758902400000,0.02517,0.02605,0.02517,0.02563
1758916800000,0.02563,0.02579,0.02547,0.02558
1758931200000,0.02558,0.02568,0.02534,0.02538
1758945600000,0.02538,0.02573,0.02534,0.02555
1758960000000,0.02555,0.02564,0.0252,0.02557
1758974400000,0.02557,0.02578,0.02542,0.02578
1758988800000,0.02578,0.02587,0.02519,0.02552
1759003200000,0.02552,0.02579,0.0254,0.02547
1759017600000,0.02547,0.02551,0.02504,0.02521
1759032000000,0.02521,0.02546,0.0251,0.02519
1759046400000,0.02519,0.02529,0.02495,0.02509
1759060800000,0.02509,0.02548,0.02474,0.02539
1759075200000,0.02539,0.02587,0.02539,0.02578
1759089600000,0.02578,0.02613,0.02564,0.02606
1759104000000,0.02606,0.02607,0.02551,0.02558
1759118400000,0.02558,0.02563,0.02537,0.02552
1759132800000,0.02552,0.0257,0.02509,0.02527
1759147200000,0.02527,0.02593,0.02496,0.02542
1759161600000,0.02542,0.02557,0.02499,0.02547
1759176000000,0.02547,0.02579,0.02526,0.02528
1759190400000,0.02528,0.02528,0.02464,0.02476
1759204800000,0.02476,0.02494,0.02449,0.02457
1759219200000,0.02457,0.02483,0.02452,0.02478
1759233600000,0.02478,0.02487,0.02415,0.02435
1759248000000,0.02435,0.02478,0.02413,0.02473
1759262400000,0.02473,0.02494,0.02444,0.02468
1759276800000,0.02468,0.02496,0.02455,0.02457
1759291200000,0.02457,0.02518,0.02452,0.02494
1759305600000,0.02494,0.02636,0.02485,0.02611
1759320000000,0.02611,0.02637,0.02596,0.02617
1759334400000,0.02617,0.02712,0.02615,0.02682
1759348800000,0.02682,0.02685,0.02617,0.02649
1759363200000,0.02649,0.02715,0.02645,0.02701
1759377600000,0.02701,0.02732,0.02676,0.02693
1759392000000,0.02693,0.02704,0.02668,0.02684
1759406400000,0.02684,0.027,0.02619,0.02674
1759420800000,0.02674,0.0274,0.02663,0.02727
1759435200000,0.02727,0.0274,0.02693,0.02716
1759449600000,0.02716,0.02719,0.02645,0.02665
1759464000000,0.02665,0.027,0.02646,0.02662
1759478400000,0.02662,0.02688,0.02638,0.02673
1759492800000,0.02673,0.02747,0.02651,0.02743
1759507200000,0.02743,0.02787,0.02692,0.02742
1759521600000,0.02742,0.02762,0.02722,0.02736
1759536000000,0.02736,0.02738,0.02617,0.02644
1759550400000,0.02644,0.0267,0.02628,0.02644
1759564800000,0.02644,0.02649,0.02578,0.02591
1759579200000,0.02591,0.02629,0.02542,0.02552
1759593600000,0.02552,0.02594,0.02551,0.02591
1759608000000,0.02591,0.02613,0.02591,0.02595
1759622400000,0.02595,0.02666,0.02575,0.02636
1759636800000,0.02636,0.02732,0.02636,0.0273
1759651200000,0.0273,0.02739,0.02638,0.02664
1759665600000,0.02664,0.0268,0.02631,0.02668
1759680000000,0.02668,0.02675,0.02571,0.02575
1759694400000,0.02575,0.02608,0.02558,0.02588
1759708800000,0.02588,0.02628,0.02566,0.02608
1759723200000,0.02608,0.0265,0.02577,0.02623
1759737600000,0.02623,0.02647,0.02612,0.02625
1759752000000,0.02625,0.02754,0.02624,0.02723
1759766400000,0.02723,0.02755,0.02703,0.02735
1759780800000,0.02735,0.02749,0.02681,0.02689
1759795200000,0.02689,0.02706,0.0267,0.02681
1759809600000,0.02681,0.02714,0.02644,0.02654
1759824000000,0.02654,0.02677,0.02605,0.02676
1759838400000,0.02676,0.02688,0.02518,0.02539
1759852800000,0.02539,0.02573,0.02508,0.0254
1759867200000,0.0254,0.02578,0.02522,0.02535
1759881600000,0.02535,0.02587,0.02515,0.02533
1759896000000,0.02533,0.02558,0.02504,0.02546
1759910400000,0.02546,0.02595,0.02538,0.02568
1759924800000,0.02568,0.02611,0.0255,0.02573
1759939200000,0.02573,0.02648,0.02568,0.02614
1759953600000,0.02614,0.02617,0.02586,0.02601
1759968000000,0.02601,0.02614,0.02523,0.02552
1759982400000,0.02552,0.0257,0.02517,0.02521
1759996800000,0.02521,0.02527,0.0246,0.02497
1760011200000,0.02497,0.02528,0.02432,0.02453
1760025600000,0.02453,0.02509,0.02434,0.02496
1760040000000,0.02496,0.02528,0.02488,0.02518
1760054400000,0.02518,0.02639,0.02511,0.02611
1760068800000,0.02611,0.0272,0.026,0.02646
1760083200000,0.02646,0.02899,0.02641,0.02893
1760097600000,0.02893,0.02987,0.02661,0.0271
1760112000000,0.0271,0.02759,0.02627,0.02636
1760126400000,0.02636,0.02706,0.01129,0.01939
1760140800000,0.01939,0.01966,0.01788,0.01924
1760155200000,0.01924,0.01976,0.01895,0.01946
1760169600000,0.01946,0.02111,0.01938,0.01991
1760184000000,0.01991,0.02026,0.0195,0.01993
1760198400000,0.01993,0.02004,0.01859,0.01874
1760212800000,0.01874,0.0188,0.01774,0.01869
1760227200000,0.01869,0.01874,0.01789,0.01829
1760241600000,0.01829,0.01929,0.01828,0.01918
1760256000000,0.01918,0.01948,0.01871,0.0189
1760270400000,0.0189,0.02025,0.01862,0.0202
1760284800000,0.0202,0.02149,0.02018,0.02142
1760299200000,0.02142,0.02146,0.02069,0.02091
1760313600000,0.02091,0.02106,0.0203,0.02043
1760328000000,0.02043,0.02105,0.02026,0.02068
1760342400000,0.02068,0.02148,0.02014,0.02054
1760356800000,0.02054,0.02137,0.02032,0.02107
1760371200000,0.02107,0.0218,0.02092,0.02171
1760385600000,0.02171,0.02179,0.02094,0.02126
1760400000000,0.02126,0.0214,0.02036,0.02042
1760414400000,0.02042,0.02053,0.01877,0.01924
1760428800000,0.01924,0.01963,0.01887,0.01943
1760443200000,0.01943,0.02041,0.01889,0.02037
1760457600000,0.02037,0.02069,0.01974,0.02007
1760472000000,0.02007,0.02038,0.01989,0.02026
1760486400000,0.02026,0.02052,0.01997,0.0201
1760500800000,0.0201,0.02072,0.02001,0.02066
1760515200000,0.02066,0.02093,0.01996,0.02011
1760529600000,0.02011,0.02025,0.01924,0.01945
1760544000000,0.01945,0.01962,0.01916,0.01921
1760558400000,0.01921,0.01939,0.0188,0.01893
1760572800000,0.01893,0.01936,0.01875,0.0191
1760587200000,0.0191,0.01963,0.0191,0.01935
1760601600000,0.01935,0.01952,0.01844,0.01933
1760616000000,0.01933,0.01962,0.01806,0.01825
1760630400000,0.01825,0.0189,0.01788,0.01806
1760644800000,0.01806,0.0182,0.01771,0.01811
1760659200000,0.01811,0.01857,0.01809,0.01847
1760673600000,0.01847,0.01852,0.01653,0.01664
1760688000000,0.01664,0.01759,0.01615,0.01748
1760702400000,0.01748,0.01769,0.01694,0.01768
1760716800000,0.01768,0.01792,0.01732,0.01745
1760731200000,0.01745,0.0178,0.0174,0.01756
1760745600000,0.01756,0.0182,0.01751,0.01799
1760760000000,0.01799,0.01826,0.01771,0.01789
1760774400000,0.01789,0.01803,0.01779,0.01791
1760788800000,0.01791,0.01797,0.01738,0.01756
1760803200000,0.01756,0.01773,0.01729,0.01765
1760817600000,0.01765,0.01776,0.01753,0.01767
1760832000000,0.01767,0.01802,0.01741,0.01802
1760846400000,0.01802,0.01802,0.01759,0.01769
1760860800000,0.01769,0.01834,0.01739,0.01805
1760875200000,0.01805,0.0184,0.01788,0.0182
1760889600000,0.0182,0.01837,0.01805,0.01822
1760904000000,0.01822,0.01831,0.018,0.01806
1760918400000,0.01806,0.01846,0.01755,0.01842
1760932800000,0.01842,0.01864,0.01812,0.01847
1760947200000,0.01847,0.01865,0.01821,0.01846
1760961600000,0.01846,0.01859,0.01818,0.01821
1760976000000,0.01821,0.01821,0.01765,0.01812
1760990400000,0.01812,0.01828,0.01795,0.01805
1761004800000,0.01805,0.01813,0.01757,0.01761
1761019200000,0.01761,0.01762,0.01715,0.01745
1761033600000,0.01745,0.01763,0.01717,0.01756
1761048000000,0.01756,0.01869,0.01733,0.01855
1761062400000,0.01855,0.01868,0.01793,0.01798
1761076800000,0.01798,0.01801,0.0169,0.01692
1761091200000,0.01692,0.01719,0.01683,0.01717
1761105600000,0.01717,0.01725,0.01677,0.01704
1761120000000,0.01704,0.01704,0.0165,0.01684
1761134400000,0.01684,0.01707,0.01665,0.01679
1761148800000,0.01679,0.01683,0.01635,0.01654
1761163200000,0.01654,0.01661,0.01566,0.01637
1761177600000,0.01637,0.01655,0.01637,0.01644
1761192000000,0.01644,0.01687,0.01642,0.01679
1761206400000,0.01679,0.01694,0.01658,0.01663
1761220800000,0.01663,0.01688,0.01643,0.01675
1761235200000,0.01675,0.01695,0.01656,0.01663
1761249600000,0.01663,0.01663,0.01636,0.01655
1761264000000,0.01655,0.01665,0.01638,0.01641
1761278400000,0.01641,0.01679,0.0164,0.01657
1761292800000,0.01657,0.01671,0.01633,0.01645
1761307200000,0.01645,0.0169,0.01598,0.01606
1761321600000,0.01606,0.01649,0.01602,0.01645
1761336000000,0.01645,0.01675,0.01641,0.01664
1761350400000,0.01664,0.01674,0.01641,0.01641
1761364800000,0.01641,0.01651,0.01632,0.01638
1761379200000,0.01638,0.01649,0.01625,0.01647
1761393600000,0.01647,0.01677,0.01643,0.01664
1761408000000,0.01664,0.01683,0.01657,0.01681
1761422400000,0.01681,0.01685,0.01657,0.01658
1761436800000,0.01658,0.01665,0.01638,0.01644
1761451200000,0.01644,0.01679,0.01643,0.01674
1761465600000,0.01674,0.01721,0.01667,0.01719
1761480000000,0.01719,0.01738,0.01711,0.01736
1761494400000,0.01736,0.01736,0.01714,0.01727
1761508800000,0.01727,0.01767,0.01707,0.01738
1761523200000,0.01738,0.01778,0.01734,0.01767
1761537600000,0.01767,0.0178,0.01731,0.01745
1761552000000,0.01745,0.01751,0.01684,0.01697
1761566400000,0.01697,0.01698,0.0166,0.01683
1761580800000,0.01683,0.0173,0.01683,0.01686
1761595200000,0.01686,0.01688,0.01651,0.0166
1761609600000,0.0166,0.01679,0.01636,0.01656
1761624000000,0.01656,0.01691,0.01642,0.01663
1761638400000,0.01663,0.01681,0.01658,0.01665
1761652800000,0.01665,0.01704,0.01637,0.0166
1761667200000,0.0166,0.01698,0.01623,0.01632
1761681600000,0.01632,0.01632,0.01574,0.016
1761696000000,0.016,0.01627,0.01595,0.01617
1761710400000,0.01617,0.01637,0.01608,0.01616
1761724800000,0.01616,0.01639,0.01604,0.01631
1761739200000,0.01631,0.01641,0.01583,0.01594
1761753600000,0.01594,0.01661,0.01561,0.01641
1761768000000,0.01641,0.01669,0.01613,0.01621
1761782400000,0.01621,0.01635,0.01604,0.01614
1761796800000,0.01614,0.01615,0.0154,0.01601
1761811200000,0.01601,0.01602,0.01558,0.01559
1761825600000,0.01559,0.01563,0.01453,0.01468
1761840000000,0.01468,0.0148,0.01423,0.01433
1761854400000,0.01433,0.0149,0.01429,0.01488
1761868800000,0.01488,0.01517,0.01483,0.01515
1761883200000,0.01515,0.01538,0.0151,0.01516
1761897600000,0.01516,0.01532,0.01503,0.01531
1761912000000,0.01531,0.01538,0.01507,0.01518
1761926400000,0.01518,0.01519,0.01451,0.01507
1761940800000,0.01507,0.01507,0.01472,0.01496
1761955200000,0.01496,0.0153,0.01488,0.01526
1761969600000,0.01526,0.01571,0.01513,0.01562
1761984000000,0.01562,0.01635,0.01552,0.01615
1761998400000,0.01615,0.01673,0.0161,0.01668
1762012800000,0.01668,0.01744,0.01659,0.01689
1762027200000,0.01689,0.01715,0.01678,0.01694
1762041600000,0.01694,0.01702,0.01678,0.01688
1762056000000,0.01688,0.01853,0.01685,0.01804
1762070400000,0.01804,0.01889,0.01775,0.0187
1762084800000,0.0187,0.01929,0.01689,0.01767
1762099200000,0.01767,0.01794,0.01729,0.01741
1762113600000,0.01741,0.01789,0.01727,0.01782
1762128000000,0.01782,0.01787,0.01628,0.01636
1762142400000,0.01636,0.01639,0.01571,0.01605
1762156800000,0.01605,0.01606,0.01554,0.01576
1762171200000,0.01576,0.01623,0.01403,0.01487
1762185600000,0.01487,0.01568,0.01479,0.01509
1762200000000,0.01509,0.01532,0.01469,0.01531
1762214400000,0.01531,0.01685,0.01518,0.01679
1762228800000,0.01679,0.01826,0.01642,0.01724
1762243200000,0.01724,0.01772,0.01656,0.01685
1762257600000,0.01685,0.01735,0.01623,0.01687
1762272000000,0.01687,0.01716,0.01563,0.01635
1762286400000,0.01635,0.01668,0.01525,0.01644
1762300800000,0.01644,0.0167,0.01548,0.01643
1762315200000,0.01643,0.0172,0.01592,0.01703
1762329600000,0.01703,0.01708,0.01608,0.01646
1762344000000,0.01646,0.01771,0.0163,0.01762
1762358400000,0.01762,0.01853,0.01739,0.01834
1762372800000,0.01834,0.01836,0.01783,0.0179
1762387200000,0.0179,0.0179,0.01726,0.01762
1762401600000,0.01762,0.01815,0.0173,0.01744
1762416000000,0.01744,0.01816,0.0174,0.018
1762430400000,0.018,0.01891,0.01736,0.01746
1762444800000,0.01746,0.02169,0.01735,0.02088
1762459200000,0.02088,0.02215,0.02008,0.02165
1762473600000,0.02165,0.02371,0.0212,0.02226
1762488000000,0.02226,0.02477,0.02166,0.02389
1762502400000,0.02389,0.02489,0.02243,0.02302
1762516800000,0.02302,0.02637,0.02241,0.02445
1762531200000,0.02445,0.02524,0.02306,0.02416
1762545600000,0.02416,0.02621,0.02399,0.02435
1762560000000,0.02435,0.02552,0.02361,0.02382
1762574400000,0.02382,0.02391,0.02233,0.02362
1762588800000,0.02362,0.02426,0.0227,0.02403
1762603200000,0.02403,0.02427,0.0221,0.02233
1762617600000,0.02233,0.02329,0.02182,0.02279
1762632000000,0.02279,0.02319,0.0223,0.0228
1762646400000,0.0228,0.02307,0.02141,0.02183
1762660800000,0.02183,0.0221,0.02151,0.02206
1762675200000,0.02206,0.0231,0.02118,0.0227
1762689600000,0.0227,0.02294,0.02192,0.0227
1762704000000,0.0227,0.02377,0.02211,0.02377
1762718400000,0.02377,0.02377,0.02241,0.02276
1762732800000,0.02276,0.02377,0.02254,0.02339
1762747200000,0.02339,0.02339,0.02235,0.02273
1762761600000,0.02273,0.02285,0.02193,0.02204
1762776000000,0.02204,0.02218,0.02128,0.02151
1762790400000,0.02151,0.02264,0.02109,0.02234
1762804800000,0.02234,0.0227,0.02159,0.02213
1762819200000,0.02213,0.02274,0.02174,0.02263
1762833600000,0.02263,0.02282,0.02124,0.02129
1762848000000,0.02129,0.02177,0.02113,0.02146
1762862400000,0.02146,0.02185,0.02114,0.02139
1762876800000,0.02139,0.02154,0.02045,0.02056
1762891200000,0.02056,0.0218,0.02001,0.02117
1762905600000,0.02117,0.02189,0.02082,0.02164
1762920000000,0.02164,0.02248,0.02131,0.02153
1762934400000,0.02153,0.02202,0.02144,0.02161
1762948800000,0.02161,0.0218,0.02041,0.02053
1762963200000,0.02053,0.02062,0.01968,0.01994
1762977600000,0.01994,0.02075,0.01988,0.02001
1762992000000,0.02001,0.02046,0.01965,0.02016
1763006400000,0.02016,0.0205,0.01991,0.02011
1763020800000,0.02011,0.0204,0.01984,0.02031
1763035200000,0.02031,0.02056,0.01943,0.01962
1763049600000,0.01962,0.01976,0.01838,0.01857
1763064000000,0.01857,0.01916,0.0184,0.01899
1763078400000,0.01899,0.01916,0.01878,0.01888
1763092800000,0.01888,0.01891,0.01789,0.01873
1763107200000,0.01873,0.01877,0.01831,0.01845
1763121600000,0.01845,0.01953,0.01795,0.01935
1763136000000,0.01935,0.01941,0.01847,0.01893
1763150400000,0.01893,0.01895,0.01801,0.0184
1763164800000,0.0184,0.02006,0.01833,0.01971
1763179200000,0.01971,0.02078,0.01954,0.02037
1763193600000,0.02037,0.02037,0.01942,0.01966
1763208000000,0.01966,0.01995,0.01941,0.01949
1763222400000,0.01949,0.01973,0.01917,0.01945
1763236800000,0.01945,0.02033,0.01929,0.02016
1763251200000,0.02016,0.02021,0.01937,0.01986
1763265600000,0.01986,0.02012,0.01952,0.01981
1763280000000,0.01981,0.02,0.01929,0.0194
1763294400000,0.0194,0.01982,0.0188,0.01895
1763308800000,0.01895,0.01963,0.0185,0.01858
1763323200000,0.01858,0.01896,0.0182,0.01872
1763337600000,0.01872,0.01951,0.01847,0.01903
1763352000000,0.01903,0.01908,0.01871,0.01899
1763366400000,0.01899,0.01939,0.01883,0.01936
1763380800000,0.01936,0.01975,0.01834,0.01894
1763395200000,0.01894,0.01945,0.01821,0.01838
1763409600000,0.01838,0.01846,0.01775,0.01813
1763424000000,0.01813,0.01854,0.01775,0.01854
1763438400000,0.01854,0.01879,0.01802,0.0183
1763452800000,0.0183,0.0185,0.01791,0.01803
1763467200000,0.01803,0.01865,0.01766,0.01849
1763481600000,0.01849,0.019,0.01841,0.01877
1763496000000,0.01877,0.01882,0.01839,0.01855
1763510400000,0.01855,0.01868,0.01823,0.01827
1763524800000,0.01827,0.01855,0.01781,0.01848
1763539200000,0.01848,0.01868,0.01838,0.01844
1763553600000,0.01844,0.01907,0.01806,0.01822
1763568000000,0.01822,0.01945,0.0179,0.01911
1763582400000,0.01911,0.02043,0.01892,0.0201
1763596800000,0.0201,0.02044,0.01988,0.01994
1763611200000,0.01994,0.02,0.01951,0.01982
1763625600000,0.01982,0.01982,0.0191,0.0194
1763640000000,0.0194,0.01978,0.01918,0.01921
1763654400000,0.01921,0.01929,0.01792,0.01827
1763668800000,0.01827,0.01866,0.01801,0.01807
1763683200000,0.01807,0.0185,0.01774,0.01807
1763697600000,0.01807,0.01808,0.01499,0.01676
1763712000000,0.01676,0.01711,0.01628,0.01628
1763726400000,0.01628,0.01673,0.01589,0.01624
1763740800000,0.01624,0.01686,0.01604,0.01657
1763755200000,0.01657,0.01661,0.01582,0.01641
1763769600000,0.01641,0.01656,0.01621,0.01624
1763784000000,0.01624,0.01624,0.01572,0.0161
1763798400000,0.0161,0.01613,0.01573,0.01583
1763812800000,0.01583,0.01602,0.01556,0.0158
1763827200000,0.0158,0.01604,0.01573,0.01592
1763841600000,0.01592,0.01604,0.01569,0.01574
1763856000000,0.01574,0.01616,0.01572,0.01597
1763870400000,0.01597,0.01615,0.01565,0.01592
1763884800000,0.01592,0.01609,0.01568,0.01587
1763899200000,0.01587,0.016,0.01536,0.01563
1763913600000,0.01563,0.01583,0.01543,0.01556
1763928000000,0.01556,0.01574,0.01538,0.01545
1763942400000,0.01545,0.01586,0.01518,0.01567
1763956800000,0.01567,0.01576,0.01532,0.01542
1763971200000,0.01542,0.01548,0.01505,0.01527
1763985600000,0.01527,0.01549,0.01501,0.01545
1764000000000,0.01545,0.01611,0.01543,0.01583
1764014400000,0.01583,0.01594,0.01538,0.01543
1764028800000,0.01543,0.01556,0.01504,0.01511
1764043200000,0.01511,0.01528,0.01502,0.01508
1764057600000,0.01508,0.01522,0.015,0.01515
1764072000000,0.01515,0.0153,0.01466,0.01497
1764086400000,0.01497,0.01533,0.01487,0.01509
1764100800000,0.01509,0.01525,0.01491,0.01516
1764115200000,0.01516,0.01527,0.01496,0.01499
1764129600000,0.01499,0.0152,0.01498,0.01514
1764144000000,0.01514,0.01514,0.01476,0.01481
1764158400000,0.01481,0.01489,0.01452,0.01466
1764172800000,0.01466,0.01565,0.01466,0.01556
1764187200000,0.01556,0.01568,0.01531,0.01558
1764201600000,0.01558,0.01587,0.01518,0.01526
1764216000000,0.01526,0.01534,0.015,0.01505
1764230400000,0.01505,0.01526,0.01487,0.0149
1764244800000,0.0149,0.01511,0.01483,0.01509
1764259200000,0.01509,0.01527,0.01506,0.01522
1764273600000,0.01522,0.01523,0.01481,0.01493
1764288000000,0.01493,0.01506,0.01475,0.0149
1764302400000,0.0149,0.01497,0.01473,0.01483
1764316800000,0.01483,0.01527,0.01483,0.01503
1764331200000,0.01503,0.01518,0.01486,0.01498
1764345600000,0.01498,0.01499,0.01453,0.01479
1764360000000,0.01479,0.0148,0.01455,0.01468
1764374400000,0.01468,0.01478,0.01464,0.01468
1764388800000,0.01468,0.01481,0.01455,0.01461
1764403200000,0.01461,0.01472,0.01439,0.01472
1764417600000,0.01472,0.01475,0.01459,0.01464
1764432000000,0.01464,0.01471,0.01436,0.01449
1764446400000,0.01449,0.01451,0.01431,0.01439
1764460800000,0.01439,0.01445,0.01414,0.01432
1764475200000,0.01432,0.01443,0.01417,0.01441
1764489600000,0.01441,0.01453,0.01432,0.01437
1764504000000,0.01437,0.01457,0.01421,0.01438
1764518400000,0.01438,0.01453,0.01436,0.01438
1764532800000,0.01438,0.01444,0.0141,0.01413
1764547200000,0.01413,0.01419,0.01291,0.01301
1764561600000,0.01301,0.01325,0.01287,0.0132
1764576000000,0.0132,0.01336,0.01314,0.01316
1764590400000,0.01316,0.01332,0.01295,0.01316
1764604800000,0.01316,0.01318,0.01293,0.01303
1764619200000,0.01303,0.01333,0.01303,0.01322
1764633600000,0.01322,0.01325,0.01275,0.0129
1764648000000,0.0129,0.01303,0.01287,0.01296
1764662400000,0.01296,0.01312,0.0128,0.01308
1764676800000,0.01308,0.01413,0.01296,0.01408
1764691200000,0.01408,0.01416,0.01375,0.01391
1764705600000,0.01391,0.01393,0.01364,0.01374
1764720000000,0.01374,0.01404,0.01374,0.01397
1764734400000,0.01397,0.01434,0.01394,0.01407
1764748800000,0.01407,0.01422,0.01397,0.01406
1764763200000,0.01406,0.01421,0.01369,0.014
1764777600000,0.014,0.0142,0.01389,0.01407
1764792000000,0.01407,0.01432,0.01399,0.01406
1764806400000,0.01406,0.01418,0.01395,0.01401
1764820800000,0.01401,0.01406,0.0139,0.01398
1764835200000,0.01398,0.01412,0.01392,0.01407
1764849600000,0.01407,0.01414,0.01372,0.01405
1764864000000,0.01405,0.01408,0.01339,0.0137
1764878400000,0.0137,0.01378,0.01359,0.01366
1764892800000,0.01366,0.01374,0.01357,0.01359
1764907200000,0.01359,0.01377,0.01345,0.01371
1764921600000,0.01371,0.01372,0.01328,0.01338
1764936000000,0.01338,0.01357,0.01321,0.01333
1764950400000,0.01333,0.01333,0.01286,0.01311
1764964800000,0.01311,0.01324,0.01303,0.01321
1764979200000,0.01321,0.01326,0.0131,0.01322
1764993600000,0.01322,0.01322,0.01305,0.01312
1765008000000,0.01312,0.0132,0.01306,0.01315
1765022400000,0.01315,0.01341,0.01311,0.01325
1765036800000,0.01325,0.01352,0.01324,0.0134
1765051200000,0.0134,0.01352,0.01316,0.01326
1765065600000,0.01326,0.01344,0.01326,0.01334
1765080000000,0.01334,0.01338,0.01319,0.0132
1765094400000,0.0132,0.01322,0.01301,0.01309
1765108800000,0.01309,0.01319,0.01265,0.01305
1765123200000,0.01305,0.01333,0.01293,0.01331
1765137600000,0.01331,0.01334,0.0127,0.01294
1765152000000,0.01294,0.01322,0.0129,0.01318
1765166400000,0.01318,0.01339,0.01318,0.01335
1765180800000,0.01335,0.01359,0.01332,0.01344
1765195200000,0.01344,0.0135,0.01311,0.01318
1765209600000,0.01318,0.0134,0.01296,0.013
1765224000000,0.013,0.01322,0.013,0.01313
1765238400000,0.01313,0.01319,0.01291,0.01309
1765252800000,0.01309,0.01311,0.01288,0.01308
1765267200000,0.01308,0.01311,0.01293,0.01307
1765281600000,0.01307,0.01367,0.01305,0.01362
1765296000000,0.01362,0.01388,0.01358,0.01364
1765310400000,0.01364,0.01364,0.01327,0.01347
1765324800000,0.01347,0.01349,0.01322,0.0133
1765339200000,0.0133,0.01334,0.01315,0.01324
1765353600000,0.01324,0.01325,0.01297,0.01305
1765368000000,0.01305,0.01317,0.01295,0.0131
1765382400000,0.0131,0.01347,0.01305,0.01342
1765396800000,0.01342,0.01365,0.01282,0.013
1765411200000,0.013,0.01303,0.01225,0.01226
1765425600000,0.01226,0.01255,0.01216,0.01252
1765440000000,0.01252,0.01262,0.01246,0.01255
1765454400000,0.01255,0.01261,0.01238,0.01245
1765468800000,0.01245,0.01257,0.01234,0.0124
1765483200000,0.0124,0.01278,0.0124,0.01256
1765497600000,0.01256,0.01267,0.01239,0.0126
1765512000000,0.0126,0.01276,0.01258,0.01262
1765526400000,0.01262,0.01271,0.01253,0.01263
1765540800000,0.01263,0.01269,0.01196,0.01203
1765555200000,0.01203,0.01219,0.01191,0.01207
1765569600000,0.01207,0.01228,0.01205,0.01223
1765584000000,0.01223,0.0123,0.01221,0.01227
1765598400000,0.01227,0.01229,0.01218,0.01228
1765612800000,0.01228,0.01253,0.01228,0.01239
1765627200000,0.01239,0.01247,0.01236,0.01245
1765641600000,0.01245,0.01249,0.0124,0.01247
1765656000000,0.01247,0.01249,0.01228,0.01238
1765670400000,0.01238,0.01248,0.01232,0.01235
1765684800000,0.01235,0.01236,0.01215,0.01219
1765699200000,0.01219,0.01225,0.012,0.01214
1765713600000,0.01214,0.01223,0.01195,0.01197
1765728000000,0.01197,0.0121,0.01181,0.01189
1765742400000,0.01189,0.01195,0.01163,0.01175
1765756800000,0.01175,0.01212,0.01174,0.01199
1765771200000,0.01199,0.01225,0.01199,0.0121
1765785600000,0.0121,0.01219,0.01205,0.01213
1765800000000,0.01213,0.01242,0.01148,0.01161
1765814400000,0.01161,0.01163,0.01103,0.01135
1765828800000,0.01135,0.01152,0.01122,0.0115
1765843200000,0.0115,0.01153,0.01132,0.0114
1765857600000,0.0114,0.01148,0.01121,0.01133
1765872000000,0.01133,0.01197,0.01129,0.01175
1765886400000,0.01175,0.01183,0.01145,0.01168
1765900800000,0.01168,0.01177,0.01158,0.01165
1765915200000,0.01165,0.01175,0.01161,0.01166
1765929600000,0.01166,0.01174,0.01152,0.01154
1765944000000,0.01154,0.011634,0.01146,0.011561
1765958400000,0.011561,0.01158,0.011431,0.011563
1765972800000,0.011563,0.011797,0.011296,0.011324
1765987200000,0.011324,0.011405,0.010722,0.010918
1766001600000,0.010918,0.011019,0.010804,0.010884
1766016000000,0.010884,0.010903,0.010747,0.010772
1766030400000,0.010772,0.010815,0.010393,0.010478
1766044800000,0.010478,0.010598,0.010424,0.01055
1766059200000,0.01055,0.010823,0.010521,0.010725
1766073600000,0.010725,0.01077,0.009826,0.009846
1766088000000,0.009846,0.010169,0.009839,0.010047
1766102400000,0.010047,0.010378,0.009907,0.010255
1766116800000,0.010255,0.010447,0.010212,0.010317
1766131200000,0.010317,0.01035,0.010177,0.010249
1766145600000,0.010249,0.010512,0.010194,0.01032
1766160000000,0.01032,0.010588,0.010262,0.010519
1766174400000,0.010519,0.010567,0.010362,0.010374
1766188800000,0.010374,0.010393,0.010304,0.010356
1766203200000,0.010356,0.010544,0.010274,0.010534
1766217600000,0.010534,0.010668,0.010345,0.010456
1766232000000,0.010456,0.010483,0.010338,0.010423
1766246400000,0.010423,0.010519,0.010376,0.010495
1766260800000,0.010495,0.010615,0.01042,0.010523
1766275200000,0.010523,0.01058,0.01033,0.010426
1766289600000,0.010426,0.010464,0.010365,0.010454
1766304000000,0.010454,0.010521,0.010355,0.010363
1766318400000,0.010363,0.010415,0.009905,0.009986
1766332800000,0.009986,0.01002,0.009806,0.01002
1766347200000,0.01002,0.01015,0.00991,0.01009
1766361600000,0.01009,0.010333,0.009942,0.01022
1766376000000,0.01022,0.01045,0.010199,0.010442
1766390400000,0.010442,0.010541,0.010372,0.010462
1766404800000,0.010462,0.010554,0.010297,0.01041
1766419200000,0.01041,0.010449,0.01013,0.010151
1766433600000,0.010151,0.01034,0.010053,0.010318
1766448000000,0.010318,0.010375,0.010154,0.010232
1766462400000,0.010232,0.010244,0.010058,0.01015
1766476800000,0.01015,0.010255,0.0101,0.010214
1766491200000,0.010214,0.010217,0.00991,0.010074
1766505600000,0.010074,0.010393,0.010032,0.010315
1766520000000,0.010315,0.01051,0.010255,0.01029
1766534400000,0.01029,0.010324,0.010017,0.010107
1766548800000,0.010107,0.010182,0.009954,0.010028
1766563200000,0.010028,0.010105,0.009967,0.010059
1766577600000,0.010059,0.01016,0.009925,0.010115
1766592000000,0.010115,0.010233,0.0101,0.01022
1766606400000,0.01022,0.0104,0.01022,0.01037
1766620800000,0.01037,0.010689,0.010319,0.01064
1766635200000,0.01064,0.010957,0.010585,0.010843
1766649600000,0.010843,0.010914,0.010603,0.010652
1766664000000,0.010652,0.010708,0.010523,0.01067
1766678400000,0.01067,0.010765,0.010644,0.01076
1766692800000,0.01076,0.010789,0.010264,0.010341
1766707200000,0.010341,0.010688,0.01025,0.0106
1766721600000,0.0106,0.01066,0.0105,0.01052
1766736000000,0.01052,0.01064,0.010506,0.010601
1766750400000,0.010601,0.010626,0.010386,0.010459
1766764800000,0.010459,0.010602,0.010393,0.010587
1766779200000,0.010587,0.010724,0.010527,0.010603
1766793600000,0.010603,0.010821,0.010603,0.010775
1766808000000,0.010775,0.010802,0.010715,0.010761
1766822400000,0.010761,0.011076,0.010548,0.011026
1766836800000,0.011026,0.011363,0.010957,0.011291
1766851200000,0.011291,0.011684,0.011143,0.01165
1766865600000,0.01165,0.011673,0.011336,0.01155
1766880000000,0.01155,0.011665,0.011472,0.011557
1766894400000,0.011557,0.011597,0.011405,0.01154
1766908800000,0.01154,0.011633,0.011336,0.011374
1766923200000,0.011374,0.011487,0.011271,0.011369
1766937600000,0.011369,0.011444,0.011093,0.01113
1766952000000,0.01113,0.011277,0.011092,0.011225
1766966400000,0.011225,0.011409,0.011153,0.01139
1766980800000,0.01139,0.011408,0.01118,0.011294
1766995200000,0.011294,0.011316,0.010928,0.011061
1767009600000,0.011061,0.01114,0.01088,0.01107
1767024000000,0.01107,0.01108,0.01093,0.011005
1767038400000,0.011005,0.011041,0.01091,0.01097
1767052800000,0.01097,0.01102,0.010681,0.010757
1767067200000,0.010757,0.01078,0.010573,0.010591
1767081600000,0.010591,0.01071,0.010568,0.01071
1767096000000,0.01071,0.010715,0.01049,0.010669
1767110400000,0.010669,0.010738,0.010577,0.010705
1767124800000,0.010705,0.010705,0.01057,0.010628
1767139200000,0.010628,0.010735,0.010577,0.01064
1767153600000,0.01064,0.010699,0.010592,0.010604
1767168000000,0.010604,0.010662,0.01052,0.010589
1767182400000,0.010589,0.01065,0.010407,0.010438
1767196800000,0.010438,0.010457,0.010088,0.01019
1767211200000,0.01019,0.010263,0.01012,0.010149
1767225600000,0.010149,0.010273,0.010127,0.010166
1767240000000,0.010166,0.010361,0.010029,0.010329
1767254400000,0.010329,0.010556,0.010223,0.010538
1767268800000,0.010538,0.011043,0.010434,0.011021
1767283200000,0.011021,0.011111,0.010927,0.011065
1767297600000,0.011065,0.011212,0.010998,0.01112
1767312000000,0.01112,0.011125,0.010924,0.01107
1767326400000,0.01107,0.01109,0.010883,0.010951
1767340800000,0.010951,0.011195,0.010943,0.011041
1767355200000,0.011041,0.01126,0.011001,0.01115
1767369600000,0.01115,0.011458,0.011132,0.011308
1767384000000,0.011308,0.011565,0.01129,0.011529
1767398400000,0.011529,0.011703,0.011475,0.011685
1767412800000,0.011685,0.011696,0.011168,0.01122
1767427200000,0.01122,0.011359,0.011181,0.011314
1767441600000,0.011314,0.011477,0.011307,0.011354
1767456000000,0.011354,0.01149,0.011324,0.011355
1767470400000,0.011355,0.011598,0.011293,0.01148
1767484800000,0.01148,0.011935,0.011441,0.011879
1767499200000,0.011879,0.013174,0.011816,0.012795
1767513600000,0.012795,0.012795,0.012442,0.012616
1767528000000,0.012616,0.013053,0.012571,0.012869
1767542400000,0.012869,0.012938,0.012475,0.012565
1767556800000,0.012565,0.01265,0.012406,0.012544
1767571200000,0.012544,0.012777,0.012437,0.012634
1767585600000,0.012634,0.01267,0.012209,0.012426
1767600000000,0.012426,0.012536,0.012178,0.012275
1767614400000,0.012275,0.012661,0.012184,0.012646
1767628800000,0.012646,0.012913,0.012508,0.012725
1767643200000,0.012725,0.012828,0.012563,0.012628
1767657600000,0.012628,0.012738,0.012466,0.012631
1767672000000,0.012631,0.012741,0.01236,0.012372
1767686400000,0.012372,0.012661,0.012342,0.012652
1767700800000,0.012652,0.013027,0.012609,0.012678
1767715200000,0.012678,0.012714,0.012078,0.01233
1767729600000,0.01233,0.012862,0.012319,0.012736
1767744000000,0.012736,0.012738,0.012354,0.012464
1767758400000,0.012464,0.01272,0.012406,0.01272
1767772800000,0.01272,0.012803,0.012364,0.01253
1767787200000,0.01253,0.012537,0.012098,0.012154
1767801600000,0.012154,0.012305,0.011983,0.012108
1767816000000,0.012108,0.012155,0.01197,0.012137
1767830400000,0.012137,0.012299,0.012007,0.012021
1767844800000,0.012021,0.0122,0.011749,0.01201
1767859200000,0.01201,0.012071,0.011511,0.011724
1767873600000,0.011724,0.01206,0.011552,0.012055
1767888000000,0.012055,0.012113,0.011913,0.011931
1767902400000,0.011931,0.012153,0.011848,0.012034
1767916800000,0.012034,0.012161,0.011954,0.01215
1767931200000,0.01215,0.012181,0.012017,0.012017
1767945600000,0.012017,0.012034,0.01174,0.011899
1767960000000,0.011899,0.012208,0.011804,0.012056
1767974400000,0.012056,0.01225,0.011816,0.011836
1767988800000,0.011836,0.012001,0.01182,0.01194
1768003200000,0.01194,0.01197,0.01173,0.011795
1768017600000,0.011795,0.011859,0.011655,0.011854
1768032000000,0.011854,0.012035,0.011837,0.012009
1768046400000,0.012009,0.012185,0.01198,0.011982
1768060800000,0.011982,0.012175,0.011807,0.012147
1768075200000,0.012147,0.012159,0.01176,0.011876
1768089600000,0.011876,0.011935,0.011755,0.011887
1768104000000,0.011887,0.011948,0.011848,0.011946
1768118400000,0.011946,0.011963,0.01187,0.0119
1768132800000,0.0119,0.011965,0.011733,0.011787
1768147200000,0.011787,0.011943,0.011776,0.011821
1768161600000,0.011821,0.011824,0.011404,0.011652
1768176000000,0.011652,0.012028,0.01146,0.011858
1768190400000,0.011858,0.012018,0.011738,0.011763
1768204800000,0.011763,0.011801,0.011555,0.011722
1768219200000,0.011722,0.011838,0.011468,0.011832
1768233600000,0.011832,0.012015,0.011732,0.011955
1768248000000,0.011955,0.012259,0.01164,0.011891
1768262400000,0.011891,0.012428,0.011885,0.012366
1768276800000,0.012366,0.012967,0.012361,0.012708
1768291200000,0.012708,0.013517,0.012697,0.01324
1768305600000,0.01324,0.013751,0.013143,0.013265
1768320000000,0.013265,0.013356,0.01292,0.013103
1768334400000,0.013103,0.013458,0.012934,0.013227
1768348800000,0.013227,0.013333,0.01308,0.013177
1768363200000,0.013177,0.014153,0.013059,0.013903
1768377600000,0.013903,0.014878,0.0139,0.014641
1768392000000,0.014641,0.015105,0.014167,0.014916
1768406400000,0.014916,0.015034,0.014077,0.01413
1768420800000,0.01413,0.014268,0.013815,0.013839
1768435200000,0.013839,0.014273,0.01369,0.013737
1768449600000,0.013737,0.014804,0.013674,0.014587
1768464000000,0.014587,0.01472,0.014135,0.014263
1768478400000,0.014263,0.014458,0.013481,0.013684
1768492800000,0.013684,0.013796,0.01312,0.013314
1768507200000,0.013314,0.013403,0.013155,0.013332
1768521600000,0.013332,0.013976,0.013223,0.013748
1768536000000,0.013748,0.014165,0.013585,0.013961
1768550400000,0.013961,0.014208,0.013744,0.013981
1768564800000,0.013981,0.014208,0.013533,0.013654
1768579200000,0.013654,0.013985,0.013602,0.013771
1768593600000,0.013771,0.014631,0.013685,0.014325
1768608000000,0.014325,0.014354,0.013939,0.01412
1768622400000,0.01412,0.014547,0.013959,0.014541
1768636800000,0.014541,0.014714,0.014183,0.014245
1768651200000,0.014245,0.014721,0.014151,0.014229
1768665600000,0.014229,0.014229,0.01385,0.013945
1768680000000,0.013945,0.014014,0.013648,0.013746
1768694400000,0.013746,0.013948,0.013656,0.013729
1768708800000,0.013729,0.014032,0.013698,0.013792
1768723200000,0.013792,0.014308,0.013745,0.014146
1768737600000,0.014146,0.014596,0.013883,0.014491
1768752000000,0.014491,0.015454,0.014458,0.015027
1768766400000,0.015027,0.015366,0.013948,0.014002
1768780800000,0.014002,0.014839,0.011877,0.014716
1768795200000,0.014716,0.017508,0.014314,0.015728
1768809600000,0.015728,0.017093,0.015331,0.01615
1768824000000,0.01615,0.018799,0.015794,0.017708
1768838400000,0.017708,0.018838,0.016518,0.0175
1768852800000,0.0175,0.020296,0.01717,0.019829
1768867200000,0.019829,0.019829,0.017767,0.019143
1768881600000,0.019143,0.019746,0.017454,0.017717
1768896000000,0.017717,0.01793,0.016309,0.016437
1768910400000,0.016437,0.016787,0.016086,0.016472
1768924800000,0.016472,0.01676,0.015623,0.015845
1768939200000,0.015845,0.016604,0.015709,0.016538
1768953600000,0.016538,0.018542,0.015995,0.018251
1768968000000,0.018251,0.019391,0.017999,0.018244
1768982400000,0.018244,0.019798,0.017054,0.018205
1768996800000,0.018205,0.021817,0.017965,0.02151
1769011200000,0.02151,0.022745,0.019695,0.022097
1769025600000,0.022097,0.022197,0.020676,0.021443
1769040000000,0.021443,0.022079,0.02005,0.020268
1769054400000,0.020268,0.020536,0.0195,0.020478
1769068800000,0.020478,0.02168,0.020318,0.020708
1769083200000,0.020708,0.021906,0.020609,0.020793
1769097600000,0.020793,0.021165,0.019428,0.019797
1769112000000,0.019797,0.02008,0.018523,0.018794
1769126400000,0.018794,0.020242,0.018738,0.01914
1769140800000,0.01914,0.019496,0.017,0.017839
1769155200000,0.017839,0.018054,0.016835,0.017212
1769169600000,0.017212,0.017388,0.016701,0.017377
1769184000000,0.017377,0.018191,0.016961,0.017111
1769198400000,0.017111,0.017316,0.016799,0.017131
1769212800000,0.017131,0.017172,0.016353,0.016459
1769227200000,0.016459,0.017172,0.016397,0.016967
1769241600000,0.016967,0.017087,0.01666,0.016685
1769256000000,0.016685,0.016832,0.016269,0.016398
1769270400000,0.016398,0.016459,0.016163,0.016187
1769284800000,0.016187,0.016321,0.01616,0.016181
1769299200000,0.016181,0.01681,0.01607,0.016585
1769313600000,0.016585,0.018887,0.016478,0.018156
1769328000000,0.018156,0.019061,0.017392,0.018239
1769342400000,0.018239,0.018404,0.017053,0.017207
1769356800000,0.017207,0.017266,0.016271,0.017063
1769371200000,0.017063,0.018696,0.016821,0.018
1769385600000,0.018,0.020019,0.0175,0.019834
1769400000000,0.019834,0.020031,0.01837,0.019226
1769414400000,0.019226,0.019261,0.01804,0.018151
1769428800000,0.018151,0.019585,0.017829,0.019391
1769443200000,0.019391,0.019829,0.018676,0.018702
1769457600000,0.018702,0.018784,0.018187,0.018464
1769472000000,0.018464,0.019128,0.018225,0.018295
1769486400000,0.018295,0.018384,0.017681,0.01794
1769500800000,0.01794,0.018015,0.017479,0.01765
1769515200000,0.01765,0.01803,0.017289,0.017944
1769529600000,0.017944,0.019667,0.017886,0.019578
1769544000000,0.019578,0.021674,0.019533,0.021379
1769558400000,0.021379,0.021735,0.020221,0.021717
1769572800000,0.021717,0.022513,0.021,0.021219
1769587200000,0.021219,0.021286,0.020185,0.020451
1769601600000,0.020451,0.021588,0.020228,0.020711
1769616000000,0.020711,0.021325,0.020396,0.020555
1769630400000,0.020555,0.020754,0.019084,0.019388
1769644800000,0.019388,0.01994,0.019129,0.019317
1769659200000,0.019317,0.019873,0.01871,0.019222
1769673600000,0.019222,0.020863,0.019004,0.019933
1769688000000,0.019933,0.020899,0.019353,0.019413
1769702400000,0.019413,0.020461,0.019111,0.019685
1769716800000,0.019685,0.021321,0.019423,0.021045
1769731200000,0.021045,0.0218,0.020434,0.021019
1769745600000,0.021019,0.022679,0.021006,0.02241
1769760000000,0.02241,0.022554,0.020615,0.021143
1769774400000,0.021143,0.02154,0.0199,0.021261
1769788800000,0.021261,0.021645,0.020435,0.021229
1769803200000,0.021229,0.02123,0.020103,0.02032
1769817600000,0.02032,0.020331,0.018665,0.019185
1769832000000,0.019185,0.019415,0.01834,0.018895
1769846400000,0.018895,0.019593,0.018431,0.019366
1769860800000,0.019366,0.019789,0.018134,0.018283
1769875200000,0.018283,0.018356,0.016166,0.017018
1769889600000,0.017018,0.01803,0.016686,0.017411
1769904000000,0.017411,0.017813,0.017219,0.017456
1769918400000,0.017456,0.017922,0.017267,0.017714
1769932800000,0.017714,0.018726,0.017713,0.01833
1769947200000,0.01833,0.018712,0.017148,0.017655
1769961600000,0.017655,0.018468,0.017602,0.017764
1769976000000,0.017764,0.018072,0.016865,0.01764
1769990400000,0.01764,0.018265,0.016625,0.017377
1770004800000,0.017377,0.017725,0.016837,0.017564
1770019200000,0.017564,0.017619,0.0167,0.01672
1770033600000,0.01672,0.017678,0.016062,0.017266
1770048000000,0.017266,0.017665,0.016782,0.016894
1770062400000,0.016894,0.017232,0.016448,0.016793
1770076800000,0.016793,0.016819,0.015765,0.016332
1770091200000,0.016332,0.017273,0.015925,0.017086
1770105600000,0.017086,0.01808,0.017051,0.017611
1770120000000,0.017611,0.018252,0.017024,0.017376
1770134400000,0.017376,0.017379,0.01606,0.016839
1770148800000,0.016839,0.017404,0.016192,0.016376
1770163200000,0.016376,0.016791,0.016095,0.016381
1770177600000,0.016381,0.016883,0.016336,0.016763
1770192000000,0.016763,0.016985,0.016336,0.016413
1770206400000,0.016413,0.01657,0.015803,0.015976
1770220800000,0.015976,0.016171,0.015545,0.01615
1770235200000,0.01615,0.016263,0.015232,0.01528
1770249600000,0.01528,0.015528,0.014938,0.014993
1770264000000,0.014993,0.015223,0.014558,0.015089
1770278400000,0.015089,0.015648,0.014647,0.014803
1770292800000,0.014803,0.015097,0.01407,0.014237
1770307200000,0.014237,0.014347,0.013417,0.013503
1770321600000,0.013503,0.013514,0.012719,0.013032
1770336000000,0.013032,0.013787,0.011635,0.01348
1770350400000,0.01348,0.014032,0.013353,0.013853
1770364800000,0.013853,0.014247,0.013704,0.014102
1770379200000,0.014102,0.014241,0.013687,0.01392
1770393600000,0.01392,0.014498,0.013845,0.014099
1770408000000,0.014099,0.014348,0.013827,0.014008
1770422400000,0.014008,0.014104,0.013603,0.014047
1770436800000,0.014047,0.014127,0.013291,0.013493
1770451200000,0.013493,0.013615,0.01326,0.013363
1770465600000,0.013363,0.013803,0.013082,0.01332
1770480000000,0.01332,0.013787,0.013116,0.013141
1770494400000,0.013141,0.013375,0.01288,0.012925
1770508800000,0.012925,0.012985,0.01262,0.012781
1770523200000,0.012781,0.012869,0.012373,0.012566
1770537600000,0.012566,0.012788,0.01229,0.012597
1770552000000,0.012597,0.014248,0.01233,0.01323
1770566400000,0.01323,0.014724,0.012801,0.014322
1770580800000,0.014322,0.015086,0.014129,0.014425
1770595200000,0.014425,0.014461,0.01379,0.013893
1770609600000,0.013893,0.014029,0.01363,0.013802
1770624000000,0.013802,0.014064,0.0132,0.013313
1770638400000,0.013313,0.013799,0.013101,0.013671
1770652800000,0.013671,0.013674,0.013265,0.013385
1770667200000,0.013385,0.013592,0.013079,0.013414
1770681600000,0.013414,0.013765,0.013171,0.013253
1770696000000,0.013253,0.013482,0.012937,0.01313
1770710400000,0.01313,0.013204,0.012804,0.012838
1770724800000,0.012838,0.013195,0.012754,0.013023
1770739200000,0.013023,0.01312,0.012528,0.012767
1770753600000,0.012767,0.012967,0.012653,0.012777
1770768000000,0.012777,0.01359,0.012751,0.012986
1770782400000,0.012986,0.013109,0.012362,0.01264
1770796800000,0.01264,0.012835,0.012463,0.012741
1770811200000,0.012741,0.01308,0.012516,0.012673
1770825600000,0.012673,0.013051,0.012381,0.012896
1770840000000,0.012896,0.01301,0.012391,0.01247
1770854400000,0.01247,0.012917,0.012458,0.012848
1770868800000,0.012848,0.013183,0.012552,0.013081
1770883200000,0.013081,0.013126,0.012532,0.013
1770897600000,0.013,0.01332,0.012674,0.013028
1770912000000,0.013028,0.01303,0.012382,0.012711
1770926400000,0.012711,0.012844,0.012441,0.012763
1770940800000,0.012763,0.012842,0.01252,0.012588
1770955200000,0.012588,0.012594,0.012122,0.012367
1770969600000,0.012367,0.012583,0.012288,0.012327
1770984000000,0.012327,0.012833,0.012242,0.012696
1770998400000,0.012696,0.013082,0.012593,0.012735
1771012800000,0.012735,0.012832,0.012415,0.012415
1771027200000,0.012415,0.012619,0.012371,0.012458
1771041600000,0.012458,0.012669,0.012361,0.012618
1771056000000,0.012618,0.012911,0.012548,0.012828
1771070400000,0.012828,0.013516,0.01259,0.013169
1771084800000,0.013169,0.013499,0.012921,0.013362
1771099200000,0.013362,0.013501,0.013058,0.013286
1771113600000,0.013286,0.01346,0.013047,0.01329
1771128000000,0.01329,0.013459,0.013175,0.013327
1771142400000,0.013327,0.013471,0.01292,0.013059
1771156800000,0.013059,0.013085,0.012518,0.012623
1771171200000,0.012623,0.012629,0.012126,0.012175
1771185600000,0.012175,0.012314,0.012032,0.012254
1771200000000,0.012254,0.012398,0.012113,0.012184
1771214400000,0.012184,0.012339,0.012067,0.01211
1771228800000,0.01211,0.012369,0.01194,0.012107
1771243200000,0.012107,0.012575,0.01192,0.012011
1771257600000,0.012011,0.012193,0.011952,0.012153
1771272000000,0.012153,0.012536,0.012082,0.012451
1771286400000,0.012451,0.012653,0.01234,0.012432
1771300800000,0.012432,0.012715,0.012241,0.012588
1771315200000,0.012588,0.012918,0.012438,0.012698
1771329600000,0.012698,0.012763,0.012311,0.012587
1771344000000,0.012587,0.012884,0.012375,0.012776
1771358400000,0.012776,0.012826,0.012607,0.012692
1771372800000,0.012692,0.012987,0.012525,0.012928
1771387200000,0.012928,0.013732,0.012888,0.013688
1771401600000,0.013688,0.014289,0.013568,0.014105
1771416000000,0.014105,0.014418,0.013423,0.013552
1771430400000,0.013552,0.01375,0.013125,0.013208
1771444800000,0.013208,0.01367,0.013128,0.013477
1771459200000,0.013477,0.013764,0.013268,0.013586
1771473600000,0.013586,0.013696,0.013135,0.013189
1771488000000,0.013189,0.013207,0.012808,0.012886
1771502400000,0.012886,0.012916,0.012376,0.012434
1771516800000,0.012434,0.012765,0.012274,0.01268
1771531200000,0.01268,0.012708,0.012126,0.012358
1771545600000,0.012358,0.01325,0.012343,0.012777
1771560000000,0.012777,0.012806,0.012458,0.012637
1771574400000,0.012637,0.012873,0.012519,0.012648
1771588800000,0.012648,0.012946,0.012362,0.012944
1771603200000,0.012944,0.013195,0.01264,0.01285
1771617600000,0.01285,0.013265,0.012764,0.013174
1771632000000,0.013174,0.013599,0.013077,0.013574
1771646400000,0.013574,0.014005,0.013546,0.013751
1771660800000,0.013751,0.013818,0.013435,0.013718
1771675200000,0.013718,0.013939,0.013574,0.013648
1771689600000,0.013648,0.013656,0.013408,0.013463
1771704000000,0.013463,0.013467,0.01318,0.013275
1771718400000,0.013275,0.013397,0.013085,0.013199
1771732800000,0.013199,0.013352,0.013133,0.013306
1771747200000,0.013306,0.01362,0.013198,0.013349
1771761600000,0.013349,0.013416,0.012904,0.012962
1771776000000,0.012962,0.013043,0.012765,0.012793
1771790400000,0.012793,0.012836,0.012562,0.012736
1771804800000,0.012736,0.01274,0.01187,0.011895
1771819200000,0.011895,0.012425,0.01177,0.012335
1771833600000,0.012335,0.012335,0.012174,0.012198
1771848000000,0.012198,0.012307,0.011957,0.011997
1771862400000,0.011997,0.012184,0.011774,0.012023
1771876800000,0.012023,0.012425,0.011995,0.012241
1771891200000,0.012241,0.012288,0.011944,0.012201
1771905600000,0.012201,0.012229,0.011887,0.012044
1771920000000,0.012044,0.012099,0.01179,0.011954
1771934400000,0.011954,0.012415,0.011805,0.012318
1771948800000,0.012318,0.012898,0.012272,0.012618
1771963200000,0.012618,0.01265,0.012322,0.012407
1771977600000,0.012407,0.013166,0.012316,0.012734
1771992000000,0.012734,0.012782,0.012534,0.012701
1772006400000,0.012701,0.013052,0.012649,0.01279
1772020800000,0.01279,0.013103,0.012716,0.012914
1772035200000,0.012914,0.013283,0.012914,0.013263
1772049600000,0.013263,0.013415,0.012688,0.012888
1772064000000,0.012888,0.013104,0.012772,0.013005
1772078400000,0.013005,0.013142,0.012743,0.012796
1772092800000,0.012796,0.012929,0.012541,0.012746
1772107200000,0.012746,0.01296,0.01264,0.012713
1772121600000,0.012713,0.012867,0.012281,0.012688
1772136000000,0.012688,0.012813,0.012494,0.012773
1772150400000,0.012773,0.013086,0.012723,0.012916
1772164800000,0.012916,0.013464,0.012915,0.013292
1772179200000,0.013292,0.01339,0.012847,0.012897
1772193600000,0.012897,0.012912,0.012642,0.012756
1772208000000,0.012756,0.012756,0.012336,0.012389
1772222400000,0.012389,0.012513,0.012107,0.012359
1772236800000,0.012359,0.012383,0.012133,0.012133
1772251200000,0.012133,0.012141,0.011235,0.011405
1772265600000,0.011405,0.011425,0.010947,0.010997
1772280000000,0.010997,0.011461,0.010913,0.011263
1772294400000,0.011263,0.011994,0.011087,0.011803
1772308800000,0.011803,0.012024,0.01169,0.011739
1772323200000,0.011739,0.01218,0.011556,0.011812
1772337600000,0.011812,0.011854,0.011527,0.011772
1772352000000,0.011772,0.011813,0.011371,0.011371
1772366400000,0.011371,0.011563,0.011204,0.011353
1772380800000,0.011353,0.011438,0.010976,0.011053
1772395200000,0.011053,0.011182,0.010816,0.010996
1772409600000,0.010996,0.011311,0.010996,0.011222
1772424000000,0.011222,0.011249,0.010902,0.010954
1772438400000,0.010954,0.011188,0.010837,0.011118
1772452800000,0.011118,0.011798,0.011002,0.011698
1772467200000,0.011698,0.011885,0.011502,0.011728
1772481600000,0.011728,0.011812,0.011528,0.011634
1772496000000,0.011634,0.011745,0.011419,0.011705
1772510400000,0.011705,0.011779,0.011516,0.011723
1772524800000,0.011723,0.011806,0.011376,0.011671
1772539200000,0.011671,0.011951,0.011321,0.011584
1772553600000,0.011584,0.011944,0.011542,0.01176
1772568000000,0.01176,0.012063,0.011723,0.012021
1772582400000,0.012021,0.012372,0.011936,0.012003
1772596800000,0.012003,0.012338,0.011745,0.012232
1772611200000,0.012232,0.012287,0.011967,0.012176
1772625600000,0.012176,0.012364,0.011999,0.012358
1772640000000,0.012358,0.012437,0.012072,0.012329
1772654400000,0.012329,0.012335,0.012023,0.01223
1772668800000,0.01223,0.012449,0.012174,0.012264
1772683200000,0.012264,0.012361,0.012087,0.012249
1772697600000,0.012249,0.012413,0.012169,0.012218
1772712000000,0.012218,0.012325,0.011956,0.012003
1772726400000,0.012003,0.012203,0.011742,0.012043
1772740800000,0.012043,0.012149,0.011934,0.011969
1772755200000,0.011969,0.012082,0.011848,0.012044
1772769600000,0.012044,0.012085,0.011864,0.012063
1772784000000,0.012063,0.012095,0.01186,0.011889
1772798400000,0.011889,0.011893,0.011442,0.011591
1772812800000,0.011591,0.011823,0.01149,0.011654
1772827200000,0.011654,0.011807,0.011576,0.011743
1772841600000,0.011743,0.011819,0.011584,0.011602
1772856000000,0.011602,0.011602,0.011441,0.011567
1772870400000,0.011567,0.011673,0.011518,0.01158
1772884800000,0.01158,0.011657,0.011491,0.011546
1772899200000,0.011546,0.011567,0.011415,0.011473
1772913600000,0.011473,0.011618,0.011391,0.011462
1772928000000,0.011462,0.01148,0.011279,0.011356
1772942400000,0.011356,0.011422,0.011165,0.011371
1772956800000,0.011371,0.011448,0.011221,0.011288
1772971200000,0.011288,0.011387,0.011092,0.011128
1772985600000,0.011128,0.011322,0.011041,0.011277
1773000000000,0.011277,0.01132,0.011002,0.011146
1773014400000,0.011146,0.011541,0.011135,0.011479
1773028800000,0.011479,0.011682,0.011381,0.011628
1773043200000,0.011628,0.011821,0.011537,0.011617
1773057600000,0.011617,0.011921,0.011617,0.011745
1773072000000,0.011745,0.012278,0.011697,0.012123
1773086400000,0.012123,0.0124,0.012004,0.012155
1773100800000,0.012155,0.012309,0.011943,0.012202
1773115200000,0.012202,0.012361,0.012036,0.012324
1773129600000,0.012324,0.012516,0.0122,0.012254
1773144000000,0.012254,0.012407,0.012094,0.012294
1773158400000,0.012294,0.012301,0.011944,0.012023
1773172800000,0.012023,0.012096,0.011773,0.011803
1773187200000,0.011803,0.011931,0.011721,0.011782
1773201600000,0.011782,0.01187,0.011612,0.011818
1773216000000,0.011818,0.011978,0.011719,0.011725
1773230400000,0.011725,0.012114,0.011679,0.012018
1773244800000,0.012018,0.012127,0.011919,0.012028
1773259200000,0.012028,0.012063,0.011855,0.011907
1773273600000,0.011907,0.012075,0.011907,0.011952
1773288000000,0.011952,0.012033,0.011891,0.012009
1773302400000,0.012009,0.012366,0.011931,0.012329
1773316800000,0.012329,0.012551,0.012263,0.012405
1773331200000,0.012405,0.012773,0.01237,0.012603
1773345600000,0.012603,0.01274,0.01238,0.012608
1773360000000,0.012608,0.01282,0.012568,0.012698
1773374400000,0.012698,0.0127,0.012443,0.012527
1773388800000,0.012527,0.01282,0.012475,0.012525
1773403200000,0.012525,0.012805,0.012518,0.01266
1773417600000,0.01266,0.012999,0.012584,0.012668
1773432000000,0.012668,0.012881,0.012463,0.012537
1773446400000,0.012537,0.012629,0.01237,0.012476
1773460800000,0.012476,0.012547,0.012294,0.012321
1773475200000,0.012321,0.012457,0.012253,0.012406
1773489600000,0.012406,0.012459,0.012307,0.012362
1773504000000,0.012362,0.012485,0.012322,0.012362
1773518400000,0.012362,0.012595,0.012315,0.01258
1773532800000,0.01258,0.012609,0.012372,0.012503
1773547200000,0.012503,0.012792,0.012419,0.012635
1773561600000,0.012635,0.012802,0.012593,0.012693
1773576000000,0.012693,0.01283,0.012549,0.012571
1773590400000,0.012571,0.012681,0.012493,0.012597
1773604800000,0.012597,0.012865,0.012558,0.012738
1773619200000,0.012738,0.012965,0.012603,0.012833
1773633600000,0.012833,0.012953,0.012774,0.012799
1773648000000,0.012799,0.012896,0.012714,0.012786
1773662400000,0.012786,0.012927,0.012602,0.012648
1773676800000,0.012648,0.013176,0.012637,0.01294
1773691200000,0.01294,0.013533,0.012936,0.013218
1773705600000,0.013218,0.013343,0.01295,0.013039
1773720000000,0.013039,0.013085,0.012747,0.012907
1773734400000,0.012907,0.01314,0.012899,0.013028
1773748800000,0.013028,0.013058,0.012774,0.012952
1773763200000,0.012952,0.013046,0.012871,0.012901
1773777600000,0.012901,0.013049,0.012745,0.012745
1773792000000,0.012745,0.012913,0.012577,0.012859
1773806400000,0.012859,0.013021,0.012783,0.012936
1773820800000,0.012936,0.012955,0.0124,0.01252
1773835200000,0.01252,0.01252,0.012102,0.012235
1773849600000,0.012235,0.012358,0.012125,0.012149
1773864000000,0.012149,0.012445,0.012039,0.01236
1773878400000,0.01236,0.012437,0.012201,0.012356
1773892800000,0.012356,0.012554,0.012114,0.012184
1773907200000,0.012184,0.012238,0.012095,0.012212
1773921600000,0.012212,0.012216,0.011858,0.012064
1773936000000,0.012064,0.012196,0.011884,0.012125
1773950400000,0.012125,0.012202,0.011984,0.01203
1773964800000,0.01203,0.012205,0.012,0.012179
1773979200000,0.012179,0.012366,0.012119,0.012164
1773993600000,0.012164,0.012321,0.012075,0.012236
1774008000000,0.012236,0.012262,0.011936,0.012026
1774022400000,0.012026,0.012123,0.01166,0.011854
1774036800000,0.011854,0.012035,0.011748,0.011942
1774051200000,0.011942,0.012042,0.011925,0.012003
1774065600000,0.012003,0.012015,0.011838,0.011918
1774080000000,0.011918,0.011973,0.011804,0.011836
1774094400000,0.011836,0.011969,0.011754,0.011941
1774108800000,0.011941,0.011941,0.01181,0.011856
1774123200000,0.011856,0.012076,0.011362,0.011499
1774137600000,0.011499,0.011698,0.011277,0.01159
1774152000000,0.01159,0.011672,0.011482,0.011491
1774166400000,0.011491,0.011577,0.01142,0.011432
1774180800000,0.011432,0.011678,0.011432,0.011591
1774195200000,0.011591,0.011591,0.011285,0.011393
1774209600000,0.011393,0.01147,0.011133,0.011225
1774224000000,0.011225,0.011309,0.011123,0.011183
1774238400000,0.011183,0.011351,0.011056,0.011164
1774252800000,0.011164,0.011657,0.011044,0.011447
1774267200000,0.011447,0.011761,0.011366,0.011425
1774281600000,0.011425,0.011588,0.011331,0.0115
1774296000000,0.0115,0.011645,0.011446,0.011626
1774310400000,0.011626,0.011742,0.011467,0.011699
1774324800000,0.011699,0.01175,0.01157,0.011723
1774339200000,0.011723,0.011869,0.011457,0.011543
1774353600000,0.011543,0.011551,0.011281,0.011351
1774368000000,0.011351,0.01141,0.011253,0.011318
1774382400000,0.011318,0.011557,0.011317,0.011459
1774396800000,0.011459,0.011495,0.011341,0.011411
1774411200000,0.011411,0.011613,0.011382,0.01151
1774425600000,0.01151,0.011652,0.011502,0.01158
1774440000000,0.01158,0.011632,0.0113,0.011383
1774454400000,0.011383,0.011546,0.011307,0.011527
1774468800000,0.011527,0.011604,0.011427,0.011568
1774483200000,0.011568,0.011587,0.011204,0.011279
1774497600000,0.011279,0.011282,0.01111,0.011161
1774512000000,0.011161,0.011188,0.010967,0.011019
1774526400000,0.011019,0.011196,0.010997,0.011091
1774540800000,0.011091,0.011196,0.010989,0.010996
1774555200000,0.010996,0.011253,0.010965,0.011159
1774569600000,0.011159,0.011368,0.011159,0.011358
1774584000000,0.011358,0.011432,0.011192,0.01136
1774598400000,0.01136,0.011369,0.010793,0.010835
1774612800000,0.010835,0.010864,0.010661,0.010701
1774627200000,0.010701,0.010743,0.010573,0.010698
1774641600000,0.010698,0.010712,0.010389,0.010464
1774656000000,0.010464,0.010491,0.010236,0.010426
1774670400000,0.010426,0.010645,0.010389,0.010634
1774684800000,0.010634,0.01066,0.010455,0.010546
1774699200000,0.010546,0.010756,0.010491,0.01059
1774713600000,0.01059,0.010603,0.010472,0.010533
1774728000000,0.010533,0.010582,0.010431,0.010455
1774742400000,0.010455,0.010482,0.010364,0.01042
1774756800000,0.01042,0.010507,0.01042,0.01044
1774771200000,0.01044,0.010519,0.010318,0.01039
1774785600000,0.01039,0.01039,0.010252,0.01037
1774800000000,0.01037,0.01042,0.010282,0.010316
1774814400000,0.010316,0.010409,0.010002,0.010254
1774828800000,0.010254,0.010548,0.01025,0.01051
1774843200000,0.01051,0.01061,0.010395,0.010498
1774857600000,0.010498,0.010541,0.010336,0.01037
1774872000000,0.01037,0.010506,0.010335,0.010396
1774886400000,0.010396,0.010444,0.010086,0.010168
1774900800000,0.010168,0.010275,0.010095,0.010166
1774915200000,0.010166,0.010396,0.010166,0.010338
1774929600000,0.010338,0.010359,0.010127,0.010152
1774944000000,0.010152,0.010162,0.00997,0.010064
1774958400000,0.010064,0.010252,0.010064,0.010067
1774972800000,0.010067,0.010279,0.010067,0.010219
1774987200000,0.010219,0.010322,0.010202,0.010278
1775001600000,0.010278,0.010359,0.010159,0.010241
1775016000000,0.010241,0.01046,0.010179,0.010429
1775030400000,0.010429,0.010547,0.010378,0.010505
1775044800000,0.010505,0.010624,0.010373,0.010569
1775059200000,0.010569,0.010569,0.010256,0.010385
1775073600000,0.010385,0.0104,0.010224,0.010264
1775088000000,0.010264,0.010393,0.009889,0.00995
1775102400000,0.00995,0.010109,0.009906,0.010051
1775116800000,0.010051,0.010057,0.00986,0.009997
1775131200000,0.009997,0.010025,0.009718,0.009757
1775145600000,0.009757,0.009894,0.009697,0.009819
1775160000000,0.009819,0.009948,0.009784,0.009871
1775174400000,0.009871,0.010061,0.009838,0.010001
1775188800000,0.010001,0.010044,0.00992,0.009993
1775203200000,0.009993,0.010079,0.00993,0.010032
1775217600000,0.010032,0.010144,0.009876,0.009876
1775232000000,0.009876,0.010118,0.009863,0.010058
1775246400000,0.010058,0.010088,0.009916,0.009996
1775260800000,0.009996,0.009996,0.009804,0.009889
1775275200000,0.009889,0.009938,0.009832,0.009865
1775289600000,0.009865,0.0099,0.009808,0.009892
1775304000000,0.009892,0.010013,0.009761,0.010013
1775318400000,0.010013,0.010016,0.00984,0.009916
1775332800000,0.009916,0.010015,0.009887,0.009972
1775347200000,0.009972,0.00998,0.009794,0.009822
1775361600000,0.009822,0.009843,0.009445,0.009491
1775376000000,0.009491,0.009543,0.009376,0.009462
1775390400000,0.009462,0.00954,0.009345,0.009427
1775404800000,0.009427,0.00953,0.009303,0.009382
1775419200000,0.009382,0.00948,0.009291,0.00944
1775433600000,0.00944,0.009585,0.009411,0.009571
1775448000000,0.009571,0.009681,0.009414,0.009492
1775462400000,0.009492,0.009785,0.009436,0.009726
1775476800000,0.009726,0.009837,0.00962,0.009777
1775491200000,0.009777,0.009909,0.009653,0.009741
1775505600000,0.009741,0.00981,0.009456,0.00956
1775520000000,0.00956,0.009599,0.009462,0.009547
1775534400000,0.009547,0.009642,0.009428,0.009589
1775548800000,0.009589,0.009627,0.009449,0.009463
1775563200000,0.009463,0.00953,0.009332,0.009468
1775577600000,0.009468,0.009656,0.00945,0.009656
1775592000000,0.009656,0.010202,0.009655,0.010077
1775606400000,0.010077,0.010105,0.009938,0.010046
1775620800000,0.010046,0.01031,0.010018,0.010198
1775635200000,0.010198,0.010279,0.010036,0.010119
1775649600000,0.010119,0.010164,0.009926,0.010005
1775664000000,0.010005,0.010076,0.009771,0.009874
1775678400000,0.009874,0.009957,0.009732,0.009762
1775692800000,0.009762,0.009852,0.009651,0.009819
1775707200000,0.009819,0.009878,0.009731,0.009825
1775721600000,0.009825,0.009916,0.009737,0.009781
1775736000000,0.009781,0.010012,0.009747,0.00991
1775750400000,0.00991,0.010224,0.009877,0.010107
1775764800000,0.010107,0.010331,0.010065,0.010086
1775779200000,0.010086,0.010613,0.010028,0.010538
1775793600000,0.010538,0.010639,0.010317,0.010366
1775808000000,0.010366,0.010666,0.010318,0.010482
1775822400000,0.010482,0.010665,0.010422,0.010517
1775836800000,0.010517,0.010751,0.010352,0.010573
1775851200000,0.010573,0.010573,0.010382,0.010507
1775865600000,0.010507,0.01055,0.010323,0.010353
1775880000000,0.010353,0.010776,0.010341,0.010776
1775894400000,0.010776,0.011321,0.010748,0.011216
1775908800000,0.011216,0.011443,0.01087,0.01121
1775923200000,0.01121,0.01174,0.011107,0.011357
1775937600000,0.011357,0.011536,0.01121,0.011468
1775952000000,0.011468,0.011487,0.010738,0.010759
1775966400000,0.010759,0.011014,0.010735,0.010923
1775980800000,0.010923,0.011093,0.010847,0.010983
1775995200000,0.010983,0.010983,0.010622,0.010686
1776009600000,0.010686,0.010836,0.01061,0.010821
1776024000000,0.010821,0.010894,0.01049,0.010515
1776038400000,0.010515,0.010782,0.010493,0.010709
1776052800000,0.010709,0.010741,0.010458,0.010458
1776067200000,0.010458,0.010601,0.010411,0.010507
1776081600000,0.010507,0.010725,0.010376,0.010654
1776096000000,0.010654,0.01079,0.010549,0.010705
1776110400000,0.010705,0.011054,0.010609,0.010988
1776124800000,0.010988,0.010999,0.010805,0.010809
1776139200000,0.010809,0.010829,0.010652,0.010686
1776153600000,0.010686,0.0108,0.01063,0.010653
1776168000000,0.010653,0.010775,0.010572,0.010669
1776182400000,0.010669,0.010696,0.010306,0.010432
1776196800000,0.010432,0.010453,0.010231,0.010378
1776211200000,0.010378,0.010574,0.010335,0.010519
1776225600000,0.010519,0.010619,0.010447,0.010477
1776240000000,0.010477,0.010652,0.010451,0.010581
1776254400000,0.010581,0.010764,0.01053,0.010607
1776268800000,0.010607,0.010739,0.010528,0.01068
1776283200000,0.01068,0.010831,0.010621,0.010665
1776297600000,0.010665,0.010821,0.010575,0.010789
1776312000000,0.010789,0.01153,0.01075,0.011462
1776326400000,0.011462,0.011543,0.011269,0.011446
1776340800000,0.011446,0.01187,0.011112,0.011746
1776355200000,0.011746,0.012054,0.011616,0.011964
1776369600000,0.011964,0.011964,0.011583,0.011732
1776384000000,0.011732,0.011946,0.011694,0.011794
1776398400000,0.011794,0.011913,0.011576,0.011779
1776412800000,0.011779,0.011875,0.011588,0.011761
1776427200000,0.011761,0.012047,0.01171,0.011865
1776441600000,0.011865,0.012184,0.011855,0.011968
1776456000000,0.011968,0.012028,0.011858,0.011955
1776470400000,0.011955,0.011986,0.011691,0.0118
1776484800000,0.0118,0.011928,0.011697,0.011851
1776499200000,0.011851,0.01186,0.011373,0.01148
1776513600000,0.01148,0.011613,0.011415,0.011501
1776528000000,0.011501,0.011533,0.011093,0.011174
1776542400000,0.011174,0.011301,0.011066,0.011076
1776556800000,0.011076,0.011083,0.010808,0.01089
1776571200000,0.01089,0.011017,0.010834,0.010911
1776585600000,0.010911,0.011188,0.010865,0.011114
1776600000000,0.011114,0.011287,0.01109,0.011271
1776614400000,0.011271,0.011329,0.010996,0.011103
1776628800000,0.011103,0.011136,0.01074,0.01081
1776643200000,0.01081,0.011073,0.010802,0.011052
1776657600000,0.011052,0.011062,0.010749,0.010878
1776672000000,0.010878,0.011131,0.01086,0.011004
1776686400000,0.011004,0.011174,0.010907,0.01102
1776700800000,0.01102,0.01116,0.010976,0.011064
1776715200000,0.011064,0.011193,0.010915,0.010945
1776729600000,0.010945,0.011115,0.010853,0.010888
1776744000000,0.010888,0.011049,0.010856,0.011002
1776758400000,0.011002,0.011072,0.010915,0.011055
1776772800000,0.011055,0.011077,0.010834,0.010952
1776787200000,0.010952,0.010984,0.01052,0.010536
1776801600000,0.010536,0.010888,0.010525,0.010868
1776816000000,0.010868,0.011054,0.01077,0.010982
1776830400000,0.010982,0.011099,0.010878,0.01102
1776844800000,0.01102,0.011091,0.010892,0.010969
1776859200000,0.010969,0.011172,0.01088,0.011119
1776873600000,0.011119,0.011211,0.010922,0.011011
1776888000000,0.011011,0.011071,0.01085,0.010892
1776902400000,0.010892,0.0109,0.010624,0.010675
1776916800000,0.010675,0.01083,0.01063,0.010714
1776931200000,0.010714,0.010855,0.010673,0.010802
1776945600000,0.010802,0.010934,0.010763,0.010911
1776960000000,0.010911,0.010927,0.010647,0.010731
1776974400000,0.010731,0.010877,0.010731,0.010857
1776988800000,0.010857,0.011082,0.010856,0.010945
1777003200000,0.010945,0.010974,0.010734,0.010831
1777017600000,0.010831,0.010907,0.010757,0.010884
1777032000000,0.010884,0.010915,0.010691,0.010836
1777046400000,0.010836,0.010852,0.01073,0.010834
1777060800000,0.010834,0.010863,0.010451,0.010525
1777075200000,0.010525,0.010608,0.01051,0.010581
1777089600000,0.010581,0.010647,0.010399,0.010432
1777104000000,0.010432,0.01062,0.010332,0.010432
1777118400000,0.010432,0.010442,0.010231,0.010312
1777132800000,0.010312,0.01034,0.010161,0.010178
1777147200000,0.010178,0.01024,0.010106,0.010177
1777161600000,0.010177,0.010181,0.01006,0.010134
1777176000000,0.010134,0.010311,0.010134,0.010298
1777190400000,0.010298,0.010298,0.010171,0.010238
1777204800000,0.010238,0.010238,0.010111,0.010195
1777219200000,0.010195,0.010318,0.010082,0.010159
1777233600000,0.010159,0.010162,0.009988,0.01009
1777248000000,0.01009,0.010238,0.010048,0.010181
1777262400000,0.010181,0.010267,0.009855,0.009907
1777276800000,0.009907,0.010055,0.009885,0.01005
1777291200000,0.01005,0.010078,0.009837,0.009883
1777305600000,0.009883,0.010008,0.009767,0.009832
1777320000000,0.009832,0.009966,0.00983,0.00996
1777334400000,0.00996,0.009967,0.009827,0.009869
1777348800000,0.009869,0.009949,0.009686,0.009759
1777363200000,0.009759,0.009802,0.009707,0.009729
1777377600000,0.009729,0.009887,0.009707,0.009887
1777392000000,0.009887,0.009979,0.009796,0.009959
1777406400000,0.009959,0.009987,0.009838,0.009893
1777420800000,0.009893,0.010044,0.009845,0.010025
1777435200000,0.010025,0.010123,0.009951,0.010033
1777449600000,0.010033,0.010105,0.009975,0.010023
1777464000000,0.010023,0.010023,0.009711,0.009751
1777478400000,0.009751,0.009834,0.00948,0.009666
1777492800000,0.009666,0.009787,0.009647,0.009756
1777507200000,0.009756,0.009899,0.00974,0.00979
1777521600000,0.00979,0.009851,0.00965,0.009826
1777536000000,0.009826,0.00989,0.009729,0.009782
1777550400000,0.009782,0.009863,0.009775,0.009857
1777564800000,0.009857,0.009917,0.00977,0.00977
1777579200000,0.00977,0.010008,0.009761,0.009998
1777593600000,0.009998,0.010138,0.009914,0.010025
