open_time_ms,open,high,low,close
1630382400000,0.33305,0.3386,0.3298,0.3383
1630396800000,0.3383,0.34275,0.33385,0.34275
1630411200000,0.34275,0.347,0.33705,0.34525
1630425600000,0.34525,0.357,0.3419,0.3482
1630440000000,0.3482,0.34985,0.33855,0.3399
1630454400000,0.3399,0.3438,0.33605,0.34115
1630468800000,0.34115,0.3466,0.34015,0.34255
1630483200000,0.34255,0.3497,0.3419,0.34685
1630497600000,0.34685,0.3522,0.345,0.35085
1630512000000,0.35085,0.35675,0.34685,0.35065
1630526400000,0.35065,0.35595,0.34965,0.3541
1630540800000,0.3541,0.36105,0.35225,0.35835
1630555200000,0.35835,0.3649,0.35485,0.3612
1630569600000,0.3612,0.36945,0.3597,0.3676
1630584000000,0.3676,0.36805,0.3539,0.35785
1630598400000,0.35785,0.3608,0.3533,0.3571
1630612800000,0.3571,0.3636,0.3569,0.3597
1630627200000,0.3597,0.36165,0.35255,0.36065
1630641600000,0.36065,0.36475,0.35825,0.35885
1630656000000,0.35885,0.36735,0.35885,0.36545
1630670400000,0.36545,0.3745,0.3622,0.3715
1630684800000,0.3715,0.37785,0.37,0.37785
1630699200000,0.37785,0.37835,0.36415,0.36935
1630713600000,0.36935,0.3796,0.3657,0.37785
1630728000000,0.37785,0.38135,0.3724,0.3739
1630742400000,0.3739,0.38525,0.3717,0.37715
1630756800000,0.37715,0.38245,0.37275,0.3751
1630771200000,0.3751,0.37765,0.3665,0.3738
1630785600000,0.3738,0.37805,0.3702,0.3703
1630800000000,0.3703,0.3789,0.36805,0.3711
1630814400000,0.3711,0.3774,0.3701,0.3774
1630828800000,0.3774,0.3844,0.3774,0.37985
1630843200000,0.37985,0.39325,0.37985,0.38915
1630857600000,0.38915,0.39775,0.3885,0.3917
1630872000000,0.3917,0.3985,0.39105,0.39815
1630886400000,0.39815,0.39985,0.3911,0.39115
1630900800000,0.39115,0.3969,0.388,0.3948
1630915200000,0.3948,0.42205,0.39235,0.40565
1630929600000,0.40565,0.4165,0.39115,0.413
1630944000000,0.413,0.43145,0.40825,0.429
1630958400000,0.429,0.4318,0.42165,0.4244
1630972800000,0.4244,0.42495,0.411,0.4131
1630987200000,0.4131,0.41775,0.40085,0.40555
1631001600000,0.40555,0.4062,0.3708,0.38115
1631016000000,0.38115,0.38735,0.27185,0.3296
1631030400000,0.3296,0.3472,0.31855,0.32595
1631044800000,0.32595,0.33835,0.3245,0.33525
1631059200000,0.33525,0.34305,0.32515,0.3302
1631073600000,0.3302,0.33755,0.30855,0.3109
1631088000000,0.3109,0.3274,0.30375,0.32365
1631102400000,0.32365,0.3311,0.31955,0.3285
1631116800000,0.3285,0.334,0.32515,0.33285
1631131200000,0.33285,0.33635,0.32275,0.3295
1631145600000,0.3295,0.33675,0.325,0.3302
1631160000000,0.3302,0.3394,0.32905,0.3384
1631174400000,0.3384,0.33975,0.32955,0.33645
1631188800000,0.33645,0.3388,0.32365,0.33765
1631203200000,0.33765,0.3422,0.33025,0.33165
1631217600000,0.33165,0.3377,0.32815,0.3319
1631232000000,0.3319,0.3603,0.3305,0.34495
1631246400000,0.34495,0.3469,0.33205,0.33435
1631260800000,0.33435,0.3395,0.3263,0.3343
1631275200000,0.3343,0.33545,0.31135,0.32165
1631289600000,0.32165,0.3249,0.3185,0.32245
1631304000000,0.32245,0.32475,0.31105,0.31685
1631318400000,0.31685,0.3236,0.3156,0.3178
1631332800000,0.3178,0.32405,0.31655,0.31975
1631347200000,0.31975,0.3287,0.31635,0.32735
1631361600000,0.32735,0.3331,0.32575,0.3301
1631376000000,0.3301,0.33285,0.32325,0.3242
1631390400000,0.3242,0.3269,0.32125,0.3254
1631404800000,0.3254,0.32775,0.31735,0.3237
1631419200000,0.3237,0.3247,0.321,0.3235
1631433600000,0.3235,0.3346,0.32265,0.33425
1631448000000,0.33425,0.3382,0.33165,0.3363
1631462400000,0.3363,0.33875,0.3338,0.33585
1631476800000,0.33585,0.33725,0.32375,0.3332
1631491200000,0.3332,0.3368,0.31775,0.3179
1631505600000,0.3179,0.3233,0.313,0.3165
1631520000000,0.3165,0.31885,0.31165,0.318
1631534400000,0.318,0.331,0.3085,0.316
1631548800000,0.316,0.318,0.3149,0.31645
1631563200000,0.31645,0.32225,0.31635,0.3189
1631577600000,0.3189,0.3231,0.3162,0.3206
1631592000000,0.3206,0.3227,0.3171,0.32075
1631606400000,0.32075,0.32375,0.31895,0.31995
1631620800000,0.31995,0.3282,0.31705,0.32695
1631635200000,0.32695,0.32965,0.3226,0.3247
1631649600000,0.3247,0.3319,0.3223,0.3319
1631664000000,0.3319,0.33525,0.32755,0.331
1631678400000,0.331,0.33655,0.33055,0.3355
1631692800000,0.3355,0.34135,0.33235,0.33435
1631707200000,0.33435,0.34015,0.33195,0.33995
1631721600000,0.33995,0.34075,0.3366,0.3376
1631736000000,0.3376,0.34215,0.3356,0.3411
1631750400000,0.3411,0.34255,0.3322,0.3349
1631764800000,0.3349,0.3405,0.3346,0.3396
1631779200000,0.3396,0.3403,0.3341,0.33545
1631793600000,0.33545,0.33765,0.3282,0.33345
1631808000000,0.33345,0.3347,0.32885,0.3292
1631822400000,0.3292,0.33245,0.32345,0.33095
1631836800000,0.33095,0.33125,0.32635,0.33
1631851200000,0.33,0.33315,0.32805,0.3288
1631865600000,0.3288,0.3317,0.3191,0.32055
1631880000000,0.32055,0.32345,0.31735,0.3222
1631894400000,0.3222,0.32475,0.31485,0.3212
1631908800000,0.3212,0.32175,0.316,0.3196
1631923200000,0.3196,0.324,0.3151,0.32345
1631937600000,0.32345,0.3279,0.32345,0.3258
1631952000000,0.3258,0.32815,0.32295,0.32335
1631966400000,0.32335,0.32715,0.32285,0.3251
1631980800000,0.3251,0.32565,0.3195,0.3227
1631995200000,0.3227,0.3232,0.318,0.3224
1632009600000,0.3224,0.3249,0.3181,0.3219
1632024000000,0.3219,0.3243,0.32045,0.32335
1632038400000,0.32335,0.325,0.3151,0.3163
1632052800000,0.3163,0.32035,0.31355,0.31825
1632067200000,0.31825,0.3195,0.3154,0.31545
1632081600000,0.31545,0.3189,0.3102,0.31355
1632096000000,0.31355,0.3146,0.2933,0.29355
1632110400000,0.29355,0.29765,0.287,0.29025
1632124800000,0.29025,0.29415,0.27545,0.2794
1632139200000,0.2794,0.28745,0.26945,0.2839
1632153600000,0.2839,0.2876,0.27805,0.28315
1632168000000,0.28315,0.2883,0.2777,0.2815
1632182400000,0.2815,0.2842,0.267,0.28
1632196800000,0.28,0.2843,0.27495,0.2841
1632211200000,0.2841,0.28655,0.28005,0.2844
1632225600000,0.2844,0.28705,0.2777,0.2834
1632240000000,0.2834,0.28435,0.2725,0.2738
1632254400000,0.2738,0.2757,0.2591,0.2651
1632268800000,0.2651,0.27595,0.26035,0.2722
1632283200000,0.2722,0.27895,0.26835,0.27875
1632297600000,0.27875,0.28075,0.2746,0.2755
1632312000000,0.2755,0.28505,0.275,0.28495
1632326400000,0.28495,0.292,0.2839,0.2894
1632340800000,0.2894,0.29295,0.28775,0.2926
1632355200000,0.2926,0.2959,0.2884,0.2951
1632369600000,0.2951,0.3022,0.2914,0.30045
1632384000000,0.30045,0.30195,0.2901,0.29205
1632398400000,0.29205,0.30185,0.2901,0.29645
1632412800000,0.29645,0.3038,0.2962,0.30135
1632427200000,0.30135,0.3034,0.29705,0.30265
1632441600000,0.30265,0.3055,0.2961,0.29675
1632456000000,0.29675,0.2994,0.2931,0.2975
1632470400000,0.2975,0.29925,0.26905,0.2759
1632484800000,0.2759,0.28005,0.26965,0.2776
1632499200000,0.2776,0.28065,0.2761,0.27955
1632513600000,0.27955,0.2859,0.27905,0.2811
1632528000000,0.2811,0.28485,0.27765,0.2824
1632542400000,0.2824,0.2854,0.2765,0.2766
1632556800000,0.2766,0.28175,0.27025,0.2767
1632571200000,0.2767,0.28035,0.2739,0.2782
1632585600000,0.2782,0.2792,0.2744,0.27775
1632600000000,0.27775,0.27845,0.2733,0.2768
1632614400000,0.2768,0.277,0.2689,0.2726
1632628800000,0.2726,0.27365,0.2606,0.26305
1632643200000,0.26305,0.276,0.2607,0.2746
1632657600000,0.2746,0.28025,0.2743,0.28025
1632672000000,0.28025,0.281,0.27685,0.27795
1632686400000,0.27795,0.2835,0.27125,0.2762
1632700800000,0.2762,0.2832,0.27295,0.2793
1632715200000,0.2793,0.2811,0.2764,0.2778
1632729600000,0.2778,0.2802,0.27545,0.27715
1632744000000,0.27715,0.2778,0.2715,0.27265
1632758400000,0.27265,0.281,0.2694,0.27215
1632772800000,0.27215,0.27255,0.2645,0.26485
1632787200000,0.26485,0.2698,0.2633,0.26825
1632801600000,0.26825,0.26985,0.2616,0.2627
1632816000000,0.2627,0.2665,0.25845,0.26565
1632830400000,0.26565,0.2697,0.25845,0.2598
1632844800000,0.2598,0.26285,0.2566,0.2606
1632859200000,0.2606,0.26375,0.25475,0.2567
1632873600000,0.2567,0.2655,0.2549,0.26485
1632888000000,0.26485,0.26945,0.2646,0.2688
1632902400000,0.2688,0.27115,0.2644,0.26995
1632916800000,0.26995,0.2793,0.2684,0.27115
1632931200000,0.27115,0.2725,0.2679,0.2703
1632945600000,0.2703,0.2703,0.26515,0.26955
1632960000000,0.26955,0.28,0.2684,0.27935
1632974400000,0.27935,0.28035,0.27485,0.27515
1632988800000,0.27515,0.2764,0.2712,0.2754
1633003200000,0.2754,0.27975,0.275,0.27795
1633017600000,0.27795,0.2806,0.2753,0.27785
1633032000000,0.27785,0.2791,0.27465,0.2789
1633046400000,0.2789,0.2846,0.2755,0.27675
1633060800000,0.27675,0.28175,0.2756,0.28175
1633075200000,0.28175,0.2955,0.2812,0.29425
1633089600000,0.29425,0.29775,0.29125,0.29645
1633104000000,0.29645,0.3008,0.29595,0.29915
1633118400000,0.29915,0.3009,0.29505,0.30065
1633132800000,0.30065,0.3015,0.29225,0.29375
1633147200000,0.29375,0.2962,0.29355,0.29525
1633161600000,0.29525,0.29675,0.2926,0.29645
1633176000000,0.29645,0.31135,0.2956,0.30795
1633190400000,0.30795,0.31895,0.3075,0.31895
1633204800000,0.31895,0.3266,0.3146,0.31665
1633219200000,0.31665,0.32295,0.31175,0.3185
1633233600000,0.3185,0.3185,0.3126,0.31335
1633248000000,0.31335,0.31985,0.312,0.3184
1633262400000,0.3184,0.3231,0.3134,0.3143
1633276800000,0.3143,0.3214,0.3136,0.31895
1633291200000,0.31895,0.3199,0.31025,0.315
1633305600000,0.315,0.3154,0.30275,0.30275
1633320000000,0.30275,0.3051,0.30005,0.3051
1633334400000,0.3051,0.3051,0.2975,0.3011
1633348800000,0.3011,0.30885,0.29585,0.30165
1633363200000,0.30165,0.30695,0.30045,0.30405
1633377600000,0.30405,0.3124,0.3035,0.3105
1633392000000,0.3105,0.31655,0.3086,0.31615
1633406400000,0.31615,0.3193,0.31295,0.31735
1633420800000,0.31735,0.31925,0.3132,0.31625
1633435200000,0.31625,0.3181,0.3077,0.3115
1633449600000,0.3115,0.31645,0.3104,0.31505
1633464000000,0.31505,0.3208,0.31505,0.3191
1633478400000,0.3191,0.32175,0.31605,0.3188
1633492800000,0.3188,0.3258,0.31605,0.31745
1633507200000,0.31745,0.31825,0.3058,0.3116
1633521600000,0.3116,0.32905,0.3108,0.326
1633536000000,0.326,0.33015,0.3226,0.3282
1633550400000,0.3282,0.3652,0.3264,0.358
1633564800000,0.358,0.37075,0.3423,0.36025
1633579200000,0.36025,0.36785,0.3552,0.3649
1633593600000,0.3649,0.3653,0.34805,0.35705
1633608000000,0.35705,0.35955,0.3422,0.34725
1633622400000,0.34725,0.3549,0.3422,0.34815
1633636800000,0.34815,0.3513,0.342,0.34365
1633651200000,0.34365,0.34825,0.33475,0.3364
1633665600000,0.3364,0.3489,0.33635,0.3451
1633680000000,0.3451,0.35,0.3427,0.34285
1633694400000,0.34285,0.3433,0.3367,0.33965
1633708800000,0.33965,0.34525,0.33775,0.34245
1633723200000,0.34245,0.3439,0.3317,0.33625
1633737600000,0.33625,0.3458,0.3327,0.34485
1633752000000,0.34485,0.3509,0.34305,0.34985
1633766400000,0.34985,0.35925,0.3446,0.3553
1633780800000,0.3553,0.3657,0.355,0.36095
1633795200000,0.36095,0.36785,0.35445,0.3547
1633809600000,0.3547,0.35675,0.35165,0.3531
1633824000000,0.3531,0.3539,0.3416,0.3497
1633838400000,0.3497,0.3592,0.34945,0.35545
1633852800000,0.35545,0.35775,0.34725,0.34995
1633867200000,0.34995,0.35045,0.3447,0.3478
1633881600000,0.3478,0.34885,0.3415,0.3468
1633896000000,0.3468,0.3497,0.32755,0.33145
1633910400000,0.33145,0.34265,0.3241,0.34265
1633924800000,0.34265,0.35115,0.34145,0.3508
1633939200000,0.3508,0.3522,0.3439,0.3481
1633953600000,0.3481,0.35745,0.3481,0.3511
1633968000000,0.3511,0.35235,0.3429,0.3429
1633982400000,0.3429,0.3449,0.3336,0.3449
1633996800000,0.3449,0.3449,0.3305,0.33335
1634011200000,0.33335,0.3367,0.3297,0.3327
1634025600000,0.3327,0.33625,0.3212,0.32705
1634040000000,0.32705,0.33355,0.3199,0.33
1634054400000,0.33,0.33745,0.32805,0.32995
1634068800000,0.32995,0.33565,0.32565,0.33275
1634083200000,0.33275,0.34555,0.33075,0.3453
1634097600000,0.3453,0.34995,0.33455,0.34095
1634112000000,0.34095,0.36465,0.3407,0.36225
1634126400000,0.36225,0.37665,0.35435,0.36835
1634140800000,0.36835,0.3688,0.35595,0.36
1634155200000,0.36,0.37015,0.3566,0.36825
1634169600000,0.36825,0.3816,0.3663,0.3709
1634184000000,0.3709,0.37805,0.3709,0.37355
1634198400000,0.37355,0.3824,0.3735,0.38
1634212800000,0.38,0.38,0.36425,0.3677
1634227200000,0.3677,0.3717,0.36485,0.36805
1634241600000,0.36805,0.3702,0.36545,0.3699
1634256000000,0.3699,0.37505,0.35785,0.36975
1634270400000,0.36975,0.37355,0.36225,0.3627
1634284800000,0.3627,0.36375,0.351,0.3572
1634299200000,0.3572,0.35955,0.3522,0.35665
1634313600000,0.35665,0.36765,0.35485,0.3651
1634328000000,0.3651,0.3687,0.361,0.36175
1634342400000,0.36175,0.37605,0.36175,0.37085
1634356800000,0.37085,0.38475,0.36555,0.38355
1634371200000,0.38355,0.4034,0.38145,0.4033
1634385600000,0.4033,0.4195,0.39095,0.4077
1634400000000,0.4077,0.42435,0.4011,0.41705
1634414400000,0.41705,0.4177,0.393,0.3967
1634428800000,0.3967,0.40315,0.39105,0.396
1634443200000,0.396,0.3966,0.38025,0.38235
1634457600000,0.38235,0.38885,0.38075,0.38415
1634472000000,0.38415,0.38865,0.3758,0.37895
1634486400000,0.37895,0.3859,0.37855,0.37925
1634500800000,0.37925,0.3869,0.3635,0.38375
1634515200000,0.38375,0.3951,0.38075,0.3919
1634529600000,0.3919,0.39685,0.3857,0.38915
1634544000000,0.38915,0.393,0.3797,0.3834
1634558400000,0.3834,0.396,0.37715,0.384
1634572800000,0.384,0.38485,0.3745,0.38065
1634587200000,0.38065,0.38225,0.3775,0.37945
1634601600000,0.37945,0.38385,0.37465,0.3829
1634616000000,0.3829,0.38405,0.376,0.3771
1634630400000,0.3771,0.3772,0.3708,0.37315
1634644800000,0.37315,0.37955,0.3652,0.3686
1634659200000,0.3686,0.3735,0.368,0.372
1634673600000,0.372,0.3765,0.369,0.37435
1634688000000,0.37435,0.3745,0.3686,0.36955
1634702400000,0.36955,0.37545,0.3692,0.3742
1634716800000,0.3742,0.3754,0.3691,0.3709
1634731200000,0.3709,0.39015,0.37085,0.38735
1634745600000,0.38735,0.3926,0.385,0.39
1634760000000,0.39,0.3926,0.3853,0.39235
1634774400000,0.39235,0.398,0.38635,0.39265
1634788800000,0.39265,0.39465,0.38825,0.39125
1634803200000,0.39125,0.3987,0.3846,0.3872
1634817600000,0.3872,0.3907,0.3715,0.37795
1634832000000,0.37795,0.37895,0.3735,0.3748
1634846400000,0.3748,0.37965,0.37235,0.37315
1634860800000,0.37315,0.3809,0.37245,0.38015
1634875200000,0.38015,0.38045,0.37465,0.37805
1634889600000,0.37805,0.3807,0.376,0.3792
1634904000000,0.3792,0.381,0.3685,0.37015
1634918400000,0.37015,0.3743,0.36605,0.3721
1634932800000,0.3721,0.37355,0.36765,0.3726
1634947200000,0.3726,0.375,0.37,0.37485
1634961600000,0.37485,0.37675,0.37325,0.37635
1634976000000,0.37635,0.3769,0.3685,0.37585
1634990400000,0.37585,0.3784,0.3731,0.3761
1635004800000,0.3761,0.37825,0.3714,0.3722
1635019200000,0.3722,0.3785,0.3715,0.3782
1635033600000,0.3782,0.3828,0.3777,0.38275
1635048000000,0.38275,0.386,0.38115,0.3857
1635062400000,0.3857,0.3868,0.37855,0.37935
1635076800000,0.37935,0.3827,0.37225,0.37405
1635091200000,0.37405,0.37545,0.36615,0.37055
1635105600000,0.37055,0.3741,0.3692,0.37265
1635120000000,0.37265,0.37755,0.37125,0.3756
1635134400000,0.3756,0.38,0.3756,0.3787
1635148800000,0.3787,0.37995,0.3767,0.3775
1635163200000,0.3775,0.3837,0.3763,0.38355
1635177600000,0.38355,0.3837,0.37885,0.38065
1635192000000,0.38065,0.3886,0.3784,0.3886
1635206400000,0.3886,0.3886,0.3844,0.38605
1635220800000,0.38605,0.3864,0.3811,0.3835
1635235200000,0.3835,0.38665,0.38345,0.38405
1635249600000,0.38405,0.3855,0.3762,0.38035
1635264000000,0.38035,0.38305,0.3772,0.38095
1635278400000,0.38095,0.38655,0.3685,0.37295
1635292800000,0.37295,0.37575,0.37125,0.37435
1635307200000,0.37435,0.37545,0.3542,0.35565
1635321600000,0.35565,0.35575,0.3061,0.33695
1635336000000,0.33695,0.3432,0.33565,0.33815
1635350400000,0.33815,0.3417,0.3313,0.3376
1635364800000,0.3376,0.34005,0.3298,0.33055
1635379200000,0.33055,0.3345,0.32475,0.33345
1635393600000,0.33345,0.3413,0.32935,0.3409
1635408000000,0.3409,0.34765,0.34045,0.3434
1635422400000,0.3434,0.3475,0.3416,0.3439
1635436800000,0.3439,0.34565,0.3374,0.3449
1635451200000,0.3449,0.349,0.34,0.3424
1635465600000,0.3424,0.3516,0.34075,0.34965
1635480000000,0.34965,0.35005,0.3434,0.345
1635494400000,0.345,0.34835,0.34325,0.34715
1635508800000,0.34715,0.3601,0.34585,0.3595
1635523200000,0.3595,0.3622,0.35465,0.35605
1635537600000,0.35605,0.364,0.3555,0.36245
1635552000000,0.36245,0.36465,0.357,0.361
1635566400000,0.361,0.3659,0.36065,0.36195
1635580800000,0.36195,0.3639,0.35735,0.36295
1635595200000,0.36295,0.36295,0.3516,0.35895
1635609600000,0.35895,0.36245,0.3568,0.3624
1635624000000,0.3624,0.3627,0.35235,0.3588
1635638400000,0.3588,0.376,0.3575,0.37035
1635652800000,0.37035,0.3903,0.37005,0.38465
1635667200000,0.38465,0.38465,0.3669,0.3715
1635681600000,0.3715,0.37345,0.36265,0.36945
1635696000000,0.36945,0.37325,0.36375,0.36955
1635710400000,0.36955,0.37485,0.3676,0.37285
1635724800000,0.37285,0.37585,0.35915,0.36025
1635739200000,0.36025,0.37145,0.35625,0.3709
1635753600000,0.3709,0.37315,0.36755,0.3678
1635768000000,0.3678,0.3698,0.3639,0.3666
1635782400000,0.3666,0.3674,0.361,0.3653
1635796800000,0.3653,0.36735,0.3621,0.3664
1635811200000,0.3664,0.3689,0.3633,0.3667
1635825600000,0.3667,0.36895,0.36625,0.36665
1635840000000,0.36665,0.3729,0.3654,0.37025
1635854400000,0.37025,0.3746,0.36885,0.37435
1635868800000,0.37435,0.38165,0.37245,0.37965
1635883200000,0.37965,0.38285,0.37595,0.38285
1635897600000,0.38285,0.3832,0.3765,0.37805
1635912000000,0.37805,0.39905,0.3777,0.39235
1635926400000,0.39235,0.39395,0.3865,0.3882
1635940800000,0.3882,0.3886,0.36925,0.3778
1635955200000,0.3778,0.38345,0.3731,0.38025
1635969600000,0.38025,0.3867,0.38025,0.3856
1635984000000,0.3856,0.39045,0.3828,0.38475
1635998400000,0.38475,0.38655,0.37725,0.3783
1636012800000,0.3783,0.38175,0.37535,0.37775
1636027200000,0.37775,0.37995,0.3666,0.36865
1636041600000,0.36865,0.37175,0.3652,0.36975
1636056000000,0.36975,0.37105,0.3671,0.3691
1636070400000,0.3691,0.3723,0.36605,0.37095
1636084800000,0.37095,0.37385,0.3706,0.3711
1636099200000,0.3711,0.3719,0.36425,0.36465
1636113600000,0.36465,0.36885,0.35925,0.35995
1636128000000,0.35995,0.36455,0.3596,0.3612
1636142400000,0.3612,0.36205,0.3586,0.35915
1636156800000,0.35915,0.36325,0.3586,0.36205
1636171200000,0.36205,0.3643,0.35895,0.3618
1636185600000,0.3618,0.3642,0.35155,0.3548
1636200000000,0.3548,0.3548,0.3501,0.35245
1636214400000,0.35245,0.3558,0.351,0.35525
1636228800000,0.35525,0.35915,0.35525,0.35915
1636243200000,0.35915,0.362,0.357,0.3612
1636257600000,0.3612,0.36225,0.35935,0.36155
1636272000000,0.36155,0.36295,0.35845,0.36025
1636286400000,0.36025,0.3648,0.35755,0.36295
1636300800000,0.36295,0.3637,0.3595,0.36195
1636315200000,0.36195,0.3662,0.3608,0.36395
1636329600000,0.36395,0.37325,0.36295,0.36855
1636344000000,0.36855,0.3734,0.36755,0.37175
1636358400000,0.37175,0.37655,0.3687,0.37325
1636372800000,0.37325,0.3748,0.36995,0.3742
1636387200000,0.3742,0.37445,0.3712,0.37245
1636401600000,0.37245,0.37925,0.3706,0.3786
1636416000000,0.3786,0.38315,0.37425,0.3823
1636430400000,0.3823,0.38535,0.37905,0.38325
1636444800000,0.38325,0.39335,0.3807,0.3877
1636459200000,0.3877,0.4013,0.38095,0.39105
1636473600000,0.39105,0.39715,0.38745,0.39605
1636488000000,0.39605,0.4234,0.39315,0.41375
1636502400000,0.41375,0.425,0.40405,0.4078
1636516800000,0.4078,0.4104,0.40245,0.40515
1636531200000,0.40515,0.4064,0.39875,0.40115
1636545600000,0.40115,0.4199,0.3977,0.4178
1636560000000,0.4178,0.44245,0.4124,0.413
1636574400000,0.413,0.41875,0.3616,0.3835
1636588800000,0.3835,0.3861,0.3762,0.3806
1636603200000,0.3806,0.3921,0.3784,0.3904
1636617600000,0.3904,0.397,0.3823,0.39665
1636632000000,0.39665,0.39805,0.38365,0.3938
1636646400000,0.3938,0.40295,0.39075,0.40175
1636660800000,0.40175,0.40325,0.39155,0.39155
1636675200000,0.39155,0.3948,0.38445,0.3893
1636689600000,0.3893,0.3909,0.3798,0.3823
1636704000000,0.3823,0.3864,0.37015,0.3733
1636718400000,0.3733,0.37855,0.37005,0.37235
1636732800000,0.37235,0.3809,0.3644,0.37795
1636747200000,0.37795,0.38215,0.377,0.379
1636761600000,0.379,0.38155,0.3715,0.37215
1636776000000,0.37215,0.37465,0.3707,0.3746
1636790400000,0.3746,0.37685,0.3707,0.3751
1636804800000,0.3751,0.3825,0.37115,0.3796
1636819200000,0.3796,0.382,0.376,0.377
1636833600000,0.377,0.38005,0.3759,0.37835
1636848000000,0.37835,0.38185,0.37245,0.3725
1636862400000,0.3725,0.37505,0.3713,0.37165
1636876800000,0.37165,0.3763,0.3667,0.37525
1636891200000,0.37525,0.3776,0.3713,0.3714
1636905600000,0.3714,0.37285,0.3659,0.37145
1636920000000,0.37145,0.37735,0.37,0.37735
1636934400000,0.37735,0.3864,0.37735,0.38485
1636948800000,0.38485,0.38745,0.3837,0.3847
1636963200000,0.3847,0.3937,0.3831,0.39315
1636977600000,0.39315,0.3936,0.3831,0.39115
1636992000000,0.39115,0.3917,0.3801,0.38535
1637006400000,0.38535,0.38555,0.37295,0.37705
1637020800000,0.37705,0.37705,0.35,0.3537
1637035200000,0.3537,0.35805,0.35,0.35665
1637049600000,0.35665,0.35835,0.32805,0.34925
1637064000000,0.34925,0.3545,0.34365,0.34905
1637078400000,0.34905,0.3513,0.34505,0.3488
1637092800000,0.3488,0.34895,0.3392,0.3429
1637107200000,0.3429,0.3465,0.33255,0.335
1637121600000,0.335,0.34145,0.3325,0.3381
1637136000000,0.3381,0.34565,0.33215,0.3456
1637150400000,0.3456,0.3464,0.33975,0.3441
1637164800000,0.3441,0.34925,0.34215,0.34665
1637179200000,0.34665,0.34905,0.34235,0.3463
1637193600000,0.3463,0.35595,0.3449,0.348
1637208000000,0.348,0.35455,0.34145,0.3436
1637222400000,0.3436,0.34465,0.33585,0.33665
1637236800000,0.33665,0.34025,0.3242,0.32895
1637251200000,0.32895,0.33075,0.3122,0.3289
1637265600000,0.3289,0.3311,0.32235,0.32765
1637280000000,0.32765,0.33675,0.3252,0.3342
1637294400000,0.3342,0.33885,0.3318,0.33335
1637308800000,0.33335,0.355,0.3333,0.3475
1637323200000,0.3475,0.3509,0.34315,0.3493
1637337600000,0.3493,0.3547,0.34725,0.3541
1637352000000,0.3541,0.3564,0.3505,0.35395
1637366400000,0.35395,0.35855,0.34885,0.34935
1637380800000,0.34935,0.353,0.3484,0.3493
1637395200000,0.3493,0.35125,0.3465,0.3496
1637409600000,0.3496,0.3508,0.3387,0.33885
1637424000000,0.33885,0.347,0.3368,0.3455
1637438400000,0.3455,0.34915,0.34455,0.3485
1637452800000,0.3485,0.34905,0.34085,0.34275
1637467200000,0.34275,0.3457,0.3419,0.34245
1637481600000,0.34245,0.3431,0.33805,0.3408
1637496000000,0.3408,0.3445,0.3392,0.3437
1637510400000,0.3437,0.34685,0.3415,0.3416
1637524800000,0.3416,0.34715,0.3415,0.3443
1637539200000,0.3443,0.3443,0.3352,0.33735
1637553600000,0.33735,0.33935,0.33155,0.33785
1637568000000,0.33785,0.35675,0.33755,0.34805
1637582400000,0.34805,0.35575,0.343,0.3532
1637596800000,0.3532,0.35595,0.34065,0.3422
1637611200000,0.3422,0.34315,0.33605,0.3363
1637625600000,0.3363,0.3394,0.33235,0.33635
1637640000000,0.33635,0.33815,0.3297,0.33065
1637654400000,0.33065,0.33615,0.32795,0.32975
1637668800000,0.32975,0.33835,0.32935,0.33655
1637683200000,0.33655,0.33975,0.33555,0.33855
1637697600000,0.33855,0.3428,0.33775,0.34135
1637712000000,0.34135,0.34195,0.3326,0.3329
1637726400000,0.3329,0.3416,0.3325,0.33845
1637740800000,0.33845,0.3403,0.33375,0.3343
1637755200000,0.3343,0.33485,0.32575,0.32955
1637769600000,0.32955,0.3297,0.3216,0.32195
1637784000000,0.32195,0.328,0.32105,0.3275
1637798400000,0.3275,0.33355,0.3261,0.3332
1637812800000,0.3332,0.33355,0.3301,0.3317
1637827200000,0.3317,0.339,0.32925,0.3352
1637841600000,0.3352,0.3461,0.3352,0.34185
1637856000000,0.34185,0.348,0.3418,0.34605
1637870400000,0.34605,0.34655,0.34035,0.3416
1637884800000,0.3416,0.3467,0.3392,0.3417
1637899200000,0.3417,0.3504,0.33405,0.33665
1637913600000,0.33665,0.3367,0.306,0.3074
1637928000000,0.3074,0.3227,0.30625,0.3205
1637942400000,0.3205,0.3387,0.3189,0.33755
1637956800000,0.33755,0.3395,0.3271,0.3293
1637971200000,0.3293,0.33465,0.3275,0.3299
1637985600000,0.3299,0.3312,0.32015,0.32225
1638000000000,0.32225,0.3278,0.32095,0.3225
1638014400000,0.3225,0.32585,0.3201,0.3234
1638028800000,0.3234,0.3258,0.3218,0.3227
1638043200000,0.3227,0.3263,0.3201,0.32565
1638057600000,0.32565,0.3266,0.3105,0.31385
1638072000000,0.31385,0.3157,0.30855,0.31205
1638086400000,0.31205,0.31345,0.308,0.3113
1638100800000,0.3113,0.3125,0.3086,0.31085
1638115200000,0.31085,0.31125,0.30005,0.3097
1638129600000,0.3097,0.32355,0.3097,0.32345
1638144000000,0.32345,0.3285,0.32255,0.3267
1638158400000,0.3267,0.3302,0.3262,0.3296
1638172800000,0.3296,0.3304,0.3224,0.3241
1638187200000,0.3241,0.3289,0.3235,0.32645
1638201600000,0.32645,0.334,0.3234,0.3238
1638216000000,0.3238,0.3298,0.32355,0.3284
1638230400000,0.3284,0.339,0.328,0.3363
1638244800000,0.3363,0.3433,0.32835,0.3381
1638259200000,0.3381,0.34135,0.33255,0.33965
1638273600000,0.33965,0.3515,0.3387,0.3419
1638288000000,0.3419,0.3457,0.33685,0.3423
1638302400000,0.3423,0.34305,0.335,0.33565
1638316800000,0.33565,0.34515,0.335,0.3447
1638331200000,0.3447,0.34555,0.34085,0.3422
1638345600000,0.3422,0.343,0.3346,0.3375
1638360000000,0.3375,0.3407,0.33365,0.33415
1638374400000,0.33415,0.337,0.3299,0.33215
1638388800000,0.33215,0.3323,0.3258,0.328
1638403200000,0.328,0.3285,0.3175,0.32265
1638417600000,0.32265,0.32575,0.32205,0.32505
1638432000000,0.32505,0.32705,0.3206,0.3249
1638446400000,0.3249,0.3318,0.3234,0.32975
1638460800000,0.32975,0.3384,0.3267,0.33355
1638475200000,0.33355,0.3406,0.3325,0.33985
1638489600000,0.33985,0.3557,0.3339,0.34835
1638504000000,0.34835,0.35955,0.34435,0.3591
1638518400000,0.3591,0.365,0.3526,0.3587
1638532800000,0.3587,0.36305,0.3452,0.3482
1638547200000,0.3482,0.34825,0.33345,0.3353
1638561600000,0.3353,0.33555,0.31765,0.32595
1638576000000,0.32595,0.32605,0.30455,0.30455
1638590400000,0.30455,0.3104,0.2215,0.27165
1638604800000,0.27165,0.27745,0.2645,0.2737
1638619200000,0.2737,0.2941,0.27255,0.2903
1638633600000,0.2903,0.2917,0.28305,0.291
1638648000000,0.291,0.2926,0.2871,0.2908
1638662400000,0.2908,0.29475,0.2778,0.2817
1638676800000,0.2817,0.28215,0.27685,0.2788
1638691200000,0.2788,0.27955,0.27135,0.2765
1638705600000,0.2765,0.2845,0.25785,0.26415
1638720000000,0.26415,0.276,0.2629,0.27475
1638734400000,0.27475,0.28325,0.2696,0.2809
1638748800000,0.2809,0.29245,0.27115,0.28085
1638763200000,0.28085,0.28415,0.2586,0.2636
1638777600000,0.2636,0.2718,0.24725,0.26285
1638792000000,0.26285,0.2687,0.25815,0.2684
1638806400000,0.2684,0.2724,0.26605,0.2709
1638820800000,0.2709,0.29735,0.27045,0.2942
1638835200000,0.2942,0.29995,0.29145,0.29565
1638849600000,0.29565,0.29685,0.2909,0.2915
1638864000000,0.2915,0.2939,0.2897,0.29195
1638878400000,0.29195,0.2922,0.2826,0.29005
1638892800000,0.29005,0.2914,0.28405,0.28765
1638907200000,0.28765,0.2898,0.2814,0.2868
1638921600000,0.2868,0.2925,0.28255,0.2898
1638936000000,0.2898,0.30405,0.2898,0.30235
1638950400000,0.30235,0.3037,0.2846,0.29035
1638964800000,0.29035,0.30775,0.2871,0.29915
1638979200000,0.29915,0.3071,0.29705,0.3068
1638993600000,0.3068,0.3085,0.29815,0.306
1639008000000,0.306,0.3064,0.2912,0.29155
1639022400000,0.29155,0.29785,0.28945,0.2933
1639036800000,0.2933,0.30205,0.28635,0.2906
1639051200000,0.2906,0.29575,0.28155,0.28495
1639065600000,0.28495,0.28645,0.2754,0.27795
1639080000000,0.27795,0.2821,0.27275,0.27355
1639094400000,0.27355,0.2806,0.27175,0.27485
1639108800000,0.27485,0.27765,0.26905,0.2713
1639123200000,0.2713,0.277,0.2691,0.27545
1639137600000,0.27545,0.28055,0.266,0.2682
1639152000000,0.2682,0.26945,0.26345,0.26785
1639166400000,0.26785,0.26945,0.25895,0.26025
1639180800000,0.26025,0.26805,0.25575,0.2654
1639195200000,0.2654,0.2707,0.2652,0.2701
1639209600000,0.2701,0.27445,0.2692,0.2733
1639224000000,0.2733,0.27965,0.27195,0.2784
1639238400000,0.2784,0.2797,0.27155,0.27175
1639252800000,0.27175,0.27435,0.2698,0.2743
1639267200000,0.2743,0.2756,0.2685,0.27165
1639281600000,0.27165,0.27185,0.26785,0.2708
1639296000000,0.2708,0.27125,0.26645,0.26955
1639310400000,0.26955,0.2762,0.2695,0.27395
1639324800000,0.27395,0.2808,0.2738,0.2792
1639339200000,0.2792,0.28145,0.2754,0.2756
1639353600000,0.2756,0.2764,0.26495,0.26645
1639368000000,0.26645,0.26795,0.2618,0.26285
1639382400000,0.26285,0.26585,0.2608,0.26445
1639396800000,0.26445,0.2666,0.25265,0.2561
1639411200000,0.2561,0.26075,0.2511,0.25455
1639425600000,0.25455,0.25705,0.2522,0.2527
1639440000000,0.2527,0.25555,0.2504,0.25275
1639454400000,0.25275,0.25495,0.24745,0.2525
1639468800000,0.2525,0.26225,0.2515,0.2604
1639483200000,0.2604,0.2676,0.2567,0.25955
1639497600000,0.25955,0.26925,0.2572,0.2648
1639512000000,0.2648,0.27065,0.2647,0.26735
1639526400000,0.26735,0.26855,0.2608,0.26425
1639540800000,0.26425,0.26545,0.25865,0.2601
1639555200000,0.2601,0.26265,0.25715,0.2576
1639569600000,0.2576,0.25885,0.2462,0.2465
1639584000000,0.2465,0.26325,0.24615,0.2627
1639598400000,0.2627,0.27585,0.26245,0.2724
1639612800000,0.2724,0.2738,0.2695,0.2703
1639627200000,0.2703,0.27395,0.26745,0.2677
1639641600000,0.2677,0.26985,0.26585,0.26945
1639656000000,0.26945,0.26965,0.2637,0.26735
1639670400000,0.26735,0.2679,0.2584,0.25935
1639684800000,0.25935,0.26175,0.255,0.25555
1639699200000,0.25555,0.2606,0.25435,0.25935
1639713600000,0.25935,0.2625,0.25595,0.2577
1639728000000,0.2577,0.2618,0.25485,0.25535
1639742400000,0.25535,0.2561,0.24535,0.25225
1639756800000,0.25225,0.25735,0.2484,0.25055
1639771200000,0.25055,0.25635,0.2482,0.25385
1639785600000,0.25385,0.2592,0.2504,0.2587
1639800000000,0.2587,0.2658,0.25835,0.2641
1639814400000,0.2641,0.2662,0.2635,0.26425
1639828800000,0.26425,0.2649,0.25905,0.26035
1639843200000,0.26035,0.26045,0.2534,0.2555
1639857600000,0.2555,0.2566,0.254,0.25555
1639872000000,0.25555,0.2598,0.253,0.25895
1639886400000,0.25895,0.2606,0.25745,0.26035
1639900800000,0.26035,0.2657,0.25875,0.2644
1639915200000,0.2644,0.2672,0.2608,0.2637
1639929600000,0.2637,0.26455,0.25235,0.2531
1639944000000,0.2531,0.2565,0.25135,0.25365
1639958400000,0.25365,0.26585,0.25065,0.26575
1639972800000,0.26575,0.27385,0.26175,0.26755
1639987200000,0.26755,0.2738,0.2617,0.2661
1640001600000,0.2661,0.26615,0.2529,0.25405
1640016000000,0.25405,0.2559,0.2503,0.25455
1640030400000,0.25455,0.26015,0.25455,0.2579
1640044800000,0.2579,0.26085,0.2527,0.26
1640059200000,0.26,0.2673,0.25995,0.2647
1640073600000,0.2647,0.26785,0.26415,0.26525
1640088000000,0.26525,0.2679,0.2602,0.2627
1640102400000,0.2627,0.2659,0.261,0.26415
1640116800000,0.26415,0.2693,0.263,0.26745
1640131200000,0.26745,0.2752,0.2674,0.274
1640145600000,0.274,0.2744,0.27135,0.27355
1640160000000,0.27355,0.27735,0.2705,0.27655
1640174400000,0.27655,0.2769,0.26865,0.27405
1640188800000,0.27405,0.2756,0.26815,0.27215
1640203200000,0.27215,0.27265,0.2668,0.26745
1640217600000,0.26745,0.273,0.26375,0.2723
1640232000000,0.2723,0.2781,0.2708,0.2724
1640246400000,0.2724,0.2783,0.27155,0.27505
1640260800000,0.27505,0.27705,0.27355,0.27675
1640275200000,0.27675,0.28875,0.2727,0.2881
1640289600000,0.2881,0.28975,0.28495,0.2874
1640304000000,0.2874,0.28845,0.28155,0.28295
1640318400000,0.28295,0.28385,0.27965,0.2822
1640332800000,0.2822,0.28855,0.2816,0.28475
1640347200000,0.28475,0.2865,0.27685,0.281
1640361600000,0.281,0.284,0.27735,0.2777
1640376000000,0.2777,0.28095,0.27535,0.27785
1640390400000,0.27785,0.2913,0.27565,0.2851
1640404800000,0.2851,0.29405,0.2849,0.2917
1640419200000,0.2917,0.2926,0.28775,0.2901
1640433600000,0.2901,0.29115,0.28735,0.28745
1640448000000,0.28745,0.28935,0.28405,0.2883
1640462400000,0.2883,0.295,0.2883,0.28945
1640476800000,0.28945,0.2937,0.28615,0.28615
1640491200000,0.28615,0.28795,0.285,0.28675
1640505600000,0.28675,0.2913,0.2863,0.28825
1640520000000,0.28825,0.2893,0.28525,0.28745
1640534400000,0.28745,0.29295,0.2872,0.2926
1640548800000,0.2926,0.294,0.2908,0.2913
1640563200000,0.2913,0.29835,0.2911,0.29585
1640577600000,0.29585,0.2974,0.2943,0.29545
1640592000000,0.29545,0.2992,0.29365,0.2985
1640606400000,0.2985,0.30185,0.29655,0.3006
1640620800000,0.3006,0.30455,0.30035,0.3012
1640635200000,0.3012,0.30595,0.29765,0.2988
1640649600000,0.2988,0.2991,0.2832,0.28645
1640664000000,0.28645,0.28645,0.27845,0.2838
1640678400000,0.2838,0.29145,0.28265,0.29075
1640692800000,0.29075,0.294,0.28505,0.292
1640707200000,0.292,0.2933,0.2762,0.27955
1640721600000,0.27955,0.282,0.2732,0.2738
1640736000000,0.2738,0.27835,0.27265,0.27645
1640750400000,0.27645,0.27765,0.2725,0.27335
1640764800000,0.27335,0.2794,0.27335,0.27925
1640779200000,0.27925,0.27925,0.26795,0.2783
1640793600000,0.2783,0.27835,0.27055,0.271
1640808000000,0.271,0.2744,0.26475,0.2665
1640822400000,0.2665,0.26715,0.26055,0.26235
1640836800000,0.26235,0.27,0.2621,0.2693
1640851200000,0.2693,0.2732,0.2669,0.2725
1640865600000,0.2725,0.275,0.2713,0.2727
1640880000000,0.2727,0.2752,0.27145,0.27275
1640894400000,0.27275,0.2733,0.26565,0.26805
1640908800000,0.26805,0.26925,0.26535,0.26775
1640923200000,0.26775,0.27045,0.2663,0.2678
1640937600000,0.2678,0.27665,0.26775,0.2737
1640952000000,0.2737,0.27535,0.2734,0.2746
1640966400000,0.2746,0.2756,0.2599,0.2601
1640980800000,0.2601,0.26855,0.259,0.267
1640995200000,0.267,0.2717,0.2663,0.27035
1641009600000,0.27035,0.2729,0.26815,0.272
1641024000000,0.272,0.2727,0.26725,0.26865
1641038400000,0.26865,0.27385,0.2685,0.2728
1641052800000,0.2728,0.277,0.27245,0.27435
1641067200000,0.27435,0.277,0.27295,0.27675
1641081600000,0.27675,0.28425,0.27545,0.28285
1641096000000,0.28285,0.2838,0.279,0.2807
1641110400000,0.2807,0.28575,0.2796,0.28475
1641124800000,0.28475,0.288,0.28365,0.28665
1641139200000,0.28665,0.2916,0.2839,0.2882
1641153600000,0.2882,0.29225,0.2872,0.2919
1641168000000,0.2919,0.2975,0.2891,0.2923
1641182400000,0.2923,0.29455,0.28935,0.2912
1641196800000,0.2912,0.2917,0.28725,0.2904
1641211200000,0.2904,0.2959,0.28905,0.2909
1641225600000,0.2909,0.29585,0.28595,0.2909
1641240000000,0.2909,0.29225,0.2853,0.29025
1641254400000,0.29025,0.2913,0.27975,0.2833
1641268800000,0.2833,0.28415,0.28,0.28365
1641283200000,0.28365,0.28665,0.2813,0.2863
1641297600000,0.2863,0.28845,0.2836,0.2845
1641312000000,0.2845,0.288,0.27855,0.2813
1641326400000,0.2813,0.2841,0.2783,0.27935
1641340800000,0.27935,0.28405,0.2783,0.28365
1641355200000,0.28365,0.2883,0.2832,0.2883
1641369600000,0.2883,0.3,0.28815,0.29065
1641384000000,0.29065,0.2936,0.2881,0.2928
1641398400000,0.2928,0.293,0.27535,0.27605
1641412800000,0.27605,0.277,0.2542,0.2661
1641427200000,0.2661,0.26655,0.2587,0.259
1641441600000,0.259,0.26835,0.2583,0.2681
1641456000000,0.2681,0.27225,0.26475,0.26945
1641470400000,0.26945,0.2717,0.2639,0.267
1641484800000,0.267,0.26875,0.2644,0.26755
1641499200000,0.26755,0.2692,0.2651,0.2676
1641513600000,0.2676,0.26835,0.2532,0.2559
1641528000000,0.2559,0.2586,0.2509,0.2572
1641542400000,0.2572,0.2645,0.2564,0.26175
1641556800000,0.26175,0.2657,0.25325,0.25765
1641571200000,0.25765,0.2643,0.25485,0.25925
1641585600000,0.25925,0.26,0.2544,0.2569
1641600000000,0.2569,0.2623,0.256,0.26045
1641614400000,0.26045,0.26225,0.25945,0.26075
1641628800000,0.26075,0.26235,0.25845,0.26005
1641643200000,0.26005,0.2645,0.25695,0.25925
1641657600000,0.25925,0.26065,0.24675,0.2496
1641672000000,0.2496,0.2592,0.2482,0.255
1641686400000,0.255,0.2597,0.25305,0.25775
1641700800000,0.25775,0.26205,0.25735,0.2597
1641715200000,0.2597,0.2603,0.2547,0.25915
1641729600000,0.25915,0.25945,0.2537,0.25655
1641744000000,0.25655,0.2638,0.2555,0.26345
1641758400000,0.26345,0.26395,0.2597,0.261
1641772800000,0.261,0.2629,0.25875,0.262
1641787200000,0.262,0.2641,0.26005,0.26115
1641801600000,0.26115,0.26155,0.25735,0.25765
1641816000000,0.25765,0.25805,0.2381,0.24635
1641830400000,0.24635,0.252,0.24045,0.2444
1641844800000,0.2444,0.2537,0.24265,0.253
1641859200000,0.253,0.25585,0.251,0.2557
1641873600000,0.2557,0.2562,0.25055,0.2526
1641888000000,0.2526,0.2547,0.2478,0.2509
1641902400000,0.2509,0.2559,0.2482,0.2541
1641916800000,0.2541,0.26135,0.2537,0.25875
1641931200000,0.25875,0.2634,0.2584,0.26295
1641945600000,0.26295,0.2694,0.2628,0.2687
1641960000000,0.2687,0.2703,0.26695,0.2688
1641974400000,0.2688,0.27285,0.26825,0.2698
1641988800000,0.2698,0.2775,0.2696,0.2768
1642003200000,0.2768,0.29135,0.27665,0.28875
1642017600000,0.28875,0.2894,0.2821,0.28255
1642032000000,0.28255,0.28995,0.282,0.2841
1642046400000,0.2841,0.2895,0.28405,0.28615
1642060800000,0.28615,0.28995,0.28225,0.2825
1642075200000,0.2825,0.28735,0.2728,0.27615
1642089600000,0.27615,0.27945,0.26965,0.2718
1642104000000,0.2718,0.27445,0.26855,0.26945
1642118400000,0.26945,0.2711,0.26655,0.2699
1642132800000,0.2699,0.2787,0.26975,0.27515
1642147200000,0.27515,0.2758,0.2622,0.26425
1642161600000,0.26425,0.26995,0.2613,0.2678
1642176000000,0.2678,0.2693,0.2655,0.2678
1642190400000,0.2678,0.278,0.26195,0.2636
1642204800000,0.2636,0.2706,0.25895,0.25985
1642219200000,0.25985,0.2618,0.25775,0.26175
1642233600000,0.26175,0.2627,0.2604,0.2607
1642248000000,0.2607,0.26355,0.25615,0.2624
1642262400000,0.2624,0.26445,0.26095,0.26225
1642276800000,0.26225,0.2633,0.2574,0.25885
1642291200000,0.25885,0.2592,0.2544,0.256
1642305600000,0.256,0.2599,0.25525,0.25985
1642320000000,0.25985,0.2625,0.2583,0.25875
1642334400000,0.25875,0.26075,0.25525,0.2582
1642348800000,0.2582,0.26045,0.2567,0.25675
1642363200000,0.25675,0.2597,0.2561,0.25895
1642377600000,0.25895,0.2598,0.2547,0.2547
1642392000000,0.2547,0.25575,0.2518,0.2541
1642406400000,0.2541,0.256,0.2531,0.2537
1642420800000,0.2537,0.25395,0.24925,0.2514
1642435200000,0.2514,0.25355,0.24945,0.2532
1642449600000,0.2532,0.2567,0.25075,0.25625
1642464000000,0.25625,0.25745,0.25205,0.2544
1642478400000,0.2544,0.25585,0.2514,0.2558
1642492800000,0.2558,0.25585,0.2486,0.25325
1642507200000,0.25325,0.2537,0.24885,0.251
1642521600000,0.251,0.25285,0.2494,0.2524
1642536000000,0.2524,0.2565,0.2509,0.25415
1642550400000,0.25415,0.25565,0.2496,0.2504
1642564800000,0.2504,0.2539,0.2452,0.24555
1642579200000,0.24555,0.2503,0.2435,0.24915
1642593600000,0.24915,0.2509,0.2466,0.24805
1642608000000,0.24805,0.2494,0.2462,0.2478
1642622400000,0.2478,0.24825,0.2455,0.2456
1642636800000,0.2456,0.24855,0.24465,0.24725
1642651200000,0.24725,0.2487,0.24625,0.24845
1642665600000,0.24845,0.24875,0.24625,0.24675
1642680000000,0.24675,0.2527,0.24415,0.25135
1642694400000,0.25135,0.25205,0.24775,0.24895
1642708800000,0.24895,0.2492,0.22985,0.2317
1642723200000,0.2317,0.2336,0.21885,0.2206
1642737600000,0.2206,0.22445,0.2203,0.22375
1642752000000,0.22375,0.2278,0.2226,0.2276
1642766400000,0.2276,0.228,0.2167,0.2227
1642780800000,0.2227,0.22355,0.2167,0.2167
1642795200000,0.2167,0.2187,0.198,0.20295
1642809600000,0.20295,0.20835,0.20105,0.20315
1642824000000,0.20315,0.204,0.1822,0.1846
1642838400000,0.1846,0.1902,0.1676,0.18375
1642852800000,0.18375,0.1938,0.18235,0.18265
1642867200000,0.18265,0.19195,0.1812,0.1875
1642881600000,0.1875,0.1959,0.1867,0.19225
1642896000000,0.19225,0.19635,0.1878,0.19045
1642910400000,0.19045,0.198,0.18965,0.1952
1642924800000,0.1952,0.1981,0.19415,0.1947
1642939200000,0.1947,0.1977,0.1896,0.1959
1642953600000,0.1959,0.1966,0.1889,0.1898
1642968000000,0.1898,0.20095,0.1895,0.20075
1642982400000,0.20075,0.20075,0.1924,0.19555
1642996800000,0.19555,0.1962,0.18715,0.18755
1643011200000,0.18755,0.1914,0.174,0.17625
1643025600000,0.17625,0.18295,0.1719,0.18215
1643040000000,0.18215,0.1899,0.17805,0.1897
1643054400000,0.1897,0.19805,0.18895,0.19765
1643068800000,0.19765,0.1984,0.19315,0.1955
1643083200000,0.1955,0.1958,0.18785,0.18975
1643097600000,0.18975,0.195,0.18875,0.1919
1643112000000,0.1919,0.1972,0.18955,0.1942
1643126400000,0.1942,0.19945,0.1941,0.1955
1643140800000,0.1955,0.1977,0.1929,0.19665
1643155200000,0.19665,0.1988,0.19395,0.19815
1643169600000,0.19815,0.2014,0.19675,0.1975
1643184000000,0.1975,0.2013,0.1974,0.2001
1643198400000,0.2001,0.20505,0.1995,0.20105
1643212800000,0.20105,0.2082,0.1977,0.2002
1643227200000,0.2002,0.2002,0.1912,0.1963
1643241600000,0.1963,0.1981,0.18865,0.19085
1643256000000,0.19085,0.19545,0.19015,0.194
1643270400000,0.194,0.19635,0.19145,0.1963
1643284800000,0.1963,0.2014,0.19545,0.1981
1643299200000,0.1981,0.1991,0.19085,0.19275
1643313600000,0.19275,0.1946,0.1871,0.19395
1643328000000,0.19395,0.1964,0.19095,0.1949
1643342400000,0.1949,0.19685,0.19185,0.1921
1643356800000,0.1921,0.19385,0.1901,0.1917
1643371200000,0.1917,0.19655,0.1888,0.19585
1643385600000,0.19585,0.1989,0.193,0.19565
1643400000000,0.19565,0.19945,0.195,0.1987
1643414400000,0.1987,0.2007,0.19745,0.19915
1643428800000,0.19915,0.20155,0.19805,0.2015
1643443200000,0.2015,0.20395,0.20135,0.20165
1643457600000,0.20165,0.20445,0.19795,0.1991
1643472000000,0.1991,0.20125,0.1981,0.2003
1643486400000,0.2003,0.20435,0.1997,0.2029
1643500800000,0.2029,0.20485,0.2013,0.20385
1643515200000,0.20385,0.2064,0.20365,0.20515
1643529600000,0.20515,0.2057,0.20145,0.20225
1643544000000,0.20225,0.20285,0.19855,0.1994
1643558400000,0.1994,0.2002,0.1952,0.1958
1643572800000,0.1958,0.1973,0.1926,0.19505
1643587200000,0.19505,0.19555,0.18935,0.19215
1643601600000,0.19215,0.19335,0.19065,0.19295
1643616000000,0.19295,0.1977,0.19205,0.19695
1643630400000,0.19695,0.19945,0.19295,0.198
1643644800000,0.198,0.20065,0.1966,0.1968
1643659200000,0.1968,0.20065,0.19645,0.19955
1643673600000,0.19955,0.2033,0.19885,0.20295
1643688000000,0.20295,0.2052,0.2019,0.20245
1643702400000,0.20245,0.20595,0.20005,0.2029
1643716800000,0.2029,0.2046,0.2006,0.2037
1643731200000,0.2037,0.2058,0.2016,0.2019
1643745600000,0.2019,0.2056,0.20055,0.20195
1643760000000,0.20195,0.20465,0.20135,0.2035
1643774400000,0.2035,0.2035,0.19955,0.2001
1643788800000,0.2001,0.20395,0.1996,0.2033
1643803200000,0.2033,0.2059,0.19705,0.19905
1643817600000,0.19905,0.1993,0.1955,0.19855
1643832000000,0.19855,0.19855,0.18975,0.19305
1643846400000,0.19305,0.19355,0.19025,0.1917
1643860800000,0.1917,0.1945,0.1913,0.1945
1643875200000,0.1945,0.1947,0.18865,0.1931
1643889600000,0.1931,0.19395,0.1896,0.19315
1643904000000,0.19315,0.19465,0.1887,0.18985
1643918400000,0.18985,0.19525,0.18895,0.1948
1643932800000,0.1948,0.19515,0.1934,0.19415
1643947200000,0.19415,0.19855,0.1938,0.19755
1643961600000,0.19755,0.2003,0.19755,0.1987
1643976000000,0.1987,0.2037,0.19475,0.20115
1643990400000,0.20115,0.2052,0.2009,0.2049
1644004800000,0.2049,0.2099,0.2049,0.2087
1644019200000,0.2087,0.21305,0.2078,0.21305
1644033600000,0.21305,0.21595,0.2117,0.21255
1644048000000,0.21255,0.21455,0.2125,0.21365
1644062400000,0.21365,0.2162,0.21275,0.2156
1644076800000,0.2156,0.216,0.2082,0.21125
1644091200000,0.21125,0.21425,0.2096,0.21305
1644105600000,0.21305,0.2217,0.21295,0.2207
1644120000000,0.2207,0.2219,0.21745,0.2192
1644134400000,0.2192,0.2224,0.21755,0.21815
1644148800000,0.21815,0.2214,0.2127,0.21575
1644163200000,0.21575,0.21875,0.21485,0.2181
1644177600000,0.2181,0.22465,0.2168,0.22355
1644192000000,0.22355,0.2305,0.21885,0.2288
1644206400000,0.2288,0.2328,0.2265,0.22965
1644220800000,0.22965,0.23795,0.22945,0.23555
1644235200000,0.23555,0.23595,0.2309,0.23425
1644249600000,0.23425,0.2381,0.23305,0.23565
1644264000000,0.23565,0.2417,0.23375,0.23925
1644278400000,0.23925,0.25135,0.2365,0.2507
1644292800000,0.2507,0.25675,0.24705,0.24955
1644307200000,0.24955,0.2498,0.23625,0.2423
1644321600000,0.2423,0.24235,0.2337,0.2377
1644336000000,0.2377,0.2391,0.2327,0.23515
1644350400000,0.23515,0.24495,0.23435,0.2419
1644364800000,0.2419,0.2437,0.2344,0.23705
1644379200000,0.23705,0.2397,0.234,0.23905
1644393600000,0.23905,0.2395,0.2342,0.23785
1644408000000,0.23785,0.2436,0.2374,0.2412
1644422400000,0.2412,0.24315,0.23885,0.2411
1644436800000,0.2411,0.24305,0.23745,0.23835
1644451200000,0.23835,0.2407,0.2347,0.235
1644465600000,0.235,0.2385,0.2349,0.2385
1644480000000,0.2385,0.2425,0.2379,0.24095
1644494400000,0.24095,0.2416,0.2281,0.2351
1644508800000,0.2351,0.238,0.23115,0.23145
1644523200000,0.23145,0.23615,0.22985,0.2313
1644537600000,0.2313,0.2313,0.22475,0.22985
1644552000000,0.22985,0.23035,0.227,0.2295
1644566400000,0.2295,0.2299,0.22595,0.2281
1644580800000,0.2281,0.231,0.22735,0.2297
1644595200000,0.2297,0.2299,0.2203,0.2211
1644609600000,0.2211,0.22165,0.21275,0.2153
1644624000000,0.2153,0.219,0.2129,0.2163
1644638400000,0.2163,0.21755,0.21105,0.21495
1644652800000,0.21495,0.2169,0.21195,0.21645
1644667200000,0.21645,0.2191,0.21185,0.21845
1644681600000,0.21845,0.22415,0.2183,0.21955
1644696000000,0.21955,0.22065,0.21505,0.21765
1644710400000,0.21765,0.22,0.21515,0.21605
1644724800000,0.21605,0.2193,0.2145,0.218
1644739200000,0.218,0.22165,0.2176,0.22075
1644753600000,0.22075,0.2215,0.2179,0.2182
1644768000000,0.2182,0.2182,0.2111,0.2112
1644782400000,0.2112,0.21365,0.21015,0.21015
1644796800000,0.21015,0.21125,0.20465,0.2074
1644811200000,0.2074,0.2113,0.20685,0.21075
1644825600000,0.21075,0.2117,0.20735,0.2085
1644840000000,0.2085,0.21375,0.2071,0.21145
1644854400000,0.21145,0.2133,0.20585,0.2074
1644868800000,0.2074,0.21165,0.20605,0.2107
1644883200000,0.2107,0.21545,0.2093,0.2141
1644897600000,0.2141,0.21575,0.21245,0.2154
1644912000000,0.2154,0.2193,0.21535,0.2182
1644926400000,0.2182,0.219,0.21635,0.218
1644940800000,0.218,0.21835,0.2162,0.21635
1644955200000,0.21635,0.222,0.21605,0.2206
1644969600000,0.2206,0.2214,0.2165,0.218
1644984000000,0.218,0.2185,0.2152,0.2185
1644998400000,0.2185,0.22075,0.2167,0.21955
1645012800000,0.21955,0.22065,0.21325,0.2154
1645027200000,0.2154,0.22115,0.2137,0.2205
1645041600000,0.2205,0.2215,0.2183,0.2185
1645056000000,0.2185,0.22615,0.21815,0.2222
1645070400000,0.2222,0.22335,0.21895,0.22335
1645084800000,0.22335,0.2234,0.2168,0.21815
1645099200000,0.21815,0.219,0.2099,0.21215
1645113600000,0.21215,0.21285,0.2033,0.20655
1645128000000,0.20655,0.20655,0.20065,0.20205
1645142400000,0.20205,0.2047,0.2002,0.20455
1645156800000,0.20455,0.2069,0.2038,0.20605
1645171200000,0.20605,0.2084,0.20255,0.20285
1645185600000,0.20285,0.2046,0.1984,0.1987
1645200000000,0.1987,0.1999,0.1952,0.1993
1645214400000,0.1993,0.20145,0.19735,0.20055
1645228800000,0.20055,0.20545,0.2002,0.20305
1645243200000,0.20305,0.2051,0.2027,0.2045
1645257600000,0.2045,0.2046,0.19715,0.198
1645272000000,0.198,0.20845,0.1963,0.20785
1645286400000,0.20785,0.211,0.20115,0.2019
1645300800000,0.2019,0.2047,0.2004,0.20405
1645315200000,0.20405,0.2058,0.19785,0.1996
1645329600000,0.1996,0.20255,0.1958,0.19905
1645344000000,0.19905,0.1993,0.19585,0.1986
1645358400000,0.1986,0.2008,0.19345,0.19625
1645372800000,0.19625,0.1972,0.1944,0.19535
1645387200000,0.19535,0.19785,0.1929,0.1943
1645401600000,0.1943,0.19925,0.1923,0.1978
1645416000000,0.1978,0.2007,0.1967,0.19965
1645430400000,0.19965,0.2004,0.1884,0.19035
1645444800000,0.19035,0.1954,0.18725,0.1925
1645459200000,0.1925,0.19485,0.18655,0.19005
1645473600000,0.19005,0.1912,0.1755,0.17775
1645488000000,0.17775,0.1801,0.1723,0.1743
1645502400000,0.1743,0.1781,0.1734,0.17625
1645516800000,0.17625,0.1839,0.1759,0.1825
1645531200000,0.1825,0.18675,0.1814,0.18455
1645545600000,0.18455,0.18475,0.18025,0.1839
1645560000000,0.1839,0.1868,0.1809,0.1855
1645574400000,0.1855,0.1876,0.1831,0.18425
1645588800000,0.18425,0.18825,0.18395,0.1882
1645603200000,0.1882,0.19365,0.1882,0.1914
1645617600000,0.1914,0.19355,0.18855,0.189
1645632000000,0.189,0.19235,0.1857,0.18605
1645646400000,0.18605,0.1864,0.1812,0.18155
1645660800000,0.18155,0.18215,0.16255,0.1638
1645675200000,0.1638,0.16885,0.1615,0.1666
1645689600000,0.1666,0.1693,0.16375,0.168
1645704000000,0.168,0.17335,0.16405,0.17295
1645718400000,0.17295,0.1797,0.169,0.17965
1645732800000,0.17965,0.18605,0.17885,0.1822
1645747200000,0.1822,0.1851,0.18115,0.18375
1645761600000,0.18375,0.1838,0.1794,0.18205
1645776000000,0.18205,0.1825,0.1778,0.1822
1645790400000,0.1822,0.1882,0.1822,0.1866
1645804800000,0.1866,0.18795,0.1821,0.18565
1645819200000,0.18565,0.1921,0.1844,0.19065
1645833600000,0.19065,0.2032,0.1902,0.1948
1645848000000,0.1948,0.19575,0.1902,0.1934
1645862400000,0.1934,0.19425,0.1895,0.1928
1645876800000,0.1928,0.1952,0.19165,0.19405
1645891200000,0.19405,0.1944,0.1899,0.1931
1645905600000,0.1931,0.1963,0.19105,0.1928
1645920000000,0.1928,0.1928,0.1839,0.1861
1645934400000,0.1861,0.1896,0.185,0.18815
1645948800000,0.18815,0.19255,0.18725,0.19205
1645963200000,0.19205,0.194,0.186,0.1913
1645977600000,0.1913,0.1913,0.1804,0.18075
1645992000000,0.18075,0.1834,0.17825,0.18095
1646006400000,0.18095,0.1821,0.1772,0.17915
1646020800000,0.17915,0.18305,0.1772,0.18225
1646035200000,0.18225,0.18375,0.18085,0.18235
1646049600000,0.18235,0.1895,0.18045,0.1891
1646064000000,0.1891,0.1921,0.1884,0.1904
1646078400000,0.1904,0.19805,0.1904,0.1975
1646092800000,0.1975,0.2009,0.19495,0.19575
1646107200000,0.19575,0.19805,0.1943,0.1968
1646121600000,0.1968,0.1982,0.1925,0.1961
1646136000000,0.1961,0.2027,0.1954,0.19745
1646150400000,0.19745,0.20165,0.19565,0.19715
1646164800000,0.19715,0.19925,0.1957,0.19875
1646179200000,0.19875,0.1991,0.1938,0.19845
1646193600000,0.19845,0.19925,0.1933,0.1941
1646208000000,0.1941,0.1976,0.1924,0.1962
1646222400000,0.1962,0.19805,0.1915,0.1933
1646236800000,0.1933,0.1946,0.19115,0.1929
1646251200000,0.1929,0.1951,0.19255,0.1934
1646265600000,0.1934,0.19495,0.1894,0.19085
1646280000000,0.19085,0.19415,0.1907,0.1925
1646294400000,0.1925,0.1934,0.19015,0.1922
1646308800000,0.1922,0.1946,0.18545,0.18775
1646323200000,0.18775,0.18785,0.1846,0.18625
1646337600000,0.18625,0.18945,0.18495,0.1879
1646352000000,0.1879,0.1886,0.17935,0.18175
1646366400000,0.18175,0.18315,0.1803,0.1828
1646380800000,0.1828,0.1852,0.1801,0.18415
1646395200000,0.18415,0.1848,0.1799,0.1806
1646409600000,0.1806,0.1819,0.177,0.17735
1646424000000,0.17735,0.1781,0.1734,0.1759
1646438400000,0.1759,0.1759,0.1713,0.17545
1646452800000,0.17545,0.17625,0.17385,0.17575
1646467200000,0.17575,0.17705,0.17475,0.17605
1646481600000,0.17605,0.18015,0.17605,0.179
1646496000000,0.179,0.18055,0.17765,0.17925
1646510400000,0.17925,0.18025,0.1773,0.1802
1646524800000,0.1802,0.1814,0.17745,0.1778
1646539200000,0.1778,0.17835,0.17485,0.1775
1646553600000,0.1775,0.17755,0.1739,0.17585
1646568000000,0.17585,0.1795,0.17465,0.17515
1646582400000,0.17515,0.17685,0.17265,0.1733
1646596800000,0.1733,0.1771,0.17185,0.1725
1646611200000,0.1725,0.1729,0.1689,0.16935
1646625600000,0.16935,0.1741,0.16905,0.171
1646640000000,0.171,0.17505,0.1702,0.1749
1646654400000,0.1749,0.17845,0.1749,0.1767
1646668800000,0.1767,0.17735,0.16705,0.16755
1646683200000,0.16755,0.1722,0.1664,0.1697
1646697600000,0.1697,0.17315,0.1683,0.17265
1646712000000,0.17265,0.1732,0.16895,0.17065
1646726400000,0.17065,0.1737,0.1703,0.17275
1646740800000,0.17275,0.1741,0.1679,0.16995
1646755200000,0.16995,0.1731,0.16805,0.17075
1646769600000,0.17075,0.1731,0.16875,0.173
1646784000000,0.173,0.17845,0.17215,0.1774
1646798400000,0.1774,0.1798,0.1774,0.1796
1646812800000,0.1796,0.1815,0.1788,0.1799
1646827200000,0.1799,0.18775,0.1777,0.1868
1646841600000,0.1868,0.1891,0.18465,0.18735
1646856000000,0.18735,0.19015,0.18635,0.1887
1646870400000,0.1887,0.1916,0.18645,0.1874
1646884800000,0.1874,0.1878,0.17525,0.17805
1646899200000,0.17805,0.1782,0.17445,0.1767
1646913600000,0.1767,0.17935,0.1727,0.1773
1646928000000,0.1773,0.18045,0.17625,0.18045
1646942400000,0.18045,0.1818,0.17825,0.1785
1646956800000,0.1785,0.17865,0.1725,0.17455
1646971200000,0.17455,0.1777,0.17275,0.17665
1646985600000,0.17665,0.1799,0.1742,0.1793
1647000000000,0.1793,0.181,0.1737,0.175
1647014400000,0.175,0.1752,0.17315,0.1741
1647028800000,0.1741,0.1855,0.17385,0.1835
1647043200000,0.1835,0.19,0.1832,0.1856
1647057600000,0.1856,0.18845,0.18475,0.1854
1647072000000,0.1854,0.18545,0.18275,0.1834
1647086400000,0.1834,0.18555,0.1821,0.18465
1647100800000,0.18465,0.185,0.1825,0.1828
1647115200000,0.1828,0.1868,0.1825,0.18505
1647129600000,0.18505,0.18895,0.1837,0.1886
1647144000000,0.1886,0.189,0.18555,0.18595
1647158400000,0.18595,0.18835,0.1853,0.1872
1647172800000,0.1872,0.1874,0.1823,0.18395
1647187200000,0.18395,0.1866,0.1829,0.1847
1647201600000,0.1847,0.1847,0.17565,0.1763
1647216000000,0.1763,0.1772,0.17345,0.17705
1647230400000,0.17705,0.18025,0.1765,0.1795
1647244800000,0.1795,0.18095,0.1782,0.1782
1647259200000,0.1782,0.1789,0.17645,0.1781
1647273600000,0.1781,0.17825,0.17485,0.17685
1647288000000,0.17685,0.18065,0.17585,0.18
1647302400000,0.18,0.1806,0.17605,0.17725
1647316800000,0.17725,0.17965,0.176,0.1771
1647331200000,0.1771,0.1801,0.1757,0.1797
1647345600000,0.1797,0.18135,0.1773,0.1797
1647360000000,0.1797,0.1837,0.1794,0.18215
1647374400000,0.18215,0.1829,0.18045,0.18265
1647388800000,0.18265,0.1877,0.1814,0.182
1647403200000,0.182,0.18295,0.1806,0.1828
1647417600000,0.1828,0.18525,0.1828,0.1841
1647432000000,0.1841,0.18495,0.18235,0.18345
1647446400000,0.18345,0.1868,0.18095,0.1865
1647460800000,0.1865,0.1897,0.1864,0.1893
1647475200000,0.1893,0.1906,0.18695,0.18705
1647489600000,0.18705,0.18855,0.18515,0.18635
1647504000000,0.18635,0.18805,0.1861,0.1866
1647518400000,0.1866,0.1902,0.18645,0.1899
1647532800000,0.1899,0.19085,0.1885,0.1906
1647547200000,0.1906,0.1914,0.18915,0.1896
1647561600000,0.1896,0.1898,0.1858,0.1876
1647576000000,0.1876,0.19005,0.18735,0.18755
1647590400000,0.18755,0.18845,0.1851,0.18595
1647604800000,0.18595,0.1905,0.1855,0.1894
1647619200000,0.1894,0.19345,0.1893,0.19275
1647633600000,0.19275,0.1936,0.1915,0.1926
1647648000000,0.1926,0.194,0.18995,0.19185
1647662400000,0.19185,0.19545,0.1916,0.1936
1647676800000,0.1936,0.19595,0.1935,0.1955
1647691200000,0.1955,0.19695,0.19315,0.19665
1647705600000,0.19665,0.19955,0.19575,0.19865
1647720000000,0.19865,0.20065,0.19505,0.20035
1647734400000,0.20035,0.2018,0.19715,0.2003
1647748800000,0.2003,0.20205,0.19825,0.1987
1647763200000,0.1987,0.1993,0.19535,0.19565
1647777600000,0.19565,0.19595,0.19275,0.19285
1647792000000,0.19285,0.1959,0.19165,0.19535
1647806400000,0.19535,0.19835,0.1934,0.1971
1647820800000,0.1971,0.19885,0.1923,0.1955
1647835200000,0.1955,0.1977,0.1951,0.1974
1647849600000,0.1974,0.1987,0.1963,0.1977
1647864000000,0.1977,0.19945,0.19585,0.19745
1647878400000,0.19745,0.2033,0.1963,0.20295
1647892800000,0.20295,0.204,0.20005,0.2036
1647907200000,0.2036,0.20635,0.2014,0.20525
1647921600000,0.20525,0.2083,0.20405,0.20685
1647936000000,0.20685,0.2078,0.20555,0.20755
1647950400000,0.20755,0.21005,0.2057,0.20685
1647964800000,0.20685,0.21295,0.2068,0.20835
1647979200000,0.20835,0.2091,0.2062,0.2068
1647993600000,0.2068,0.20935,0.2057,0.2067
1648008000000,0.2067,0.20805,0.20425,0.20545
1648022400000,0.20545,0.2069,0.20445,0.20655
1648036800000,0.20655,0.21145,0.20635,0.2108
1648051200000,0.2108,0.21115,0.2056,0.2068
1648065600000,0.2068,0.2098,0.20675,0.20935
1648080000000,0.20935,0.21025,0.20635,0.20705
1648094400000,0.20705,0.21125,0.20705,0.2112
1648108800000,0.2112,0.2127,0.20975,0.2111
1648123200000,0.2111,0.215,0.2081,0.21395
1648137600000,0.21395,0.2157,0.2123,0.21475
1648152000000,0.21475,0.2166,0.21395,0.2148
1648166400000,0.2148,0.2156,0.2132,0.21365
1648180800000,0.21365,0.21605,0.21275,0.2132
1648195200000,0.2132,0.2207,0.21095,0.21785
1648209600000,0.21785,0.21895,0.2138,0.2146
1648224000000,0.2146,0.2173,0.2101,0.21365
1648238400000,0.21365,0.2146,0.2106,0.21095
1648252800000,0.21095,0.21225,0.2088,0.21025
1648267200000,0.21025,0.2123,0.20915,0.21195
1648281600000,0.21195,0.2139,0.21195,0.2129
1648296000000,0.2129,0.2135,0.21035,0.21285
1648310400000,0.21285,0.21405,0.2116,0.21315
1648324800000,0.21315,0.2155,0.2129,0.21545
1648339200000,0.21545,0.21825,0.21485,0.21695
1648353600000,0.21695,0.2198,0.2157,0.21955
1648368000000,0.21955,0.2204,0.2172,0.21785
1648382400000,0.21785,0.2239,0.2142,0.22215
1648396800000,0.22215,0.2234,0.2195,0.2232
1648411200000,0.2232,0.23105,0.2219,0.22965
1648425600000,0.22965,0.23325,0.22815,0.2331
1648440000000,0.2331,0.23545,0.23135,0.2338
1648454400000,0.2338,0.23505,0.2309,0.23375
1648468800000,0.23375,0.23795,0.2327,0.23365
1648483200000,0.23365,0.24265,0.2315,0.238
1648497600000,0.238,0.23995,0.22765,0.2294
1648512000000,0.2294,0.2354,0.2287,0.23305
1648526400000,0.23305,0.2384,0.23295,0.23455
1648540800000,0.23455,0.23915,0.2343,0.2386
1648555200000,0.2386,0.23975,0.2325,0.23365
1648569600000,0.23365,0.23405,0.2292,0.23335
1648584000000,0.23335,0.23385,0.2271,0.23305
1648598400000,0.23305,0.23305,0.22605,0.2309
1648612800000,0.2309,0.23395,0.2288,0.2334
1648627200000,0.2334,0.2359,0.232,0.23495
1648641600000,0.23495,0.23605,0.23155,0.23495
1648656000000,0.23495,0.2375,0.23345,0.23495
1648670400000,0.23495,0.237,0.23315,0.2347
1648684800000,0.2347,0.23775,0.2336,0.2356
1648699200000,0.2356,0.2385,0.2352,0.2382
1648713600000,0.2382,0.24105,0.23725,0.2394
1648728000000,0.2394,0.2412,0.22795,0.2327
1648742400000,0.2327,0.23585,0.22795,0.23435
1648756800000,0.23435,0.2359,0.22595,0.2284
1648771200000,0.2284,0.23025,0.22085,0.2237
1648785600000,0.2237,0.22605,0.2225,0.2256
1648800000000,0.2256,0.22715,0.2241,0.22495
1648814400000,0.22495,0.23255,0.223,0.2312
1648828800000,0.2312,0.23175,0.2288,0.23155
1648843200000,0.23155,0.23275,0.2296,0.2324
1648857600000,0.2324,0.23555,0.23125,0.23555
1648872000000,0.23555,0.2364,0.2341,0.23495
1648886400000,0.23495,0.23655,0.23365,0.23475
1648900800000,0.23475,0.23735,0.23015,0.23385
1648915200000,0.23385,0.23615,0.23015,0.23445
1648929600000,0.23445,0.23625,0.2325,0.23315
1648944000000,0.23315,0.2355,0.2302,0.2329
1648958400000,0.2329,0.23375,0.2321,0.23285
1648972800000,0.23285,0.2339,0.23135,0.23235
1648987200000,0.23235,0.23445,0.2318,0.2336
1649001600000,0.2336,0.235,0.2321,0.2335
1649016000000,0.2335,0.2383,0.2335,0.237
1649030400000,0.237,0.2371,0.23235,0.2337
1649044800000,0.2337,0.2365,0.23335,0.2352
1649059200000,0.2352,0.23525,0.2315,0.2344
1649073600000,0.2344,0.23465,0.2286,0.2293
1649088000000,0.2293,0.23125,0.22585,0.22975
1649102400000,0.22975,0.2332,0.22885,0.23175
1649116800000,0.23175,0.2338,0.2301,0.23145
1649131200000,0.23145,0.23275,0.2295,0.23105
1649145600000,0.23105,0.23165,0.2295,0.23035
1649160000000,0.23035,0.23285,0.22665,0.2273
1649174400000,0.2273,0.2298,0.22635,0.228
1649188800000,0.228,0.2285,0.2241,0.22475
1649203200000,0.22475,0.22535,0.2162,0.2196
1649217600000,0.2196,0.22265,0.2187,0.2211
1649232000000,0.2211,0.22125,0.21435,0.21495
1649246400000,0.21495,0.2159,0.20695,0.20885
1649260800000,0.20885,0.21005,0.20475,0.2082
1649275200000,0.2082,0.20915,0.202,0.2031
1649289600000,0.2031,0.20505,0.20005,0.20365
1649304000000,0.20365,0.211,0.2036,0.211
1649318400000,0.211,0.2133,0.2082,0.2133
1649332800000,0.2133,0.21425,0.20825,0.21015
1649347200000,0.21015,0.2125,0.2099,0.21035
1649361600000,0.21035,0.2145,0.2101,0.21265
1649376000000,0.21265,0.21315,0.20925,0.2115
1649390400000,0.2115,0.21215,0.209,0.211
1649404800000,0.211,0.21345,0.2066,0.2071
1649419200000,0.2071,0.2116,0.20585,0.20965
1649433600000,0.20965,0.2106,0.2046,0.20545
1649448000000,0.20545,0.20595,0.19985,0.20195
1649462400000,0.20195,0.2037,0.20025,0.20255
1649476800000,0.20255,0.2042,0.20195,0.2038
1649491200000,0.2038,0.20555,0.2032,0.2053
1649505600000,0.2053,0.20605,0.2015,0.20185
1649520000000,0.20185,0.2049,0.20185,0.2041
1649534400000,0.2041,0.2051,0.2029,0.2048
1649548800000,0.2048,0.2061,0.20435,0.2055
1649563200000,0.2055,0.20565,0.2034,0.20375
1649577600000,0.20375,0.2049,0.20315,0.20465
1649592000000,0.20465,0.2056,0.20345,0.2054
1649606400000,0.2054,0.2075,0.20475,0.207
1649620800000,0.207,0.2076,0.1997,0.20015
1649635200000,0.20015,0.20105,0.1957,0.19655
1649649600000,0.19655,0.19805,0.19595,0.1977
1649664000000,0.1977,0.19795,0.18815,0.1889
1649678400000,0.1889,0.1908,0.1874,0.18935
1649692800000,0.18935,0.1925,0.1887,0.19
1649707200000,0.19,0.19045,0.1853,0.18635
1649721600000,0.18635,0.18925,0.1857,0.18695
1649736000000,0.18695,0.19055,0.18695,0.1904
1649750400000,0.1904,0.1931,0.1899,0.1926
1649764800000,0.1926,0.19375,0.18945,0.19065
1649779200000,0.19065,0.1918,0.18755,0.1877
1649793600000,0.1877,0.19345,0.1877,0.19245
1649808000000,0.19245,0.1937,0.19055,0.19275
1649822400000,0.19275,0.19345,0.19135,0.1925
1649836800000,0.1925,0.1942,0.19095,0.19225
1649851200000,0.19225,0.197,0.19125,0.1954
1649865600000,0.1954,0.1963,0.19315,0.1938
1649880000000,0.1938,0.19645,0.19365,0.1962
1649894400000,0.1962,0.1994,0.19575,0.1979
1649908800000,0.1979,0.1993,0.19665,0.19745
1649923200000,0.19745,0.1984,0.19475,0.19525
1649937600000,0.19525,0.19725,0.1928,0.1929
1649952000000,0.1929,0.19445,0.1914,0.19275
1649966400000,0.19275,0.1943,0.1917,0.1939
1649980800000,0.1939,0.21095,0.19255,0.20975
1649995200000,0.20975,0.21205,0.20165,0.2034
1650009600000,0.2034,0.2061,0.20265,0.2051
1650024000000,0.2051,0.20535,0.2001,0.20305
1650038400000,0.20305,0.20425,0.2023,0.20265
1650052800000,0.20265,0.2049,0.2023,0.2042
1650067200000,0.2042,0.20765,0.20315,0.2046
1650081600000,0.2046,0.2055,0.2041,0.20455
1650096000000,0.20455,0.20685,0.204,0.206
1650110400000,0.206,0.20775,0.20245,0.2027
1650124800000,0.2027,0.2035,0.20185,0.2026
1650139200000,0.2026,0.20655,0.2023,0.20525
1650153600000,0.20525,0.20685,0.20445,0.20445
1650168000000,0.20445,0.2051,0.203,0.2037
1650182400000,0.2037,0.20535,0.2032,0.205
1650196800000,0.205,0.2064,0.2038,0.20395
1650211200000,0.20395,0.20415,0.2005,0.20285
1650225600000,0.20285,0.20345,0.1961,0.19645
1650240000000,0.19645,0.1981,0.19445,0.1979
1650254400000,0.1979,0.1985,0.1895,0.19205
1650268800000,0.19205,0.1942,0.19035,0.1934
1650283200000,0.1934,0.19665,0.1934,0.1946
1650297600000,0.1946,0.20435,0.1929,0.2026
1650312000000,0.2026,0.20625,0.20245,0.20505
1650326400000,0.20505,0.20585,0.20285,0.204
1650340800000,0.204,0.20465,0.2012,0.2013
1650355200000,0.2013,0.2046,0.19995,0.20275
1650369600000,0.20275,0.20525,0.20185,0.20275
1650384000000,0.20275,0.2041,0.20175,0.2037
1650398400000,0.2037,0.2049,0.2027,0.2038
1650412800000,0.2038,0.20435,0.20135,0.2023
1650427200000,0.2023,0.20435,0.202,0.20325
1650441600000,0.20325,0.2077,0.2029,0.20565
1650456000000,0.20565,0.2061,0.20025,0.20145
1650470400000,0.20145,0.2023,0.19935,0.2004
1650484800000,0.2004,0.2023,0.19985,0.2002
1650499200000,0.2002,0.2028,0.20015,0.2014
1650513600000,0.2014,0.2025,0.199,0.202
1650528000000,0.202,0.2035,0.19985,0.20225
1650542400000,0.20225,0.20425,0.202,0.2031
1650556800000,0.2031,0.20375,0.19855,0.1991
1650571200000,0.1991,0.19945,0.19335,0.1963
1650585600000,0.1963,0.19785,0.19455,0.19635
1650600000000,0.19635,0.19825,0.19565,0.1976
1650614400000,0.1976,0.1979,0.1947,0.19715
1650628800000,0.19715,0.1978,0.1939,0.19425
1650643200000,0.19425,0.19675,0.194,0.1949
1650657600000,0.1949,0.1965,0.1943,0.1953
1650672000000,0.1953,0.1975,0.1922,0.1927
1650686400000,0.1927,0.1937,0.1905,0.19345
1650700800000,0.19345,0.19435,0.19265,0.1941
1650715200000,0.1941,0.19515,0.1932,0.19475
1650729600000,0.19475,0.19565,0.193,0.19335
1650744000000,0.19335,0.1942,0.1911,0.19115
1650758400000,0.19115,0.19385,0.19085,0.1923
1650772800000,0.1923,0.19275,0.19145,0.19185
1650787200000,0.19185,0.19265,0.1907,0.19105
1650801600000,0.19105,0.1924,0.18935,0.1924
1650816000000,0.1924,0.19255,0.18885,0.19095
1650830400000,0.19095,0.1917,0.1893,0.1895
1650844800000,0.1895,0.19,0.18475,0.1868
1650859200000,0.1868,0.1868,0.18045,0.1808
1650873600000,0.1808,0.18375,0.17865,0.18375
1650888000000,0.18375,0.18525,0.18155,0.18485
1650902400000,0.18485,0.18955,0.18475,0.189
1650916800000,0.189,0.1932,0.18865,0.192
1650931200000,0.192,0.19255,0.18945,0.1899
1650945600000,0.1899,0.1917,0.18955,0.1908
1650960000000,0.1908,0.19155,0.18955,0.18965
1650974400000,0.18965,0.18985,0.1816,0.18185
1650988800000,0.18185,0.1833,0.1792,0.1814
1651003200000,0.1814,0.18305,0.17745,0.1803
1651017600000,0.1803,0.184,0.1794,0.1825
1651032000000,0.1825,0.18555,0.1821,0.1855
1651046400000,0.1855,0.18635,0.1813,0.18385
1651060800000,0.18385,0.18665,0.18275,0.18395
1651075200000,0.18395,0.18595,0.1825,0.18335
1651089600000,0.18335,0.18485,0.18305,0.18415
1651104000000,0.18415,0.1874,0.18375,0.18595
1651118400000,0.18595,0.1886,0.18535,0.18645
1651132800000,0.18645,0.1884,0.1856,0.18595
1651147200000,0.18595,0.18735,0.1825,0.1848
1651161600000,0.1848,0.18635,0.18255,0.18545
1651176000000,0.18545,0.18645,0.1844,0.1858
1651190400000,0.1858,0.187,0.18335,0.18345
1651204800000,0.18345,0.18795,0.1827,0.1863
1651219200000,0.1863,0.18635,0.18015,0.18075
1651233600000,0.18075,0.18355,0.18045,0.18275
1651248000000,0.18275,0.18275,0.1759,0.17665
1651262400000,0.17665,0.1787,0.17635,0.1777
1651276800000,0.1777,0.1803,0.17705,0.1795
1651291200000,0.1795,0.18135,0.1788,0.1802
1651305600000,0.1802,0.1813,0.1786,0.1805
1651320000000,0.1805,0.1812,0.1764,0.17865
1651334400000,0.17865,0.17885,0.17525,0.17755
1651348800000,0.17755,0.1778,0.1664,0.1687
1651363200000,0.1687,0.17215,0.168,0.1719
1651377600000,0.1719,0.17525,0.1716,0.1729
1651392000000,0.1729,0.1743,0.17065,0.17075
1651406400000,0.17075,0.17535,0.17065,0.17465
1651420800000,0.17465,0.1765,0.1719,0.17255
1651435200000,0.17255,0.1768,0.1713,0.17545
1651449600000,0.17545,0.1773,0.17485,0.1753
1651464000000,0.1753,0.1777,0.1747,0.17575
1651478400000,0.17575,0.17725,0.1726,0.17295
1651492800000,0.17295,0.1762,0.1722,0.17435
1651507200000,0.17435,0.1745,0.1702,0.17305
1651521600000,0.17305,0.1751,0.17155,0.17335
1651536000000,0.17335,0.17495,0.1722,0.1744
1651550400000,0.1744,0.1763,0.17405,0.17585
1651564800000,0.17585,0.177,0.17495,0.1769
1651579200000,0.1769,0.17725,0.17335,0.17405
1651593600000,0.17405,0.1742,0.1694,0.1706
1651608000000,0.1706,0.17255,0.1696,0.1718
1651622400000,0.1718,0.17545,0.1714,0.1736
1651636800000,0.1736,0.17495,0.17185,0.17475
1651651200000,0.17475,0.1766,0.1745,0.1764
1651665600000,0.1764,0.17675,0.1736,0.1748
1651680000000,0.1748,0.1848,0.17415,0.1834
1651694400000,0.1834,0.18485,0.18275,0.1847
1651708800000,0.1847,0.1875,0.18465,0.18645
1651723200000,0.18645,0.18695,0.18455,0.18475
1651737600000,0.18475,0.18495,0.18275,0.1832
1651752000000,0.1832,0.1857,0.1702,0.17215
1651766400000,0.17215,0.173,0.16675,0.1701
1651780800000,0.1701,0.17175,0.16845,0.17095
1651795200000,0.17095,0.17115,0.1678,0.1702
1651809600000,0.1702,0.17105,0.1657,0.16815
1651824000000,0.16815,0.1717,0.166,0.16765
1651838400000,0.16765,0.16985,0.16445,0.16765
1651852800000,0.16765,0.1703,0.1673,0.1698
1651867200000,0.1698,0.17285,0.1693,0.1713
1651881600000,0.1713,0.1734,0.16695,0.1673
1651896000000,0.1673,0.16865,0.16625,0.16775
1651910400000,0.16775,0.17135,0.16765,0.1696
1651924800000,0.1696,0.1717,0.169,0.17055
1651939200000,0.17055,0.17185,0.16935,0.17055
1651953600000,0.17055,0.17075,0.1645,0.1672
1651968000000,0.1672,0.16795,0.16265,0.16515
1651982400000,0.16515,0.1668,0.16355,0.16565
1651996800000,0.16565,0.1677,0.1652,0.16675
1652011200000,0.16675,0.16715,0.1632,0.16415
1652025600000,0.16415,0.1658,0.15955,0.16385
1652040000000,0.16385,0.16415,0.16075,0.16155
1652054400000,0.16155,0.16495,0.1582,0.1596
1652068800000,0.1596,0.16115,0.1566,0.1572
1652083200000,0.1572,0.1579,0.1508,0.15405
1652097600000,0.15405,0.1571,0.15035,0.1524
1652112000000,0.1524,0.1537,0.13965,0.1441
1652126400000,0.1441,0.1502,0.1388,0.1404
1652140800000,0.1404,0.1479,0.1358,0.1447
1652155200000,0.1447,0.15605,0.1439,0.1511
1652169600000,0.1511,0.15425,0.1493,0.1528
1652184000000,0.1528,0.15615,0.14655,0.1498
1652198400000,0.1498,0.1526,0.1473,0.1496
1652212800000,0.1496,0.1496,0.1428,0.1483
1652227200000,0.1483,0.15015,0.1434,0.14655
1652241600000,0.14655,0.14935,0.13735,0.1407
1652256000000,0.1407,0.151,0.13925,0.1429
1652270400000,0.1429,0.1446,0.1227,0.1329
1652284800000,0.1329,0.13395,0.1229,0.1246
1652299200000,0.1246,0.1285,0.11635,0.12625
1652313600000,0.12625,0.1308,0.11635,0.11655
1652328000000,0.11655,0.11765,0.10405,0.1163
1652342400000,0.1163,0.1206,0.1117,0.11775
1652356800000,0.11775,0.12395,0.11545,0.12165
1652371200000,0.12165,0.128,0.1211,0.1243
1652385600000,0.1243,0.12475,0.1183,0.12055
1652400000000,0.12055,0.13475,0.11975,0.13345
1652414400000,0.13345,0.1397,0.1319,0.1322
1652428800000,0.1322,0.13895,0.1322,0.1385
1652443200000,0.1385,0.13975,0.13415,0.1348
1652457600000,0.1348,0.1361,0.13175,0.1325
1652472000000,0.1325,0.13565,0.13065,0.13205
1652486400000,0.13205,0.1405,0.13205,0.13895
1652500800000,0.13895,0.139,0.13445,0.13475
1652515200000,0.13475,0.13605,0.1296,0.1319
1652529600000,0.1319,0.13275,0.1279,0.1282
1652544000000,0.1282,0.1365,0.1272,0.13415
1652558400000,0.13415,0.1388,0.1341,0.1383
1652572800000,0.1383,0.13875,0.1341,0.13615
1652587200000,0.13615,0.1386,0.1351,0.13615
1652601600000,0.13615,0.1397,0.1344,0.13955
1652616000000,0.13955,0.14065,0.1364,0.13785
1652630400000,0.13785,0.1402,0.13615,0.1399
1652644800000,0.1399,0.1452,0.13955,0.145
1652659200000,0.145,0.1451,0.14055,0.1411
1652673600000,0.1411,0.14235,0.13415,0.1361
1652688000000,0.1361,0.13955,0.1344,0.1383
1652702400000,0.1383,0.1403,0.13355,0.13505
1652716800000,0.13505,0.13995,0.13355,0.13625
1652731200000,0.13625,0.1384,0.1342,0.1363
1652745600000,0.1363,0.13995,0.13475,0.1397
1652760000000,0.1397,0.14165,0.13875,0.13895
1652774400000,0.13895,0.14095,0.13865,0.13905
1652788800000,0.13905,0.1415,0.13605,0.1371
1652803200000,0.1371,0.13825,0.13345,0.13685
1652817600000,0.13685,0.1421,0.1363,0.14155
1652832000000,0.14155,0.14305,0.137,0.1374
1652846400000,0.1374,0.13865,0.13635,0.1381
1652860800000,0.1381,0.1386,0.13645,0.13765
1652875200000,0.13765,0.13805,0.12985,0.1301
1652889600000,0.1301,0.1339,0.1294,0.1335
1652904000000,0.1335,0.13375,0.1272,0.1276
1652918400000,0.1276,0.12915,0.12285,0.12725
1652932800000,0.12725,0.1292,0.1263,0.12735
1652947200000,0.12735,0.1295,0.1252,0.12915
1652961600000,0.12915,0.1337,0.128,0.13215
1652976000000,0.13215,0.13275,0.1293,0.1293
1652990400000,0.1293,0.13105,0.1277,0.1305
1653004800000,0.1305,0.1335,0.1298,0.131
1653019200000,0.131,0.1329,0.13015,0.13225
1653033600000,0.13225,0.1342,0.13125,0.1334
1653048000000,0.1334,0.13395,0.12585,0.126
1653062400000,0.126,0.1273,0.1243,0.1272
1653076800000,0.1272,0.12825,0.12595,0.12625
1653091200000,0.12625,0.1276,0.12345,0.12745
1653105600000,0.12745,0.1279,0.12515,0.1276
1653120000000,0.1276,0.1284,0.12645,0.1273
1653134400000,0.1273,0.13035,0.1267,0.1297
1653148800000,0.1297,0.1311,0.12905,0.12955
1653163200000,0.12955,0.13125,0.1282,0.13045
1653177600000,0.13045,0.1332,0.13045,0.1314
1653192000000,0.1314,0.1331,0.1299,0.133
1653206400000,0.133,0.13595,0.13275,0.13475
1653220800000,0.13475,0.1361,0.13375,0.1346
1653235200000,0.1346,0.13485,0.13295,0.13295
1653249600000,0.13295,0.1366,0.13285,0.1353
1653264000000,0.1353,0.1371,0.1336,0.1354
1653278400000,0.1354,0.13795,0.1351,0.13695
1653292800000,0.13695,0.1383,0.1359,0.1375
1653307200000,0.1375,0.138,0.13375,0.13595
1653321600000,0.13595,0.13705,0.13015,0.1303
1653336000000,0.1303,0.1329,0.12785,0.12855
1653350400000,0.12855,0.1303,0.12775,0.13
1653364800000,0.13,0.13085,0.1291,0.13035
1653379200000,0.13035,0.13035,0.1273,0.12925
1653393600000,0.12925,0.13015,0.124,0.12875
1653408000000,0.12875,0.1307,0.127,0.1299
1653422400000,0.1299,0.1333,0.129,0.13295
1653436800000,0.13295,0.1344,0.13155,0.1333
1653451200000,0.1333,0.1334,0.1301,0.1308
1653465600000,0.1308,0.1316,0.12825,0.12835
1653480000000,0.12835,0.13155,0.1282,0.1301
1653494400000,0.1301,0.1314,0.1289,0.1307
1653508800000,0.1307,0.13345,0.1306,0.1322
1653523200000,0.1322,0.13375,0.13155,0.13245
1653537600000,0.13245,0.13255,0.12745,0.12825
1653552000000,0.12825,0.12825,0.12255,0.12345
1653566400000,0.12345,0.12695,0.1205,0.1264
1653580800000,0.1264,0.12775,0.12435,0.1244
1653595200000,0.1244,0.1264,0.12375,0.1242
1653609600000,0.1242,0.12495,0.1192,0.1225
1653624000000,0.1225,0.1231,0.11865,0.1215
1653638400000,0.1215,0.12325,0.12055,0.12195
1653652800000,0.12195,0.1245,0.12115,0.1226
1653667200000,0.1226,0.12305,0.1184,0.12115
1653681600000,0.12115,0.1223,0.11905,0.12015
1653696000000,0.12015,0.1226,0.1194,0.1212
1653710400000,0.1212,0.12285,0.1202,0.12075
1653724800000,0.12075,0.12285,0.1207,0.12205
1653739200000,0.12205,0.1236,0.12145,0.123
1653753600000,0.123,0.12325,0.12115,0.1228
1653768000000,0.1228,0.1234,0.12125,0.1226
1653782400000,0.1226,0.1239,0.12155,0.12315
1653796800000,0.12315,0.1239,0.12275,0.1236
1653811200000,0.1236,0.12525,0.1228,0.12515
1653825600000,0.12515,0.1284,0.12485,0.1264
1653840000000,0.1264,0.12885,0.1264,0.1286
1653854400000,0.1286,0.13125,0.12835,0.1309
1653868800000,0.1309,0.13755,0.1308,0.13445
1653883200000,0.13445,0.1416,0.13445,0.14075
1653897600000,0.14075,0.1409,0.13795,0.1388
1653912000000,0.1388,0.1402,0.1368,0.13805
1653926400000,0.13805,0.1396,0.1373,0.13785
1653940800000,0.13785,0.14375,0.13765,0.14355
1653955200000,0.14355,0.14495,0.141,0.1441
1653969600000,0.1441,0.154,0.14255,0.14865
1653984000000,0.14865,0.1514,0.147,0.1492
1653998400000,0.1492,0.1496,0.1429,0.1476
1654012800000,0.1476,0.1488,0.14555,0.14795
1654027200000,0.14795,0.15185,0.14795,0.1506
1654041600000,0.1506,0.15075,0.14565,0.14675
1654056000000,0.14675,0.14755,0.14395,0.145
1654070400000,0.145,0.1477,0.1447,0.1455
1654084800000,0.1455,0.1474,0.14095,0.141
1654099200000,0.141,0.141,0.1373,0.13805
1654113600000,0.13805,0.13805,0.13305,0.13695
1654128000000,0.13695,0.13785,0.1348,0.13615
1654142400000,0.13615,0.13995,0.1355,0.1388
1654156800000,0.1388,0.14125,0.1384,0.14125
1654171200000,0.14125,0.14125,0.1371,0.1396
1654185600000,0.1396,0.1418,0.13885,0.1412
1654200000000,0.1412,0.1439,0.1403,0.14295
1654214400000,0.14295,0.14765,0.1429,0.14765
1654228800000,0.14765,0.1509,0.147,0.1484
1654243200000,0.1484,0.14945,0.14135,0.14295
1654257600000,0.14295,0.1451,0.14005,0.14035
1654272000000,0.14035,0.14405,0.1394,0.1432
1654286400000,0.1432,0.1477,0.14255,0.14605
1654300800000,0.14605,0.14735,0.14155,0.1428
1654315200000,0.1428,0.145,0.1423,0.14445
1654329600000,0.14445,0.14485,0.1427,0.1439
1654344000000,0.1439,0.1439,0.1404,0.14205
1654358400000,0.14205,0.14395,0.14055,0.1425
1654372800000,0.1425,0.14545,0.1424,0.14345
1654387200000,0.14345,0.14385,0.14095,0.1422
1654401600000,0.1422,0.14435,0.14135,0.1429
1654416000000,0.1429,0.14505,0.14285,0.1448
1654430400000,0.1448,0.14635,0.14355,0.1461
1654444800000,0.1461,0.14755,0.14405,0.1445
1654459200000,0.1445,0.1454,0.14325,0.1433
1654473600000,0.1433,0.14845,0.14275,0.14795
1654488000000,0.14795,0.1498,0.14625,0.1488
1654502400000,0.1488,0.1505,0.1469,0.14735
1654516800000,0.14735,0.1481,0.14455,0.1457
1654531200000,0.1457,0.1457,0.1419,0.14405
1654545600000,0.14405,0.14575,0.14285,0.14495
1654560000000,0.14495,0.145,0.13425,0.13645
1654574400000,0.13645,0.13765,0.1354,0.1376
1654588800000,0.1376,0.1388,0.13675,0.13705
1654603200000,0.13705,0.13895,0.1355,0.13785
1654617600000,0.13785,0.14245,0.13745,0.1419
1654632000000,0.1419,0.14535,0.13855,0.14015
1654646400000,0.14015,0.1429,0.13635,0.1368
1654660800000,0.1368,0.13895,0.13595,0.1388
1654675200000,0.1388,0.1423,0.1382,0.14145
1654689600000,0.14145,0.14315,0.1407,0.14235
1654704000000,0.14235,0.1438,0.13845,0.13905
1654718400000,0.13905,0.14105,0.1387,0.1399
1654732800000,0.1399,0.14015,0.1382,0.1399
1654747200000,0.1399,0.141,0.1395,0.14095
1654761600000,0.14095,0.1424,0.14025,0.14085
1654776000000,0.14085,0.1412,0.13885,0.1407
1654790400000,0.1407,0.14105,0.13875,0.1389
1654804800000,0.1389,0.14005,0.1382,0.1398
1654819200000,0.1398,0.1408,0.13675,0.1398
1654833600000,0.1398,0.14115,0.1395,0.13965
1654848000000,0.13965,0.14025,0.1376,0.13855
1654862400000,0.13855,0.13935,0.1327,0.135
1654876800000,0.135,0.13555,0.1315,0.13325
1654891200000,0.13325,0.1356,0.13185,0.1329
1654905600000,0.1329,0.13395,0.1323,0.1339
1654920000000,0.1339,0.1355,0.13365,0.13465
1654934400000,0.13465,0.1348,0.1293,0.1296
1654948800000,0.1296,0.1303,0.12235,0.12315
1654963200000,0.12315,0.1267,0.1229,0.12595
1654977600000,0.12595,0.1273,0.124,0.1252
1654992000000,0.1252,0.12675,0.1181,0.1199
1655006400000,0.1199,0.12135,0.11735,0.1212
1655020800000,0.1212,0.12235,0.1191,0.1205
1655035200000,0.1205,0.12635,0.11785,0.12535
1655049600000,0.12535,0.1257,0.1223,0.12305
1655064000000,0.12305,0.12385,0.1183,0.1184
1655078400000,0.1184,0.11905,0.1102,0.11175
1655092800000,0.11175,0.11395,0.1078,0.10885
1655107200000,0.10885,0.10945,0.1032,0.10495
1655121600000,0.10495,0.10975,0.1044,0.1084
1655136000000,0.1084,0.1118,0.10745,0.10985
1655150400000,0.10985,0.114,0.10445,0.1068
1655164800000,0.1068,0.1087,0.10005,0.1084
1655179200000,0.1084,0.113,0.10525,0.112
1655193600000,0.112,0.1124,0.1074,0.10945
1655208000000,0.10945,0.1152,0.10735,0.1137
1655222400000,0.1137,0.114,0.1102,0.11215
1655236800000,0.11215,0.1138,0.10935,0.11275
1655251200000,0.11275,0.11455,0.1097,0.11005
1655265600000,0.11005,0.11005,0.1055,0.1073
1655280000000,0.1073,0.1107,0.1037,0.1098
1655294400000,0.1098,0.1133,0.10895,0.11005
1655308800000,0.11005,0.117,0.10575,0.1141
1655323200000,0.1141,0.1221,0.1139,0.12105
1655337600000,0.12105,0.12295,0.11855,0.1186
1655352000000,0.1186,0.12065,0.1137,0.1148
1655366400000,0.1148,0.1148,0.10835,0.1095
1655380800000,0.1095,0.1129,0.1083,0.111
1655395200000,0.111,0.1132,0.10955,0.10955
1655409600000,0.10955,0.11225,0.1066,0.10915
1655424000000,0.10915,0.1129,0.1069,0.11055
1655438400000,0.11055,0.11645,0.1104,0.11355
1655452800000,0.11355,0.1149,0.11215,0.1124
1655467200000,0.1124,0.11305,0.11025,0.1123
1655481600000,0.1123,0.1132,0.1106,0.112
1655496000000,0.112,0.11395,0.11145,0.1118
1655510400000,0.1118,0.1134,0.1097,0.1111
1655524800000,0.1111,0.11165,0.10405,0.1051
1655539200000,0.1051,0.1079,0.1032,0.10625
1655553600000,0.10625,0.1075,0.10575,0.1059
1655568000000,0.1059,0.107,0.1016,0.102
1655582400000,0.102,0.1096,0.1,0.10765
1655596800000,0.10765,0.11035,0.1051,0.10595
1655611200000,0.10595,0.1099,0.10425,0.10885
1655625600000,0.10885,0.1135,0.10805,0.1117
1655640000000,0.1117,0.1137,0.1102,0.11325
1655654400000,0.11325,0.1161,0.1108,0.11295
1655668800000,0.11295,0.11645,0.11295,0.1147
1655683200000,0.1147,0.11555,0.11045,0.1119
1655697600000,0.1119,0.1128,0.11,0.11165
1655712000000,0.11165,0.1173,0.11115,0.1168
1655726400000,0.1168,0.11785,0.1141,0.11605
1655740800000,0.11605,0.1162,0.1126,0.11375
1655755200000,0.11375,0.11475,0.1112,0.11305
1655769600000,0.11305,0.1142,0.11145,0.11375
1655784000000,0.11375,0.1162,0.1131,0.1142
1655798400000,0.1142,0.1181,0.1141,0.115
1655812800000,0.115,0.11925,0.11485,0.11655
1655827200000,0.11655,0.118,0.11385,0.1139
1655841600000,0.1139,0.1159,0.11285,0.11445
1655856000000,0.11445,0.1156,0.1121,0.11245
1655870400000,0.11245,0.11395,0.11035,0.1105
1655884800000,0.1105,0.11345,0.10905,0.11285
1655899200000,0.11285,0.11485,0.1108,0.1122
1655913600000,0.1122,0.1139,0.11125,0.1133
1655928000000,0.1133,0.11525,0.11215,0.11275
1655942400000,0.11275,0.11585,0.1125,0.11465
1655956800000,0.11465,0.1176,0.11445,0.1155
1655971200000,0.1155,0.1186,0.11545,0.11805
1655985600000,0.11805,0.119,0.11575,0.1158
1656000000000,0.1158,0.11695,0.11385,0.11685
1656014400000,0.11685,0.1183,0.1159,0.11795
1656028800000,0.11795,0.1261,0.11795,0.12355
1656043200000,0.12355,0.12575,0.1231,0.1247
1656057600000,0.1247,0.13035,0.1247,0.1268
1656072000000,0.1268,0.12785,0.12465,0.12555
1656086400000,0.12555,0.1276,0.1246,0.12715
1656100800000,0.12715,0.129,0.1265,0.12755
1656115200000,0.12755,0.13005,0.1267,0.1292
1656129600000,0.1292,0.1298,0.1276,0.12905
1656144000000,0.12905,0.1298,0.1279,0.12805
1656158400000,0.12805,0.1285,0.12255,0.12275
1656172800000,0.12275,0.12555,0.12255,0.125
1656187200000,0.125,0.1277,0.1248,0.12695
1656201600000,0.12695,0.1273,0.12495,0.1261
1656216000000,0.1261,0.12755,0.12555,0.12695
1656230400000,0.12695,0.12745,0.1253,0.12735
1656244800000,0.12735,0.1282,0.123,0.12425
1656259200000,0.12425,0.1256,0.12185,0.12275
1656273600000,0.12275,0.12455,0.1193,0.1201
1656288000000,0.1201,0.1227,0.1195,0.12215
1656302400000,0.12215,0.12305,0.12085,0.12265
1656316800000,0.12265,0.1241,0.12265,0.1228
1656331200000,0.1228,0.12315,0.118,0.11855
1656345600000,0.11855,0.1192,0.11615,0.11765
1656360000000,0.11765,0.1204,0.11765,0.11895
1656374400000,0.11895,0.12,0.1144,0.11635
1656388800000,0.11635,0.11885,0.116,0.1181
1656403200000,0.1181,0.1206,0.1181,0.1197
1656417600000,0.1197,0.1211,0.11615,0.11625
1656432000000,0.11625,0.1172,0.11475,0.1156
1656446400000,0.1156,0.1166,0.11345,0.11425
1656460800000,0.11425,0.1155,0.1134,0.1141
1656475200000,0.1141,0.11475,0.1113,0.1123
1656489600000,0.1123,0.113,0.1099,0.11085
1656504000000,0.11085,0.11145,0.1086,0.10905
1656518400000,0.10905,0.11115,0.107,0.11095
1656532800000,0.11095,0.1127,0.10885,0.10995
1656547200000,0.10995,0.10995,0.10675,0.10815
1656561600000,0.10815,0.1086,0.10465,0.1059
1656576000000,0.1059,0.1059,0.1029,0.1048
1656590400000,0.1048,0.1074,0.1037,0.1067
1656604800000,0.1067,0.1093,0.1063,0.1083
1656619200000,0.1083,0.11235,0.10605,0.11215
1656633600000,0.11215,0.1152,0.11,0.1101
1656648000000,0.1101,0.11155,0.10845,0.1106
1656662400000,0.1106,0.1111,0.1076,0.1091
1656676800000,0.1091,0.11075,0.1083,0.10965
1656691200000,0.10965,0.1111,0.1094,0.11105
1656705600000,0.11105,0.11215,0.10875,0.10985
1656720000000,0.10985,0.11095,0.1053,0.10635
1656734400000,0.10635,0.10815,0.10615,0.10675
1656748800000,0.10675,0.10845,0.1055,0.1077
1656763200000,0.1077,0.1089,0.1069,0.1076
1656777600000,0.1076,0.10945,0.10715,0.10865
1656792000000,0.10865,0.10915,0.1081,0.1085
1656806400000,0.1085,0.1089,0.10675,0.108
1656820800000,0.108,0.10915,0.1058,0.10745
1656835200000,0.10745,0.10785,0.10595,0.107
1656849600000,0.107,0.1078,0.1058,0.10695
1656864000000,0.10695,0.11065,0.1069,0.11065
1656878400000,0.11065,0.11105,0.1082,0.109
1656892800000,0.109,0.1093,0.1062,0.1069
1656907200000,0.1069,0.108,0.1065,0.10705
1656921600000,0.10705,0.1105,0.10675,0.11015
1656936000000,0.11015,0.1109,0.10835,0.10895
1656950400000,0.10895,0.11015,0.1087,0.10965
1656964800000,0.10965,0.1113,0.10915,0.11105
1656979200000,0.11105,0.1115,0.1091,0.11065
1656993600000,0.11065,0.1114,0.1098,0.10995
1657008000000,0.10995,0.10995,0.1065,0.1068
1657022400000,0.1068,0.10705,0.10435,0.1068
1657036800000,0.1068,0.1089,0.106,0.10855
1657051200000,0.10855,0.1096,0.10755,0.1079
1657065600000,0.1079,0.1098,0.10645,0.1073
1657080000000,0.1073,0.10875,0.10695,0.1084
1657094400000,0.1084,0.1096,0.10785,0.10915
1657108800000,0.10915,0.1093,0.10785,0.10815
1657123200000,0.10815,0.10955,0.1078,0.1091
1657137600000,0.1091,0.1103,0.10865,0.1093
1657152000000,0.1093,0.11055,0.1091,0.1094
1657166400000,0.1094,0.1099,0.10895,0.1098
1657180800000,0.1098,0.11065,0.1096,0.11005
1657195200000,0.11005,0.1129,0.11,0.11175
1657209600000,0.11175,0.11545,0.1115,0.115
1657224000000,0.115,0.11505,0.11285,0.11375
1657238400000,0.11375,0.11775,0.1132,0.11765
1657252800000,0.11765,0.1182,0.1148,0.11605
1657267200000,0.11605,0.1168,0.1133,0.11365
1657281600000,0.11365,0.11435,0.1117,0.11315
1657296000000,0.11315,0.1148,0.11245,0.1144
1657310400000,0.1144,0.1155,0.1128,0.11305
1657324800000,0.11305,0.11475,0.1118,0.1125
1657339200000,0.1125,0.11385,0.1121,0.11345
1657353600000,0.11345,0.1149,0.11305,0.1134
1657368000000,0.1134,0.1138,0.11265,0.11325
1657382400000,0.11325,0.11505,0.11325,0.1134
1657396800000,0.1134,0.11435,0.11235,0.11245
1657411200000,0.11245,0.1128,0.11065,0.1114
1657425600000,0.1114,0.11235,0.1105,0.11215
1657440000000,0.11215,0.11235,0.11035,0.1111
1657454400000,0.1111,0.11135,0.1061,0.1071
1657468800000,0.1071,0.10725,0.10555,0.10675
1657483200000,0.10675,0.10875,0.10635,0.1074
1657497600000,0.1074,0.1074,0.1048,0.10595
1657512000000,0.10595,0.106,0.1039,0.1056
1657526400000,0.1056,0.10665,0.1046,0.10635
1657540800000,0.10635,0.1079,0.105,0.10525
1657555200000,0.10525,0.1063,0.1047,0.1051
1657569600000,0.1051,0.1052,0.1007,0.10115
1657584000000,0.10115,0.103,0.10045,0.1026
1657598400000,0.1026,0.10345,0.1015,0.1019
1657612800000,0.1019,0.10265,0.10055,0.1022
1657627200000,0.1022,0.1027,0.10145,0.1019
1657641600000,0.1019,0.1028,0.1001,0.10075
1657656000000,0.10075,0.1017,0.1001,0.10025
1657670400000,0.10025,0.10325,0.0989,0.10315
1657684800000,0.10315,0.10325,0.10185,0.1032
1657699200000,0.1032,0.10385,0.10245,0.10305
1657713600000,0.10305,0.10425,0.0988,0.10135
1657728000000,0.10135,0.1041,0.10095,0.10395
1657742400000,0.10395,0.10565,0.1032,0.1053
1657756800000,0.1053,0.10595,0.10395,0.10465
1657771200000,0.10465,0.105,0.103,0.10315
1657785600000,0.10315,0.1036,0.10185,0.1023
1657800000000,0.1023,0.1046,0.10175,0.10415
1657814400000,0.10415,0.1068,0.10345,0.10565
1657828800000,0.10565,0.1072,0.1052,0.1071
1657843200000,0.1071,0.10855,0.10525,0.10705
1657857600000,0.10705,0.10765,0.1058,0.1073
1657872000000,0.1073,0.10815,0.10635,0.10645
1657886400000,0.10645,0.1077,0.106,0.106
1657900800000,0.106,0.10805,0.10525,0.1079
1657915200000,0.1079,0.10845,0.10655,0.10725
1657929600000,0.10725,0.10745,0.1052,0.1066
1657944000000,0.1066,0.1079,0.10555,0.10575
1657958400000,0.10575,0.1072,0.10575,0.1066
1657972800000,0.1066,0.108,0.1066,0.1078
1657987200000,0.1078,0.1102,0.1078,0.1085
1658001600000,0.1085,0.1097,0.1075,0.1094
1658016000000,0.1094,0.11015,0.10795,0.1096
1658030400000,0.1096,0.1112,0.1096,0.11075
1658044800000,0.11075,0.1111,0.10855,0.1093
1658059200000,0.1093,0.1096,0.10745,0.10775
1658073600000,0.10775,0.10845,0.10585,0.10785
1658088000000,0.10785,0.1079,0.1061,0.1065
1658102400000,0.1065,0.1098,0.10635,0.1095
1658116800000,0.1095,0.11335,0.1092,0.1123
1658131200000,0.1123,0.11615,0.11195,0.1137
1658145600000,0.1137,0.11525,0.1125,0.1148
1658160000000,0.1148,0.11485,0.1103,0.1111
1658174400000,0.1111,0.1147,0.11075,0.1143
1658188800000,0.1143,0.1155,0.11105,0.1118
1658203200000,0.1118,0.11385,0.1108,0.11315
1658217600000,0.11315,0.116,0.113,0.1152
1658232000000,0.1152,0.11785,0.1152,0.11695
1658246400000,0.11695,0.119,0.1168,0.1175
1658260800000,0.1175,0.11995,0.1172,0.11845
1658275200000,0.11845,0.1205,0.11765,0.11985
1658289600000,0.11985,0.12085,0.11845,0.1187
1658304000000,0.1187,0.11945,0.11645,0.1183
1658318400000,0.1183,0.1197,0.117,0.11965
1658332800000,0.11965,0.11985,0.11525,0.11535
1658347200000,0.11535,0.1159,0.11065,0.1119
1658361600000,0.1119,0.11345,0.1092,0.11
1658376000000,0.11,0.1124,0.10925,0.1117
1658390400000,0.1117,0.1124,0.11,0.11065
1658404800000,0.11065,0.1121,0.11,0.1115
1658419200000,0.1115,0.11365,0.1113,0.1135
1658433600000,0.1135,0.11395,0.11245,0.11335
1658448000000,0.11335,0.11425,0.11265,0.11315
1658462400000,0.11315,0.11485,0.11265,0.11385
1658476800000,0.11385,0.11565,0.1137,0.1156
1658491200000,0.1156,0.1159,0.11235,0.11255
1658505600000,0.11255,0.1136,0.1106,0.1108
1658520000000,0.1108,0.11225,0.1103,0.112
1658534400000,0.112,0.11265,0.111,0.11195
1658548800000,0.11195,0.1136,0.1119,0.1125
1658563200000,0.1125,0.1133,0.11005,0.11005
1658577600000,0.11005,0.11165,0.10965,0.11125
1658592000000,0.11125,0.1116,0.10895,0.11015
1658606400000,0.11015,0.1119,0.11,0.1114
1658620800000,0.1114,0.1135,0.1114,0.1123
1658635200000,0.1123,0.11415,0.1119,0.1137
1658649600000,0.1137,0.11455,0.11295,0.1138
1658664000000,0.1138,0.11445,0.1124,0.11415
1658678400000,0.11415,0.1148,0.11335,0.1134
1658692800000,0.1134,0.11545,0.11285,0.11325
1658707200000,0.11325,0.11385,0.1092,0.10955
1658721600000,0.10955,0.111,0.1089,0.1106
1658736000000,0.1106,0.11095,0.1096,0.10995
1658750400000,0.10995,0.11005,0.10815,0.1093
1658764800000,0.1093,0.1098,0.10635,0.1076
1658779200000,0.1076,0.10875,0.1053,0.10545
1658793600000,0.10545,0.10555,0.1035,0.1052
1658808000000,0.1052,0.10575,0.1039,0.10455
1658822400000,0.10455,0.10505,0.1033,0.1042
1658836800000,0.1042,0.1043,0.1021,0.10235
1658851200000,0.10235,0.10415,0.1022,0.10315
1658865600000,0.10315,0.1056,0.1029,0.1055
1658880000000,0.1055,0.10565,0.1033,0.1035
1658894400000,0.1035,0.1067,0.1035,0.1059
1658908800000,0.1059,0.1062,0.1047,0.10475
1658923200000,0.10475,0.1071,0.10455,0.1067
1658937600000,0.1067,0.1106,0.1053,0.10975
1658952000000,0.10975,0.11285,0.10955,0.1126
1658966400000,0.1126,0.11325,0.1108,0.11205
1658980800000,0.11205,0.11255,0.1108,0.11085
1658995200000,0.11085,0.11275,0.1107,0.1126
1659009600000,0.1126,0.1153,0.1095,0.1148
1659024000000,0.1148,0.1172,0.11455,0.11555
1659038400000,0.11555,0.11815,0.11555,0.11665
1659052800000,0.11665,0.11825,0.1157,0.11815
1659067200000,0.11815,0.1193,0.1162,0.11675
1659081600000,0.11675,0.1185,0.11535,0.1159
1659096000000,0.1159,0.1181,0.1142,0.1171
1659110400000,0.1171,0.11725,0.11485,0.11675
1659124800000,0.11675,0.11965,0.11645,0.11755
1659139200000,0.11755,0.11905,0.1166,0.1174
1659153600000,0.1174,0.1184,0.116,0.11785
1659168000000,0.11785,0.11955,0.11725,0.11855
1659182400000,0.11855,0.12425,0.11805,0.1236
1659196800000,0.1236,0.12525,0.12115,0.12145
1659211200000,0.12145,0.1225,0.11885,0.11955
1659225600000,0.11955,0.1207,0.11885,0.11965
1659240000000,0.11965,0.1207,0.11855,0.1195
1659254400000,0.1195,0.1201,0.11725,0.1198
1659268800000,0.1198,0.121,0.1191,0.1205
1659283200000,0.1205,0.12285,0.1187,0.121
1659297600000,0.121,0.12165,0.11665,0.1176
1659312000000,0.1176,0.11985,0.11725,0.11965
1659326400000,0.11965,0.1204,0.1181,0.11925
1659340800000,0.11925,0.11935,0.11685,0.1187
1659355200000,0.1187,0.12025,0.1167,0.1193
1659369600000,0.1193,0.1197,0.11675,0.11775
1659384000000,0.11775,0.1191,0.1172,0.11825
1659398400000,0.11825,0.12065,0.11455,0.11465
1659412800000,0.11465,0.11565,0.11365,0.1152
1659427200000,0.1152,0.1154,0.1134,0.11475
1659441600000,0.11475,0.11655,0.1136,0.11595
1659456000000,0.11595,0.11825,0.1154,0.1155
1659470400000,0.1155,0.11645,0.1148,0.11505
1659484800000,0.11505,0.1155,0.1129,0.1143
1659499200000,0.1143,0.1155,0.1137,0.11505
1659513600000,0.11505,0.11675,0.11505,0.1166
1659528000000,0.1166,0.1173,0.11595,0.1165
1659542400000,0.1165,0.11725,0.11585,0.11675
1659556800000,0.11675,0.11685,0.1135,0.11415
1659571200000,0.11415,0.11595,0.1139,0.1156
1659585600000,0.1156,0.11645,0.11455,0.1151
1659600000000,0.1151,0.1152,0.1137,0.1141
1659614400000,0.1141,0.11535,0.11325,0.11465
1659628800000,0.11465,0.11505,0.11305,0.11335
1659643200000,0.11335,0.11405,0.1123,0.11385
1659657600000,0.11385,0.11625,0.1136,0.11625
1659672000000,0.11625,0.11685,0.1157,0.1162
1659686400000,0.1162,0.11785,0.11535,0.11775
1659700800000,0.11775,0.1184,0.11575,0.11635
1659715200000,0.11635,0.1169,0.11545,0.11625
1659729600000,0.11625,0.1185,0.116,0.1185
1659744000000,0.1185,0.11895,0.11815,0.11835
1659758400000,0.11835,0.11985,0.11825,0.1196
1659772800000,0.1196,0.1208,0.1194,0.12005
1659787200000,0.12005,0.1212,0.11975,0.1211
1659801600000,0.1211,0.1218,0.12025,0.12155
1659816000000,0.12155,0.12305,0.12105,0.12175
1659830400000,0.12175,0.1219,0.1197,0.12115
1659844800000,0.12115,0.1237,0.1208,0.1236
1659859200000,0.1236,0.1245,0.123,0.12385
1659873600000,0.12385,0.12435,0.1225,0.12285
1659888000000,0.12285,0.12385,0.1227,0.1235
1659902400000,0.1235,0.12505,0.12265,0.1237
1659916800000,0.1237,0.12605,0.1234,0.12555
1659931200000,0.12555,0.12695,0.125,0.1265
1659945600000,0.1265,0.12945,0.1265,0.12945
1659960000000,0.12945,0.13555,0.128,0.1314
1659974400000,0.1314,0.13845,0.1314,0.13415
1659988800000,0.13415,0.1351,0.1295,0.13005
1660003200000,0.13005,0.13045,0.1271,0.1286
1660017600000,0.1286,0.1288,0.12645,0.12745
1660032000000,0.12745,0.12745,0.1231,0.1236
1660046400000,0.1236,0.125,0.12045,0.12185
1660060800000,0.12185,0.12295,0.1211,0.1224
1660075200000,0.1224,0.12335,0.12175,0.12195
1660089600000,0.12195,0.12275,0.1192,0.1197
1660104000000,0.1197,0.1211,0.1196,0.1207
1660118400000,0.1207,0.1219,0.12045,0.12155
1660132800000,0.12155,0.12585,0.12085,0.1252
1660147200000,0.1252,0.1259,0.12365,0.1241
1660161600000,0.1241,0.12595,0.1239,0.12585
1660176000000,0.12585,0.12705,0.125,0.1258
1660190400000,0.1258,0.12685,0.1251,0.1255
1660204800000,0.1255,0.12635,0.12525,0.1254
1660219200000,0.1254,0.12725,0.1246,0.12475
1660233600000,0.12475,0.12625,0.1243,0.1254
1660248000000,0.1254,0.1258,0.12435,0.1253
1660262400000,0.1253,0.1257,0.12375,0.12555
1660276800000,0.12555,0.1262,0.1248,0.12565
1660291200000,0.12565,0.12615,0.12315,0.12335
1660305600000,0.12335,0.12485,0.1232,0.12465
1660320000000,0.12465,0.12565,0.1238,0.1256
1660334400000,0.1256,0.1266,0.12505,0.1263
1660348800000,0.1263,0.12755,0.12575,0.12735
1660363200000,0.12735,0.1285,0.12665,0.1273
1660377600000,0.1273,0.1277,0.126,0.12665
1660392000000,0.12665,0.1274,0.12575,0.127
1660406400000,0.127,0.1273,0.12585,0.12585
1660420800000,0.12585,0.12725,0.12575,0.1267
1660435200000,0.1267,0.1285,0.12545,0.12745
1660449600000,0.12745,0.12915,0.1271,0.1281
1660464000000,0.1281,0.1296,0.12735,0.12845
1660478400000,0.12845,0.1286,0.1264,0.12735
1660492800000,0.12735,0.12765,0.12405,0.1254
1660507200000,0.1254,0.1259,0.12455,0.1254
1660521600000,0.1254,0.12845,0.12515,0.1274
1660536000000,0.1274,0.128,0.123,0.1236
1660550400000,0.1236,0.12375,0.12225,0.12255
1660564800000,0.12255,0.12365,0.12155,0.12355
1660579200000,0.12355,0.12415,0.12265,0.12295
1660593600000,0.12295,0.12375,0.1218,0.12335
1660608000000,0.12335,0.1242,0.12095,0.12275
1660622400000,0.12275,0.123,0.12095,0.1224
1660636800000,0.1224,0.1235,0.12205,0.123
1660651200000,0.123,0.12325,0.1211,0.122
1660665600000,0.122,0.1225,0.12085,0.12195
1660680000000,0.12195,0.12235,0.12095,0.12175
1660694400000,0.12175,0.12655,0.12165,0.12625
1660708800000,0.12625,0.12735,0.1239,0.124
1660723200000,0.124,0.1247,0.1228,0.12345
1660737600000,0.12345,0.1235,0.1195,0.1197
1660752000000,0.1197,0.1221,0.11925,0.1213
1660766400000,0.1213,0.12235,0.12025,0.1212
1660780800000,0.1212,0.12135,0.1198,0.12005
1660795200000,0.12005,0.12065,0.11945,0.1206
1660809600000,0.1206,0.1211,0.1199,0.1211
1660824000000,0.1211,0.12175,0.1197,0.12045
1660838400000,0.12045,0.12105,0.1194,0.1204
1660852800000,0.1204,0.12075,0.11535,0.1157
1660867200000,0.1157,0.11645,0.1121,0.1131
1660881600000,0.1131,0.11365,0.10815,0.1099
1660896000000,0.1099,0.1099,0.10655,0.1081
1660910400000,0.1081,0.1091,0.10725,0.1087
1660924800000,0.1087,0.11,0.10825,0.1095
1660939200000,0.1095,0.11025,0.1066,0.1081
1660953600000,0.1081,0.1094,0.10795,0.10925
1660968000000,0.10925,0.11035,0.10885,0.11015
1660982400000,0.11015,0.11035,0.10935,0.1102
1660996800000,0.1102,0.11025,0.10875,0.10915
1661011200000,0.10915,0.1097,0.10705,0.10765
1661025600000,0.10765,0.10975,0.1071,0.1091
1661040000000,0.1091,0.10985,0.10805,0.10815
1661054400000,0.10815,0.11025,0.1077,0.11005
1661068800000,0.11005,0.11155,0.1097,0.1105
1661083200000,0.1105,0.11075,0.10945,0.1101
1661097600000,0.1101,0.1117,0.1099,0.11115
1661112000000,0.11115,0.11215,0.10965,0.11085
1661126400000,0.11085,0.11105,0.10915,0.10915
1661140800000,0.10915,0.10955,0.1071,0.10725
1661155200000,0.10725,0.10865,0.106,0.10775
1661169600000,0.10775,0.10905,0.1069,0.1086
1661184000000,0.1086,0.1089,0.10685,0.1075
1661198400000,0.1075,0.1096,0.1075,0.10945
1661212800000,0.10945,0.1101,0.10895,0.10895
1661227200000,0.10895,0.1092,0.10715,0.10865
1661241600000,0.10865,0.1097,0.10825,0.1096
1661256000000,0.1096,0.1103,0.10885,0.1097
1661270400000,0.1097,0.111,0.10885,0.1106
1661284800000,0.1106,0.11125,0.10985,0.1106
1661299200000,0.1106,0.111,0.1082,0.1083
1661313600000,0.1083,0.1093,0.10815,0.10865
1661328000000,0.10865,0.10935,0.1086,0.10935
1661342400000,0.10935,0.1101,0.10895,0.11005
1661356800000,0.11005,0.1106,0.1097,0.11035
1661371200000,0.11035,0.1107,0.10895,0.10935
1661385600000,0.10935,0.1104,0.1091,0.1093
1661400000000,0.1093,0.11095,0.10915,0.1103
1661414400000,0.1103,0.1107,0.1096,0.11005
1661428800000,0.11005,0.1104,0.10875,0.10905
1661443200000,0.10905,0.11045,0.1089,0.11025
1661457600000,0.11025,0.11055,0.1098,0.1103
1661472000000,0.1103,0.11055,0.10925,0.11045
1661486400000,0.11045,0.1106,0.10895,0.1094
1661500800000,0.1094,0.1143,0.1094,0.1106
1661515200000,0.1106,0.11315,0.10625,0.1075
1661529600000,0.1075,0.10755,0.10485,0.10515
1661544000000,0.10515,0.10585,0.1024,0.10375
1661558400000,0.10375,0.1047,0.10335,0.1046
1661572800000,0.1046,0.10475,0.1022,0.10455
1661587200000,0.10455,0.10495,0.10395,0.1047
1661601600000,0.1047,0.1053,0.10365,0.10465
1661616000000,0.10465,0.1056,0.10385,0.1053
1661630400000,0.1053,0.1058,0.10465,0.1054
1661644800000,0.1054,0.10615,0.10485,0.10525
1661659200000,0.10525,0.10585,0.1048,0.10575
1661673600000,0.10575,0.106,0.1047,0.10535
1661688000000,0.10535,0.106,0.10445,0.10585
1661702400000,0.10585,0.10635,0.10515,0.10565
1661716800000,0.10565,0.1068,0.1018,0.10245
1661731200000,0.10245,0.10335,0.1009,0.10295
1661745600000,0.10295,0.10315,0.10185,0.1022
1661760000000,0.1022,0.1023,0.10115,0.10185
1661774400000,0.10185,0.105,0.10185,0.10415
1661788800000,0.10415,0.1055,0.1041,0.10445
1661803200000,0.10445,0.106,0.1044,0.10585
1661817600000,0.10585,0.10595,0.10475,0.10545
1661832000000,0.10545,0.1067,0.10505,0.1054
1661846400000,0.1054,0.10585,0.10455,0.10465
1661860800000,0.10465,0.105,0.10155,0.1021
1661875200000,0.1021,0.10315,0.10035,0.1025
1661889600000,0.1025,0.1031,0.10185,0.10215
1661904000000,0.10215,0.10465,0.10205,0.10435
1661918400000,0.10435,0.10505,0.10375,0.104
1661932800000,0.104,0.10525,0.10345,0.10515
1661947200000,0.10515,0.10555,0.10295,0.10455
1661961600000,0.10455,0.1049,0.1036,0.1045
1661976000000,0.1045,0.1052,0.1036,0.1042
1661990400000,0.1042,0.1053,0.10345,0.1039
1662004800000,0.1039,0.10535,0.10365,0.10375
1662019200000,0.10375,0.1044,0.1035,0.1041
1662033600000,0.1041,0.1044,0.1016,0.1025
1662048000000,0.1025,0.1039,0.10215,0.1039
1662062400000,0.1039,0.1051,0.10385,0.105
1662076800000,0.105,0.1057,0.104,0.1054
1662091200000,0.1054,0.10595,0.10485,0.10565
1662105600000,0.10565,0.1059,0.104,0.1042
1662120000000,0.1042,0.1062,0.1038,0.1061
1662134400000,0.1061,0.1062,0.10285,0.10325
1662148800000,0.10325,0.10455,0.1028,0.10445
1662163200000,0.10445,0.10525,0.10425,0.10475
1662177600000,0.10475,0.1057,0.10365,0.10425
1662192000000,0.10425,0.10475,0.10395,0.10415
1662206400000,0.10415,0.10465,0.10365,0.1043
1662220800000,0.1043,0.10475,0.10385,0.1044
1662235200000,0.1044,0.10525,0.1043,0.10525
1662249600000,0.10525,0.1065,0.1051,0.10605
1662264000000,0.10605,0.10885,0.10605,0.1065
1662278400000,0.1065,0.1066,0.10565,0.10625
1662292800000,0.10625,0.107,0.1047,0.1051
1662307200000,0.1051,0.1057,0.1048,0.10555
1662321600000,0.10555,0.10645,0.1052,0.10635
1662336000000,0.10635,0.1069,0.10545,0.10575
1662350400000,0.10575,0.1061,0.10395,0.1042
1662364800000,0.1042,0.1043,0.1033,0.10385
1662379200000,0.10385,0.1049,0.10365,0.1046
1662393600000,0.1046,0.10475,0.104,0.1041
1662408000000,0.1041,0.10525,0.1041,0.1049
1662422400000,0.1049,0.10745,0.1046,0.10555
1662436800000,0.10555,0.1073,0.10555,0.10685
1662451200000,0.10685,0.1069,0.1056,0.10655
1662465600000,0.10655,0.10685,0.10485,0.1058
1662480000000,0.1058,0.1059,0.1,0.10035
1662494400000,0.10035,0.1006,0.099,0.09965
1662508800000,0.09965,0.10005,0.09825,0.0992
1662523200000,0.0992,0.1,0.09875,0.0996
1662537600000,0.0996,0.09995,0.0993,0.09975
1662552000000,0.09975,0.1015,0.0994,0.1007
1662566400000,0.1007,0.10215,0.10055,0.1012
1662580800000,0.1012,0.10325,0.1012,0.10285
1662595200000,0.10285,0.1033,0.1015,0.1024
1662609600000,0.1024,0.1029,0.10075,0.10155
1662624000000,0.10155,0.1025,0.1013,0.10215
1662638400000,0.10215,0.10345,0.1006,0.10255
1662652800000,0.10255,0.104,0.10145,0.104
1662667200000,0.104,0.10455,0.1037,0.1043
1662681600000,0.1043,0.10615,0.1041,0.10615
1662696000000,0.10615,0.1081,0.10605,0.10755
1662710400000,0.10755,0.1097,0.10755,0.1094
1662724800000,0.1094,0.1109,0.1092,0.11045
1662739200000,0.11045,0.1121,0.10995,0.11185
1662753600000,0.11185,0.11455,0.1115,0.11435
1662768000000,0.11435,0.1149,0.11295,0.1133
1662782400000,0.1133,0.11605,0.1133,0.11415
1662796800000,0.11415,0.11555,0.11335,0.1139
1662811200000,0.1139,0.1143,0.11315,0.1136
1662825600000,0.1136,0.11535,0.11345,0.11475
1662840000000,0.11475,0.11585,0.1139,0.1146
1662854400000,0.1146,0.11645,0.11425,0.1144
1662868800000,0.1144,0.11475,0.1131,0.1144
1662883200000,0.1144,0.1154,0.11415,0.1152
1662897600000,0.1152,0.1154,0.11385,0.11415
1662912000000,0.11415,0.115,0.1133,0.11355
1662926400000,0.11355,0.1144,0.1127,0.1143
1662940800000,0.1143,0.1162,0.113,0.114
1662955200000,0.114,0.11555,0.11395,0.11525
1662969600000,0.11525,0.1164,0.11495,0.11545
1662984000000,0.11545,0.11605,0.11325,0.1135
1662998400000,0.1135,0.11435,0.11175,0.11415
1663012800000,0.11415,0.1145,0.1131,0.11375
1663027200000,0.11375,0.11395,0.1118,0.1128
1663041600000,0.1128,0.11375,0.11235,0.11355
1663056000000,0.11355,0.1139,0.1121,0.11335
1663070400000,0.11335,0.1137,0.10665,0.10745
1663084800000,0.10745,0.10765,0.10475,0.10595
1663099200000,0.10595,0.10625,0.10415,0.10455
1663113600000,0.10455,0.1053,0.104,0.10435
1663128000000,0.10435,0.105,0.1034,0.1042
1663142400000,0.1042,0.1047,0.1036,0.104
1663156800000,0.104,0.10515,0.1036,0.104
1663171200000,0.104,0.1046,0.1026,0.1044
1663185600000,0.1044,0.1056,0.10385,0.1051
1663200000000,0.1051,0.10515,0.1022,0.10305
1663214400000,0.10305,0.1059,0.1025,0.1052
1663228800000,0.1052,0.1053,0.103,0.10385
1663243200000,0.10385,0.10395,0.1013,0.10215
1663257600000,0.10215,0.1028,0.10185,0.1025
1663272000000,0.1025,0.1029,0.10175,0.102
1663286400000,0.102,0.1026,0.1013,0.10245
1663300800000,0.10245,0.10295,0.10225,0.1023
1663315200000,0.1023,0.1034,0.1016,0.10335
1663329600000,0.10335,0.10385,0.1018,0.1037
1663344000000,0.1037,0.1044,0.10235,0.1043
1663358400000,0.1043,0.1075,0.1043,0.1071
1663372800000,0.1071,0.10745,0.10595,0.106
1663387200000,0.106,0.1065,0.10575,0.10585
1663401600000,0.10585,0.1073,0.10585,0.10705
1663416000000,0.10705,0.1118,0.1069,0.1109
1663430400000,0.1109,0.1128,0.1107,0.11195
1663444800000,0.11195,0.11415,0.1119,0.1133
1663459200000,0.1133,0.11335,0.1104,0.1106
1663473600000,0.1106,0.1142,0.11035,0.11415
1663488000000,0.11415,0.1157,0.1117,0.112
1663502400000,0.112,0.1128,0.1111,0.11245
1663516800000,0.11245,0.1147,0.11085,0.11435
1663531200000,0.11435,0.11505,0.1064,0.10705
1663545600000,0.10705,0.1084,0.10415,0.105
1663560000000,0.105,0.10665,0.10345,0.1046
1663574400000,0.1046,0.10505,0.1033,0.1045
1663588800000,0.1045,0.10745,0.10425,0.10615
1663603200000,0.10615,0.1122,0.1059,0.11045
1663617600000,0.11045,0.112,0.10975,0.11165
1663632000000,0.11165,0.1121,0.11015,0.1114
1663646400000,0.1114,0.11355,0.1114,0.113
1663660800000,0.113,0.1147,0.11275,0.114
1663675200000,0.114,0.1193,0.11335,0.11855
1663689600000,0.11855,0.11925,0.1163,0.1185
1663704000000,0.1185,0.1189,0.1167,0.1172
1663718400000,0.1172,0.1175,0.11525,0.11575
1663732800000,0.11575,0.11625,0.11215,0.11355
1663747200000,0.11355,0.1148,0.11275,0.1147
1663761600000,0.1147,0.1152,0.1119,0.1123
1663776000000,0.1123,0.11855,0.1107,0.1137
1663790400000,0.1137,0.11505,0.10905,0.1103
1663804800000,0.1103,0.11225,0.1103,0.112
1663819200000,0.112,0.1158,0.112,0.11565
1663833600000,0.11565,0.11845,0.1154,0.11835
1663848000000,0.11835,0.12125,0.11715,0.1173
1663862400000,0.1173,0.12195,0.11535,0.11995
1663876800000,0.11995,0.12485,0.11995,0.12285
1663891200000,0.12285,0.1313,0.1216,0.1291
1663905600000,0.1291,0.1331,0.1272,0.12795
1663920000000,0.12795,0.12915,0.1205,0.1211
1663934400000,0.1211,0.12375,0.11805,0.12165
1663948800000,0.12165,0.122,0.11665,0.1188
1663963200000,0.1188,0.1251,0.11845,0.1231
1663977600000,0.1231,0.12505,0.12245,0.1245
1663992000000,0.1245,0.12705,0.1228,0.12305
1664006400000,0.12305,0.1243,0.1221,0.12265
1664020800000,0.12265,0.123,0.1193,0.11975
1664035200000,0.11975,0.12145,0.1193,0.1204
1664049600000,0.1204,0.12105,0.11715,0.1179
1664064000000,0.1179,0.11955,0.11775,0.1186
1664078400000,0.1186,0.1197,0.11815,0.119
1664092800000,0.119,0.1205,0.11835,0.12025
1664107200000,0.12025,0.1234,0.11755,0.12
1664121600000,0.12,0.12115,0.11815,0.1193
1664136000000,0.1193,0.11945,0.11565,0.1171
1664150400000,0.1171,0.11805,0.1157,0.1161
1664164800000,0.1161,0.1171,0.11415,0.1158
1664179200000,0.1158,0.1174,0.1124,0.1127
1664193600000,0.1127,0.11495,0.1125,0.11385
1664208000000,0.11385,0.1146,0.11255,0.114
1664222400000,0.114,0.1141,0.1125,0.11365
1664236800000,0.11365,0.1169,0.1135,0.11625
1664251200000,0.11625,0.1169,0.11525,0.1154
1664265600000,0.1154,0.11575,0.11405,0.11425
1664280000000,0.11425,0.116,0.1138,0.1141
1664294400000,0.1141,0.11435,0.10935,0.1103
1664308800000,0.1103,0.11085,0.10955,0.11
1664323200000,0.11,0.1108,0.10655,0.10815
1664337600000,0.10815,0.10875,0.10715,0.10835
1664352000000,0.10835,0.1086,0.1067,0.1076
1664366400000,0.1076,0.11005,0.1076,0.1092
1664380800000,0.1092,0.10975,0.10825,0.10935
1664395200000,0.10935,0.11035,0.10805,0.10815
1664409600000,0.10815,0.10905,0.10785,0.10825
1664424000000,0.10825,0.1091,0.1071,0.1077
1664438400000,0.1077,0.10905,0.10725,0.1088
1664452800000,0.1088,0.1088,0.10655,0.10785
1664467200000,0.10785,0.1087,0.1072,0.10855
1664481600000,0.10855,0.11985,0.1085,0.11525
1664496000000,0.11525,0.1159,0.1134,0.11385
1664510400000,0.11385,0.11695,0.11365,0.11595
1664524800000,0.11595,0.1163,0.1133,0.11395
1664539200000,0.11395,0.11555,0.11275,0.11375
1664553600000,0.11375,0.1173,0.1133,0.1155
1664568000000,0.1155,0.11575,0.1138,0.11455
1664582400000,0.11455,0.1158,0.11405,0.1155
1664596800000,0.1155,0.118,0.1155,0.11675
1664611200000,0.11675,0.1211,0.11665,0.1191
1664625600000,0.1191,0.1223,0.1187,0.1214
1664640000000,0.1214,0.12185,0.11925,0.1203
1664654400000,0.1203,0.12245,0.11975,0.1214
1664668800000,0.1214,0.1218,0.12005,0.12015
1664683200000,0.12015,0.12315,0.12,0.12105
1664697600000,0.12105,0.12185,0.1187,0.1201
1664712000000,0.1201,0.12175,0.11925,0.1212
1664726400000,0.1212,0.12245,0.12015,0.1206
1664740800000,0.1206,0.12145,0.1175,0.1183
1664755200000,0.1183,0.12045,0.11735,0.11905
1664769600000,0.11905,0.1192,0.1134,0.1147
1664784000000,0.1147,0.1154,0.11385,0.1154
1664798400000,0.1154,0.1163,0.1144,0.1159
1664812800000,0.1159,0.1171,0.11535,0.11635
1664827200000,0.11635,0.11725,0.1162,0.11665
1664841600000,0.11665,0.1172,0.11525,0.1165
1664856000000,0.1165,0.1175,0.11605,0.11695
1664870400000,0.11695,0.12,0.11615,0.1196
1664884800000,0.1196,0.1221,0.1187,0.1204
1664899200000,0.1204,0.1219,0.11905,0.1202
1664913600000,0.1202,0.1203,0.1186,0.11905
1664928000000,0.11905,0.11925,0.1173,0.11755
1664942400000,0.11755,0.1205,0.11745,0.1187
1664956800000,0.1187,0.1187,0.11675,0.1177
1664971200000,0.1177,0.11965,0.11675,0.11875
1664985600000,0.11875,0.1201,0.11875,0.11925
1665000000000,0.11925,0.11945,0.1185,0.1187
1665014400000,0.1187,0.11985,0.1187,0.11935
1665028800000,0.11935,0.12005,0.1185,0.11895
1665043200000,0.11895,0.1199,0.1182,0.1198
1665057600000,0.1198,0.12025,0.1183,0.1189
1665072000000,0.1189,0.1214,0.11875,0.1198
1665086400000,0.1198,0.12085,0.11855,0.11945
1665100800000,0.11945,0.11985,0.11865,0.11935
1665115200000,0.11935,0.1197,0.11775,0.1183
1665129600000,0.1183,0.11875,0.11795,0.11845
1665144000000,0.11845,0.1185,0.1162,0.11775
1665158400000,0.11775,0.12345,0.117,0.1228
1665172800000,0.1228,0.12375,0.12165,0.12225
1665187200000,0.12225,0.1248,0.1218,0.12465
1665201600000,0.12465,0.1249,0.12235,0.123
1665216000000,0.123,0.126,0.1224,0.1259
1665230400000,0.1259,0.12685,0.12485,0.1253
1665244800000,0.1253,0.12755,0.1251,0.1253
1665259200000,0.1253,0.1265,0.1244,0.1262
1665273600000,0.1262,0.1262,0.1246,0.12555
1665288000000,0.12555,0.1259,0.1247,0.125
1665302400000,0.125,0.1262,0.12485,0.1258
1665316800000,0.1258,0.1292,0.1258,0.1279
1665331200000,0.1279,0.12975,0.12745,0.12855
1665345600000,0.12855,0.129,0.1277,0.1287
1665360000000,0.1287,0.1292,0.12735,0.12745
1665374400000,0.12745,0.1284,0.1268,0.1277
1665388800000,0.1277,0.1279,0.12555,0.12715
1665403200000,0.12715,0.12735,0.12575,0.12645
1665417600000,0.12645,0.127,0.1253,0.1258
1665432000000,0.1258,0.12625,0.1231,0.12355
1665446400000,0.12355,0.1236,0.1213,0.1234
1665460800000,0.1234,0.1246,0.12095,0.1214
1665475200000,0.1214,0.12155,0.1167,0.118
1665489600000,0.118,0.11925,0.11705,0.119
1665504000000,0.119,0.1195,0.11605,0.11695
1665518400000,0.11695,0.1178,0.11525,0.116
1665532800000,0.116,0.11665,0.11485,0.11525
1665547200000,0.11525,0.1165,0.11525,0.1164
1665561600000,0.1164,0.11675,0.11585,0.1162
1665576000000,0.1162,0.11625,0.1145,0.1161
1665590400000,0.1161,0.1163,0.11515,0.11615
1665604800000,0.11615,0.11635,0.1159,0.1163
1665619200000,0.1163,0.11635,0.1121,0.1134
1665633600000,0.1134,0.1135,0.1085,0.1099
1665648000000,0.1099,0.11055,0.1067,0.1089
1665662400000,0.1089,0.11165,0.1069,0.11135
1665676800000,0.11135,0.1132,0.111,0.11275
1665691200000,0.11275,0.1135,0.1117,0.1119
1665705600000,0.1119,0.1162,0.11155,0.11545
1665720000000,0.11545,0.11555,0.11435,0.11515
1665734400000,0.11515,0.1161,0.1144,0.1146
1665748800000,0.1146,0.1165,0.11285,0.11325
1665763200000,0.11325,0.11395,0.1122,0.11245
1665777600000,0.11245,0.1129,0.111,0.1124
1665792000000,0.1124,0.11275,0.11175,0.1127
1665806400000,0.1127,0.11345,0.1125,0.1134
1665820800000,0.1134,0.1138,0.11175,0.11375
1665835200000,0.11375,0.1142,0.113,0.1133
1665849600000,0.1133,0.1142,0.1121,0.11275
1665864000000,0.11275,0.1131,0.11115,0.1118
1665878400000,0.1118,0.11295,0.11175,0.11285
1665892800000,0.11285,0.11355,0.11265,0.1133
1665907200000,0.1133,0.114,0.11265,0.11315
1665921600000,0.11315,0.11385,0.11295,0.1136
1665936000000,0.1136,0.1144,0.1121,0.1142
1665950400000,0.1142,0.11435,0.1123,0.11335
1665964800000,0.11335,0.11375,0.112,0.11275
1665979200000,0.11275,0.1135,0.1124,0.1135
1665993600000,0.1135,0.1144,0.11285,0.11435
1666008000000,0.11435,0.11505,0.1138,0.1145
1666022400000,0.1145,0.11505,0.1134,0.1138
1666036800000,0.1138,0.11445,0.1134,0.1142
1666051200000,0.1142,0.11455,0.1124,0.11355
1666065600000,0.11355,0.11405,0.1129,0.1139
1666080000000,0.1139,0.11395,0.11175,0.11255
1666094400000,0.11255,0.11305,0.11085,0.1119
1666108800000,0.1119,0.1127,0.10995,0.1118
1666123200000,0.1118,0.11265,0.11165,0.11215
1666137600000,0.11215,0.1126,0.1115,0.1117
1666152000000,0.1117,0.11215,0.111,0.1117
1666166400000,0.1117,0.1118,0.11085,0.11125
1666180800000,0.11125,0.1126,0.1108,0.11225
1666195200000,0.11225,0.11305,0.11205,0.11295
1666209600000,0.11295,0.11335,0.10995,0.1107
1666224000000,0.1107,0.1119,0.11015,0.1111
1666238400000,0.1111,0.1125,0.11105,0.112
1666252800000,0.112,0.11285,0.11165,0.1118
1666267200000,0.1118,0.11315,0.1118,0.1124
1666281600000,0.1124,0.1124,0.10895,0.1101
1666296000000,0.1101,0.11075,0.1088,0.10995
1666310400000,0.10995,0.11005,0.1083,0.10915
1666324800000,0.10915,0.10935,0.10855,0.10875
1666339200000,0.10875,0.10875,0.10735,0.10835
1666353600000,0.10835,0.11005,0.10675,0.11005
1666368000000,0.11005,0.1107,0.1098,0.11045
1666382400000,0.11045,0.1109,0.1101,0.1109
1666396800000,0.1109,0.1109,0.10985,0.11025
1666411200000,0.11025,0.1107,0.1101,0.1105
1666425600000,0.1105,0.11095,0.11025,0.1109
1666440000000,0.1109,0.1115,0.1107,0.11105
1666454400000,0.11105,0.1112,0.11025,0.11075
1666468800000,0.11075,0.11125,0.11075,0.1111
1666483200000,0.1111,0.1114,0.1099,0.1106
1666497600000,0.1106,0.11085,0.11005,0.11025
1666512000000,0.11025,0.11055,0.10895,0.1092
1666526400000,0.1092,0.11025,0.1088,0.11025
1666540800000,0.11025,0.1116,0.1099,0.11105
1666555200000,0.11105,0.1122,0.11075,0.11185
1666569600000,0.11185,0.1122,0.1094,0.10945
1666584000000,0.10945,0.11015,0.10905,0.11005
1666598400000,0.11005,0.11115,0.1097,0.1109
1666612800000,0.1109,0.1109,0.1089,0.1098
1666627200000,0.1098,0.11125,0.1094,0.1107
1666641600000,0.1107,0.11115,0.11,0.1102
1666656000000,0.1102,0.1111,0.1098,0.11025
1666670400000,0.11025,0.11045,0.10945,0.10975
1666684800000,0.10975,0.10975,0.109,0.1096
1666699200000,0.1096,0.1112,0.10955,0.1104
1666713600000,0.1104,0.1135,0.1104,0.1125
1666728000000,0.1125,0.1127,0.111,0.11165
1666742400000,0.11165,0.1126,0.1113,0.1123
1666756800000,0.1123,0.11305,0.1117,0.11225
1666771200000,0.11225,0.1137,0.11215,0.1124
1666785600000,0.1124,0.1137,0.1115,0.11285
1666800000000,0.11285,0.1133,0.1121,0.1125
1666814400000,0.1125,0.11395,0.1123,0.11335
1666828800000,0.11335,0.11545,0.11255,0.11405
1666843200000,0.11405,0.11505,0.11265,0.1135
1666857600000,0.1135,0.1141,0.11215,0.1126
1666872000000,0.1126,0.114,0.11185,0.1128
1666886400000,0.1128,0.1139,0.11245,0.1133
1666900800000,0.1133,0.11335,0.1104,0.111
1666915200000,0.111,0.11185,0.11005,0.11085
1666929600000,0.11085,0.11115,0.10925,0.1094
1666944000000,0.1094,0.1106,0.1094,0.11015
1666958400000,0.11015,0.1119,0.10965,0.11095
1666972800000,0.11095,0.11255,0.11085,0.11195
1666987200000,0.11195,0.1133,0.11195,0.11255
1667001600000,0.11255,0.11325,0.1115,0.1128
1667016000000,0.1128,0.1133,0.112,0.1131
1667030400000,0.1131,0.11405,0.11215,0.11235
1667044800000,0.11235,0.11315,0.11185,0.1127
1667059200000,0.1127,0.1154,0.1124,0.11415
1667073600000,0.11415,0.11435,0.11235,0.1135
1667088000000,0.1135,0.1142,0.113,0.1141
1667102400000,0.1141,0.1149,0.1132,0.11485
1667116800000,0.11485,0.11485,0.11275,0.11345
1667131200000,0.11345,0.114,0.1112,0.1114
1667145600000,0.1114,0.1123,0.11095,0.11175
1667160000000,0.11175,0.11235,0.11035,0.1111
1667174400000,0.1111,0.1119,0.1098,0.11115
1667188800000,0.11115,0.11155,0.11035,0.111
1667203200000,0.111,0.11235,0.1101,0.11175
1667217600000,0.11175,0.11225,0.10945,0.10985
1667232000000,0.10985,0.1107,0.1094,0.11015
1667246400000,0.11015,0.1117,0.11005,0.11135
1667260800000,0.11135,0.11165,0.11085,0.111
1667275200000,0.111,0.11155,0.11025,0.11115
1667289600000,0.11115,0.11195,0.11075,0.11105
1667304000000,0.11105,0.11115,0.1089,0.10985
1667318400000,0.10985,0.1103,0.1093,0.1095
1667332800000,0.1095,0.11015,0.10945,0.10975
1667347200000,0.10975,0.1103,0.10905,0.1099
1667361600000,0.1099,0.11005,0.10785,0.10855
1667376000000,0.10855,0.1095,0.10735,0.10805
1667390400000,0.10805,0.10905,0.1076,0.10875
1667404800000,0.10875,0.11065,0.10755,0.1078
1667419200000,0.1078,0.10805,0.10565,0.10745
1667433600000,0.10745,0.10925,0.1072,0.10905
1667448000000,0.10905,0.1104,0.10905,0.1093
1667462400000,0.1093,0.1101,0.10875,0.10925
1667476800000,0.10925,0.11015,0.10845,0.10935
1667491200000,0.10935,0.1098,0.1088,0.10905
1667505600000,0.10905,0.10925,0.1081,0.1087
1667520000000,0.1087,0.1103,0.1081,0.11015
1667534400000,0.11015,0.11145,0.1098,0.1106
1667548800000,0.1106,0.1153,0.1106,0.11295
1667563200000,0.11295,0.11525,0.11195,0.11265
1667577600000,0.11265,0.11415,0.11245,0.11415
1667592000000,0.11415,0.11635,0.11415,0.1155
1667606400000,0.1155,0.11645,0.11455,0.11545
1667620800000,0.11545,0.11605,0.11475,0.1152
1667635200000,0.1152,0.11575,0.1136,0.11545
1667649600000,0.11545,0.11555,0.1136,0.1152
1667664000000,0.1152,0.11655,0.1143,0.11475
1667678400000,0.11475,0.1151,0.11205,0.1135
1667692800000,0.1135,0.1143,0.1124,0.11365
1667707200000,0.11365,0.1138,0.1127,0.11285
1667721600000,0.11285,0.11355,0.1125,0.1132
1667736000000,0.1132,0.11385,0.11285,0.11355
1667750400000,0.11355,0.11365,0.11215,0.11255
1667764800000,0.11255,0.1126,0.1086,0.10895
1667779200000,0.10895,0.11065,0.10845,0.1103
1667793600000,0.1103,0.11065,0.10785,0.10795
1667808000000,0.10795,0.11025,0.1076,0.1102
1667822400000,0.1102,0.1107,0.10935,0.11065
1667836800000,0.11065,0.1108,0.10955,0.11065
1667851200000,0.11065,0.11075,0.1076,0.1096
1667865600000,0.1096,0.1106,0.1042,0.1054
1667880000000,0.1054,0.1062,0.102,0.1043
1667894400000,0.1043,0.10515,0.1036,0.10395
1667908800000,0.10395,0.1045,0.10255,0.10435
1667923200000,0.10435,0.10795,0.09065,0.0975
1667937600000,0.0975,0.09975,0.0954,0.0987
1667952000000,0.0987,0.09975,0.0955,0.0969
1667966400000,0.0969,0.09805,0.0948,0.0968
1667980800000,0.0968,0.09705,0.09095,0.09355
1667995200000,0.09355,0.0949,0.09155,0.09205
1668009600000,0.09205,0.0933,0.08705,0.0886
1668024000000,0.0886,0.0899,0.07905,0.08315
1668038400000,0.08315,0.0885,0.08195,0.0876
1668052800000,0.0876,0.09155,0.08705,0.09075
1668067200000,0.09075,0.0917,0.08855,0.09025
1668081600000,0.09025,0.1011,0.09005,0.09975
1668096000000,0.09975,0.10085,0.096,0.09725
1668110400000,0.09725,0.09845,0.0962,0.0971
1668124800000,0.0971,0.09865,0.09415,0.09475
1668139200000,0.09475,0.0969,0.0942,0.0962
1668153600000,0.0962,0.09755,0.0957,0.09675
1668168000000,0.09675,0.098,0.092,0.0931
1668182400000,0.0931,0.09455,0.0922,0.0933
1668196800000,0.0933,0.09555,0.0922,0.09535
1668211200000,0.09535,0.09545,0.09315,0.09335
1668225600000,0.09335,0.0936,0.0902,0.0921
1668240000000,0.0921,0.0933,0.09125,0.0924
1668254400000,0.0924,0.0936,0.09155,0.09235
1668268800000,0.09235,0.09255,0.09065,0.0911
1668283200000,0.0911,0.0916,0.0902,0.09105
1668297600000,0.09105,0.09255,0.09055,0.0924
1668312000000,0.0924,0.09255,0.089,0.0903
1668326400000,0.0903,0.09045,0.0874,0.0886
1668340800000,0.0886,0.09065,0.0883,0.0898
1668355200000,0.0898,0.08995,0.0882,0.08945
1668369600000,0.08945,0.0898,0.0867,0.0881
1668384000000,0.0881,0.08865,0.0841,0.08495
1668398400000,0.08495,0.08815,0.0832,0.08805
1668412800000,0.08805,0.0891,0.0874,0.08845
1668427200000,0.08845,0.08985,0.08665,0.0874
1668441600000,0.0874,0.0881,0.0865,0.0873
1668456000000,0.0873,0.09125,0.0872,0.0912
1668470400000,0.0912,0.09235,0.0903,0.0914
1668484800000,0.0914,0.09265,0.09125,0.0925
1668499200000,0.0925,0.0927,0.0918,0.0918
1668513600000,0.0918,0.0946,0.09165,0.0937
1668528000000,0.0937,0.0945,0.09135,0.0922
1668542400000,0.0922,0.09265,0.0918,0.0925
1668556800000,0.0925,0.0927,0.0916,0.09265
1668571200000,0.09265,0.09345,0.09255,0.0927
1668585600000,0.0927,0.09275,0.0909,0.09115
1668600000000,0.09115,0.09125,0.0887,0.0891
1668614400000,0.0891,0.09025,0.08855,0.0893
1668628800000,0.0893,0.0904,0.089,0.08975
1668643200000,0.08975,0.0905,0.0895,0.08965
1668657600000,0.08965,0.09125,0.08855,0.0904
1668672000000,0.0904,0.0909,0.08915,0.0898
1668686400000,0.0898,0.09055,0.08895,0.08925
1668700800000,0.08925,0.09055,0.0892,0.0903
1668715200000,0.0903,0.09105,0.0898,0.09045
1668729600000,0.09045,0.09175,0.09025,0.09075
1668744000000,0.09075,0.09085,0.08975,0.08985
1668758400000,0.08985,0.09045,0.08945,0.0899
1668772800000,0.0899,0.0904,0.089,0.08905
1668787200000,0.08905,0.08925,0.08825,0.08885
1668801600000,0.08885,0.0894,0.08875,0.0892
1668816000000,0.0892,0.08925,0.08815,0.08895
1668830400000,0.08895,0.0892,0.08785,0.08855
1668844800000,0.08855,0.08925,0.08795,0.08915
1668859200000,0.08915,0.0902,0.08905,0.09
1668873600000,0.09,0.0903,0.0896,0.09
1668888000000,0.09,0.09105,0.08995,0.09045
1668902400000,0.09045,0.0916,0.09045,0.0909
1668916800000,0.0909,0.0912,0.09075,0.091
1668931200000,0.091,0.09115,0.08855,0.0888
1668945600000,0.0888,0.0893,0.08835,0.08905
1668960000000,0.08905,0.0892,0.08785,0.08895
1668974400000,0.08895,0.08915,0.08615,0.0864
1668988800000,0.0864,0.08655,0.0838,0.0848
1669003200000,0.0848,0.0862,0.08435,0.0847
1669017600000,0.0847,0.0883,0.0839,0.08625
1669032000000,0.08625,0.08625,0.08535,0.0858
1669046400000,0.0858,0.08585,0.0824,0.08335
1669060800000,0.08335,0.08495,0.0831,0.08425
1669075200000,0.08425,0.08495,0.08405,0.08445
1669089600000,0.08445,0.0845,0.08285,0.0833
1669104000000,0.0833,0.084,0.08255,0.0838
1669118400000,0.0838,0.0869,0.0835,0.08665
1669132800000,0.08665,0.08685,0.08605,0.0864
1669147200000,0.0864,0.08725,0.08635,0.0871
1669161600000,0.0871,0.0884,0.0866,0.08805
1669176000000,0.08805,0.08865,0.0878,0.0881
1669190400000,0.0881,0.08855,0.0876,0.08815
1669204800000,0.08815,0.0882,0.0867,0.0875
1669219200000,0.0875,0.0885,0.08675,0.0879
1669233600000,0.0879,0.0888,0.08755,0.0887
1669248000000,0.0887,0.0897,0.0883,0.08955
1669262400000,0.08955,0.08975,0.08875,0.0888
1669276800000,0.0888,0.08895,0.08765,0.08815
1669291200000,0.08815,0.0892,0.08735,0.0891
1669305600000,0.0891,0.0904,0.08815,0.08965
1669320000000,0.08965,0.09005,0.08905,0.09005
1669334400000,0.09005,0.09005,0.08825,0.0887
1669348800000,0.0887,0.091,0.08775,0.0905
1669363200000,0.0905,0.0907,0.08925,0.0899
1669377600000,0.0899,0.09065,0.08895,0.0898
1669392000000,0.0898,0.0904,0.08945,0.08965
1669406400000,0.08965,0.09015,0.08905,0.0892
1669420800000,0.0892,0.0905,0.0892,0.09
1669435200000,0.09,0.09015,0.08885,0.0891
1669449600000,0.0891,0.09,0.089,0.08995
1669464000000,0.08995,0.08995,0.0884,0.08865
1669478400000,0.08865,0.089,0.0878,0.08845
1669492800000,0.08845,0.0885,0.08725,0.088
1669507200000,0.088,0.0893,0.088,0.0891
1669521600000,0.0891,0.0908,0.08865,0.09015
1669536000000,0.09015,0.0908,0.08975,0.09075
1669550400000,0.09075,0.09115,0.0898,0.0905
1669564800000,0.0905,0.09195,0.08995,0.09115
1669579200000,0.09115,0.09205,0.0896,0.09015
1669593600000,0.09015,0.09095,0.08585,0.08705
1669608000000,0.08705,0.0878,0.08575,0.08665
1669622400000,0.08665,0.0893,0.085,0.0873
1669636800000,0.0873,0.08775,0.08665,0.0868
1669651200000,0.0868,0.08805,0.08605,0.08725
1669665600000,0.08725,0.08775,0.0871,0.08725
1669680000000,0.08725,0.0881,0.08655,0.0877
1669694400000,0.0877,0.0889,0.0877,0.0885
1669708800000,0.0885,0.0892,0.0885,0.08875
1669723200000,0.08875,0.089,0.088,0.08865
1669737600000,0.08865,0.08865,0.08765,0.0882
1669752000000,0.0882,0.0896,0.08805,0.0885
1669766400000,0.0885,0.09045,0.0885,0.0892
1669780800000,0.0892,0.0899,0.0891,0.0897
1669795200000,0.0897,0.0898,0.0888,0.08935
1669809600000,0.08935,0.08945,0.0889,0.08925
1669824000000,0.08925,0.08945,0.08735,0.0891
1669838400000,0.0891,0.09025,0.0891,0.08975
1669852800000,0.08975,0.09005,0.08855,0.08885
1669867200000,0.08885,0.08915,0.0884,0.0886
1669881600000,0.0886,0.0888,0.08835,0.08855
1669896000000,0.08855,0.08905,0.0876,0.08835
1669910400000,0.08835,0.0885,0.0877,0.08775
1669924800000,0.08775,0.0878,0.08705,0.0876
1669939200000,0.0876,0.0879,0.08625,0.08675
1669953600000,0.08675,0.08765,0.08635,0.08755
1669968000000,0.08755,0.0881,0.0875,0.0877
1669982400000,0.0877,0.08785,0.08675,0.08755
1669996800000,0.08755,0.08805,0.0873,0.08805
1670011200000,0.08805,0.08825,0.0876,0.0881
1670025600000,0.0881,0.08905,0.08785,0.08785
1670040000000,0.08785,0.088,0.08695,0.08715
1670054400000,0.08715,0.08745,0.0869,0.08735
1670068800000,0.08735,0.08795,0.08725,0.0879
1670083200000,0.0879,0.0879,0.08715,0.0873
1670097600000,0.0873,0.0873,0.086,0.0863
1670112000000,0.0863,0.0869,0.0861,0.0867
1670126400000,0.0867,0.08715,0.0866,0.08665
1670140800000,0.08665,0.08695,0.0864,0.0864
1670155200000,0.0864,0.0871,0.0864,0.08705
1670169600000,0.08705,0.0878,0.08685,0.0874
1670184000000,0.0874,0.08815,0.0874,0.0878
1670198400000,0.0878,0.08845,0.0876,0.08785
1670212800000,0.08785,0.08845,0.0878,0.0884
1670227200000,0.0884,0.08885,0.0883,0.0884
1670241600000,0.0884,0.0884,0.0865,0.08725
1670256000000,0.08725,0.0877,0.085,0.0861
1670270400000,0.0861,0.08695,0.08605,0.0869
1670284800000,0.0869,0.08725,0.0862,0.0862
1670299200000,0.0862,0.08625,0.0853,0.0855
1670313600000,0.0855,0.08605,0.08525,0.08565
1670328000000,0.08565,0.086,0.0852,0.0857
1670342400000,0.0857,0.08585,0.08515,0.0855
1670356800000,0.0855,0.0863,0.08545,0.0861
1670371200000,0.0861,0.08615,0.08535,0.08565
1670385600000,0.08565,0.0857,0.0833,0.08365
1670400000000,0.08365,0.0843,0.08315,0.08385
1670414400000,0.08385,0.0847,0.08385,0.0846
1670428800000,0.0846,0.08465,0.084,0.0841
1670443200000,0.0841,0.08445,0.0836,0.08425
1670457600000,0.08425,0.08425,0.08365,0.08375
1670472000000,0.08375,0.0843,0.0835,0.08415
1670486400000,0.08415,0.0844,0.08355,0.0843
1670500800000,0.0843,0.0851,0.0842,0.0849
1670515200000,0.0849,0.0856,0.08435,0.08555
1670529600000,0.08555,0.08565,0.0851,0.0856
1670544000000,0.0856,0.08605,0.08525,0.0853
1670558400000,0.0853,0.0855,0.08505,0.0855
1670572800000,0.0855,0.0857,0.08525,0.0854
1670587200000,0.0854,0.08565,0.0843,0.0856
1670601600000,0.0856,0.0856,0.0848,0.08495
1670616000000,0.08495,0.0852,0.0847,0.0852
1670630400000,0.0852,0.08575,0.0852,0.08565
1670644800000,0.08565,0.08585,0.08545,0.08545
1670659200000,0.08545,0.0856,0.0847,0.08475
1670673600000,0.08475,0.0855,0.08475,0.0854
1670688000000,0.0854,0.0855,0.0851,0.08545
1670702400000,0.08545,0.08545,0.08495,0.08515
1670716800000,0.08515,0.08545,0.0851,0.0854
1670731200000,0.0854,0.08545,0.0852,0.08535
1670745600000,0.08535,0.08545,0.085,0.08515
1670760000000,0.08515,0.08525,0.085,0.0852
1670774400000,0.0852,0.0852,0.08435,0.0848
1670788800000,0.0848,0.08495,0.08335,0.0838
1670803200000,0.0838,0.084,0.0816,0.0825
1670817600000,0.0825,0.0833,0.08225,0.08285
1670832000000,0.08285,0.0834,0.08255,0.0834
1670846400000,0.0834,0.08355,0.08255,0.08335
1670860800000,0.08335,0.0837,0.0833,0.0837
1670875200000,0.0837,0.08465,0.0837,0.08425
1670889600000,0.08425,0.08435,0.0829,0.08295
1670904000000,0.08295,0.0831,0.0811,0.0824
1670918400000,0.0824,0.0833,0.0821,0.0829
1670932800000,0.0829,0.085,0.0826,0.08415
1670947200000,0.08415,0.08435,0.0833,0.08355
1670961600000,0.08355,0.08425,0.0835,0.08405
1670976000000,0.08405,0.0846,0.0835,0.0835
1670990400000,0.0835,0.0839,0.08325,0.08385
1671004800000,0.08385,0.08395,0.08345,0.08355
1671019200000,0.08355,0.08425,0.08305,0.08415
1671033600000,0.08415,0.0843,0.08185,0.08245
1671048000000,0.08245,0.0832,0.0821,0.083
1671062400000,0.083,0.0831,0.08145,0.08275
1671076800000,0.08275,0.08285,0.08235,0.0826
1671091200000,0.0826,0.0828,0.082,0.0821
1671105600000,0.0821,0.0848,0.0816,0.083
1671120000000,0.083,0.08305,0.0811,0.0819
1671134400000,0.0819,0.082,0.08115,0.08195
1671148800000,0.08195,0.0821,0.0817,0.0819
1671163200000,0.0819,0.0823,0.08125,0.0822
1671177600000,0.0822,0.08225,0.0774,0.07935
1671192000000,0.07935,0.07985,0.0786,0.0798
1671206400000,0.0798,0.08005,0.07905,0.0794
1671220800000,0.0794,0.0797,0.0742,0.0742
1671235200000,0.0742,0.0743,0.07245,0.07375
1671249600000,0.07375,0.0746,0.0736,0.0745
1671264000000,0.0745,0.0749,0.07405,0.07405
1671278400000,0.07405,0.0747,0.0739,0.07445
1671292800000,0.07445,0.0746,0.07375,0.07455
1671307200000,0.07455,0.07595,0.0744,0.0757
1671321600000,0.0757,0.07605,0.07545,0.07605
1671336000000,0.07605,0.0765,0.076,0.0761
1671350400000,0.0761,0.07655,0.0756,0.0762
1671364800000,0.0762,0.0764,0.076,0.076
1671379200000,0.076,0.0768,0.07595,0.0766
1671393600000,0.0766,0.0771,0.07635,0.07635
1671408000000,0.07635,0.07705,0.07495,0.07525
1671422400000,0.07525,0.0759,0.07515,0.07585
1671436800000,0.07585,0.0767,0.0758,0.0765
1671451200000,0.0765,0.0772,0.07645,0.0768
1671465600000,0.0768,0.0768,0.07355,0.0745
1671480000000,0.0745,0.07505,0.0727,0.07325
1671494400000,0.07325,0.0748,0.0731,0.07445
1671508800000,0.07445,0.0755,0.0744,0.0752
1671523200000,0.0752,0.07575,0.075,0.0754
1671537600000,0.0754,0.07585,0.07485,0.0755
1671552000000,0.0755,0.0756,0.07495,0.0755
1671566400000,0.0755,0.07615,0.0753,0.07595
1671580800000,0.07595,0.07595,0.0749,0.0751
1671595200000,0.0751,0.0754,0.0746,0.07515
1671609600000,0.07515,0.07565,0.07465,0.0755
1671624000000,0.0755,0.0755,0.0747,0.07525
1671638400000,0.07525,0.0753,0.07405,0.0741
1671652800000,0.0741,0.07515,0.0739,0.0751
1671667200000,0.0751,0.0753,0.0749,0.07505
1671681600000,0.07505,0.0751,0.07455,0.07475
1671696000000,0.07475,0.075,0.07445,0.0748
1671710400000,0.0748,0.07515,0.07385,0.0741
1671724800000,0.0741,0.07465,0.0738,0.07465
1671739200000,0.07465,0.07605,0.07455,0.0757
1671753600000,0.0757,0.07595,0.07525,0.0757
1671768000000,0.0757,0.07585,0.07555,0.0758
1671782400000,0.0758,0.076,0.07545,0.0757
1671796800000,0.0757,0.07635,0.0753,0.07565
1671811200000,0.07565,0.07605,0.07565,0.07585
1671825600000,0.07585,0.0759,0.07515,0.07535
1671840000000,0.07535,0.07565,0.0752,0.0756
1671854400000,0.0756,0.07565,0.07475,0.07505
1671868800000,0.07505,0.07505,0.07455,0.0746
1671883200000,0.0746,0.0748,0.0744,0.07445
1671897600000,0.07445,0.0745,0.0741,0.0744
1671912000000,0.0744,0.0744,0.0741,0.07435
1671926400000,0.07435,0.0745,0.07415,0.07435
1671940800000,0.07435,0.0744,0.07385,0.074
1671955200000,0.074,0.0742,0.07395,0.0741
1671969600000,0.0741,0.07435,0.0734,0.07385
1671984000000,0.07385,0.07385,0.0728,0.0735
1671998400000,0.0735,0.0741,0.0733,0.07375
1672012800000,0.07375,0.07435,0.0736,0.0741
1672027200000,0.0741,0.0742,0.07385,0.07395
1672041600000,0.07395,0.0741,0.0736,0.07395
1672056000000,0.07395,0.0747,0.0739,0.07445
1672070400000,0.07445,0.07535,0.07445,0.0752
1672084800000,0.0752,0.07525,0.0747,0.07525
1672099200000,0.07525,0.07545,0.0744,0.0745
1672113600000,0.0745,0.07465,0.07425,0.0746
1672128000000,0.0746,0.07505,0.07425,0.07445
1672142400000,0.07445,0.07475,0.0738,0.0746
1672156800000,0.0746,0.07465,0.07355,0.07365
1672171200000,0.07365,0.07425,0.07365,0.07415
1672185600000,0.07415,0.0746,0.0728,0.07315
1672200000000,0.07315,0.0733,0.0711,0.07215
1672214400000,0.07215,0.07225,0.0717,0.07215
1672228800000,0.07215,0.07315,0.072,0.0723
1672243200000,0.0723,0.07275,0.0719,0.07245
1672257600000,0.07245,0.0727,0.0713,0.0717
1672272000000,0.0717,0.0719,0.07065,0.0719
1672286400000,0.0719,0.07235,0.0716,0.07225
1672300800000,0.07225,0.0728,0.0717,0.0722
1672315200000,0.0722,0.07235,0.0718,0.0721
1672329600000,0.0721,0.0723,0.07115,0.07125
1672344000000,0.07125,0.0721,0.0702,0.072
1672358400000,0.072,0.07235,0.07135,0.07165
1672372800000,0.07165,0.0718,0.0708,0.0713
1672387200000,0.0713,0.0717,0.07095,0.07155
1672401600000,0.07155,0.0724,0.0714,0.0723
1672416000000,0.0723,0.07245,0.0721,0.07215
1672430400000,0.07215,0.07245,0.07205,0.0724
1672444800000,0.0724,0.07245,0.0719,0.0719
1672459200000,0.0719,0.0719,0.0715,0.0719
1672473600000,0.0719,0.0719,0.0717,0.0718
1672488000000,0.0718,0.0719,0.0716,0.0716
1672502400000,0.0716,0.0716,0.071,0.07105
1672516800000,0.07105,0.07145,0.07085,0.0711
1672531200000,0.0711,0.0711,0.07065,0.0709
1672545600000,0.0709,0.07115,0.07075,0.07115
1672560000000,0.07115,0.07175,0.07105,0.07175
1672574400000,0.07175,0.07205,0.0717,0.0719
1672588800000,0.0719,0.0723,0.07185,0.0721
1672603200000,0.0721,0.0727,0.0721,0.07245
1672617600000,0.07245,0.07265,0.0708,0.0722
1672632000000,0.0722,0.0734,0.07185,0.07265
1672646400000,0.07265,0.07335,0.07265,0.073
1672660800000,0.073,0.0736,0.0727,0.0734
1672675200000,0.0734,0.074,0.07325,0.07395
1672689600000,0.07395,0.07445,0.07355,0.0737
1672704000000,0.0737,0.07395,0.0733,0.0738
1672718400000,0.0738,0.07445,0.07365,0.07415
1672732800000,0.07415,0.07425,0.07365,0.07365
1672747200000,0.07365,0.07435,0.0732,0.07345
1672761600000,0.07345,0.0736,0.07275,0.0733
1672776000000,0.0733,0.0737,0.0732,0.0736
1672790400000,0.0736,0.07455,0.07325,0.0741
1672804800000,0.0741,0.0746,0.074,0.07425
1672819200000,0.07425,0.07455,0.07385,0.07405
1672833600000,0.07405,0.0743,0.07335,0.0743
1672848000000,0.0743,0.07445,0.07315,0.07335
1672862400000,0.07335,0.07395,0.07255,0.0739
1672876800000,0.0739,0.0743,0.07335,0.0737
1672891200000,0.0737,0.07415,0.07325,0.0735
1672905600000,0.0735,0.0737,0.07245,0.0734
1672920000000,0.0734,0.07345,0.0726,0.07305
1672934400000,0.07305,0.07335,0.0729,0.0732
1672948800000,0.0732,0.07325,0.0724,0.0729
1672963200000,0.0729,0.07345,0.0725,0.0727
1672977600000,0.0727,0.0728,0.07185,0.0723
1672992000000,0.0723,0.07265,0.07215,0.07235
1673006400000,0.07235,0.07445,0.0719,0.07415
1673020800000,0.07415,0.07445,0.07355,0.07425
1673035200000,0.07425,0.0755,0.07415,0.07495
1673049600000,0.07495,0.0753,0.0745,0.07465
1673064000000,0.07465,0.07575,0.07455,0.07535
1673078400000,0.07535,0.0754,0.07475,0.0749
1673092800000,0.0749,0.0759,0.0748,0.0757
1673107200000,0.0757,0.0757,0.0751,0.0756
1673121600000,0.0756,0.0758,0.0754,0.07565
1673136000000,0.07565,0.07575,0.0745,0.07555
1673150400000,0.07555,0.0756,0.07515,0.07525
1673164800000,0.07525,0.0758,0.075,0.07525
1673179200000,0.07525,0.07585,0.075,0.07565
1673193600000,0.07565,0.07605,0.0749,0.07555
1673208000000,0.07555,0.07755,0.07555,0.0772
1673222400000,0.0772,0.07955,0.0772,0.0794
1673236800000,0.0794,0.0804,0.0793,0.0799
1673251200000,0.0799,0.08045,0.07945,0.07945
1673265600000,0.07945,0.08045,0.07865,0.08015
1673280000000,0.08015,0.0808,0.0794,0.07955
1673294400000,0.07955,0.07965,0.0786,0.0794
1673308800000,0.0794,0.08025,0.07815,0.07935
1673323200000,0.07935,0.0798,0.07905,0.0791
1673337600000,0.0791,0.07995,0.0788,0.07885
1673352000000,0.07885,0.079,0.0781,0.07875
1673366400000,0.07875,0.07935,0.0782,0.07935
1673380800000,0.07935,0.08005,0.0791,0.07955
1673395200000,0.07955,0.0798,0.07815,0.0786
1673409600000,0.0786,0.0813,0.07845,0.0799
1673424000000,0.0799,0.0803,0.07935,0.07945
1673438400000,0.07945,0.08145,0.07885,0.08015
1673452800000,0.08015,0.08045,0.0793,0.08035
1673467200000,0.08035,0.0819,0.0802,0.0813
1673481600000,0.0813,0.0825,0.08085,0.08225
1673496000000,0.08225,0.0824,0.0806,0.08085
1673510400000,0.08085,0.081,0.0793,0.0796
1673524800000,0.0796,0.081,0.0783,0.07985
1673539200000,0.07985,0.08165,0.07955,0.08105
1673553600000,0.08105,0.08225,0.08085,0.0816
1673568000000,0.0816,0.08265,0.0805,0.08245
1673582400000,0.08245,0.08275,0.0817,0.08215
1673596800000,0.08215,0.08265,0.0818,0.08185
1673611200000,0.08185,0.08245,0.08065,0.08225
1673625600000,0.08225,0.083,0.08165,0.08285
1673640000000,0.08285,0.0853,0.08275,0.0847
1673654400000,0.0847,0.0878,0.0846,0.0874
1673668800000,0.0874,0.0898,0.0869,0.0891
1673683200000,0.0891,0.09075,0.08435,0.087
1673697600000,0.087,0.08805,0.08535,0.0873
1673712000000,0.0873,0.0876,0.0856,0.08615
1673726400000,0.08615,0.0877,0.08585,0.0873
1673740800000,0.0873,0.08775,0.08515,0.08725
1673755200000,0.08725,0.0877,0.08595,0.08695
1673769600000,0.08695,0.08695,0.0849,0.0864
1673784000000,0.0864,0.08755,0.08565,0.0873
1673798400000,0.0873,0.08835,0.08625,0.0876
1673812800000,0.0876,0.0884,0.08705,0.0881
1673827200000,0.0881,0.08985,0.08745,0.0896
1673841600000,0.0896,0.0906,0.08885,0.0891
1673856000000,0.0891,0.0891,0.0866,0.0877
1673870400000,0.0877,0.0881,0.086,0.08755
1673884800000,0.08755,0.0885,0.08695,0.08805
1673899200000,0.08805,0.0885,0.08725,0.08775
1673913600000,0.08775,0.0881,0.08635,0.08675
1673928000000,0.08675,0.0871,0.08615,0.0867
1673942400000,0.0867,0.0877,0.08665,0.0877
1673956800000,0.0877,0.08845,0.08685,0.0876
1673971200000,0.0876,0.088,0.08705,0.0878
1673985600000,0.0878,0.08805,0.0862,0.08625
1674000000000,0.08625,0.0881,0.08625,0.08775
1674014400000,0.08775,0.0882,0.0876,0.0879
1674028800000,0.0879,0.08795,0.08675,0.087
1674043200000,0.087,0.08905,0.08385,0.0851
1674057600000,0.0851,0.08525,0.0817,0.08465
1674072000000,0.08465,0.08465,0.08215,0.0824
1674086400000,0.0824,0.08335,0.0818,0.083
1674100800000,0.083,0.0836,0.083,0.08345
1674115200000,0.08345,0.0837,0.08275,0.08315
1674129600000,0.08315,0.0836,0.0823,0.0832
1674144000000,0.0832,0.0842,0.083,0.08405
1674158400000,0.08405,0.0846,0.08385,0.0844
1674172800000,0.0844,0.08465,0.0836,0.08415
1674187200000,0.08415,0.0846,0.08345,0.0838
1674201600000,0.0838,0.0838,0.08315,0.0837
1674216000000,0.0837,0.08465,0.0835,0.08435
1674230400000,0.08435,0.08565,0.08415,0.08555
1674244800000,0.08555,0.0892,0.08555,0.08895
1674259200000,0.08895,0.08945,0.08775,0.0888
1674273600000,0.0888,0.0895,0.08875,0.0889
1674288000000,0.0889,0.09075,0.08755,0.0895
1674302400000,0.0895,0.09065,0.08915,0.0897
1674316800000,0.0897,0.0928,0.0895,0.09265
1674331200000,0.09265,0.0932,0.0901,0.09025
1674345600000,0.09025,0.09155,0.09025,0.0907
1674360000000,0.0907,0.0916,0.0903,0.0914
1674374400000,0.0914,0.09195,0.09085,0.09135
1674388800000,0.09135,0.0936,0.09105,0.09235
1674403200000,0.09235,0.0938,0.09185,0.09235
1674417600000,0.09235,0.09235,0.0894,0.091
1674432000000,0.091,0.09305,0.0909,0.09205
1674446400000,0.09205,0.0929,0.09195,0.09275
1674460800000,0.09275,0.0959,0.0927,0.0949
1674475200000,0.0949,0.09555,0.0927,0.09435
1674489600000,0.09435,0.0948,0.09355,0.09395
1674504000000,0.09395,0.0948,0.0937,0.0946
1674518400000,0.0946,0.0953,0.09375,0.0951
1674532800000,0.0951,0.09545,0.09475,0.09525
1674547200000,0.09525,0.0962,0.09375,0.0944
1674561600000,0.0944,0.09535,0.09345,0.09465
1674576000000,0.09465,0.09475,0.09315,0.0938
1674590400000,0.0938,0.0939,0.0891,0.09045
1674604800000,0.09045,0.0905,0.0886,0.0904
1674619200000,0.0904,0.09205,0.09025,0.09185
1674633600000,0.09185,0.09215,0.0899,0.09015
1674648000000,0.09015,0.0912,0.0898,0.0904
1674662400000,0.0904,0.09135,0.09005,0.0913
1674676800000,0.0913,0.09405,0.09115,0.0924
1674691200000,0.0924,0.0931,0.09185,0.09205
1674705600000,0.09205,0.09285,0.0916,0.09185
1674720000000,0.09185,0.09205,0.0908,0.09125
1674734400000,0.09125,0.09245,0.09055,0.09115
1674748800000,0.09115,0.0923,0.09025,0.09215
1674763200000,0.09215,0.0924,0.09145,0.092
1674777600000,0.092,0.0924,0.08965,0.091
1674792000000,0.091,0.09165,0.0907,0.09165
1674806400000,0.09165,0.09185,0.0912,0.09135
1674820800000,0.09135,0.092,0.0904,0.0913
1674835200000,0.0913,0.093,0.0913,0.0929
1674849600000,0.0929,0.09325,0.09185,0.0926
1674864000000,0.0926,0.0935,0.09255,0.0934
1674878400000,0.0934,0.0943,0.0928,0.0934
1674892800000,0.0934,0.09385,0.0928,0.09285
1674907200000,0.09285,0.0929,0.09165,0.09265
1674921600000,0.09265,0.09315,0.09205,0.093
1674936000000,0.093,0.09305,0.09215,0.0929
1674950400000,0.0929,0.09395,0.09215,0.09265
1674964800000,0.09265,0.09295,0.09245,0.09285
1674979200000,0.09285,0.09385,0.09275,0.09365
1674993600000,0.09365,0.09415,0.09315,0.094
1675008000000,0.094,0.0942,0.09285,0.094
1675022400000,0.094,0.09455,0.09315,0.0944
1675036800000,0.0944,0.0949,0.0931,0.09385
1675051200000,0.09385,0.0942,0.0933,0.09345
1675065600000,0.09345,0.0938,0.0907,0.0912
1675080000000,0.0912,0.09215,0.0909,0.09155
1675094400000,0.09155,0.09235,0.08805,0.08945
1675108800000,0.08945,0.09005,0.0884,0.09
1675123200000,0.09,0.09085,0.08925,0.09055
1675137600000,0.09055,0.0911,0.09,0.09095
1675152000000,0.09095,0.09105,0.08965,0.08995
1675166400000,0.08995,0.09115,0.08965,0.091
1675180800000,0.091,0.0916,0.09075,0.0915
1675195200000,0.0915,0.09155,0.0896,0.0907
1675209600000,0.0907,0.09085,0.0899,0.0903
1675224000000,0.0903,0.0904,0.08885,0.0895
1675238400000,0.0895,0.0899,0.08845,0.0897
1675252800000,0.0897,0.09005,0.088,0.08845
1675267200000,0.08845,0.09105,0.08725,0.0905
1675281600000,0.0905,0.09255,0.0904,0.0923
1675296000000,0.0923,0.09335,0.0921,0.09245
1675310400000,0.09245,0.0937,0.0923,0.0928
1675324800000,0.0928,0.09395,0.09265,0.0935
1675339200000,0.0935,0.0938,0.09235,0.09345
1675353600000,0.09345,0.0948,0.09275,0.09315
1675368000000,0.09315,0.0936,0.09085,0.09185
1675382400000,0.09185,0.09255,0.09145,0.09245
1675396800000,0.09245,0.09305,0.09195,0.09205
1675411200000,0.09205,0.09305,0.09175,0.09295
1675425600000,0.09295,0.09325,0.09135,0.0928
1675440000000,0.0928,0.0934,0.0921,0.09215
1675454400000,0.09215,0.09295,0.09175,0.09295
1675468800000,0.09295,0.0934,0.09255,0.09265
1675483200000,0.09265,0.0932,0.0922,0.09295
1675497600000,0.09295,0.0933,0.0926,0.0932
1675512000000,0.0932,0.0941,0.0931,0.09365
1675526400000,0.09365,0.094,0.09315,0.0938
1675540800000,0.0938,0.09415,0.0927,0.09295
1675555200000,0.09295,0.09305,0.0924,0.09275
1675569600000,0.09275,0.09315,0.0927,0.0931
1675584000000,0.0931,0.09385,0.09295,0.0935
1675598400000,0.0935,0.0938,0.0905,0.0913
1675612800000,0.0913,0.09165,0.09005,0.0908
1675627200000,0.0908,0.09115,0.08955,0.0909
1675641600000,0.0909,0.09145,0.08985,0.09025
1675656000000,0.09025,0.0907,0.08915,0.09065
1675670400000,0.09065,0.09085,0.08975,0.0904
1675684800000,0.0904,0.0917,0.09015,0.09165
1675699200000,0.09165,0.09175,0.09095,0.09115
1675713600000,0.09115,0.09125,0.08845,0.0888
1675728000000,0.0888,0.08985,0.08865,0.08955
1675742400000,0.08955,0.0897,0.0893,0.08945
1675756800000,0.08945,0.09075,0.0891,0.09045
1675771200000,0.09045,0.0905,0.0896,0.08995
1675785600000,0.08995,0.0913,0.08885,0.09065
1675800000000,0.09065,0.0922,0.09055,0.09205
1675814400000,0.09205,0.09285,0.09165,0.092
1675828800000,0.092,0.09245,0.0917,0.09195
1675843200000,0.09195,0.09215,0.09135,0.09215
1675857600000,0.09215,0.0932,0.0907,0.091
1675872000000,0.091,0.0916,0.08935,0.0909
1675886400000,0.0909,0.0912,0.0901,0.0911
1675900800000,0.0911,0.0914,0.08775,0.08835
1675915200000,0.08835,0.08965,0.08785,0.08945
1675929600000,0.08945,0.09,0.08915,0.0894
1675944000000,0.0894,0.0914,0.0891,0.0907
1675958400000,0.0907,0.0907,0.08615,0.0871
1675972800000,0.0871,0.0872,0.08415,0.0855
1675987200000,0.0855,0.08605,0.08495,0.08565
1676001600000,0.08565,0.087,0.0849,0.08685
1676016000000,0.08685,0.0869,0.08525,0.0853
1676030400000,0.0853,0.08635,0.0846,0.08555
1676044800000,0.08555,0.0864,0.08505,0.0863
1676059200000,0.0863,0.08645,0.0849,0.0856
1676073600000,0.0856,0.08675,0.08555,0.08645
1676088000000,0.08645,0.0865,0.08555,0.0857
1676102400000,0.0857,0.0857,0.08525,0.0854
1676116800000,0.0854,0.08635,0.0851,0.08605
1676131200000,0.08605,0.08625,0.0853,0.08545
1676145600000,0.08545,0.0864,0.08535,0.0862
1676160000000,0.0862,0.0862,0.08555,0.0858
1676174400000,0.0858,0.08585,0.08535,0.0858
1676188800000,0.0858,0.08645,0.0857,0.0861
1676203200000,0.0861,0.08675,0.08565,0.0866
1676217600000,0.0866,0.087,0.0865,0.08685
1676232000000,0.08685,0.0871,0.08395,0.085
1676246400000,0.085,0.0851,0.0835,0.0847
1676260800000,0.0847,0.08565,0.08465,0.0853
1676275200000,0.0853,0.08535,0.0816,0.08315
1676289600000,0.08315,0.08415,0.083,0.0836
1676304000000,0.0836,0.08465,0.08225,0.0846
1676318400000,0.0846,0.0853,0.084,0.08505
1676332800000,0.08505,0.08505,0.084,0.0842
1676347200000,0.0842,0.0845,0.0839,0.0843
1676361600000,0.0843,0.0844,0.08345,0.08355
1676376000000,0.08355,0.0857,0.0828,0.08495
1676390400000,0.08495,0.0854,0.0841,0.0853
1676404800000,0.0853,0.08595,0.0849,0.0858
1676419200000,0.0858,0.08605,0.0843,0.085
1676433600000,0.085,0.0855,0.085,0.08525
1676448000000,0.08525,0.086,0.085,0.08595
1676462400000,0.08595,0.08675,0.08595,0.08655
1676476800000,0.08655,0.0883,0.0862,0.0882
1676491200000,0.0882,0.09025,0.088,0.0902
1676505600000,0.0902,0.09115,0.0893,0.09095
1676520000000,0.09095,0.0912,0.0901,0.0905
1676534400000,0.0905,0.0907,0.0896,0.0897
1676548800000,0.0897,0.0903,0.0884,0.0903
1676563200000,0.0903,0.0907,0.08885,0.08985
1676577600000,0.08985,0.0899,0.08605,0.0861
1676592000000,0.0861,0.088,0.08565,0.0878
1676606400000,0.0878,0.088,0.08705,0.08755
1676620800000,0.08755,0.0881,0.0874,0.08795
1676635200000,0.08795,0.08875,0.0875,0.08855
1676649600000,0.08855,0.0901,0.08775,0.08995
1676664000000,0.08995,0.09085,0.08855,0.0908
1676678400000,0.0908,0.0911,0.0902,0.09045
1676692800000,0.09045,0.09135,0.08975,0.09005
1676707200000,0.09005,0.0909,0.0897,0.09045
1676721600000,0.09045,0.0934,0.09025,0.0931
1676736000000,0.0931,0.0931,0.09155,0.09195
1676750400000,0.09195,0.0925,0.0913,0.09185
1676764800000,0.09185,0.0924,0.0912,0.09135
1676779200000,0.09135,0.0924,0.09085,0.09095
1676793600000,0.09095,0.09285,0.0907,0.09255
1676808000000,0.09255,0.0936,0.0922,0.09295
1676822400000,0.09295,0.09315,0.0901,0.09055
1676836800000,0.09055,0.09135,0.0898,0.09065
1676851200000,0.09065,0.0916,0.08845,0.09135
1676865600000,0.09135,0.09195,0.0913,0.09185
1676880000000,0.09185,0.093,0.0913,0.09285
1676894400000,0.09285,0.09445,0.0919,0.0932
1676908800000,0.0932,0.09485,0.0925,0.0948
1676923200000,0.0948,0.09505,0.09405,0.0946
1676937600000,0.0946,0.09565,0.0941,0.0955
1676952000000,0.0955,0.09785,0.09495,0.09705
1676966400000,0.09705,0.09795,0.0945,0.0949
1676980800000,0.0949,0.09545,0.0934,0.09505
1676995200000,0.09505,0.09725,0.09385,0.09595
1677009600000,0.09595,0.0964,0.0939,0.09495
1677024000000,0.09495,0.09525,0.09195,0.09335
1677038400000,0.09335,0.09345,0.09145,0.09195
1677052800000,0.09195,0.0923,0.0909,0.09205
1677067200000,0.09205,0.09265,0.0906,0.09065
1677081600000,0.09065,0.0921,0.0904,0.09135
1677096000000,0.09135,0.09255,0.0908,0.09245
1677110400000,0.09245,0.0932,0.0921,0.0927
1677124800000,0.0927,0.0929,0.092,0.09285
1677139200000,0.09285,0.093,0.09065,0.09105
1677153600000,0.09105,0.09235,0.0906,0.0912
1677168000000,0.0912,0.09165,0.09015,0.0916
1677182400000,0.0916,0.0918,0.09045,0.09095
1677196800000,0.09095,0.0916,0.0908,0.09105
1677211200000,0.09105,0.0916,0.09025,0.09155
1677225600000,0.09155,0.09165,0.0904,0.09105
1677240000000,0.09105,0.09135,0.089,0.0893
1677254400000,0.0893,0.0893,0.0872,0.08875
1677268800000,0.08875,0.08945,0.08755,0.0891
1677283200000,0.0891,0.08955,0.08875,0.0889
1677297600000,0.0889,0.0893,0.0884,0.08905
1677312000000,0.08905,0.08925,0.0877,0.0884
1677326400000,0.0884,0.0889,0.0878,0.0882
1677340800000,0.0882,0.0885,0.0869,0.0874
1677355200000,0.0874,0.0881,0.08625,0.088
1677369600000,0.088,0.0881,0.0875,0.088
1677384000000,0.088,0.08805,0.08775,0.0879
1677398400000,0.0879,0.08835,0.08775,0.08825
1677412800000,0.08825,0.0883,0.08755,0.0881
1677427200000,0.0881,0.0888,0.0871,0.0887
1677441600000,0.0887,0.0891,0.08795,0.08905
1677456000000,0.08905,0.08925,0.08875,0.0889
1677470400000,0.0889,0.0891,0.0879,0.08805
1677484800000,0.08805,0.08805,0.08725,0.08745
1677499200000,0.08745,0.08945,0.08735,0.0885
1677513600000,0.0885,0.08875,0.08695,0.08795
1677528000000,0.08795,0.08855,0.08765,0.0883
1677542400000,0.0883,0.0886,0.0873,0.0877
1677556800000,0.0877,0.08775,0.08705,0.0871
1677571200000,0.0871,0.0878,0.0868,0.08755
1677585600000,0.08755,0.08795,0.08735,0.08785
1677600000000,0.08785,0.0879,0.08665,0.08695
1677614400000,0.08695,0.08735,0.08565,0.0871
1677628800000,0.0871,0.08765,0.0866,0.0875
1677643200000,0.0875,0.08845,0.0875,0.0883
1677657600000,0.0883,0.0887,0.0879,0.08815
1677672000000,0.08815,0.08845,0.0875,0.08785
1677686400000,0.08785,0.08805,0.0868,0.08715
1677700800000,0.08715,0.0882,0.087,0.088
1677715200000,0.088,0.0883,0.0867,0.08695
1677729600000,0.08695,0.0873,0.0867,0.0869
1677744000000,0.0869,0.08735,0.08675,0.08695
1677758400000,0.08695,0.08705,0.0862,0.087
1677772800000,0.087,0.08765,0.0865,0.08755
1677787200000,0.08755,0.08785,0.08715,0.0875
1677801600000,0.0875,0.0877,0.0819,0.0843
1677816000000,0.0843,0.08465,0.0839,0.08415
1677830400000,0.08415,0.0847,0.0841,0.0845
1677844800000,0.0845,0.0847,0.0839,0.0846
1677859200000,0.0846,0.0848,0.08405,0.08445
1677873600000,0.08445,0.0857,0.0839,0.0856
1677888000000,0.0856,0.0859,0.08495,0.085
1677902400000,0.085,0.0853,0.08465,0.0853
1677916800000,0.0853,0.0856,0.08455,0.0846
1677931200000,0.0846,0.08475,0.0843,0.08435
1677945600000,0.08435,0.08455,0.08325,0.0834
1677960000000,0.0834,0.0837,0.0819,0.08365
1677974400000,0.08365,0.08445,0.08285,0.08395
1677988800000,0.08395,0.0844,0.0835,0.0835
1678003200000,0.0835,0.08365,0.0829,0.0833
1678017600000,0.0833,0.08365,0.08315,0.08335
1678032000000,0.08335,0.08345,0.083,0.0832
1678046400000,0.0832,0.0839,0.08215,0.08265
1678060800000,0.08265,0.083,0.0816,0.0824
1678075200000,0.0824,0.0826,0.0817,0.0824
1678089600000,0.0824,0.08275,0.082,0.082
1678104000000,0.082,0.08305,0.08175,0.083
1678118400000,0.083,0.08325,0.0825,0.08275
1678132800000,0.08275,0.08355,0.08255,0.08345
1678147200000,0.08345,0.0841,0.0834,0.08355
1678161600000,0.08355,0.08375,0.08305,0.08305
1678176000000,0.08305,0.08315,0.0819,0.082
1678190400000,0.082,0.08335,0.08125,0.0831
1678204800000,0.0831,0.08325,0.0819,0.08195
1678219200000,0.08195,0.08275,0.0817,0.0827
1678233600000,0.0827,0.08315,0.0817,0.0822
1678248000000,0.0822,0.0822,0.08025,0.0814
1678262400000,0.0814,0.08225,0.0811,0.082
1678276800000,0.082,0.08425,0.08175,0.084
1678291200000,0.084,0.08455,0.08245,0.0831
1678305600000,0.0831,0.08365,0.0809,0.0816
1678320000000,0.0816,0.0823,0.0809,0.08205
1678334400000,0.08205,0.08235,0.0815,0.0816
1678348800000,0.0816,0.0818,0.08095,0.08125
1678363200000,0.08125,0.08185,0.0805,0.08075
1678377600000,0.08075,0.0808,0.07805,0.07855
1678392000000,0.07855,0.07865,0.0757,0.07695
1678406400000,0.07695,0.0778,0.076,0.07755
1678420800000,0.07755,0.07765,0.07635,0.0768
1678435200000,0.0768,0.07685,0.0743,0.0757
1678449600000,0.0757,0.0773,0.0754,0.07695
1678464000000,0.07695,0.07795,0.07655,0.0775
1678478400000,0.0775,0.0784,0.07735,0.07805
1678492800000,0.07805,0.07925,0.07785,0.0782
1678507200000,0.0782,0.07825,0.07545,0.0757
1678521600000,0.0757,0.07675,0.07485,0.0761
1678536000000,0.0761,0.07635,0.0755,0.0756
1678550400000,0.0756,0.0784,0.07545,0.0781
1678564800000,0.0781,0.079,0.0779,0.07875
1678579200000,0.07875,0.07995,0.07835,0.07955
1678593600000,0.07955,0.07965,0.0785,0.0787
1678608000000,0.0787,0.0799,0.0787,0.0798
1678622400000,0.0798,0.0798,0.0782,0.0785
1678636800000,0.0785,0.08025,0.07805,0.0788
1678651200000,0.0788,0.08265,0.0788,0.0822
1678665600000,0.0822,0.0837,0.0819,0.082
1678680000000,0.082,0.08275,0.08195,0.08245
1678694400000,0.08245,0.0825,0.0802,0.08105
1678708800000,0.08105,0.08525,0.08025,0.0841
1678723200000,0.0841,0.08475,0.0834,0.0844
1678737600000,0.0844,0.0852,0.0839,0.0844
1678752000000,0.0844,0.0849,0.08395,0.08485
1678766400000,0.08485,0.08495,0.0836,0.08385
1678780800000,0.08385,0.0843,0.0832,0.08395
1678795200000,0.08395,0.08785,0.08345,0.08755
1678809600000,0.08755,0.08955,0.08585,0.08895
1678824000000,0.08895,0.09,0.0865,0.0884
1678838400000,0.0884,0.0888,0.08745,0.0879
1678852800000,0.0879,0.08855,0.08735,0.0879
1678867200000,0.0879,0.088,0.08525,0.08605
1678881600000,0.08605,0.0867,0.0835,0.084
1678896000000,0.084,0.08415,0.0826,0.08325
1678910400000,0.08325,0.0839,0.08285,0.0837
1678924800000,0.0837,0.0845,0.0831,0.0841
1678939200000,0.0841,0.0849,0.0834,0.08445
1678953600000,0.08445,0.08515,0.0838,0.0851
1678968000000,0.0851,0.0851,0.0833,0.08465
1678982400000,0.08465,0.08525,0.0843,0.0849
1678996800000,0.0849,0.0849,0.08365,0.0845
1679011200000,0.0845,0.0855,0.0837,0.085
1679025600000,0.085,0.0858,0.0845,0.0854
1679040000000,0.0854,0.08695,0.0848,0.0866
1679054400000,0.0866,0.08705,0.0851,0.0858
1679068800000,0.0858,0.08655,0.08555,0.08655
1679083200000,0.08655,0.088,0.0859,0.08795
1679097600000,0.08795,0.08875,0.0871,0.08805
1679112000000,0.08805,0.08845,0.0872,0.08785
1679126400000,0.08785,0.0881,0.0866,0.088
1679140800000,0.088,0.08825,0.0857,0.0863
1679155200000,0.0863,0.08705,0.0847,0.08655
1679169600000,0.08655,0.08685,0.08505,0.0855
1679184000000,0.0855,0.08685,0.0855,0.08685
1679198400000,0.08685,0.0872,0.0854,0.0863
1679212800000,0.0863,0.0875,0.0858,0.0873
1679227200000,0.0873,0.0885,0.087,0.08765
1679241600000,0.08765,0.08905,0.08755,0.0883
1679256000000,0.0883,0.08865,0.08675,0.0877
1679270400000,0.0877,0.08915,0.0871,0.0874
1679284800000,0.0874,0.0883,0.0865,0.0883
1679299200000,0.0883,0.0894,0.08775,0.0885
1679313600000,0.0885,0.0894,0.0878,0.08805
1679328000000,0.08805,0.08855,0.0863,0.0868
1679342400000,0.0868,0.08815,0.086,0.08625
1679356800000,0.08625,0.08825,0.0862,0.0879
1679371200000,0.0879,0.0881,0.08575,0.08625
1679385600000,0.08625,0.08765,0.0855,0.0871
1679400000000,0.0871,0.0926,0.08695,0.09215
1679414400000,0.09215,0.0967,0.09175,0.096
1679428800000,0.096,0.0999,0.09515,0.0963
1679443200000,0.0963,0.09705,0.09415,0.09535
1679457600000,0.09535,0.09665,0.0939,0.0951
1679472000000,0.0951,0.0953,0.09275,0.09315
1679486400000,0.09315,0.094,0.09205,0.09245
1679500800000,0.09245,0.09345,0.0881,0.08845
1679515200000,0.08845,0.09075,0.08815,0.09075
1679529600000,0.09075,0.0911,0.08975,0.09055
1679544000000,0.09055,0.09345,0.09055,0.09275
1679558400000,0.09275,0.0935,0.09185,0.0926
1679572800000,0.0926,0.09355,0.0908,0.0931
1679587200000,0.0931,0.0937,0.0914,0.09235
1679601600000,0.09235,0.0926,0.09155,0.0924
1679616000000,0.0924,0.0926,0.0916,0.09165
1679630400000,0.09165,0.0918,0.0909,0.0912
1679644800000,0.0912,0.09125,0.08855,0.08935
1679659200000,0.08935,0.09105,0.0882,0.08925
1679673600000,0.08925,0.08935,0.087,0.089
1679688000000,0.089,0.0892,0.0879,0.08865
1679702400000,0.08865,0.08955,0.08835,0.0893
1679716800000,0.0893,0.09105,0.0893,0.08975
1679731200000,0.08975,0.09075,0.089,0.09065
1679745600000,0.09065,0.0925,0.08995,0.0919
1679760000000,0.0919,0.09295,0.09025,0.0905
1679774400000,0.0905,0.0915,0.08955,0.0906
1679788800000,0.0906,0.0918,0.0903,0.09165
1679803200000,0.09165,0.09225,0.0912,0.092
1679817600000,0.092,0.0923,0.0915,0.0922
1679832000000,0.0922,0.0924,0.0907,0.091
1679846400000,0.091,0.0917,0.0906,0.0916
1679860800000,0.0916,0.09225,0.09115,0.0918
1679875200000,0.0918,0.0926,0.09075,0.09205
1679889600000,0.09205,0.09315,0.09175,0.0923
1679904000000,0.0923,0.09435,0.0923,0.094
1679918400000,0.094,0.095,0.08935,0.0907
1679932800000,0.0907,0.0919,0.0904,0.0909
1679947200000,0.0909,0.0929,0.0906,0.0925
1679961600000,0.0925,0.09305,0.09085,0.091
1679976000000,0.091,0.09405,0.09095,0.09315
1679990400000,0.09315,0.09465,0.0923,0.094
1680004800000,0.094,0.09665,0.0939,0.09485
1680019200000,0.09485,0.098,0.0943,0.0972
1680033600000,0.0972,0.09815,0.09675,0.09765
1680048000000,0.09765,0.1042,0.09765,0.10255
1680062400000,0.10255,0.10435,0.10205,0.1043
1680076800000,0.1043,0.1073,0.10395,0.1065
1680091200000,0.1065,0.10675,0.10115,0.10155
1680105600000,0.10155,0.10245,0.10045,0.10225
1680120000000,0.10225,0.1028,0.1009,0.1016
1680134400000,0.1016,0.10305,0.09955,0.10165
1680148800000,0.10165,0.1054,0.1015,0.1054
1680163200000,0.1054,0.10695,0.1037,0.10585
1680177600000,0.10585,0.1064,0.10425,0.10445
1680192000000,0.10445,0.1058,0.1027,0.10515
1680206400000,0.10515,0.10655,0.10445,0.1064
1680220800000,0.1064,0.1108,0.10505,0.10985
1680235200000,0.10985,0.1128,0.1085,0.10895
1680249600000,0.10895,0.10975,0.10795,0.1087
1680264000000,0.1087,0.11045,0.10855,0.10905
1680278400000,0.10905,0.11065,0.1084,0.11055
1680292800000,0.11055,0.1126,0.11035,0.1121
1680307200000,0.1121,0.1145,0.11125,0.11145
1680321600000,0.11145,0.1133,0.1089,0.1093
1680336000000,0.1093,0.10945,0.10755,0.10795
1680350400000,0.10795,0.10995,0.10775,0.10995
1680364800000,0.10995,0.11,0.1086,0.109
1680379200000,0.109,0.10965,0.108,0.10805
1680393600000,0.10805,0.1082,0.10665,0.1077
1680408000000,0.1077,0.10975,0.1077,0.10915
1680422400000,0.10915,0.1108,0.10825,0.1104
1680436800000,0.1104,0.11105,0.10815,0.11
1680451200000,0.11,0.11,0.107,0.10795
1680465600000,0.10795,0.1084,0.1056,0.10645
1680480000000,0.10645,0.10795,0.10465,0.1072
1680494400000,0.1072,0.1082,0.1063,0.10815
1680508800000,0.10815,0.11045,0.1077,0.1096
1680523200000,0.1096,0.11025,0.10755,0.1083
1680537600000,0.1083,0.1102,0.10795,0.1088
1680552000000,0.1088,0.1089,0.10485,0.1065
1680566400000,0.1065,0.10665,0.10525,0.10605
1680580800000,0.10605,0.107,0.10535,0.10535
1680595200000,0.10535,0.10595,0.10445,0.1059
1680609600000,0.1059,0.10655,0.105,0.10515
1680624000000,0.10515,0.1061,0.10495,0.10595
1680638400000,0.10595,0.10695,0.10555,0.1061
1680652800000,0.1061,0.10785,0.1051,0.10735
1680667200000,0.10735,0.10875,0.10685,0.10835
1680681600000,0.10835,0.10875,0.1071,0.10735
1680696000000,0.10735,0.1075,0.10505,0.10625
1680710400000,0.10625,0.1074,0.1056,0.1071
1680724800000,0.1071,0.10755,0.107,0.10715
1680739200000,0.10715,0.1073,0.10475,0.10625
1680753600000,0.10625,0.10645,0.10455,0.10465
1680768000000,0.10465,0.1059,0.1045,0.10585
1680782400000,0.10585,0.10655,0.1048,0.1062
1680796800000,0.1062,0.1064,0.10465,0.10485
1680811200000,0.10485,0.10575,0.10385,0.10575
1680825600000,0.10575,0.1062,0.1046,0.1047
1680840000000,0.1047,0.10575,0.10405,0.10455
1680854400000,0.10455,0.10605,0.1045,0.10485
1680868800000,0.10485,0.10575,0.10465,0.1056
1680883200000,0.1056,0.10615,0.1052,0.10585
1680897600000,0.10585,0.10645,0.1057,0.1064
1680912000000,0.1064,0.10655,0.10535,0.106
1680926400000,0.106,0.1063,0.10545,0.106
1680940800000,0.106,0.10635,0.10525,0.10525
1680955200000,0.10525,0.10545,0.10475,0.1049
1680969600000,0.1049,0.10505,0.1041,0.10455
1680984000000,0.10455,0.1046,0.10375,0.10435
1680998400000,0.10435,0.10545,0.10405,0.10515
1681012800000,0.10515,0.10515,0.1028,0.10305
1681027200000,0.10305,0.1038,0.10285,0.10355
1681041600000,0.10355,0.10395,0.1026,0.10335
1681056000000,0.10335,0.1047,0.1033,0.1044
1681070400000,0.1044,0.10495,0.1037,0.1047
1681084800000,0.1047,0.10495,0.1028,0.1037
1681099200000,0.1037,0.104,0.10325,0.10345
1681113600000,0.10345,0.10365,0.103,0.1031
1681128000000,0.1031,0.1032,0.10235,0.10305
1681142400000,0.10305,0.1046,0.1027,0.10425
1681156800000,0.10425,0.10585,0.1038,0.1056
1681171200000,0.1056,0.10625,0.1051,0.1058
1681185600000,0.1058,0.10645,0.10555,0.10565
1681200000000,0.10565,0.1065,0.1051,0.106
1681214400000,0.106,0.10735,0.106,0.10635
1681228800000,0.10635,0.1066,0.1052,0.1054
1681243200000,0.1054,0.1056,0.10465,0.10505
1681257600000,0.10505,0.10525,0.1023,0.1029
1681272000000,0.1029,0.10365,0.10245,0.10345
1681286400000,0.10345,0.1035,0.1029,0.1032
1681300800000,0.1032,0.1046,0.10285,0.10375
1681315200000,0.10375,0.1039,0.10275,0.10305
1681329600000,0.10305,0.10375,0.10305,0.1035
1681344000000,0.1035,0.1043,0.1031,0.1041
1681358400000,0.1041,0.1048,0.10405,0.1045
1681372800000,0.1045,0.106,0.1044,0.1048
1681387200000,0.1048,0.1054,0.10475,0.1048
1681401600000,0.1048,0.1053,0.10475,0.1051
1681416000000,0.1051,0.1054,0.1049,0.10535
1681430400000,0.10535,0.1072,0.1053,0.10685
1681444800000,0.10685,0.1092,0.1066,0.10685
1681459200000,0.10685,0.109,0.1067,0.10845
1681473600000,0.10845,0.1086,0.1057,0.1057
1681488000000,0.1057,0.1072,0.1052,0.10715
1681502400000,0.10715,0.10775,0.10685,0.107
1681516800000,0.107,0.1071,0.1058,0.10635
1681531200000,0.10635,0.10725,0.10605,0.1072
1681545600000,0.1072,0.10745,0.10675,0.10715
1681560000000,0.10715,0.10755,0.10655,0.10695
1681574400000,0.10695,0.1073,0.10615,0.10665
1681588800000,0.10665,0.10675,0.1058,0.1064
1681603200000,0.1064,0.1067,0.1053,0.10575
1681617600000,0.10575,0.1068,0.10555,0.10675
1681632000000,0.10675,0.10705,0.106,0.10605
1681646400000,0.10605,0.107,0.1057,0.1069
1681660800000,0.1069,0.1081,0.1063,0.10725
1681675200000,0.10725,0.10785,0.1068,0.1075
1681689600000,0.1075,0.10765,0.10505,0.10665
1681704000000,0.10665,0.10675,0.1053,0.1057
1681718400000,0.1057,0.1058,0.1044,0.10485
1681732800000,0.10485,0.10525,0.10335,0.1035
1681747200000,0.1035,0.1046,0.10335,0.1044
1681761600000,0.1044,0.1045,0.10385,0.104
1681776000000,0.104,0.10445,0.10345,0.10435
1681790400000,0.10435,0.1052,0.10435,0.1052
1681804800000,0.1052,0.10595,0.1048,0.1058
1681819200000,0.1058,0.1064,0.10485,0.10505
1681833600000,0.10505,0.10525,0.10395,0.1041
1681848000000,0.1041,0.10585,0.10395,0.10575
1681862400000,0.10575,0.10625,0.1049,0.10505
1681876800000,0.10505,0.1052,0.1039,0.10405
1681891200000,0.10405,0.10405,0.09315,0.0989
1681905600000,0.0989,0.09935,0.09835,0.0985
1681920000000,0.0985,0.0989,0.098,0.0987
1681934400000,0.0987,0.09895,0.09625,0.0975
1681948800000,0.0975,0.09845,0.0966,0.09765
1681963200000,0.09765,0.0983,0.09755,0.09755
1681977600000,0.09755,0.0981,0.0967,0.09685
1681992000000,0.09685,0.09795,0.09645,0.09665
1682006400000,0.09665,0.09665,0.09425,0.09475
1682020800000,0.09475,0.09585,0.0946,0.0957
1682035200000,0.0957,0.09615,0.09525,0.09615
1682049600000,0.09615,0.0966,0.09455,0.09575
1682064000000,0.09575,0.09625,0.09505,0.0954
1682078400000,0.0954,0.09665,0.09445,0.09585
1682092800000,0.09585,0.0961,0.0926,0.09325
1682107200000,0.09325,0.0936,0.09205,0.09295
1682121600000,0.09295,0.0932,0.09195,0.09295
1682136000000,0.09295,0.09335,0.09225,0.09235
1682150400000,0.09235,0.0934,0.09235,0.0934
1682164800000,0.0934,0.0953,0.0933,0.0945
1682179200000,0.0945,0.0955,0.09445,0.0951
1682193600000,0.0951,0.09555,0.0949,0.0955
1682208000000,0.0955,0.09555,0.094,0.0944
1682222400000,0.0944,0.09525,0.0943,0.09525
1682236800000,0.09525,0.0953,0.094,0.0944
1682251200000,0.0944,0.0946,0.0929,0.0935
1682265600000,0.0935,0.09415,0.0925,0.09345
1682280000000,0.09345,0.0947,0.09325,0.09455
1682294400000,0.09455,0.09615,0.09415,0.0951
1682308800000,0.0951,0.0951,0.09285,0.0934
1682323200000,0.0934,0.09435,0.09295,0.0942
1682337600000,0.0942,0.09495,0.09305,0.0931
1682352000000,0.0931,0.09375,0.0917,0.0934
1682366400000,0.0934,0.0938,0.09305,0.0933
1682380800000,0.0933,0.09345,0.0921,0.09235
1682395200000,0.09235,0.0928,0.092,0.0922
1682409600000,0.0922,0.09295,0.0919,0.0927
1682424000000,0.0927,0.093,0.09205,0.09265
1682438400000,0.09265,0.0939,0.0925,0.09385
1682452800000,0.09385,0.09505,0.0938,0.0949
1682467200000,0.0949,0.09515,0.0942,0.09445
1682481600000,0.09445,0.0951,0.09445,0.09475
1682496000000,0.09475,0.09605,0.09475,0.09565
1682510400000,0.09565,0.09695,0.09565,0.09635
1682524800000,0.09635,0.09645,0.09125,0.0924
1682539200000,0.0924,0.0935,0.0896,0.0935
1682553600000,0.0935,0.0949,0.093,0.09365
1682568000000,0.09365,0.0944,0.09285,0.09335
1682582400000,0.09335,0.09345,0.0927,0.093
1682596800000,0.093,0.0941,0.09235,0.0937
1682611200000,0.0937,0.09495,0.0935,0.0944
1682625600000,0.0944,0.09475,0.0936,0.09425
1682640000000,0.09425,0.0947,0.09375,0.09455
1682654400000,0.09455,0.09585,0.09455,0.0955
1682668800000,0.0955,0.0958,0.0945,0.0946
1682683200000,0.0946,0.0951,0.09345,0.094
1682697600000,0.094,0.0944,0.09365,0.09425
1682712000000,0.09425,0.09485,0.09415,0.0946
1682726400000,0.0946,0.09525,0.0942,0.09505
1682740800000,0.09505,0.0952,0.0948,0.0949
1682755200000,0.0949,0.095,0.09425,0.09465
1682769600000,0.09465,0.0953,0.0945,0.0949
1682784000000,0.0949,0.0951,0.0937,0.0951
1682798400000,0.0951,0.0958,0.09505,0.0958
1682812800000,0.0958,0.096,0.0949,0.095
1682827200000,0.095,0.0957,0.09495,0.0952
1682841600000,0.0952,0.09545,0.09445,0.0947
1682856000000,0.0947,0.09575,0.09465,0.09525
1682870400000,0.09525,0.09585,0.09455,0.0948
1682884800000,0.0948,0.09505,0.09395,0.09425
1682899200000,0.09425,0.09455,0.0928,0.0941
1682913600000,0.0941,0.09415,0.09345,0.0938
1682928000000,0.0938,0.0939,0.0929,0.09295
1682942400000,0.09295,0.09365,0.09265,0.0929
1682956800000,0.0929,0.09315,0.09155,0.0921
1682971200000,0.0921,0.09265,0.09165,0.09265
1682985600000,0.09265,0.09285,0.09195,0.09245
1683000000000,0.09245,0.0925,0.09205,0.0922
1683014400000,0.0922,0.0924,0.0919,0.09215
1683028800000,0.09215,0.0933,0.09175,0.0929
1683043200000,0.0929,0.09365,0.09255,0.0934
1683057600000,0.0934,0.0936,0.09325,0.09345
1683072000000,0.09345,0.09345,0.0923,0.09305
1683086400000,0.09305,0.0931,0.0925,0.09275
1683100800000,0.09275,0.09315,0.09235,0.09235
1683115200000,0.09235,0.0924,0.0917,0.09195
1683129600000,0.09195,0.09295,0.0919,0.09245
1683144000000,0.09245,0.09375,0.09235,0.0935
1683158400000,0.0935,0.0938,0.093,0.09375
1683172800000,0.09375,0.0941,0.0935,0.0935
1683187200000,0.0935,0.09375,0.0932,0.09325
1683201600000,0.09325,0.09345,0.0927,0.09285
1683216000000,0.09285,0.09315,0.09265,0.0931
1683230400000,0.0931,0.09345,0.093,0.0934
1683244800000,0.0934,0.0938,0.0932,0.0933
1683259200000,0.0933,0.09355,0.0929,0.0929
1683273600000,0.0929,0.09335,0.0929,0.09315
1683288000000,0.09315,0.0935,0.0919,0.0933
1683302400000,0.0933,0.0945,0.0933,0.0942
1683316800000,0.0942,0.09435,0.0941,0.0942
1683331200000,0.0942,0.09465,0.0931,0.0937
1683345600000,0.0937,0.0938,0.0935,0.09355
1683360000000,0.09355,0.0936,0.09295,0.09315
1683374400000,0.09315,0.09315,0.0914,0.0916
1683388800000,0.0916,0.0925,0.09155,0.09215
1683403200000,0.09215,0.09235,0.09195,0.09235
1683417600000,0.09235,0.0926,0.09175,0.0918
1683432000000,0.0918,0.0925,0.09175,0.0925
1683446400000,0.0925,0.09265,0.09225,0.09255
1683460800000,0.09255,0.093,0.0925,0.0927
1683475200000,0.0927,0.09285,0.0922,0.0925
1683489600000,0.0925,0.09265,0.0915,0.0917
1683504000000,0.0917,0.09225,0.0888,0.09025
1683518400000,0.09025,0.0903,0.0888,0.0893
1683532800000,0.0893,0.08995,0.0888,0.08985
1683547200000,0.08985,0.0903,0.08945,0.0899
1683561600000,0.0899,0.09005,0.08695,0.08815
1683576000000,0.08815,0.08945,0.0881,0.08935
1683590400000,0.08935,0.0894,0.0884,0.08845
1683604800000,0.08845,0.08925,0.0883,0.08925
1683619200000,0.08925,0.08925,0.08865,0.0892
1683633600000,0.0892,0.08935,0.0884,0.08845
1683648000000,0.08845,0.08895,0.08805,0.08865
1683662400000,0.08865,0.0891,0.0886,0.089
1683676800000,0.089,0.0894,0.08855,0.08855
1683691200000,0.08855,0.08885,0.0883,0.08845
1683705600000,0.08845,0.0889,0.08825,0.08885
1683720000000,0.08885,0.08985,0.0884,0.0894
1683734400000,0.0894,0.0897,0.08635,0.0892
1683748800000,0.0892,0.08975,0.0885,0.08895
1683763200000,0.08895,0.089,0.08825,0.0884
1683777600000,0.0884,0.0885,0.088,0.08825
1683792000000,0.08825,0.0887,0.08755,0.0886
1683806400000,0.0886,0.0895,0.08805,0.0886
1683820800000,0.0886,0.08895,0.0875,0.08845
1683835200000,0.08845,0.0899,0.08835,0.0894
1683849600000,0.0894,0.0894,0.08795,0.0883
1683864000000,0.0883,0.0901,0.08815,0.08835
1683878400000,0.08835,0.08935,0.08835,0.08915
1683892800000,0.08915,0.0895,0.08815,0.0882
1683907200000,0.0882,0.08865,0.08695,0.08865
1683921600000,0.08865,0.08925,0.0883,0.089
1683936000000,0.089,0.0892,0.08855,0.08905
1683950400000,0.08905,0.08905,0.08855,0.08895
1683964800000,0.08895,0.0893,0.0886,0.0888
1683979200000,0.0888,0.08895,0.08805,0.08855
1683993600000,0.08855,0.08895,0.08835,0.08875
1684008000000,0.08875,0.0889,0.08815,0.0882
1684022400000,0.0882,0.0884,0.08775,0.08835
1684036800000,0.08835,0.0886,0.0883,0.0884
1684051200000,0.0884,0.08855,0.0879,0.088
1684065600000,0.088,0.08855,0.08765,0.0884
1684080000000,0.0884,0.0884,0.08745,0.08815
1684094400000,0.08815,0.08865,0.08805,0.08855
1684108800000,0.08855,0.08935,0.088,0.0891
1684123200000,0.0891,0.0892,0.08845,0.0885
1684137600000,0.0885,0.08875,0.0881,0.08815
1684152000000,0.08815,0.0886,0.08785,0.0883
1684166400000,0.0883,0.08865,0.0881,0.08825
1684180800000,0.08825,0.0883,0.08775,0.088
1684195200000,0.088,0.0883,0.08755,0.0883
1684209600000,0.0883,0.08865,0.08815,0.0885
1684224000000,0.0885,0.08855,0.0876,0.08785
1684238400000,0.08785,0.088,0.08705,0.08735
1684252800000,0.08735,0.0874,0.0867,0.0869
1684267200000,0.0869,0.0879,0.0868,0.0879
1684281600000,0.0879,0.08895,0.0879,0.08885
1684296000000,0.08885,0.089,0.0878,0.08805
1684310400000,0.08805,0.08835,0.08745,0.08755
1684324800000,0.08755,0.088,0.08715,0.0877
1684339200000,0.0877,0.08875,0.08745,0.08845
1684353600000,0.08845,0.0887,0.08795,0.08865
1684368000000,0.08865,0.08885,0.08825,0.0888
1684382400000,0.0888,0.08885,0.0882,0.08865
1684396800000,0.08865,0.0901,0.08865,0.08935
1684411200000,0.08935,0.08935,0.0883,0.0885
1684425600000,0.0885,0.0891,0.0872,0.08805
1684440000000,0.08805,0.0892,0.08795,0.08865
1684454400000,0.08865,0.08905,0.08835,0.08895
1684468800000,0.08895,0.0893,0.0887,0.0887
1684483200000,0.0887,0.08895,0.08855,0.08855
1684497600000,0.08855,0.08955,0.08835,0.0889
1684512000000,0.0889,0.08925,0.0887,0.089
1684526400000,0.089,0.08935,0.0888,0.0891
1684540800000,0.0891,0.08925,0.08865,0.08875
1684555200000,0.08875,0.0888,0.0885,0.08855
1684569600000,0.08855,0.08865,0.0884,0.0884
1684584000000,0.0884,0.0885,0.0882,0.0884
1684598400000,0.0884,0.0887,0.0881,0.0887
1684612800000,0.0887,0.08885,0.08825,0.08875
1684627200000,0.08875,0.08915,0.0887,0.0889
1684641600000,0.0889,0.08905,0.08885,0.08895
1684656000000,0.08895,0.08895,0.0882,0.08835
1684670400000,0.08835,0.0886,0.0877,0.0881
1684684800000,0.0881,0.0884,0.0879,0.08835
1684699200000,0.08835,0.0886,0.08775,0.0881
1684713600000,0.0881,0.08835,0.08715,0.08765
1684728000000,0.08765,0.0883,0.0875,0.08755
1684742400000,0.08755,0.08815,0.0875,0.0879
1684756800000,0.0879,0.0883,0.08775,0.088
1684771200000,0.088,0.08855,0.08785,0.0884
1684785600000,0.0884,0.08855,0.08795,0.08805
1684800000000,0.08805,0.08905,0.08785,0.0889
1684814400000,0.0889,0.08905,0.08825,0.0885
1684828800000,0.0885,0.08855,0.08815,0.0883
1684843200000,0.0883,0.08835,0.08785,0.088
1684857600000,0.088,0.08805,0.08765,0.088
1684872000000,0.088,0.08815,0.0879,0.08815
1684886400000,0.08815,0.08825,0.0873,0.08755
1684900800000,0.08755,0.08795,0.0873,0.0873
1684915200000,0.0873,0.0875,0.0872,0.08735
1684929600000,0.08735,0.08745,0.0857,0.08595
1684944000000,0.08595,0.0863,0.0855,0.0861
1684958400000,0.0861,0.08655,0.08605,0.0864
1684972800000,0.0864,0.0867,0.0854,0.0861
1684987200000,0.0861,0.0863,0.08595,0.0863
1685001600000,0.0863,0.0867,0.08625,0.08665
1685016000000,0.08665,0.087,0.0862,0.08625
1685030400000,0.08625,0.0871,0.08625,0.08705
1685044800000,0.08705,0.08705,0.0867,0.08705
1685059200000,0.08705,0.08765,0.08675,0.08725
1685073600000,0.08725,0.0876,0.0871,0.0876
1685088000000,0.0876,0.0878,0.0875,0.08775
1685102400000,0.08775,0.08815,0.08745,0.08795
1685116800000,0.08795,0.08815,0.0878,0.08805
1685131200000,0.08805,0.0882,0.08765,0.0877
1685145600000,0.0877,0.08835,0.08745,0.08825
1685160000000,0.08825,0.0884,0.0877,0.08815
1685174400000,0.08815,0.0883,0.08775,0.08775
1685188800000,0.08775,0.0879,0.08725,0.08785
1685203200000,0.08785,0.08795,0.0876,0.0877
1685217600000,0.0877,0.0882,0.0876,0.08815
1685232000000,0.08815,0.0886,0.08795,0.0884
1685246400000,0.0884,0.08845,0.0883,0.08845
1685260800000,0.08845,0.08845,0.088,0.088
1685275200000,0.088,0.08835,0.0879,0.08795
1685289600000,0.08795,0.08855,0.0878,0.0882
1685304000000,0.0882,0.0896,0.088,0.0887
1685318400000,0.0887,0.089,0.0886,0.08865
1685332800000,0.08865,0.08935,0.0883,0.08915
1685347200000,0.08915,0.0894,0.08895,0.0893
1685361600000,0.0893,0.08935,0.0888,0.08905
1685376000000,0.08905,0.0894,0.0884,0.0887
1685390400000,0.0887,0.08955,0.08865,0.0892
1685404800000,0.0892,0.0898,0.0889,0.0896
1685419200000,0.0896,0.08995,0.0893,0.0898
1685433600000,0.0898,0.0906,0.0897,0.09055
1685448000000,0.09055,0.0906,0.08875,0.0894
1685462400000,0.0894,0.0904,0.0889,0.08995
1685476800000,0.08995,0.09105,0.0899,0.0908
1685491200000,0.0908,0.09165,0.0903,0.09145
1685505600000,0.09145,0.0915,0.0897,0.0897
1685520000000,0.0897,0.0905,0.08935,0.0901
1685534400000,0.0901,0.09045,0.0897,0.09025
1685548800000,0.09025,0.0914,0.09,0.09135
1685563200000,0.09135,0.09305,0.09105,0.0925
1685577600000,0.0925,0.0927,0.09125,0.09245
1685592000000,0.09245,0.0927,0.09155,0.092
1685606400000,0.092,0.09275,0.09185,0.0926
1685620800000,0.0926,0.09275,0.09185,0.0921
1685635200000,0.0921,0.09215,0.0907,0.09125
1685649600000,0.09125,0.0916,0.09065,0.0911
1685664000000,0.0911,0.0919,0.09055,0.09185
1685678400000,0.09185,0.0922,0.09175,0.09205
1685692800000,0.09205,0.0922,0.09165,0.0919
1685707200000,0.0919,0.09215,0.0915,0.09205
1685721600000,0.09205,0.0924,0.09175,0.09235
1685736000000,0.09235,0.09245,0.09195,0.092
1685750400000,0.092,0.0923,0.0915,0.0923
1685764800000,0.0923,0.0935,0.0921,0.0926
1685779200000,0.0926,0.09315,0.0923,0.0931
1685793600000,0.0931,0.09335,0.0923,0.0927
1685808000000,0.0927,0.0927,0.0918,0.092
1685822400000,0.092,0.09215,0.0918,0.09195
1685836800000,0.09195,0.09245,0.09145,0.09205
1685851200000,0.09205,0.09225,0.09165,0.0922
1685865600000,0.0922,0.09245,0.09195,0.0924
1685880000000,0.0924,0.09295,0.09215,0.09255
1685894400000,0.09255,0.09275,0.092,0.0922
1685908800000,0.0922,0.0925,0.0911,0.0914
1685923200000,0.0914,0.0919,0.0905,0.0908
1685937600000,0.0908,0.09145,0.0908,0.0912
1685952000000,0.0912,0.09145,0.09075,0.09145
1685966400000,0.09145,0.09145,0.08825,0.08825
1685980800000,0.08825,0.089,0.0848,0.0889
1685995200000,0.0889,0.0889,0.0872,0.0877
1686009600000,0.0877,0.08835,0.08755,0.0879
1686024000000,0.0879,0.08845,0.08775,0.0878
1686038400000,0.0878,0.0879,0.0871,0.08715
1686052800000,0.08715,0.0883,0.0865,0.08795
1686067200000,0.08795,0.08925,0.08725,0.0892
1686081600000,0.0892,0.0898,0.08835,0.08965
1686096000000,0.08965,0.09,0.08885,0.0892
1686110400000,0.0892,0.0892,0.08855,0.0888
1686124800000,0.0888,0.0891,0.088,0.0888
1686139200000,0.0888,0.08885,0.08695,0.08725
1686153600000,0.08725,0.08765,0.08665,0.0874
1686168000000,0.0874,0.0879,0.0867,0.08725
1686182400000,0.08725,0.0877,0.08665,0.08685
1686196800000,0.08685,0.0876,0.08685,0.0871
1686211200000,0.0871,0.0872,0.0868,0.0871
1686225600000,0.0871,0.08795,0.08695,0.0875
1686240000000,0.0875,0.08805,0.08705,0.0872
1686254400000,0.0872,0.08735,0.0869,0.08695
1686268800000,0.08695,0.08725,0.08645,0.0867
1686283200000,0.0867,0.0873,0.0867,0.087
1686297600000,0.087,0.08735,0.08675,0.08715
1686312000000,0.08715,0.08795,0.0871,0.0877
1686326400000,0.0877,0.08805,0.0875,0.08755
1686340800000,0.08755,0.08905,0.0875,0.08895
1686355200000,0.08895,0.08905,0.0867,0.08675
1686369600000,0.08675,0.087,0.0766,0.0814
1686384000000,0.0814,0.0816,0.08045,0.0814
1686398400000,0.0814,0.0814,0.0791,0.07925
1686412800000,0.07925,0.0814,0.07905,0.081
1686427200000,0.081,0.08245,0.08055,0.082
1686441600000,0.082,0.08275,0.08155,0.0818
1686456000000,0.0818,0.08255,0.0812,0.08255
1686470400000,0.08255,0.08285,0.0822,0.08255
1686484800000,0.08255,0.08275,0.0809,0.08165
1686499200000,0.08165,0.0846,0.0816,0.0842
1686513600000,0.0842,0.0845,0.08275,0.08345
1686528000000,0.08345,0.0835,0.0815,0.08265
1686542400000,0.08265,0.0832,0.08215,0.08225
1686556800000,0.08225,0.08355,0.0822,0.0828
1686571200000,0.0828,0.0834,0.08195,0.08285
1686585600000,0.08285,0.08325,0.0821,0.0828
1686600000000,0.0828,0.0836,0.0827,0.08295
1686614400000,0.08295,0.08375,0.0825,0.0835
1686628800000,0.0835,0.0835,0.0826,0.0828
1686643200000,0.0828,0.0855,0.08255,0.0855
1686657600000,0.0855,0.08625,0.0826,0.08295
1686672000000,0.08295,0.0835,0.08275,0.0828
1686686400000,0.0828,0.08335,0.08225,0.08245
1686700800000,0.08245,0.08295,0.08205,0.0825
1686715200000,0.0825,0.08255,0.0817,0.08205
1686729600000,0.08205,0.0824,0.08185,0.08195
1686744000000,0.08195,0.0822,0.0813,0.0814
1686758400000,0.0814,0.0817,0.08015,0.08095
1686772800000,0.08095,0.08095,0.0774,0.0792
1686787200000,0.0792,0.07945,0.0787,0.0791
1686801600000,0.0791,0.0791,0.07715,0.07735
1686816000000,0.07735,0.0776,0.07635,0.07725
1686830400000,0.07725,0.07735,0.07575,0.07595
1686844800000,0.07595,0.07675,0.0751,0.0766
1686859200000,0.0766,0.0772,0.07595,0.07635
1686873600000,0.07635,0.07735,0.07595,0.07735
1686888000000,0.07735,0.07845,0.07725,0.0784
1686902400000,0.0784,0.07885,0.077,0.07725
1686916800000,0.07725,0.07725,0.0761,0.0768
1686931200000,0.0768,0.07825,0.0767,0.0774
1686945600000,0.0774,0.07775,0.0771,0.07735
1686960000000,0.07735,0.07775,0.0768,0.0774
1686974400000,0.0774,0.0794,0.07735,0.0789
1686988800000,0.0789,0.07895,0.0784,0.07845
1687003200000,0.07845,0.0803,0.07825,0.0798
1687017600000,0.0798,0.08045,0.0798,0.0801
1687032000000,0.0801,0.0805,0.0791,0.07955
1687046400000,0.07955,0.0803,0.079,0.0802
1687060800000,0.0802,0.0804,0.07965,0.08
1687075200000,0.08,0.0805,0.07965,0.08045
1687089600000,0.08045,0.0809,0.07995,0.08055
1687104000000,0.08055,0.081,0.0802,0.0803
1687118400000,0.0803,0.08035,0.0789,0.0795
1687132800000,0.0795,0.07985,0.0789,0.0793
1687147200000,0.0793,0.08015,0.0793,0.0798
1687161600000,0.0798,0.0804,0.0795,0.08035
1687176000000,0.08035,0.08055,0.07935,0.0795
1687190400000,0.0795,0.08025,0.0789,0.07965
1687204800000,0.07965,0.08005,0.07955,0.08
1687219200000,0.08,0.0804,0.0797,0.07985
1687233600000,0.07985,0.0801,0.07925,0.07945
1687248000000,0.07945,0.07955,0.0789,0.0794
1687262400000,0.0794,0.07945,0.07805,0.079
1687276800000,0.079,0.0832,0.0788,0.0824
1687291200000,0.0824,0.0831,0.0821,0.08275
1687305600000,0.08275,0.084,0.0821,0.08375
1687320000000,0.08375,0.0842,0.0833,0.08375
1687334400000,0.08375,0.0839,0.08305,0.08365
1687348800000,0.08365,0.08745,0.08315,0.0856
1687363200000,0.0856,0.0868,0.08525,0.0861
1687377600000,0.0861,0.087,0.08545,0.08675
1687392000000,0.08675,0.08925,0.08655,0.0886
1687406400000,0.0886,0.0887,0.08725,0.0882
1687420800000,0.0882,0.0893,0.0865,0.0869
1687435200000,0.0869,0.088,0.08565,0.08655
1687449600000,0.08655,0.08695,0.0857,0.08685
1687464000000,0.08685,0.087,0.08635,0.08665
1687478400000,0.08665,0.08815,0.08665,0.08805
1687492800000,0.08805,0.08815,0.0871,0.08755
1687507200000,0.08755,0.0881,0.0871,0.0881
1687521600000,0.0881,0.08945,0.0869,0.08915
1687536000000,0.08915,0.09,0.0884,0.08975
1687550400000,0.08975,0.09005,0.08855,0.0895
1687564800000,0.0895,0.0904,0.08875,0.09025
1687579200000,0.09025,0.09035,0.0895,0.08975
1687593600000,0.08975,0.0911,0.08975,0.0908
1687608000000,0.0908,0.09125,0.08855,0.0893
1687622400000,0.0893,0.09035,0.0885,0.09005
1687636800000,0.09005,0.09055,0.08935,0.09045
1687651200000,0.09045,0.0916,0.0903,0.09145
1687665600000,0.09145,0.09225,0.0912,0.092
1687680000000,0.092,0.0925,0.09115,0.0917
1687694400000,0.0917,0.09185,0.09025,0.0914
1687708800000,0.0914,0.0921,0.0911,0.0914
1687723200000,0.0914,0.09215,0.0913,0.09155
1687737600000,0.09155,0.09175,0.09055,0.09135
1687752000000,0.09135,0.0919,0.0904,0.0913
1687766400000,0.0913,0.0917,0.091,0.0913
1687780800000,0.0913,0.0925,0.09095,0.09245
1687795200000,0.09245,0.0927,0.0906,0.09185
1687809600000,0.09185,0.09225,0.0909,0.09205
1687824000000,0.09205,0.0942,0.09195,0.09385
1687838400000,0.09385,0.09455,0.093,0.0942
1687852800000,0.0942,0.09595,0.093,0.09585
1687867200000,0.09585,0.0986,0.0951,0.09605
1687881600000,0.09605,0.10215,0.0956,0.1015
1687896000000,0.1015,0.1035,0.10105,0.10265
1687910400000,0.10265,0.1045,0.1013,0.1027
1687924800000,0.1027,0.1059,0.1017,0.10235
1687939200000,0.10235,0.10315,0.0991,0.1004
1687953600000,0.1004,0.10485,0.0987,0.10375
1687968000000,0.10375,0.105,0.0993,0.10105
1687982400000,0.10105,0.10215,0.09965,0.1003
1687996800000,0.1003,0.10345,0.1003,0.10275
1688011200000,0.10275,0.1047,0.10205,0.1026
1688025600000,0.1026,0.1032,0.10135,0.1021
1688040000000,0.1021,0.1027,0.1005,0.10115
1688054400000,0.10115,0.103,0.1011,0.10295
1688068800000,0.10295,0.1032,0.102,0.1021
1688083200000,0.1021,0.10525,0.10115,0.10445
1688097600000,0.10445,0.10725,0.10415,0.107
1688112000000,0.107,0.1181,0.10665,0.1136
1688126400000,0.1136,0.11405,0.10225,0.10745
1688140800000,0.10745,0.1131,0.1066,0.11235
1688155200000,0.11235,0.11285,0.11005,0.1106
1688169600000,0.1106,0.11165,0.10775,0.10785
1688184000000,0.10785,0.1079,0.10605,0.10665
1688198400000,0.10665,0.1077,0.10625,0.1071
1688212800000,0.1071,0.10905,0.10685,0.10745
1688227200000,0.10745,0.1079,0.1054,0.10695
1688241600000,0.10695,0.10745,0.1066,0.10735
1688256000000,0.10735,0.1074,0.10445,0.10525
1688270400000,0.10525,0.10595,0.1045,0.10585
1688284800000,0.10585,0.10805,0.10565,0.10765
1688299200000,0.10765,0.108,0.10575,0.1075
1688313600000,0.1075,0.1078,0.106,0.10645
1688328000000,0.10645,0.1079,0.10615,0.10725
1688342400000,0.10725,0.1093,0.1066,0.10915
1688356800000,0.10915,0.1094,0.10755,0.10915
1688371200000,0.10915,0.1093,0.10595,0.10625
1688385600000,0.10625,0.10785,0.10595,0.10685
1688400000000,0.10685,0.10715,0.10555,0.1069
1688414400000,0.1069,0.10715,0.10475,0.10585
1688428800000,0.10585,0.10645,0.105,0.1058
1688443200000,0.1058,0.1059,0.1044,0.1053
1688457600000,0.1053,0.106,0.10495,0.10585
1688472000000,0.10585,0.10585,0.1041,0.10465
1688486400000,0.10465,0.1054,0.1027,0.10375
1688500800000,0.10375,0.1047,0.10315,0.10325
1688515200000,0.10325,0.1043,0.10315,0.1043
1688529600000,0.1043,0.1046,0.10335,0.1036
1688544000000,0.1036,0.10375,0.1001,0.10185
1688558400000,0.10185,0.10195,0.09975,0.1006
1688572800000,0.1006,0.10125,0.09995,0.10005
1688587200000,0.10005,0.10065,0.0993,0.10045
1688601600000,0.10045,0.10075,0.0994,0.0999
1688616000000,0.0999,0.1011,0.09905,0.1007
1688630400000,0.1007,0.10225,0.0994,0.09975
1688644800000,0.09975,0.0999,0.0965,0.09845
1688659200000,0.09845,0.0985,0.09715,0.09735
1688673600000,0.09735,0.09745,0.09555,0.0957
1688688000000,0.0957,0.0974,0.0951,0.09625
1688702400000,0.09625,0.09655,0.09495,0.09525
1688716800000,0.09525,0.0962,0.09495,0.0955
1688731200000,0.0955,0.09715,0.09485,0.0971
1688745600000,0.0971,0.0974,0.0965,0.0968
1688760000000,0.0968,0.09735,0.09585,0.0973
1688774400000,0.0973,0.09785,0.0969,0.0971
1688788800000,0.0971,0.09745,0.0963,0.09725
1688803200000,0.09725,0.09875,0.09715,0.09855
1688817600000,0.09855,0.0993,0.09785,0.09795
1688832000000,0.09795,0.10015,0.09785,0.0982
1688846400000,0.0982,0.09965,0.09775,0.0996
1688860800000,0.0996,0.1,0.0989,0.09935
1688875200000,0.09935,0.0998,0.09835,0.099
1688889600000,0.099,0.0994,0.09835,0.0989
1688904000000,0.0989,0.0993,0.09825,0.09905
1688918400000,0.09905,0.09945,0.09865,0.0987
1688932800000,0.0987,0.0994,0.09855,0.09895
1688947200000,0.09895,0.0991,0.0968,0.0981
1688961600000,0.0981,0.0996,0.09785,0.098
1688976000000,0.098,0.09855,0.0972,0.0982
1688990400000,0.0982,0.0989,0.09805,0.0987
1689004800000,0.0987,0.1001,0.09845,0.1
1689019200000,0.1,0.1006,0.0986,0.09985
1689033600000,0.09985,0.09995,0.0989,0.0999
1689048000000,0.0999,0.1009,0.0993,0.10055
1689062400000,0.10055,0.10075,0.09965,0.0997
1689076800000,0.0997,0.10055,0.09935,0.09985
1689091200000,0.09985,0.10025,0.0992,0.0992
1689105600000,0.0992,0.0994,0.09835,0.0985
1689120000000,0.0985,0.0985,0.0966,0.0969
1689134400000,0.0969,0.098,0.09645,0.09775
1689148800000,0.09775,0.09775,0.09695,0.09745
1689163200000,0.09745,0.09815,0.0969,0.09715
1689177600000,0.09715,0.09725,0.0953,0.09545
1689192000000,0.09545,0.0963,0.0953,0.0961
1689206400000,0.0961,0.0964,0.0953,0.09585
1689220800000,0.09585,0.09685,0.09565,0.0964
1689235200000,0.0964,0.09715,0.09635,0.0969
1689249600000,0.0969,0.11085,0.09655,0.10785
1689264000000,0.10785,0.1965,0.10665,0.1616
1689278400000,0.1616,0.16235,0.1436,0.1552
1689292800000,0.1552,0.15615,0.14165,0.14875
1689307200000,0.14875,0.15755,0.1447,0.1465
1689321600000,0.1465,0.15205,0.14505,0.1508
1689336000000,0.1508,0.1508,0.14005,0.14095
1689350400000,0.14095,0.14155,0.1252,0.13085
1689364800000,0.13085,0.1362,0.12875,0.13485
1689379200000,0.13485,0.1355,0.1307,0.1327
1689393600000,0.1327,0.1352,0.1323,0.1333
1689408000000,0.1333,0.1346,0.13035,0.1308
1689422400000,0.1308,0.1334,0.1305,0.1322
1689436800000,0.1322,0.1322,0.1276,0.12945
1689451200000,0.12945,0.1298,0.127,0.1278
1689465600000,0.1278,0.1294,0.12575,0.12705
1689480000000,0.12705,0.12765,0.1249,0.1264
1689494400000,0.1264,0.1387,0.12585,0.1343
1689508800000,0.1343,0.13795,0.1308,0.135
1689523200000,0.135,0.1373,0.131,0.13115
1689537600000,0.13115,0.1343,0.13065,0.13125
1689552000000,0.13125,0.1343,0.1308,0.13175
1689566400000,0.13175,0.1318,0.12865,0.12945
1689580800000,0.12945,0.13015,0.1237,0.12655
1689595200000,0.12655,0.1283,0.1255,0.1268
1689609600000,0.1268,0.12945,0.1245,0.12655
1689624000000,0.12655,0.12905,0.1259,0.1289
1689638400000,0.1289,0.1297,0.128,0.12845
1689652800000,0.12845,0.1287,0.125,0.1263
1689667200000,0.1263,0.13205,0.12505,0.12775
1689681600000,0.12775,0.13165,0.12615,0.12905
1689696000000,0.12905,0.13075,0.1253,0.1285
1689710400000,0.1285,0.13345,0.12735,0.1323
1689724800000,0.1323,0.14415,0.1313,0.1398
1689739200000,0.1398,0.1424,0.1368,0.13805
1689753600000,0.13805,0.14005,0.13525,0.1395
1689768000000,0.1395,0.1435,0.1386,0.14155
1689782400000,0.14155,0.16805,0.14065,0.15895
1689796800000,0.15895,0.1633,0.15295,0.1564
1689811200000,0.1564,0.1789,0.15445,0.1723
1689825600000,0.1723,0.18125,0.16415,0.16725
1689840000000,0.16725,0.17475,0.16065,0.1647
1689854400000,0.1647,0.16965,0.1582,0.161
1689868800000,0.161,0.1732,0.1596,0.16725
1689883200000,0.16725,0.16865,0.16155,0.16315
1689897600000,0.16315,0.17075,0.1615,0.16655
1689912000000,0.16655,0.1678,0.1612,0.1621
1689926400000,0.1621,0.1628,0.15345,0.1575
1689940800000,0.1575,0.1607,0.1562,0.15655
1689955200000,0.15655,0.1619,0.1554,0.1592
1689969600000,0.1592,0.15975,0.15635,0.15705
1689984000000,0.15705,0.16075,0.1552,0.1586
1689998400000,0.1586,0.161,0.15745,0.16005
1690012800000,0.16005,0.1684,0.15985,0.1635
1690027200000,0.1635,0.1663,0.16045,0.16235
1690041600000,0.16235,0.1633,0.15775,0.1593
1690056000000,0.1593,0.1601,0.1546,0.1554
1690070400000,0.1554,0.1572,0.1521,0.15635
1690084800000,0.15635,0.1596,0.1544,0.1551
1690099200000,0.1551,0.15665,0.15415,0.15555
1690113600000,0.15555,0.15595,0.1536,0.15455
1690128000000,0.15455,0.16095,0.15435,0.1579
1690142400000,0.1579,0.15835,0.15525,0.15585
1690156800000,0.15585,0.15585,0.15215,0.1529
1690171200000,0.1529,0.1546,0.1512,0.15135
1690185600000,0.15135,0.1514,0.1436,0.14575
1690200000000,0.14575,0.1467,0.14395,0.14595
1690214400000,0.14595,0.14785,0.14505,0.14535
1690228800000,0.14535,0.1464,0.1441,0.1455
1690243200000,0.1455,0.1463,0.1427,0.14425
1690257600000,0.14425,0.1443,0.1415,0.1423
1690272000000,0.1423,0.1449,0.1412,0.1421
1690286400000,0.1421,0.14985,0.1417,0.14745
1690300800000,0.14745,0.14775,0.14355,0.14375
1690315200000,0.14375,0.1469,0.1431,0.14475
1690329600000,0.14475,0.1453,0.142,0.1446
1690344000000,0.1446,0.14465,0.14025,0.14025
1690358400000,0.14025,0.14285,0.1401,0.1409
1690372800000,0.1409,0.1436,0.1405,0.14325
1690387200000,0.14325,0.14805,0.14135,0.14805
1690401600000,0.14805,0.1633,0.1464,0.1555
1690416000000,0.1555,0.15965,0.1532,0.1572
1690430400000,0.1572,0.15995,0.1562,0.15925
1690444800000,0.15925,0.16345,0.1579,0.16095
1690459200000,0.16095,0.16275,0.1579,0.1606
1690473600000,0.1606,0.16155,0.15695,0.15825
1690488000000,0.15825,0.16045,0.1563,0.1592
1690502400000,0.1592,0.17265,0.1584,0.16095
1690516800000,0.16095,0.16095,0.1577,0.15815
1690531200000,0.15815,0.16585,0.15735,0.1646
1690545600000,0.1646,0.16625,0.1612,0.1613
1690560000000,0.1613,0.16365,0.1608,0.16145
1690574400000,0.16145,0.1624,0.15925,0.1596
1690588800000,0.1596,0.16105,0.1586,0.1601
1690603200000,0.1601,0.16025,0.1582,0.1599
1690617600000,0.1599,0.16025,0.15725,0.1587
1690632000000,0.1587,0.1597,0.1582,0.1588
1690646400000,0.1588,0.16045,0.15825,0.159
1690660800000,0.159,0.1594,0.1578,0.15825
1690675200000,0.15825,0.1589,0.1562,0.15685
1690689600000,0.15685,0.1574,0.15465,0.15505
1690704000000,0.15505,0.1619,0.1548,0.1588
1690718400000,0.1588,0.1611,0.1578,0.15805
1690732800000,0.15805,0.15895,0.15445,0.1557
1690747200000,0.1557,0.15705,0.1519,0.1564
1690761600000,0.1564,0.1578,0.15505,0.15555
1690776000000,0.15555,0.15625,0.15475,0.15505
1690790400000,0.15505,0.156,0.1545,0.15475
1690804800000,0.15475,0.1552,0.15215,0.15285
1690819200000,0.15285,0.15615,0.1522,0.15465
1690833600000,0.15465,0.1558,0.1485,0.14995
1690848000000,0.14995,0.151,0.1444,0.1465
1690862400000,0.1465,0.14775,0.1464,0.14655
1690876800000,0.14655,0.1479,0.1463,0.1475
1690891200000,0.1475,0.15035,0.1466,0.1494
1690905600000,0.1494,0.1529,0.149,0.1516
1690920000000,0.1516,0.1537,0.1504,0.15355
1690934400000,0.15355,0.15455,0.15115,0.1519
1690948800000,0.1519,0.15215,0.1488,0.14915
1690963200000,0.14915,0.1498,0.14845,0.1494
1690977600000,0.1494,0.14945,0.1448,0.1463
1690992000000,0.1463,0.1467,0.14375,0.14595
1691006400000,0.14595,0.14595,0.1433,0.14395
1691020800000,0.14395,0.14565,0.1425,0.14315
1691035200000,0.14315,0.14445,0.1422,0.1429
1691049600000,0.1429,0.14335,0.1411,0.14225
1691064000000,0.14225,0.14235,0.13925,0.14095
1691078400000,0.14095,0.1433,0.13885,0.14045
1691092800000,0.14045,0.14175,0.13795,0.13885
1691107200000,0.13885,0.1418,0.13805,0.14035
1691121600000,0.14035,0.1419,0.1384,0.1394
1691136000000,0.1394,0.14065,0.13905,0.1401
1691150400000,0.1401,0.14185,0.13985,0.1403
1691164800000,0.1403,0.1408,0.13715,0.1379
1691179200000,0.1379,0.1386,0.13595,0.13645
1691193600000,0.13645,0.1373,0.1334,0.136
1691208000000,0.136,0.13655,0.1347,0.1355
1691222400000,0.1355,0.1373,0.13525,0.13615
1691236800000,0.13615,0.1376,0.1357,0.13635
1691251200000,0.13635,0.13825,0.13635,0.1373
1691265600000,0.1373,0.1392,0.13705,0.13895
1691280000000,0.13895,0.14285,0.1385,0.14035
1691294400000,0.14035,0.1412,0.13975,0.141
1691308800000,0.141,0.1451,0.14085,0.14145
1691323200000,0.14145,0.1422,0.13905,0.13955
1691337600000,0.13955,0.1404,0.13865,0.13915
1691352000000,0.13915,0.14035,0.1387,0.1393
1691366400000,0.1393,0.14175,0.1384,0.14075
1691380800000,0.14075,0.14075,0.13765,0.13855
1691395200000,0.13855,0.1432,0.1384,0.14125
1691409600000,0.14125,0.1436,0.1399,0.14
1691424000000,0.14,0.14275,0.13665,0.14045
1691438400000,0.14045,0.14335,0.14025,0.1429
1691452800000,0.1429,0.14355,0.1406,0.1411
1691467200000,0.1411,0.14255,0.13875,0.1392
1691481600000,0.1392,0.14035,0.1383,0.1399
1691496000000,0.1399,0.1423,0.13915,0.1414
1691510400000,0.1414,0.1437,0.1413,0.14165
1691524800000,0.14165,0.1439,0.1413,0.14285
1691539200000,0.14285,0.14375,0.14125,0.1417
1691553600000,0.1417,0.1427,0.1411,0.1427
1691568000000,0.1427,0.14345,0.14195,0.1424
1691582400000,0.1424,0.14605,0.14205,0.14265
1691596800000,0.14265,0.14325,0.14125,0.14235
1691611200000,0.14235,0.14295,0.1396,0.1415
1691625600000,0.1415,0.14175,0.1396,0.1397
1691640000000,0.1397,0.1399,0.1384,0.1389
1691654400000,0.1389,0.1397,0.13855,0.1386
1691668800000,0.1386,0.14095,0.1386,0.13995
1691683200000,0.13995,0.14,0.1383,0.13915
1691697600000,0.13915,0.1393,0.13815,0.13885
1691712000000,0.13885,0.1407,0.13845,0.14055
1691726400000,0.14055,0.14155,0.14,0.1401
1691740800000,0.1401,0.14025,0.1393,0.13995
1691755200000,0.13995,0.14065,0.1385,0.139
1691769600000,0.139,0.1396,0.1383,0.13875
1691784000000,0.13875,0.1397,0.13875,0.1397
1691798400000,0.1397,0.1404,0.13945,0.13975
1691812800000,0.13975,0.1401,0.13865,0.13915
1691827200000,0.13915,0.1392,0.13835,0.1386
1691841600000,0.1386,0.1392,0.1379,0.13835
1691856000000,0.13835,0.13845,0.13685,0.13715
1691870400000,0.13715,0.13805,0.1368,0.1379
1691884800000,0.1379,0.13875,0.13775,0.13855
1691899200000,0.13855,0.1386,0.13765,0.13835
1691913600000,0.13835,0.139,0.1381,0.1382
1691928000000,0.1382,0.13935,0.1382,0.13895
1691942400000,0.13895,0.14065,0.13895,0.1404
1691956800000,0.1404,0.14075,0.13745,0.1378
1691971200000,0.1378,0.1378,0.13625,0.1375
1691985600000,0.1375,0.13835,0.1374,0.1375
1692000000000,0.1375,0.1381,0.13675,0.1371
1692014400000,0.1371,0.1378,0.1365,0.1372
1692028800000,0.1372,0.1372,0.13455,0.1353
1692043200000,0.1353,0.1364,0.135,0.136
1692057600000,0.136,0.1365,0.1348,0.13495
1692072000000,0.13495,0.1351,0.1341,0.13495
1692086400000,0.13495,0.1355,0.1342,0.1343
1692100800000,0.1343,0.1363,0.1329,0.13305
1692115200000,0.13305,0.1338,0.1218,0.1278
1692129600000,0.1278,0.13055,0.1275,0.1302
1692144000000,0.1302,0.1306,0.12865,0.13045
1692158400000,0.13045,0.13265,0.12925,0.12985
1692172800000,0.12985,0.13075,0.12815,0.12975
1692187200000,0.12975,0.13,0.1272,0.1274
1692201600000,0.1274,0.12945,0.1269,0.12815
1692216000000,0.12815,0.12835,0.1229,0.12655
1692230400000,0.12655,0.1275,0.1238,0.12695
1692244800000,0.12695,0.12765,0.12605,0.12635
1692259200000,0.12635,0.12665,0.1249,0.12495
1692273600000,0.12495,0.1262,0.1214,0.1223
1692288000000,0.1223,0.1236,0.1209,0.12305
1692302400000,0.12305,0.1233,0.1028,0.1131
1692316800000,0.1131,0.1151,0.111,0.11245
1692331200000,0.11245,0.11515,0.11125,0.11445
1692345600000,0.11445,0.1174,0.11415,0.117
1692360000000,0.117,0.1177,0.11545,0.1157
1692374400000,0.1157,0.11765,0.1143,0.11605
1692388800000,0.11605,0.1178,0.1158,0.1166
1692403200000,0.1166,0.1191,0.1165,0.11905
1692417600000,0.11905,0.12,0.11745,0.11895
1692432000000,0.11895,0.11995,0.11855,0.11895
1692446400000,0.11895,0.12565,0.1188,0.1249
1692460800000,0.1249,0.1249,0.1219,0.1224
1692475200000,0.1224,0.1237,0.12125,0.1237
1692489600000,0.1237,0.12395,0.12245,0.1239
1692504000000,0.1239,0.127,0.1235,0.12655
1692518400000,0.12655,0.13265,0.12525,0.13065
1692532800000,0.13065,0.1307,0.1278,0.12995
1692547200000,0.12995,0.13175,0.12855,0.13095
1692561600000,0.13095,0.13215,0.12935,0.12945
1692576000000,0.12945,0.13025,0.12675,0.12765
1692590400000,0.12765,0.1286,0.1244,0.1249
1692604800000,0.1249,0.1261,0.12365,0.12535
1692619200000,0.12535,0.1266,0.1218,0.1232
1692633600000,0.1232,0.1251,0.1222,0.1242
1692648000000,0.1242,0.1254,0.12345,0.1246
1692662400000,0.1246,0.1248,0.1235,0.1238
1692676800000,0.1238,0.1244,0.1229,0.1239
1692691200000,0.1239,0.12395,0.1225,0.12275
1692705600000,0.12275,0.1232,0.1194,0.12015
1692720000000,0.12015,0.12095,0.11705,0.11785
1692734400000,0.11785,0.12205,0.1168,0.12055
1692748800000,0.12055,0.1215,0.12015,0.1206
1692763200000,0.1206,0.12135,0.1197,0.1206
1692777600000,0.1206,0.125,0.12055,0.12495
1692792000000,0.12495,0.12605,0.12245,0.12555
1692806400000,0.12555,0.12845,0.1253,0.12745
1692820800000,0.12745,0.12895,0.1256,0.1274
1692835200000,0.1274,0.12875,0.1274,0.12805
1692849600000,0.12805,0.12825,0.1264,0.12805
1692864000000,0.12805,0.12815,0.12595,0.1261
1692878400000,0.1261,0.1261,0.12285,0.12285
1692892800000,0.12285,0.12395,0.12185,0.12345
1692907200000,0.12345,0.12425,0.12145,0.12375
1692921600000,0.12375,0.1239,0.12065,0.1218
1692936000000,0.1218,0.12225,0.1206,0.1208
1692950400000,0.1208,0.1217,0.1207,0.12115
1692964800000,0.12115,0.1241,0.121,0.12235
1692979200000,0.12235,0.12505,0.12115,0.1232
1692993600000,0.1232,0.12405,0.1227,0.12375
1693008000000,0.12375,0.1245,0.1227,0.1241
1693022400000,0.1241,0.12435,0.12245,0.12265
1693036800000,0.12265,0.1236,0.12205,0.12335
1693051200000,0.12335,0.12335,0.1218,0.12215
1693065600000,0.12215,0.1223,0.12035,0.12105
1693080000000,0.12105,0.122,0.1204,0.1208
1693094400000,0.1208,0.1215,0.1202,0.12065
1693108800000,0.12065,0.1223,0.12065,0.1216
1693123200000,0.1216,0.1222,0.1212,0.12125
1693137600000,0.12125,0.12225,0.12075,0.1215
1693152000000,0.1215,0.12175,0.11995,0.1203
1693166400000,0.1203,0.1209,0.11915,0.1208
1693180800000,0.1208,0.1209,0.11875,0.1194
1693195200000,0.1194,0.12,0.11845,0.1193
1693209600000,0.1193,0.11985,0.1184,0.1193
1693224000000,0.1193,0.12135,0.11895,0.11945
1693238400000,0.11945,0.12035,0.11895,0.11925
1693252800000,0.11925,0.12025,0.1189,0.1199
1693267200000,0.1199,0.12055,0.1186,0.11935
1693281600000,0.11935,0.11955,0.11775,0.1178
1693296000000,0.1178,0.1182,0.1168,0.1171
1693310400000,0.1171,0.1286,0.11675,0.12375
1693324800000,0.12375,0.12505,0.12305,0.1236
1693339200000,0.1236,0.1247,0.1233,0.1243
1693353600000,0.1243,0.1244,0.1219,0.12235
1693368000000,0.12235,0.1229,0.12205,0.12275
1693382400000,0.12275,0.123,0.1222,0.12225
1693396800000,0.12225,0.1226,0.12005,0.1207
1693411200000,0.1207,0.1211,0.1203,0.1204
1693425600000,0.1204,0.12095,0.1202,0.12035
1693440000000,0.12035,0.12035,0.11885,0.11895
1693454400000,0.11895,0.12065,0.1189,0.1204
1693468800000,0.1204,0.12085,0.1193,0.12025
1693483200000,0.12025,0.12025,0.1174,0.1182
1693497600000,0.1182,0.1182,0.11305,0.1155
1693512000000,0.1155,0.1155,0.1134,0.1148
1693526400000,0.1148,0.1161,0.1147,0.11595
1693540800000,0.11595,0.11655,0.1153,0.11655
1693555200000,0.11655,0.11725,0.11615,0.11645
1693569600000,0.11645,0.1167,0.1144,0.1152
1693584000000,0.1152,0.11525,0.11255,0.11325
1693598400000,0.11325,0.1149,0.11325,0.114
1693612800000,0.114,0.11435,0.11335,0.11375
1693627200000,0.11375,0.1141,0.1126,0.11305
1693641600000,0.11305,0.1133,0.11205,0.1126
1693656000000,0.1126,0.1136,0.112,0.11295
1693670400000,0.11295,0.11325,0.1112,0.1131
1693684800000,0.1131,0.1138,0.1128,0.1135
1693699200000,0.1135,0.11385,0.1129,0.1137
1693713600000,0.1137,0.1143,0.11325,0.1139
1693728000000,0.1139,0.11475,0.1131,0.11455
1693742400000,0.11455,0.1179,0.11445,0.1176
1693756800000,0.1176,0.12045,0.11735,0.1185
1693771200000,0.1185,0.1196,0.11735,0.11865
1693785600000,0.11865,0.1226,0.1184,0.12125
1693800000000,0.12125,0.1249,0.1211,0.12445
1693814400000,0.12445,0.12645,0.12215,0.12245
1693828800000,0.12245,0.1241,0.12055,0.123
1693843200000,0.123,0.12495,0.12235,0.1247
1693857600000,0.1247,0.1256,0.1223,0.1244
1693872000000,0.1244,0.1258,0.1223,0.1247
1693886400000,0.1247,0.1296,0.12445,0.1247
1693900800000,0.1247,0.1274,0.1242,0.1265
1693915200000,0.1265,0.1266,0.12305,0.12335
1693929600000,0.12335,0.1235,0.12145,0.1217
1693944000000,0.1217,0.12265,0.1213,0.12225
1693958400000,0.12225,0.12385,0.1214,0.1218
1693972800000,0.1218,0.12235,0.1206,0.1216
1693987200000,0.1216,0.1216,0.11945,0.11955
1694001600000,0.11955,0.1199,0.11735,0.1183
1694016000000,0.1183,0.12175,0.11745,0.1204
1694030400000,0.1204,0.12425,0.1204,0.12375
1694044800000,0.12375,0.12445,0.1221,0.1226
1694059200000,0.1226,0.12385,0.1218,0.12365
1694073600000,0.12365,0.12385,0.12185,0.12245
1694088000000,0.12245,0.12345,0.12165,0.123
1694102400000,0.123,0.1243,0.1218,0.1225
1694116800000,0.1225,0.1257,0.12205,0.12535
1694131200000,0.12535,0.1274,0.124,0.1246
1694145600000,0.1246,0.1252,0.12375,0.1244
1694160000000,0.1244,0.12465,0.1219,0.12295
1694174400000,0.12295,0.12585,0.1229,0.12495
1694188800000,0.12495,0.1257,0.1243,0.1252
1694203200000,0.1252,0.1269,0.1252,0.12685
1694217600000,0.12685,0.12955,0.1259,0.1288
1694232000000,0.1288,0.13145,0.128,0.12995
1694246400000,0.12995,0.13275,0.1297,0.13255
1694260800000,0.13255,0.1329,0.1291,0.1305
1694275200000,0.1305,0.1314,0.12955,0.1313
1694289600000,0.1313,0.1325,0.13075,0.1314
1694304000000,0.1314,0.13155,0.1294,0.12995
1694318400000,0.12995,0.132,0.1265,0.1303
1694332800000,0.1303,0.1344,0.12955,0.1308
1694347200000,0.1308,0.1329,0.12925,0.1308
1694361600000,0.1308,0.13305,0.12975,0.13105
1694376000000,0.13105,0.13465,0.1309,0.1337
1694390400000,0.1337,0.13445,0.13105,0.1338
1694404800000,0.1338,0.1338,0.12975,0.13025
1694419200000,0.13025,0.1303,0.12475,0.1257
1694433600000,0.1257,0.1278,0.12405,0.12685
1694448000000,0.12685,0.1285,0.1244,0.125
1694462400000,0.125,0.12845,0.12455,0.12835
1694476800000,0.12835,0.1316,0.1274,0.13105
1694491200000,0.13105,0.1317,0.12965,0.12975
1694505600000,0.12975,0.1321,0.1285,0.131
1694520000000,0.131,0.1319,0.12395,0.12415
1694534400000,0.12415,0.12495,0.12215,0.12235
1694548800000,0.12235,0.12305,0.1202,0.1211
1694563200000,0.1211,0.12165,0.1195,0.1197
1694577600000,0.1197,0.12205,0.11915,0.1194
1694592000000,0.1194,0.12245,0.11925,0.12195
1694606400000,0.12195,0.12195,0.11975,0.1206
1694620800000,0.1206,0.12075,0.1195,0.1198
1694635200000,0.1198,0.12105,0.11955,0.1207
1694649600000,0.1207,0.1218,0.1196,0.11995
1694664000000,0.11995,0.12005,0.1181,0.11875
1694678400000,0.11875,0.11915,0.118,0.11875
1694692800000,0.11875,0.12035,0.1181,0.11935
1694707200000,0.11935,0.12055,0.1183,0.1197
1694721600000,0.1197,0.12055,0.11875,0.1202
1694736000000,0.1202,0.12195,0.1197,0.1199
1694750400000,0.1199,0.12145,0.11965,0.1199
1694764800000,0.1199,0.12065,0.11905,0.11915
1694779200000,0.11915,0.11965,0.11755,0.1182
1694793600000,0.1182,0.1193,0.1175,0.11915
1694808000000,0.11915,0.1208,0.1187,0.1203
1694822400000,0.1203,0.12125,0.11965,0.11975
1694836800000,0.11975,0.12055,0.1191,0.11945
1694851200000,0.11945,0.11955,0.11855,0.119
1694865600000,0.119,0.11945,0.11785,0.11835
1694880000000,0.11835,0.11925,0.11815,0.1184
1694894400000,0.1184,0.11935,0.11835,0.11925
1694908800000,0.11925,0.11935,0.1155,0.11745
1694923200000,0.11745,0.1178,0.11695,0.11705
1694937600000,0.11705,0.11795,0.11685,0.11735
1694952000000,0.11735,0.11775,0.11695,0.1172
1694966400000,0.1172,0.11725,0.11585,0.1166
1694980800000,0.1166,0.1166,0.11495,0.11605
1694995200000,0.11605,0.11795,0.11505,0.11775
1695009600000,0.11775,0.1181,0.1168,0.1169
1695024000000,0.1169,0.1188,0.11665,0.1184
1695038400000,0.1184,0.1194,0.1182,0.1186
1695052800000,0.1186,0.1193,0.1169,0.11755
1695067200000,0.11755,0.11845,0.11715,0.11795
1695081600000,0.11795,0.1191,0.11725,0.11855
1695096000000,0.11855,0.11895,0.1178,0.1179
1695110400000,0.1179,0.1202,0.11785,0.11875
1695124800000,0.11875,0.11905,0.11745,0.1184
1695139200000,0.1184,0.11865,0.11735,0.11785
1695153600000,0.11785,0.11855,0.11715,0.11825
1695168000000,0.11825,0.1191,0.11795,0.1189
1695182400000,0.1189,0.1191,0.11775,0.11835
1695196800000,0.11835,0.1186,0.11675,0.1174
1695211200000,0.1174,0.11785,0.1168,0.1175
1695225600000,0.1175,0.11835,0.11595,0.11645
1695240000000,0.11645,0.11775,0.11605,0.1168
1695254400000,0.1168,0.1168,0.11585,0.1163
1695268800000,0.1163,0.11635,0.1137,0.1137
1695283200000,0.1137,0.11395,0.1114,0.1122
1695297600000,0.1122,0.1133,0.11155,0.1133
1695312000000,0.1133,0.114,0.11315,0.11365
1695326400000,0.11365,0.1138,0.1126,0.1138
1695340800000,0.1138,0.11465,0.11315,0.11465
1695355200000,0.11465,0.1155,0.11405,0.115
1695369600000,0.115,0.1154,0.11445,0.11485
1695384000000,0.11485,0.1151,0.11425,0.11425
1695398400000,0.11425,0.11445,0.11345,0.1136
1695412800000,0.1136,0.1146,0.1133,0.1145
1695427200000,0.1145,0.11515,0.1143,0.1145
1695441600000,0.1145,0.1148,0.1141,0.11425
1695456000000,0.11425,0.1146,0.1139,0.114
1695470400000,0.114,0.114,0.11275,0.1133
1695484800000,0.1133,0.11415,0.1132,0.11395
1695499200000,0.11395,0.1144,0.11345,0.1141
1695513600000,0.1141,0.11415,0.11305,0.11325
1695528000000,0.11325,0.11365,0.11295,0.1132
1695542400000,0.1132,0.1135,0.11295,0.11325
1695556800000,0.11325,0.1136,0.11275,0.113
1695571200000,0.113,0.11375,0.11225,0.11275
1695585600000,0.11275,0.11335,0.1117,0.11215
1695600000000,0.11215,0.1133,0.11135,0.11275
1695614400000,0.11275,0.1128,0.1118,0.11225
1695628800000,0.11225,0.1123,0.1107,0.11105
1695643200000,0.11105,0.11215,0.11095,0.1117
1695657600000,0.1117,0.11315,0.1117,0.1128
1695672000000,0.1128,0.1131,0.1123,0.11295
1695686400000,0.11295,0.113,0.11205,0.1125
1695700800000,0.1125,0.11255,0.11165,0.1119
1695715200000,0.1119,0.112,0.11105,0.1113
1695729600000,0.1113,0.1116,0.1108,0.1111
1695744000000,0.1111,0.1123,0.11095,0.1122
1695758400000,0.1122,0.11255,0.1109,0.11185
1695772800000,0.11185,0.112,0.1113,0.1118
1695787200000,0.1118,0.1131,0.1116,0.11265
1695801600000,0.11265,0.1144,0.11225,0.11415
1695816000000,0.11415,0.1143,0.112,0.11255
1695830400000,0.11255,0.11295,0.11175,0.11235
1695844800000,0.11235,0.11275,0.1113,0.11245
1695859200000,0.11245,0.11335,0.1122,0.11245
1695873600000,0.11245,0.1133,0.1122,0.11305
1695888000000,0.11305,0.1138,0.11265,0.11315
1695902400000,0.11315,0.114,0.1128,0.11385
1695916800000,0.11385,0.11445,0.113,0.1137
1695931200000,0.1137,0.11425,0.1129,0.1141
1695945600000,0.1141,0.11425,0.11325,0.11355
1695960000000,0.11355,0.1143,0.1133,0.11425
1695974400000,0.11425,0.11425,0.1135,0.1141
1695988800000,0.1141,0.1188,0.1141,0.11575
1696003200000,0.11575,0.11605,0.11475,0.11505
1696017600000,0.11505,0.11505,0.11255,0.1126
1696032000000,0.1126,0.1127,0.1108,0.11195
1696046400000,0.11195,0.1124,0.11175,0.11235
1696060800000,0.11235,0.11245,0.11195,0.11215
1696075200000,0.11215,0.11275,0.11215,0.11245
1696089600000,0.11245,0.11275,0.1124,0.1126
1696104000000,0.1126,0.11275,0.11185,0.11215
1696118400000,0.11215,0.1127,0.112,0.11235
1696132800000,0.11235,0.11325,0.11235,0.11285
1696147200000,0.11285,0.11405,0.11255,0.1136
1696161600000,0.1136,0.11375,0.11245,0.1129
1696176000000,0.1129,0.11295,0.112,0.11225
1696190400000,0.11225,0.1147,0.1118,0.11425
1696204800000,0.11425,0.115,0.1137,0.11475
1696219200000,0.11475,0.11485,0.1136,0.1142
1696233600000,0.1142,0.115,0.11365,0.11365
1696248000000,0.11365,0.114,0.1121,0.1126
1696262400000,0.1126,0.1134,0.11005,0.11185
1696276800000,0.11185,0.1121,0.1103,0.11145
1696291200000,0.11145,0.112,0.11095,0.1117
1696305600000,0.1117,0.11185,0.1109,0.1112
1696320000000,0.1112,0.1117,0.11075,0.11115
1696334400000,0.11115,0.11155,0.10975,0.11025
1696348800000,0.11025,0.1115,0.11005,0.111
1696363200000,0.111,0.11645,0.1109,0.1146
1696377600000,0.1146,0.1153,0.11045,0.1136
1696392000000,0.1136,0.1137,0.11195,0.11315
1696406400000,0.11315,0.1137,0.1126,0.11265
1696420800000,0.11265,0.11305,0.11165,0.1117
1696435200000,0.1117,0.113,0.1116,0.11225
1696449600000,0.11225,0.11275,0.112,0.1123
1696464000000,0.1123,0.11235,0.11075,0.1114
1696478400000,0.1114,0.1119,0.11075,0.1111
1696492800000,0.1111,0.11215,0.1109,0.1118
1696507200000,0.1118,0.11225,0.11015,0.1105
1696521600000,0.1105,0.1111,0.11015,0.111
1696536000000,0.111,0.1112,0.1105,0.1106
1696550400000,0.1106,0.111,0.11055,0.1107
1696564800000,0.1107,0.1112,0.1104,0.11115
1696579200000,0.11115,0.1113,0.11075,0.1108
1696593600000,0.1108,0.1115,0.1095,0.1113
1696608000000,0.1113,0.11155,0.11085,0.11135
1696622400000,0.11135,0.1123,0.1112,0.11165
1696636800000,0.11165,0.112,0.1114,0.1114
1696651200000,0.1114,0.1117,0.1108,0.1108
1696665600000,0.1108,0.11125,0.1107,0.11075
1696680000000,0.11075,0.111,0.1107,0.1108
1696694400000,0.1108,0.1108,0.11035,0.1104
1696708800000,0.1104,0.1111,0.1104,0.1111
1696723200000,0.1111,0.11135,0.1108,0.11115
1696737600000,0.11115,0.1112,0.11065,0.11095
1696752000000,0.11095,0.11125,0.1104,0.1106
1696766400000,0.1106,0.11095,0.1104,0.1105
1696780800000,0.1105,0.11085,0.11045,0.11055
1696795200000,0.11055,0.1109,0.1101,0.11055
1696809600000,0.11055,0.11095,0.10975,0.1107
1696824000000,0.1107,0.11095,0.1099,0.1101
1696838400000,0.1101,0.11015,0.10285,0.10535
1696852800000,0.10535,0.1064,0.10515,0.1059
1696867200000,0.1059,0.106,0.10405,0.10595
1696881600000,0.10595,0.106,0.10555,0.1059
1696896000000,0.1059,0.10595,0.105,0.10535
1696910400000,0.10535,0.1054,0.1049,0.1049
1696924800000,0.1049,0.10545,0.1045,0.10455
1696939200000,0.10455,0.105,0.1039,0.10395
1696953600000,0.10395,0.10435,0.1034,0.10395
1696968000000,0.10395,0.10445,0.10335,0.1042
1696982400000,0.1042,0.1049,0.1027,0.1033
1696996800000,0.1033,0.10395,0.103,0.1033
1697011200000,0.1033,0.10425,0.10315,0.10365
1697025600000,0.10365,0.10375,0.1019,0.1023
1697040000000,0.1023,0.1029,0.10165,0.1027
1697054400000,0.1027,0.10325,0.10235,0.1032
1697068800000,0.1032,0.10325,0.1023,0.10255
1697083200000,0.10255,0.10305,0.10235,0.10245
1697097600000,0.10245,0.10255,0.1009,0.10205
1697112000000,0.10205,0.1023,0.10145,0.10165
1697126400000,0.10165,0.10205,0.10105,0.10135
1697140800000,0.10135,0.10255,0.1012,0.10245
1697155200000,0.10245,0.1031,0.1022,0.10235
1697169600000,0.10235,0.10285,0.10215,0.10255
1697184000000,0.10255,0.10295,0.10225,0.1028
1697198400000,0.1028,0.1033,0.10235,0.1024
1697212800000,0.1024,0.1027,0.1021,0.1022
1697227200000,0.1022,0.10355,0.1021,0.10285
1697241600000,0.10285,0.10385,0.1028,0.10375
1697256000000,0.10375,0.10395,0.1033,0.1036
1697270400000,0.1036,0.104,0.1033,0.1036
1697284800000,0.1036,0.1042,0.10355,0.10415
1697299200000,0.10415,0.10445,0.1037,0.104
1697313600000,0.104,0.10435,0.1037,0.1042
1697328000000,0.1042,0.105,0.1039,0.10485
1697342400000,0.10485,0.10505,0.1047,0.1048
1697356800000,0.1048,0.1052,0.10445,0.1045
1697371200000,0.1045,0.1053,0.10425,0.10515
1697385600000,0.10515,0.1063,0.10515,0.1057
1697400000000,0.1057,0.1063,0.10565,0.10625
1697414400000,0.10625,0.107,0.10605,0.1066
1697428800000,0.1066,0.10915,0.1063,0.1084
1697443200000,0.1084,0.1086,0.10705,0.1072
1697457600000,0.1072,0.11125,0.10635,0.10655
1697472000000,0.10655,0.1078,0.1061,0.10715
1697486400000,0.10715,0.1078,0.1069,0.1072
1697500800000,0.1072,0.10745,0.10665,0.1069
1697515200000,0.1069,0.1074,0.10625,0.10655
1697529600000,0.10655,0.10665,0.1055,0.10565
1697544000000,0.10565,0.1057,0.10335,0.1047
1697558400000,0.1047,0.10475,0.10345,0.1038
1697572800000,0.1038,0.1038,0.1028,0.10285
1697587200000,0.10285,0.10355,0.10265,0.1035
1697601600000,0.1035,0.10465,0.10335,0.10355
1697616000000,0.10355,0.104,0.10335,0.10375
1697630400000,0.10375,0.104,0.1028,0.10295
1697644800000,0.10295,0.1037,0.10285,0.1031
1697659200000,0.1031,0.10335,0.1023,0.10315
1697673600000,0.10315,0.10335,0.1018,0.103
1697688000000,0.103,0.1033,0.10245,0.1026
1697702400000,0.1026,0.10275,0.1022,0.10265
1697716800000,0.10265,0.10335,0.10255,0.10295
1697731200000,0.10295,0.10415,0.10285,0.10405
1697745600000,0.10405,0.10775,0.10365,0.10725
1697760000000,0.10725,0.10895,0.10625,0.1088
1697774400000,0.1088,0.109,0.10725,0.10765
1697788800000,0.10765,0.10965,0.10765,0.10815
1697803200000,0.10815,0.10995,0.10745,0.10865
1697817600000,0.10865,0.10915,0.1078,0.1091
1697832000000,0.1091,0.10925,0.10725,0.1073
1697846400000,0.1073,0.10875,0.10715,0.1084
1697860800000,0.1084,0.1087,0.10785,0.1086
1697875200000,0.1086,0.10995,0.10805,0.10915
1697889600000,0.10915,0.1113,0.1087,0.11085
1697904000000,0.11085,0.11275,0.11015,0.111
1697918400000,0.111,0.1115,0.11025,0.1107
1697932800000,0.1107,0.11185,0.11035,0.11075
1697947200000,0.11075,0.112,0.109,0.11015
1697961600000,0.11015,0.11015,0.10885,0.10915
1697976000000,0.10915,0.1099,0.10885,0.10925
1697990400000,0.10925,0.10995,0.10925,0.1093
1698004800000,0.1093,0.11085,0.10735,0.1107
1698019200000,0.1107,0.11245,0.10985,0.11185
1698033600000,0.11185,0.11215,0.10945,0.1112
1698048000000,0.1112,0.1136,0.11095,0.11325
1698062400000,0.11325,0.11335,0.11145,0.1123
1698076800000,0.1123,0.1132,0.1112,0.11315
1698091200000,0.11315,0.1164,0.11235,0.11605
1698105600000,0.11605,0.11895,0.1153,0.11615
1698120000000,0.11615,0.1172,0.1138,0.11495
1698134400000,0.11495,0.11625,0.1129,0.11625
1698148800000,0.11625,0.12055,0.1119,0.11425
1698163200000,0.11425,0.1154,0.11285,0.1142
1698177600000,0.1142,0.1154,0.11295,0.11435
1698192000000,0.11435,0.1157,0.11355,0.11365
1698206400000,0.11365,0.11465,0.11205,0.11275
1698220800000,0.11275,0.1141,0.1122,0.11355
1698235200000,0.11355,0.11555,0.1132,0.11485
1698249600000,0.11485,0.1154,0.1129,0.1144
1698264000000,0.1144,0.1147,0.113,0.11435
1698278400000,0.11435,0.11525,0.1138,0.1152
1698292800000,0.1152,0.116,0.1134,0.11585
1698307200000,0.11585,0.1169,0.11365,0.1142
1698321600000,0.1142,0.11545,0.1105,0.1118
1698336000000,0.1118,0.1123,0.1108,0.112
1698350400000,0.112,0.1134,0.1118,0.1132
1698364800000,0.1132,0.1132,0.1112,0.1122
1698379200000,0.1122,0.11285,0.11135,0.1115
1698393600000,0.1115,0.11345,0.1114,0.112
1698408000000,0.112,0.11355,0.1117,0.1133
1698422400000,0.1133,0.11335,0.11005,0.112
1698436800000,0.112,0.1124,0.11155,0.1119
1698451200000,0.1119,0.11295,0.11185,0.1129
1698465600000,0.1129,0.1136,0.1128,0.11335
1698480000000,0.11335,0.1144,0.11325,0.11375
1698494400000,0.11375,0.11395,0.11265,0.1136
1698508800000,0.1136,0.1136,0.11295,0.11355
1698523200000,0.11355,0.1141,0.11325,0.1141
1698537600000,0.1141,0.11425,0.1124,0.1129
1698552000000,0.1129,0.11455,0.1128,0.1143
1698566400000,0.1143,0.1156,0.1143,0.11545
1698580800000,0.11545,0.11665,0.1153,0.11615
1698595200000,0.11615,0.1169,0.1157,0.11635
1698609600000,0.11635,0.11695,0.1157,0.1158
1698624000000,0.1158,0.11625,0.1148,0.11495
1698638400000,0.11495,0.1157,0.1147,0.11485
1698652800000,0.11485,0.1175,0.11465,0.11735
1698667200000,0.11735,0.1202,0.11655,0.1187
1698681600000,0.1187,0.11955,0.11665,0.11955
1698696000000,0.11955,0.1199,0.1183,0.11905
1698710400000,0.11905,0.1202,0.1179,0.118
1698724800000,0.118,0.1186,0.1165,0.1166
1698739200000,0.1166,0.12405,0.11545,0.12265
1698753600000,0.12265,0.125,0.11725,0.1194
1698768000000,0.1194,0.12195,0.11925,0.1218
1698782400000,0.1218,0.12185,0.11975,0.1212
1698796800000,0.1212,0.1213,0.11995,0.12005
1698811200000,0.12005,0.1213,0.11755,0.1211
1698825600000,0.1211,0.1225,0.1198,0.12085
1698840000000,0.12085,0.1225,0.119,0.1195
1698854400000,0.1195,0.1224,0.119,0.12175
1698868800000,0.12175,0.1231,0.12175,0.1226
1698883200000,0.1226,0.1236,0.1221,0.1227
1698897600000,0.1227,0.12295,0.12075,0.1213
1698912000000,0.1213,0.1226,0.1202,0.1219
1698926400000,0.1219,0.1229,0.11845,0.1187
1698940800000,0.1187,0.12075,0.11705,0.12065
1698955200000,0.12065,0.1208,0.1191,0.11975
1698969600000,0.11975,0.11975,0.116,0.11825
1698984000000,0.11825,0.11945,0.1171,0.11935
1698998400000,0.11935,0.1209,0.11895,0.1205
1699012800000,0.1205,0.12435,0.12015,0.123
1699027200000,0.123,0.1239,0.12175,0.12265
1699041600000,0.12265,0.12345,0.122,0.1224
1699056000000,0.1224,0.1233,0.12205,0.12275
1699070400000,0.12275,0.1235,0.12205,0.12305
1699084800000,0.12305,0.12415,0.1224,0.1231
1699099200000,0.1231,0.1234,0.1211,0.1215
1699113600000,0.1215,0.12265,0.1211,0.12225
1699128000000,0.12225,0.1244,0.12205,0.1236
1699142400000,0.1236,0.12495,0.12305,0.12445
1699156800000,0.12445,0.12455,0.123,0.12365
1699171200000,0.12365,0.1286,0.12305,0.1271
1699185600000,0.1271,0.12725,0.12285,0.12405
1699200000000,0.12405,0.12605,0.1239,0.12555
1699214400000,0.12555,0.1262,0.12395,0.1256
1699228800000,0.1256,0.12995,0.12505,0.1296
1699243200000,0.1296,0.1299,0.1265,0.12905
1699257600000,0.12905,0.1318,0.12795,0.13125
1699272000000,0.13125,0.135,0.13055,0.1324
1699286400000,0.1324,0.13285,0.1298,0.13185
1699300800000,0.13185,0.13215,0.13035,0.1312
1699315200000,0.1312,0.13125,0.1273,0.12855
1699329600000,0.12855,0.12905,0.1276,0.12855
1699344000000,0.12855,0.12905,0.12595,0.127
1699358400000,0.127,0.12755,0.1235,0.1245
1699372800000,0.1245,0.1274,0.1219,0.12715
1699387200000,0.12715,0.12805,0.12525,0.1267
1699401600000,0.1267,0.12715,0.12555,0.1265
1699416000000,0.1265,0.12695,0.1255,0.1262
1699430400000,0.1262,0.12905,0.1259,0.1279
1699444800000,0.1279,0.1282,0.12575,0.1265
1699459200000,0.1265,0.1285,0.12625,0.12795
1699473600000,0.12795,0.12855,0.12685,0.12785
1699488000000,0.12785,0.1295,0.12665,0.129
1699502400000,0.129,0.13,0.12815,0.1283
1699516800000,0.1283,0.13025,0.128,0.1286
1699531200000,0.1286,0.13055,0.12705,0.1283
1699545600000,0.1283,0.12895,0.1076,0.12055
1699560000000,0.12055,0.12315,0.11885,0.123
1699574400000,0.123,0.1242,0.1222,0.1226
1699588800000,0.1226,0.1238,0.1222,0.12255
1699603200000,0.12255,0.1236,0.12095,0.12345
1699617600000,0.12345,0.1235,0.11995,0.1215
1699632000000,0.1215,0.1232,0.12145,0.123
1699646400000,0.123,0.12455,0.12235,0.12385
1699660800000,0.12385,0.1247,0.12165,0.12185
1699675200000,0.12185,0.12325,0.12055,0.123
1699689600000,0.123,0.12605,0.1228,0.12415
1699704000000,0.12415,0.1263,0.1235,0.1257
1699718400000,0.1257,0.12745,0.125,0.12745
1699732800000,0.12745,0.12745,0.12385,0.12515
1699747200000,0.12515,0.1255,0.12175,0.1241
1699761600000,0.1241,0.12555,0.1231,0.12525
1699776000000,0.12525,0.12695,0.1247,0.12595
1699790400000,0.12595,0.1262,0.12405,0.1246
1699804800000,0.1246,0.12525,0.1237,0.12495
1699819200000,0.12495,0.1255,0.12365,0.1244
1699833600000,0.1244,0.12605,0.12235,0.1224
1699848000000,0.1224,0.12435,0.12235,0.1237
1699862400000,0.1237,0.1245,0.1225,0.1231
1699876800000,0.1231,0.12415,0.12165,0.12405
1699891200000,0.12405,0.12455,0.12175,0.12295
1699905600000,0.12295,0.13835,0.1187,0.1223
1699920000000,0.1223,0.12235,0.1197,0.12125
1699934400000,0.12125,0.1225,0.1211,0.1224
1699948800000,0.1224,0.12265,0.11865,0.11905
1699963200000,0.11905,0.1215,0.1183,0.12015
1699977600000,0.12015,0.121,0.113,0.1171
1699992000000,0.1171,0.1183,0.1165,0.11785
1700006400000,0.11785,0.1188,0.117,0.117
1700020800000,0.117,0.1191,0.117,0.1187
1700035200000,0.1187,0.1203,0.1184,0.1202
1700049600000,0.1202,0.1204,0.1192,0.12035
1700064000000,0.12035,0.1214,0.11915,0.1213
1700078400000,0.1213,0.1219,0.12065,0.1215
1700092800000,0.1215,0.1223,0.1211,0.12215
1700107200000,0.12215,0.12335,0.12175,0.1231
1700121600000,0.1231,0.12335,0.12125,0.12235
1700136000000,0.12235,0.1228,0.1183,0.11945
1700150400000,0.11945,0.12075,0.11675,0.11885
1700164800000,0.11885,0.1192,0.11715,0.11845
1700179200000,0.11845,0.1205,0.11835,0.11995
1700193600000,0.11995,0.1201,0.1184,0.1184
1700208000000,0.1184,0.1195,0.1174,0.11835
1700222400000,0.11835,0.1187,0.1146,0.1148
1700236800000,0.1148,0.11785,0.11415,0.11695
1700251200000,0.11695,0.1184,0.1166,0.1183
1700265600000,0.1183,0.11845,0.11685,0.11695
1700280000000,0.11695,0.11765,0.1142,0.11685
1700294400000,0.11685,0.11785,0.1165,0.1172
1700308800000,0.1172,0.1184,0.11605,0.1183
1700323200000,0.1183,0.1191,0.11755,0.1188
1700337600000,0.1188,0.1194,0.1183,0.1193
1700352000000,0.1193,0.1193,0.1175,0.11905
1700366400000,0.11905,0.11955,0.11895,0.1191
1700380800000,0.1191,0.1194,0.11795,0.11845
1700395200000,0.11845,0.12015,0.1184,0.11975
1700409600000,0.11975,0.1211,0.11955,0.121
1700424000000,0.121,0.12135,0.1204,0.12115
1700438400000,0.12115,0.12125,0.12015,0.1204
1700452800000,0.1204,0.12095,0.11995,0.1209
1700467200000,0.1209,0.1219,0.12045,0.1209
1700481600000,0.1209,0.12165,0.1196,0.121
1700496000000,0.121,0.12135,0.11945,0.11975
1700510400000,0.11975,0.1203,0.11785,0.1198
1700524800000,0.1198,0.1205,0.11835,0.1195
1700539200000,0.1195,0.1198,0.1186,0.1186
1700553600000,0.1186,0.1199,0.1185,0.11875
1700568000000,0.11875,0.11915,0.1156,0.1176
1700582400000,0.1176,0.11835,0.1136,0.11575
1700596800000,0.11575,0.1172,0.11215,0.1134
1700611200000,0.1134,0.1156,0.11315,0.1156
1700625600000,0.1156,0.1164,0.1155,0.11585
1700640000000,0.11585,0.11675,0.11585,0.11625
1700654400000,0.11625,0.11735,0.11595,0.11635
1700668800000,0.11635,0.11815,0.1158,0.1176
1700683200000,0.1176,0.1185,0.11745,0.1182
1700697600000,0.1182,0.1189,0.118,0.11815
1700712000000,0.11815,0.1189,0.11745,0.11805
1700726400000,0.11805,0.1188,0.11715,0.1177
1700740800000,0.1177,0.118,0.11535,0.11635
1700755200000,0.11635,0.1175,0.11625,0.11695
1700769600000,0.11695,0.11755,0.11665,0.1173
1700784000000,0.1173,0.11785,0.117,0.11715
1700798400000,0.11715,0.11805,0.11675,0.11785
1700812800000,0.11785,0.11875,0.1175,0.1183
1700827200000,0.1183,0.11875,0.11715,0.11845
1700841600000,0.11845,0.1192,0.11745,0.1181
1700856000000,0.1181,0.1186,0.11735,0.118
1700870400000,0.118,0.1196,0.11745,0.1194
1700884800000,0.1194,0.1206,0.11915,0.1206
1700899200000,0.1206,0.1208,0.11965,0.1204
1700913600000,0.1204,0.12155,0.1203,0.12065
1700928000000,0.12065,0.1208,0.11995,0.12
1700942400000,0.12,0.12115,0.11995,0.12115
1700956800000,0.12115,0.12135,0.12035,0.1205
1700971200000,0.1205,0.1213,0.1203,0.12085
1700985600000,0.12085,0.12305,0.11985,0.1221
1701000000000,0.1221,0.12365,0.12065,0.12105
1701014400000,0.12105,0.1213,0.11885,0.1206
1701028800000,0.1206,0.12115,0.11995,0.12
1701043200000,0.12,0.12075,0.11775,0.11835
1701057600000,0.11835,0.1184,0.1162,0.11735
1701072000000,0.11735,0.11745,0.1157,0.1165
1701086400000,0.1165,0.11685,0.11495,0.1152
1701100800000,0.1152,0.1166,0.1146,0.1154
1701115200000,0.1154,0.1167,0.1147,0.1166
1701129600000,0.1166,0.11725,0.11625,0.1169
1701144000000,0.1169,0.117,0.11495,0.1161
1701158400000,0.1161,0.1176,0.1157,0.1175
1701172800000,0.1175,0.11765,0.1167,0.1175
1701187200000,0.1175,0.1186,0.11735,0.11795
1701201600000,0.11795,0.11885,0.1179,0.1186
1701216000000,0.1186,0.1188,0.1182,0.1186
1701230400000,0.1186,0.11915,0.11815,0.1189
1701244800000,0.1189,0.1197,0.1186,0.1193
1701259200000,0.1193,0.1202,0.11805,0.11875
1701273600000,0.11875,0.11955,0.11815,0.11935
1701288000000,0.11935,0.1194,0.1183,0.11865
1701302400000,0.11865,0.11945,0.1184,0.1191
1701316800000,0.1191,0.1198,0.11855,0.1193
1701331200000,0.1193,0.11975,0.11815,0.1197
1701345600000,0.1197,0.1197,0.11845,0.11905
1701360000000,0.11905,0.11915,0.11805,0.11815
1701374400000,0.11815,0.1185,0.11785,0.1184
1701388800000,0.1184,0.1194,0.1179,0.1193
1701403200000,0.1193,0.1195,0.11895,0.11905
1701417600000,0.11905,0.1199,0.1189,0.1198
1701432000000,0.1198,0.11995,0.11875,0.11955
1701446400000,0.11955,0.12015,0.1193,0.11995
1701460800000,0.11995,0.12005,0.1195,0.1199
1701475200000,0.1199,0.12025,0.1194,0.1201
1701489600000,0.1201,0.12085,0.11995,0.12005
1701504000000,0.12005,0.1206,0.11965,0.1198
1701518400000,0.1198,0.1205,0.11935,0.1203
1701532800000,0.1203,0.1213,0.1198,0.1211
1701547200000,0.1211,0.1219,0.12065,0.1217
1701561600000,0.1217,0.12275,0.12095,0.12145
1701576000000,0.12145,0.1219,0.12095,0.12185
1701590400000,0.12185,0.12345,0.12125,0.1223
1701604800000,0.1223,0.12235,0.1209,0.1212
1701619200000,0.1212,0.1221,0.121,0.12205
1701633600000,0.12205,0.12285,0.1215,0.12215
1701648000000,0.12215,0.12345,0.1218,0.1228
1701662400000,0.1228,0.12475,0.1228,0.1243
1701676800000,0.1243,0.12555,0.1181,0.1221
1701691200000,0.1221,0.12315,0.12055,0.1215
1701705600000,0.1215,0.12235,0.12085,0.12165
1701720000000,0.12165,0.1225,0.1213,0.1224
1701734400000,0.1224,0.1232,0.1211,0.12165
1701748800000,0.12165,0.12265,0.1205,0.1211
1701763200000,0.1211,0.12135,0.12005,0.12059
1701777600000,0.12059,0.12101,0.11966,0.1206
1701792000000,0.1206,0.12289,0.12037,0.12229
1701806400000,0.12229,0.12286,0.12142,0.1226
1701820800000,0.1226,0.12358,0.1221,0.12226
1701835200000,0.12226,0.12368,0.12067,0.12362
1701849600000,0.12362,0.12497,0.1216,0.1227
1701864000000,0.1227,0.12395,0.12209,0.12369
1701878400000,0.12369,0.12495,0.12343,0.12477
1701892800000,0.12477,0.12601,0.1236,0.12561
1701907200000,0.12561,0.12571,0.12371,0.12443
1701921600000,0.12443,0.1275,0.12438,0.12717
1701936000000,0.12717,0.12717,0.12264,0.12374
1701950400000,0.12374,0.12559,0.12343,0.12538
1701964800000,0.12538,0.12624,0.12447,0.12485
1701979200000,0.12485,0.12636,0.12464,0.1263
1701993600000,0.1263,0.12746,0.12605,0.12696
1702008000000,0.12696,0.12766,0.12591,0.12643
1702022400000,0.12643,0.13,0.12627,0.12974
1702036800000,0.12974,0.13152,0.12884,0.13149
1702051200000,0.13149,0.13342,0.13088,0.13172
1702065600000,0.13172,0.13283,0.13147,0.13253
1702080000000,0.13253,0.13359,0.13159,0.13314
1702094400000,0.13314,0.13708,0.1329,0.13625
1702108800000,0.13625,0.13709,0.13294,0.13586
1702123200000,0.13586,0.13862,0.13406,0.13816
1702137600000,0.13816,0.13834,0.13441,0.13535
1702152000000,0.13535,0.1359,0.13264,0.13378
1702166400000,0.13378,0.13652,0.13378,0.13529
1702180800000,0.13529,0.13708,0.13524,0.13568
1702195200000,0.13568,0.13603,0.1316,0.13208
1702209600000,0.13208,0.13482,0.13208,0.13431
1702224000000,0.13431,0.13473,0.13212,0.13311
1702238400000,0.13311,0.13457,0.13241,0.1334
1702252800000,0.1334,0.13489,0.1137,0.12697
1702267200000,0.12697,0.12764,0.12511,0.12556
1702281600000,0.12556,0.1265,0.12465,0.12645
1702296000000,0.12645,0.12687,0.1235,0.12466
1702310400000,0.12466,0.12508,0.12022,0.12241
1702324800000,0.12241,0.12371,0.12159,0.12353
1702339200000,0.12353,0.12548,0.12333,0.12443
1702353600000,0.12443,0.12554,0.1229,0.12536
1702368000000,0.12536,0.12545,0.12305,0.12314
1702382400000,0.12314,0.12518,0.12224,0.12291
1702396800000,0.12291,0.12319,0.12085,0.12261
1702411200000,0.12261,0.12348,0.12141,0.12322
1702425600000,0.12322,0.12342,0.11896,0.11994
1702440000000,0.11994,0.12057,0.11807,0.11996
1702454400000,0.11996,0.12113,0.11984,0.12002
1702468800000,0.12002,0.12242,0.11997,0.12227
1702483200000,0.12227,0.1242,0.12123,0.12417
1702497600000,0.12417,0.1258,0.1238,0.12492
1702512000000,0.12492,0.12596,0.1245,0.12489
1702526400000,0.12489,0.12557,0.12413,0.12518
1702540800000,0.12518,0.12685,0.12492,0.12683
1702555200000,0.12683,0.12691,0.12188,0.12485
1702569600000,0.12485,0.12664,0.12478,0.12624
1702584000000,0.12624,0.12833,0.12571,0.12765
1702598400000,0.12765,0.12831,0.1269,0.12771
1702612800000,0.12771,0.12781,0.12583,0.12602
1702627200000,0.12602,0.12718,0.12584,0.12626
1702641600000,0.12626,0.12639,0.12411,0.1248
1702656000000,0.1248,0.12607,0.12439,0.12444
1702670400000,0.12444,0.12505,0.12254,0.12301
1702684800000,0.12301,0.12476,0.12141,0.12469
1702699200000,0.12469,0.12475,0.12422,0.1246
1702713600000,0.1246,0.12539,0.12431,0.12518
1702728000000,0.12518,0.12585,0.12507,0.12584
1702742400000,0.12584,0.12632,0.12407,0.12455
1702756800000,0.12455,0.12512,0.12418,0.12485
1702771200000,0.12485,0.12514,0.1239,0.12433
1702785600000,0.12433,0.12511,0.12356,0.12366
1702800000000,0.12366,0.12514,0.12341,0.12498
1702814400000,0.12498,0.12527,0.12317,0.12464
1702828800000,0.12464,0.12514,0.12382,0.12461
1702843200000,0.12461,0.1248,0.12195,0.12224
1702857600000,0.12224,0.12262,0.11955,0.12046
1702872000000,0.12046,0.12089,0.11969,0.11988
1702886400000,0.11988,0.12031,0.11603,0.11837
1702900800000,0.11837,0.12052,0.11785,0.1192
1702915200000,0.1192,0.12039,0.11915,0.11993
1702929600000,0.11993,0.12208,0.11959,0.12136
1702944000000,0.12136,0.12258,0.12096,0.1221
1702958400000,0.1221,0.12249,0.12149,0.12238
1702972800000,0.12238,0.12249,0.12098,0.12124
1702987200000,0.12124,0.12138,0.1194,0.12015
1703001600000,0.12015,0.12043,0.11863,0.1199
1703016000000,0.1199,0.12029,0.11911,0.11954
1703030400000,0.11954,0.12021,0.11873,0.12015
1703044800000,0.12015,0.12102,0.12006,0.12101
1703059200000,0.12101,0.1218,0.12091,0.12129
1703073600000,0.12129,0.12298,0.1211,0.12265
1703088000000,0.12265,0.12282,0.12166,0.1217
1703102400000,0.1217,0.12205,0.12,0.12205
1703116800000,0.12205,0.12253,0.12128,0.12214
1703131200000,0.12214,0.12314,0.12112,0.12269
1703145600000,0.12269,0.12399,0.1225,0.12358
1703160000000,0.12358,0.12398,0.12157,0.12251
1703174400000,0.12251,0.12374,0.12195,0.12339
1703188800000,0.12339,0.12484,0.12316,0.1248
1703203200000,0.1248,0.12523,0.12369,0.12452
1703217600000,0.12452,0.12529,0.12325,0.12408
1703232000000,0.12408,0.12592,0.12401,0.12575
1703246400000,0.12575,0.12619,0.12457,0.12585
1703260800000,0.12585,0.12682,0.12449,0.12608
1703275200000,0.12608,0.12688,0.12608,0.12672
1703289600000,0.12672,0.1268,0.12381,0.12415
1703304000000,0.12415,0.1253,0.12372,0.12495
1703318400000,0.12495,0.12556,0.12471,0.12501
1703332800000,0.12501,0.12693,0.12492,0.1266
1703347200000,0.1266,0.12723,0.12641,0.12673
1703361600000,0.12673,0.12705,0.12649,0.1268
1703376000000,0.1268,0.12788,0.1262,0.12628
1703390400000,0.12628,0.12693,0.12493,0.12669
1703404800000,0.12669,0.12744,0.12578,0.12718
1703419200000,0.12718,0.12801,0.12659,0.12675
1703433600000,0.12675,0.12795,0.1264,0.12789
1703448000000,0.12789,0.1281,0.12432,0.12612
1703462400000,0.12612,0.12657,0.12518,0.12649
1703476800000,0.12649,0.12765,0.12644,0.1273
1703491200000,0.1273,0.13184,0.12725,0.13055
1703505600000,0.13055,0.13135,0.12935,0.12949
1703520000000,0.12949,0.13007,0.12891,0.12979
1703534400000,0.12979,0.13169,0.1287,0.13122
1703548800000,0.13122,0.13135,0.12922,0.13037
1703563200000,0.13037,0.13048,0.12578,0.12707
1703577600000,0.12707,0.12787,0.12613,0.12776
1703592000000,0.12776,0.12879,0.12605,0.1263
1703606400000,0.1263,0.12733,0.12013,0.12444
1703620800000,0.12444,0.12629,0.12435,0.12617
1703635200000,0.12617,0.12687,0.12385,0.12464
1703649600000,0.12464,0.12669,0.12463,0.12662
1703664000000,0.12662,0.12904,0.12629,0.12876
1703678400000,0.12876,0.13095,0.12839,0.13075
1703692800000,0.13075,0.13386,0.13029,0.13177
1703707200000,0.13177,0.1331,0.13041,0.1309
1703721600000,0.1309,0.13356,0.13068,0.13348
1703736000000,0.13348,0.13483,0.13115,0.1334
1703750400000,0.1334,0.13598,0.13282,0.1352
1703764800000,0.1352,0.13585,0.12945,0.13262
1703779200000,0.13262,0.13383,0.13124,0.13214
1703793600000,0.13214,0.13307,0.1305,0.13224
1703808000000,0.13224,0.13269,0.12798,0.13021
1703822400000,0.13021,0.13153,0.12913,0.13014
1703836800000,0.13014,0.13174,0.13009,0.13124
1703851200000,0.13124,0.13194,0.12837,0.12939
1703865600000,0.12939,0.12993,0.12696,0.12921
1703880000000,0.12921,0.12987,0.12692,0.12987
1703894400000,0.12987,0.13064,0.12927,0.12994
1703908800000,0.12994,0.13237,0.12992,0.13193
1703923200000,0.13193,0.13454,0.13022,0.13402
1703937600000,0.13402,0.13871,0.13377,0.13518
1703952000000,0.13518,0.13733,0.13441,0.13469
1703966400000,0.13469,0.13475,0.13182,0.13254
1703980800000,0.13254,0.13355,0.13049,0.13103
1703995200000,0.13103,0.1327,0.13075,0.13224
1704009600000,0.13224,0.13234,0.13062,0.13129
1704024000000,0.13129,0.13189,0.13034,0.13057
1704038400000,0.13057,0.13131,0.12944,0.1298
1704052800000,0.1298,0.13039,0.12703,0.12914
1704067200000,0.12914,0.13017,0.12809,0.12857
1704081600000,0.12857,0.12872,0.12731,0.12867
1704096000000,0.12867,0.13027,0.12867,0.13027
1704110400000,0.13027,0.13064,0.12953,0.13044
1704124800000,0.13044,0.13127,0.12927,0.13124
1704139200000,0.13124,0.13266,0.13081,0.13215
1704153600000,0.13215,0.1335,0.13147,0.13324
1704168000000,0.13324,0.13342,0.13098,0.13108
1704182400000,0.13108,0.13346,0.13099,0.13234
1704196800000,0.13234,0.13283,0.12925,0.13056
1704211200000,0.13056,0.13083,0.12907,0.12966
1704225600000,0.12966,0.13004,0.12808,0.12929
1704240000000,0.12929,0.13065,0.12926,0.1301
1704254400000,0.1301,0.13309,0.13008,0.13099
1704268800000,0.13099,0.13253,0.12703,0.12808
1704283200000,0.12808,0.1282,0.1058,0.12245
1704297600000,0.12245,0.12272,0.11946,0.12063
1704312000000,0.12063,0.12189,0.1198,0.12046
1704326400000,0.12046,0.12148,0.11917,0.121
1704340800000,0.121,0.12205,0.12074,0.12082
1704355200000,0.12082,0.12142,0.11936,0.12009
1704369600000,0.12009,0.1221,0.11982,0.12136
1704384000000,0.12136,0.12157,0.12023,0.12085
1704398400000,0.12085,0.12199,0.12079,0.12155
1704412800000,0.12155,0.12189,0.11479,0.11904
1704427200000,0.11904,0.11944,0.11798,0.11896
1704441600000,0.11896,0.1202,0.11718,0.11724
1704456000000,0.11724,0.1183,0.11567,0.11714
1704470400000,0.11714,0.11752,0.11394,0.1168
1704484800000,0.1168,0.11908,0.1168,0.11905
1704499200000,0.11905,0.11958,0.11854,0.11883
1704513600000,0.11883,0.11957,0.11561,0.11729
1704528000000,0.11729,0.11845,0.11694,0.11831
1704542400000,0.11831,0.1207,0.11811,0.11973
1704556800000,0.11973,0.12047,0.11912,0.11958
1704571200000,0.11958,0.12021,0.11845,0.12005
1704585600000,0.12005,0.12041,0.11844,0.11924
1704600000000,0.11924,0.12039,0.11904,0.12003
1704614400000,0.12003,0.12047,0.11816,0.1185
1704628800000,0.1185,0.11918,0.11775,0.1183
1704643200000,0.1183,0.11839,0.11652,0.11784
1704657600000,0.11784,0.11793,0.11437,0.11516
1704672000000,0.11516,0.11856,0.11197,0.11467
1704686400000,0.11467,0.11617,0.11439,0.11544
1704700800000,0.11544,0.11707,0.11476,0.11677
1704715200000,0.11677,0.11781,0.11616,0.11725
1704729600000,0.11725,0.11944,0.11634,0.11892
1704744000000,0.11892,0.12012,0.11804,0.11954
1704758400000,0.11954,0.11978,0.11742,0.11919
1704772800000,0.11919,0.12051,0.11847,0.11946
1704787200000,0.11946,0.11955,0.11657,0.11743
1704801600000,0.11743,0.11749,0.10832,0.11516
1704816000000,0.11516,0.1164,0.11392,0.11542
1704830400000,0.11542,0.11704,0.11366,0.1165
1704844800000,0.1165,0.11743,0.11582,0.11645
1704859200000,0.11645,0.11661,0.11533,0.11558
1704873600000,0.11558,0.11692,0.11487,0.11612
1704888000000,0.11612,0.11774,0.11253,0.11673
1704902400000,0.11673,0.11702,0.11505,0.11662
1704916800000,0.11662,0.12235,0.11428,0.12078
1704931200000,0.12078,0.12242,0.12031,0.12212
1704945600000,0.12212,0.12246,0.12024,0.12192
1704960000000,0.12192,0.12486,0.12183,0.12466
1704974400000,0.12466,0.12617,0.12205,0.1231
1704988800000,0.1231,0.12387,0.12077,0.12373
1705003200000,0.12373,0.12423,0.12236,0.1235
1705017600000,0.1235,0.12384,0.12198,0.1232
1705032000000,0.1232,0.12423,0.12273,0.12323
1705046400000,0.12323,0.12439,0.12193,0.12423
1705060800000,0.12423,0.12546,0.12198,0.12228
1705075200000,0.12228,0.12321,0.11794,0.12086
1705089600000,0.12086,0.12145,0.11605,0.11906
1705104000000,0.11906,0.11943,0.11732,0.11903
1705118400000,0.11903,0.12033,0.11891,0.11998
1705132800000,0.11998,0.12038,0.11926,0.11976
1705147200000,0.11976,0.12012,0.11898,0.11984
1705161600000,0.11984,0.12052,0.11916,0.12016
1705176000000,0.12016,0.12061,0.11991,0.12015
1705190400000,0.12015,0.12015,0.1191,0.11942
1705204800000,0.11942,0.11982,0.11851,0.11982
1705219200000,0.11982,0.1205,0.11962,0.11999
1705233600000,0.11999,0.12049,0.11951,0.12032
1705248000000,0.12032,0.1209,0.11896,0.11932
1705262400000,0.11932,0.12082,0.1178,0.11806
1705276800000,0.11806,0.12033,0.11803,0.12
1705291200000,0.12,0.12093,0.11909,0.11956
1705305600000,0.11956,0.12015,0.11919,0.11963
1705320000000,0.11963,0.11988,0.11778,0.11801
1705334400000,0.11801,0.11967,0.11786,0.11926
1705348800000,0.11926,0.11949,0.11789,0.11818
1705363200000,0.11818,0.11899,0.11813,0.11899
1705377600000,0.11899,0.11912,0.11819,0.11843
1705392000000,0.11843,0.11917,0.1182,0.11881
1705406400000,0.11881,0.11914,0.11657,0.1184
1705420800000,0.1184,0.11871,0.1178,0.11823
1705435200000,0.11823,0.1193,0.11821,0.1186
1705449600000,0.1186,0.11938,0.11849,0.11866
1705464000000,0.11866,0.11879,0.11726,0.11751
1705478400000,0.11751,0.11808,0.11726,0.11772
1705492800000,0.11772,0.11848,0.11737,0.11768
1705507200000,0.11768,0.11927,0.11691,0.11901
1705521600000,0.11901,0.1195,0.11823,0.11885
1705536000000,0.11885,0.11899,0.11723,0.11749
1705550400000,0.11749,0.11823,0.11738,0.11813
1705564800000,0.11813,0.11815,0.11635,0.11678
1705579200000,0.11678,0.11742,0.11589,0.11673
1705593600000,0.11673,0.1168,0.11276,0.11343
1705608000000,0.11343,0.11452,0.11275,0.11427
1705622400000,0.11427,0.11457,0.11252,0.11357
1705636800000,0.11357,0.11457,0.11346,0.11413
1705651200000,0.11413,0.11488,0.11382,0.1146
1705665600000,0.1146,0.11482,0.11221,0.1123
1705680000000,0.1123,0.11306,0.10879,0.11299
1705694400000,0.11299,0.11442,0.11294,0.114
1705708800000,0.114,0.11443,0.11307,0.11397
1705723200000,0.11397,0.11448,0.11371,0.11404
1705737600000,0.11404,0.1142,0.11313,0.11413
1705752000000,0.11413,0.1146,0.11402,0.11414
1705766400000,0.11414,0.1147,0.11407,0.11438
1705780800000,0.11438,0.1156,0.11422,0.1155
1705795200000,0.1155,0.1157,0.11523,0.11561
1705809600000,0.11561,0.11623,0.11526,0.11614
1705824000000,0.11614,0.1162,0.11543,0.11611
1705838400000,0.11611,0.11675,0.11593,0.116
1705852800000,0.116,0.11683,0.11563,0.1164
1705867200000,0.1164,0.11646,0.11533,0.11566
1705881600000,0.11566,0.11618,0.11427,0.11462
1705896000000,0.11462,0.11482,0.11353,0.11411
1705910400000,0.11411,0.11423,0.11313,0.11379
1705924800000,0.11379,0.11454,0.1126,0.11378
1705939200000,0.11378,0.1146,0.11159,0.11295
1705953600000,0.11295,0.11408,0.11239,0.1127
1705968000000,0.1127,0.11429,0.11254,0.11367
1705982400000,0.11367,0.11416,0.11251,0.11269
1705996800000,0.11269,0.11305,0.10786,0.10845
1706011200000,0.10845,0.10992,0.10706,0.10942
1706025600000,0.10942,0.11018,0.10854,0.10961
1706040000000,0.10961,0.11173,0.10907,0.11172
1706054400000,0.11172,0.11192,0.11055,0.11091
1706068800000,0.11091,0.11245,0.11083,0.11211
1706083200000,0.11211,0.11243,0.11138,0.11209
1706097600000,0.11209,0.1124,0.11095,0.11157
1706112000000,0.11157,0.1122,0.1109,0.11181
1706126400000,0.11181,0.11282,0.11143,0.11267
1706140800000,0.11267,0.11272,0.11141,0.11162
1706155200000,0.11162,0.11199,0.11134,0.11195
1706169600000,0.11195,0.11253,0.11164,0.11213
1706184000000,0.11213,0.11252,0.11101,0.11204
1706198400000,0.11204,0.11214,0.11048,0.11134
1706212800000,0.11134,0.11217,0.11114,0.1118
1706227200000,0.1118,0.11321,0.11161,0.11319
1706241600000,0.11319,0.11378,0.11278,0.11291
1706256000000,0.11291,0.11514,0.11291,0.11501
1706270400000,0.11501,0.11554,0.11443,0.1153
1706284800000,0.1153,0.11682,0.1148,0.11567
1706299200000,0.11567,0.11596,0.1152,0.11579
1706313600000,0.11579,0.1166,0.1152,0.11647
1706328000000,0.11647,0.11663,0.11575,0.11604
1706342400000,0.11604,0.11641,0.11546,0.11628
1706356800000,0.11628,0.11654,0.11592,0.11595
1706371200000,0.11595,0.11663,0.11577,0.11649
1706385600000,0.11649,0.11703,0.11613,0.11629
1706400000000,0.11629,0.11634,0.11529,0.11616
1706414400000,0.11616,0.11661,0.1154,0.11543
1706428800000,0.11543,0.11623,0.1152,0.1153
1706443200000,0.1153,0.11538,0.11416,0.11446
1706457600000,0.11446,0.11484,0.11288,0.11334
1706472000000,0.11334,0.11407,0.11286,0.11373
1706486400000,0.11373,0.11458,0.11313,0.11436
1706500800000,0.11436,0.11457,0.11388,0.11414
1706515200000,0.11414,0.11505,0.11382,0.11489
1706529600000,0.11489,0.11526,0.11381,0.11519
1706544000000,0.11519,0.11631,0.11464,0.11561
1706558400000,0.11561,0.11648,0.11561,0.11645
1706572800000,0.11645,0.11693,0.1159,0.11617
1706587200000,0.11617,0.11643,0.11531,0.11609
1706601600000,0.11609,0.11644,0.1154,0.11626
1706616000000,0.11626,0.11651,0.11417,0.11492
1706630400000,0.11492,0.11517,0.11351,0.11377
1706644800000,0.11377,0.11397,0.11236,0.11274
1706659200000,0.11274,0.11335,0.11131,0.1132
1706673600000,0.1132,0.11367,0.11295,0.11301
1706688000000,0.11301,0.11316,0.11026,0.11141
1706702400000,0.11141,0.1118,0.10886,0.11117
1706716800000,0.11117,0.11168,0.1103,0.11077
1706731200000,0.11077,0.11105,0.10899,0.10985
1706745600000,0.10985,0.11078,0.10804,0.10903
1706760000000,0.10903,0.10961,0.1086,0.10913
1706774400000,0.10913,0.10951,0.10812,0.1082
1706788800000,0.1082,0.10972,0.108,0.10928
1706803200000,0.10928,0.11013,0.10854,0.1101
1706817600000,0.1101,0.11021,0.10935,0.10988
1706832000000,0.10988,0.11022,0.10937,0.1094
1706846400000,0.1094,0.11027,0.10916,0.11013
1706860800000,0.11013,0.11135,0.10928,0.10995
1706875200000,0.10995,0.11023,0.10882,0.10977
1706889600000,0.10977,0.11027,0.10921,0.1096
1706904000000,0.1096,0.11098,0.10941,0.11034
1706918400000,0.11034,0.11072,0.1097,0.10985
1706932800000,0.10985,0.11001,0.10934,0.1095
1706947200000,0.1095,0.11206,0.10937,0.11151
1706961600000,0.11151,0.11255,0.1106,0.11093
1706976000000,0.11093,0.1115,0.11072,0.1112
1706990400000,0.1112,0.11147,0.11075,0.11094
1707004800000,0.11094,0.11129,0.11045,0.1106
1707019200000,0.1106,0.1106,0.10921,0.10967
1707033600000,0.10967,0.11015,0.10895,0.11004
1707048000000,0.11004,0.11033,0.10939,0.10973
1707062400000,0.10973,0.11014,0.10874,0.10937
1707076800000,0.10937,0.11007,0.10838,0.1092
1707091200000,0.1092,0.1092,0.10766,0.10878
1707105600000,0.10878,0.10945,0.10873,0.10924
1707120000000,0.10924,0.10968,0.10887,0.10962
1707134400000,0.10962,0.10988,0.10807,0.1082
1707148800000,0.1082,0.10908,0.10791,0.10865
1707163200000,0.10865,0.10869,0.10763,0.10851
1707177600000,0.10851,0.10907,0.1079,0.10867
1707192000000,0.10867,0.10884,0.10792,0.10842
1707206400000,0.10842,0.109,0.10772,0.1078
1707220800000,0.1078,0.10899,0.10726,0.10818
1707235200000,0.10818,0.10887,0.10783,0.10882
1707249600000,0.10882,0.10897,0.10795,0.10819
1707264000000,0.10819,0.10839,0.10778,0.10789
1707278400000,0.10789,0.10806,0.10715,0.10732
1707292800000,0.10732,0.10776,0.10714,0.10751
1707307200000,0.10751,0.10788,0.10683,0.10735
1707321600000,0.10735,0.10868,0.10711,0.10845
1707336000000,0.10845,0.1092,0.10841,0.10911
1707350400000,0.10911,0.10967,0.10866,0.10901
1707364800000,0.10901,0.10939,0.10866,0.10908
1707379200000,0.10908,0.10977,0.10897,0.10958
1707393600000,0.10958,0.11018,0.10917,0.11004
1707408000000,0.11004,0.11005,0.10862,0.10938
1707422400000,0.10938,0.10993,0.10921,0.10976
1707436800000,0.10976,0.11106,0.10971,0.11079
1707451200000,0.11079,0.11114,0.11039,0.11092
1707465600000,0.11092,0.112,0.11092,0.11177
1707480000000,0.11177,0.11228,0.11066,0.11114
1707494400000,0.11114,0.11186,0.11062,0.11139
1707508800000,0.11139,0.11219,0.11139,0.112
1707523200000,0.112,0.11298,0.11177,0.1127
1707537600000,0.1127,0.11283,0.11192,0.11208
1707552000000,0.11208,0.11245,0.11095,0.11109
1707566400000,0.11109,0.11136,0.1106,0.11116
1707580800000,0.11116,0.11194,0.11101,0.11176
1707595200000,0.11176,0.11207,0.11136,0.11161
1707609600000,0.11161,0.11262,0.11141,0.11261
1707624000000,0.11261,0.11285,0.11212,0.11236
1707638400000,0.11236,0.11308,0.11197,0.11207
1707652800000,0.11207,0.11222,0.11112,0.11166
1707667200000,0.11166,0.11182,0.11107,0.11158
1707681600000,0.11158,0.11169,0.11061,0.11117
1707696000000,0.11117,0.1117,0.10985,0.11065
1707710400000,0.11065,0.11065,0.10965,0.11044
1707724800000,0.11044,0.111,0.10948,0.11024
1707739200000,0.11024,0.11179,0.11011,0.11172
1707753600000,0.11172,0.11282,0.11122,0.11189
1707768000000,0.11189,0.11332,0.11187,0.11316
1707782400000,0.11316,0.11342,0.11201,0.11225
1707796800000,0.11225,0.1129,0.11208,0.11286
1707811200000,0.11286,0.11458,0.11216,0.1129
1707825600000,0.1129,0.1129,0.10727,0.11041
1707840000000,0.11041,0.11091,0.10983,0.11014
1707854400000,0.11014,0.11121,0.11014,0.11101
1707868800000,0.11101,0.11141,0.11021,0.11129
1707883200000,0.11129,0.11228,0.111,0.11225
1707897600000,0.11225,0.11384,0.11213,0.11332
1707912000000,0.11332,0.11463,0.11289,0.11333
1707926400000,0.11333,0.11407,0.11278,0.11405
1707940800000,0.11405,0.11472,0.11397,0.11445
1707955200000,0.11445,0.11639,0.11401,0.11597
1707969600000,0.11597,0.11633,0.11434,0.11622
1707984000000,0.11622,0.11643,0.11514,0.11541
1707998400000,0.11541,0.11723,0.11508,0.11554
1708012800000,0.11554,0.1158,0.11432,0.11551
1708027200000,0.11551,0.11762,0.1147,0.11684
1708041600000,0.11684,0.11773,0.11595,0.11764
1708056000000,0.11764,0.11766,0.11646,0.11656
1708070400000,0.11656,0.11793,0.11587,0.11751
1708084800000,0.11751,0.11849,0.11389,0.11502
1708099200000,0.11502,0.11555,0.11406,0.11432
1708113600000,0.11432,0.11577,0.11423,0.11554
1708128000000,0.11554,0.11603,0.11448,0.11517
1708142400000,0.11517,0.11525,0.11443,0.11483
1708156800000,0.11483,0.11483,0.11355,0.11406
1708171200000,0.11406,0.1143,0.11177,0.11328
1708185600000,0.11328,0.1142,0.11321,0.11395
1708200000000,0.11395,0.11471,0.11385,0.11425
1708214400000,0.11425,0.11482,0.11357,0.1141
1708228800000,0.1141,0.11536,0.1141,0.1151
1708243200000,0.1151,0.11563,0.11505,0.11558
1708257600000,0.11558,0.11615,0.1146,0.11611
1708272000000,0.11611,0.11676,0.11557,0.11623
1708286400000,0.11623,0.11681,0.11552,0.11603
1708300800000,0.11603,0.1173,0.11602,0.11713
1708315200000,0.11713,0.11791,0.11665,0.11776
1708329600000,0.11776,0.11778,0.11589,0.1173
1708344000000,0.1173,0.11775,0.11639,0.11731
1708358400000,0.11731,0.118,0.11573,0.11753
1708372800000,0.11753,0.11923,0.11723,0.11852
1708387200000,0.11852,0.11942,0.11685,0.11899
1708401600000,0.11899,0.12087,0.11816,0.11996
1708416000000,0.11996,0.12061,0.11776,0.12015
1708430400000,0.12015,0.12128,0.11325,0.11595
1708444800000,0.11595,0.1165,0.11421,0.11644
1708459200000,0.11644,0.1186,0.1162,0.11778
1708473600000,0.11778,0.11803,0.11645,0.11687
1708488000000,0.11687,0.117,0.1144,0.11496
1708502400000,0.11496,0.11518,0.11222,0.11292
1708516800000,0.11292,0.1141,0.11159,0.11296
1708531200000,0.11296,0.11354,0.1109,0.11219
1708545600000,0.11219,0.11463,0.11196,0.11438
1708560000000,0.11438,0.11501,0.11332,0.11433
1708574400000,0.11433,0.11636,0.11386,0.11628
1708588800000,0.11628,0.1178,0.11623,0.11646
1708603200000,0.11646,0.11684,0.11483,0.11639
1708617600000,0.11639,0.11695,0.11533,0.1161
1708632000000,0.1161,0.11734,0.11519,0.11546
1708646400000,0.11546,0.11662,0.11429,0.11472
1708660800000,0.11472,0.11591,0.1139,0.11487
1708675200000,0.11487,0.11528,0.11392,0.11512
1708689600000,0.11512,0.11647,0.11409,0.11462
1708704000000,0.11462,0.1159,0.11304,0.1159
1708718400000,0.1159,0.11622,0.11379,0.11489
1708732800000,0.11489,0.11556,0.11373,0.11534
1708747200000,0.11534,0.11666,0.11526,0.11657
1708761600000,0.11657,0.11736,0.11617,0.11718
1708776000000,0.11718,0.11735,0.11607,0.11607
1708790400000,0.11607,0.11754,0.11607,0.11703
1708804800000,0.11703,0.11713,0.11642,0.11653
1708819200000,0.11653,0.11713,0.11555,0.11627
1708833600000,0.11627,0.11667,0.11577,0.11599
1708848000000,0.11599,0.1168,0.1156,0.11666
1708862400000,0.11666,0.11701,0.11556,0.11579
1708876800000,0.11579,0.11631,0.11564,0.11627
1708891200000,0.11627,0.11667,0.11599,0.11666
1708905600000,0.11666,0.11679,0.11535,0.11577
1708920000000,0.11577,0.11637,0.11547,0.1156
1708934400000,0.1156,0.11588,0.11413,0.11447
1708948800000,0.11447,0.11684,0.1143,0.11646
1708963200000,0.11646,0.1179,0.1164,0.11764
1708977600000,0.11764,0.11826,0.11706,0.11809
1708992000000,0.11809,0.11984,0.11723,0.11859
1709006400000,0.11859,0.12023,0.11854,0.11914
1709020800000,0.11914,0.12067,0.11911,0.11994
1709035200000,0.11994,0.12077,0.11833,0.11893
1709049600000,0.11893,0.12369,0.11787,0.12349
1709064000000,0.12349,0.12353,0.12153,0.12301
1709078400000,0.12301,0.1236,0.12088,0.121
1709092800000,0.121,0.1224,0.12091,0.1224
1709107200000,0.1224,0.1237,0.12076,0.12171
1709121600000,0.12171,0.1239,0.12165,0.12332
1709136000000,0.12332,0.12537,0.1121,0.11936
1709150400000,0.11936,0.12149,0.11845,0.12108
1709164800000,0.12108,0.12333,0.12043,0.12333
1709179200000,0.12333,0.12708,0.12295,0.12526
1709193600000,0.12526,0.12662,0.12458,0.12538
1709208000000,0.12538,0.12709,0.12434,0.12633
1709222400000,0.12633,0.12846,0.12351,0.12579
1709236800000,0.12579,0.12635,0.119,0.12218
1709251200000,0.12218,0.12446,0.12218,0.12352
1709265600000,0.12352,0.12472,0.12319,0.12346
1709280000000,0.12346,0.12555,0.12312,0.12481
1709294400000,0.12481,0.12581,0.12409,0.12433
1709308800000,0.12433,0.12583,0.12392,0.12522
1709323200000,0.12522,0.12756,0.12491,0.12725
1709337600000,0.12725,0.13358,0.12699,0.13257
1709352000000,0.13257,0.13338,0.13048,0.1329
1709366400000,0.1329,0.13536,0.13169,0.13524
1709380800000,0.13524,0.13725,0.13299,0.13379
1709395200000,0.13379,0.13526,0.13344,0.13514
1709409600000,0.13514,0.13868,0.13391,0.13848
1709424000000,0.13848,0.14029,0.13497,0.13918
1709438400000,0.13918,0.13952,0.12661,0.13181
1709452800000,0.13181,0.13486,0.13099,0.13481
1709467200000,0.13481,0.13571,0.13356,0.13462
1709481600000,0.13462,0.13509,0.13317,0.13408
1709496000000,0.13408,0.13639,0.13382,0.13592
1709510400000,0.13592,0.13793,0.13328,0.137
1709524800000,0.137,0.1449,0.13577,0.14282
1709539200000,0.14282,0.15911,0.14273,0.15328
1709553600000,0.15328,0.15328,0.1453,0.14894
1709568000000,0.14894,0.15013,0.14384,0.1479
1709582400000,0.1479,0.14795,0.1453,0.14611
1709596800000,0.14611,0.15134,0.14508,0.15082
1709611200000,0.15082,0.15103,0.1417,0.14793
1709625600000,0.14793,0.15344,0.14543,0.15038
1709640000000,0.15038,0.15085,0.14207,0.14373
1709654400000,0.14373,0.14489,0.1095,0.12734
1709668800000,0.12734,0.13283,0.12466,0.13226
1709683200000,0.13226,0.13369,0.12801,0.13018
1709697600000,0.13018,0.1369,0.13007,0.13685
1709712000000,0.13685,0.13887,0.13434,0.13693
1709726400000,0.13693,0.13737,0.13115,0.13361
1709740800000,0.13361,0.13556,0.13267,0.13436
1709755200000,0.13436,0.1387,0.13414,0.13865
1709769600000,0.13865,0.14356,0.13757,0.14341
1709784000000,0.14341,0.1437,0.13861,0.14206
1709798400000,0.14206,0.14305,0.14015,0.14075
1709812800000,0.14075,0.14123,0.13784,0.14088
1709827200000,0.14088,0.14262,0.13954,0.14241
1709841600000,0.14241,0.14278,0.14071,0.14209
1709856000000,0.14209,0.14328,0.14001,0.14081
1709870400000,0.14081,0.14185,0.14013,0.14112
1709884800000,0.14112,0.14265,0.14026,0.14252
1709899200000,0.14252,0.14568,0.1378,0.13945
1709913600000,0.13945,0.14203,0.13679,0.14059
1709928000000,0.14059,0.14196,0.14035,0.14177
1709942400000,0.14177,0.14311,0.14048,0.14304
1709956800000,0.14304,0.14383,0.14225,0.14258
1709971200000,0.14258,0.14312,0.14016,0.14149
1709985600000,0.14149,0.1435,0.14079,0.143
1710000000000,0.143,0.14393,0.14156,0.14194
1710014400000,0.14194,0.14337,0.14183,0.14242
1710028800000,0.14242,0.144,0.14194,0.14328
1710043200000,0.14328,0.14426,0.14295,0.14407
1710057600000,0.14407,0.14505,0.14191,0.14254
1710072000000,0.14254,0.1432,0.13788,0.13966
1710086400000,0.13966,0.14122,0.13958,0.14088
1710100800000,0.14088,0.14088,0.13682,0.13992
1710115200000,0.13992,0.14044,0.13419,0.14006
1710129600000,0.14006,0.14417,0.13972,0.14349
1710144000000,0.14349,0.14778,0.14314,0.14528
1710158400000,0.14528,0.1582,0.14347,0.15785
1710172800000,0.15785,0.16297,0.15256,0.16007
1710187200000,0.16007,0.16188,0.15663,0.15798
1710201600000,0.15798,0.15973,0.15121,0.1521
1710216000000,0.1521,0.15351,0.1497,0.15164
1710230400000,0.15164,0.15204,0.14729,0.14992
1710244800000,0.14992,0.15173,0.14726,0.14954
1710259200000,0.14954,0.15008,0.14226,0.14951
1710273600000,0.14951,0.14983,0.14766,0.14951
1710288000000,0.14951,0.15147,0.1486,0.15133
1710302400000,0.15133,0.15346,0.14996,0.15231
1710316800000,0.15231,0.15379,0.15083,0.15091
1710331200000,0.15091,0.15164,0.14639,0.1477
1710345600000,0.1477,0.15071,0.14695,0.14972
1710360000000,0.14972,0.15135,0.14858,0.15096
1710374400000,0.15096,0.15103,0.14833,0.14939
1710388800000,0.14939,0.1495,0.1473,0.14892
1710403200000,0.14892,0.15278,0.14708,0.1488
1710417600000,0.1488,0.14932,0.14176,0.143
1710432000000,0.143,0.14492,0.13781,0.14039
1710446400000,0.14039,0.14534,0.14029,0.14474
1710460800000,0.14474,0.14579,0.13009,0.13642
1710475200000,0.13642,0.13726,0.13364,0.13643
1710489600000,0.13643,0.13658,0.12684,0.13263
1710504000000,0.13263,0.13457,0.13195,0.13365
1710518400000,0.13365,0.13747,0.13233,0.13471
1710532800000,0.13471,0.13733,0.1322,0.1371
1710547200000,0.1371,0.14322,0.13676,0.14191
1710561600000,0.14191,0.14194,0.1384,0.14084
1710576000000,0.14084,0.14115,0.13778,0.13885
1710590400000,0.13885,0.13894,0.13402,0.13665
1710604800000,0.13665,0.13683,0.12652,0.12849
1710619200000,0.12849,0.13037,0.12655,0.12933
1710633600000,0.12933,0.13127,0.1276,0.13125
1710648000000,0.13125,0.13128,0.12413,0.12676
1710662400000,0.12676,0.13144,0.12611,0.13007
1710676800000,0.13007,0.13295,0.12829,0.13248
1710691200000,0.13248,0.13332,0.13166,0.1332
1710705600000,0.1332,0.13331,0.13163,0.13224
1710720000000,0.13224,0.13224,0.12857,0.13131
1710734400000,0.13131,0.13301,0.1304,0.13259
1710748800000,0.13259,0.13262,0.12928,0.13114
1710763200000,0.13114,0.13158,0.12618,0.1277
1710777600000,0.1277,0.12906,0.12492,0.12608
1710792000000,0.12608,0.13792,0.12608,0.13491
1710806400000,0.13491,0.13497,0.12458,0.12706
1710820800000,0.12706,0.12787,0.12013,0.12482
1710835200000,0.12482,0.12493,0.1192,0.12289
1710849600000,0.12289,0.12874,0.12276,0.12654
1710864000000,0.12654,0.12808,0.12624,0.12748
1710878400000,0.12748,0.12766,0.11862,0.12079
1710892800000,0.12079,0.12346,0.12008,0.12046
1710907200000,0.12046,0.12463,0.11706,0.12408
1710921600000,0.12408,0.12605,0.12353,0.12601
1710936000000,0.12601,0.12639,0.12305,0.1238
1710950400000,0.1238,0.12886,0.11971,0.12848
1710964800000,0.12848,0.13142,0.12834,0.13089
1710979200000,0.13089,0.13212,0.1296,0.13037
1710993600000,0.13037,0.13136,0.12786,0.13026
1711008000000,0.13026,0.13304,0.13007,0.13183
1711022400000,0.13183,0.1356,0.1309,0.13347
1711036800000,0.13347,0.13468,0.12986,0.13243
1711051200000,0.13243,0.13371,0.13109,0.13346
1711065600000,0.13346,0.1341,0.13032,0.13306
1711080000000,0.13306,0.13434,0.13213,0.13346
1711094400000,0.13346,0.13397,0.12867,0.12913
1711108800000,0.12913,0.13011,0.12543,0.12797
1711123200000,0.12797,0.1285,0.12634,0.12799
1711137600000,0.12799,0.12838,0.12611,0.12838
1711152000000,0.12838,0.1298,0.12775,0.12884
1711166400000,0.12884,0.13017,0.12839,0.12986
1711180800000,0.12986,0.13119,0.12941,0.13115
1711195200000,0.13115,0.13454,0.13082,0.13432
1711209600000,0.13432,0.13664,0.13368,0.13547
1711224000000,0.13547,0.13565,0.1326,0.13272
1711238400000,0.13272,0.1344,0.13243,0.13248
1711252800000,0.13248,0.13462,0.13185,0.1339
1711267200000,0.1339,0.13462,0.13333,0.13377
1711281600000,0.13377,0.13553,0.1333,0.13443
1711296000000,0.13443,0.13467,0.13259,0.1342
1711310400000,0.1342,0.13552,0.13393,0.13515
1711324800000,0.13515,0.13558,0.13418,0.13515
1711339200000,0.13515,0.13608,0.1342,0.13441
1711353600000,0.13441,0.13587,0.13421,0.13436
1711368000000,0.13436,0.13811,0.13436,0.1375
1711382400000,0.1375,0.13967,0.13704,0.13872
1711396800000,0.13872,0.13898,0.13613,0.1368
1711411200000,0.1368,0.13908,0.13661,0.13896
1711425600000,0.13896,0.13998,0.13855,0.13877
1711440000000,0.13877,0.14015,0.1382,0.13924
1711454400000,0.13924,0.1398,0.13591,0.13756
1711468800000,0.13756,0.13842,0.13566,0.13706
1711483200000,0.13706,0.13893,0.13705,0.13831
1711497600000,0.13831,0.13996,0.13758,0.13884
1711512000000,0.13884,0.13917,0.13534,0.13566
1711526400000,0.13566,0.13693,0.13377,0.13657
1711540800000,0.13657,0.13828,0.13247,0.1329
1711555200000,0.1329,0.13489,0.13224,0.13417
1711569600000,0.13417,0.1353,0.13331,0.13388
1711584000000,0.13388,0.13506,0.13271,0.13356
1711598400000,0.13356,0.13695,0.13347,0.13677
1711612800000,0.13677,0.13824,0.13624,0.13814
1711627200000,0.13814,0.1389,0.13674,0.13761
1711641600000,0.13761,0.1391,0.13675,0.1379
1711656000000,0.1379,0.13866,0.13774,0.13816
1711670400000,0.13816,0.13888,0.13731,0.13827
1711684800000,0.13827,0.14238,0.13803,0.13868
1711699200000,0.13868,0.14545,0.13868,0.145
1711713600000,0.145,0.14583,0.14167,0.14263
1711728000000,0.14263,0.14675,0.14151,0.14194
1711742400000,0.14194,0.1433,0.13967,0.14288
1711756800000,0.14288,0.14371,0.14017,0.1403
1711771200000,0.1403,0.14083,0.13956,0.13966
1711785600000,0.13966,0.14102,0.13961,0.14061
1711800000000,0.14061,0.14157,0.13982,0.14046
1711814400000,0.14046,0.14083,0.13888,0.13977
1711828800000,0.13977,0.1401,0.13815,0.13929
1711843200000,0.13929,0.14037,0.13878,0.139
1711857600000,0.139,0.14171,0.13853,0.1413
1711872000000,0.1413,0.14151,0.14001,0.14045
1711886400000,0.14045,0.14091,0.13994,0.14004
1711900800000,0.14004,0.14121,0.13972,0.1408
1711915200000,0.1408,0.14146,0.14013,0.14133
1711929600000,0.14133,0.14277,0.14101,0.14148
1711944000000,0.14148,0.14149,0.13516,0.13806
1711958400000,0.13806,0.13807,0.13565,0.13589
1711972800000,0.13589,0.13808,0.13217,0.13285
1711987200000,0.13285,0.13447,0.13233,0.13442
1712001600000,0.13442,0.1361,0.13409,0.13567
1712016000000,0.13567,0.1361,0.12904,0.13063
1712030400000,0.13063,0.13212,0.1291,0.13078
1712044800000,0.13078,0.13115,0.12721,0.12937
1712059200000,0.12937,0.13029,0.12725,0.12773
1712073600000,0.12773,0.12948,0.12728,0.12936
1712088000000,0.12936,0.1297,0.12803,0.1287
1712102400000,0.1287,0.12955,0.12537,0.12934
1712116800000,0.12934,0.13006,0.12861,0.12945
1712131200000,0.12945,0.13092,0.129,0.12982
1712145600000,0.12982,0.13025,0.12785,0.12864
1712160000000,0.12864,0.12959,0.12602,0.1267
1712174400000,0.1267,0.12675,0.12434,0.12637
1712188800000,0.12637,0.12761,0.12518,0.12542
1712203200000,0.12542,0.12784,0.12432,0.12752
1712217600000,0.12752,0.12844,0.12732,0.12796
1712232000000,0.12796,0.13209,0.12786,0.1305
1712246400000,0.1305,0.13134,0.12922,0.12939
1712260800000,0.12939,0.12953,0.12733,0.12899
1712275200000,0.12899,0.12975,0.12712,0.12882
1712289600000,0.12882,0.12887,0.12594,0.12711
1712304000000,0.12711,0.12824,0.12496,0.12499
1712318400000,0.12499,0.12776,0.12409,0.12769
1712332800000,0.12769,0.12822,0.12694,0.12775
1712347200000,0.12775,0.12821,0.12745,0.12761
1712361600000,0.12761,0.12879,0.12707,0.12855
1712376000000,0.12855,0.12928,0.12834,0.12878
1712390400000,0.12878,0.12937,0.12847,0.12863
1712404800000,0.12863,0.12948,0.12796,0.1291
1712419200000,0.1291,0.12952,0.12846,0.12849
1712433600000,0.12849,0.12999,0.12819,0.1292
1712448000000,0.1292,0.13037,0.12891,0.13015
1712462400000,0.13015,0.13036,0.12944,0.12975
1712476800000,0.12975,0.13039,0.12971,0.13032
1712491200000,0.13032,0.13054,0.12925,0.12956
1712505600000,0.12956,0.13024,0.12802,0.1282
1712520000000,0.1282,0.1296,0.12813,0.12943
1712534400000,0.12943,0.12948,0.12763,0.12845
1712548800000,0.12845,0.13061,0.12807,0.13033
1712563200000,0.13033,0.13306,0.13019,0.13248
1712577600000,0.13248,0.13455,0.13232,0.13337
1712592000000,0.13337,0.13459,0.13325,0.13416
1712606400000,0.13416,0.13454,0.13336,0.13355
1712620800000,0.13355,0.13434,0.13269,0.13295
1712635200000,0.13295,0.13436,0.13177,0.13241
1712649600000,0.13241,0.1352,0.13063,0.13504
1712664000000,0.13504,0.13703,0.13091,0.13424
1712678400000,0.13424,0.13438,0.13169,0.13385
1712692800000,0.13385,0.13424,0.13159,0.1322
1712707200000,0.1322,0.13234,0.12803,0.12945
1712721600000,0.12945,0.13087,0.12928,0.12994
1712736000000,0.12994,0.13051,0.12819,0.12923
1712750400000,0.12923,0.12939,0.1253,0.12846
1712764800000,0.12846,0.1299,0.12768,0.12919
1712779200000,0.12919,0.13056,0.12879,0.12981
1712793600000,0.12981,0.13086,0.12925,0.13048
1712808000000,0.13048,0.13155,0.12975,0.13111
1712822400000,0.13111,0.13138,0.12905,0.12915
1712836800000,0.12915,0.13049,0.12857,0.12977
1712851200000,0.12977,0.12999,0.12832,0.12986
1712865600000,0.12986,0.13048,0.12966,0.13034
1712880000000,0.13034,0.13102,0.13024,0.13097
1712894400000,0.13097,0.13123,0.12965,0.12996
1712908800000,0.12996,0.13035,0.12965,0.12982
1712923200000,0.12982,0.12983,0.12532,0.1259
1712937600000,0.1259,0.1259,0.09946,0.11315
1712952000000,0.11315,0.11519,0.11274,0.11496
1712966400000,0.11496,0.11547,0.11073,0.11334
1712980800000,0.11334,0.11489,0.1128,0.11371
1712995200000,0.11371,0.11465,0.11251,0.11342
1713009600000,0.11342,0.11463,0.11228,0.11277
1713024000000,0.11277,0.11311,0.10101,0.10334
1713038400000,0.10334,0.10621,0.08852,0.10518
1713052800000,0.10518,0.10555,0.10159,0.10368
1713067200000,0.10368,0.1101,0.1031,0.11009
1713081600000,0.11009,0.11144,0.10692,0.10736
1713096000000,0.10736,0.10945,0.10586,0.10721
1713110400000,0.10721,0.10952,0.1042,0.10687
1713124800000,0.10687,0.11109,0.10538,0.11058
1713139200000,0.11058,0.11058,0.10709,0.10858
1713153600000,0.10858,0.11394,0.1076,0.11311
1713168000000,0.11311,0.11399,0.11179,0.11183
1713182400000,0.11183,0.1128,0.10693,0.1086
1713196800000,0.1086,0.10933,0.10362,0.1071
1713211200000,0.1071,0.10768,0.10513,0.10755
1713225600000,0.10755,0.10815,0.10551,0.10624
1713240000000,0.10624,0.10981,0.10383,0.10901
1713254400000,0.10901,0.10963,0.10493,0.10798
1713268800000,0.10798,0.108,0.10481,0.10529
1713283200000,0.10529,0.10846,0.10484,0.10749
1713297600000,0.10749,0.10995,0.10739,0.10949
1713312000000,0.10949,0.10949,0.1077,0.10854
1713326400000,0.10854,0.11003,0.10789,0.10953
1713340800000,0.10953,0.10991,0.10727,0.10734
1713355200000,0.10734,0.10886,0.10524,0.1059
1713369600000,0.1059,0.10977,0.10462,0.10837
1713384000000,0.10837,0.10878,0.1071,0.10745
1713398400000,0.10745,0.10875,0.10497,0.10831
1713412800000,0.10831,0.10866,0.10601,0.1066
1713427200000,0.1066,0.11065,0.10553,0.10965
1713441600000,0.10965,0.11064,0.10776,0.10988
1713456000000,0.10988,0.1102,0.10761,0.10972
1713470400000,0.10972,0.111,0.10938,0.11034
1713484800000,0.11034,0.1106,0.10336,0.1079
1713499200000,0.1079,0.11235,0.1078,0.11149
1713513600000,0.11149,0.11351,0.11128,0.11256
1713528000000,0.11256,0.1129,0.11078,0.11261
1713542400000,0.11261,0.11265,0.11084,0.1122
1713556800000,0.1122,0.11258,0.10992,0.11162
1713571200000,0.11162,0.11335,0.11069,0.11314
1713585600000,0.11314,0.11377,0.11289,0.11355
1713600000000,0.11355,0.11401,0.11232,0.11333
1713614400000,0.11333,0.11477,0.11294,0.1147
1713628800000,0.1147,0.1168,0.1141,0.11549
1713643200000,0.11549,0.11611,0.11497,0.11586
1713657600000,0.11586,0.11645,0.11433,0.11557
1713672000000,0.11557,0.11628,0.11502,0.11574
1713686400000,0.11574,0.11616,0.11409,0.11484
1713700800000,0.11484,0.11505,0.11322,0.11466
1713715200000,0.11466,0.11478,0.1124,0.1133
1713729600000,0.1133,0.11442,0.11303,0.11377
1713744000000,0.11377,0.11611,0.11343,0.11568
1713758400000,0.11568,0.11666,0.11538,0.11538
1713772800000,0.11538,0.11643,0.115,0.11582
1713787200000,0.11582,0.11703,0.11522,0.11637
1713801600000,0.11637,0.11742,0.11588,0.11737
1713816000000,0.11737,0.119,0.11717,0.11811
1713830400000,0.11811,0.11866,0.11643,0.11643
1713844800000,0.11643,0.11748,0.11553,0.11602
1713859200000,0.11602,0.11676,0.11561,0.116
1713873600000,0.116,0.11722,0.11577,0.1162
1713888000000,0.1162,0.11722,0.11527,0.11698
1713902400000,0.11698,0.11743,0.1157,0.11727
1713916800000,0.11727,0.11885,0.1169,0.11871
1713931200000,0.11871,0.12023,0.11855,0.11941
1713945600000,0.11941,0.11971,0.11863,0.11916
1713960000000,0.11916,0.11942,0.11523,0.11562
1713974400000,0.11562,0.11683,0.11463,0.11635
1713988800000,0.11635,0.11644,0.11315,0.1144
1714003200000,0.1144,0.11552,0.11303,0.11324
1714017600000,0.11324,0.11443,0.11179,0.11349
1714032000000,0.11349,0.11424,0.11167,0.11285
1714046400000,0.11285,0.11389,0.11134,0.11375
1714060800000,0.11375,0.11462,0.1135,0.1142
1714075200000,0.1142,0.11508,0.11349,0.11366
1714089600000,0.11366,0.11417,0.11181,0.11354
1714104000000,0.11354,0.11469,0.11286,0.11291
1714118400000,0.11291,0.11349,0.11249,0.11316
1714132800000,0.11316,0.11426,0.11179,0.11324
1714147200000,0.11324,0.11453,0.113,0.11428
1714161600000,0.11428,0.1151,0.1134,0.11393
1714176000000,0.11393,0.11437,0.11058,0.11334
1714190400000,0.11334,0.11361,0.11224,0.1123
1714204800000,0.1123,0.11274,0.11149,0.11205
1714219200000,0.11205,0.11358,0.11186,0.1126
1714233600000,0.1126,0.11487,0.11249,0.11432
1714248000000,0.11432,0.11453,0.11369,0.11434
1714262400000,0.11434,0.11552,0.11422,0.1152
1714276800000,0.1152,0.11593,0.11502,0.11576
1714291200000,0.11576,0.11591,0.11404,0.11428
1714305600000,0.11428,0.11485,0.11357,0.11373
1714320000000,0.11373,0.11416,0.11327,0.11345
1714334400000,0.11345,0.11389,0.11178,0.11214
1714348800000,0.11214,0.11359,0.11122,0.11129
1714363200000,0.11129,0.11264,0.11018,0.11068
1714377600000,0.11068,0.1112,0.10963,0.11
1714392000000,0.11,0.11183,0.10956,0.11155
1714406400000,0.11155,0.11178,0.11062,0.1113
1714420800000,0.1113,0.11264,0.11066,0.11195
1714435200000,0.11195,0.1128,0.11003,0.11175
1714449600000,0.11175,0.11186,0.111,0.11117
1714464000000,0.11117,0.11129,0.10636,0.10688
1714478400000,0.10688,0.10731,0.10499,0.1062
1714492800000,0.1062,0.1062,0.10439,0.10509
1714507200000,0.10509,0.10799,0.10509,0.10766
1714521600000,0.10766,0.1081,0.10611,0.10753
1714536000000,0.10753,0.10811,0.10431,0.10501
1714550400000,0.10501,0.1061,0.10293,0.10606
1714564800000,0.10606,0.10729,0.10567,0.10663
1714579200000,0.10663,0.1105,0.10603,0.10834
1714593600000,0.10834,0.11119,0.10798,0.11105
1714608000000,0.11105,0.11133,0.10833,0.10896
1714622400000,0.10896,0.10927,0.10716,0.10716
1714636800000,0.10716,0.10937,0.10689,0.10912
1714651200000,0.10912,0.11017,0.10808,0.10951
1714665600000,0.10951,0.11116,0.10919,0.11072
1714680000000,0.11072,0.11121,0.10971,0.11016
1714694400000,0.11016,0.1112,0.1097,0.1107
1714708800000,0.1107,0.11091,0.10932,0.10945
1714723200000,0.10945,0.1108,0.10893,0.10894
1714737600000,0.10894,0.11114,0.10875,0.11096
1714752000000,0.11096,0.11158,0.11066,0.11128
1714766400000,0.11128,0.11248,0.11114,0.11161
1714780800000,0.11161,0.11217,0.11066,0.1111
1714795200000,0.1111,0.11141,0.11054,0.11058
1714809600000,0.11058,0.11236,0.11058,0.11148
1714824000000,0.11148,0.11254,0.11078,0.11136
1714838400000,0.11136,0.11171,0.11085,0.11165
1714852800000,0.11165,0.11211,0.11071,0.1108
1714867200000,0.1108,0.11103,0.10922,0.10941
1714881600000,0.10941,0.11037,0.10918,0.11018
1714896000000,0.11018,0.11064,0.10971,0.11018
1714910400000,0.11018,0.11125,0.10942,0.11111
1714924800000,0.11111,0.11126,0.11018,0.11063
1714939200000,0.11063,0.111,0.1102,0.11085
1714953600000,0.11085,0.11163,0.10997,0.11032
1714968000000,0.11032,0.11194,0.11013,0.11191
1714982400000,0.11191,0.11307,0.11051,0.1115
1714996800000,0.1115,0.11251,0.10904,0.11245
1715011200000,0.11245,0.11361,0.1103,0.11123
1715025600000,0.11123,0.11144,0.10957,0.10961
1715040000000,0.10961,0.11044,0.10764,0.10855
1715054400000,0.10855,0.10933,0.10805,0.1091
1715068800000,0.1091,0.1107,0.10891,0.10897
1715083200000,0.10897,0.11045,0.10878,0.10988
1715097600000,0.10988,0.11018,0.10871,0.10927
1715112000000,0.10927,0.10961,0.10768,0.1079
1715126400000,0.1079,0.10839,0.10722,0.10818
1715140800000,0.10818,0.10842,0.10696,0.10708
1715155200000,0.10708,0.10795,0.10685,0.10722
1715169600000,0.10722,0.10973,0.10687,0.10908
1715184000000,0.10908,0.10935,0.10803,0.10849
1715198400000,0.10849,0.10884,0.10644,0.10725
1715212800000,0.10725,0.10769,0.1062,0.10743
1715227200000,0.10743,0.108,0.10631,0.10658
1715241600000,0.10658,0.1071,0.10576,0.10682
1715256000000,0.10682,0.1077,0.10587,0.10725
1715270400000,0.10725,0.10755,0.10646,0.1075
1715284800000,0.1075,0.10865,0.10727,0.10841
1715299200000,0.10841,0.10879,0.10793,0.10852
1715313600000,0.10852,0.10914,0.10846,0.10909
1715328000000,0.10909,0.10956,0.10881,0.10954
1715342400000,0.10954,0.10969,0.10536,0.1063
1715356800000,0.1063,0.10667,0.10514,0.10587
1715371200000,0.10587,0.10638,0.10526,0.10615
1715385600000,0.10615,0.10701,0.10604,0.10633
1715400000000,0.10633,0.10683,0.10625,0.10657
1715414400000,0.10657,0.10666,0.10533,0.10587
1715428800000,0.10587,0.10695,0.10584,0.10667
1715443200000,0.10667,0.10674,0.10607,0.10623
1715457600000,0.10623,0.10626,0.10562,0.1058
1715472000000,0.1058,0.10611,0.10563,0.10585
1715486400000,0.10585,0.1062,0.10519,0.10547
1715500800000,0.10547,0.10599,0.10525,0.10558
1715515200000,0.10558,0.1057,0.10509,0.10546
1715529600000,0.10546,0.10581,0.10453,0.1049
1715544000000,0.1049,0.10493,0.10374,0.1046
1715558400000,0.1046,0.10521,0.10106,0.10211
1715572800000,0.10211,0.10403,0.10082,0.10397
1715587200000,0.10397,0.10584,0.10397,0.10527
1715601600000,0.10527,0.10533,0.10436,0.10484
1715616000000,0.10484,0.10566,0.10363,0.10434
1715630400000,0.10434,0.10459,0.10364,0.10391
1715644800000,0.10391,0.10436,0.10297,0.10388
1715659200000,0.10388,0.1044,0.10226,0.10399
1715673600000,0.10399,0.10399,0.10304,0.10311
1715688000000,0.10311,0.10373,0.10155,0.10314
1715702400000,0.10314,0.10319,0.10194,0.10284
1715716800000,0.10284,0.10298,0.10158,0.10181
1715731200000,0.10181,0.10283,0.10141,0.10283
1715745600000,0.10283,0.10313,0.1024,0.10288
1715760000000,0.10288,0.10319,0.10186,0.10238
1715774400000,0.10238,0.1053,0.10216,0.1048
1715788800000,0.1048,0.1065,0.10443,0.1065
1715803200000,0.1065,0.10713,0.10611,0.10666
1715817600000,0.10666,0.10702,0.10599,0.10688
1715832000000,0.10688,0.10791,0.10682,0.10775
1715846400000,0.10775,0.10792,0.1063,0.10671
1715860800000,0.10671,0.10671,0.10477,0.1062
1715875200000,0.1062,0.10671,0.10577,0.10613
1715889600000,0.10613,0.10664,0.10604,0.10657
1715904000000,0.10657,0.10697,0.10597,0.1063
1715918400000,0.1063,0.10811,0.10609,0.10806
1715932800000,0.10806,0.1082,0.10733,0.10789
1715947200000,0.10789,0.10963,0.10729,0.10952
1715961600000,0.10952,0.10981,0.1081,0.1088
1715976000000,0.1088,0.10895,0.10856,0.10864
1715990400000,0.10864,0.10879,0.10823,0.10873
1716004800000,0.10873,0.10901,0.10828,0.10847
1716019200000,0.10847,0.10948,0.10845,0.10863
1716033600000,0.10863,0.10884,0.10722,0.10813
1716048000000,0.10813,0.10828,0.10759,0.10807
1716062400000,0.10807,0.10843,0.10765,0.10805
1716076800000,0.10805,0.10851,0.10755,0.10806
1716091200000,0.10806,0.10808,0.10712,0.10774
1716105600000,0.10774,0.10775,0.10618,0.10687
1716120000000,0.10687,0.10691,0.10562,0.10621
1716134400000,0.10621,0.10639,0.10524,0.10549
1716148800000,0.10549,0.10586,0.10508,0.10547
1716163200000,0.10547,0.10641,0.10438,0.10616
1716177600000,0.10616,0.10789,0.10574,0.10687
1716192000000,0.10687,0.10709,0.10608,0.10623
1716206400000,0.10623,0.10687,0.10561,0.10682
1716220800000,0.10682,0.11037,0.10669,0.11007
1716235200000,0.11007,0.11245,0.10991,0.11245
1716249600000,0.11245,0.11356,0.11174,0.11186
1716264000000,0.11186,0.11279,0.11149,0.11266
1716278400000,0.11266,0.11329,0.11241,0.11294
1716292800000,0.11294,0.1143,0.11222,0.11232
1716307200000,0.11232,0.11371,0.11148,0.11194
1716321600000,0.11194,0.11283,0.11146,0.11229
1716336000000,0.11229,0.1126,0.11164,0.11212
1716350400000,0.11212,0.11241,0.11044,0.11191
1716364800000,0.11191,0.11226,0.11059,0.1106
1716379200000,0.1106,0.11202,0.10911,0.11181
1716393600000,0.11181,0.11233,0.10988,0.11031
1716408000000,0.11031,0.11122,0.10975,0.11073
1716422400000,0.11073,0.11165,0.11034,0.11149
1716436800000,0.11149,0.11167,0.11096,0.11139
1716451200000,0.11139,0.11139,0.1098,0.11128
1716465600000,0.11128,0.11185,0.10673,0.10834
1716480000000,0.10834,0.10855,0.10614,0.1072
1716494400000,0.1072,0.10925,0.104,0.10925
1716508800000,0.10925,0.11004,0.10859,0.10986
1716523200000,0.10986,0.11041,0.10751,0.1086
1716537600000,0.1086,0.10997,0.10732,0.10959
1716552000000,0.10959,0.11071,0.10909,0.10974
1716566400000,0.10974,0.11027,0.10852,0.10977
1716580800000,0.10977,0.11052,0.10965,0.11027
1716595200000,0.11027,0.11149,0.11013,0.11139
1716609600000,0.11139,0.11179,0.11081,0.11127
1716624000000,0.11127,0.11179,0.11097,0.11114
1716638400000,0.11114,0.11179,0.11055,0.11124
1716652800000,0.11124,0.11144,0.11082,0.11094
1716667200000,0.11094,0.11109,0.1104,0.11097
1716681600000,0.11097,0.11149,0.11013,0.11063
1716696000000,0.11063,0.11078,0.10992,0.11041
1716710400000,0.11041,0.11062,0.10933,0.10974
1716724800000,0.10974,0.11012,0.10878,0.10927
1716739200000,0.10927,0.10957,0.10881,0.10906
1716753600000,0.10906,0.10919,0.10803,0.10871
1716768000000,0.10871,0.10959,0.10862,0.10899
1716782400000,0.10899,0.10948,0.10814,0.10836
1716796800000,0.10836,0.10945,0.1083,0.10895
1716811200000,0.10895,0.11122,0.10893,0.11093
1716825600000,0.11093,0.11171,0.10928,0.1099
1716840000000,0.1099,0.11085,0.10969,0.11055
1716854400000,0.11055,0.11084,0.10819,0.10884
1716868800000,0.10884,0.10884,0.10731,0.10784
1716883200000,0.10784,0.10926,0.1077,0.10844
1716897600000,0.10844,0.1088,0.10736,0.10818
1716912000000,0.10818,0.10845,0.10675,0.10816
1716926400000,0.10816,0.10861,0.10775,0.10791
1716940800000,0.10791,0.10892,0.10756,0.10863
1716955200000,0.10863,0.10956,0.10817,0.10821
1716969600000,0.10821,0.10888,0.10681,0.10804
1716984000000,0.10804,0.10864,0.10711,0.10716
1716998400000,0.10716,0.10781,0.10651,0.10703
1717012800000,0.10703,0.10721,0.10655,0.10671
1717027200000,0.10671,0.10791,0.10667,0.10772
1717041600000,0.10772,0.10795,0.10503,0.10541
1717056000000,0.10541,0.10695,0.10477,0.10641
1717070400000,0.10641,0.10718,0.10594,0.10655
1717084800000,0.10655,0.10788,0.10653,0.10712
1717099200000,0.10712,0.10729,0.1061,0.10686
1717113600000,0.10686,0.1071,0.10627,0.10696
1717128000000,0.10696,0.10707,0.10579,0.10648
1717142400000,0.10648,0.107,0.10613,0.10655
1717156800000,0.10655,0.10732,0.10496,0.10524
1717171200000,0.10524,0.10656,0.10457,0.10642
1717185600000,0.10642,0.10673,0.10619,0.10636
1717200000000,0.10636,0.10688,0.1062,0.1067
1717214400000,0.1067,0.10704,0.10634,0.10678
1717228800000,0.10678,0.107,0.10661,0.10679
1717243200000,0.10679,0.10688,0.10657,0.10661
1717257600000,0.10661,0.10686,0.10638,0.10666
1717272000000,0.10666,0.10678,0.10638,0.10647
1717286400000,0.10647,0.10686,0.1063,0.10654
1717300800000,0.10654,0.10662,0.10574,0.10574
1717315200000,0.10574,0.10611,0.10528,0.10601
1717329600000,0.10601,0.10662,0.10567,0.10624
1717344000000,0.10624,0.10636,0.10436,0.10526
1717358400000,0.10526,0.10555,0.10484,0.10519
1717372800000,0.10519,0.10653,0.10436,0.10622
1717387200000,0.10622,0.10719,0.10531,0.10701
1717401600000,0.10701,0.10714,0.10635,0.10667
1717416000000,0.10667,0.10721,0.10537,0.10675
1717430400000,0.10675,0.10678,0.10567,0.1057
1717444800000,0.1057,0.10588,0.10512,0.10545
1717459200000,0.10545,0.10588,0.10477,0.10548
1717473600000,0.10548,0.1056,0.10445,0.10476
1717488000000,0.10476,0.10524,0.10408,0.10502
1717502400000,0.10502,0.10647,0.10487,0.10638
1717516800000,0.10638,0.10707,0.10626,0.10682
1717531200000,0.10682,0.10697,0.10632,0.10645
1717545600000,0.10645,0.10699,0.106,0.10644
1717560000000,0.10644,0.10705,0.10639,0.10663
1717574400000,0.10663,0.10711,0.10635,0.10709
1717588800000,0.10709,0.10734,0.10631,0.10716
1717603200000,0.10716,0.10762,0.10674,0.1075
1717617600000,0.1075,0.10759,0.10657,0.10706
1717632000000,0.10706,0.10709,0.10652,0.10654
1717646400000,0.10654,0.10681,0.10604,0.10625
1717660800000,0.10625,0.10668,0.1061,0.10637
1717675200000,0.10637,0.10706,0.10617,0.10662
1717689600000,0.10662,0.10688,0.10532,0.10537
1717704000000,0.10537,0.10568,0.10475,0.10534
1717718400000,0.10534,0.10555,0.10503,0.10554
1717732800000,0.10554,0.10641,0.10553,0.106
1717747200000,0.106,0.10667,0.1055,0.10654
1717761600000,0.10654,0.10699,0.10523,0.10626
1717776000000,0.10626,0.10629,0.09131,0.09911
1717790400000,0.09911,0.10054,0.09865,0.10013
1717804800000,0.10013,0.10014,0.09948,0.09998
1717819200000,0.09998,0.09998,0.09935,0.09966
1717833600000,0.09966,0.09968,0.09741,0.09759
1717848000000,0.09759,0.09795,0.09644,0.09735
1717862400000,0.09735,0.09811,0.09672,0.09748
1717876800000,0.09748,0.09832,0.09746,0.09816
1717891200000,0.09816,0.09905,0.098,0.09849
1717905600000,0.09849,0.09915,0.09844,0.09904
1717920000000,0.09904,0.09944,0.09896,0.09928
1717934400000,0.09928,0.09958,0.09875,0.09913
1717948800000,0.09913,0.09967,0.099,0.09941
1717963200000,0.09941,0.09984,0.09917,0.09983
1717977600000,0.09983,0.10032,0.09944,0.09966
1717992000000,0.09966,0.09998,0.09909,0.09938
1718006400000,0.09938,0.10052,0.09934,0.10028
1718020800000,0.10028,0.10129,0.0996,0.10087
1718035200000,0.10087,0.1009,0.09984,0.0999
1718049600000,0.0999,0.10044,0.09939,0.10005
1718064000000,0.10005,0.10028,0.0977,0.09873
1718078400000,0.09873,0.0988,0.0972,0.09825
1718092800000,0.09825,0.0984,0.09767,0.09772
1718107200000,0.09772,0.0979,0.09521,0.09633
1718121600000,0.09633,0.09733,0.09568,0.09714
1718136000000,0.09714,0.09732,0.09655,0.09667
1718150400000,0.09667,0.09748,0.09533,0.09744
1718164800000,0.09744,0.0984,0.09737,0.09837
1718179200000,0.09837,0.09875,0.09792,0.09806
1718193600000,0.09806,0.10082,0.09804,0.10046
1718208000000,0.10046,0.10095,0.09829,0.09884
1718222400000,0.09884,0.10051,0.0985,0.10005
1718236800000,0.10005,0.10023,0.09803,0.09898
1718251200000,0.09898,0.0994,0.09848,0.09932
1718265600000,0.09932,0.09932,0.09852,0.09866
1718280000000,0.09866,0.09986,0.09774,0.098
1718294400000,0.098,0.09863,0.09739,0.09835
1718308800000,0.09835,0.09856,0.09712,0.09744
1718323200000,0.09744,0.0983,0.09713,0.0978
1718337600000,0.0978,0.09892,0.0978,0.09856
1718352000000,0.09856,0.09885,0.09792,0.09811
1718366400000,0.09811,0.09856,0.09696,0.09745
1718380800000,0.09745,0.09769,0.09421,0.09509
1718395200000,0.09509,0.09682,0.09509,0.0968
1718409600000,0.0968,0.09716,0.09619,0.09699
1718424000000,0.09699,0.09764,0.09674,0.09743
1718438400000,0.09743,0.09756,0.09684,0.09705
1718452800000,0.09705,0.09735,0.09667,0.09719
1718467200000,0.09719,0.09887,0.09704,0.0981
1718481600000,0.0981,0.09836,0.09762,0.09826
1718496000000,0.09826,0.09857,0.09785,0.0981
1718510400000,0.0981,0.0984,0.0976,0.09776
1718524800000,0.09776,0.09895,0.09757,0.09856
1718539200000,0.09856,0.0991,0.09818,0.09863
1718553600000,0.09863,0.09903,0.09837,0.09877
1718568000000,0.09877,0.0992,0.09855,0.09903
1718582400000,0.09903,0.09932,0.09814,0.09836
1718596800000,0.09836,0.09869,0.09631,0.098
1718611200000,0.098,0.09806,0.09587,0.09727
1718625600000,0.09727,0.09938,0.09659,0.0978
1718640000000,0.0978,0.09945,0.09499,0.09843
1718654400000,0.09843,0.09854,0.09652,0.09677
1718668800000,0.09677,0.09692,0.0861,0.09147
1718683200000,0.09147,0.09234,0.09093,0.09216
1718697600000,0.09216,0.09257,0.08995,0.09065
1718712000000,0.09065,0.0909,0.0881,0.08946
1718726400000,0.08946,0.08983,0.08772,0.08978
1718740800000,0.08978,0.09164,0.08928,0.09127
1718755200000,0.09127,0.09403,0.09059,0.0938
1718769600000,0.0938,0.0942,0.0924,0.09268
1718784000000,0.09268,0.09306,0.09191,0.0924
1718798400000,0.0924,0.09306,0.09161,0.09237
1718812800000,0.09237,0.09338,0.09219,0.09304
1718827200000,0.09304,0.09347,0.09272,0.0934
1718841600000,0.0934,0.09429,0.09296,0.09356
1718856000000,0.09356,0.09488,0.09318,0.0947
1718870400000,0.0947,0.09545,0.09424,0.095
1718884800000,0.095,0.09511,0.09303,0.09359
1718899200000,0.09359,0.09453,0.0928,0.09437
1718913600000,0.09437,0.0945,0.09382,0.09395
1718928000000,0.09395,0.09443,0.09297,0.09352
1718942400000,0.09352,0.09415,0.09268,0.09313
1718956800000,0.09313,0.09369,0.09205,0.09346
1718971200000,0.09346,0.09362,0.09162,0.09242
1718985600000,0.09242,0.09246,0.09107,0.09194
1719000000000,0.09194,0.09245,0.09127,0.092
1719014400000,0.092,0.09207,0.0912,0.09157
1719028800000,0.09157,0.0919,0.09102,0.09116
1719043200000,0.09116,0.09124,0.0907,0.09107
1719057600000,0.09107,0.09145,0.09098,0.09115
1719072000000,0.09115,0.09147,0.09085,0.0909
1719086400000,0.0909,0.09114,0.09057,0.09079
1719100800000,0.09079,0.09192,0.09077,0.09188
1719115200000,0.09188,0.09193,0.09143,0.09164
1719129600000,0.09164,0.09173,0.09094,0.09112
1719144000000,0.09112,0.09118,0.0901,0.0904
1719158400000,0.0904,0.09043,0.08952,0.09021
1719172800000,0.09021,0.09043,0.08887,0.08945
1719187200000,0.08945,0.08966,0.08851,0.0891
1719201600000,0.0891,0.0894,0.08755,0.08766
1719216000000,0.08766,0.0885,0.08445,0.08689
1719230400000,0.08689,0.08867,0.08682,0.08733
1719244800000,0.08733,0.08838,0.08699,0.08734
1719259200000,0.08734,0.08948,0.08642,0.08933
1719273600000,0.08933,0.09068,0.08915,0.09034
1719288000000,0.09034,0.09078,0.09006,0.09029
1719302400000,0.09029,0.09108,0.09003,0.09093
1719316800000,0.09093,0.09236,0.09058,0.09215
1719331200000,0.09215,0.09296,0.09167,0.09232
1719345600000,0.09232,0.09233,0.09138,0.0918
1719360000000,0.0918,0.09249,0.09102,0.09118
1719374400000,0.09118,0.09138,0.09083,0.09128
1719388800000,0.09128,0.09166,0.09092,0.09139
1719403200000,0.09139,0.09158,0.09054,0.09076
1719417600000,0.09076,0.09087,0.08944,0.09086
1719432000000,0.09086,0.09114,0.0901,0.09016
1719446400000,0.09016,0.09025,0.0894,0.08944
1719460800000,0.08944,0.08946,0.08859,0.08893
1719475200000,0.08893,0.09002,0.08884,0.08991
1719489600000,0.08991,0.09156,0.08979,0.09096
1719504000000,0.09096,0.09155,0.09075,0.09137
1719518400000,0.09137,0.0916,0.09135,0.09143
1719532800000,0.09143,0.09185,0.09066,0.09158
1719547200000,0.09158,0.09238,0.09124,0.09216
1719561600000,0.09216,0.09292,0.09193,0.09289
1719576000000,0.09289,0.09313,0.09234,0.09272
1719590400000,0.09272,0.09324,0.09149,0.09206
1719604800000,0.09206,0.09257,0.09093,0.09099
1719619200000,0.09099,0.09199,0.09096,0.09175
1719633600000,0.09175,0.09178,0.09118,0.09142
1719648000000,0.09142,0.09148,0.09097,0.09104
1719662400000,0.09104,0.09131,0.09077,0.09131
1719676800000,0.09131,0.09143,0.09028,0.09044
1719691200000,0.09044,0.09059,0.08989,0.09017
1719705600000,0.09017,0.0905,0.08931,0.08998
1719720000000,0.08998,0.09179,0.08981,0.09149
1719734400000,0.09149,0.09161,0.09053,0.09087
1719748800000,0.09087,0.09113,0.09023,0.09046
1719763200000,0.09046,0.09053,0.0896,0.09024
1719777600000,0.09024,0.09129,0.09009,0.09115
1719792000000,0.09115,0.09269,0.09051,0.09252
1719806400000,0.09252,0.09266,0.09163,0.09188
1719820800000,0.09188,0.09272,0.09157,0.09174
1719835200000,0.09174,0.09217,0.09111,0.09166
1719849600000,0.09166,0.09272,0.09126,0.09241
1719864000000,0.09241,0.09249,0.09128,0.09147
1719878400000,0.09147,0.09245,0.09141,0.09239
1719892800000,0.09239,0.09333,0.09239,0.0926
1719907200000,0.0926,0.09424,0.09255,0.09342
1719921600000,0.09342,0.09428,0.09305,0.09353
1719936000000,0.09353,0.09386,0.09307,0.09319
1719950400000,0.09319,0.09364,0.09319,0.09361
1719964800000,0.09361,0.09369,0.09148,0.0919
1719979200000,0.0919,0.09249,0.09155,0.09236
1719993600000,0.09236,0.09276,0.09093,0.09163
1720008000000,0.09163,0.09173,0.09047,0.09073
1720022400000,0.09073,0.091,0.08912,0.08966
1720036800000,0.08966,0.09068,0.08945,0.09032
1720051200000,0.09032,0.09065,0.08683,0.08888
1720065600000,0.08888,0.08962,0.0883,0.08867
1720080000000,0.08867,0.08996,0.08754,0.08902
1720094400000,0.08902,0.08904,0.08595,0.08861
1720108800000,0.08861,0.0892,0.08784,0.08864
1720123200000,0.08864,0.08965,0.08685,0.08699
1720137600000,0.08699,0.087,0.07653,0.07826
1720152000000,0.07826,0.08038,0.07664,0.07902
1720166400000,0.07902,0.08209,0.07706,0.0819
1720180800000,0.0819,0.08494,0.08166,0.08486
1720195200000,0.08486,0.08541,0.08351,0.08441
1720209600000,0.08441,0.08567,0.08432,0.08528
1720224000000,0.08528,0.08692,0.08493,0.08614
1720238400000,0.08614,0.08767,0.08583,0.08746
1720252800000,0.08746,0.08759,0.08675,0.08714
1720267200000,0.08714,0.08855,0.08696,0.08816
1720281600000,0.08816,0.09031,0.08816,0.0902
1720296000000,0.0902,0.09079,0.08972,0.0905
1720310400000,0.0905,0.09053,0.08959,0.08986
1720324800000,0.08986,0.09,0.08871,0.08906
1720339200000,0.08906,0.08977,0.08906,0.08956
1720353600000,0.08956,0.08989,0.08676,0.08745
1720368000000,0.08745,0.0881,0.08653,0.08658
1720382400000,0.08658,0.08692,0.0834,0.08384
1720396800000,0.08384,0.08402,0.08044,0.0834
1720411200000,0.0834,0.08395,0.08286,0.08349
1720425600000,0.08349,0.08724,0.0834,0.08662
1720440000000,0.08662,0.08708,0.08319,0.08437
1720454400000,0.08437,0.08541,0.0838,0.08516
1720468800000,0.08516,0.0858,0.0844,0.08537
1720483200000,0.08537,0.08711,0.08503,0.08632
1720497600000,0.08632,0.08748,0.08616,0.08726
1720512000000,0.08726,0.0882,0.08705,0.08753
1720526400000,0.08753,0.08779,0.08667,0.08761
1720540800000,0.08761,0.08822,0.08715,0.08816
1720555200000,0.08816,0.08819,0.0873,0.08795
1720569600000,0.08795,0.08799,0.08663,0.08775
1720584000000,0.08775,0.08917,0.08775,0.08844
1720598400000,0.08844,0.08856,0.08744,0.08751
1720612800000,0.08751,0.08838,0.08692,0.08789
1720627200000,0.08789,0.08807,0.08694,0.08705
1720641600000,0.08705,0.08752,0.08659,0.08746
1720656000000,0.08746,0.0884,0.08676,0.08754
1720670400000,0.08754,0.0883,0.08754,0.08824
1720684800000,0.08824,0.08895,0.08811,0.08886
1720699200000,0.08886,0.09039,0.08827,0.08862
1720713600000,0.08862,0.08956,0.08816,0.08898
1720728000000,0.08898,0.08928,0.08824,0.08871
1720742400000,0.08871,0.08957,0.08807,0.08911
1720756800000,0.08911,0.09081,0.08855,0.09072
1720771200000,0.09072,0.0925,0.09039,0.09164
1720785600000,0.09164,0.09174,0.09044,0.09065
1720800000000,0.09065,0.0917,0.09025,0.09094
1720814400000,0.09094,0.09135,0.09053,0.09125
1720828800000,0.09125,0.09433,0.09125,0.09364
1720843200000,0.09364,0.10074,0.0935,0.10016
1720857600000,0.10016,0.10422,0.10014,0.10173
1720872000000,0.10173,0.10436,0.10061,0.10367
1720886400000,0.10367,0.10594,0.10243,0.10552
1720900800000,0.10552,0.1056,0.10133,0.1022
1720915200000,0.1022,0.10283,0.09948,0.10004
1720929600000,0.10004,0.10145,0.09988,0.10093
1720944000000,0.10093,0.10679,0.10083,0.10555
1720958400000,0.10555,0.10584,0.10274,0.10436
1720972800000,0.10436,0.1055,0.10305,0.10505
1720987200000,0.10505,0.10653,0.10427,0.10446
1721001600000,0.10446,0.10574,0.10403,0.10414
1721016000000,0.10414,0.1042,0.10323,0.10344
1721030400000,0.10344,0.10439,0.10275,0.1037
1721044800000,0.1037,0.10378,0.1023,0.10283
1721059200000,0.10283,0.10386,0.10258,0.10325
1721073600000,0.10325,0.10497,0.10281,0.10458
1721088000000,0.10458,0.10738,0.10355,0.1071
1721102400000,0.1071,0.10718,0.10161,0.10172
1721116800000,0.10172,0.10291,0.10096,0.10234
1721131200000,0.10234,0.10878,0.10181,0.108
1721145600000,0.108,0.10917,0.10641,0.10713
1721160000000,0.10713,0.10723,0.10573,0.10673
1721174400000,0.10673,0.10749,0.10599,0.10651
1721188800000,0.10651,0.11065,0.10649,0.10944
1721203200000,0.10944,0.11125,0.10864,0.11114
1721217600000,0.11114,0.1124,0.10862,0.10915
1721232000000,0.10915,0.10933,0.10756,0.10838
1721246400000,0.10838,0.11111,0.10824,0.10977
1721260800000,0.10977,0.11113,0.10706,0.10737
1721275200000,0.10737,0.10774,0.10453,0.10467
1721289600000,0.10467,0.10473,0.10272,0.10382
1721304000000,0.10382,0.10444,0.10131,0.10148
1721318400000,0.10148,0.10323,0.10105,0.10268
1721332800000,0.10268,0.10346,0.1024,0.10308
1721347200000,0.10308,0.10328,0.10073,0.10291
1721361600000,0.10291,0.10367,0.10166,0.10185
1721376000000,0.10185,0.10244,0.10123,0.10204
1721390400000,0.10204,0.10369,0.10173,0.10337
1721404800000,0.10337,0.10543,0.10332,0.10543
1721419200000,0.10543,0.10548,0.10483,0.1052
1721433600000,0.1052,0.10532,0.10392,0.10458
1721448000000,0.10458,0.10689,0.10458,0.10583
1721462400000,0.10583,0.10601,0.10432,0.10439
1721476800000,0.10439,0.10547,0.10394,0.10545
1721491200000,0.10545,0.10571,0.10468,0.10518
1721505600000,0.10518,0.10568,0.10457,0.1052
1721520000000,0.1052,0.10581,0.1046,0.10517
1721534400000,0.10517,0.10593,0.10412,0.10438
1721548800000,0.10438,0.10476,0.1033,0.10339
1721563200000,0.10339,0.10433,0.10252,0.10399
1721577600000,0.10399,0.10448,0.10135,0.10368
1721592000000,0.10368,0.106,0.10333,0.10538
1721606400000,0.10538,0.10548,0.10334,0.10347
1721620800000,0.10347,0.10395,0.10215,0.10292
1721635200000,0.10292,0.10604,0.10253,0.1056
1721649600000,0.1056,0.10619,0.10421,0.10468
1721664000000,0.10468,0.10604,0.10409,0.10596
1721678400000,0.10596,0.1062,0.1027,0.10346
1721692800000,0.10346,0.10477,0.10345,0.10435
1721707200000,0.10435,0.10476,0.10157,0.1023
1721721600000,0.1023,0.10379,0.10204,0.10228
1721736000000,0.10228,0.10291,0.10098,0.1015
1721750400000,0.1015,0.10154,0.09928,0.10117
1721764800000,0.10117,0.10137,0.10008,0.1009
1721779200000,0.1009,0.10165,0.10006,0.10165
1721793600000,0.10165,0.10259,0.10143,0.10256
1721808000000,0.10256,0.10549,0.10244,0.10515
1721822400000,0.10515,0.10579,0.10408,0.1042
1721836800000,0.1042,0.10464,0.10329,0.10356
1721851200000,0.10356,0.10451,0.10165,0.10286
1721865600000,0.10286,0.10414,0.0997,0.10118
1721880000000,0.10118,0.10199,0.10042,0.10149
1721894400000,0.10149,0.10233,0.10044,0.10126
1721908800000,0.10126,0.10281,0.09981,0.10172
1721923200000,0.10172,0.10328,0.10096,0.10151
1721937600000,0.10151,0.1023,0.09993,0.10214
1721952000000,0.10214,0.10353,0.10151,0.10341
1721966400000,0.10341,0.10445,0.10268,0.10278
1721980800000,0.10278,0.10308,0.10224,0.10278
1721995200000,0.10278,0.10328,0.10136,0.1021
1722009600000,0.1021,0.10292,0.10159,0.10238
1722024000000,0.10238,0.10319,0.10174,0.10305
1722038400000,0.10305,0.10305,0.10207,0.1025
1722052800000,0.1025,0.10319,0.10243,0.10297
1722067200000,0.10297,0.10312,0.10203,0.10244
1722081600000,0.10244,0.10352,0.10171,0.10201
1722096000000,0.10201,0.10238,0.10042,0.10186
1722110400000,0.10186,0.10294,0.09994,0.10135
1722124800000,0.10135,0.10198,0.10092,0.10099
1722139200000,0.10099,0.10115,0.09975,0.10111
1722153600000,0.10111,0.10216,0.10081,0.10148
1722168000000,0.10148,0.1017,0.10015,0.10059
1722182400000,0.10059,0.10067,0.09993,0.10014
1722196800000,0.10014,0.10034,0.0995,0.10015
1722211200000,0.10015,0.1016,0.10008,0.1012
1722225600000,0.1012,0.10186,0.10097,0.10178
1722240000000,0.10178,0.10193,0.10114,0.10173
1722254400000,0.10173,0.10184,0.09964,0.10006
1722268800000,0.10006,0.10019,0.09868,0.09993
1722283200000,0.09993,0.1002,0.0989,0.09901
1722297600000,0.09901,0.09999,0.09836,0.09959
1722312000000,0.09959,0.10026,0.0994,0.10011
1722326400000,0.10011,0.10371,0.09985,0.10257
1722340800000,0.10257,0.10317,0.10145,0.10175
1722355200000,0.10175,0.10306,0.1016,0.10231
1722369600000,0.10231,0.10272,0.10073,0.10245
1722384000000,0.10245,0.10657,0.10206,0.10539
1722398400000,0.10539,0.1063,0.10287,0.10478
1722412800000,0.10478,0.10624,0.1043,0.10516
1722427200000,0.10516,0.10606,0.10356,0.10359
1722441600000,0.10359,0.104,0.10044,0.1011
1722456000000,0.1011,0.10171,0.10029,0.10045
1722470400000,0.10045,0.10103,0.09915,0.09938
1722484800000,0.09938,0.09958,0.0976,0.09833
1722499200000,0.09833,0.09982,0.09821,0.09935
1722513600000,0.09935,0.0997,0.09654,0.0966
1722528000000,0.0966,0.09737,0.09525,0.09715
1722542400000,0.09715,0.09959,0.09667,0.09921
1722556800000,0.09921,0.09953,0.09744,0.09875
1722571200000,0.09875,0.09892,0.0963,0.0973
1722585600000,0.0973,0.09804,0.09664,0.09723
1722600000000,0.09723,0.09843,0.09302,0.09481
1722614400000,0.09481,0.09539,0.09378,0.09473
1722628800000,0.09473,0.09592,0.0938,0.09548
1722643200000,0.09548,0.09565,0.09277,0.09479
1722657600000,0.09479,0.09591,0.09476,0.09553
1722672000000,0.09553,0.0956,0.09475,0.09544
1722686400000,0.09544,0.09589,0.09347,0.0937
1722700800000,0.0937,0.09393,0.09147,0.09176
1722715200000,0.09176,0.09376,0.0915,0.0933
1722729600000,0.0933,0.09339,0.09231,0.09245
1722744000000,0.09245,0.09271,0.09126,0.09138
1722758400000,0.09138,0.0922,0.0911,0.09142
1722772800000,0.09142,0.09215,0.08841,0.0889
1722787200000,0.0889,0.08905,0.08625,0.08882
1722801600000,0.08882,0.08944,0.08796,0.08811
1722816000000,0.08811,0.08851,0.07801,0.08225
1722830400000,0.08225,0.08408,0.07678,0.08313
1722844800000,0.08313,0.08315,0.07664,0.07803
1722859200000,0.07803,0.08724,0.07568,0.08667
1722873600000,0.08667,0.0883,0.08464,0.08583
1722888000000,0.08583,0.08907,0.08581,0.08786
1722902400000,0.08786,0.09131,0.08766,0.09034
1722916800000,0.09034,0.0918,0.08973,0.09162
1722931200000,0.09162,0.09163,0.08843,0.08951
1722945600000,0.08951,0.0915,0.08799,0.09092
1722960000000,0.09092,0.09273,0.09062,0.09205
1722974400000,0.09205,0.09297,0.09148,0.0924
1722988800000,0.0924,0.09356,0.09166,0.09263
1723003200000,0.09263,0.09379,0.09232,0.09335
1723017600000,0.09335,0.0953,0.09324,0.09466
1723032000000,0.09466,0.09674,0.09319,0.09478
1723046400000,0.09478,0.09675,0.09362,0.09587
1723060800000,0.09587,0.1043,0.09404,0.10138
1723075200000,0.10138,0.1035,0.0982,0.10196
1723089600000,0.10196,0.10246,0.10037,0.10114
1723104000000,0.10114,0.10296,0.101,0.10129
1723118400000,0.10129,0.10173,0.09942,0.1012
1723132800000,0.1012,0.10276,0.10073,0.1013
1723147200000,0.1013,0.10318,0.10114,0.10299
1723161600000,0.10299,0.10314,0.10123,0.10189
1723176000000,0.10189,0.10205,0.10021,0.10042
1723190400000,0.10042,0.10116,0.09921,0.10088
1723204800000,0.10088,0.10089,0.09843,0.09847
1723219200000,0.09847,0.09985,0.09841,0.09956
1723233600000,0.09956,0.09991,0.0987,0.09987
1723248000000,0.09987,0.10099,0.09942,0.10048
1723262400000,0.10048,0.10075,0.09995,0.10033
1723276800000,0.10033,0.10161,0.10011,0.10098
1723291200000,0.10098,0.10201,0.10083,0.10148
1723305600000,0.10148,0.10194,0.10074,0.10109
1723320000000,0.10109,0.10168,0.10072,0.10114
1723334400000,0.10114,0.10291,0.10114,0.10199
1723348800000,0.10199,0.10241,0.10155,0.10227
1723363200000,0.10227,0.10274,0.10065,0.10086
1723377600000,0.10086,0.10093,0.0995,0.10017
1723392000000,0.10017,0.10047,0.09841,0.09854
1723406400000,0.09854,0.09864,0.0969,0.09773
1723420800000,0.09773,0.0998,0.09771,0.09946
1723435200000,0.09946,0.0998,0.09812,0.0995
1723449600000,0.0995,0.1002,0.09862,0.10008
1723464000000,0.10008,0.10049,0.09722,0.09937
1723478400000,0.09937,0.10001,0.09741,0.09818
1723492800000,0.09818,0.09895,0.0971,0.09875
1723507200000,0.09875,0.09928,0.09817,0.09836
1723521600000,0.09836,0.09885,0.09785,0.09845
1723536000000,0.09845,0.09876,0.09751,0.09827
1723550400000,0.09827,0.09945,0.09806,0.09885
1723564800000,0.09885,0.09971,0.09853,0.09894
1723579200000,0.09894,0.0994,0.09843,0.09921
1723593600000,0.09921,0.09923,0.09831,0.09914
1723608000000,0.09914,0.09939,0.09831,0.09868
1723622400000,0.09868,0.09935,0.09823,0.09877
1723636800000,0.09877,0.09899,0.09658,0.09771
1723651200000,0.09771,0.09773,0.09633,0.09643
1723665600000,0.09643,0.09711,0.09613,0.09652
1723680000000,0.09652,0.09743,0.09648,0.09712
1723694400000,0.09712,0.09714,0.09585,0.09616
1723708800000,0.09616,0.09719,0.09601,0.09709
1723723200000,0.09709,0.09797,0.09703,0.09785
1723737600000,0.09785,0.0982,0.09454,0.09523
1723752000000,0.09523,0.09562,0.09445,0.09555
1723766400000,0.09555,0.09572,0.09455,0.09463
1723780800000,0.09463,0.09586,0.09457,0.09583
1723795200000,0.09583,0.09605,0.09506,0.09508
1723809600000,0.09508,0.09517,0.09307,0.09338
1723824000000,0.09338,0.09587,0.0931,0.0957
1723838400000,0.0957,0.09578,0.09467,0.09477
1723852800000,0.09477,0.09532,0.09439,0.09519
1723867200000,0.09519,0.0955,0.09476,0.09487
1723881600000,0.09487,0.09539,0.09484,0.09524
1723896000000,0.09524,0.09634,0.09516,0.09609
1723910400000,0.09609,0.09634,0.09554,0.09557
1723924800000,0.09557,0.09578,0.09526,0.09557
1723939200000,0.09557,0.09616,0.09525,0.0953
1723953600000,0.0953,0.09535,0.09482,0.09487
1723968000000,0.09487,0.09532,0.09457,0.09517
1723982400000,0.09517,0.0965,0.09478,0.0949
1723996800000,0.0949,0.09512,0.09431,0.09462
1724011200000,0.09462,0.09481,0.0933,0.09338
1724025600000,0.09338,0.09378,0.09295,0.09356
1724040000000,0.09356,0.09452,0.09299,0.09417
1724054400000,0.09417,0.09513,0.09368,0.0948
1724068800000,0.0948,0.09497,0.09333,0.09371
1724083200000,0.09371,0.0961,0.09333,0.09564
1724097600000,0.09564,0.09625,0.09515,0.09625
1724112000000,0.09625,0.09795,0.09597,0.09794
1724126400000,0.09794,0.09883,0.0979,0.09854
1724140800000,0.09854,0.09912,0.0983,0.0985
1724155200000,0.0985,0.0987,0.09647,0.0967
1724169600000,0.0967,0.098,0.09656,0.09784
1724184000000,0.09784,0.09819,0.09733,0.09745
1724198400000,0.09745,0.09753,0.09649,0.09713
1724212800000,0.09713,0.09782,0.09689,0.09771
1724227200000,0.09771,0.09792,0.09686,0.09686
1724241600000,0.09686,0.09751,0.09607,0.09706
1724256000000,0.09706,0.09877,0.09679,0.09867
1724270400000,0.09867,0.0991,0.09833,0.09846
1724284800000,0.09846,0.09851,0.09711,0.09763
1724299200000,0.09763,0.09863,0.09749,0.09855
1724313600000,0.09855,0.09873,0.09823,0.09857
1724328000000,0.09857,0.09965,0.09827,0.0988
1724342400000,0.0988,0.0996,0.0988,0.09925
1724356800000,0.09925,0.0997,0.09886,0.09888
1724371200000,0.09888,0.10004,0.09881,0.09962
1724385600000,0.09962,0.10073,0.0996,0.10019
1724400000000,0.10019,0.1003,0.0991,0.09918
1724414400000,0.09918,0.10063,0.09854,0.0998
1724428800000,0.0998,0.10129,0.0998,0.10119
1724443200000,0.10119,0.10234,0.10094,0.10175
1724457600000,0.10175,0.1024,0.10081,0.10087
1724472000000,0.10087,0.10138,0.10075,0.10089
1724486400000,0.10089,0.1021,0.1007,0.10152
1724500800000,0.10152,0.10309,0.10149,0.10199
1724515200000,0.10199,0.10344,0.10194,0.10321
1724529600000,0.10321,0.10358,0.10142,0.10248
1724544000000,0.10248,0.10288,0.10064,0.10131
1724558400000,0.10131,0.10179,0.09937,0.09988
1724572800000,0.09988,0.10092,0.09962,0.1008
1724587200000,0.1008,0.10267,0.10071,0.1018
1724601600000,0.1018,0.10217,0.10079,0.10084
1724616000000,0.10084,0.10179,0.10069,0.10084
1724630400000,0.10084,0.10114,0.09967,0.10036
1724644800000,0.10036,0.10081,0.09953,0.09979
1724659200000,0.09979,0.10032,0.09909,0.09924
1724673600000,0.09924,0.0993,0.09785,0.09829
1724688000000,0.09829,0.09844,0.09655,0.0969
1724702400000,0.0969,0.09748,0.09644,0.09703
1724716800000,0.09703,0.09765,0.09683,0.09715
1724731200000,0.09715,0.09767,0.09662,0.09691
1724745600000,0.09691,0.097,0.09548,0.09606
1724760000000,0.09606,0.09694,0.09552,0.09639
1724774400000,0.09639,0.09684,0.09612,0.09656
1724788800000,0.09656,0.09656,0.09214,0.09357
1724803200000,0.09357,0.09401,0.09289,0.09395
1724817600000,0.09395,0.09471,0.09281,0.09288
1724832000000,0.09288,0.09474,0.09239,0.09428
1724846400000,0.09428,0.09476,0.09178,0.09227
1724860800000,0.09227,0.09362,0.09047,0.09262
1724875200000,0.09262,0.09367,0.09207,0.09272
1724889600000,0.09272,0.09342,0.09257,0.09282
1724904000000,0.09282,0.09372,0.09257,0.09358
1724918400000,0.09358,0.09409,0.09321,0.09361
1724932800000,0.09361,0.0943,0.09355,0.09403
1724947200000,0.09403,0.0943,0.09199,0.09268
1724961600000,0.09268,0.09309,0.09184,0.09303
1724976000000,0.09303,0.09347,0.09253,0.09295
1724990400000,0.09295,0.09365,0.09281,0.09329
1725004800000,0.09329,0.09386,0.09264,0.09352
1725019200000,0.09352,0.094,0.09115,0.09142
1725033600000,0.09142,0.09294,0.09092,0.09226
1725048000000,0.09226,0.09328,0.09223,0.09313
1725062400000,0.09313,0.09367,0.09308,0.09315
1725076800000,0.09315,0.0935,0.09286,0.09295
1725091200000,0.09295,0.09298,0.092,0.09235
1725105600000,0.09235,0.09249,0.09194,0.09228
1725120000000,0.09228,0.09246,0.09178,0.09243
1725134400000,0.09243,0.09254,0.09206,0.09248
1725148800000,0.09248,0.09249,0.09109,0.09159
1725163200000,0.09159,0.09159,0.09029,0.09096
1725177600000,0.09096,0.09103,0.09006,0.09039
1725192000000,0.09039,0.09119,0.08978,0.09104
1725206400000,0.09104,0.09124,0.09002,0.09104
1725220800000,0.09104,0.09127,0.08904,0.08991
1725235200000,0.08991,0.09097,0.08985,0.09072
1725249600000,0.09072,0.09103,0.0902,0.09064
1725264000000,0.09064,0.09227,0.09054,0.09199
1725278400000,0.09199,0.09222,0.09107,0.09176
1725292800000,0.09176,0.09235,0.09148,0.0918
1725307200000,0.0918,0.09253,0.09156,0.09232
1725321600000,0.09232,0.09326,0.09216,0.09317
1725336000000,0.09317,0.09355,0.09286,0.09346
1725350400000,0.09346,0.09393,0.09296,0.09392
1725364800000,0.09392,0.09441,0.09215,0.0922
1725379200000,0.0922,0.09257,0.09158,0.09184
1725393600000,0.09184,0.09243,0.09128,0.09135
1725408000000,0.09135,0.09161,0.08813,0.09046
1725422400000,0.09046,0.09064,0.08973,0.08998
1725436800000,0.08998,0.09026,0.08927,0.08962
1725451200000,0.08962,0.09179,0.08924,0.0914
1725465600000,0.0914,0.0923,0.09134,0.0918
1725480000000,0.0918,0.09243,0.09153,0.09159
1725494400000,0.09159,0.09196,0.09055,0.09085
1725508800000,0.09085,0.09157,0.09035,0.09137
1725523200000,0.09137,0.0916,0.09021,0.0907
1725537600000,0.0907,0.09148,0.09027,0.09054
1725552000000,0.09054,0.09091,0.08961,0.08984
1725566400000,0.08984,0.09028,0.08961,0.0902
1725580800000,0.0902,0.0902,0.08894,0.08978
1725595200000,0.08978,0.08991,0.08855,0.08919
1725609600000,0.08919,0.08973,0.08873,0.08959
1725624000000,0.08959,0.09038,0.08743,0.0883
1725638400000,0.0883,0.08833,0.08707,0.0874
1725652800000,0.0874,0.08814,0.0853,0.08796
1725667200000,0.08796,0.08825,0.08746,0.08806
1725681600000,0.08806,0.08924,0.08806,0.08896
1725696000000,0.08896,0.0892,0.08847,0.08907
1725710400000,0.08907,0.08967,0.08907,0.08924
1725724800000,0.08924,0.08929,0.0884,0.08883
1725739200000,0.08883,0.08883,0.08812,0.08847
1725753600000,0.08847,0.08993,0.08838,0.08991
1725768000000,0.08991,0.08992,0.08929,0.08953
1725782400000,0.08953,0.0899,0.08915,0.08959
1725796800000,0.08959,0.08979,0.08835,0.08842
1725811200000,0.08842,0.08955,0.08836,0.0892
1725825600000,0.0892,0.09012,0.08913,0.08992
1725840000000,0.08992,0.09077,0.08989,0.09016
1725854400000,0.09016,0.09127,0.08979,0.09125
1725868800000,0.09125,0.09148,0.09095,0.09133
1725883200000,0.09133,0.09207,0.0907,0.09182
1725897600000,0.09182,0.09316,0.09181,0.09313
1725912000000,0.09313,0.09371,0.09282,0.09309
1725926400000,0.09309,0.09309,0.0924,0.09274
1725940800000,0.09274,0.09369,0.09265,0.09365
1725955200000,0.09365,0.09373,0.09302,0.09332
1725969600000,0.09332,0.09377,0.09279,0.09324
1725984000000,0.09324,0.0942,0.09318,0.09404
1725998400000,0.09404,0.09448,0.09377,0.0939
1726012800000,0.0939,0.09398,0.09226,0.09247
1726027200000,0.09247,0.09288,0.09161,0.09284
1726041600000,0.09284,0.09301,0.09224,0.09281
1726056000000,0.09281,0.09335,0.09127,0.09225
1726070400000,0.09225,0.09327,0.0922,0.09265
1726084800000,0.09265,0.09322,0.09254,0.0926
1726099200000,0.0926,0.09359,0.09242,0.09282
1726113600000,0.09282,0.09344,0.09268,0.09307
1726128000000,0.09307,0.09311,0.09225,0.09264
1726142400000,0.09264,0.09571,0.09225,0.09347
1726156800000,0.09347,0.09502,0.09347,0.09473
1726171200000,0.09473,0.095,0.09446,0.0948
1726185600000,0.0948,0.09488,0.094,0.09435
1726200000000,0.09435,0.09513,0.09421,0.09446
1726214400000,0.09446,0.09516,0.09435,0.09436
1726228800000,0.09436,0.09647,0.09423,0.09612
1726243200000,0.09612,0.09686,0.0957,0.09602
1726257600000,0.09602,0.09668,0.09598,0.09627
1726272000000,0.09627,0.09641,0.09565,0.09612
1726286400000,0.09612,0.09624,0.09569,0.09615
1726300800000,0.09615,0.09709,0.0958,0.09661
1726315200000,0.09661,0.09727,0.09619,0.09662
1726329600000,0.09662,0.09713,0.09613,0.09659
1726344000000,0.09659,0.09721,0.09637,0.09706
1726358400000,0.09706,0.09726,0.09661,0.09665
1726372800000,0.09665,0.09673,0.09615,0.09624
1726387200000,0.09624,0.0965,0.09597,0.09647
1726401600000,0.09647,0.09718,0.09631,0.09697
1726416000000,0.09697,0.0972,0.0964,0.09643
1726430400000,0.09643,0.09645,0.09444,0.095
1726444800000,0.095,0.095,0.09362,0.09456
1726459200000,0.09456,0.09559,0.09436,0.09547
1726473600000,0.09547,0.09561,0.09461,0.09495
1726488000000,0.09495,0.09532,0.09391,0.09417
1726502400000,0.09417,0.09538,0.09405,0.09497
1726516800000,0.09497,0.09512,0.09413,0.09491
1726531200000,0.09491,0.09536,0.09393,0.09502
1726545600000,0.09502,0.09566,0.09492,0.09532
1726560000000,0.09532,0.09636,0.09523,0.0953
1726574400000,0.0953,0.09633,0.09485,0.09567
1726588800000,0.09567,0.09586,0.09478,0.09516
1726603200000,0.09516,0.09516,0.09428,0.09447
1726617600000,0.09447,0.09471,0.09395,0.09453
1726632000000,0.09453,0.09453,0.09375,0.0938
1726646400000,0.0938,0.09413,0.09291,0.09346
1726660800000,0.09346,0.09438,0.0928,0.093
1726675200000,0.093,0.09477,0.09278,0.09362
1726689600000,0.09362,0.09599,0.09322,0.09598
1726704000000,0.09598,0.09699,0.09583,0.09642
1726718400000,0.09642,0.09645,0.09538,0.09591
1726732800000,0.09591,0.09597,0.09497,0.09542
1726747200000,0.09542,0.09613,0.09446,0.09597
1726761600000,0.09597,0.09693,0.09587,0.09604
1726776000000,0.09604,0.09623,0.09512,0.09591
1726790400000,0.09591,0.09678,0.09512,0.09678
1726804800000,0.09678,0.09705,0.09631,0.09687
1726819200000,0.09687,0.09707,0.0959,0.09635
1726833600000,0.09635,0.09686,0.09572,0.09628
1726848000000,0.09628,0.09638,0.09528,0.09555
1726862400000,0.09555,0.09631,0.09543,0.09603
1726876800000,0.09603,0.09663,0.09573,0.09639
1726891200000,0.09639,0.09689,0.09562,0.0968
1726905600000,0.0968,0.09737,0.09648,0.09713
1726920000000,0.09713,0.09793,0.09704,0.09749
1726934400000,0.09749,0.09914,0.09749,0.09779
1726948800000,0.09779,0.09813,0.09715,0.0979
1726963200000,0.0979,0.09804,0.09694,0.09737
1726977600000,0.09737,0.09744,0.09627,0.09662
1726992000000,0.09662,0.09717,0.09606,0.09645
1727006400000,0.09645,0.09654,0.09522,0.09565
1727020800000,0.09565,0.09624,0.09514,0.09599
1727035200000,0.09599,0.0964,0.0946,0.09596
1727049600000,0.09596,0.09669,0.09482,0.09636
1727064000000,0.09636,0.09651,0.09552,0.09592
1727078400000,0.09592,0.09634,0.09539,0.09598
1727092800000,0.09598,0.09656,0.0957,0.09629
1727107200000,0.09629,0.09669,0.09594,0.09641
1727121600000,0.09641,0.09642,0.09579,0.09625
1727136000000,0.09625,0.09651,0.09531,0.09602
1727150400000,0.09602,0.09634,0.09517,0.0963
1727164800000,0.0963,0.09667,0.09585,0.09617
1727179200000,0.09617,0.09651,0.09486,0.09515
1727193600000,0.09515,0.09623,0.09515,0.09613
1727208000000,0.09613,0.0968,0.09585,0.09674
1727222400000,0.09674,0.09709,0.09643,0.09691
1727236800000,0.09691,0.09697,0.09611,0.09643
1727251200000,0.09643,0.09713,0.09595,0.09666
1727265600000,0.09666,0.09718,0.09619,0.09619
1727280000000,0.09619,0.09673,0.09575,0.0959
1727294400000,0.0959,0.09644,0.09545,0.09582
1727308800000,0.09582,0.09617,0.09457,0.09566
1727323200000,0.09566,0.09709,0.09536,0.09698
1727337600000,0.09698,0.09796,0.09666,0.0977
1727352000000,0.0977,0.09868,0.09769,0.09841
1727366400000,0.09841,0.09943,0.098,0.09818
1727380800000,0.09818,0.09857,0.09744,0.09793
1727395200000,0.09793,0.09844,0.0975,0.09844
1727409600000,0.09844,0.09903,0.09797,0.09883
1727424000000,0.09883,0.09936,0.09764,0.09793
1727438400000,0.09793,0.09939,0.09754,0.09826
1727452800000,0.09826,0.09939,0.09791,0.09934
1727467200000,0.09934,0.09945,0.09862,0.09941
1727481600000,0.09941,0.09974,0.09901,0.09951
1727496000000,0.09951,0.10055,0.09823,0.10023
1727510400000,0.10023,0.10159,0.09853,0.10101
1727524800000,0.10101,0.10186,0.10023,0.10048
1727539200000,0.10048,0.1013,0.10034,0.10066
1727553600000,0.10066,0.10074,0.09923,0.09931
1727568000000,0.09931,0.09969,0.0983,0.09913
1727582400000,0.09913,0.1003,0.09828,0.09927
1727596800000,0.09927,0.09948,0.09832,0.09925
1727611200000,0.09925,0.1039,0.09866,0.10332
1727625600000,0.10332,0.10343,0.10135,0.1026
1727640000000,0.1026,0.10261,0.10113,0.10168
1727654400000,0.10168,0.10249,0.10015,0.10152
1727668800000,0.10152,0.10247,0.10099,0.1024
1727683200000,0.1024,0.10355,0.10083,0.10132
1727697600000,0.10132,0.10257,0.09992,0.1001
1727712000000,0.1001,0.10047,0.09952,0.09987
1727726400000,0.09987,0.1003,0.09808,0.09836
1727740800000,0.09836,0.09991,0.09789,0.09976
1727755200000,0.09976,0.10054,0.0993,0.10028
1727769600000,0.10028,0.10072,0.09993,0.10005
1727784000000,0.10005,0.10014,0.09432,0.09631
1727798400000,0.09631,0.09656,0.09195,0.09393
1727812800000,0.09393,0.09423,0.09242,0.09377
1727827200000,0.09377,0.09512,0.093,0.09495
1727841600000,0.09495,0.09504,0.09398,0.09471
1727856000000,0.09471,0.09475,0.09234,0.09338
1727870400000,0.09338,0.09341,0.09192,0.09304
1727884800000,0.09304,0.09374,0.09077,0.09196
1727899200000,0.09196,0.09277,0.08971,0.09041
1727913600000,0.09041,0.09122,0.09004,0.09091
1727928000000,0.09091,0.0912,0.08959,0.08974
1727942400000,0.08974,0.08987,0.08812,0.08925
1727956800000,0.08925,0.09003,0.08801,0.08926
1727971200000,0.08926,0.0905,0.08821,0.09041
1727985600000,0.09041,0.09046,0.08925,0.09035
1728000000000,0.09035,0.09098,0.08973,0.09043
1728014400000,0.09043,0.09117,0.09018,0.09065
1728028800000,0.09065,0.091,0.09033,0.0907
1728043200000,0.0907,0.091,0.08953,0.09074
1728057600000,0.09074,0.09161,0.09056,0.09153
1728072000000,0.09153,0.09199,0.09129,0.09174
1728086400000,0.09174,0.09228,0.09163,0.09206
1728100800000,0.09206,0.09259,0.09179,0.09219
1728115200000,0.09219,0.0926,0.092,0.09207
1728129600000,0.09207,0.09228,0.09145,0.09193
1728144000000,0.09193,0.09206,0.09126,0.0916
1728158400000,0.0916,0.09215,0.09094,0.09201
1728172800000,0.09201,0.09244,0.09175,0.09175
1728187200000,0.09175,0.09214,0.09161,0.09188
1728201600000,0.09188,0.09233,0.09174,0.09223
1728216000000,0.09223,0.09316,0.09223,0.09295
1728230400000,0.09295,0.09317,0.09181,0.09181
1728244800000,0.09181,0.0925,0.09143,0.09225
1728259200000,0.09225,0.09322,0.09199,0.09301
1728273600000,0.09301,0.09326,0.0925,0.09276
1728288000000,0.09276,0.09293,0.09133,0.09221
1728302400000,0.09221,0.09306,0.09159,0.09183
1728316800000,0.09183,0.09242,0.09061,0.09161
1728331200000,0.09161,0.09195,0.09051,0.09094
1728345600000,0.09094,0.0922,0.09082,0.09187
1728360000000,0.09187,0.092,0.09005,0.09065
1728374400000,0.09065,0.09143,0.09027,0.0912
1728388800000,0.0912,0.0912,0.08976,0.09036
1728403200000,0.09036,0.09086,0.08987,0.09041
1728417600000,0.09041,0.09115,0.08949,0.08998
1728432000000,0.08998,0.09066,0.08976,0.09
1728446400000,0.09,0.09077,0.0898,0.0904
1728460800000,0.0904,0.0907,0.08993,0.09041
1728475200000,0.09041,0.09043,0.08925,0.08976
1728489600000,0.08976,0.09005,0.08916,0.08975
1728504000000,0.08975,0.08991,0.08866,0.08973
1728518400000,0.08973,0.09018,0.08901,0.08997
1728532800000,0.08997,0.09017,0.08926,0.08929
1728547200000,0.08929,0.08949,0.08823,0.0893
1728561600000,0.0893,0.09028,0.08879,0.08964
1728576000000,0.08964,0.09011,0.08815,0.089
1728590400000,0.089,0.09013,0.08892,0.09013
1728604800000,0.09013,0.09067,0.08979,0.09048
1728619200000,0.09048,0.09093,0.09023,0.09079
1728633600000,0.09079,0.09185,0.09074,0.0914
1728648000000,0.0914,0.09183,0.09104,0.09144
1728662400000,0.09144,0.09194,0.09119,0.09168
1728676800000,0.09168,0.09217,0.09142,0.0918
1728691200000,0.0918,0.09215,0.09158,0.09182
1728705600000,0.09182,0.09248,0.09179,0.09237
1728720000000,0.09237,0.09243,0.09191,0.09219
1728734400000,0.09219,0.09243,0.0919,0.09195
1728748800000,0.09195,0.09215,0.09162,0.09182
1728763200000,0.09182,0.09209,0.09163,0.09185
1728777600000,0.09185,0.09198,0.09113,0.09122
1728792000000,0.09122,0.09175,0.09122,0.09142
1728806400000,0.09142,0.09147,0.09048,0.09083
1728820800000,0.09083,0.09107,0.08956,0.0898
1728835200000,0.0898,0.09061,0.08952,0.08996
1728849600000,0.08996,0.09072,0.08984,0.09035
1728864000000,0.09035,0.09155,0.08973,0.09138
1728878400000,0.09138,0.09196,0.09096,0.09187
1728892800000,0.09187,0.0927,0.09139,0.09254
1728907200000,0.09254,0.0937,0.09204,0.09317
1728921600000,0.09317,0.09375,0.09284,0.09328
1728936000000,0.09328,0.0937,0.0928,0.09341
1728950400000,0.09341,0.09404,0.093,0.09306
1728964800000,0.09306,0.09376,0.09247,0.09324
1728979200000,0.09324,0.09393,0.0917,0.09212
1728993600000,0.09212,0.09453,0.09084,0.09249
1729008000000,0.09249,0.09354,0.09226,0.09263
1729022400000,0.09263,0.09337,0.092,0.09289
1729036800000,0.09289,0.09341,0.09254,0.09318
1729051200000,0.09318,0.09345,0.09222,0.09239
1729065600000,0.09239,0.09371,0.09229,0.0934
1729080000000,0.0934,0.09453,0.09327,0.09397
1729094400000,0.09397,0.09534,0.09347,0.09533
1729108800000,0.09533,0.09622,0.09483,0.09548
1729123200000,0.09548,0.09605,0.09513,0.09579
1729137600000,0.09579,0.0968,0.09501,0.09534
1729152000000,0.09534,0.09557,0.09397,0.09416
1729166400000,0.09416,0.09538,0.09402,0.0952
1729180800000,0.0952,0.09525,0.09387,0.09481
1729195200000,0.09481,0.09553,0.09461,0.09494
1729209600000,0.09494,0.09595,0.09432,0.09564
1729224000000,0.09564,0.09597,0.09533,0.09594
1729238400000,0.09594,0.09628,0.09566,0.09598
1729252800000,0.09598,0.09684,0.09594,0.09606
1729267200000,0.09606,0.0968,0.09573,0.09634
1729281600000,0.09634,0.0967,0.09592,0.0966
1729296000000,0.0966,0.09747,0.0966,0.09717
1729310400000,0.09717,0.09731,0.09622,0.09627
1729324800000,0.09627,0.0965,0.09577,0.0959
1729339200000,0.0959,0.09706,0.09584,0.09667
1729353600000,0.09667,0.09689,0.09615,0.09669
1729368000000,0.09669,0.0972,0.09658,0.09683
1729382400000,0.09683,0.09713,0.09622,0.09633
1729396800000,0.09633,0.09687,0.09611,0.09665
1729411200000,0.09665,0.0967,0.09616,0.09633
1729425600000,0.09633,0.09726,0.09615,0.09707
1729440000000,0.09707,0.09719,0.09607,0.09625
1729454400000,0.09625,0.09728,0.09614,0.09725
1729468800000,0.09725,0.09752,0.09629,0.0966
1729483200000,0.0966,0.09749,0.0964,0.09652
1729497600000,0.09652,0.09747,0.09643,0.09696
1729512000000,0.09696,0.09727,0.09503,0.09547
1729526400000,0.09547,0.09614,0.09471,0.09613
1729540800000,0.09613,0.09634,0.09527,0.09527
1729555200000,0.09527,0.09574,0.09464,0.09563
1729569600000,0.09563,0.09632,0.09558,0.09608
1729584000000,0.09608,0.09608,0.09477,0.09569
1729598400000,0.09569,0.09613,0.09486,0.09548
1729612800000,0.09548,0.0957,0.09486,0.09561
1729627200000,0.09561,0.0975,0.09495,0.09515
1729641600000,0.09515,0.09536,0.09487,0.09506
1729656000000,0.09506,0.09567,0.09481,0.09513
1729670400000,0.09513,0.09543,0.09375,0.0939
1729684800000,0.0939,0.09467,0.09365,0.09377
1729699200000,0.09377,0.09506,0.09257,0.09501
1729713600000,0.09501,0.09501,0.09378,0.09444
1729728000000,0.09444,0.09568,0.09422,0.09517
1729742400000,0.09517,0.09561,0.09493,0.09503
1729756800000,0.09503,0.0958,0.09432,0.09455
1729771200000,0.09455,0.09576,0.09447,0.0957
1729785600000,0.0957,0.09595,0.09527,0.09577
1729800000000,0.09577,0.09682,0.09556,0.09667
1729814400000,0.09667,0.09681,0.0958,0.09639
1729828800000,0.09639,0.09673,0.09559,0.09625
1729843200000,0.09625,0.09699,0.09579,0.09694
1729857600000,0.09694,0.09725,0.09576,0.09611
1729872000000,0.09611,0.09651,0.0942,0.09479
1729886400000,0.09479,0.09522,0.09087,0.09336
1729900800000,0.09336,0.09451,0.09277,0.09446
1729915200000,0.09446,0.09496,0.09414,0.09452
1729929600000,0.09452,0.09465,0.09392,0.0941
1729944000000,0.0941,0.09427,0.09335,0.09361
1729958400000,0.09361,0.09442,0.09323,0.09437
1729972800000,0.09437,0.09454,0.09398,0.09416
1729987200000,0.09416,0.09448,0.09399,0.09448
1730001600000,0.09448,0.09492,0.09384,0.09387
1730016000000,0.09387,0.09396,0.09336,0.09345
1730030400000,0.09345,0.09432,0.09343,0.09427
1730044800000,0.09427,0.09441,0.09358,0.09395
1730059200000,0.09395,0.09455,0.09377,0.09421
1730073600000,0.09421,0.09426,0.09333,0.09337
1730088000000,0.09337,0.09396,0.09279,0.09373
1730102400000,0.09373,0.09389,0.0933,0.0936
1730116800000,0.0936,0.09362,0.09306,0.09314
1730131200000,0.09314,0.09394,0.09259,0.09367
1730145600000,0.09367,0.09467,0.09342,0.09427
1730160000000,0.09427,0.09567,0.09418,0.09514
1730174400000,0.09514,0.09536,0.0946,0.09487
1730188800000,0.09487,0.09592,0.09479,0.0957
1730203200000,0.0957,0.09604,0.09561,0.09601
1730217600000,0.09601,0.09696,0.09581,0.09616
1730232000000,0.09616,0.09683,0.09556,0.09666
1730246400000,0.09666,0.09684,0.09604,0.09638
1730260800000,0.09638,0.09671,0.09602,0.09602
1730275200000,0.09602,0.0963,0.09502,0.09509
1730289600000,0.09509,0.096,0.09476,0.09484
1730304000000,0.09484,0.09522,0.09463,0.09468
1730318400000,0.09468,0.09527,0.0942,0.09477
1730332800000,0.09477,0.09492,0.0939,0.094
1730347200000,0.094,0.09411,0.09292,0.09328
1730361600000,0.09328,0.09368,0.09288,0.09354
1730376000000,0.09354,0.09379,0.09197,0.09245
1730390400000,0.09245,0.09252,0.09176,0.092
1730404800000,0.092,0.09266,0.0918,0.09241
1730419200000,0.09241,0.09265,0.09081,0.09201
1730433600000,0.09201,0.09215,0.09074,0.09143
1730448000000,0.09143,0.09246,0.09141,0.09234
1730462400000,0.09234,0.09371,0.09173,0.09253
1730476800000,0.09253,0.09342,0.09249,0.09323
1730491200000,0.09323,0.09361,0.09228,0.09306
1730505600000,0.09306,0.09359,0.09287,0.09293
1730520000000,0.09293,0.09308,0.09259,0.09296
1730534400000,0.09296,0.09298,0.09227,0.09266
1730548800000,0.09266,0.09272,0.09148,0.0919
1730563200000,0.0919,0.09259,0.0918,0.09236
1730577600000,0.09236,0.09259,0.09227,0.09259
1730592000000,0.09259,0.09262,0.09045,0.0912
1730606400000,0.0912,0.09188,0.09116,0.09151
1730620800000,0.09151,0.09152,0.09037,0.09048
1730635200000,0.09048,0.09081,0.08918,0.09
1730649600000,0.09,0.0906,0.08921,0.09057
1730664000000,0.09057,0.09092,0.09036,0.09055
1730678400000,0.09055,0.09156,0.09026,0.09147
1730692800000,0.09147,0.09182,0.09056,0.09069
1730707200000,0.09069,0.09201,0.09061,0.09177
1730721600000,0.09177,0.09225,0.09148,0.09175
1730736000000,0.09175,0.09176,0.09088,0.09128
1730750400000,0.09128,0.09137,0.08995,0.0911
1730764800000,0.0911,0.09129,0.09066,0.09122
1730779200000,0.09122,0.09237,0.09113,0.09236
1730793600000,0.09236,0.09275,0.09195,0.09207
1730808000000,0.09207,0.09333,0.09207,0.09298
1730822400000,0.09298,0.09369,0.09216,0.0924
1730836800000,0.0924,0.09389,0.09225,0.09336
1730851200000,0.09336,0.0967,0.09336,0.09623
1730865600000,0.09623,0.09733,0.09592,0.09658
1730880000000,0.09658,0.09685,0.09509,0.09663
1730894400000,0.09663,0.09717,0.09534,0.0959
1730908800000,0.0959,0.09662,0.09554,0.09656
1730923200000,0.09656,0.09786,0.09622,0.09707
1730937600000,0.09707,0.10029,0.09654,0.09924
1730952000000,0.09924,0.09952,0.096,0.09788
1730966400000,0.09788,0.09833,0.09753,0.09808
1730980800000,0.09808,0.09935,0.09783,0.0993
1730995200000,0.0993,0.10126,0.09925,0.10121
1731009600000,0.10121,0.10231,0.10093,0.1022
1731024000000,0.1022,0.10335,0.10084,0.10167
1731038400000,0.10167,0.10213,0.1008,0.10171
1731052800000,0.10171,0.10202,0.10087,0.10112
1731067200000,0.10112,0.10294,0.10112,0.10148
1731081600000,0.10148,0.10184,0.09978,0.10059
1731096000000,0.10059,0.10134,0.09997,0.10124
1731110400000,0.10124,0.10163,0.10064,0.10099
1731124800000,0.10099,0.10213,0.10049,0.10079
1731139200000,0.10079,0.1015,0.10033,0.10122
1731153600000,0.10122,0.10137,0.09977,0.10073
1731168000000,0.10073,0.10089,0.09924,0.10035
1731182400000,0.10035,0.10251,0.10028,0.10231
1731196800000,0.10231,0.10432,0.10167,0.10402
1731211200000,0.10402,0.10953,0.10376,0.10751
1731225600000,0.10751,0.11005,0.10751,0.10996
1731240000000,0.10996,0.11337,0.10836,0.11111
1731254400000,0.11111,0.11231,0.10938,0.11036
1731268800000,0.11036,0.11036,0.10468,0.1084
1731283200000,0.1084,0.11211,0.10792,0.11205
1731297600000,0.11205,0.11212,0.10749,0.10909
1731312000000,0.10909,0.1108,0.1086,0.11058
1731326400000,0.11058,0.11119,0.10797,0.11044
1731340800000,0.11044,0.1128,0.10962,0.11117
1731355200000,0.11117,0.11506,0.11093,0.11489
1731369600000,0.11489,0.11554,0.11087,0.11493
1731384000000,0.11493,0.12182,0.11421,0.12162
1731398400000,0.12162,0.13294,0.11579,0.12013
1731412800000,0.12013,0.12536,0.11555,0.12199
1731427200000,0.12199,0.12831,0.11979,0.12702
1731441600000,0.12702,0.14157,0.12656,0.1345
1731456000000,0.1345,0.13849,0.12753,0.1277
1731470400000,0.1277,0.13063,0.12358,0.12654
1731484800000,0.12654,0.12745,0.12292,0.12591
1731499200000,0.12591,0.13173,0.12293,0.1317
1731513600000,0.1317,0.13366,0.12185,0.12243
1731528000000,0.12243,0.12485,0.12064,0.12433
1731542400000,0.12433,0.12476,0.12166,0.12402
1731556800000,0.12402,0.12669,0.1229,0.12464
1731571200000,0.12464,0.1275,0.12313,0.12644
1731585600000,0.12644,0.12778,0.12213,0.12318
1731600000000,0.12318,0.13474,0.12204,0.13341
1731614400000,0.13341,0.14067,0.12839,0.13116
1731628800000,0.13116,0.13612,0.13051,0.13499
1731643200000,0.13499,0.13676,0.12941,0.1297
1731657600000,0.1297,0.13703,0.12829,0.13562
1731672000000,0.13562,0.14502,0.13387,0.1361
1731686400000,0.1361,0.13837,0.13367,0.13829
1731700800000,0.13829,0.14817,0.13716,0.14585
1731715200000,0.14585,0.14717,0.14078,0.14437
1731729600000,0.14437,0.15616,0.14383,0.15057
1731744000000,0.15057,0.16555,0.14975,0.15728
1731758400000,0.15728,0.20292,0.1555,0.17521
1731772800000,0.17521,0.20108,0.17294,0.19964
1731787200000,0.19964,0.24212,0.1982,0.22098
1731801600000,0.22098,0.22592,0.19172,0.2004
1731816000000,0.2004,0.20643,0.1889,0.19915
1731830400000,0.19915,0.20605,0.19018,0.19042
1731844800000,0.19042,0.20844,0.18912,0.1961
1731859200000,0.1961,0.201,0.19061,0.19187
1731873600000,0.19187,0.20064,0.19031,0.19649
1731888000000,0.19649,0.2315,0.19603,0.21405
1731902400000,0.21405,0.24477,0.21296,0.23942
1731916800000,0.23942,0.25598,0.23237,0.24325
1731931200000,0.24325,0.25546,0.23377,0.24542
1731945600000,0.24542,0.24815,0.22461,0.2266
1731960000000,0.2266,0.2389,0.22378,0.23182
1731974400000,0.23182,0.24485,0.22836,0.23915
1731988800000,0.23915,0.23942,0.22544,0.22709
1732003200000,0.22709,0.23903,0.2225,0.23587
1732017600000,0.23587,0.23921,0.22444,0.23635
1732032000000,0.23635,0.23801,0.22468,0.23123
1732046400000,0.23123,0.2361,0.22387,0.23183
1732060800000,0.23183,0.24088,0.22777,0.22927
1732075200000,0.22927,0.23919,0.22705,0.23154
1732089600000,0.23154,0.25675,0.23103,0.24918
1732104000000,0.24918,0.26999,0.24106,0.26215
1732118400000,0.26215,0.26534,0.24134,0.24281
1732132800000,0.24281,0.25482,0.24007,0.24748
1732147200000,0.24748,0.25122,0.23646,0.23741
1732161600000,0.23741,0.24405,0.22956,0.23888
1732176000000,0.23888,0.24814,0.23606,0.23682
1732190400000,0.23682,0.24883,0.2349,0.23844
1732204800000,0.23844,0.26094,0.236,0.24443
1732219200000,0.24443,0.26542,0.24191,0.26261
1732233600000,0.26261,0.29355,0.26261,0.2836
1732248000000,0.2836,0.29152,0.27608,0.27804
1732262400000,0.27804,0.30238,0.27796,0.29846
1732276800000,0.29846,0.30675,0.28391,0.29484
1732291200000,0.29484,0.33274,0.29316,0.3303
1732305600000,0.3303,0.35285,0.32632,0.34025
1732320000000,0.34025,0.4742,0.33948,0.44261
1732334400000,0.44261,0.44632,0.41121,0.43902
1732348800000,0.43902,0.45742,0.427,0.44333
1732363200000,0.44333,0.52598,0.43333,0.51495
1732377600000,0.51495,0.54882,0.47798,0.50178
1732392000000,0.50178,0.52488,0.46794,0.52206
1732406400000,0.52206,0.63744,0.48941,0.60133
1732420800000,0.60133,0.61999,0.5505,0.58643
1732435200000,0.58643,0.58923,0.52896,0.53793
1732449600000,0.53793,0.55055,0.435,0.45704
1732464000000,0.45704,0.5458,0.44747,0.52294
1732478400000,0.52294,0.59,0.5201,0.53612
1732492800000,0.53612,0.5538,0.49584,0.51466
1732507200000,0.51466,0.5582,0.51236,0.52309
1732521600000,0.52309,0.55378,0.51357,0.51604
1732536000000,0.51604,0.51865,0.48201,0.49821
1732550400000,0.49821,0.53136,0.49516,0.51814
1732564800000,0.51814,0.52443,0.47384,0.48181
1732579200000,0.48181,0.51405,0.47422,0.50708
1732593600000,0.50708,0.50733,0.46177,0.46346
1732608000000,0.46346,0.46762,0.4172,0.4382
1732622400000,0.4382,0.45989,0.4261,0.4423
1732636800000,0.4423,0.46183,0.42901,0.4379
1732651200000,0.4379,0.45499,0.4342,0.43867
1732665600000,0.43867,0.45129,0.41848,0.4297
1732680000000,0.4297,0.47777,0.42767,0.46795
1732694400000,0.46795,0.53099,0.462,0.4972
1732708800000,0.4972,0.518,0.47737,0.50804
1732723200000,0.50804,0.51419,0.4952,0.49625
1732737600000,0.49625,0.50804,0.48001,0.48368
1732752000000,0.48368,0.50279,0.47423,0.48503
1732766400000,0.48503,0.499,0.48225,0.48483
1732780800000,0.48483,0.4884,0.47338,0.48342
1732795200000,0.48342,0.4841,0.46384,0.46593
1732809600000,0.46593,0.48268,0.4647,0.47889
1732824000000,0.47889,0.50601,0.47652,0.50033
1732838400000,0.50033,0.51125,0.48645,0.49241
1732852800000,0.49241,0.5382,0.48905,0.50882
1732867200000,0.50882,0.55196,0.50874,0.52955
1732881600000,0.52955,0.55043,0.5258,0.52914
1732896000000,0.52914,0.53565,0.516,0.53208
1732910400000,0.53208,0.5627,0.52508,0.54864
1732924800000,0.54864,0.56291,0.52173,0.53016
1732939200000,0.53016,0.56118,0.52568,0.54604
1732953600000,0.54604,0.55152,0.52851,0.53249
1732968000000,0.53249,0.53575,0.5209,0.52651
1732982400000,0.52651,0.538,0.51965,0.53069
1732996800000,0.53069,0.53852,0.5228,0.52566
1733011200000,0.52566,0.53351,0.49284,0.50376
1733025600000,0.50376,0.50676,0.49655,0.50276
1733040000000,0.50276,0.5186,0.49947,0.50985
1733054400000,0.50985,0.51206,0.50199,0.511
1733068800000,0.511,0.54095,0.50246,0.5364
1733083200000,0.5364,0.58092,0.52594,0.56172
1733097600000,0.56172,0.5892,0.5402,0.5424
1733112000000,0.5424,0.5535,0.52831,0.53378
1733126400000,0.53378,0.54027,0.4938,0.50977
1733140800000,0.50977,0.5834,0.50632,0.57604
1733155200000,0.57604,0.60684,0.52869,0.5448
1733169600000,0.5448,0.54924,0.52665,0.53999
1733184000000,0.53999,0.54889,0.52,0.54821
1733198400000,0.54821,0.6017,0.52714,0.53409
1733212800000,0.53409,0.5568,0.52862,0.55568
1733227200000,0.55568,0.56592,0.48022,0.51162
1733241600000,0.51162,0.52354,0.50102,0.51418
1733256000000,0.51418,0.53033,0.50633,0.50739
1733270400000,0.50739,0.51775,0.50412,0.51147
1733284800000,0.51147,0.51996,0.50943,0.51422
1733299200000,0.51422,0.52338,0.51054,0.51388
1733313600000,0.51388,0.5156,0.498,0.50341
1733328000000,0.50341,0.50747,0.4767,0.49967
1733342400000,0.49967,0.50536,0.4779,0.48989
1733356800000,0.48989,0.4983,0.4665,0.47928
1733371200000,0.47928,0.49664,0.47786,0.49198
1733385600000,0.49198,0.50465,0.48668,0.49636
1733400000000,0.49636,0.50104,0.48278,0.49473
1733414400000,0.49473,0.50234,0.47569,0.47771
1733428800000,0.47771,0.48305,0.45845,0.47142
1733443200000,0.47142,0.48626,0.46728,0.48039
1733457600000,0.48039,0.48767,0.47807,0.47902
1733472000000,0.47902,0.48165,0.46178,0.46686
1733486400000,0.46686,0.47711,0.45505,0.47154
1733500800000,0.47154,0.48379,0.46956,0.48335
1733515200000,0.48335,0.50022,0.47999,0.49624
1733529600000,0.49624,0.50246,0.48456,0.48494
1733544000000,0.48494,0.48972,0.48017,0.48424
1733558400000,0.48424,0.49076,0.4806,0.48649
1733572800000,0.48649,0.50268,0.48512,0.50251
1733587200000,0.50251,0.51135,0.49064,0.49296
1733601600000,0.49296,0.50715,0.48875,0.5043
1733616000000,0.5043,0.50474,0.49201,0.4938
1733630400000,0.4938,0.49435,0.48276,0.48762
1733644800000,0.48762,0.49543,0.47557,0.4953
1733659200000,0.4953,0.49559,0.48241,0.48802
1733673600000,0.48802,0.49812,0.48423,0.49066
1733688000000,0.49066,0.49585,0.48704,0.49389
1733702400000,0.49389,0.49391,0.46905,0.47338
1733716800000,0.47338,0.47908,0.4638,0.47037
1733731200000,0.47037,0.47039,0.44807,0.45066
1733745600000,0.45066,0.46763,0.44797,0.45211
1733760000000,0.45211,0.47014,0.44973,0.45281
1733774400000,0.45281,0.45466,0.34687,0.40984
1733788800000,0.40984,0.42059,0.37924,0.39748
1733803200000,0.39748,0.41342,0.38582,0.40931
1733817600000,0.40931,0.4221,0.40339,0.41336
1733832000000,0.41336,0.41495,0.37753,0.37826
1733846400000,0.37826,0.39057,0.36232,0.38895
1733860800000,0.38895,0.43951,0.38324,0.43621
1733875200000,0.43621,0.43758,0.40258,0.413
1733889600000,0.413,0.41969,0.40536,0.40592
1733904000000,0.40592,0.42356,0.40529,0.41787
1733918400000,0.41787,0.44162,0.41557,0.43662
1733932800000,0.43662,0.44365,0.42455,0.43294
1733947200000,0.43294,0.446,0.43101,0.43522
1733961600000,0.43522,0.44366,0.42691,0.43686
1733976000000,0.43686,0.45091,0.43676,0.43948
1733990400000,0.43948,0.44659,0.42671,0.43066
1734004800000,0.43066,0.44052,0.42821,0.43423
1734019200000,0.43423,0.44585,0.42183,0.42214
1734033600000,0.42214,0.43144,0.41851,0.42502
1734048000000,0.42502,0.42891,0.41522,0.42409
1734062400000,0.42409,0.4252,0.41241,0.41305
1734076800000,0.41305,0.42764,0.41169,0.42258
1734091200000,0.42258,0.45319,0.42254,0.43448
1734105600000,0.43448,0.44293,0.43052,0.43442
1734120000000,0.43442,0.43843,0.43007,0.43774
1734134400000,0.43774,0.43922,0.42823,0.43765
1734148800000,0.43765,0.45182,0.43307,0.44066
1734163200000,0.44066,0.44568,0.42949,0.43062
1734177600000,0.43062,0.43165,0.41761,0.42306
1734192000000,0.42306,0.42306,0.41377,0.41719
1734206400000,0.41719,0.42729,0.41067,0.42392
1734220800000,0.42392,0.42746,0.41757,0.42065
1734235200000,0.42065,0.42879,0.41705,0.42225
1734249600000,0.42225,0.4355,0.42138,0.43251
1734264000000,0.43251,0.43528,0.42808,0.42898
1734278400000,0.42898,0.43185,0.4265,0.42782
1734292800000,0.42782,0.43436,0.41585,0.43038
1734307200000,0.43038,0.43676,0.41859,0.42121
1734321600000,0.42121,0.42336,0.41694,0.41874
1734336000000,0.41874,0.41974,0.40653,0.40793
1734350400000,0.40793,0.41719,0.40739,0.41406
1734364800000,0.41406,0.44573,0.414,0.42586
1734379200000,0.42586,0.4287,0.4185,0.41881
1734393600000,0.41881,0.41932,0.41011,0.41737
1734408000000,0.41737,0.42835,0.41156,0.42703
1734422400000,0.42703,0.47158,0.42583,0.46165
1734436800000,0.46165,0.46523,0.43312,0.43666
1734451200000,0.43666,0.45114,0.43306,0.43947
1734465600000,0.43947,0.4471,0.42221,0.42901
1734480000000,0.42901,0.447,0.4278,0.42833
1734494400000,0.42833,0.42862,0.41665,0.4211
1734508800000,0.4211,0.44389,0.41778,0.43885
1734523200000,0.43885,0.4396,0.42263,0.4248
1734537600000,0.4248,0.4337,0.41315,0.41316
1734552000000,0.41316,0.41595,0.38643,0.3956
1734566400000,0.3956,0.4066,0.3747,0.4043
1734580800000,0.4043,0.41197,0.40155,0.40368
1734595200000,0.40368,0.41435,0.39883,0.40653
1734609600000,0.40653,0.40737,0.38403,0.39333
1734624000000,0.39333,0.3943,0.35714,0.36251
1734638400000,0.36251,0.37878,0.35258,0.3693
1734652800000,0.3693,0.384,0.3652,0.37939
1734667200000,0.37939,0.38226,0.36265,0.37095
1734681600000,0.37095,0.37146,0.31246,0.31254
1734696000000,0.31254,0.35859,0.31226,0.35422
1734710400000,0.35422,0.37627,0.3526,0.372
1734724800000,0.372,0.37874,0.36204,0.37498
1734739200000,0.37498,0.37738,0.36698,0.37124
1734753600000,0.37124,0.38979,0.37091,0.3845
1734768000000,0.3845,0.38708,0.37112,0.37611
1734782400000,0.37611,0.37638,0.35186,0.36369
1734796800000,0.36369,0.36429,0.35069,0.35626
1734811200000,0.35626,0.3606,0.35068,0.35584
1734825600000,0.35584,0.35817,0.34691,0.35366
1734840000000,0.35366,0.35663,0.34247,0.35452
1734854400000,0.35452,0.37167,0.35421,0.36652
1734868800000,0.36652,0.36877,0.35212,0.35653
1734883200000,0.35653,0.3643,0.35055,0.35175
1734897600000,0.35175,0.36091,0.34744,0.3562
1734912000000,0.3562,0.36526,0.34611,0.36462
1734926400000,0.36462,0.36677,0.35046,0.35388
1734940800000,0.35388,0.36211,0.35301,0.35691
1734955200000,0.35691,0.36168,0.34806,0.34863
1734969600000,0.34863,0.35987,0.34821,0.35609
1734984000000,0.35609,0.37521,0.35587,0.37085
1734998400000,0.37085,0.3715,0.35965,0.36938
1735012800000,0.36938,0.37575,0.36641,0.36997
1735027200000,0.36997,0.37485,0.3673,0.37416
1735041600000,0.37416,0.40045,0.37071,0.39928
1735056000000,0.39928,0.41388,0.39506,0.39774
1735070400000,0.39774,0.4044,0.3939,0.40231
1735084800000,0.40231,0.4036,0.38642,0.38967
1735099200000,0.38967,0.39327,0.38471,0.38541
1735113600000,0.38541,0.39311,0.38286,0.38346
1735128000000,0.38346,0.38784,0.3805,0.38233
1735142400000,0.38233,0.38583,0.37822,0.38501
1735156800000,0.38501,0.38689,0.37928,0.38262
1735171200000,0.38262,0.38652,0.37577,0.3764
1735185600000,0.3764,0.37645,0.3684,0.36898
1735200000000,0.36898,0.37,0.35596,0.3609
1735214400000,0.3609,0.36194,0.35466,0.35637
1735228800000,0.35637,0.36004,0.35063,0.35722
1735243200000,0.35722,0.35762,0.35023,0.35451
1735257600000,0.35451,0.36178,0.35184,0.35915
1735272000000,0.35915,0.36179,0.34966,0.3533
1735286400000,0.3533,0.36879,0.35328,0.36116
1735300800000,0.36116,0.36171,0.34555,0.34701
1735315200000,0.34701,0.3543,0.34426,0.35237
1735329600000,0.35237,0.35511,0.34768,0.34958
1735344000000,0.34958,0.35085,0.34586,0.34812
1735358400000,0.34812,0.35114,0.34548,0.34633
1735372800000,0.34633,0.35013,0.34596,0.34776
1735387200000,0.34776,0.35418,0.34459,0.34932
1735401600000,0.34932,0.35733,0.3491,0.35265
1735416000000,0.35265,0.35981,0.35174,0.35591
1735430400000,0.35591,0.35622,0.35147,0.35495
1735444800000,0.35495,0.35578,0.35108,0.35555
1735459200000,0.35555,0.35637,0.35,0.35006
1735473600000,0.35006,0.35247,0.34615,0.34787
1735488000000,0.34787,0.34794,0.34274,0.34444
1735502400000,0.34444,0.34444,0.33491,0.33797
1735516800000,0.33797,0.3479,0.33542,0.34127
1735531200000,0.34127,0.34374,0.33456,0.33786
1735545600000,0.33786,0.34109,0.33179,0.33685
1735560000000,0.33685,0.34116,0.32073,0.32428
1735574400000,0.32428,0.34231,0.32054,0.33884
1735588800000,0.33884,0.34532,0.32888,0.33166
1735603200000,0.33166,0.33176,0.32378,0.32437
1735617600000,0.32437,0.33005,0.3236,0.32648
1735632000000,0.32648,0.33797,0.32634,0.33232
1735646400000,0.33232,0.34631,0.33223,0.34024
1735660800000,0.34024,0.34088,0.32824,0.33187
1735675200000,0.33187,0.33332,0.32842,0.33244
1735689600000,0.33244,0.34446,0.33189,0.33893
1735704000000,0.33893,0.35651,0.33733,0.3477
1735718400000,0.3477,0.36559,0.34133,0.36241
1735732800000,0.36241,0.387,0.36017,0.38497
1735747200000,0.38497,0.43612,0.38494,0.42886
1735761600000,0.42886,0.43802,0.41934,0.42565
1735776000000,0.42565,0.46036,0.42456,0.43489
1735790400000,0.43489,0.43489,0.40933,0.42181
1735804800000,0.42181,0.4353,0.42008,0.43145
1735819200000,0.43145,0.43388,0.42102,0.42669
1735833600000,0.42669,0.44596,0.42582,0.43043
1735848000000,0.43043,0.43977,0.4246,0.43193
1735862400000,0.43193,0.4606,0.42972,0.45334
1735876800000,0.45334,0.45781,0.44124,0.45034
1735891200000,0.45034,0.45362,0.4431,0.4458
1735905600000,0.4458,0.44896,0.43609,0.44386
1735920000000,0.44386,0.4563,0.44073,0.45409
1735934400000,0.45409,0.45419,0.44674,0.44833
1735948800000,0.44833,0.48609,0.44648,0.46625
1735963200000,0.46625,0.47057,0.4581,0.4593
1735977600000,0.4593,0.4625,0.4524,0.45666
1735992000000,0.45666,0.46111,0.44202,0.44618
1736006400000,0.44618,0.45259,0.44556,0.45041
1736020800000,0.45041,0.45424,0.4482,0.45033
1736035200000,0.45033,0.45661,0.44121,0.44573
1736049600000,0.44573,0.45202,0.44333,0.44556
1736064000000,0.44556,0.44729,0.43226,0.43809
1736078400000,0.43809,0.44376,0.43538,0.43758
1736092800000,0.43758,0.44208,0.43425,0.43825
1736107200000,0.43825,0.44456,0.43796,0.4406
1736121600000,0.4406,0.45405,0.43243,0.44738
1736136000000,0.44738,0.45175,0.44405,0.44491
1736150400000,0.44491,0.45382,0.44015,0.45197
1736164800000,0.45197,0.46374,0.44715,0.45843
1736179200000,0.45843,0.46318,0.45056,0.45114
1736193600000,0.45114,0.45285,0.44212,0.44656
1736208000000,0.44656,0.44676,0.43912,0.44225
1736222400000,0.44225,0.46153,0.44222,0.45198
1736236800000,0.45198,0.46351,0.44966,0.45325
1736251200000,0.45325,0.46995,0.42194,0.43003
1736265600000,0.43003,0.44034,0.41653,0.41772
1736280000000,0.41772,0.42595,0.41406,0.4176
1736294400000,0.4176,0.43909,0.41709,0.4271
1736308800000,0.4271,0.43325,0.41413,0.4242
1736323200000,0.4242,0.43549,0.42025,0.42784
1736337600000,0.42784,0.43855,0.40762,0.41453
1736352000000,0.41453,0.41588,0.38941,0.41125
1736366400000,0.41125,0.43026,0.40543,0.42505
1736380800000,0.42505,0.42978,0.41193,0.41235
1736395200000,0.41235,0.41681,0.39857,0.40156
1736409600000,0.40156,0.40888,0.39582,0.40044
1736424000000,0.40044,0.40934,0.38772,0.40567
1736438400000,0.40567,0.41194,0.39027,0.39191
1736452800000,0.39191,0.39658,0.38639,0.39092
1736467200000,0.39092,0.39995,0.38699,0.39752
1736481600000,0.39752,0.40946,0.39248,0.40516
1736496000000,0.40516,0.4085,0.4016,0.40576
1736510400000,0.40576,0.41527,0.39467,0.40414
1736524800000,0.40414,0.42502,0.39681,0.42386
1736539200000,0.42386,0.42569,0.41059,0.41425
1736553600000,0.41425,0.41654,0.4063,0.40722
1736568000000,0.40722,0.40954,0.4031,0.40547
1736582400000,0.40547,0.42909,0.404,0.42481
1736596800000,0.42481,0.42848,0.41335,0.42211
1736611200000,0.42211,0.43704,0.41951,0.43658
1736625600000,0.43658,0.45912,0.43064,0.44546
1736640000000,0.44546,0.44648,0.43142,0.43937
1736654400000,0.43937,0.44278,0.43141,0.4376
1736668800000,0.4376,0.43936,0.42407,0.42684
1736683200000,0.42684,0.43259,0.42356,0.42989
1736697600000,0.42989,0.43248,0.42576,0.42736
1736712000000,0.42736,0.42837,0.41904,0.42203
1736726400000,0.42203,0.43876,0.41735,0.42041
1736740800000,0.42041,0.42851,0.41012,0.41168
1736755200000,0.41168,0.41221,0.39475,0.39576
1736769600000,0.39576,0.42154,0.39146,0.41471
1736784000000,0.41471,0.42175,0.40601,0.41003
1736798400000,0.41003,0.42682,0.40709,0.41938
1736812800000,0.41938,0.42739,0.4171,0.41908
1736827200000,0.41908,0.42339,0.41528,0.41545
1736841600000,0.41545,0.4271,0.41545,0.42098
1736856000000,0.42098,0.42681,0.41517,0.42085
1736870400000,0.42085,0.43671,0.41654,0.42949
1736884800000,0.42949,0.4339,0.42527,0.43015
1736899200000,0.43015,0.47172,0.42616,0.46435
1736913600000,0.46435,0.48186,0.45904,0.4765
1736928000000,0.4765,0.47916,0.45035,0.458
1736942400000,0.458,0.49024,0.45218,0.48421
1736956800000,0.48421,0.48907,0.46903,0.47295
1736971200000,0.47295,0.4956,0.47206,0.4881
1736985600000,0.4881,0.48942,0.46341,0.4679
1737000000000,0.4679,0.48499,0.4677,0.47593
1737014400000,0.47593,0.49026,0.46807,0.48885
1737028800000,0.48885,0.51499,0.48354,0.50295
1737043200000,0.50295,0.51443,0.49784,0.50338
1737057600000,0.50338,0.50343,0.47558,0.48167
1737072000000,0.48167,0.49941,0.48128,0.49063
1737086400000,0.49063,0.49612,0.485,0.48636
1737100800000,0.48636,0.48984,0.47901,0.48712
1737115200000,0.48712,0.48767,0.47396,0.4753
1737129600000,0.4753,0.48725,0.47454,0.48179
1737144000000,0.48179,0.48955,0.48102,0.48744
1737158400000,0.48744,0.48947,0.46735,0.47277
1737172800000,0.47277,0.4775,0.45429,0.45916
1737187200000,0.45916,0.46375,0.45134,0.46294
1737201600000,0.46294,0.48264,0.45827,0.47285
1737216000000,0.47285,0.48207,0.46904,0.48188
1737230400000,0.48188,0.49261,0.47149,0.49061
1737244800000,0.49061,0.49524,0.48245,0.48337
1737259200000,0.48337,0.48606,0.47225,0.47546
1737273600000,0.47546,0.47546,0.44621,0.4498
1737288000000,0.4498,0.46648,0.44937,0.46371
1737302400000,0.46371,0.47214,0.462,0.47214
1737316800000,0.47214,0.47446,0.41725,0.4328
1737331200000,0.4328,0.45261,0.42356,0.44773
1737345600000,0.44773,0.47418,0.4424,0.46835
1737360000000,0.46835,0.47911,0.46477,0.47494
1737374400000,0.47494,0.47753,0.45461,0.45958
1737388800000,0.45958,0.46791,0.43181,0.45018
1737403200000,0.45018,0.45466,0.43685,0.44705
1737417600000,0.44705,0.45177,0.43509,0.43827
1737432000000,0.43827,0.4384,0.42819,0.4335
1737446400000,0.4335,0.44224,0.42747,0.44162
1737460800000,0.44162,0.44503,0.42972,0.43709
1737475200000,0.43709,0.45459,0.43591,0.45354
1737489600000,0.45354,0.454,0.44003,0.44243
1737504000000,0.44243,0.4454,0.43449,0.43536
1737518400000,0.43536,0.43673,0.43094,0.43209
1737532800000,0.43209,0.44085,0.42802,0.44016
1737547200000,0.44016,0.4432,0.42958,0.4313
1737561600000,0.4313,0.43797,0.4255,0.43303
1737576000000,0.43303,0.44,0.4265,0.4283
1737590400000,0.4283,0.4303,0.41997,0.42173
1737604800000,0.42173,0.42306,0.41603,0.4224
1737619200000,0.4224,0.42281,0.4136,0.4182
1737633600000,0.4182,0.43038,0.41217,0.42807
1737648000000,0.42807,0.43697,0.4201,0.42218
1737662400000,0.42218,0.4349,0.41856,0.43086
1737676800000,0.43086,0.43272,0.41962,0.42908
1737691200000,0.42908,0.44204,0.42704,0.43485
1737705600000,0.43485,0.43985,0.4341,0.43834
1737720000000,0.43834,0.44851,0.43799,0.44324
1737734400000,0.44324,0.44375,0.43516,0.43672
1737748800000,0.43672,0.43842,0.42893,0.43069
1737763200000,0.43069,0.43695,0.42706,0.43509
1737777600000,0.43509,0.43541,0.4273,0.42805
1737792000000,0.42805,0.42958,0.42205,0.42608
1737806400000,0.42608,0.42641,0.41231,0.42052
1737820800000,0.42052,0.42094,0.41614,0.41947
1737835200000,0.41947,0.4223,0.41629,0.41676
1737849600000,0.41676,0.42254,0.41594,0.42069
1737864000000,0.42069,0.42422,0.41982,0.42406
1737878400000,0.42406,0.42517,0.41854,0.42431
1737892800000,0.42431,0.42629,0.42324,0.42391
1737907200000,0.42391,0.42616,0.41964,0.42484
1737921600000,0.42484,0.42528,0.40559,0.4061
1737936000000,0.4061,0.40746,0.38955,0.39916
1737950400000,0.39916,0.3992,0.36174,0.37856
1737964800000,0.37856,0.3799,0.36807,0.37564
1737979200000,0.37564,0.40318,0.3739,0.39537
1737993600000,0.39537,0.40166,0.38494,0.39067
1738008000000,0.39067,0.40974,0.39066,0.40711
1738022400000,0.40711,0.41053,0.39962,0.4076
1738036800000,0.4076,0.41227,0.40655,0.40863
1738051200000,0.40863,0.411,0.40161,0.4102
1738065600000,0.4102,0.42066,0.40796,0.41428
1738080000000,0.41428,0.41472,0.40082,0.40304
1738094400000,0.40304,0.40327,0.38992,0.39251
1738108800000,0.39251,0.3995,0.39207,0.39758
1738123200000,0.39758,0.40232,0.39618,0.40116
1738137600000,0.40116,0.40357,0.39433,0.39675
1738152000000,0.39675,0.39842,0.38765,0.39232
1738166400000,0.39232,0.39946,0.38144,0.39474
1738180800000,0.39474,0.4066,0.39133,0.39246
1738195200000,0.39246,0.4028,0.38893,0.40268
1738209600000,0.40268,0.40538,0.40088,0.4025
1738224000000,0.4025,0.40365,0.39905,0.4013
1738238400000,0.4013,0.4392,0.39808,0.43433
1738252800000,0.43433,0.44376,0.4324,0.44318
1738267200000,0.44318,0.44354,0.42834,0.42855
1738281600000,0.42855,0.42977,0.41834,0.42006
1738296000000,0.42006,0.42779,0.4169,0.42287
1738310400000,0.42287,0.42533,0.41694,0.42407
1738324800000,0.42407,0.42668,0.41758,0.42364
1738339200000,0.42364,0.42408,0.40729,0.41172
1738353600000,0.41172,0.41546,0.40676,0.41397
1738368000000,0.41397,0.42037,0.41301,0.41644
1738382400000,0.41644,0.42007,0.4127,0.41409
1738396800000,0.41409,0.41512,0.40522,0.40977
1738411200000,0.40977,0.41053,0.40229,0.40718
1738425600000,0.40718,0.40916,0.39626,0.39852
1738440000000,0.39852,0.40255,0.3884,0.39192
1738454400000,0.39192,0.401,0.38278,0.38334
1738468800000,0.38334,0.39203,0.38265,0.38622
1738483200000,0.38622,0.39166,0.37925,0.37944
1738497600000,0.37944,0.38593,0.37436,0.37996
1738512000000,0.37996,0.38006,0.34873,0.36378
1738526400000,0.36378,0.36931,0.33516,0.35364
1738540800000,0.35364,0.35433,0.25877,0.31634
1738555200000,0.31634,0.33736,0.3024,0.33618
1738569600000,0.33618,0.34408,0.32297,0.3331
1738584000000,0.3331,0.35506,0.31561,0.3523
1738598400000,0.3523,0.37049,0.34832,0.36866
1738612800000,0.36866,0.37201,0.35752,0.36999
1738627200000,0.36999,0.37476,0.3611,0.36341
1738641600000,0.36341,0.36474,0.3355,0.33675
1738656000000,0.33675,0.35128,0.33611,0.3478
1738670400000,0.3478,0.35659,0.34544,0.35063
1738684800000,0.35063,0.36353,0.34796,0.34932
1738699200000,0.34932,0.35309,0.33251,0.34059
1738713600000,0.34059,0.34567,0.33745,0.3418
1738728000000,0.3418,0.34446,0.3376,0.34124
1738742400000,0.34124,0.34695,0.33883,0.34646
1738756800000,0.34646,0.3484,0.33467,0.33896
1738771200000,0.33896,0.33972,0.32319,0.33155
1738785600000,0.33155,0.33334,0.32201,0.32681
1738800000000,0.32681,0.33516,0.32564,0.33402
1738814400000,0.33402,0.34039,0.33324,0.33692
1738828800000,0.33692,0.34085,0.33326,0.33664
1738843200000,0.33664,0.33712,0.31607,0.31878
1738857600000,0.31878,0.32413,0.31268,0.31455
1738872000000,0.31455,0.32301,0.31399,0.31798
1738886400000,0.31798,0.3269,0.31704,0.32344
1738900800000,0.32344,0.32681,0.31593,0.31929
1738915200000,0.31929,0.33263,0.31783,0.33047
1738929600000,0.33047,0.3448,0.32705,0.33945
1738944000000,0.33945,0.34279,0.33062,0.33372
1738958400000,0.33372,0.33394,0.32036,0.32647
1738972800000,0.32647,0.33068,0.3237,0.32485
1738987200000,0.32485,0.32845,0.32026,0.32622
1739001600000,0.32622,0.32721,0.32253,0.32495
1739016000000,0.32495,0.32961,0.32148,0.32541
1739030400000,0.32541,0.33321,0.32286,0.33152
1739044800000,0.33152,0.33421,0.32972,0.33123
1739059200000,0.33123,0.33873,0.32835,0.33795
1739073600000,0.33795,0.33844,0.32992,0.33127
1739088000000,0.33127,0.33342,0.32502,0.32502
1739102400000,0.32502,0.32596,0.3167,0.32381
1739116800000,0.32381,0.32402,0.31338,0.31433
1739131200000,0.31433,0.31841,0.30241,0.31381
1739145600000,0.31381,0.31856,0.30281,0.31029
1739160000000,0.31029,0.3158,0.30867,0.31461
1739174400000,0.31461,0.31969,0.31416,0.31716
1739188800000,0.31716,0.32283,0.31157,0.31365
1739203200000,0.31365,0.31683,0.31158,0.31231
1739217600000,0.31231,0.31629,0.31006,0.31292
1739232000000,0.31292,0.32061,0.31177,0.31717
1739246400000,0.31717,0.3481,0.31703,0.33391
1739260800000,0.33391,0.33811,0.33106,0.33457
1739275200000,0.33457,0.33754,0.32624,0.33063
1739289600000,0.33063,0.33176,0.3148,0.3164
1739304000000,0.3164,0.32416,0.31575,0.3178
1739318400000,0.3178,0.31988,0.31139,0.313
1739332800000,0.313,0.31764,0.31077,0.31568
1739347200000,0.31568,0.32065,0.31421,0.31913
1739361600000,0.31913,0.32456,0.3077,0.31801
1739376000000,0.31801,0.3262,0.31361,0.32593
1739390400000,0.32593,0.33678,0.32353,0.33297
1739404800000,0.33297,0.33369,0.32966,0.33128
1739419200000,0.33128,0.33196,0.32284,0.32422
1739433600000,0.32422,0.33036,0.32267,0.32853
1739448000000,0.32853,0.33011,0.32218,0.32754
1739462400000,0.32754,0.33394,0.32254,0.3281
1739476800000,0.3281,0.34293,0.3281,0.33694
1739491200000,0.33694,0.34166,0.33351,0.34147
1739505600000,0.34147,0.34235,0.33488,0.33945
1739520000000,0.33945,0.36262,0.33935,0.35313
1739534400000,0.35313,0.35497,0.3461,0.35089
1739548800000,0.35089,0.35902,0.34638,0.35376
1739563200000,0.35376,0.35632,0.34388,0.35037
1739577600000,0.35037,0.36582,0.34806,0.36226
1739592000000,0.36226,0.3648,0.35079,0.35338
1739606400000,0.35338,0.35878,0.35334,0.35588
1739620800000,0.35588,0.35794,0.34871,0.35136
1739635200000,0.35136,0.35232,0.34705,0.34727
1739649600000,0.34727,0.34979,0.34525,0.34858
1739664000000,0.34858,0.35002,0.34616,0.34821
1739678400000,0.34821,0.3521,0.34372,0.34435
1739692800000,0.34435,0.34744,0.34268,0.34681
1739707200000,0.34681,0.34682,0.3407,0.34355
1739721600000,0.34355,0.34535,0.3393,0.34446
1739736000000,0.34446,0.34724,0.34134,0.34227
1739750400000,0.34227,0.34855,0.34156,0.34435
1739764800000,0.34435,0.34484,0.33577,0.33728
1739779200000,0.33728,0.34375,0.33515,0.34064
1739793600000,0.34064,0.34762,0.33614,0.33692
1739808000000,0.33692,0.33787,0.33033,0.33402
1739822400000,0.33402,0.33797,0.3327,0.33382
1739836800000,0.33382,0.33492,0.33047,0.33432
1739851200000,0.33432,0.33509,0.32261,0.32508
1739865600000,0.32508,0.32784,0.32076,0.32445
1739880000000,0.32445,0.32959,0.31799,0.31971
1739894400000,0.31971,0.32215,0.31537,0.3195
1739908800000,0.3195,0.32391,0.31732,0.32326
1739923200000,0.32326,0.3298,0.3208,0.32791
1739937600000,0.32791,0.33315,0.32299,0.33148
1739952000000,0.33148,0.3387,0.32911,0.33808
1739966400000,0.33808,0.33898,0.32926,0.33209
1739980800000,0.33209,0.33714,0.33081,0.33436
1739995200000,0.33436,0.34237,0.33215,0.34162
1740009600000,0.34162,0.34252,0.33564,0.34027
1740024000000,0.34027,0.34492,0.33863,0.33865
1740038400000,0.33865,0.34525,0.33845,0.34118
1740052800000,0.34118,0.34786,0.34003,0.34189
1740067200000,0.34189,0.3495,0.34165,0.34648
1740081600000,0.34648,0.34685,0.34196,0.34442
1740096000000,0.34442,0.34449,0.33773,0.33784
1740110400000,0.33784,0.34051,0.33742,0.33912
1740124800000,0.33912,0.34538,0.3378,0.33868
1740139200000,0.33868,0.34618,0.32991,0.33488
1740153600000,0.33488,0.33864,0.3211,0.32213
1740168000000,0.32213,0.32607,0.31986,0.32568
1740182400000,0.32568,0.32903,0.32412,0.32716
1740196800000,0.32716,0.32951,0.32675,0.32689
1740211200000,0.32689,0.3311,0.32592,0.33013
1740225600000,0.33013,0.33339,0.32898,0.33304
1740240000000,0.33304,0.34,0.333,0.33824
1740254400000,0.33824,0.33834,0.33305,0.33448
1740268800000,0.33448,0.33452,0.32976,0.33042
1740283200000,0.33042,0.33611,0.32954,0.33542
1740297600000,0.33542,0.33581,0.33088,0.331
1740312000000,0.331,0.33178,0.32641,0.32649
1740326400000,0.32649,0.3313,0.32649,0.33016
1740340800000,0.33016,0.33426,0.32896,0.33297
1740355200000,0.33297,0.33541,0.32046,0.32089
1740369600000,0.32089,0.32285,0.31694,0.32182
1740384000000,0.32182,0.32182,0.31385,0.3207
1740398400000,0.3207,0.32416,0.31219,0.31568
1740412800000,0.31568,0.31954,0.31021,0.31263
1740427200000,0.31263,0.31709,0.2933,0.29753
1740441600000,0.29753,0.30319,0.2902,0.29656
1740456000000,0.29656,0.30033,0.27708,0.28366
1740470400000,0.28366,0.28966,0.27082,0.28505
1740484800000,0.28505,0.28871,0.27226,0.27792
1740499200000,0.27792,0.2896,0.27286,0.28918
1740513600000,0.28918,0.29965,0.28672,0.29529
1740528000000,0.29529,0.29924,0.29076,0.29636
1740542400000,0.29636,0.29795,0.28936,0.29194
1740556800000,0.29194,0.29877,0.28915,0.29296
1740571200000,0.29296,0.29847,0.28524,0.29515
1740585600000,0.29515,0.29682,0.27811,0.28151
1740600000000,0.28151,0.29272,0.27873,0.28627
1740614400000,0.28627,0.29045,0.28178,0.28816
1740628800000,0.28816,0.2929,0.28508,0.29092
1740643200000,0.29092,0.29354,0.28735,0.29016
1740657600000,0.29016,0.29196,0.28314,0.28709
1740672000000,0.28709,0.28845,0.28112,0.2817
1740686400000,0.2817,0.284,0.27687,0.28314
1740700800000,0.28314,0.28375,0.26203,0.26231
1740715200000,0.26231,0.2655,0.25567,0.25785
1740729600000,0.25785,0.26549,0.25237,0.26281
1740744000000,0.26281,0.28112,0.26071,0.28013
1740758400000,0.28013,0.28845,0.27856,0.28578
1740772800000,0.28578,0.28658,0.28261,0.28628
1740787200000,0.28628,0.29578,0.28351,0.29464
1740801600000,0.29464,0.30324,0.29432,0.29518
1740816000000,0.29518,0.3085,0.29518,0.3009
1740830400000,0.3009,0.30637,0.29597,0.29759
1740844800000,0.29759,0.30647,0.29516,0.3055
1740859200000,0.3055,0.3187,0.30257,0.31116
1740873600000,0.31116,0.33112,0.30927,0.32922
1740888000000,0.32922,0.33043,0.32056,0.32067
1740902400000,0.32067,0.32242,0.31744,0.31921
1740916800000,0.31921,0.3432,0.31022,0.33522
1740931200000,0.33522,0.37544,0.33522,0.34835
1740945600000,0.34835,0.35448,0.34479,0.35101
1740960000000,0.35101,0.36207,0.34239,0.34556
1740974400000,0.34556,0.3468,0.33012,0.33518
1740988800000,0.33518,0.33528,0.32146,0.32909
1741003200000,0.32909,0.33314,0.31901,0.31962
1741017600000,0.31962,0.32211,0.29267,0.29416
1741032000000,0.29416,0.29855,0.28922,0.29218
1741046400000,0.29218,0.29568,0.2749,0.28177
1741060800000,0.28177,0.28837,0.28126,0.28292
1741075200000,0.28292,0.29082,0.28129,0.28488
1741089600000,0.28488,0.2949,0.27524,0.2848
1741104000000,0.2848,0.3008,0.27314,0.29922
1741118400000,0.29922,0.30065,0.29268,0.29481
1741132800000,0.29481,0.30233,0.29091,0.292
1741147200000,0.292,0.29866,0.28991,0.29623
1741161600000,0.29623,0.30858,0.29601,0.30614
1741176000000,0.30614,0.30781,0.29505,0.29741
1741190400000,0.29741,0.30282,0.2944,0.29932
1741204800000,0.29932,0.30296,0.29861,0.29938
1741219200000,0.29938,0.30395,0.29541,0.29985
1741233600000,0.29985,0.30506,0.29721,0.29827
1741248000000,0.29827,0.30936,0.29818,0.3048
1741262400000,0.3048,0.30636,0.29929,0.30447
1741276800000,0.30447,0.30721,0.29479,0.29682
1741291200000,0.29682,0.29999,0.29535,0.29588
1741305600000,0.29588,0.29929,0.27926,0.2861
1741320000000,0.2861,0.29239,0.28597,0.29208
1741334400000,0.29208,0.30268,0.29086,0.29928
1741348800000,0.29928,0.30038,0.2898,0.29159
1741363200000,0.29159,0.29472,0.28295,0.29133
1741377600000,0.29133,0.29455,0.28153,0.28309
1741392000000,0.28309,0.2848,0.27686,0.2793
1741406400000,0.2793,0.28192,0.2779,0.27827
1741420800000,0.27827,0.27892,0.27176,0.27304
1741435200000,0.27304,0.27885,0.27189,0.27665
1741449600000,0.27665,0.27907,0.27279,0.27887
1741464000000,0.27887,0.28038,0.27455,0.2755
1741478400000,0.2755,0.27832,0.2731,0.2747
1741492800000,0.2747,0.27853,0.2732,0.27839
1741507200000,0.27839,0.27911,0.26891,0.27041
1741521600000,0.27041,0.2709,0.26442,0.26688
1741536000000,0.26688,0.27186,0.26166,0.26757
1741550400000,0.26757,0.27043,0.26087,0.26286
1741564800000,0.26286,0.26853,0.25808,0.26607
1741579200000,0.26607,0.26875,0.26307,0.2652
1741593600000,0.2652,0.27679,0.25941,0.27062
1741608000000,0.27062,0.27312,0.25335,0.25946
1741622400000,0.25946,0.26102,0.23955,0.24788
1741636800000,0.24788,0.24941,0.24122,0.24161
1741651200000,0.24161,0.24526,0.22654,0.24355
1741665600000,0.24355,0.251,0.24301,0.24882
1741680000000,0.24882,0.25613,0.24827,0.2547
1741694400000,0.2547,0.25694,0.24236,0.25152
1741708800000,0.25152,0.26127,0.24864,0.25875
1741723200000,0.25875,0.2595,0.25438,0.25512
1741737600000,0.25512,0.26257,0.2527,0.25291
1741752000000,0.25291,0.25484,0.24965,0.2543
1741766400000,0.2543,0.25905,0.25183,0.25653
1741780800000,0.25653,0.26323,0.24627,0.2517
1741795200000,0.2517,0.25825,0.25074,0.25757
1741809600000,0.25757,0.2597,0.25575,0.25927
1741824000000,0.25927,0.26691,0.25843,0.26566
1741838400000,0.26566,0.26826,0.26189,0.26451
1741852800000,0.26451,0.2849,0.26241,0.28078
1741867200000,0.28078,0.2946,0.27688,0.27784
1741881600000,0.27784,0.27963,0.2681,0.26905
1741896000000,0.26905,0.27607,0.26574,0.27347
1741910400000,0.27347,0.27545,0.27093,0.27326
1741924800000,0.27326,0.27542,0.27104,0.27271
1741939200000,0.27271,0.28306,0.27252,0.27648
1741953600000,0.27648,0.28335,0.27289,0.27817
1741968000000,0.27817,0.2791,0.27331,0.27388
1741982400000,0.27388,0.27757,0.27078,0.2759
1741996800000,0.2759,0.28009,0.27487,0.27757
1742011200000,0.27757,0.28413,0.27138,0.27261
1742025600000,0.27261,0.27486,0.27224,0.27481
1742040000000,0.27481,0.27958,0.27399,0.27497
1742054400000,0.27497,0.27603,0.27251,0.27396
1742068800000,0.27396,0.27729,0.27385,0.27437
1742083200000,0.27437,0.27578,0.27146,0.27365
1742097600000,0.27365,0.27611,0.27164,0.27255
1742112000000,0.27255,0.27316,0.26321,0.26389
1742126400000,0.26389,0.26618,0.26059,0.26422
1742140800000,0.26422,0.26993,0.26368,0.26594
1742155200000,0.26594,0.26837,0.26117,0.26244
1742169600000,0.26244,0.27208,0.26212,0.27088
1742184000000,0.27088,0.27383,0.26698,0.27201
1742198400000,0.27201,0.2746,0.2697,0.27186
1742212800000,0.27186,0.27707,0.26956,0.27346
1742227200000,0.27346,0.27728,0.2711,0.27405
1742241600000,0.27405,0.2751,0.2719,0.27277
1742256000000,0.27277,0.27282,0.26589,0.26683
1742270400000,0.26683,0.27056,0.26482,0.27007
1742284800000,0.27007,0.27203,0.2675,0.26815
1742299200000,0.26815,0.26942,0.26227,0.2665
1742313600000,0.2665,0.27023,0.26465,0.26934
1742328000000,0.26934,0.27494,0.26646,0.27309
1742342400000,0.27309,0.2797,0.27303,0.27928
1742356800000,0.27928,0.28058,0.27593,0.27708
1742371200000,0.27708,0.28957,0.27675,0.28503
1742385600000,0.28503,0.29759,0.28042,0.2924
1742400000000,0.2924,0.29356,0.2847,0.28932
1742414400000,0.28932,0.2915,0.28414,0.29033
1742428800000,0.29033,0.29231,0.28384,0.28454
1742443200000,0.28454,0.2855,0.28148,0.28389
1742457600000,0.28389,0.28929,0.28276,0.28494
1742472000000,0.28494,0.28862,0.28082,0.28097
1742486400000,0.28097,0.28341,0.27724,0.28258
1742500800000,0.28258,0.28437,0.27884,0.2812
1742515200000,0.2812,0.28753,0.28088,0.28327
1742529600000,0.28327,0.28658,0.28037,0.28192
1742544000000,0.28192,0.28281,0.276,0.27789
1742558400000,0.27789,0.27921,0.27391,0.27527
1742572800000,0.27527,0.28073,0.27445,0.27841
1742587200000,0.27841,0.28062,0.27595,0.27677
1742601600000,0.27677,0.2799,0.27591,0.27642
1742616000000,0.27642,0.27935,0.27587,0.27706
1742630400000,0.27706,0.27883,0.27583,0.27625
1742644800000,0.27625,0.27721,0.27409,0.27501
1742659200000,0.27501,0.27911,0.2737,0.27847
1742673600000,0.27847,0.27879,0.27332,0.2738
1742688000000,0.2738,0.27827,0.27279,0.27764
1742702400000,0.27764,0.27936,0.2754,0.27859
1742716800000,0.27859,0.28031,0.27667,0.27958
1742731200000,0.27958,0.28248,0.27808,0.28198
1742745600000,0.28198,0.28377,0.27886,0.28302
1742760000000,0.28302,0.28368,0.27921,0.28286
1742774400000,0.28286,0.28466,0.2779,0.28299
1742788800000,0.28299,0.2883,0.28256,0.28589
1742803200000,0.28589,0.29298,0.28585,0.28935
1742817600000,0.28935,0.29487,0.28838,0.29085
1742832000000,0.29085,0.29167,0.28758,0.28994
1742846400000,0.28994,0.29255,0.28683,0.29036
1742860800000,0.29036,0.29326,0.28581,0.28681
1742875200000,0.28681,0.29106,0.28581,0.28944
1742889600000,0.28944,0.29462,0.28937,0.29329
1742904000000,0.29329,0.29538,0.28983,0.29193
1742918400000,0.29193,0.29586,0.2892,0.29165
1742932800000,0.29165,0.29395,0.28926,0.29353
1742947200000,0.29353,0.2993,0.29181,0.29226
1742961600000,0.29226,0.3021,0.29198,0.29997
1742976000000,0.29997,0.30086,0.2959,0.29596
1742990400000,0.29596,0.29658,0.28603,0.28643
1743004800000,0.28643,0.28896,0.28315,0.28543
1743019200000,0.28543,0.28834,0.28316,0.28516
1743033600000,0.28516,0.29273,0.28494,0.29184
1743048000000,0.29184,0.29258,0.29058,0.2918
1743062400000,0.2918,0.29453,0.28708,0.2877
1743076800000,0.2877,0.28841,0.28147,0.28537
1743091200000,0.28537,0.28822,0.28278,0.2858
1743105600000,0.2858,0.28922,0.28512,0.28611
1743120000000,0.28611,0.28893,0.28362,0.28471
1743134400000,0.28471,0.2855,0.27475,0.27482
1743148800000,0.27482,0.2767,0.27285,0.2762
1743163200000,0.2762,0.27906,0.27108,0.27196
1743177600000,0.27196,0.27349,0.26952,0.27084
1743192000000,0.27084,0.27497,0.27018,0.27429
1743206400000,0.27429,0.27672,0.26879,0.27303
1743220800000,0.27303,0.27391,0.26605,0.26724
1743235200000,0.26724,0.27059,0.26298,0.26557
1743249600000,0.26557,0.26964,0.26458,0.26612
1743264000000,0.26612,0.26722,0.26163,0.26676
1743278400000,0.26676,0.26773,0.26392,0.26706
1743292800000,0.26706,0.27215,0.26468,0.27063
1743307200000,0.27063,0.27235,0.26777,0.27015
1743321600000,0.27015,0.2716,0.26768,0.26932
1743336000000,0.26932,0.26997,0.26519,0.26726
1743350400000,0.26726,0.26983,0.26475,0.26821
1743364800000,0.26821,0.26908,0.26301,0.26663
1743379200000,0.26663,0.26775,0.26115,0.26325
1743393600000,0.26325,0.26695,0.25913,0.26061
1743408000000,0.26061,0.26576,0.25823,0.26465
1743422400000,0.26465,0.2698,0.26241,0.26732
1743436800000,0.26732,0.26867,0.26362,0.2647
1743451200000,0.2647,0.26596,0.26193,0.26377
1743465600000,0.26377,0.26713,0.26153,0.2649
1743480000000,0.2649,0.26815,0.26416,0.26652
1743494400000,0.26652,0.27469,0.2664,0.27177
1743508800000,0.27177,0.27754,0.26829,0.27698
1743523200000,0.27698,0.27924,0.27286,0.27334
1743537600000,0.27334,0.27389,0.27092,0.27188
1743552000000,0.27188,0.27217,0.26553,0.26865
1743566400000,0.26865,0.27365,0.26371,0.26534
1743580800000,0.26534,0.26879,0.26481,0.26697
1743595200000,0.26697,0.27499,0.26553,0.27278
1743609600000,0.27278,0.27392,0.26952,0.27192
1743624000000,0.27192,0.27832,0.25393,0.25795
1743638400000,0.25795,0.26687,0.25678,0.26496
1743652800000,0.26496,0.26529,0.26017,0.26131
1743667200000,0.26131,0.26251,0.25564,0.25772
1743681600000,0.25772,0.25833,0.24982,0.25256
1743696000000,0.25256,0.25877,0.25226,0.25864
1743710400000,0.25864,0.26159,0.25633,0.26088
1743724800000,0.26088,0.26158,0.25727,0.25921
1743739200000,0.25921,0.26381,0.25765,0.26335
1743753600000,0.26335,0.26487,0.25295,0.25598
1743768000000,0.25598,0.26203,0.25401,0.25769
1743782400000,0.25769,0.26242,0.25604,0.25933
1743796800000,0.25933,0.26181,0.25781,0.25943
1743811200000,0.25943,0.26127,0.25796,0.25806
1743825600000,0.25806,0.25848,0.2563,0.25714
1743840000000,0.25714,0.25743,0.25497,0.25635
1743854400000,0.25635,0.25784,0.25101,0.25119
1743868800000,0.25119,0.25199,0.2483,0.24866
1743883200000,0.24866,0.25241,0.24841,0.25218
1743897600000,0.25218,0.25398,0.25017,0.2517
1743912000000,0.2517,0.25311,0.24763,0.24832
1743926400000,0.24832,0.25128,0.24708,0.24986
1743940800000,0.24986,0.25195,0.24478,0.25187
1743955200000,0.25187,0.25301,0.23798,0.23998
1743969600000,0.23998,0.24171,0.22295,0.226
1743984000000,0.226,0.22857,0.2108,0.21413
1743998400000,0.21413,0.21659,0.19991,0.20461
1744012800000,0.20461,0.22234,0.20247,0.2172
1744027200000,0.2172,0.24459,0.21617,0.22894
1744041600000,0.22894,0.23351,0.226,0.23111
1744056000000,0.23111,0.23729,0.23111,0.23195
1744070400000,0.23195,0.23686,0.2292,0.23259
1744084800000,0.23259,0.23395,0.22679,0.22897
1744099200000,0.22897,0.236,0.22601,0.23556
1744113600000,0.23556,0.24116,0.23095,0.23232
1744128000000,0.23232,0.23291,0.22038,0.22188
1744142400000,0.22188,0.22556,0.21965,0.22104
1744156800000,0.22104,0.22368,0.21315,0.21568
1744171200000,0.21568,0.22438,0.21507,0.22272
1744185600000,0.22272,0.22315,0.21509,0.21694
1744200000000,0.21694,0.22345,0.2146,0.22031
1744214400000,0.22031,0.24572,0.21977,0.24334
1744228800000,0.24334,0.24457,0.24087,0.24212
1744243200000,0.24212,0.24235,0.2325,0.23481
1744257600000,0.23481,0.2368,0.23206,0.23327
1744272000000,0.23327,0.23572,0.23237,0.2333
1744286400000,0.2333,0.23722,0.22469,0.225
1744300800000,0.225,0.22917,0.22416,0.22782
1744315200000,0.22782,0.23098,0.22756,0.23003
1744329600000,0.23003,0.23348,0.22915,0.23254
1744344000000,0.23254,0.23652,0.2322,0.23609
1744358400000,0.23609,0.23786,0.23421,0.23448
1744372800000,0.23448,0.23603,0.23139,0.23147
1744387200000,0.23147,0.23605,0.23087,0.2356
1744401600000,0.2356,0.23697,0.23296,0.23368
1744416000000,0.23368,0.23498,0.23252,0.23447
1744430400000,0.23447,0.2366,0.23382,0.23602
1744444800000,0.23602,0.2392,0.23584,0.23795
1744459200000,0.23795,0.24828,0.2369,0.24692
1744473600000,0.24692,0.24852,0.24267,0.24302
1744488000000,0.24302,0.24682,0.24293,0.24611
1744502400000,0.24611,0.2481,0.24244,0.24409
1744516800000,0.24409,0.24416,0.24104,0.24299
1744531200000,0.24299,0.25215,0.24174,0.24745
1744545600000,0.24745,0.24919,0.24038,0.24266
1744560000000,0.24266,0.24849,0.23884,0.24126
1744574400000,0.24126,0.24295,0.23466,0.2378
1744588800000,0.2378,0.24504,0.23698,0.24029
1744603200000,0.24029,0.2435,0.23806,0.2409
1744617600000,0.2409,0.24728,0.2409,0.2455
1744632000000,0.2455,0.24712,0.23747,0.23777
1744646400000,0.23777,0.2414,0.23684,0.24007
1744660800000,0.24007,0.24183,0.23723,0.23969
1744675200000,0.23969,0.24321,0.23818,0.24295
1744689600000,0.24295,0.24324,0.23924,0.24146
1744704000000,0.24146,0.24485,0.24006,0.24084
1744718400000,0.24084,0.2445,0.23832,0.23857
1744732800000,0.23857,0.23925,0.23609,0.23736
1744747200000,0.23736,0.2414,0.23504,0.23532
1744761600000,0.23532,0.23749,0.23365,0.23562
1744776000000,0.23562,0.23662,0.23085,0.23145
1744790400000,0.23145,0.2359,0.23014,0.23499
1744804800000,0.23499,0.23912,0.23389,0.23471
1744819200000,0.23471,0.23841,0.23041,0.23738
1744833600000,0.23738,0.23961,0.23499,0.23553
1744848000000,0.23553,0.23771,0.23415,0.23574
1744862400000,0.23574,0.23991,0.23511,0.23756
1744876800000,0.23756,0.23797,0.23589,0.23696
1744891200000,0.23696,0.23966,0.23646,0.23849
1744905600000,0.23849,0.2421,0.23732,0.23922
1744920000000,0.23922,0.24194,0.23888,0.23922
1744934400000,0.23922,0.24194,0.23782,0.2419
1744948800000,0.2419,0.24222,0.24003,0.24098
1744963200000,0.24098,0.24442,0.24098,0.24377
1744977600000,0.24377,0.24454,0.24082,0.24106
1744992000000,0.24106,0.24278,0.24078,0.24112
1745006400000,0.24112,0.24165,0.23927,0.2397
1745020800000,0.2397,0.24421,0.2396,0.24366
1745035200000,0.24366,0.2466,0.24363,0.24641
1745049600000,0.24641,0.24735,0.24526,0.24582
1745064000000,0.24582,0.24669,0.24446,0.24486
1745078400000,0.24486,0.24728,0.24396,0.2471
1745092800000,0.2471,0.2494,0.24597,0.246
1745107200000,0.246,0.24734,0.24556,0.24609
1745121600000,0.24609,0.24677,0.24369,0.24461
1745136000000,0.24461,0.2451,0.23883,0.24128
1745150400000,0.24128,0.24218,0.24056,0.24101
1745164800000,0.24101,0.24423,0.24054,0.24377
1745179200000,0.24377,0.24514,0.24216,0.24348
1745193600000,0.24348,0.25242,0.24347,0.24974
1745208000000,0.24974,0.25749,0.24938,0.2574
1745222400000,0.2574,0.26262,0.2564,0.25754
1745236800000,0.25754,0.26276,0.25466,0.25799
1745251200000,0.25799,0.25886,0.25073,0.25503
1745265600000,0.25503,0.25517,0.24819,0.24995
1745280000000,0.24995,0.25214,0.24715,0.24821
1745294400000,0.24821,0.24844,0.24362,0.24681
1745308800000,0.24681,0.25028,0.24524,0.2495
1745323200000,0.2495,0.2608,0.24912,0.25788
1745337600000,0.25788,0.26028,0.256,0.25955
1745352000000,0.25955,0.26773,0.25715,0.26482
1745366400000,0.26482,0.26883,0.2632,0.26871
1745380800000,0.26871,0.26993,0.2653,0.26932
1745395200000,0.26932,0.27374,0.26827,0.27059
1745409600000,0.27059,0.27501,0.26331,0.26585
1745424000000,0.26585,0.27084,0.26483,0.26695
1745438400000,0.26695,0.26887,0.26568,0.26613
1745452800000,0.26613,0.26737,0.26001,0.26017
1745467200000,0.26017,0.26478,0.25961,0.26127
1745481600000,0.26127,0.26578,0.2585,0.26515
1745496000000,0.26515,0.28344,0.26446,0.27625
1745510400000,0.27625,0.28048,0.27407,0.279
1745524800000,0.279,0.28139,0.27693,0.28082
1745539200000,0.28082,0.28119,0.27385,0.2751
1745553600000,0.2751,0.28398,0.27414,0.28259
1745568000000,0.28259,0.28521,0.28106,0.28421
1745582400000,0.28421,0.29126,0.28077,0.28618
1745596800000,0.28618,0.28888,0.28287,0.28418
1745611200000,0.28418,0.28594,0.28122,0.28312
1745625600000,0.28312,0.29104,0.28312,0.2908
1745640000000,0.2908,0.29727,0.2872,0.2937
1745654400000,0.2937,0.29664,0.28787,0.28876
1745668800000,0.28876,0.29128,0.28675,0.29012
1745683200000,0.29012,0.29107,0.28766,0.29087
1745697600000,0.29087,0.29283,0.28855,0.29029
1745712000000,0.29029,0.29412,0.28581,0.29038
1745726400000,0.29038,0.29056,0.28104,0.28421
1745740800000,0.28421,0.28683,0.28238,0.28238
1745755200000,0.28238,0.2877,0.28027,0.28409
1745769600000,0.28409,0.28848,0.28215,0.28807
1745784000000,0.28807,0.28948,0.2837,0.28395
1745798400000,0.28395,0.28776,0.27791,0.28719
1745812800000,0.28719,0.29208,0.28587,0.29096
1745827200000,0.29096,0.29421,0.28687,0.2877
1745841600000,0.2877,0.28865,0.2803,0.2816
1745856000000,0.2816,0.28439,0.28046,0.28307
1745870400000,0.28307,0.28375,0.28132,0.28209
1745884800000,0.28209,0.28488,0.27973,0.2817
1745899200000,0.2817,0.28234,0.27777,0.28179
1745913600000,0.28179,0.28277,0.27817,0.27982
1745928000000,0.27982,0.28189,0.27704,0.28021
1745942400000,0.28021,0.28249,0.2785,0.27938
1745956800000,0.27938,0.28007,0.2751,0.2776
1745971200000,0.2776,0.28096,0.2757,0.28075
1745985600000,0.28075,0.28182,0.2749,0.27593
1746000000000,0.27593,0.27938,0.27523,0.27877
1746014400000,0.27877,0.27877,0.26675,0.27092
1746028800000,0.27092,0.27327,0.26806,0.26993
1746043200000,0.26993,0.27303,0.26976,0.27094
1746057600000,0.27094,0.27355,0.27032,0.2714
1746072000000,0.2714,0.27236,0.27004,0.27114
1746086400000,0.27114,0.28012,0.27094,0.27923
1746100800000,0.27923,0.28036,0.27458,0.27622
1746115200000,0.27622,0.27981,0.27567,0.27594
1746129600000,0.27594,0.27626,0.27313,0.27328
1746144000000,0.27328,0.27944,0.27293,0.27746
1746158400000,0.27746,0.27805,0.2731,0.2732
1746172800000,0.2732,0.27619,0.27315,0.27581
1746187200000,0.27581,0.27991,0.27433,0.27528
1746201600000,0.27528,0.27949,0.2705,0.27117
1746216000000,0.27117,0.27476,0.27012,0.27445
1746230400000,0.27445,0.27551,0.27161,0.27324
1746244800000,0.27324,0.27397,0.2704,0.27068
1746259200000,0.27068,0.27262,0.26757,0.26797
1746273600000,0.26797,0.27356,0.26796,0.27285
1746288000000,0.27285,0.27334,0.26792,0.27308
1746302400000,0.27308,0.27342,0.26875,0.26892
1746316800000,0.26892,0.27341,0.26736,0.26782
1746331200000,0.26782,0.27194,0.26755,0.2708
1746345600000,0.2708,0.27105,0.26724,0.26842
1746360000000,0.26842,0.27041,0.2644,0.26984
1746374400000,0.26984,0.27037,0.26483,0.26652
1746388800000,0.26652,0.27006,0.26461,0.26509
1746403200000,0.26509,0.26823,0.26248,0.26526
1746417600000,0.26526,0.26994,0.26512,0.26766
1746432000000,0.26766,0.26999,0.2613,0.26197
1746446400000,0.26197,0.26385,0.25638,0.25777
1746460800000,0.25777,0.26389,0.25724,0.26022
1746475200000,0.26022,0.26082,0.25564,0.25812
1746489600000,0.25812,0.26002,0.25441,0.25825
1746504000000,0.25825,0.25962,0.25694,0.25769
1746518400000,0.25769,0.25769,0.25239,0.25431
1746532800000,0.25431,0.2573,0.25183,0.25455
1746547200000,0.25455,0.25936,0.25269,0.25824
1746561600000,0.25824,0.26291,0.25539,0.26263
1746576000000,0.26263,0.26428,0.25989,0.26158
1746590400000,0.26158,0.26202,0.2594,0.26105
1746604800000,0.26105,0.26288,0.26011,0.26263
1746619200000,0.26263,0.26272,0.25752,0.2579
1746633600000,0.2579,0.26036,0.25621,0.2587
1746648000000,0.2587,0.26115,0.25713,0.26022
1746662400000,0.26022,0.26931,0.2586,0.26921
1746676800000,0.26921,0.2718,0.26762,0.27145
1746691200000,0.27145,0.27616,0.27126,0.27361
1746705600000,0.27361,0.28245,0.2726,0.28005
1746720000000,0.28005,0.28616,0.27993,0.28481
1746734400000,0.28481,0.29168,0.28285,0.29109
1746748800000,0.29109,0.2984,0.28927,0.29128
1746763200000,0.29128,0.29978,0.29025,0.2979
1746777600000,0.2979,0.30684,0.29582,0.30088
1746792000000,0.30088,0.30347,0.29392,0.29547
1746806400000,0.29547,0.29782,0.29265,0.2944
1746820800000,0.2944,0.29649,0.29286,0.29533
1746835200000,0.29533,0.30138,0.29355,0.3008
1746849600000,0.3008,0.30318,0.29602,0.30227
1746864000000,0.30227,0.30662,0.29882,0.29946
1746878400000,0.29946,0.30612,0.2994,0.30281
1746892800000,0.30281,0.31034,0.30228,0.30563
1746907200000,0.30563,0.32159,0.30307,0.32155
1746921600000,0.32155,0.32459,0.30936,0.31244
1746936000000,0.31244,0.31495,0.30189,0.3036
1746950400000,0.3036,0.30795,0.30163,0.3075
1746964800000,0.3075,0.30835,0.30154,0.30335
1746979200000,0.30335,0.30814,0.30048,0.30735
1746993600000,0.30735,0.30949,0.30428,0.30626
1747008000000,0.30626,0.31395,0.30535,0.31223
1747022400000,0.31223,0.32051,0.30688,0.31293
1747036800000,0.31293,0.32078,0.30899,0.31488
1747051200000,0.31488,0.33489,0.31463,0.32284
1747065600000,0.32284,0.32507,0.3051,0.3112
1747080000000,0.3112,0.31511,0.30807,0.31256
1747094400000,0.31256,0.31279,0.29716,0.2976
1747108800000,0.2976,0.30689,0.29716,0.30448
1747123200000,0.30448,0.31107,0.30419,0.30863
1747137600000,0.30863,0.31161,0.30254,0.30731
1747152000000,0.30731,0.31825,0.30702,0.31538
1747166400000,0.31538,0.31689,0.31184,0.31393
1747180800000,0.31393,0.3165,0.30807,0.30979
1747195200000,0.30979,0.31704,0.30826,0.31528
1747209600000,0.31528,0.31808,0.30648,0.3113
1747224000000,0.3113,0.31397,0.30439,0.307
1747238400000,0.307,0.30745,0.30063,0.30492
1747252800000,0.30492,0.30684,0.30101,0.30364
1747267200000,0.30364,0.3077,0.29957,0.30214
1747281600000,0.30214,0.30494,0.29373,0.29469
1747296000000,0.29469,0.30117,0.29351,0.2974
1747310400000,0.2974,0.2993,0.28758,0.29697
1747324800000,0.29697,0.30323,0.29205,0.29514
1747339200000,0.29514,0.29761,0.28642,0.29275
1747353600000,0.29275,0.29653,0.2889,0.29589
1747368000000,0.29589,0.29914,0.2933,0.29777
1747382400000,0.29777,0.30025,0.2929,0.29813
1747396800000,0.29813,0.30071,0.29525,0.2989
1747411200000,0.2989,0.30021,0.29453,0.29706
1747425600000,0.29706,0.29726,0.28991,0.29298
1747440000000,0.29298,0.29397,0.28465,0.29068
1747454400000,0.29068,0.29243,0.28907,0.2906
1747468800000,0.2906,0.29141,0.28578,0.2871
1747483200000,0.2871,0.28745,0.28211,0.28507
1747497600000,0.28507,0.28748,0.28115,0.28461
1747512000000,0.28461,0.28846,0.28258,0.28622
1747526400000,0.28622,0.28838,0.28523,0.28616
1747540800000,0.28616,0.2919,0.28616,0.29159
1747555200000,0.29159,0.29268,0.28884,0.28888
1747569600000,0.28888,0.29768,0.28757,0.29684
1747584000000,0.29684,0.29738,0.28414,0.28428
1747598400000,0.28428,0.29335,0.28084,0.29249
1747612800000,0.29249,0.29388,0.2812,0.28129
1747627200000,0.28129,0.2831,0.27652,0.28006
1747641600000,0.28006,0.28207,0.27793,0.28091
1747656000000,0.28091,0.28406,0.27747,0.28181
1747670400000,0.28181,0.28746,0.28121,0.28644
1747684800000,0.28644,0.28715,0.28316,0.28643
1747699200000,0.28643,0.28951,0.28528,0.28674
1747713600000,0.28674,0.28769,0.28266,0.28308
1747728000000,0.28308,0.28594,0.28087,0.284
1747742400000,0.284,0.284,0.27984,0.28228
1747756800000,0.28228,0.28747,0.27946,0.28675
1747771200000,0.28675,0.28878,0.2853,0.28734
1747785600000,0.28734,0.28922,0.2838,0.28799
1747800000000,0.28799,0.29216,0.28728,0.28886
1747814400000,0.28886,0.29118,0.28607,0.29002
1747828800000,0.29002,0.2946,0.28884,0.29274
1747843200000,0.29274,0.29802,0.28398,0.2911
1747857600000,0.2911,0.29583,0.28829,0.29304
1747872000000,0.29304,0.29885,0.29287,0.29862
1747886400000,0.29862,0.29894,0.29628,0.29848
1747900800000,0.29848,0.30294,0.29811,0.30122
1747915200000,0.30122,0.30266,0.29818,0.30127
1747929600000,0.30127,0.30419,0.29998,0.30278
1747944000000,0.30278,0.30434,0.30028,0.30406
1747958400000,0.30406,0.31224,0.3028,0.30976
1747972800000,0.30976,0.31088,0.2997,0.30111
1747987200000,0.30111,0.30603,0.29145,0.29276
1748001600000,0.29276,0.29522,0.28616,0.2921
1748016000000,0.2921,0.29535,0.29019,0.29257
1748030400000,0.29257,0.29283,0.28373,0.28507
1748044800000,0.28507,0.29013,0.2838,0.28984
1748059200000,0.28984,0.29133,0.28847,0.29
1748073600000,0.29,0.29132,0.28882,0.28979
1748088000000,0.28979,0.29008,0.28761,0.28818
1748102400000,0.28818,0.28874,0.28647,0.287
1748116800000,0.287,0.28825,0.28434,0.28575
1748131200000,0.28575,0.28654,0.28162,0.28588
1748145600000,0.28588,0.28636,0.2823,0.28307
1748160000000,0.28307,0.28307,0.27928,0.28164
1748174400000,0.28164,0.28368,0.27738,0.28012
1748188800000,0.28012,0.2841,0.27808,0.2833
1748203200000,0.2833,0.28764,0.28177,0.28754
1748217600000,0.28754,0.28896,0.2859,0.28709
1748232000000,0.28709,0.29028,0.28665,0.28947
1748246400000,0.28947,0.29013,0.28745,0.28804
1748260800000,0.28804,0.28912,0.28476,0.28835
1748275200000,0.28835,0.28868,0.28294,0.28415
1748289600000,0.28415,0.28667,0.2834,0.28554
1748304000000,0.28554,0.2868,0.28057,0.28454
1748318400000,0.28454,0.28842,0.28346,0.2879
1748332800000,0.2879,0.28964,0.28735,0.28891
1748347200000,0.28891,0.29279,0.28573,0.28929
1748361600000,0.28929,0.2909,0.28843,0.28905
1748376000000,0.28905,0.28983,0.28588,0.28696
1748390400000,0.28696,0.28783,0.28545,0.28739
1748404800000,0.28739,0.28842,0.28542,0.28599
1748419200000,0.28599,0.28831,0.28537,0.28805
1748433600000,0.28805,0.28959,0.28128,0.28137
1748448000000,0.28137,0.28454,0.27888,0.27894
1748462400000,0.27894,0.28568,0.27869,0.28517
1748476800000,0.28517,0.2885,0.28391,0.28651
1748491200000,0.28651,0.28683,0.28203,0.28442
1748505600000,0.28442,0.28799,0.28346,0.28753
1748520000000,0.28753,0.2878,0.28149,0.28327
1748534400000,0.28327,0.28401,0.27893,0.27968
1748548800000,0.27968,0.28268,0.27755,0.27852
1748563200000,0.27852,0.27984,0.26728,0.27332
1748577600000,0.27332,0.27461,0.27075,0.27116
1748592000000,0.27116,0.27469,0.26962,0.27421
1748606400000,0.27421,0.2755,0.2717,0.27267
1748620800000,0.27267,0.27413,0.26481,0.27194
1748635200000,0.27194,0.27245,0.26305,0.26475
1748649600000,0.26475,0.26646,0.25891,0.26202
1748664000000,0.26202,0.26339,0.25912,0.26024
1748678400000,0.26024,0.26263,0.2586,0.25947
1748692800000,0.25947,0.26733,0.25947,0.26579
1748707200000,0.26579,0.26746,0.26493,0.26635
1748721600000,0.26635,0.26684,0.26365,0.26378
1748736000000,0.26378,0.26589,0.26217,0.2652
1748750400000,0.2652,0.2685,0.26457,0.26564
1748764800000,0.26564,0.26592,0.26166,0.26388
1748779200000,0.26388,0.26577,0.2619,0.26548
1748793600000,0.26548,0.26754,0.26349,0.26663
1748808000000,0.26663,0.26768,0.26551,0.26712
1748822400000,0.26712,0.26757,0.26375,0.26437
1748836800000,0.26437,0.26735,0.26425,0.26602
1748851200000,0.26602,0.26728,0.2634,0.26413
1748865600000,0.26413,0.26693,0.26372,0.26514
1748880000000,0.26514,0.26693,0.26367,0.26495
1748894400000,0.26495,0.27173,0.26495,0.27166
1748908800000,0.27166,0.27506,0.27074,0.27186
1748923200000,0.27186,0.27304,0.27035,0.27081
1748937600000,0.27081,0.27201,0.26963,0.2719
1748952000000,0.2719,0.27606,0.27078,0.27545
1748966400000,0.27545,0.2759,0.27312,0.27589
1748980800000,0.27589,0.27589,0.27128,0.27252
1748995200000,0.27252,0.27542,0.27171,0.27456
1749009600000,0.27456,0.27485,0.2718,0.27252
1749024000000,0.27252,0.2754,0.27251,0.27257
1749038400000,0.27257,0.27266,0.26838,0.27034
1749052800000,0.27034,0.27102,0.26772,0.26784
1749067200000,0.26784,0.26838,0.26495,0.26638
1749081600000,0.26638,0.26823,0.26585,0.26718
1749096000000,0.26718,0.26768,0.26414,0.2647
1749110400000,0.2647,0.26695,0.2644,0.26652
1749124800000,0.26652,0.26882,0.26322,0.26491
1749139200000,0.26491,0.26495,0.25723,0.25903
1749153600000,0.25903,0.25923,0.25201,0.25668
1749168000000,0.25668,0.26017,0.25547,0.25998
1749182400000,0.25998,0.26161,0.25939,0.26028
1749196800000,0.26028,0.26282,0.26018,0.26203
1749211200000,0.26203,0.26647,0.26179,0.26494
1749225600000,0.26494,0.26527,0.26223,0.26348
1749240000000,0.26348,0.2642,0.26256,0.26257
1749254400000,0.26257,0.26446,0.26162,0.26437
1749268800000,0.26437,0.2659,0.26337,0.26545
1749283200000,0.26545,0.26632,0.26437,0.26632
1749297600000,0.26632,0.26754,0.26601,0.26706
1749312000000,0.26706,0.26757,0.26486,0.26491
1749326400000,0.26491,0.26629,0.26425,0.26457
1749340800000,0.26457,0.26524,0.26305,0.26474
1749355200000,0.26474,0.26825,0.26407,0.26615
1749369600000,0.26615,0.26875,0.26388,0.26816
1749384000000,0.26816,0.2742,0.26816,0.27123
1749398400000,0.27123,0.2723,0.26937,0.26978
1749412800000,0.26978,0.27032,0.26675,0.2675
1749427200000,0.2675,0.2682,0.26504,0.26599
1749441600000,0.26599,0.266,0.26365,0.2644
1749456000000,0.2644,0.2682,0.26408,0.26737
1749470400000,0.26737,0.26757,0.26473,0.26612
1749484800000,0.26612,0.27009,0.26612,0.26878
1749499200000,0.26878,0.27497,0.26878,0.27475
1749513600000,0.27475,0.27676,0.27411,0.27538
1749528000000,0.27538,0.27558,0.27234,0.27321
1749542400000,0.27321,0.27752,0.27183,0.27745
1749556800000,0.27745,0.28003,0.27445,0.27585
1749571200000,0.27585,0.28035,0.27538,0.27833
1749585600000,0.27833,0.28127,0.27676,0.28034
1749600000000,0.28034,0.28111,0.27825,0.28072
1749614400000,0.28072,0.28393,0.27982,0.28229
1749628800000,0.28229,0.28487,0.28011,0.28173
1749643200000,0.28173,0.28512,0.27986,0.28231
1749657600000,0.28231,0.28252,0.27781,0.27821
1749672000000,0.27821,0.28013,0.27566,0.27666
1749686400000,0.27666,0.27807,0.27513,0.27642
1749700800000,0.27642,0.27828,0.27448,0.275
1749715200000,0.275,0.27662,0.27232,0.27282
1749729600000,0.27282,0.2753,0.27238,0.27271
1749744000000,0.27271,0.27526,0.26978,0.27024
1749758400000,0.27024,0.27024,0.26663,0.26709
1749772800000,0.26709,0.26709,0.25277,0.25792
1749787200000,0.25792,0.25851,0.25457,0.25818
1749801600000,0.25818,0.26062,0.25679,0.25984
1749816000000,0.25984,0.26037,0.25579,0.25909
1749830400000,0.25909,0.26149,0.25658,0.25724
1749844800000,0.25724,0.26094,0.25693,0.26067
1749859200000,0.26067,0.26067,0.25792,0.25955
1749873600000,0.25955,0.26086,0.25863,0.25965
1749888000000,0.25965,0.26025,0.25836,0.2592
1749902400000,0.2592,0.26022,0.25637,0.25682
1749916800000,0.25682,0.25689,0.25333,0.25442
1749931200000,0.25442,0.25698,0.25272,0.25615
1749945600000,0.25615,0.25786,0.25587,0.25755
1749960000000,0.25755,0.25897,0.25634,0.25658
1749974400000,0.25658,0.25727,0.25503,0.25662
1749988800000,0.25662,0.25962,0.25632,0.25853
1750003200000,0.25853,0.25861,0.25576,0.25628
1750017600000,0.25628,0.25881,0.2542,0.2585
1750032000000,0.2585,0.26002,0.25624,0.25925
1750046400000,0.25925,0.26218,0.25908,0.26188
1750060800000,0.26188,0.26436,0.26041,0.2634
1750075200000,0.2634,0.26716,0.26293,0.26534
1750089600000,0.26534,0.26999,0.26532,0.26885
1750104000000,0.26885,0.26929,0.26079,0.26138
1750118400000,0.26138,0.26362,0.25788,0.26244
1750132800000,0.26244,0.2625,0.2592,0.25963
1750147200000,0.25963,0.25993,0.25574,0.25622
1750161600000,0.25622,0.25799,0.25329,0.25461
1750176000000,0.25461,0.25589,0.25003,0.25439
1750190400000,0.25439,0.25476,0.25064,0.25166
1750204800000,0.25166,0.25377,0.25109,0.25275
1750219200000,0.25275,0.25411,0.25141,0.25281
1750233600000,0.25281,0.25363,0.24768,0.24956
1750248000000,0.24956,0.25071,0.24551,0.24951
1750262400000,0.24951,0.25044,0.24672,0.24777
1750276800000,0.24777,0.25283,0.24747,0.2522
1750291200000,0.2522,0.25298,0.24972,0.2517
1750305600000,0.2517,0.25259,0.25046,0.25058
1750320000000,0.25058,0.2525,0.24979,0.25016
1750334400000,0.25016,0.25103,0.24808,0.24812
1750348800000,0.24812,0.25055,0.24711,0.24992
1750363200000,0.24992,0.2506,0.24892,0.24937
1750377600000,0.24937,0.25011,0.24831,0.24858
1750392000000,0.24858,0.25035,0.24646,0.25016
1750406400000,0.25016,0.25099,0.2489,0.25035
1750420800000,0.25035,0.25157,0.24529,0.24613
1750435200000,0.24613,0.24613,0.23944,0.2427
1750449600000,0.2427,0.24472,0.24068,0.2419
1750464000000,0.2419,0.2438,0.2413,0.24341
1750478400000,0.24341,0.24387,0.2428,0.24337
1750492800000,0.24337,0.24467,0.24337,0.24418
1750507200000,0.24418,0.24438,0.23999,0.24179
1750521600000,0.24179,0.24232,0.23749,0.2376
1750536000000,0.2376,0.23975,0.23227,0.23704
1750550400000,0.23704,0.23876,0.23357,0.23521
1750564800000,0.23521,0.2381,0.23484,0.23637
1750579200000,0.23637,0.23668,0.23202,0.23328
1750593600000,0.23328,0.23416,0.22155,0.22196
1750608000000,0.22196,0.22499,0.22073,0.22219
1750622400000,0.22219,0.2288,0.21645,0.22868
1750636800000,0.22868,0.23078,0.22789,0.22943
1750651200000,0.22943,0.23218,0.22903,0.231
1750665600000,0.231,0.2317,0.22854,0.2291
1750680000000,0.2291,0.233,0.22722,0.22961
1750694400000,0.22961,0.23587,0.22495,0.23544
1750708800000,0.23544,0.24603,0.23525,0.24557
1750723200000,0.24557,0.24618,0.24361,0.24482
1750737600000,0.24482,0.24861,0.2445,0.24567
1750752000000,0.24567,0.24814,0.24443,0.24752
1750766400000,0.24752,0.24902,0.2462,0.2472
1750780800000,0.2472,0.24967,0.2464,0.24723
1750795200000,0.24723,0.24861,0.24667,0.24857
1750809600000,0.24857,0.24904,0.24619,0.24629
1750824000000,0.24629,0.2465,0.24438,0.24528
1750838400000,0.24528,0.24548,0.24268,0.2448
1750852800000,0.2448,0.24589,0.24051,0.24077
1750867200000,0.24077,0.24302,0.23951,0.24289
1750881600000,0.24289,0.24316,0.23978,0.24116
1750896000000,0.24116,0.24412,0.2407,0.24252
1750910400000,0.24252,0.24275,0.24047,0.24197
1750924800000,0.24197,0.24249,0.23836,0.23852
1750939200000,0.23852,0.23882,0.2339,0.23572
1750953600000,0.23572,0.23709,0.23358,0.23653
1750968000000,0.23653,0.23838,0.23356,0.2339
1750982400000,0.2339,0.2359,0.23286,0.23547
1750996800000,0.23547,0.23608,0.23324,0.23349
1751011200000,0.23349,0.23573,0.23349,0.23436
1751025600000,0.23436,0.2364,0.23244,0.23504
1751040000000,0.23504,0.23831,0.23223,0.23453
1751054400000,0.23453,0.23726,0.23434,0.23667
1751068800000,0.23667,0.23903,0.23576,0.23764
1751083200000,0.23764,0.23838,0.23658,0.23814
1751097600000,0.23814,0.2383,0.23674,0.23765
1751112000000,0.23765,0.23966,0.23667,0.23966
1751126400000,0.23966,0.23978,0.23728,0.2376
1751140800000,0.2376,0.24008,0.23721,0.23874
1751155200000,0.23874,0.239,0.23714,0.23798
1751169600000,0.23798,0.23896,0.23747,0.23886
1751184000000,0.23886,0.23969,0.23827,0.23873
1751198400000,0.23873,0.23909,0.23682,0.23706
1751212800000,0.23706,0.2377,0.23516,0.23553
1751227200000,0.23553,0.24205,0.23455,0.24018
1751241600000,0.24018,0.24095,0.2374,0.23795
1751256000000,0.23795,0.23842,0.23564,0.23757
1751270400000,0.23757,0.23784,0.23548,0.23603
1751284800000,0.23603,0.23675,0.23328,0.23506
1751299200000,0.23506,0.24314,0.23452,0.24276
1751313600000,0.24276,0.24285,0.23772,0.23792
1751328000000,0.23792,0.23934,0.2374,0.23818
1751342400000,0.23818,0.23818,0.23498,0.23762
1751356800000,0.23762,0.23802,0.23544,0.23726
1751371200000,0.23726,0.23762,0.23048,0.23074
1751385600000,0.23074,0.23124,0.22362,0.22446
1751400000000,0.22446,0.22587,0.22267,0.22522
1751414400000,0.22522,0.22909,0.22409,0.22896
1751428800000,0.22896,0.23276,0.22859,0.23198
1751443200000,0.23198,0.23235,0.23025,0.23044
1751457600000,0.23044,0.23438,0.22969,0.23364
1751472000000,0.23364,0.23997,0.23347,0.23891
1751486400000,0.23891,0.24026,0.23775,0.23791
1751500800000,0.23791,0.24015,0.23755,0.23957
1751515200000,0.23957,0.24541,0.23931,0.24505
1751529600000,0.24505,0.24653,0.24315,0.2457
1751544000000,0.2457,0.24819,0.24067,0.24091
1751558400000,0.24091,0.24332,0.2405,0.24245
1751572800000,0.24245,0.24531,0.24184,0.24244
1751587200000,0.24244,0.24466,0.24108,0.24124
1751601600000,0.24124,0.24133,0.23731,0.2377
1751616000000,0.2377,0.24044,0.23673,0.24011
1751630400000,0.24011,0.24043,0.23521,0.23567
1751644800000,0.23567,0.23793,0.23457,0.23681
1751659200000,0.23681,0.2386,0.23658,0.23741
1751673600000,0.23741,0.23823,0.23611,0.23814
1751688000000,0.23814,0.23859,0.23681,0.23811
1751702400000,0.23811,0.23847,0.23662,0.23662
1751716800000,0.23662,0.23796,0.23576,0.23706
1751731200000,0.23706,0.23737,0.23467,0.23641
1751745600000,0.23641,0.23807,0.23552,0.23807
1751760000000,0.23807,0.23838,0.23642,0.23684
1751774400000,0.23684,0.23793,0.23648,0.2379
1751788800000,0.2379,0.24257,0.23769,0.23994
1751803200000,0.23994,0.24403,0.2394,0.24366
1751817600000,0.24366,0.24562,0.2417,0.24389
1751832000000,0.24389,0.2517,0.24389,0.25031
1751846400000,0.25031,0.2539,0.25009,0.25075
1751860800000,0.25075,0.2535,0.2495,0.24989
1751875200000,0.24989,0.25247,0.24809,0.25238
1751889600000,0.25238,0.25735,0.24974,0.25343
1751904000000,0.25343,0.25489,0.24723,0.24983
1751918400000,0.24983,0.24983,0.24611,0.24804
1751932800000,0.24804,0.24876,0.24588,0.24741
1751947200000,0.24741,0.25068,0.24693,0.25067
1751961600000,0.25067,0.25518,0.25029,0.25324
1751976000000,0.25324,0.25417,0.25084,0.25388
1751990400000,0.25388,0.25962,0.25277,0.25761
1752004800000,0.25761,0.25954,0.25507,0.25931
1752019200000,0.25931,0.26128,0.25694,0.26082
1752033600000,0.26082,0.26648,0.26064,0.26474
1752048000000,0.26474,0.27847,0.26463,0.27816
1752062400000,0.27816,0.29727,0.278,0.29516
1752076800000,0.29516,0.29605,0.28738,0.29088
1752091200000,0.29088,0.29125,0.28438,0.28813
1752105600000,0.28813,0.29583,0.2851,0.28815
1752120000000,0.28815,0.2948,0.28656,0.29238
1752134400000,0.29238,0.29862,0.28973,0.2924
1752148800000,0.2924,0.29405,0.28733,0.29304
1752163200000,0.29304,0.30236,0.2921,0.30144
1752177600000,0.30144,0.3058,0.29916,0.30285
1752192000000,0.30285,0.30661,0.29752,0.30547
1752206400000,0.30547,0.3097,0.30206,0.30404
1752220800000,0.30404,0.3231,0.30404,0.31782
1752235200000,0.31782,0.39973,0.31782,0.36755
1752249600000,0.36755,0.38856,0.35912,0.38423
1752264000000,0.38423,0.38516,0.34661,0.36024
1752278400000,0.36024,0.40537,0.35088,0.39235
1752292800000,0.39235,0.4028,0.37047,0.37609
1752307200000,0.37609,0.419,0.37224,0.40137
1752321600000,0.40137,0.40481,0.37254,0.37598
1752336000000,0.37598,0.3938,0.37342,0.386
1752350400000,0.386,0.40075,0.37685,0.39281
1752364800000,0.39281,0.43209,0.3868,0.42115
1752379200000,0.42115,0.4437,0.4134,0.44155
1752393600000,0.44155,0.45,0.41955,0.42255
1752408000000,0.42255,0.48353,0.41956,0.46276
1752422400000,0.46276,0.48046,0.4512,0.47059
1752436800000,0.47059,0.48091,0.45579,0.47031
1752451200000,0.47031,0.51668,0.46506,0.49999
1752465600000,0.49999,0.513,0.46947,0.48608
1752480000000,0.48608,0.48777,0.44791,0.45869
1752494400000,0.45869,0.48105,0.45227,0.45686
1752508800000,0.45686,0.46857,0.44576,0.44841
1752523200000,0.44841,0.46745,0.43852,0.46364
1752537600000,0.46364,0.46462,0.43003,0.44175
1752552000000,0.44175,0.45678,0.43743,0.44706
1752566400000,0.44706,0.47362,0.43988,0.46417
1752580800000,0.46417,0.47536,0.44132,0.44706
1752595200000,0.44706,0.45901,0.44164,0.44296
1752609600000,0.44296,0.45492,0.43907,0.45173
1752624000000,0.45173,0.46638,0.4475,0.45824
1752638400000,0.45824,0.46524,0.45312,0.45935
1752652800000,0.45935,0.47387,0.45728,0.45995
1752667200000,0.45995,0.4814,0.45955,0.4641
1752681600000,0.4641,0.47826,0.46087,0.46408
1752696000000,0.46408,0.47502,0.45145,0.45353
1752710400000,0.45353,0.45855,0.44417,0.45333
1752724800000,0.45333,0.48491,0.45178,0.46627
1752739200000,0.46627,0.48009,0.46131,0.4714
1752753600000,0.4714,0.48418,0.45645,0.46445
1752768000000,0.46445,0.48043,0.45768,0.4692
1752782400000,0.4692,0.515,0.46183,0.49783
1752796800000,0.49783,0.52241,0.48797,0.50011
1752811200000,0.50011,0.50742,0.48,0.4809
1752825600000,0.4809,0.4868,0.47271,0.4834
1752840000000,0.4834,0.48668,0.46231,0.4656
1752854400000,0.4656,0.47427,0.46269,0.4666
1752868800000,0.4666,0.46756,0.4492,0.45875
1752883200000,0.45875,0.46805,0.45469,0.46272
1752897600000,0.46272,0.4688,0.46064,0.4666
1752912000000,0.4666,0.46847,0.455,0.45574
1752926400000,0.45574,0.4633,0.45038,0.46109
1752940800000,0.46109,0.46931,0.46109,0.46216
1752955200000,0.46216,0.46509,0.45559,0.46105
1752969600000,0.46105,0.46604,0.45747,0.4632
1752984000000,0.4632,0.46532,0.45837,0.46201
1752998400000,0.46201,0.47347,0.46181,0.46714
1753012800000,0.46714,0.47418,0.46426,0.47214
1753027200000,0.47214,0.47696,0.46711,0.47331
1753041600000,0.47331,0.47494,0.45484,0.46256
1753056000000,0.46256,0.49057,0.45608,0.47824
1753070400000,0.47824,0.48872,0.47602,0.48559
1753084800000,0.48559,0.48705,0.47761,0.48478
1753099200000,0.48478,0.49448,0.48012,0.48171
1753113600000,0.48171,0.48456,0.4688,0.46964
1753128000000,0.46964,0.47503,0.46743,0.47317
1753142400000,0.47317,0.47678,0.4556,0.45929
1753156800000,0.45929,0.46146,0.44928,0.45825
1753171200000,0.45825,0.46611,0.44924,0.46589
1753185600000,0.46589,0.4659,0.45145,0.4639
1753200000000,0.4639,0.47506,0.46225,0.46828
1753214400000,0.46828,0.47494,0.46772,0.47275
1753228800000,0.47275,0.47292,0.4662,0.46759
1753243200000,0.46759,0.47508,0.46642,0.47053
1753257600000,0.47053,0.47441,0.4601,0.46148
1753272000000,0.46148,0.46235,0.42525,0.43975
1753286400000,0.43975,0.44054,0.41678,0.42493
1753300800000,0.42493,0.43,0.4088,0.4277
1753315200000,0.4277,0.43604,0.42332,0.42993
1753329600000,0.42993,0.43126,0.40055,0.41679
1753344000000,0.41679,0.43,0.41404,0.42855
1753358400000,0.42855,0.44767,0.42319,0.44016
1753372800000,0.44016,0.44073,0.42912,0.4313
1753387200000,0.4313,0.43619,0.42284,0.42447
1753401600000,0.42447,0.42667,0.41098,0.41608
1753416000000,0.41608,0.42176,0.40946,0.41497
1753430400000,0.41497,0.4277,0.41241,0.42461
1753444800000,0.42461,0.431,0.40451,0.4095
1753459200000,0.4095,0.42207,0.40726,0.41859
1753473600000,0.41859,0.43328,0.41833,0.43136
1753488000000,0.43136,0.43995,0.42881,0.43909
1753502400000,0.43909,0.44671,0.4383,0.43837
1753516800000,0.43837,0.44297,0.43735,0.43831
1753531200000,0.43831,0.44396,0.43636,0.44079
1753545600000,0.44079,0.44227,0.43498,0.44028
1753560000000,0.44028,0.44286,0.43493,0.43518
1753574400000,0.43518,0.444,0.4339,0.4422
1753588800000,0.4422,0.45964,0.44102,0.44187
1753603200000,0.44187,0.44271,0.4351,0.43657
1753617600000,0.43657,0.44192,0.43471,0.43889
1753632000000,0.43889,0.4448,0.43768,0.44124
1753646400000,0.44124,0.4475,0.43851,0.44416
1753660800000,0.44416,0.45183,0.43929,0.44697
1753675200000,0.44697,0.45394,0.44223,0.4434
1753689600000,0.4434,0.44559,0.43702,0.44106
1753704000000,0.44106,0.44177,0.42293,0.42424
1753718400000,0.42424,0.42694,0.41706,0.42086
1753732800000,0.42086,0.4226,0.41532,0.41904
1753747200000,0.41904,0.42338,0.41333,0.42298
1753761600000,0.42298,0.43418,0.42051,0.4331
1753776000000,0.4331,0.43466,0.42145,0.42575
1753790400000,0.42575,0.43137,0.415,0.41824
1753804800000,0.41824,0.42184,0.41171,0.41618
1753819200000,0.41618,0.42251,0.412,0.42086
1753833600000,0.42086,0.42432,0.41584,0.42072
1753848000000,0.42072,0.42258,0.41521,0.41664
1753862400000,0.41664,0.41997,0.40455,0.407
1753876800000,0.407,0.41824,0.4036,0.41392
1753891200000,0.41392,0.41626,0.39184,0.40791
1753905600000,0.40791,0.4124,0.40209,0.40734
1753920000000,0.40734,0.42381,0.40646,0.42276
1753934400000,0.42276,0.42636,0.4208,0.4242
1753948800000,0.4242,0.42864,0.42015,0.42167
1753963200000,0.42167,0.42183,0.40553,0.41081
1753977600000,0.41081,0.4194,0.40516,0.40659
1753992000000,0.40659,0.40879,0.39913,0.40076
1754006400000,0.40076,0.40132,0.38639,0.39643
1754020800000,0.39643,0.39648,0.3886,0.39106
1754035200000,0.39106,0.39274,0.38195,0.39243
1754049600000,0.39243,0.40059,0.38313,0.39822
1754064000000,0.39822,0.399,0.38882,0.39498
1754078400000,0.39498,0.3957,0.37462,0.38193
1754092800000,0.38193,0.38894,0.37981,0.38843
1754107200000,0.38843,0.39123,0.37846,0.3868
1754121600000,0.3868,0.38735,0.3778,0.3804
1754136000000,0.3804,0.38086,0.368,0.3694
1754150400000,0.3694,0.37351,0.36185,0.3657
1754164800000,0.3657,0.37132,0.3635,0.36682
1754179200000,0.36682,0.37691,0.36102,0.37605
1754193600000,0.37605,0.37923,0.37427,0.3786
1754208000000,0.3786,0.38815,0.37808,0.38544
1754222400000,0.38544,0.40085,0.38407,0.40018
1754236800000,0.40018,0.40296,0.39468,0.39665
1754251200000,0.39665,0.4017,0.39396,0.399
1754265600000,0.399,0.41768,0.39684,0.41114
1754280000000,0.41114,0.41739,0.40584,0.41669
1754294400000,0.41669,0.41924,0.40854,0.40882
1754308800000,0.40882,0.41738,0.4067,0.4086
1754323200000,0.4086,0.41613,0.40856,0.41336
1754337600000,0.41336,0.4177,0.41246,0.4134
1754352000000,0.4134,0.41876,0.40457,0.40468
1754366400000,0.40468,0.41052,0.40087,0.40171
1754380800000,0.40171,0.41268,0.40096,0.40926
1754395200000,0.40926,0.40994,0.3928,0.39574
1754409600000,0.39574,0.39961,0.39379,0.39488
1754424000000,0.39488,0.39904,0.39079,0.39559
1754438400000,0.39559,0.39581,0.38684,0.38731
1754452800000,0.38731,0.39451,0.38473,0.3945
1754467200000,0.3945,0.3958,0.38886,0.39037
1754481600000,0.39037,0.39997,0.387,0.39849
1754496000000,0.39849,0.40242,0.39487,0.39876
1754510400000,0.39876,0.4008,0.39573,0.39982
1754524800000,0.39982,0.40312,0.39592,0.39715
1754539200000,0.39715,0.40554,0.39654,0.40134
1754553600000,0.40134,0.41758,0.39951,0.41664
1754568000000,0.41664,0.41827,0.40971,0.41219
1754582400000,0.41219,0.41343,0.4022,0.41341
1754596800000,0.41341,0.44089,0.41304,0.4394
1754611200000,0.4394,0.46375,0.43605,0.46074
1754625600000,0.46074,0.46836,0.45626,0.46247
1754640000000,0.46247,0.46823,0.45739,0.46533
1754654400000,0.46533,0.46681,0.44016,0.44214
1754668800000,0.44214,0.45734,0.44129,0.45664
1754683200000,0.45664,0.45704,0.44882,0.44992
1754697600000,0.44992,0.45306,0.44674,0.4475
1754712000000,0.4475,0.45652,0.44633,0.45379
1754726400000,0.45379,0.45672,0.45186,0.45221
1754740800000,0.45221,0.45689,0.44636,0.44997
1754755200000,0.44997,0.45423,0.44816,0.44982
1754769600000,0.44982,0.45382,0.44463,0.44675
1754784000000,0.44675,0.45362,0.4444,0.45275
1754798400000,0.45275,0.45677,0.43651,0.43868
1754812800000,0.43868,0.44245,0.43274,0.4379
1754827200000,0.4379,0.44438,0.43467,0.44188
1754841600000,0.44188,0.44756,0.44006,0.44485
1754856000000,0.44485,0.44527,0.43904,0.44419
1754870400000,0.44419,0.45696,0.44211,0.45192
1754884800000,0.45192,0.45747,0.44671,0.44808
1754899200000,0.44808,0.46113,0.44005,0.44278
1754913600000,0.44278,0.4485,0.43624,0.4432
1754928000000,0.4432,0.44633,0.43343,0.43567
1754942400000,0.43567,0.43616,0.4272,0.43011
1754956800000,0.43011,0.44448,0.42949,0.43748
1754971200000,0.43748,0.43947,0.43053,0.437
1754985600000,0.437,0.43806,0.43007,0.43648
1755000000000,0.43648,0.44611,0.43343,0.44462
1755014400000,0.44462,0.45366,0.44251,0.45258
1755028800000,0.45258,0.45592,0.4474,0.4493
1755043200000,0.4493,0.44955,0.44026,0.44745
1755057600000,0.44745,0.4504,0.44136,0.44771
1755072000000,0.44771,0.45725,0.44744,0.45428
1755086400000,0.45428,0.45985,0.44477,0.44692
1755100800000,0.44692,0.45415,0.4464,0.45396
1755115200000,0.45396,0.45563,0.44853,0.45202
1755129600000,0.45202,0.47185,0.452,0.4614
1755144000000,0.4614,0.46774,0.44906,0.4533
1755158400000,0.4533,0.45351,0.43828,0.44202
1755172800000,0.44202,0.4446,0.40833,0.42379
1755187200000,0.42379,0.42692,0.4166,0.42276
1755201600000,0.42276,0.42481,0.41459,0.42307
1755216000000,0.42307,0.43042,0.42078,0.42988
1755230400000,0.42988,0.43232,0.42506,0.42905
1755244800000,0.42905,0.43278,0.42512,0.42816
1755259200000,0.42816,0.43302,0.41418,0.41584
1755273600000,0.41584,0.42817,0.41129,0.42336
1755288000000,0.42336,0.43278,0.42166,0.43018
1755302400000,0.43018,0.43169,0.42727,0.43
1755316800000,0.43,0.43116,0.42421,0.42785
1755331200000,0.42785,0.43284,0.42334,0.42356
1755345600000,0.42356,0.42785,0.42224,0.42633
1755360000000,0.42633,0.42866,0.4237,0.4273
1755374400000,0.4273,0.42858,0.42562,0.42639
1755388800000,0.42639,0.42877,0.4241,0.42806
1755403200000,0.42806,0.43109,0.42778,0.42889
1755417600000,0.42889,0.43322,0.42861,0.43095
1755432000000,0.43095,0.43288,0.42872,0.43248
1755446400000,0.43248,0.43419,0.42288,0.42457
1755460800000,0.42457,0.42872,0.42392,0.42436
1755475200000,0.42436,0.42495,0.40663,0.40991
1755489600000,0.40991,0.4149,0.40544,0.40817
1755504000000,0.40817,0.40906,0.40284,0.40439
1755518400000,0.40439,0.41218,0.40351,0.41012
1755532800000,0.41012,0.41774,0.40762,0.41521
1755547200000,0.41521,0.42033,0.4127,0.41432
1755561600000,0.41432,0.41822,0.40399,0.40463
1755576000000,0.40463,0.40929,0.40149,0.40566
1755590400000,0.40566,0.41025,0.40381,0.40876
1755604800000,0.40876,0.41008,0.39686,0.39789
1755619200000,0.39789,0.3998,0.392,0.39427
1755633600000,0.39427,0.39786,0.38962,0.3906
1755648000000,0.3906,0.39759,0.38954,0.39554
1755662400000,0.39554,0.39894,0.39487,0.39504
1755676800000,0.39504,0.40008,0.39248,0.39734
1755691200000,0.39734,0.40312,0.38725,0.39843
1755705600000,0.39843,0.40827,0.39828,0.40784
1755720000000,0.40784,0.40795,0.4037,0.40435
1755734400000,0.40435,0.40736,0.39987,0.40144
1755748800000,0.40144,0.40308,0.3977,0.40096
1755763200000,0.40096,0.40136,0.39541,0.39684
1755777600000,0.39684,0.39906,0.39169,0.39252
1755792000000,0.39252,0.39708,0.39081,0.39263
1755806400000,0.39263,0.39582,0.3895,0.39107
1755820800000,0.39107,0.39617,0.38885,0.38916
1755835200000,0.38916,0.3943,0.38912,0.39307
1755849600000,0.39307,0.39537,0.38544,0.3857
1755864000000,0.3857,0.41821,0.3805,0.41409
1755878400000,0.41409,0.42884,0.41407,0.4242
1755892800000,0.4242,0.42738,0.42313,0.4248
1755907200000,0.4248,0.4251,0.40965,0.41022
1755921600000,0.41022,0.422,0.41008,0.41764
1755936000000,0.41764,0.41936,0.41109,0.41248
1755950400000,0.41248,0.41288,0.40944,0.41209
1755964800000,0.41209,0.41611,0.41061,0.41603
1755979200000,0.41603,0.41742,0.4134,0.41655
1755993600000,0.41655,0.41779,0.41278,0.41405
1756008000000,0.41405,0.41486,0.40834,0.40856
1756022400000,0.40856,0.41046,0.40209,0.40451
1756036800000,0.40451,0.40986,0.40397,0.40598
1756051200000,0.40598,0.4241,0.40568,0.41201
1756065600000,0.41201,0.41318,0.40366,0.40766
1756080000000,0.40766,0.41073,0.4002,0.40638
1756094400000,0.40638,0.40719,0.39184,0.39261
1756108800000,0.39261,0.39423,0.38782,0.3932
1756123200000,0.3932,0.39766,0.39124,0.39342
1756137600000,0.39342,0.3959,0.38487,0.38547
1756152000000,0.38547,0.3872,0.37675,0.3839
1756166400000,0.3839,0.39054,0.38161,0.38607
1756180800000,0.38607,0.39219,0.38607,0.38891
1756195200000,0.38891,0.38986,0.38467,0.38656
1756209600000,0.38656,0.3936,0.38461,0.39064
1756224000000,0.39064,0.39958,0.38646,0.39828
1756238400000,0.39828,0.39849,0.39386,0.39462
1756252800000,0.39462,0.39472,0.3877,0.3897
1756267200000,0.3897,0.39268,0.38229,0.38432
1756281600000,0.38432,0.38711,0.38254,0.38438
1756296000000,0.38438,0.38884,0.38154,0.38611
1756310400000,0.38611,0.38822,0.38017,0.38163
1756324800000,0.38163,0.38619,0.37735,0.37884
1756339200000,0.37884,0.38247,0.37628,0.38092
1756353600000,0.38092,0.38454,0.37994,0.38336
1756368000000,0.38336,0.38595,0.38001,0.38333
1756382400000,0.38333,0.38709,0.37939,0.38116
1756396800000,0.38116,0.3836,0.37416,0.37421
1756411200000,0.37421,0.38375,0.3738,0.38196
1756425600000,0.38196,0.38224,0.3744,0.37533
1756440000000,0.37533,0.37551,0.36468,0.36546
1756454400000,0.36546,0.36697,0.36,0.3626
1756468800000,0.3626,0.3702,0.35445,0.35934
1756483200000,0.35934,0.3611,0.35588,0.359
1756497600000,0.359,0.3616,0.35514,0.36112
1756512000000,0.36112,0.36235,0.35377,0.35815
1756526400000,0.35815,0.36212,0.35815,0.36088
1756540800000,0.36088,0.36093,0.35633,0.35795
1756555200000,0.35795,0.35812,0.35165,0.3565
1756569600000,0.3565,0.35947,0.35537,0.35943
1756584000000,0.35943,0.36023,0.35653,0.35981
1756598400000,0.35981,0.36459,0.35937,0.3634
1756612800000,0.3634,0.36353,0.35871,0.35888
1756627200000,0.35888,0.36096,0.35725,0.35967
1756641600000,0.35967,0.36044,0.35645,0.35931
1756656000000,0.35931,0.35931,0.35502,0.35552
1756670400000,0.35552,0.3596,0.35202,0.3526
1756684800000,0.3526,0.35325,0.34545,0.34799
1756699200000,0.34799,0.35774,0.34398,0.35769
1756713600000,0.35769,0.36391,0.3547,0.35533
1756728000000,0.35533,0.35827,0.3519,0.3534
1756742400000,0.3534,0.35548,0.34956,0.35531
1756756800000,0.35531,0.35745,0.34547,0.3573
1756771200000,0.3573,0.36168,0.35379,0.3615
1756785600000,0.3615,0.36488,0.3599,0.36105
1756800000000,0.36105,0.36646,0.36079,0.36126
1756814400000,0.36126,0.36615,0.35451,0.35825
1756828800000,0.35825,0.36204,0.35752,0.36114
1756843200000,0.36114,0.36791,0.36009,0.3678
1756857600000,0.3678,0.36866,0.36246,0.36374
1756872000000,0.36374,0.36374,0.3604,0.36232
1756886400000,0.36232,0.36513,0.36072,0.36454
1756900800000,0.36454,0.36832,0.36255,0.36607
1756915200000,0.36607,0.36648,0.3622,0.36412
1756929600000,0.36412,0.36466,0.36113,0.36206
1756944000000,0.36206,0.36322,0.35839,0.3591
1756958400000,0.3591,0.36156,0.3574,0.35916
1756972800000,0.35916,0.36166,0.35794,0.35868
1756987200000,0.35868,0.36207,0.35217,0.35429
1757001600000,0.35429,0.35523,0.35062,0.3507
1757016000000,0.3507,0.35622,0.3505,0.35178
1757030400000,0.35178,0.35605,0.35053,0.35526
1757044800000,0.35526,0.36446,0.35481,0.3643
1757059200000,0.3643,0.36449,0.36063,0.36217
1757073600000,0.36217,0.36786,0.35656,0.36005
1757088000000,0.36005,0.36055,0.3561,0.36052
1757102400000,0.36052,0.36242,0.35866,0.35944
1757116800000,0.35944,0.36122,0.35867,0.36003
1757131200000,0.36003,0.36003,0.35681,0.3573
1757145600000,0.3573,0.35764,0.35444,0.35637
1757160000000,0.35637,0.36004,0.35603,0.35618
1757174400000,0.35618,0.35713,0.35284,0.35304
1757188800000,0.35304,0.35698,0.35281,0.35557
1757203200000,0.35557,0.3592,0.35519,0.35876
1757217600000,0.35876,0.35879,0.356,0.35735
1757232000000,0.35735,0.35925,0.35662,0.35866
1757246400000,0.35866,0.36588,0.3575,0.36247
1757260800000,0.36247,0.36326,0.35679,0.3577
1757275200000,0.3577,0.36251,0.35717,0.36149
1757289600000,0.36149,0.36551,0.35821,0.36444
1757304000000,0.36444,0.36539,0.36149,0.36508
1757318400000,0.36508,0.3709,0.36481,0.36803
1757332800000,0.36803,0.38453,0.36776,0.37927
1757347200000,0.37927,0.37966,0.37378,0.37437
1757361600000,0.37437,0.37871,0.37254,0.37746
1757376000000,0.37746,0.37959,0.3711,0.37468
1757390400000,0.37468,0.3862,0.37372,0.38454
1757404800000,0.38454,0.38658,0.38117,0.38163
1757419200000,0.38163,0.38533,0.37024,0.37221
1757433600000,0.37221,0.37392,0.37053,0.37254
1757448000000,0.37254,0.3748,0.37058,0.37189
1757462400000,0.37189,0.37608,0.3697,0.37566
1757476800000,0.37566,0.37752,0.37306,0.37707
1757491200000,0.37707,0.37838,0.37496,0.37715
1757505600000,0.37715,0.38575,0.37706,0.38241
1757520000000,0.38241,0.38572,0.37818,0.37941
1757534400000,0.37941,0.38381,0.37921,0.38327
1757548800000,0.38327,0.38959,0.38301,0.38924
1757563200000,0.38924,0.38943,0.38601,0.38856
1757577600000,0.38856,0.39537,0.38796,0.39
1757592000000,0.39,0.39537,0.38252,0.38584
1757606400000,0.38584,0.39148,0.38525,0.38989
1757620800000,0.38989,0.39646,0.38912,0.39576
1757635200000,0.39576,0.39979,0.39024,0.39252
1757649600000,0.39252,0.39863,0.39136,0.39696
1757664000000,0.39696,0.397,0.39146,0.39169
1757678400000,0.39169,0.39471,0.38972,0.39082
1757692800000,0.39082,0.39939,0.3906,0.3992
1757707200000,0.3992,0.40522,0.3976,0.40451
1757721600000,0.40451,0.40745,0.40158,0.4063
1757736000000,0.4063,0.40724,0.40314,0.40388
1757750400000,0.40388,0.41428,0.40381,0.41178
1757764800000,0.41178,0.4136,0.40385,0.40734
1757779200000,0.40734,0.40919,0.3997,0.40347
1757793600000,0.40347,0.40611,0.40323,0.40494
1757808000000,0.40494,0.40547,0.397,0.39732
1757822400000,0.39732,0.40039,0.3952,0.39638
1757836800000,0.39638,0.39767,0.39145,0.3916
1757851200000,0.3916,0.39345,0.38373,0.3871
1757865600000,0.3871,0.3911,0.3864,0.3883
1757880000000,0.3883,0.39336,0.38798,0.38932
1757894400000,0.38932,0.39248,0.38585,0.39188
1757908800000,0.39188,0.39455,0.38319,0.3844
1757923200000,0.3844,0.38445,0.37453,0.37968
1757937600000,0.37968,0.38248,0.37526,0.37779
1757952000000,0.37779,0.37963,0.37376,0.37837
1757966400000,0.37837,0.38069,0.37772,0.3803
1757980800000,0.3803,0.3803,0.37628,0.3766
1757995200000,0.3766,0.38017,0.37416,0.37925
1758009600000,0.37925,0.3914,0.37925,0.38624
1758024000000,0.38624,0.39114,0.38361,0.38718
1758038400000,0.38718,0.39058,0.3844,0.38561
1758052800000,0.38561,0.38812,0.38352,0.38388
1758067200000,0.38388,0.38694,0.38114,0.38167
1758081600000,0.38167,0.3878,0.37916,0.3874
1758096000000,0.3874,0.38763,0.38242,0.38465
1758110400000,0.38465,0.38768,0.38349,0.38443
1758124800000,0.38443,0.39047,0.38004,0.3898
1758139200000,0.3898,0.39837,0.38497,0.39536
1758153600000,0.39536,0.40016,0.39401,0.39971
1758168000000,0.39971,0.40015,0.39207,0.39645
1758182400000,0.39645,0.40089,0.39511,0.40073
1758196800000,0.40073,0.40225,0.39608,0.40086
1758211200000,0.40086,0.40473,0.39919,0.40109
1758225600000,0.40109,0.40203,0.39474,0.39615
1758240000000,0.39615,0.3998,0.39236,0.39253
1758254400000,0.39253,0.39431,0.38958,0.39171
1758268800000,0.39171,0.3941,0.3881,0.3894
1758283200000,0.3894,0.39216,0.3853,0.38821
1758297600000,0.38821,0.39082,0.38611,0.3872
1758312000000,0.3872,0.39111,0.38591,0.38793
1758326400000,0.38793,0.39002,0.38476,0.38728
1758340800000,0.38728,0.39358,0.38621,0.39354
1758355200000,0.39354,0.39383,0.38753,0.39012
1758369600000,0.39012,0.39172,0.38591,0.39114
1758384000000,0.39114,0.39169,0.38504,0.38584
1758398400000,0.38584,0.38872,0.38536,0.38599
1758412800000,0.38599,0.38869,0.38484,0.38869
1758427200000,0.38869,0.39048,0.38766,0.38866
1758441600000,0.38866,0.39063,0.38321,0.38372
1758456000000,0.38372,0.38559,0.38059,0.38152
1758470400000,0.38152,0.38379,0.37921,0.38303
1758484800000,0.38303,0.38303,0.37887,0.37957
1758499200000,0.37957,0.38044,0.36496,0.36913
1758513600000,0.36913,0.36984,0.343,0.35666
1758528000000,0.35666,0.35874,0.35462,0.35655
1758542400000,0.35655,0.36813,0.35562,0.36371
1758556800000,0.36371,0.36792,0.36104,0.3624
1758571200000,0.3624,0.36837,0.36125,0.36805
1758585600000,0.36805,0.37134,0.36096,0.36872
1758600000000,0.36872,0.37353,0.36551,0.37021
1758614400000,0.37021,0.37443,0.36794,0.36965
1758628800000,0.36965,0.37213,0.36774,0.37031
1758643200000,0.37031,0.37229,0.36476,0.3654
1758657600000,0.3654,0.36729,0.36346,0.36415
1758672000000,0.36415,0.36688,0.35984,0.36015
1758686400000,0.36015,0.36822,0.35678,0.36782
1758700800000,0.36782,0.37088,0.36721,0.37014
1758715200000,0.37014,0.37588,0.3673,0.37508
1758729600000,0.37508,0.3811,0.37376,0.37937
1758744000000,0.37937,0.38014,0.37296,0.37451
1758758400000,0.37451,0.37673,0.36513,0.36669
1758772800000,0.36669,0.36744,0.35976,0.36043
1758787200000,0.36043,0.3638,0.35691,0.35734
1758801600000,0.35734,0.36564,0.35235,0.36102
1758816000000,0.36102,0.36128,0.34628,0.35352
1758830400000,0.35352,0.35489,0.34793,0.3502
1758844800000,0.3502,0.35639,0.34986,0.35466
1758859200000,0.35466,0.35516,0.35042,0.35304
1758873600000,0.35304,0.35585,0.34561,0.3491
1758888000000,0.3491,0.35588,0.34635,0.3525
1758902400000,0.3525,0.3638,0.35225,0.36073
1758916800000,0.36073,0.36307,0.35866,0.36176
1758931200000,0.36176,0.36194,0.35767,0.35886
1758945600000,0.35886,0.36299,0.3587,0.3602
1758960000000,0.3602,0.3625,0.3577,0.36067
1758974400000,0.36067,0.36134,0.3578,0.36049
1758988800000,0.36049,0.36063,0.35617,0.35872
1759003200000,0.35872,0.36257,0.35816,0.3605
1759017600000,0.3605,0.36112,0.35606,0.35776
1759032000000,0.35776,0.35878,0.35581,0.35692
1759046400000,0.35692,0.3577,0.35281,0.35404
1759060800000,0.35404,0.35888,0.35162,0.35887
1759075200000,0.35887,0.36315,0.35867,0.36229
1759089600000,0.36229,0.36874,0.36207,0.3675
1759104000000,0.3675,0.36864,0.36506,0.3673
1759118400000,0.3673,0.37052,0.36445,0.368
1759132800000,0.368,0.37053,0.36545,0.36576
1759147200000,0.36576,0.37671,0.36294,0.37144
1759161600000,0.37144,0.37298,0.36797,0.37193
1759176000000,0.37193,0.37661,0.37052,0.37144
1759190400000,0.37144,0.37309,0.36803,0.36826
1759204800000,0.36826,0.37223,0.36639,0.36705
1759219200000,0.36705,0.36737,0.36308,0.36452
1759233600000,0.36452,0.36502,0.35844,0.36024
1759248000000,0.36024,0.36781,0.35759,0.36736
1759262400000,0.36736,0.36962,0.36316,0.36375
1759276800000,0.36375,0.36622,0.36141,0.36226
1759291200000,0.36226,0.36648,0.36213,0.365
1759305600000,0.365,0.38854,0.36478,0.38839
1759320000000,0.38839,0.3902,0.38492,0.38933
1759334400000,0.38933,0.39685,0.3874,0.39591
1759348800000,0.39591,0.39828,0.39048,0.39798
1759363200000,0.39798,0.40928,0.3963,0.40384
1759377600000,0.40384,0.40493,0.39902,0.3998
1759392000000,0.3998,0.40396,0.39856,0.4015
1759406400000,0.4015,0.40501,0.39434,0.40193
1759420800000,0.40193,0.41387,0.40108,0.41144
1759435200000,0.41144,0.41199,0.40586,0.40849
1759449600000,0.40849,0.40875,0.40122,0.40243
1759464000000,0.40243,0.40461,0.3987,0.40054
1759478400000,0.40054,0.40514,0.39885,0.40108
1759492800000,0.40108,0.40866,0.39873,0.40837
1759507200000,0.40837,0.41353,0.40214,0.40544
1759521600000,0.40544,0.40872,0.40352,0.4061
1759536000000,0.4061,0.40782,0.40064,0.40185
1759550400000,0.40185,0.40393,0.40036,0.4008
1759564800000,0.4008,0.40132,0.3947,0.39525
1759579200000,0.39525,0.39734,0.38789,0.38868
1759593600000,0.38868,0.39082,0.38793,0.39081
1759608000000,0.39081,0.39439,0.39053,0.39367
1759622400000,0.39367,0.40306,0.39134,0.39946
1759636800000,0.39946,0.40762,0.39906,0.40749
1759651200000,0.40749,0.40899,0.3988,0.4016
1759665600000,0.4016,0.4016,0.39639,0.40052
1759680000000,0.40052,0.4007,0.3926,0.39322
1759694400000,0.39322,0.3984,0.39244,0.39593
1759708800000,0.39593,0.40409,0.3933,0.40169
1759723200000,0.40169,0.40564,0.39907,0.40232
1759737600000,0.40232,0.40535,0.40215,0.40391
1759752000000,0.40391,0.4123,0.4035,0.40995
1759766400000,0.40995,0.41103,0.40593,0.40895
1759780800000,0.40895,0.4127,0.40679,0.40836
1759795200000,0.40836,0.41011,0.40458,0.40516
1759809600000,0.40516,0.40825,0.40052,0.40148
1759824000000,0.40148,0.4023,0.3982,0.4008
1759838400000,0.4008,0.4045,0.38498,0.38641
1759852800000,0.38641,0.3899,0.384,0.38511
1759867200000,0.38511,0.38891,0.3826,0.38336
1759881600000,0.38336,0.38785,0.37972,0.3823
1759896000000,0.3823,0.38467,0.37768,0.3791
1759910400000,0.3791,0.38538,0.37866,0.38406
1759924800000,0.38406,0.38725,0.37976,0.382
1759939200000,0.382,0.3921,0.38078,0.38858
1759953600000,0.38858,0.39065,0.38712,0.38834
1759968000000,0.38834,0.38856,0.37946,0.38179
1759982400000,0.38179,0.38402,0.37781,0.378
1759996800000,0.378,0.3786,0.37243,0.377
1760011200000,0.377,0.38147,0.37255,0.37471
1760025600000,0.37471,0.37781,0.3705,0.37626
1760040000000,0.37626,0.38253,0.37563,0.37924
1760054400000,0.37924,0.38361,0.37606,0.38068
1760068800000,0.38068,0.38394,0.37948,0.37976
1760083200000,0.37976,0.38441,0.37911,0.38242
1760097600000,0.38242,0.38592,0.36501,0.36804
1760112000000,0.36804,0.37207,0.35677,0.35893
1760126400000,0.35893,0.36291,0.15761,0.31928
1760140800000,0.31928,0.3302,0.31066,0.3237
1760155200000,0.3237,0.33009,0.3204,0.32665
1760169600000,0.32665,0.33936,0.32504,0.32978
1760184000000,0.32978,0.32988,0.31969,0.32912
1760198400000,0.32912,0.33111,0.31642,0.32029
1760212800000,0.32029,0.32578,0.3086,0.32257
1760227200000,0.32257,0.32502,0.31329,0.31864
1760241600000,0.31864,0.32659,0.31822,0.32657
1760256000000,0.32657,0.32783,0.32114,0.32247
1760270400000,0.32247,0.34098,0.31941,0.33847
1760284800000,0.33847,0.34717,0.33786,0.34668
1760299200000,0.34668,0.35028,0.33901,0.34131
1760313600000,0.34131,0.34431,0.33756,0.3403
1760328000000,0.3403,0.34997,0.33791,0.3462
1760342400000,0.3462,0.35167,0.33575,0.34168
1760356800000,0.34168,0.3514,0.33869,0.3451
1760371200000,0.3451,0.35182,0.34325,0.35065
1760385600000,0.35065,0.35439,0.34997,0.35081
1760400000000,0.35081,0.35278,0.34101,0.34204
1760414400000,0.34204,0.34322,0.32195,0.32675
1760428800000,0.32675,0.3325,0.32151,0.3281
1760443200000,0.3281,0.33513,0.3194,0.33474
1760457600000,0.33474,0.33963,0.32915,0.33377
1760472000000,0.33377,0.33833,0.33151,0.33712
1760486400000,0.33712,0.34042,0.33379,0.33528
1760500800000,0.33528,0.33952,0.33411,0.33853
1760515200000,0.33853,0.3424,0.33224,0.33341
1760529600000,0.33341,0.33607,0.32541,0.32621
1760544000000,0.32621,0.32856,0.32294,0.32431
1760558400000,0.32431,0.32591,0.31954,0.3243
1760572800000,0.3243,0.32828,0.32212,0.32506
1760587200000,0.32506,0.32768,0.32187,0.32432
1760601600000,0.32432,0.32994,0.31609,0.328
1760616000000,0.328,0.3319,0.31367,0.3153
1760630400000,0.3153,0.32215,0.30554,0.31043
1760644800000,0.31043,0.31263,0.30712,0.31188
1760659200000,0.31188,0.31728,0.31111,0.31375
1760673600000,0.31375,0.31399,0.2945,0.29496
1760688000000,0.29496,0.30468,0.28856,0.3029
1760702400000,0.3029,0.30555,0.29629,0.30484
1760716800000,0.30484,0.30978,0.30393,0.30638
1760731200000,0.30638,0.31203,0.30596,0.30818
1760745600000,0.30818,0.3134,0.30782,0.31162
1760760000000,0.31162,0.31828,0.30891,0.31384
1760774400000,0.31384,0.31674,0.31128,0.31645
1760788800000,0.31645,0.31957,0.31322,0.31471
1760803200000,0.31471,0.31756,0.3123,0.31694
1760817600000,0.31694,0.31739,0.31333,0.31425
1760832000000,0.31425,0.31538,0.31139,0.31501
1760846400000,0.31501,0.31523,0.30982,0.31073
1760860800000,0.31073,0.31988,0.30708,0.31571
1760875200000,0.31571,0.32248,0.31405,0.32121
1760889600000,0.32121,0.32319,0.31794,0.31882
1760904000000,0.31882,0.31996,0.31689,0.31756
1760918400000,0.31756,0.32424,0.31285,0.32372
1760932800000,0.32372,0.32885,0.32281,0.32799
1760947200000,0.32799,0.32941,0.32529,0.3263
1760961600000,0.3263,0.32909,0.32401,0.32532
1760976000000,0.32532,0.33281,0.32145,0.32972
1760990400000,0.32972,0.32981,0.32408,0.32425
1761004800000,0.32425,0.32493,0.31867,0.31881
1761019200000,0.31881,0.31903,0.31355,0.31605
1761033600000,0.31605,0.31772,0.31326,0.31744
1761048000000,0.31744,0.33169,0.31329,0.3302
1761062400000,0.3302,0.33263,0.32473,0.32641
1761076800000,0.32641,0.32679,0.3134,0.31392
1761091200000,0.31392,0.31432,0.31011,0.31286
1761105600000,0.31286,0.31455,0.30925,0.31213
1761120000000,0.31213,0.31272,0.30644,0.31129
1761134400000,0.31129,0.31518,0.30851,0.31119
1761148800000,0.31119,0.31307,0.3074,0.30999
1761163200000,0.30999,0.31059,0.30124,0.30787
1761177600000,0.30787,0.31089,0.30774,0.30849
1761192000000,0.30849,0.31368,0.30798,0.31249
1761206400000,0.31249,0.31509,0.31093,0.31132
1761220800000,0.31132,0.31421,0.30913,0.31202
1761235200000,0.31202,0.31649,0.31101,0.31256
1761249600000,0.31256,0.31263,0.30878,0.31116
1761264000000,0.31116,0.31214,0.30988,0.31112
1761278400000,0.31112,0.31739,0.31056,0.31496
1761292800000,0.31496,0.31648,0.31346,0.31631
1761307200000,0.31631,0.32594,0.31406,0.31483
1761321600000,0.31483,0.31831,0.31235,0.31761
1761336000000,0.31761,0.3208,0.31751,0.3192
1761350400000,0.3192,0.32202,0.3184,0.31875
1761364800000,0.31875,0.322,0.31844,0.319
1761379200000,0.319,0.32208,0.31753,0.32173
1761393600000,0.32173,0.33029,0.3209,0.32698
1761408000000,0.32698,0.32856,0.32497,0.32652
1761422400000,0.32652,0.32785,0.32396,0.32473
1761436800000,0.32473,0.32764,0.32234,0.32259
1761451200000,0.32259,0.3266,0.32224,0.3266
1761465600000,0.3266,0.33071,0.32603,0.3304
1761480000000,0.3304,0.33255,0.32933,0.3313
1761494400000,0.3313,0.33137,0.32742,0.32807
1761508800000,0.32807,0.33278,0.32536,0.33024
1761523200000,0.33024,0.33464,0.3293,0.33025
1761537600000,0.33025,0.33284,0.3283,0.3296
1761552000000,0.3296,0.32999,0.32416,0.32581
1761566400000,0.32581,0.32613,0.32159,0.32437
1761580800000,0.32437,0.3302,0.32437,0.32507
1761595200000,0.32507,0.32507,0.32112,0.32258
1761609600000,0.32258,0.32505,0.32039,0.32324
1761624000000,0.32324,0.33775,0.32223,0.3312
1761638400000,0.3312,0.33613,0.32856,0.32903
1761652800000,0.32903,0.33264,0.32166,0.32554
1761667200000,0.32554,0.3289,0.32065,0.32248
1761681600000,0.32248,0.32248,0.3135,0.31804
1761696000000,0.31804,0.31901,0.31618,0.31649
1761710400000,0.31649,0.32123,0.31626,0.32065
1761724800000,0.32065,0.32326,0.31833,0.323
1761739200000,0.323,0.32458,0.31657,0.31721
1761753600000,0.31721,0.32424,0.30939,0.31906
1761768000000,0.31906,0.32271,0.31429,0.31561
1761782400000,0.31561,0.31836,0.31332,0.31674
1761796800000,0.31674,0.31761,0.30594,0.31654
1761811200000,0.31654,0.31654,0.30882,0.30886
1761825600000,0.30886,0.30929,0.2946,0.29639
1761840000000,0.29639,0.29899,0.29013,0.29084
1761854400000,0.29084,0.29854,0.28995,0.29814
1761868800000,0.29814,0.30325,0.29766,0.30272
1761883200000,0.30272,0.30484,0.30021,0.30113
1761897600000,0.30113,0.30822,0.29987,0.30627
1761912000000,0.30627,0.31255,0.30545,0.30801
1761926400000,0.30801,0.3092,0.2984,0.3057
1761940800000,0.3057,0.3057,0.30241,0.30472
1761955200000,0.30472,0.30507,0.30143,0.3045
1761969600000,0.3045,0.30556,0.30202,0.30448
1761984000000,0.30448,0.30715,0.30328,0.30596
1761998400000,0.30596,0.30668,0.3015,0.30544
1762012800000,0.30544,0.30717,0.30493,0.30613
1762027200000,0.30613,0.30707,0.30388,0.30494
1762041600000,0.30494,0.30535,0.30317,0.30366
1762056000000,0.30366,0.30757,0.30333,0.30697
1762070400000,0.30697,0.30749,0.30264,0.30655
1762084800000,0.30655,0.30708,0.30077,0.30256
1762099200000,0.30256,0.30368,0.29934,0.30048
1762113600000,0.30048,0.30532,0.29939,0.30454
1762128000000,0.30454,0.30543,0.29134,0.29156
1762142400000,0.29156,0.29452,0.28756,0.2903
1762156800000,0.2903,0.29302,0.28761,0.28993
1762171200000,0.28993,0.29512,0.27104,0.27991
1762185600000,0.27991,0.28552,0.27827,0.27863
1762200000000,0.27863,0.2792,0.2732,0.27798
1762214400000,0.27798,0.28376,0.27643,0.28261
1762228800000,0.28261,0.28403,0.26743,0.26927
1762243200000,0.26927,0.28108,0.26916,0.27817
1762257600000,0.27817,0.27917,0.2703,0.27397
1762272000000,0.27397,0.27662,0.26035,0.26246
1762286400000,0.26246,0.27123,0.25284,0.26932
1762300800000,0.26932,0.27521,0.25768,0.27401
1762315200000,0.27401,0.27579,0.27191,0.27439
1762329600000,0.27439,0.27441,0.26889,0.27356
1762344000000,0.27356,0.28059,0.27311,0.28031
1762358400000,0.28031,0.28088,0.27651,0.27987
1762372800000,0.27987,0.28212,0.27874,0.27992
1762387200000,0.27992,0.28172,0.2749,0.27906
1762401600000,0.27906,0.27973,0.27253,0.27331
1762416000000,0.27331,0.27429,0.27149,0.27262
1762430400000,0.27262,0.27496,0.26687,0.2675
1762444800000,0.2675,0.2707,0.26364,0.2675
1762459200000,0.2675,0.27085,0.26535,0.26953
1762473600000,0.26953,0.27478,0.26838,0.27304
1762488000000,0.27304,0.27708,0.27136,0.27699
1762502400000,0.27699,0.27725,0.26694,0.27029
1762516800000,0.27029,0.27527,0.26528,0.27383
1762531200000,0.27383,0.29159,0.27239,0.29098
1762545600000,0.29098,0.2932,0.2897,0.2915
1762560000000,0.2915,0.29559,0.28909,0.29023
1762574400000,0.29023,0.29357,0.28501,0.28828
1762588800000,0.28828,0.29018,0.28519,0.28735
1762603200000,0.28735,0.28746,0.27873,0.2796
1762617600000,0.2796,0.28266,0.27815,0.28153
1762632000000,0.28153,0.28341,0.28036,0.28314
1762646400000,0.28314,0.2832,0.27477,0.27541
1762660800000,0.27541,0.27917,0.27498,0.27872
1762675200000,0.27872,0.27934,0.27326,0.27559
1762689600000,0.27559,0.28222,0.27247,0.28121
1762704000000,0.28121,0.28313,0.27789,0.2829
1762718400000,0.2829,0.28775,0.28156,0.28554
1762732800000,0.28554,0.29553,0.28354,0.29372
1762747200000,0.29372,0.29937,0.29161,0.29904
1762761600000,0.29904,0.31129,0.29749,0.30849
1762776000000,0.30849,0.31123,0.29812,0.30028
1762790400000,0.30028,0.30353,0.29655,0.29998
1762804800000,0.29998,0.30273,0.29627,0.3002
1762819200000,0.3002,0.3047,0.29645,0.30133
1762833600000,0.30133,0.30182,0.29049,0.29064
1762848000000,0.29064,0.29358,0.28942,0.29201
1762862400000,0.29201,0.29445,0.28846,0.29068
1762876800000,0.29068,0.29146,0.28358,0.28404
1762891200000,0.28404,0.28448,0.27955,0.28146
1762905600000,0.28146,0.28447,0.27963,0.28388
1762920000000,0.28388,0.28716,0.28274,0.28349
1762934400000,0.28349,0.292,0.28342,0.29109
1762948800000,0.29109,0.29466,0.2825,0.28392
1762963200000,0.28392,0.28415,0.27354,0.27701
1762977600000,0.27701,0.2801,0.27641,0.27743
1762992000000,0.27743,0.29348,0.27685,0.28992
1763006400000,0.28992,0.29359,0.28655,0.28995
1763020800000,0.28995,0.29947,0.28883,0.29427
1763035200000,0.29427,0.29523,0.27952,0.2807
1763049600000,0.2807,0.28244,0.26322,0.26431
1763064000000,0.26431,0.27094,0.26237,0.26821
1763078400000,0.26821,0.27035,0.26569,0.26795
1763092800000,0.26795,0.27071,0.25946,0.2692
1763107200000,0.2692,0.26953,0.26157,0.26207
1763121600000,0.26207,0.26906,0.25711,0.26652
1763136000000,0.26652,0.26988,0.26312,0.26609
1763150400000,0.26609,0.26623,0.25602,0.2592
1763164800000,0.2592,0.26727,0.259,0.26681
1763179200000,0.26681,0.26725,0.26354,0.26438
1763193600000,0.26438,0.26449,0.25882,0.25987
1763208000000,0.25987,0.26389,0.25917,0.26129
1763222400000,0.26129,0.26251,0.2589,0.26049
1763236800000,0.26049,0.26056,0.25714,0.25934
1763251200000,0.25934,0.26251,0.25478,0.26153
1763265600000,0.26153,0.26297,0.25965,0.26237
1763280000000,0.26237,0.26277,0.25617,0.25673
1763294400000,0.25673,0.25852,0.25128,0.25168
1763308800000,0.25168,0.25585,0.24919,0.25348
1763323200000,0.25348,0.25576,0.24852,0.25381
1763337600000,0.25381,0.25815,0.25131,0.25796
1763352000000,0.25796,0.25907,0.25573,0.25788
1763366400000,0.25788,0.26109,0.25711,0.25987
1763380800000,0.25987,0.26247,0.25127,0.25243
1763395200000,0.25243,0.2552,0.24426,0.24494
1763409600000,0.24494,0.24825,0.24404,0.24694
1763424000000,0.24694,0.25081,0.24227,0.24897
1763438400000,0.24897,0.25102,0.24422,0.24727
1763452800000,0.24727,0.25167,0.24727,0.25055
1763467200000,0.25055,0.25524,0.24744,0.25371
1763481600000,0.25371,0.25983,0.25318,0.25929
1763496000000,0.25929,0.26007,0.25473,0.25577
1763510400000,0.25577,0.2567,0.2518,0.25224
1763524800000,0.25224,0.25288,0.24629,0.25269
1763539200000,0.25269,0.25295,0.24711,0.24759
1763553600000,0.24759,0.24863,0.24082,0.24136
1763568000000,0.24136,0.24239,0.23514,0.23649
1763582400000,0.23649,0.24647,0.23624,0.24637
1763596800000,0.24637,0.25166,0.24539,0.25066
1763611200000,0.25066,0.25288,0.24965,0.25147
1763625600000,0.25147,0.25265,0.24815,0.25262
1763640000000,0.25262,0.25433,0.2473,0.24785
1763654400000,0.24785,0.24808,0.23369,0.23843
1763668800000,0.23843,0.24286,0.2364,0.23681
1763683200000,0.23681,0.24047,0.23301,0.2352
1763697600000,0.2352,0.23713,0.22118,0.22807
1763712000000,0.22807,0.23195,0.22136,0.22193
1763726400000,0.22193,0.23219,0.21633,0.22698
1763740800000,0.22698,0.23561,0.22439,0.23064
1763755200000,0.23064,0.23212,0.22547,0.23148
1763769600000,0.23148,0.23291,0.22919,0.23159
1763784000000,0.23159,0.23256,0.22739,0.2317
1763798400000,0.2317,0.2321,0.22605,0.23002
1763812800000,0.23002,0.23012,0.22569,0.22799
1763827200000,0.22799,0.23009,0.22783,0.22855
1763841600000,0.22855,0.23234,0.22654,0.22998
1763856000000,0.22998,0.23738,0.22901,0.235
1763870400000,0.235,0.24021,0.23488,0.23684
1763884800000,0.23684,0.23901,0.23529,0.23855
1763899200000,0.23855,0.24457,0.23842,0.24373
1763913600000,0.24373,0.25048,0.24224,0.25
1763928000000,0.25,0.25299,0.24612,0.24714
1763942400000,0.24714,0.25368,0.24265,0.2498
1763956800000,0.2498,0.25087,0.24446,0.24621
1763971200000,0.24621,0.24705,0.2413,0.24434
1763985600000,0.24434,0.24997,0.24112,0.24505
1764000000000,0.24505,0.25676,0.24412,0.25566
1764014400000,0.25566,0.26,0.25441,0.25446
1764028800000,0.25446,0.25612,0.25179,0.25285
1764043200000,0.25285,0.25488,0.25002,0.25034
1764057600000,0.25034,0.25063,0.24646,0.24787
1764072000000,0.24787,0.2501,0.2409,0.24485
1764086400000,0.24485,0.25136,0.2441,0.24797
1764100800000,0.24797,0.25468,0.24789,0.25205
1764115200000,0.25205,0.25394,0.2486,0.24872
1764129600000,0.24872,0.25411,0.24814,0.25405
1764144000000,0.25405,0.25552,0.24899,0.2499
1764158400000,0.2499,0.25199,0.24748,0.25017
1764172800000,0.25017,0.26199,0.25016,0.26098
1764187200000,0.26098,0.26175,0.25778,0.25836
1764201600000,0.25836,0.2593,0.25581,0.25605
1764216000000,0.25605,0.25904,0.25605,0.2576
1764230400000,0.2576,0.2583,0.25258,0.25339
1764244800000,0.25339,0.25448,0.25072,0.25394
1764259200000,0.25394,0.25558,0.25284,0.25504
1764273600000,0.25504,0.25679,0.25436,0.25556
1764288000000,0.25556,0.25582,0.25083,0.25286
1764302400000,0.25286,0.25633,0.25069,0.25495
1764316800000,0.25495,0.26198,0.25471,0.25599
1764331200000,0.25599,0.2628,0.25466,0.25958
1764345600000,0.25958,0.25989,0.25144,0.25526
1764360000000,0.25526,0.25526,0.25218,0.25312
1764374400000,0.25312,0.25374,0.25115,0.25142
1764388800000,0.25142,0.25438,0.24936,0.25232
1764403200000,0.25232,0.25598,0.25104,0.25536
1764417600000,0.25536,0.25654,0.25285,0.25505
1764432000000,0.25505,0.25752,0.2532,0.25443
1764446400000,0.25443,0.25666,0.25314,0.2538
1764460800000,0.2538,0.25559,0.25109,0.25381
1764475200000,0.25381,0.25453,0.25184,0.25357
1764489600000,0.25357,0.25468,0.25014,0.25055
1764504000000,0.25055,0.25374,0.25013,0.25225
1764518400000,0.25225,0.25425,0.25064,0.25115
1764532800000,0.25115,0.25224,0.24727,0.24772
1764547200000,0.24772,0.24857,0.23302,0.23381
1764561600000,0.23381,0.23448,0.23022,0.2316
1764576000000,0.2316,0.23423,0.23027,0.2306
1764590400000,0.2306,0.23499,0.22641,0.23223
1764604800000,0.23223,0.23242,0.22675,0.22825
1764619200000,0.22825,0.2356,0.22818,0.2336
1764633600000,0.2336,0.23584,0.23077,0.23329
1764648000000,0.23329,0.23423,0.232,0.23236
1764662400000,0.23236,0.23687,0.22982,0.23632
1764676800000,0.23632,0.25157,0.23482,0.251
1764691200000,0.251,0.25615,0.24888,0.25461
1764705600000,0.25461,0.25784,0.25411,0.25457
1764720000000,0.25457,0.25647,0.25214,0.25311
1764734400000,0.25311,0.2627,0.25245,0.25767
1764748800000,0.25767,0.2584,0.25551,0.2561
1764763200000,0.2561,0.25867,0.25102,0.25732
1764777600000,0.25732,0.25928,0.25496,0.25738
1764792000000,0.25738,0.26101,0.25616,0.25781
1764806400000,0.25781,0.25886,0.25537,0.25807
1764820800000,0.25807,0.25834,0.25289,0.25404
1764835200000,0.25404,0.25497,0.25303,0.25397
1764849600000,0.25397,0.2555,0.24934,0.25497
1764864000000,0.25497,0.25582,0.24795,0.25198
1764878400000,0.25198,0.25465,0.25135,0.25171
1764892800000,0.25171,0.25394,0.25115,0.25172
1764907200000,0.25172,0.25277,0.25054,0.25219
1764921600000,0.25219,0.25219,0.24764,0.24893
1764936000000,0.24893,0.25156,0.24614,0.24817
1764950400000,0.24817,0.2482,0.2401,0.2418
1764964800000,0.2418,0.2418,0.23855,0.23959
1764979200000,0.23959,0.24164,0.23844,0.2415
1764993600000,0.2415,0.24156,0.23873,0.23923
1765008000000,0.23923,0.24003,0.2374,0.23974
1765022400000,0.23974,0.24259,0.23889,0.23994
1765036800000,0.23994,0.24245,0.23866,0.23954
1765051200000,0.23954,0.24113,0.23834,0.23926
1765065600000,0.23926,0.24147,0.23867,0.24132
1765080000000,0.24132,0.24226,0.23958,0.24006
1765094400000,0.24006,0.2414,0.23923,0.23965
1765108800000,0.23965,0.24143,0.23143,0.23755
1765123200000,0.23755,0.24469,0.23529,0.2426
1765137600000,0.2426,0.24293,0.23282,0.2371
1765152000000,0.2371,0.24287,0.23665,0.24096
1765166400000,0.24096,0.24332,0.24096,0.24255
1765180800000,0.24255,0.2461,0.24213,0.24358
1765195200000,0.24358,0.24679,0.24156,0.24252
1765209600000,0.24252,0.24466,0.24018,0.24118
1765224000000,0.24118,0.24377,0.24,0.24081
1765238400000,0.24081,0.24161,0.23777,0.23991
1765252800000,0.23991,0.24039,0.23726,0.24032
1765267200000,0.24032,0.24056,0.23787,0.24042
1765281600000,0.24042,0.24965,0.24027,0.24948
1765296000000,0.24948,0.25833,0.24948,0.25562
1765310400000,0.25562,0.25662,0.25025,0.25296
1765324800000,0.25296,0.25387,0.24972,0.2512
1765339200000,0.2512,0.25362,0.25004,0.25097
1765353600000,0.25097,0.25427,0.24929,0.25074
1765368000000,0.25074,0.25302,0.24855,0.25
1765382400000,0.25,0.25541,0.24926,0.25424
1765396800000,0.25424,0.2598,0.24962,0.24972
1765411200000,0.24972,0.25015,0.23947,0.23965
1765425600000,0.23965,0.24246,0.23883,0.24042
1765440000000,0.24042,0.24371,0.23937,0.2429
1765454400000,0.2429,0.24362,0.23957,0.24045
1765468800000,0.24045,0.24322,0.23885,0.24024
1765483200000,0.24024,0.24768,0.24015,0.24565
1765497600000,0.24565,0.24661,0.24271,0.24471
1765512000000,0.24471,0.24587,0.24213,0.2444
1765526400000,0.2444,0.24666,0.24263,0.2464
1765540800000,0.2464,0.24791,0.23488,0.23614
1765555200000,0.23614,0.23817,0.23256,0.2359
1765569600000,0.2359,0.23864,0.23446,0.2384
1765584000000,0.2384,0.23973,0.23764,0.23906
1765598400000,0.23906,0.24069,0.23775,0.23842
1765612800000,0.23842,0.24027,0.23752,0.2378
1765627200000,0.2378,0.24027,0.2372,0.2396
1765641600000,0.2396,0.24052,0.2366,0.23752
1765656000000,0.23752,0.23804,0.23605,0.23756
1765670400000,0.23756,0.23811,0.23678,0.23733
1765684800000,0.23733,0.23752,0.23535,0.23594
1765699200000,0.23594,0.23732,0.23245,0.23414
1765713600000,0.23414,0.23517,0.23025,0.23142
1765728000000,0.23142,0.23313,0.22834,0.2293
1765742400000,0.2293,0.23084,0.22673,0.22897
1765756800000,0.22897,0.23493,0.22882,0.23183
1765771200000,0.23183,0.23323,0.23062,0.23105
1765785600000,0.23105,0.23265,0.23035,0.23097
1765800000000,0.23097,0.23203,0.22054,0.22143
1765814400000,0.22143,0.22216,0.21509,0.21905
1765828800000,0.21905,0.22078,0.21771,0.22035
1765843200000,0.22035,0.22098,0.21674,0.21839
1765857600000,0.21839,0.2194,0.21477,0.21681
1765872000000,0.21681,0.22334,0.21678,0.22299
1765886400000,0.22299,0.2245,0.21816,0.22267
1765900800000,0.22267,0.223,0.21899,0.22057
1765915200000,0.22057,0.22059,0.2183,0.21945
1765929600000,0.21945,0.22048,0.2179,0.21915
1765944000000,0.21915,0.21954,0.21676,0.21791
1765958400000,0.21791,0.21791,0.21505,0.21692
1765972800000,0.21692,0.22505,0.21422,0.21615
1765987200000,0.21615,0.21777,0.2088,0.212
1766001600000,0.212,0.21357,0.20928,0.21059
1766016000000,0.21059,0.21507,0.21001,0.2108
1766030400000,0.2108,0.2115,0.20712,0.20913
1766044800000,0.20913,0.21214,0.20889,0.21198
1766059200000,0.21198,0.2189,0.21113,0.21622
1766073600000,0.21622,0.21685,0.20278,0.20304
1766088000000,0.20304,0.20759,0.20285,0.20681
1766102400000,0.20681,0.21314,0.20414,0.21133
1766116800000,0.21133,0.21579,0.21007,0.21579
1766131200000,0.21579,0.21788,0.21387,0.21654
1766145600000,0.21654,0.22068,0.21626,0.21791
1766160000000,0.21791,0.22163,0.21677,0.22067
1766174400000,0.22067,0.22139,0.21861,0.2192
1766188800000,0.2192,0.22061,0.21845,0.22015
1766203200000,0.22015,0.22098,0.21863,0.22064
1766217600000,0.22064,0.22344,0.21832,0.22022
1766232000000,0.22022,0.22026,0.21752,0.21882
1766246400000,0.21882,0.22048,0.21787,0.21802
1766260800000,0.21802,0.21893,0.21784,0.21813
1766275200000,0.21813,0.2185,0.21584,0.21658
1766289600000,0.21658,0.21675,0.21535,0.21665
1766304000000,0.21665,0.21974,0.21629,0.2175
1766318400000,0.2175,0.21811,0.21186,0.21422
1766332800000,0.21422,0.21615,0.21349,0.21586
1766347200000,0.21586,0.21726,0.2138,0.21637
1766361600000,0.21637,0.22125,0.21428,0.21744
1766376000000,0.21744,0.21887,0.21722,0.21857
1766390400000,0.21857,0.22166,0.21849,0.22141
1766404800000,0.22141,0.22619,0.22141,0.2242
1766419200000,0.2242,0.22606,0.21914,0.2196
1766433600000,0.2196,0.22088,0.21784,0.22039
1766448000000,0.22039,0.22145,0.21765,0.21947
1766462400000,0.21947,0.21981,0.21473,0.2155
1766476800000,0.2155,0.21816,0.21426,0.21787
1766491200000,0.21787,0.21855,0.21319,0.21652
1766505600000,0.21652,0.21859,0.21482,0.21686
1766520000000,0.21686,0.21895,0.21622,0.21712
1766534400000,0.21712,0.21813,0.21357,0.21582
1766548800000,0.21582,0.21672,0.21321,0.21362
1766563200000,0.21362,0.21534,0.21286,0.21432
1766577600000,0.21432,0.21531,0.21222,0.21355
1766592000000,0.21355,0.21492,0.21118,0.21225
1766606400000,0.21225,0.2135,0.21181,0.21214
1766620800000,0.21214,0.21532,0.21152,0.21432
1766635200000,0.21432,0.21562,0.21358,0.21426
1766649600000,0.21426,0.21575,0.21142,0.21248
1766664000000,0.21248,0.21596,0.21161,0.21502
1766678400000,0.21502,0.21666,0.21322,0.21424
1766692800000,0.21424,0.21438,0.20818,0.20972
1766707200000,0.20972,0.21597,0.20788,0.21426
1766721600000,0.21426,0.2155,0.21229,0.21263
1766736000000,0.21263,0.21636,0.21257,0.21551
1766750400000,0.21551,0.21712,0.21031,0.21144
1766764800000,0.21144,0.21465,0.21042,0.21447
1766779200000,0.21447,0.21488,0.21318,0.21338
1766793600000,0.21338,0.21471,0.21225,0.21465
1766808000000,0.21465,0.21482,0.21269,0.21289
1766822400000,0.21289,0.21578,0.21275,0.21578
1766836800000,0.21578,0.21662,0.21465,0.21582
1766851200000,0.21582,0.21678,0.21493,0.21671
1766865600000,0.21671,0.22141,0.2167,0.2207
1766880000000,0.2207,0.22293,0.22069,0.22249
1766894400000,0.22249,0.22474,0.22212,0.22436
1766908800000,0.22436,0.22485,0.22272,0.224
1766923200000,0.224,0.2242,0.22152,0.22218
1766937600000,0.22218,0.22315,0.21888,0.21916
1766952000000,0.21916,0.22058,0.2179,0.22012
1766966400000,0.22012,0.22748,0.21978,0.22645
1766980800000,0.22645,0.22738,0.22388,0.22473
1766995200000,0.22473,0.22567,0.21958,0.22031
1767009600000,0.22031,0.22074,0.21703,0.2189
1767024000000,0.2189,0.21958,0.21679,0.21704
1767038400000,0.21704,0.2171,0.21523,0.21588
1767052800000,0.21588,0.21597,0.21271,0.21434
1767067200000,0.21434,0.21472,0.21311,0.21436
1767081600000,0.21436,0.21495,0.21303,0.2135
1767096000000,0.2135,0.21531,0.21251,0.21393
1767110400000,0.21393,0.21418,0.2108,0.21113
1767124800000,0.21113,0.21113,0.20972,0.21053
1767139200000,0.21053,0.21133,0.20831,0.20906
1767153600000,0.20906,0.20916,0.20718,0.20853
1767168000000,0.20853,0.20876,0.2068,0.20796
1767182400000,0.20796,0.20837,0.20448,0.20489
1767196800000,0.20489,0.20492,0.19836,0.19874
1767211200000,0.19874,0.2016,0.1976,0.20076
1767225600000,0.20076,0.20467,0.20076,0.20255
1767240000000,0.20255,0.20298,0.20218,0.20262
1767254400000,0.20262,0.20514,0.20236,0.20483
1767268800000,0.20483,0.20742,0.20411,0.20648
1767283200000,0.20648,0.21007,0.20508,0.20631
1767297600000,0.20631,0.20922,0.20622,0.20847
1767312000000,0.20847,0.20957,0.20539,0.20899
1767326400000,0.20899,0.20916,0.20566,0.20577
1767340800000,0.20577,0.21234,0.2056,0.20961
1767355200000,0.20961,0.21384,0.20883,0.21118
1767369600000,0.21118,0.21893,0.21099,0.21534
1767384000000,0.21534,0.22066,0.21453,0.21916
1767398400000,0.21916,0.22634,0.21915,0.22609
1767412800000,0.22609,0.22772,0.21675,0.21817
1767427200000,0.21817,0.2207,0.21713,0.21845
1767441600000,0.21845,0.22107,0.21807,0.21884
1767456000000,0.21884,0.22119,0.21853,0.22012
1767470400000,0.22012,0.22219,0.21889,0.22212
1767484800000,0.22212,0.22809,0.22176,0.22763
1767499200000,0.22763,0.2309,0.22704,0.22992
1767513600000,0.22992,0.23538,0.22797,0.2343
1767528000000,0.2343,0.23514,0.23211,0.23465
1767542400000,0.23465,0.2356,0.22975,0.23261
1767556800000,0.23261,0.23416,0.23129,0.23292
1767571200000,0.23292,0.23657,0.23191,0.23411
1767585600000,0.23411,0.23437,0.22927,0.23274
1767600000000,0.23274,0.2339,0.23039,0.23196
1767614400000,0.23196,0.2372,0.23003,0.23662
1767628800000,0.23662,0.24599,0.23386,0.24302
1767643200000,0.24302,0.25401,0.24282,0.25259
1767657600000,0.25259,0.2555,0.2486,0.25138
1767672000000,0.25138,0.25303,0.24456,0.24542
1767686400000,0.24542,0.24933,0.24435,0.24931
1767700800000,0.24931,0.25265,0.2445,0.2458
1767715200000,0.2458,0.24649,0.23353,0.23803
1767729600000,0.23803,0.24431,0.23803,0.24362
1767744000000,0.24362,0.24371,0.2374,0.24022
1767758400000,0.24022,0.24298,0.23859,0.24249
1767772800000,0.24249,0.24383,0.23693,0.2383
1767787200000,0.2383,0.23848,0.23273,0.23366
1767801600000,0.23366,0.23691,0.23266,0.23509
1767816000000,0.23509,0.23557,0.23184,0.23398
1767830400000,0.23398,0.236,0.23134,0.23175
1767844800000,0.23175,0.23451,0.22708,0.23
1767859200000,0.23,0.23141,0.2259,0.22868
1767873600000,0.22868,0.2322,0.22519,0.23219
1767888000000,0.23219,0.23341,0.22942,0.23002
1767902400000,0.23002,0.23263,0.22804,0.23007
1767916800000,0.23007,0.23234,0.2285,0.23161
1767931200000,0.23161,0.23284,0.23029,0.23065
1767945600000,0.23065,0.23097,0.22601,0.22804
1767960000000,0.22804,0.23346,0.22531,0.2295
1767974400000,0.2295,0.23256,0.22586,0.22638
1767988800000,0.22638,0.22867,0.22519,0.22814
1768003200000,0.22814,0.2286,0.22605,0.22658
1768017600000,0.22658,0.22776,0.22466,0.22757
1768032000000,0.22757,0.22805,0.22629,0.22804
1768046400000,0.22804,0.22905,0.22662,0.22696
1768060800000,0.22696,0.22768,0.22534,0.22767
1768075200000,0.22767,0.22783,0.22529,0.22631
1768089600000,0.22631,0.22777,0.22529,0.22746
1768104000000,0.22746,0.22832,0.22606,0.22805
1768118400000,0.22805,0.22863,0.22684,0.22711
1768132800000,0.22711,0.2291,0.22432,0.22519
1768147200000,0.22519,0.22799,0.2246,0.22514
1768161600000,0.22514,0.22514,0.22126,0.22419
1768176000000,0.22419,0.2287,0.22143,0.22574
1768190400000,0.22574,0.22773,0.22255,0.22279
1768204800000,0.22279,0.22382,0.21838,0.2196
1768219200000,0.2196,0.22366,0.21613,0.2235
1768233600000,0.2235,0.22439,0.21972,0.22149
1768248000000,0.22149,0.22251,0.21844,0.21908
1768262400000,0.21908,0.22126,0.21871,0.2204
1768276800000,0.2204,0.22466,0.22017,0.22222
1768291200000,0.22222,0.22467,0.22218,0.22364
1768305600000,0.22364,0.22988,0.22303,0.22983
1768320000000,0.22983,0.23305,0.22931,0.23271
1768334400000,0.23271,0.24137,0.23131,0.23852
1768348800000,0.23852,0.24409,0.23837,0.24391
1768363200000,0.24391,0.24693,0.24094,0.24373
1768377600000,0.24373,0.24562,0.23815,0.23883
1768392000000,0.23883,0.24331,0.23776,0.24046
1768406400000,0.24046,0.24283,0.23472,0.23709
1768420800000,0.23709,0.23883,0.235,0.23601
1768435200000,0.23601,0.23635,0.22908,0.22986
1768449600000,0.22986,0.23184,0.2294,0.23171
1768464000000,0.23171,0.23297,0.22974,0.23111
1768478400000,0.23111,0.23447,0.22627,0.2305
1768492800000,0.2305,0.23197,0.22511,0.22653
1768507200000,0.22653,0.22879,0.22452,0.22815
1768521600000,0.22815,0.22896,0.22646,0.22717
1768536000000,0.22717,0.22816,0.22526,0.22796
1768550400000,0.22796,0.22933,0.22388,0.22559
1768564800000,0.22559,0.22561,0.21968,0.2213
1768579200000,0.2213,0.22318,0.22074,0.22297
1768593600000,0.22297,0.22809,0.22202,0.22582
1768608000000,0.22582,0.22688,0.2247,0.22498
1768622400000,0.22498,0.22558,0.22443,0.22537
1768636800000,0.22537,0.2283,0.22522,0.22676
1768651200000,0.22676,0.23202,0.22656,0.23196
1768665600000,0.23196,0.2351,0.23092,0.23505
1768680000000,0.23505,0.23916,0.22944,0.23074
1768694400000,0.23074,0.23263,0.22742,0.22918
1768708800000,0.22918,0.22918,0.22687,0.22721
1768723200000,0.22721,0.22789,0.22591,0.22618
1768737600000,0.22618,0.22654,0.22317,0.22456
1768752000000,0.22456,0.22804,0.22398,0.22569
1768766400000,0.22569,0.22705,0.2176,0.21786
1768780800000,0.21786,0.21787,0.20241,0.21455
1768795200000,0.21455,0.21786,0.21273,0.21336
1768809600000,0.21336,0.21713,0.21278,0.21474
1768824000000,0.21474,0.2167,0.21316,0.21604
1768838400000,0.21604,0.21998,0.2156,0.21869
1768852800000,0.21869,0.21985,0.21384,0.21554
1768867200000,0.21554,0.2167,0.21355,0.21456
1768881600000,0.21456,0.21616,0.21232,0.213
1768896000000,0.213,0.21346,0.21018,0.21112
1768910400000,0.21112,0.21368,0.21019,0.21163
1768924800000,0.21163,0.21257,0.20744,0.20877
1768939200000,0.20877,0.20999,0.205,0.20685
1768953600000,0.20685,0.2133,0.20676,0.21158
1768968000000,0.21158,0.21516,0.21118,0.213
1768982400000,0.213,0.21365,0.20992,0.21021
1768996800000,0.21021,0.21528,0.2079,0.21485
1769011200000,0.21485,0.21546,0.20515,0.21541
1769025600000,0.21541,0.21735,0.21185,0.21226
1769040000000,0.21226,0.21543,0.21226,0.21327
1769054400000,0.21327,0.21557,0.21324,0.21522
1769068800000,0.21522,0.21705,0.21349,0.21355
1769083200000,0.21355,0.21461,0.20924,0.21177
1769097600000,0.21177,0.21421,0.21102,0.21276
1769112000000,0.21276,0.21309,0.21023,0.2114
1769126400000,0.2114,0.21342,0.2114,0.21281
1769140800000,0.21281,0.21337,0.21057,0.21103
1769155200000,0.21103,0.21121,0.20854,0.21099
1769169600000,0.21099,0.21345,0.20825,0.21302
1769184000000,0.21302,0.21864,0.21136,0.21189
1769198400000,0.21189,0.21303,0.20996,0.212
1769212800000,0.212,0.21219,0.21065,0.21137
1769227200000,0.21137,0.21164,0.21051,0.2107
1769241600000,0.2107,0.21168,0.21011,0.21157
1769256000000,0.21157,0.21229,0.21098,0.21098
1769270400000,0.21098,0.21223,0.21045,0.21078
1769284800000,0.21078,0.21305,0.21077,0.21134
1769299200000,0.21134,0.21161,0.20947,0.2103
1769313600000,0.2103,0.2108,0.20908,0.2094
1769328000000,0.2094,0.21152,0.20874,0.20982
1769342400000,0.20982,0.20997,0.20724,0.20757
1769356800000,0.20757,0.20757,0.20049,0.20148
1769371200000,0.20148,0.20367,0.2005,0.20317
1769385600000,0.20317,0.208,0.20292,0.2058
1769400000000,0.2058,0.2083,0.20567,0.20749
1769414400000,0.20749,0.2091,0.20588,0.20711
1769428800000,0.20711,0.21181,0.20685,0.20902
1769443200000,0.20902,0.21019,0.20602,0.20619
1769457600000,0.20619,0.20773,0.20472,0.20712
1769472000000,0.20712,0.20875,0.20626,0.20773
1769486400000,0.20773,0.20881,0.20601,0.20649
1769500800000,0.20649,0.20682,0.20484,0.20616
1769515200000,0.20616,0.20673,0.204,0.20661
1769529600000,0.20661,0.2087,0.20316,0.20589
1769544000000,0.20589,0.21004,0.20584,0.20837
1769558400000,0.20837,0.20879,0.20714,0.20746
1769572800000,0.20746,0.20984,0.20657,0.20876
1769587200000,0.20876,0.21196,0.20822,0.21165
1769601600000,0.21165,0.21172,0.20773,0.2081
1769616000000,0.2081,0.21053,0.20704,0.2086
1769630400000,0.2086,0.21149,0.20728,0.21025
1769644800000,0.21025,0.2104,0.2052,0.20642
1769659200000,0.20642,0.20703,0.20507,0.20609
1769673600000,0.20609,0.20656,0.20355,0.20377
1769688000000,0.20377,0.2053,0.19542,0.19745
1769702400000,0.19745,0.20195,0.19474,0.19702
1769716800000,0.19702,0.19951,0.19663,0.19852
1769731200000,0.19852,0.19964,0.19073,0.19319
1769745600000,0.19319,0.19589,0.1907,0.19415
1769760000000,0.19415,0.19546,0.19104,0.19508
1769774400000,0.19508,0.19554,0.19137,0.19353
1769788800000,0.19353,0.19581,0.18818,0.1947
1769803200000,0.1947,0.19476,0.19016,0.19174
1769817600000,0.19174,0.19237,0.19071,0.19186
1769832000000,0.19186,0.1921,0.18756,0.1887
1769846400000,0.1887,0.18908,0.18478,0.18582
1769860800000,0.18582,0.18623,0.1764,0.17932
1769875200000,0.17932,0.18179,0.1651,0.17439
1769889600000,0.17439,0.18195,0.1729,0.18074
1769904000000,0.18074,0.18187,0.1786,0.1806
1769918400000,0.1806,0.18242,0.17954,0.18134
1769932800000,0.18134,0.18237,0.17785,0.17856
1769947200000,0.17856,0.17908,0.17149,0.17372
1769961600000,0.17372,0.17698,0.17188,0.17539
1769976000000,0.17539,0.17763,0.17099,0.17487
1769990400000,0.17487,0.17834,0.16833,0.17361
1770004800000,0.17361,0.17613,0.16861,0.17432
1770019200000,0.17432,0.17771,0.17432,0.1773
1770033600000,0.1773,0.18338,0.1773,0.18182
1770048000000,0.18182,0.1831,0.17986,0.17986
1770062400000,0.17986,0.1803,0.17842,0.17859
1770076800000,0.17859,0.17879,0.17491,0.17804
1770091200000,0.17804,0.17888,0.17577,0.1778
1770105600000,0.1778,0.17885,0.17536,0.17586
1770120000000,0.17586,0.17911,0.17377,0.17876
1770134400000,0.17876,0.17883,0.16769,0.17573
1770148800000,0.17573,0.18188,0.17405,0.17561
1770163200000,0.17561,0.17849,0.17481,0.17754
1770177600000,0.17754,0.17794,0.17517,0.17748
1770192000000,0.17748,0.17831,0.17418,0.17526
1770206400000,0.17526,0.17543,0.16786,0.16959
1770220800000,0.16959,0.1745,0.16701,0.17403
1770235200000,0.17403,0.1743,0.16872,0.17126
1770249600000,0.17126,0.17147,0.16505,0.16535
1770264000000,0.16535,0.1675,0.16263,0.16372
1770278400000,0.16372,0.16579,0.15734,0.15972
1770292800000,0.15972,0.16309,0.15101,0.15429
1770307200000,0.15429,0.15753,0.14897,0.14953
1770321600000,0.14953,0.15064,0.1433,0.14691
1770336000000,0.14691,0.15471,0.13601,0.15185
1770350400000,0.15185,0.15694,0.15088,0.15168
1770364800000,0.15168,0.15843,0.15064,0.15743
1770379200000,0.15743,0.16686,0.15661,0.16549
1770393600000,0.16549,0.171,0.16227,0.16391
1770408000000,0.16391,0.16573,0.16117,0.16399
1770422400000,0.16399,0.16429,0.16096,0.163
1770436800000,0.163,0.1644,0.1573,0.1586
1770451200000,0.1586,0.1596,0.15598,0.1564
1770465600000,0.1564,0.16111,0.1563,0.15983
1770480000000,0.15983,0.16478,0.15937,0.16161
1770494400000,0.16161,0.1629,0.16065,0.16169
1770508800000,0.16169,0.1633,0.16015,0.16029
1770523200000,0.16029,0.16092,0.1596,0.16049
1770537600000,0.16049,0.16421,0.16023,0.16376
1770552000000,0.16376,0.16433,0.16131,0.16176
1770566400000,0.16176,0.16348,0.15871,0.16345
1770580800000,0.16345,0.16491,0.16017,0.16133
1770595200000,0.16133,0.16349,0.16,0.16327
1770609600000,0.16327,0.16389,0.16,0.16024
1770624000000,0.16024,0.16053,0.15612,0.15688
1770638400000,0.15688,0.16055,0.15642,0.15941
1770652800000,0.15941,0.16232,0.15845,0.1614
1770667200000,0.1614,0.16188,0.15927,0.15947
1770681600000,0.15947,0.16084,0.15708,0.15792
1770696000000,0.15792,0.1594,0.15535,0.15672
1770710400000,0.15672,0.15779,0.15561,0.15573
1770724800000,0.15573,0.15999,0.15468,0.15928
1770739200000,0.15928,0.15959,0.15608,0.15716
1770753600000,0.15716,0.15866,0.15641,0.15844
1770768000000,0.15844,0.15891,0.15636,0.15699
1770782400000,0.15699,0.15728,0.15327,0.15387
1770796800000,0.15387,0.15434,0.15241,0.15396
1770811200000,0.15396,0.15787,0.1504,0.15132
1770825600000,0.15132,0.15489,0.15052,0.15398
1770840000000,0.15398,0.15717,0.15321,0.15456
1770854400000,0.15456,0.15696,0.15455,0.15642
1770868800000,0.15642,0.1589,0.15573,0.15885
1770883200000,0.15885,0.16084,0.1584,0.16022
1770897600000,0.16022,0.16347,0.15959,0.16066
1770912000000,0.16066,0.16104,0.1551,0.15625
1770926400000,0.15625,0.15705,0.15379,0.15629
1770940800000,0.15629,0.157,0.15464,0.15616
1770955200000,0.15616,0.15628,0.15442,0.1557
1770969600000,0.1557,0.15805,0.15559,0.15784
1770984000000,0.15784,0.16345,0.15704,0.16181
1770998400000,0.16181,0.16653,0.1611,0.16462
1771012800000,0.16462,0.16617,0.16425,0.16443
1771027200000,0.16443,0.16716,0.16439,0.16653
1771041600000,0.16653,0.16708,0.16522,0.1669
1771056000000,0.1669,0.17281,0.16685,0.17015
1771070400000,0.17015,0.17146,0.16797,0.17143
1771084800000,0.17143,0.17633,0.17045,0.17586
1771099200000,0.17586,0.17672,0.17292,0.17434
1771113600000,0.17434,0.17681,0.17309,0.17598
1771128000000,0.17598,0.18339,0.17592,0.18338
1771142400000,0.18338,0.18536,0.17536,0.17585
1771156800000,0.17585,0.1762,0.17016,0.1728
1771171200000,0.1728,0.17282,0.16735,0.16812
1771185600000,0.16812,0.17042,0.16743,0.17006
1771200000000,0.17006,0.17158,0.16854,0.16889
1771214400000,0.16889,0.17064,0.16777,0.16825
1771228800000,0.16825,0.17188,0.16714,0.169
1771243200000,0.169,0.17247,0.16586,0.1669
1771257600000,0.1669,0.16881,0.16684,0.16765
1771272000000,0.16765,0.17023,0.1671,0.1696
1771286400000,0.1696,0.17027,0.1679,0.16791
1771300800000,0.16791,0.16862,0.16672,0.16711
1771315200000,0.16711,0.16745,0.16498,0.16552
1771329600000,0.16552,0.16715,0.16413,0.16581
1771344000000,0.16581,0.16934,0.16416,0.16679
1771358400000,0.16679,0.16736,0.16543,0.16563
1771372800000,0.16563,0.16653,0.16443,0.1662
1771387200000,0.1662,0.16914,0.16611,0.16897
1771401600000,0.16897,0.1693,0.16528,0.16556
1771416000000,0.16556,0.16868,0.16394,0.16708
1771430400000,0.16708,0.16709,0.16095,0.16196
1771444800000,0.16196,0.1623,0.16067,0.16125
1771459200000,0.16125,0.16204,0.16022,0.16172
1771473600000,0.16172,0.16207,0.15975,0.16174
1771488000000,0.16174,0.16176,0.15913,0.15943
1771502400000,0.15943,0.15986,0.15714,0.15862
1771516800000,0.15862,0.16026,0.15752,0.1594
1771531200000,0.1594,0.15993,0.1576,0.15891
1771545600000,0.15891,0.16094,0.1586,0.15984
1771560000000,0.15984,0.16171,0.15882,0.1607
1771574400000,0.1607,0.16255,0.16032,0.16104
1771588800000,0.16104,0.16365,0.15736,0.16361
1771603200000,0.16361,0.16505,0.16004,0.16186
1771617600000,0.16186,0.16284,0.16086,0.16257
1771632000000,0.16257,0.16291,0.1614,0.16184
1771646400000,0.16184,0.16247,0.16129,0.16166
1771660800000,0.16166,0.16395,0.16152,0.16286
1771675200000,0.16286,0.16441,0.16243,0.16315
1771689600000,0.16315,0.16393,0.16149,0.16248
1771704000000,0.16248,0.16263,0.16088,0.16089
1771718400000,0.16089,0.16091,0.15395,0.15575
1771732800000,0.15575,0.15645,0.15468,0.15568
1771747200000,0.15568,0.15686,0.1554,0.15644
1771761600000,0.15644,0.15645,0.15385,0.15427
1771776000000,0.15427,0.15566,0.15371,0.15516
1771790400000,0.15516,0.15532,0.15417,0.15488
1771804800000,0.15488,0.15522,0.14907,0.15074
1771819200000,0.15074,0.1537,0.14963,0.15315
1771833600000,0.15315,0.15673,0.15225,0.15596
1771848000000,0.15596,0.15742,0.15283,0.15297
1771862400000,0.15297,0.153,0.14923,0.15048
1771876800000,0.15048,0.15262,0.15011,0.1512
1771891200000,0.1512,0.15249,0.1494,0.15015
1771905600000,0.15015,0.15034,0.14846,0.14915
1771920000000,0.14915,0.15014,0.14843,0.14914
1771934400000,0.14914,0.15108,0.14724,0.15032
1771948800000,0.15032,0.15156,0.14948,0.15069
1771963200000,0.15069,0.15107,0.14939,0.14948
1771977600000,0.14948,0.15539,0.14926,0.15306
1771992000000,0.15306,0.15354,0.15068,0.15301
1772006400000,0.15301,0.15495,0.15245,0.15484
1772020800000,0.15484,0.16177,0.15452,0.1617
1772035200000,0.1617,0.16789,0.1617,0.16617
1772049600000,0.16617,0.16923,0.16127,0.16265
1772064000000,0.16265,0.16426,0.16158,0.16337
1772078400000,0.16337,0.16544,0.16223,0.16248
1772092800000,0.16248,0.16504,0.16248,0.16339
1772107200000,0.16339,0.16462,0.1603,0.16215
1772121600000,0.16215,0.16227,0.15826,0.16114
1772136000000,0.16114,0.16267,0.16064,0.16214
1772150400000,0.16214,0.16324,0.1608,0.163
1772164800000,0.163,0.16644,0.16297,0.16589
1772179200000,0.16589,0.16672,0.15906,0.1594
1772193600000,0.1594,0.16036,0.15742,0.16007
1772208000000,0.16007,0.1602,0.15651,0.15727
1772222400000,0.15727,0.15884,0.15605,0.15868
1772236800000,0.15868,0.15969,0.15793,0.15797
1772251200000,0.15797,0.15813,0.14984,0.15109
1772265600000,0.15109,0.15109,0.14775,0.14828
1772280000000,0.14828,0.15309,0.14817,0.1515
1772294400000,0.1515,0.15587,0.15027,0.1551
1772308800000,0.1551,0.16007,0.15477,0.1588
1772323200000,0.1588,0.16457,0.15706,0.1623
1772337600000,0.1623,0.16278,0.15927,0.16079
1772352000000,0.16079,0.1614,0.15655,0.15731
1772366400000,0.15731,0.16018,0.15513,0.15782
1772380800000,0.15782,0.15874,0.15388,0.15423
1772395200000,0.15423,0.15584,0.15167,0.1541
1772409600000,0.1541,0.15731,0.15361,0.15596
1772424000000,0.15596,0.15608,0.15205,0.15289
1772438400000,0.15289,0.15503,0.15169,0.15334
1772452800000,0.15334,0.16149,0.15191,0.16024
1772467200000,0.16024,0.16205,0.15671,0.15839
1772481600000,0.15839,0.15913,0.15489,0.15563
1772496000000,0.15563,0.15563,0.15203,0.15283
1772510400000,0.15283,0.15346,0.15118,0.15253
1772524800000,0.15253,0.15285,0.14912,0.15069
1772539200000,0.15069,0.15244,0.14847,0.15071
1772553600000,0.15071,0.15371,0.14984,0.15134
1772568000000,0.15134,0.1521,0.1496,0.15146
1772582400000,0.15146,0.15256,0.14973,0.15072
1772596800000,0.15072,0.15196,0.14973,0.15182
1772611200000,0.15182,0.15744,0.1515,0.15449
1772625600000,0.15449,0.16031,0.15286,0.16029
1772640000000,0.16029,0.16576,0.15758,0.16341
1772654400000,0.16341,0.16572,0.15875,0.15949
1772668800000,0.15949,0.16005,0.15756,0.15813
1772683200000,0.15813,0.16009,0.157,0.15779
1772697600000,0.15779,0.16096,0.15732,0.15947
1772712000000,0.15947,0.16103,0.15627,0.15666
1772726400000,0.15666,0.15761,0.15398,0.15647
1772740800000,0.15647,0.1585,0.15625,0.15671
1772755200000,0.15671,0.16042,0.1562,0.15886
1772769600000,0.15886,0.15924,0.15632,0.15905
1772784000000,0.15905,0.1591,0.15636,0.15673
1772798400000,0.15673,0.15721,0.1511,0.15168
1772812800000,0.15168,0.15244,0.14949,0.1515
1772827200000,0.1515,0.1526,0.15071,0.15215
1772841600000,0.15215,0.1534,0.15202,0.15224
1772856000000,0.15224,0.15247,0.15123,0.15174
1772870400000,0.15174,0.15254,0.15109,0.15168
1772884800000,0.15168,0.15187,0.14988,0.15059
1772899200000,0.15059,0.15127,0.14916,0.14966
1772913600000,0.14966,0.15103,0.14889,0.15033
1772928000000,0.15033,0.1505,0.14832,0.14874
1772942400000,0.14874,0.15013,0.14763,0.14985
1772956800000,0.14985,0.15216,0.14898,0.15
1772971200000,0.15,0.1507,0.14835,0.14881
1772985600000,0.14881,0.1504,0.14771,0.14987
1773000000000,0.14987,0.1508,0.14657,0.14806
1773014400000,0.14806,0.15165,0.1479,0.15028
1773028800000,0.15028,0.15178,0.14797,0.14907
1773043200000,0.14907,0.15076,0.14819,0.14928
1773057600000,0.14928,0.15276,0.14927,0.15017
1773072000000,0.15017,0.15397,0.15009,0.15205
1773086400000,0.15205,0.15294,0.15039,0.15062
1773100800000,0.15062,0.15457,0.15036,0.15334
1773115200000,0.15334,0.15616,0.15332,0.15616
1773129600000,0.15616,0.16243,0.15595,0.16058
1773144000000,0.16058,0.1678,0.1588,0.16547
1773158400000,0.16547,0.1673,0.16015,0.16047
1773172800000,0.16047,0.16174,0.15826,0.15844
1773187200000,0.15844,0.15918,0.15559,0.15669
1773201600000,0.15669,0.15798,0.15539,0.15605
1773216000000,0.15605,0.15754,0.15553,0.15726
1773230400000,0.15726,0.16214,0.15662,0.1593
1773244800000,0.1593,0.16115,0.15824,0.15983
1773259200000,0.15983,0.16063,0.15878,0.15915
1773273600000,0.15915,0.15947,0.15699,0.15734
1773288000000,0.15734,0.15854,0.15627,0.15838
1773302400000,0.15838,0.16043,0.158,0.15958
1773316800000,0.15958,0.1607,0.1571,0.15884
1773331200000,0.15884,0.16031,0.15792,0.15998
1773345600000,0.15998,0.16107,0.15898,0.15995
1773360000000,0.15995,0.16373,0.15949,0.16275
1773374400000,0.16275,0.1638,0.162,0.16246
1773388800000,0.16246,0.16567,0.1621,0.16508
1773403200000,0.16508,0.16814,0.16289,0.16342
1773417600000,0.16342,0.16478,0.16188,0.16263
1773432000000,0.16263,0.166,0.16243,0.1639
1773446400000,0.1639,0.16659,0.16364,0.16484
1773460800000,0.16484,0.16578,0.16222,0.16321
1773475200000,0.16321,0.16399,0.16222,0.16398
1773489600000,0.16398,0.16546,0.16306,0.16357
1773504000000,0.16357,0.16516,0.16345,0.16356
1773518400000,0.16356,0.16656,0.16314,0.16648
1773532800000,0.16648,0.16872,0.16524,0.16756
1773547200000,0.16756,0.16832,0.16533,0.16604
1773561600000,0.16604,0.16856,0.16572,0.16721
1773576000000,0.16721,0.16895,0.1665,0.16704
1773590400000,0.16704,0.16808,0.16595,0.16659
1773604800000,0.16659,0.17126,0.16636,0.1692
1773619200000,0.1692,0.17142,0.16673,0.16979
1773633600000,0.16979,0.17365,0.16979,0.17313
1773648000000,0.17313,0.17426,0.17033,0.17127
1773662400000,0.17127,0.17535,0.17112,0.17174
1773676800000,0.17174,0.17616,0.17162,0.17443
1773691200000,0.17443,0.17685,0.17421,0.17594
1773705600000,0.17594,0.18188,0.1749,0.17603
1773720000000,0.17603,0.17703,0.17292,0.1753
1773734400000,0.1753,0.17617,0.17382,0.17392
1773748800000,0.17392,0.17454,0.17201,0.17354
1773763200000,0.17354,0.17628,0.17331,0.17434
1773777600000,0.17434,0.17606,0.17351,0.17354
1773792000000,0.17354,0.17739,0.17225,0.17637
1773806400000,0.17637,0.17706,0.17423,0.17487
1773820800000,0.17487,0.17573,0.17037,0.17083
1773835200000,0.17083,0.17083,0.16503,0.16648
1773849600000,0.16648,0.1705,0.16587,0.1682
1773864000000,0.1682,0.17071,0.16692,0.17011
1773878400000,0.17011,0.17072,0.16769,0.16973
1773892800000,0.16973,0.16973,0.166,0.16691
1773907200000,0.16691,0.16856,0.16625,0.16666
1773921600000,0.16666,0.16702,0.1637,0.1648
1773936000000,0.1648,0.16617,0.16328,0.16526
1773950400000,0.16526,0.16596,0.16459,0.16529
1773964800000,0.16529,0.16739,0.16518,0.16681
1773979200000,0.16681,0.16864,0.16607,0.16759
1773993600000,0.16759,0.16895,0.16603,0.16723
1774008000000,0.16723,0.16778,0.16514,0.16608
1774022400000,0.16608,0.16632,0.1632,0.16455
1774036800000,0.16455,0.16618,0.16344,0.16536
1774051200000,0.16536,0.16592,0.16484,0.16564
1774065600000,0.16564,0.16676,0.16517,0.16538
1774080000000,0.16538,0.16579,0.16481,0.16515
1774094400000,0.16515,0.16635,0.16495,0.16607
1774108800000,0.16607,0.16635,0.16515,0.16525
1774123200000,0.16525,0.16572,0.16119,0.16202
1774137600000,0.16202,0.16363,0.15975,0.16238
1774152000000,0.16238,0.16273,0.15979,0.15993
1774166400000,0.15993,0.16011,0.15824,0.15862
1774180800000,0.15862,0.1603,0.15851,0.15899
1774195200000,0.15899,0.15922,0.15637,0.15691
1774209600000,0.15691,0.15737,0.15484,0.15581
1774224000000,0.15581,0.15786,0.15577,0.15644
1774238400000,0.15644,0.15922,0.15584,0.15664
1774252800000,0.15664,0.16426,0.15526,0.16172
1774267200000,0.16172,0.16685,0.16088,0.16487
1774281600000,0.16487,0.16649,0.16366,0.16475
1774296000000,0.16475,0.1674,0.16446,0.16667
1774310400000,0.16667,0.16737,0.16381,0.16539
1774324800000,0.16539,0.167,0.16365,0.16678
1774339200000,0.16678,0.16834,0.16573,0.16692
1774353600000,0.16692,0.1677,0.16495,0.16639
1774368000000,0.16639,0.16791,0.16409,0.16648
1774382400000,0.16648,0.17515,0.16634,0.17374
1774396800000,0.17374,0.18048,0.17362,0.17624
1774411200000,0.17624,0.18026,0.17532,0.17942
1774425600000,0.17942,0.18233,0.17751,0.17793
1774440000000,0.17793,0.18023,0.17459,0.17513
1774454400000,0.17513,0.17788,0.17499,0.17771
1774468800000,0.17771,0.17809,0.17601,0.17732
1774483200000,0.17732,0.17865,0.17473,0.17534
1774497600000,0.17534,0.1759,0.17298,0.17378
1774512000000,0.17378,0.17443,0.17211,0.1726
1774526400000,0.1726,0.17642,0.1718,0.1724
1774540800000,0.1724,0.17298,0.17107,0.17179
1774555200000,0.17179,0.17465,0.17152,0.1736
1774569600000,0.1736,0.17536,0.17274,0.17445
1774584000000,0.17445,0.17521,0.17301,0.17418
1774598400000,0.17418,0.17454,0.16813,0.16875
1774612800000,0.16875,0.17022,0.16764,0.16868
1774627200000,0.16868,0.16958,0.16683,0.16808
1774641600000,0.16808,0.16854,0.16667,0.16727
1774656000000,0.16727,0.16727,0.16496,0.16505
1774670400000,0.16505,0.16649,0.16431,0.16645
1774684800000,0.16645,0.16719,0.16532,0.16677
1774699200000,0.16677,0.17105,0.16594,0.16982
1774713600000,0.16982,0.17171,0.16971,0.17046
1774728000000,0.17046,0.17154,0.16755,0.16782
1774742400000,0.16782,0.16921,0.16721,0.16912
1774756800000,0.16912,0.16913,0.16772,0.16802
1774771200000,0.16802,0.16844,0.16669,0.16715
1774785600000,0.16715,0.16715,0.16486,0.16549
1774800000000,0.16549,0.16559,0.16377,0.16403
1774814400000,0.16403,0.16537,0.16095,0.16436
1774828800000,0.16436,0.16927,0.16436,0.16865
1774843200000,0.16865,0.17122,0.16836,0.17085
1774857600000,0.17085,0.17377,0.17007,0.17209
1774872000000,0.17209,0.17397,0.16978,0.17074
1774886400000,0.17074,0.1714,0.16717,0.16817
1774900800000,0.16817,0.17013,0.16704,0.16735
1774915200000,0.16735,0.17073,0.16669,0.16951
1774929600000,0.16951,0.16964,0.16639,0.16708
1774944000000,0.16708,0.16715,0.16403,0.16494
1774958400000,0.16494,0.16703,0.16365,0.1637
1774972800000,0.1637,0.16841,0.16333,0.16831
1774987200000,0.16831,0.16932,0.16623,0.16716
1775001600000,0.16716,0.16969,0.16681,0.16964
1775016000000,0.16964,0.17244,0.16863,0.17152
1775030400000,0.17152,0.17308,0.17105,0.17275
1775044800000,0.17275,0.17457,0.17127,0.17184
1775059200000,0.17184,0.17344,0.17024,0.17067
1775073600000,0.17067,0.17162,0.16885,0.16924
1775088000000,0.16924,0.1709,0.1633,0.16402
1775102400000,0.16402,0.16461,0.16251,0.16428
1775116800000,0.16428,0.16439,0.16142,0.16158
1775131200000,0.16158,0.16407,0.1601,0.1636
1775145600000,0.1636,0.16605,0.16283,0.16448
1775160000000,0.16448,0.16516,0.16216,0.16286
1775174400000,0.16286,0.16508,0.1626,0.16492
1775188800000,0.16492,0.16649,0.16447,0.16497
1775203200000,0.16497,0.16533,0.16365,0.16433
1775217600000,0.16433,0.16548,0.1629,0.16336
1775232000000,0.16336,0.16425,0.16173,0.16328
1775246400000,0.16328,0.164,0.16237,0.16286
1775260800000,0.16286,0.16321,0.16152,0.16187
1775275200000,0.16187,0.16256,0.16136,0.16155
1775289600000,0.16155,0.16217,0.16089,0.16183
1775304000000,0.16183,0.16257,0.16104,0.16141
1775318400000,0.16141,0.16242,0.16048,0.16189
1775332800000,0.16189,0.16189,0.16124,0.16185
1775347200000,0.16185,0.16222,0.16114,0.16125
1775361600000,0.16125,0.16135,0.15861,0.15881
1775376000000,0.15881,0.15905,0.15791,0.15798
1775390400000,0.15798,0.16007,0.15724,0.15857
1775404800000,0.15857,0.15931,0.15798,0.1586
1775419200000,0.1586,0.16266,0.15831,0.16264
1775433600000,0.16264,0.16416,0.16136,0.16171
1775448000000,0.16171,0.16223,0.16047,0.16113
1775462400000,0.16113,0.16368,0.16088,0.1624
1775476800000,0.1624,0.16281,0.16009,0.16073
1775491200000,0.16073,0.16098,0.15709,0.15763
1775505600000,0.15763,0.15773,0.15491,0.15548
1775520000000,0.15548,0.15646,0.15498,0.15576
1775534400000,0.15576,0.15635,0.15452,0.15546
1775548800000,0.15546,0.15744,0.15435,0.15461
1775563200000,0.15461,0.15614,0.15355,0.15391
1775577600000,0.15391,0.156,0.15342,0.15476
1775592000000,0.15476,0.16457,0.15456,0.16345
1775606400000,0.16345,0.16529,0.16177,0.16201
1775620800000,0.16201,0.1648,0.16201,0.16294
1775635200000,0.16294,0.16365,0.16127,0.16237
1775649600000,0.16237,0.16325,0.15815,0.15856
1775664000000,0.15856,0.16032,0.15759,0.15829
1775678400000,0.15829,0.15916,0.15727,0.15761
1775692800000,0.15761,0.15761,0.15544,0.15571
1775707200000,0.15571,0.15658,0.1551,0.15512
1775721600000,0.15512,0.15558,0.15341,0.15388
1775736000000,0.15388,0.15648,0.15236,0.15564
1775750400000,0.15564,0.15655,0.15398,0.15519
1775764800000,0.15519,0.15867,0.15418,0.15468
1775779200000,0.15468,0.15715,0.1542,0.15468
1775793600000,0.15468,0.15651,0.15468,0.155
1775808000000,0.155,0.15557,0.15363,0.15365
1775822400000,0.15365,0.15652,0.1532,0.15357
1775836800000,0.15357,0.15675,0.15261,0.15653
1775851200000,0.15653,0.15693,0.15461,0.15508
1775865600000,0.15508,0.15561,0.15365,0.15374
1775880000000,0.15374,0.1542,0.15288,0.15314
1775894400000,0.15314,0.15439,0.15302,0.15404
1775908800000,0.15404,0.15444,0.15302,0.15428
1775923200000,0.15428,0.15687,0.15392,0.15652
1775937600000,0.15652,0.15666,0.15337,0.15351
1775952000000,0.15351,0.15398,0.15075,0.15155
1775966400000,0.15155,0.15194,0.15104,0.15153
1775980800000,0.15153,0.15171,0.15058,0.15121
1775995200000,0.15121,0.15153,0.14993,0.15038
1776009600000,0.15038,0.15195,0.15032,0.15129
1776024000000,0.15129,0.15239,0.15008,0.15018
1776038400000,0.15018,0.15143,0.1501,0.15052
1776052800000,0.15052,0.15165,0.14976,0.15062
1776067200000,0.15062,0.15346,0.15032,0.15109
1776081600000,0.15109,0.15344,0.151,0.15266
1776096000000,0.15266,0.1534,0.15095,0.15284
1776110400000,0.15284,0.15639,0.1517,0.15625
1776124800000,0.15625,0.15639,0.15448,0.15525
1776139200000,0.15525,0.15553,0.15389,0.15549
1776153600000,0.15549,0.15701,0.15536,0.15594
1776168000000,0.15594,0.1586,0.15528,0.15574
1776182400000,0.15574,0.15665,0.15365,0.15449
1776196800000,0.15449,0.15511,0.1539,0.15456
1776211200000,0.15456,0.1573,0.15437,0.15529
1776225600000,0.15529,0.15645,0.15419,0.1551
1776240000000,0.1551,0.15764,0.155,0.15694
1776254400000,0.15694,0.15747,0.1555,0.15579
1776268800000,0.15579,0.15892,0.15572,0.15797
1776283200000,0.15797,0.15864,0.15665,0.15772
1776297600000,0.15772,0.16088,0.15728,0.15974
1776312000000,0.15974,0.16115,0.15919,0.16083
1776326400000,0.16083,0.16221,0.15972,0.16039
1776340800000,0.16039,0.16476,0.15884,0.16435
1776355200000,0.16435,0.16814,0.16244,0.16807
1776369600000,0.16807,0.1695,0.16667,0.16916
1776384000000,0.16916,0.16948,0.16554,0.16617
1776398400000,0.16617,0.16719,0.16417,0.16708
1776412800000,0.16708,0.16984,0.16675,0.16955
1776427200000,0.16955,0.17496,0.16877,0.17467
1776441600000,0.17467,0.1771,0.17204,0.17416
1776456000000,0.17416,0.17542,0.17271,0.17407
1776470400000,0.17407,0.17523,0.17241,0.17442
1776484800000,0.17442,0.17618,0.17312,0.17498
1776499200000,0.17498,0.17503,0.16789,0.16886
1776513600000,0.16886,0.17103,0.16821,0.17019
1776528000000,0.17019,0.17036,0.16742,0.16878
1776542400000,0.16878,0.17155,0.16829,0.17024
1776556800000,0.17024,0.17129,0.16903,0.17078
1776571200000,0.17078,0.17127,0.16719,0.16805
1776585600000,0.16805,0.17019,0.16693,0.17014
1776600000000,0.17014,0.17234,0.16946,0.17161
1776614400000,0.17161,0.17179,0.16869,0.17073
1776628800000,0.17073,0.17075,0.16586,0.16642
1776643200000,0.16642,0.16867,0.1663,0.1682
1776657600000,0.1682,0.17097,0.16635,0.16899
1776672000000,0.16899,0.17023,0.1675,0.16763
1776686400000,0.16763,0.17105,0.16706,0.17055
1776700800000,0.17055,0.1751,0.16967,0.1734
1776715200000,0.1734,0.17427,0.17231,0.17375
1776729600000,0.17375,0.17558,0.17275,0.17362
1776744000000,0.17362,0.17966,0.17362,0.17932
1776758400000,0.17932,0.18451,0.1793,0.18073
1776772800000,0.18073,0.18115,0.17625,0.177
1776787200000,0.177,0.17916,0.17558,0.17612
1776801600000,0.17612,0.17933,0.17569,0.17898
1776816000000,0.17898,0.18035,0.17801,0.17987
1776830400000,0.17987,0.18172,0.17966,0.18013
1776844800000,0.18013,0.18026,0.17912,0.17937
1776859200000,0.17937,0.18243,0.17772,0.17991
1776873600000,0.17991,0.18085,0.17804,0.17855
1776888000000,0.17855,0.17913,0.17626,0.17646
1776902400000,0.17646,0.17789,0.17502,0.17537
1776916800000,0.17537,0.17858,0.17377,0.17687
1776931200000,0.17687,0.17739,0.17481,0.17668
1776945600000,0.17668,0.17932,0.17621,0.17816
1776960000000,0.17816,0.1787,0.17498,0.17507
1776974400000,0.17507,0.17676,0.17459,0.17539
1776988800000,0.17539,0.17585,0.1719,0.17457
1777003200000,0.17457,0.17537,0.17357,0.17403
1777017600000,0.17403,0.17652,0.17365,0.17599
1777032000000,0.17599,0.17694,0.17281,0.17461
1777046400000,0.17461,0.17543,0.17305,0.17353
1777060800000,0.17353,0.17454,0.17273,0.17292
1777075200000,0.17292,0.17433,0.17261,0.17432
1777089600000,0.17432,0.17463,0.17262,0.17309
1777104000000,0.17309,0.17397,0.1715,0.17241
1777118400000,0.17241,0.17248,0.17005,0.17099
1777132800000,0.17099,0.17119,0.16973,0.17
1777147200000,0.17,0.17065,0.1695,0.16964
1777161600000,0.16964,0.16964,0.16823,0.16846
1777176000000,0.16846,0.17075,0.16775,0.17071
1777190400000,0.17071,0.1714,0.16991,0.1713
1777204800000,0.1713,0.17248,0.17033,0.17121
1777219200000,0.17121,0.17149,0.16947,0.17108
1777233600000,0.17108,0.1718,0.16983,0.17071
1777248000000,0.17071,0.1734,0.1704,0.17306
1777262400000,0.17306,0.1731,0.16716,0.16751
1777276800000,0.16751,0.16896,0.16619,0.16729
1777291200000,0.16729,0.16829,0.16457,0.16491
1777305600000,0.16491,0.16526,0.16427,0.16457
1777320000000,0.16457,0.16644,0.16399,0.16589
1777334400000,0.16589,0.16598,0.1644,0.16495
1777348800000,0.16495,0.16566,0.16388,0.16468
1777363200000,0.16468,0.16492,0.16081,0.16165
1777377600000,0.16165,0.16293,0.16097,0.16275
1777392000000,0.16275,0.1633,0.1615,0.16216
1777406400000,0.16216,0.16294,0.16157,0.16168
1777420800000,0.16168,0.16286,0.16132,0.16254
1777435200000,0.16254,0.16442,0.1624,0.16384
1777449600000,0.16384,0.16457,0.1614,0.16251
1777464000000,0.16251,0.16252,0.15928,0.15979
1777478400000,0.15979,0.16089,0.15805,0.15888
1777492800000,0.15888,0.1604,0.15874,0.15944
1777507200000,0.15944,0.16103,0.15895,0.15975
1777521600000,0.15975,0.16064,0.15849,0.16052
1777536000000,0.16052,0.16074,0.15848,0.15896
1777550400000,0.15896,0.16025,0.15883,0.15953
1777564800000,0.15953,0.15963,0.15845,0.15906
1777579200000,0.15906,0.15958,0.15818,0.15825
1777593600000,0.15825,0.16019,0.15817,0.15957
