sym,year,net,gross,fund,outcome,P_cell,entry_ts,exit_ts,entry,stop,target,first_kline_ts
0GUSDT,2025,0.27717488999999995,0.32999999999999996,-0.04582511,TARGET,0.25,1758844800000,1759190400000,3.8648,7.15,2.589416,1758067200000
1000000BOBUSDT,2025,0.2526329607843136,0.2549019607843136,0.004730999999999999,TARGET,0.25,1752537600000,1752710400000,0.0714,0.0896,0.05320000000000001,1749081600000
1000000MOGUSDT,2024,-0.054120456645595234,-0.05916200664559523,0.01204155,TIME,0.25,1731888000000,1732406400000,2.4678,2.9992,1.9364,1730937600000
1000000MOGUSDT,2024,0.1615539315704954,0.16551069157049542,0.0030432400000000004,TARGET,0.25,1733788800000,1734134400000,3.4747,4.0498,2.8995999999999995,1730937600000
1000CATUSDT,2024,0.09809922807017546,0.09649122807017546,0.008608,TIME,0.25,1732147200000,1732665600000,0.0456,0.06345,0.030552000000000003,1729468800000
1000CHEEMSUSDT,2024,0.013648943136035888,0.011315593136035884,0.00933335,TIME,0.25,1733788800000,1734307200000,0.0008042,0.0011411,0.0005388140000000001,1732492800000
1000LUNCUSDT,2022,0.054097221804438676,0.07494371180443868,-0.01384649,TIME,0.25,1664841600000,1665360000000,0.3109,0.3725,0.24930000000000002,1662681600000
1000PEPEUSDT,2023,0.08181951718352827,0.08915861718352827,-0.00033909999999999995,TIME,0.25,1684368000000,1684886400000,0.0015736,0.0020899,0.0010573000000000002,1683244800000
1000PEPEUSDT,2023,-0.08063759777276945,-0.07483759777276945,0.0012000000000000001,DELIST,0.25,1687824000000,1688083200000,0.0015086,0.0017868,0.0012303999999999998,1683244800000
1000RATSUSDT,2023,0.3435948299999999,0.3299999999999999,0.02059483,TARGET,0.25,1703808000000,1704240000000,0.33705,0.4559,0.22582350000000004,1702598400000
1000RATSUSDT,2024,0.28225051192910705,0.28094751192910705,0.008303,TARGET,0.25,1705536000000,1705968000000,0.2934,0.37583,0.21097,1702598400000
1000SATSUSDT,2023,-0.26892007067686874,-0.27545615067686874,0.01353608,TIME,0.25,1702944000000,1703462400000,0.0006796,0.0009443,0.0004553320000000001,1702339200000
1000SATSUSDT,2024,0.0656873738594419,0.06954082385944191,0.0031465500000000006,TIME,0.25,1704326400000,1704844800000,0.0006773,0.0009389,0.00045379100000000005,1702339200000
1000SATSUSDT,2024,-0.14176843493092453,-0.1358129649309245,0.0010445300000000001,STOP,0.25,1706486400000,1706659200000,0.0004705,0.0005344,0.0004066,1702339200000
1000SHIBUSDT,2021,-0.12683598133908294,-0.10894235133908295,-0.010893630000000001,TIME,0.25,1622160000000,1622678400000,0.008812,0.012111,0.005904040000000001,1620604800000
1000SHIBUSDT,2021,0.2262612968771224,0.23695132687712242,-0.0036900300000000004,TARGET,0.25,1623974400000,1624233600000,0.007951,0.009835,0.0060669999999999995,1620604800000
1000XUSDT,2024,0.05464413376743762,0.05925387376743762,0.00239026,TIME,0.25,1733788800000,1734307200000,0.22007,0.3353,0.1474469,1731456000000
1INCHUSDT,2021,-0.3638399383416011,-0.3678630483416011,0.01102311,STOP,0.25,1609632000000,1609891200000,1.0281,1.4063,0.6888270000000001,1608854400000
1INCHUSDT,2021,-0.3958226855864532,-0.39039479558645324,0.00157211,STOP,0.25,1611273600000,1611446400000,1.5679,2.18,1.0504930000000001,1608854400000
1MBABYDOGEUSDT,2024,-0.2105959033241193,-0.20419590332411927,0.0006000000000000001,STOP,0.25,1729123200000,1729209600000,0.0028218,0.003398,0.0022456000000000004,1726444800000
4USDT,2025,0.3256780699999999,0.3299999999999999,0.0026780700000000003,TARGET,0.25,1760659200000,1760832000000,0.1603,0.24,0.10740100000000001,1759881600000
4USDT,2025,0.32616882,0.33,0.00316882,TARGET,0.25,1761609600000,1761868800000,0.11098,0.154,0.0743566,1759881600000
4USDT,2025,0.32770797999999995,0.32999999999999996,0.00470798,TARGET,0.25,1762905600000,1763251200000,0.05807,0.09057,0.0389069,1759881600000
A2ZUSDT,2025,0.1831550618181819,0.18806818181818188,0.00208688,TIME,0.25,1754956800000,1755475200000,0.00704,0.011496,0.0047168,1753833600000
AAVEUSDT,2020,-0.3740960495810228,-0.3670671595810228,-2.8889999999999827e-05,STOP,0.25,1605225600000,1605398400000,51.936,71.0,34.79712,1602806400000
ACHUSDT,2023,-0.03511730576276037,-0.029654975762760372,0.0015376700000000003,TIME,0.25,1679529600000,1680048000000,0.03507,0.04501,0.025129999999999993,1677024000000
ACTUSDT,2024,0.08955158111120094,0.08987357111120095,0.006678010000000002,TIME,0.25,1732147200000,1732665600000,0.49514,0.9534,0.33174380000000003,1731283200000
ACTUSDT,2024,0.12110261264718841,0.1186132726471884,0.00948934,TIME,0.25,1733184000000,1733702400000,0.54488,0.811,0.36506960000000005,1731283200000
ACUUSDT,2026,0.004419148430932165,0.008406748430932165,0.0030124,TIME,0.25,1769385600000,1769904000000,0.17367,0.3888,0.1163589,1768953600000
AEVOUSDT,2024,-0.013969300033886738,0.007455099966113264,-0.0144244,TIME,0.25,1711843200000,1712361600000,2.951,3.772,2.1300000000000003,1710288000000
AGIXUSDT,2023,0.11220379933158006,0.11856234933158007,0.00064145,TIME,0.25,1679356800000,1679875200000,0.4563,0.5912,0.3214,1676505600000
AI16ZUSDT,2025,0.3276387599999999,0.3299999999999999,0.00463876,TARGET,0.25,1737158400000,1737244800000,1.1643,1.641,0.780081,1735776000000
AI16ZUSDT,2025,0.32459952,0.32999999999999996,0.0015995199999999997,TARGET,0.25,1737676800000,1738022400000,0.8931,1.2675,0.598377,1735776000000
AI16ZUSDT,2025,0.32382014000000003,0.33,0.00082014,TARGET,0.25,1739664000000,1739836800000,0.4241,0.6291,0.284147,1735776000000
AIAUSDT,2025,0.31950681,0.32999999999999996,-0.0034931899999999998,TARGET,0.25,1760054400000,1760054400000,1.297,3.87763,0.86899,1758153600000
AIAUSDT,2025,-0.5240193459127687,-0.5308861259127686,0.013866779999999999,STOP,0.25,1760572800000,1761004800000,1.0134,1.5514,0.6789780000000001,1758153600000
AIGENSYNUSDT,2026,-0.03728009959866214,0.0008361204013378552,-0.031116219999999993,TIME,0.25,1778976000000,1779494400000,0.03588,0.05296,0.0240396,1777420800000
AINUSDT,2025,0.12974283841683945,0.13541357841683946,0.0013292599999999996,TARGET,0.25,1755043200000,1755129600000,0.13492,0.15319,0.11665000000000003,1752105600000
AIOTUSDT,2025,0.06804457546597949,0.04880475546597949,0.026239820000000004,TIME,0.25,1747008000000,1747526400000,0.39197,0.4935,0.29044,1745971200000
AIOUSDT,2025,-0.1352406701818669,-0.1472318801818669,0.018991209999999998,TIME,0.25,1758326400000,1758844800000,0.14956,0.21,0.10020520000000001,1755043200000
AIUSDT,2024,0.11575451690459672,0.12063428690459672,0.0021202300000000003,TIME,0.25,1705622400000,1706140800000,1.15216,1.49962,0.8047000000000002,1704672000000
AIXBTUSDT,2025,0.2289856600246604,0.2292637100246604,0.006721950000000001,TIME,0.25,1735862400000,1736380800000,0.51094,0.66999,0.3518899999999999,1734652800000
AIXBTUSDT,2025,-0.4080836145908646,-0.4009572045908646,-0.00012640999999999998,STOP,0.25,1736812800000,1736812800000,0.43042,0.603,0.2883814,1734652800000
AIXBTUSDT,2025,0.32416195,0.32999999999999996,0.0011619500000000001,TARGET,0.25,1737763200000,1738022400000,0.65471,0.9659,0.43865570000000004,1734652800000
AKEUSDT,2025,0.33226278,0.32999999999999996,0.009262780000000002,TARGET,0.25,1759708800000,1760054400000,0.0016044,0.00243,0.001074948,1758844800000
AKROUSDT,2021,0.35658213999999994,0.32999999999999996,0.03358214,TARGET,0.25,1613433600000,1613952000000,0.04435,0.07416,0.0297145,1611014400000
ALCHUSDT,2025,0.32837680999999996,0.32999999999999996,0.005376809999999999,TARGET,0.25,1737158400000,1737244800000,0.11551,0.17862,0.07739170000000001,1736208000000
ALGOUSDT,2020,-0.009740117511380892,-0.016691957511380893,0.01395184,TIME,0.25,1595548800000,1596067200000,0.3295,0.3988,0.26020000000000004,1592265600000
ALPACAUSDT,2024,0.19688727809396928,0.2018829380939693,0.00200434,TIME,0.25,1724716800000,1725235200000,0.22518,0.305,0.1508706,1724284800000
ALPHAUSDT,2020,-0.35474714026726684,-0.35040090026726683,0.00265376,STOP,0.25,1606435200000,1606953600000,0.21327,0.288,0.1428909,1606089600000
ALTUSDT,2024,0.0885744185473295,0.09272543854732951,0.00284898,TIME,0.25,1706745600000,1707264000000,0.35686,0.46399,0.24973,1706140800000
ANKRUSDT,2021,-0.21954517574051116,-0.23418506574051115,0.02163989,STOP,0.25,1612656000000,1612828800000,0.016124,0.0199,0.012347999999999998,1611619200000
ANTUSDT,2022,0.19698138957816372,0.20248138957816372,0.0015000000000000002,TARGET,0.25,1642377600000,1642723200000,8.06,9.692,6.428000000000001,1640563200000
APEUSDT,2022,-0.4855182609453148,-0.4804399709453148,0.0019217100000000003,TIME,0.25,1647820800000,1648339200000,9.637,17.298,6.456790000000001,1647475200000
APRUSDT,2025,-0.014398071698113163,-0.014887971698113164,0.007489900000000001,TIME,0.25,1762992000000,1763510400000,0.27136,0.49041,0.1818112,1761177600000
APTUSDT,2022,0.05859013689458687,0.06689458689458687,-0.0013044499999999995,TIME,0.25,1666742400000,1667260800000,8.775,10.2,7.350000000000001,1666137600000
APTUSDT,2022,0.01957154341618439,0.02803339341618439,-0.0014618500000000002,TIME,0.25,1668384000000,1668902400000,4.2164,5.483,2.9498000000000006,1666137600000
ARBUSDT,2023,0.06435698459775524,0.07023321459775525,0.0011237700000000003,TIME,0.25,1681948800000,1682467200000,1.4879,1.8234,1.1524,1679529600000
ARCUSDT,2025,0.3236050899999999,0.3299999999999999,0.0006050900000000001,TARGET,0.25,1738368000000,1738368000000,0.24954,0.45985,0.16719180000000003,1737072000000
ARCUSDT,2025,-0.6303803459559753,-0.6201342959559752,-0.0032460499999999995,STOP,0.25,1738800000000,1739232000000,0.19807,0.3209,0.13270690000000002,1737072000000
ARCUSDT,2025,0.27206709999999995,0.32999999999999996,-0.050932899999999996,TARGET,0.25,1739664000000,1739836800000,0.23172,0.44,0.1552524,1737072000000
ARCUSDT,2025,-0.1580090999224242,-0.1513510699224242,0.00034197000000000003,DELIST,0.25,1740441600000,1740700800000,0.19207,0.29,0.1286869,1737072000000
ARIAUSDT,2025,-0.1394156606963646,-0.1387608806963646,0.00634522,TIME,0.25,1758326400000,1758844800000,0.15624,0.21014,0.1046808,1756857600000
ARIAUSDT,2025,0.3298690799999999,0.32999999999999996,0.00686908,TARGET,0.25,1759536000000,1760054400000,0.17809,0.25076,0.1193203,1756857600000
ARIAUSDT,2025,-0.18328662676008442,-0.1765866267600844,0.00030000000000000003,STOP,0.25,1761091200000,1761091200000,0.14701,0.17297,0.12104999999999999,1756857600000
ARKUSDT,2023,-0.11110549338758895,-0.10620549338758895,0.0021,TIME,0.25,1696809600000,1697328000000,0.4915,0.5944,0.38859999999999995,1695081600000
ARPAUSDT,2021,-0.018756486364978186,-0.01908175636497819,0.007325270000000001,TIME,0.25,1636416000000,1636934400000,0.18971,0.27638,0.1271057,1634601600000
ARUSDT,2021,-0.12021471235815492,-0.11381471235815492,0.0006000000000000001,STOP,0.25,1633392000000,1633478400000,53.139,59.187,47.09100000000001,1632787200000
ASTERUSDT,2025,0.043376050512533904,0.043110330512533906,0.007265719999999999,TIME,0.25,1758844800000,1759363200000,1.8789,2.4363,1.3215,1758240000000
ASTERUSDT,2025,0.21347762785389826,0.21840431785389827,0.0020733100000000005,TARGET,0.25,1759708800000,1760054400000,1.8713,2.28,1.4626000000000001,1758240000000
ATUSDT,2025,-0.06163213422982881,-0.06815403422982881,0.0135219,TIME,0.25,1762300800000,1762819200000,0.3272,0.5224,0.219224,1761696000000
AUCTIONUSDT,2023,0.09033252536430839,0.17608236536430838,-0.07874983999999999,TIME,0.25,1703289600000,1703808000000,37.88,48.75,27.010000000000005,1702598400000
AUCTIONUSDT,2024,-0.10010483130434789,-0.09521739130434788,0.0021125600000000003,TIME,0.25,1705622400000,1706140800000,23.0,31.88,15.41,1702598400000
AUDIOUSDT,2021,0.12582964084422893,0.13074725084422895,0.00208239,TIME,0.25,1632182400000,1632700800000,2.3098,3.2,1.5475660000000002,1629331200000
AVAAIUSDT,2025,0.32411616,0.33,0.0011161600000000002,TARGET,0.25,1739577600000,1739836800000,0.04763,0.06949,0.0319121,1737072000000
AVAAIUSDT,2025,-0.039553388653731904,-0.032666798653731906,0.00011341000000000001,DELIST,0.25,1740700800000,1740700800000,0.05051,0.06463,0.03638999999999999,1737072000000
AVAXUSDT,2020,0.12565187641650943,0.14506217641650945,-0.012410299999999999,TIME,0.25,1601424000000,1601942400000,4.1334,5.0295,3.2373000000000003,1600819200000
AVNTUSDT,2025,0.32262708999999995,0.32999999999999996,-0.00037290999999999995,TARGET,0.25,1758844800000,1759104000000,1.5887,2.668,1.064429,1757376000000
AVNTUSDT,2025,0.04104472638989165,0.07321299638989165,-0.02516827,DELIST,0.25,1761609600000,1761868800000,0.6925,0.872,0.513,1757376000000
AXSUSDT,2020,-0.2029263235757768,-0.1962263235757768,0.00030000000000000003,STOP,0.25,1606867200000,1606867200000,0.41233,0.49324,0.33141999999999994,1605830400000
AZTECUSDT,2026,-0.5848701798375872,-0.4371229698375871,-0.14074721,STOP,0.25,1771200000000,1771545600000,0.02155,0.03097,0.0144385,1770768000000
AZTECUSDT,2026,0.16453433606094392,0.20475659606094393,-0.033222259999999997,TIME,0.25,1771891200000,1772409600000,0.02691,0.03863,0.018029700000000003,1770768000000
B3USDT,2025,0.07298955102564102,0.07852564102564102,0.00146391,TIME,0.25,1741824000000,1742342400000,0.00624,0.00815,0.0043300000000000005,1739404800000
BABYUSDT,2025,0.3201269999999999,0.3299999999999999,-0.002873,TARGET,0.25,1744675200000,1745020800000,0.10287,0.16754,0.06892290000000001,1743811200000
BADGERUSDT,2023,0.12420620647523836,0.12322715647523837,0.00797905,TIME,0.25,1702166400000,1702684800000,4.301,5.711,2.891,1699488000000
BAKEUSDT,2021,0.17711056755694965,0.18229032755694966,0.0018202400000000003,TIME,0.25,1622851200000,1623369600000,3.8894,5.16,2.6188000000000002,1621382400000
BANANAUSDT,2024,0.1609961158955252,0.16606533589552522,0.00193078,TIME,0.25,1724112000000,1724630400000,50.998,63.54,38.455999999999996,1723680000000
BANDUSDT,2020,0.012894325843003589,-0.010344964156996409,0.03023929,TIME,0.25,1597190400000,1597708800000,12.6245,17.9499,8.458415,1595980800000
BANKUSDT,2025,-0.27788023242638704,-0.271641602426387,0.0007613699999999998,STOP,0.25,1747526400000,1747872000000,0.063304,0.0805,0.046107999999999996,1744934400000
BANUSDT,2024,-0.004201731121495403,0.0018691588785045969,0.0009291099999999999,DELIST,0.25,1735603200000,1735603200000,0.0535,0.0665,0.040499999999999994,1731888000000
BARDUSDT,2025,0.0968028883243955,0.1017028883243955,0.0021000000000000003,TIME,0.25,1759017600000,1759536000000,1.0629,1.5378,0.712143,1758153600000
BASEDUSDT,2026,-0.4832931869756523,-0.4699202969756523,-0.00637289,TIME,0.25,1776556800000,1777075200000,0.09159,0.32731,0.061365300000000005,1774828800000
BASUSDT,2025,-0.13721668628888056,-0.14042507628888057,0.01020839,TIME,0.25,1757548800000,1758067200000,0.018679,0.027002,0.012514930000000002,1756166400000
BBUSDT,2024,-0.31022913846845446,-0.3039838784684544,0.0007547400000000001,STOP,0.25,1717459200000,1717545600000,0.6451,0.8412,0.44900000000000007,1715558400000
BCHUSDT,2020,-0.21075634782726219,-0.20649302782726217,0.002736679999999999,TIME,0.25,1579824000000,1580342400000,325.58,408.37,242.78999999999996,1577836800000
BDXNUSDT,2025,-0.07348846918489074,-0.06858846918489074,0.0021000000000000003,TIME,0.25,1750982400000,1751500800000,0.03018,0.04254,0.020220600000000002,1748908800000
BEAMXUSDT,2023,0.10208742425434145,0.10458085425434145,0.00450657,TIME,0.25,1702684800000,1703203200000,0.020673,0.027418,0.013928,1700179200000
BEATUSDT,2025,-1.1494376061929559,-1.143524736192956,0.00108713,STOP,0.25,1764633600000,1764979200000,0.7297,1.56413,0.48889900000000003,1762905600000
BEATUSDT,2025,-0.8253897191471528,-0.8016071891471528,-0.01678253,STOP,0.25,1765324800000,1765497600000,1.1573,2.085,0.775391,1762905600000
BEATUSDT,2025,-0.6513750376012027,-0.5144421776012027,-0.12993285999999998,STOP,0.25,1765756800000,1765756800000,1.8626,2.8208,1.247942,1762905600000
BEATUSDT,2025,0.30669969999999996,0.32999999999999996,-0.0163003,TARGET,0.25,1766534400000,1766707200000,2.3713,4.5,1.5887710000000002,1762905600000
BERAUSDT,2025,-0.2563470275108664,-0.23659808751086642,-0.01274894,TIME,0.25,1740355200000,1740873600000,6.902,9.231,4.62434,1738800000000
BIDUSDT,2025,-0.1861637019101124,-0.1820224719101124,0.0028587700000000005,DELIST,0.25,1745798400000,1745971200000,0.04895,0.06155,0.03635,1742428800000
BIGTIMEUSDT,2023,-0.023577750602258633,-0.026976160602258634,0.01039841,TIME,0.25,1698883200000,1699401600000,0.1594,0.2024,0.11639999999999998,1697068800000
BIGTIMEUSDT,2023,-0.23268925156950676,-0.22869955156950675,0.003010300000000001,TIME,0.25,1700524800000,1701043200000,0.1784,0.2385,0.11952800000000001,1697068800000
BILLUSDT,2026,0.32290372999999994,0.32999999999999996,-9.627000000000003e-05,TARGET,0.25,1778976000000,1779148800000,0.14318,0.2372,0.0959306,1778112000000
BILLUSDT,2026,0.08670986402676265,0.09333183402676265,0.0003780300000000001,DELIST,0.25,1779753600000,1780185600000,0.08893,0.12437,0.0595831,1778112000000
BIRBUSDT,2026,-0.10612717528271567,-0.0019082052827156344,-0.09721897000000003,TIME,0.25,1770336000000,1770854400000,0.19914,0.41425,0.1334238,1769644800000
BLESSUSDT,2025,0.32351086999999995,0.32999999999999996,0.0005108700000000001,TARGET,0.25,1760054400000,1760054400000,0.044123,0.076225,0.029562410000000004,1758585600000
BLESSUSDT,2025,0.32386805,0.33,0.00086805,TARGET,0.25,1760745600000,1760832000000,0.07355,0.23329,0.0492785,1758585600000
BLESSUSDT,2025,-0.015103321132300368,-0.011918951132300367,0.00381563,DELIST,0.25,1761523200000,1761868800000,0.04195,0.0805,0.028106500000000003,1758585600000
BLUAIUSDT,2025,0.33320199999999994,0.32999999999999996,0.010202000000000001,TARGET,0.25,1761609600000,1762128000000,0.02108,0.03791,0.014123600000000002,1761004800000
BMTUSDT,2025,0.27201311872127865,0.27872127872127866,0.0002918400000000001,TIME,0.25,1742515200000,1743033600000,0.2002,0.3224,0.134134,1742169600000
BNXUSDT,2022,0.004914750797113623,0.011914750797113623,0.0,TIME,0.25,1652918400000,1653436800000,119.18,145.0,93.36000000000001,1648771200000
BOBUSDT,2025,0.31480799,0.33,-0.008192010000000001,TARGET,0.25,1764201600000,1764547200000,0.015866,0.025327,0.010630220000000001,1763683200000
BOBUSDT,2025,0.17349258472613452,0.20500782472613452,-0.02451524,TIME,0.25,1764979200000,1765497600000,0.019809,0.029427,0.01327203,1763683200000
BOMEUSDT,2024,0.1456825618076118,0.1438518218076118,0.008830739999999998,TIME,0.25,1712275200000,1712793600000,0.014793,0.018578,0.011008,1710547200000
BONDUSDT,2023,-0.1914707264767618,-0.1859070464767618,0.00143632,STOP,0.25,1698624000000,1698624000000,4.002,4.746,3.257999999999999,1697328000000
BROCCOLIF3BUSDT,2025,-0.336923889255774,-0.343028229255774,0.013104339999999999,STOP,0.25,1743897600000,1744329600000,0.01169,0.0157,0.0078323,1742515200000
BROCCOLIF3BUSDT,2025,0.14916802571799978,0.1440706457179998,0.012097379999999998,DELIST,0.25,1745539200000,1745971200000,0.044617,0.11749,0.02989339,1742515200000
BSBUSDT,2026,-0.3578166138182685,-0.3333174338182685,-0.017499179999999996,STOP,0.25,1775001600000,1775347200000,0.20965,0.27953,0.14046550000000002,1774396800000
BSBUSDT,2026,-0.3394363520373726,-0.3321836320373726,-0.00025271999999999995,DELIST,0.25,1777507200000,1777507200000,0.45809,0.94665,0.30692030000000003,1774396800000
BTSUSDT,2021,0.12810931582190652,0.10193292582190652,0.03317639000000001,TIME,0.25,1613433600000,1613952000000,0.06053,0.08222,0.040555100000000004,1612137600000
BTTUSDT,2021,-0.04311881265060241,-0.028915662650602414,-0.00720315,DELIST,0.25,1622246400000,1622419200000,0.003735,0.004588,0.002882,1617667200000
BULLAUSDT,2025,-0.07957611532934145,-0.08383233532934144,0.01125622,TIME,0.25,1752537600000,1753056000000,0.0668,0.0965,0.044756000000000004,1751587200000
BULLAUSDT,2025,0.002176501737593604,0.0026862717375936056,0.00649023,TIME,0.25,1755475200000,1755993600000,0.07073,0.14321,0.0473891,1751587200000
CAKEUSDT,2023,0.13974796150200522,0.14609916150200522,0.0006488000000000002,TARGET,0.25,1699401600000,1699488000000,2.1944,2.515,1.8737999999999997,1698883200000
CAKEUSDT,2023,-0.002234718193765994,0.0026640618062340055,0.0021012200000000004,TIME,0.25,1700611200000,1701129600000,2.2522,2.8494,1.6550000000000002,1698883200000
CETUSUSDT,2024,-0.19240908523584183,-0.18570908523584181,0.00030000000000000003,STOP,0.25,1734220800000,1734220800000,0.38458,0.456,0.31315999999999994,1730851200000
CFXUSDT,2023,-0.15335544477054425,-0.14567769477054424,-0.00067775,TIME,0.25,1679529600000,1680048000000,0.3748,0.4888,0.26080000000000003,1676851200000
CGPTUSDT,2024,-0.19066930722895947,-0.19029816722895948,0.00662886,TIME,0.25,1735257600000,1735776000000,0.21934,0.29466,0.14695780000000003,1734652800000
CGPTUSDT,2025,0.27419818059251966,0.2800503805925197,0.0011478,TARGET,0.25,1737072000000,1737331200000,0.36522,0.4675,0.26293999999999995,1734652800000
CHIPUSDT,2026,0.19537522524203063,0.23978748524203064,-0.037412259999999996,TIME,0.25,1777075200000,1777593600000,0.0847,0.14,0.056749,1776297600000
CHIPUSDT,2026,0.1586533348236402,0.1893713748236402,-0.02371804,TARGET,0.25,1778457600000,1778976000000,0.06379,0.07587,0.05170999999999999,1776297600000
CHRUSDT,2021,0.27948893294179333,0.26061877294179336,0.02587016,TARGET,0.25,1617408000000,1617753600000,0.3814,0.4808,0.28200000000000003,1615507200000
CHRUSDT,2021,0.3244999999999999,0.3299999999999999,0.0015000000000000002,TARGET,0.25,1618790400000,1619136000000,0.3232,0.48,0.21654400000000001,1615507200000
CHZUSDT,2021,-0.06662675385854791,-0.06193764385854791,0.0023108899999999995,DELIST,0.25,1614038400000,1614470400000,0.04779,0.07484,0.0320193,1611187200000
CLOUSDT,2025,-0.2850640361916965,-0.2793439261916965,0.0012798899999999999,STOP,0.25,1763596800000,1763769600000,0.1951,0.2496,0.1406,1760400000000
COAIUSDT,2025,0.18554491999999995,0.32999999999999996,-0.13745508,TARGET,0.25,1760745600000,1760832000000,12.448,20.099,8.340160000000001,1758758400000
COAIUSDT,2025,0.23627795999999995,0.32999999999999996,-0.08672204,TARGET,0.25,1761436800000,1761523200000,7.028,19.892,4.70876,1758758400000
COOKIEUSDT,2025,0.24057052692530403,0.24667052692530403,0.0009000000000000001,TARGET,0.25,1737072000000,1737244800000,0.5181,0.6459,0.3903,1736208000000
COOKIEUSDT,2025,0.051187032729044804,0.0579922027290448,0.00019483000000000003,TIME,0.25,1739404800000,1739923200000,0.2052,0.2776,0.137484,1736208000000
COWUSDT,2024,-0.1818147376579352,-0.1768104776579352,0.0019957399999999998,TIME,0.25,1734480000000,1734998400000,0.7788,1.0419,0.521796,1730851200000
COWUSDT,2024,0.09745026283987918,0.10332326283987918,0.001127,DELIST,0.25,1735344000000,1735603200000,0.993,1.2303,0.7557,1730851200000
CRCLUSDT,2026,-0.10921392987436931,-0.08972202987436931,-0.0124919,STOP,0.25,1772841600000,1773014400000,101.09,110.16,92.02000000000001,1770595200000
CROSSUSDT,2025,-0.10228582587649274,-0.10012011587649274,0.00483429,TIME,0.25,1753401600000,1753920000000,0.28306,0.44894,0.1896502,1752105600000
CRVUSDT,2020,0.0436302412641084,0.0609480812641084,-0.01031784,DELIST,0.25,1604016000000,1604102400000,0.443,0.635,0.29681,1598918400000
CTSIUSDT,2021,0.12682370310088323,0.13100883310088324,0.0028148699999999997,TIME,0.25,1637020800000,1637539200000,1.0755,1.7295,0.720585,1635206400000
CUDISUSDT,2025,-0.2400854262033016,-0.23805386620330157,0.00496844,STOP,0.25,1757548800000,1757808000000,0.09208,0.114,0.07015999999999999,1755648000000
CUSDT,2025,0.11687176541592079,0.1237617854159208,0.00010997999999999993,TIME,0.25,1753401600000,1753920000000,0.33516,0.5487,0.2245572,1752537600000
CVCUSDT,2020,0.10691039937537296,0.11040381937537297,0.003506579999999999,TIME,0.25,1607126400000,1607644800000,0.10054,0.1405,0.06736180000000001,1605052800000
CYBERUSDT,2023,0.2627612153470868,0.2686088653470868,0.0011523500000000001,TIME,0.25,1693699200000,1694217600000,7.174,16.5,4.80658,1692576000000
DAMUSDT,2025,-0.6531053701613134,-0.6546161601613134,0.00851079,STOP,0.25,1758067200000,1758153600000,0.06943,0.11488,0.04651810000000001,1755475200000
DAMUSDT,2025,0.2101416316233834,0.2007149616233834,0.01642667,TIME,0.25,1758412800000,1758931200000,0.09511,0.16948,0.06372370000000001,1755475200000
DASHUSDT,2020,0.021851316410256425,0.031410256410256424,-0.0025589400000000004,TIME,0.25,1584921600000,1585440000000,62.4,78.0,46.8,1580774400000
DEEPUSDT,2025,0.11046593604441218,0.14112275604441218,-0.02365682,TIME,0.25,1746057600000,1746576000000,0.19274,0.25397,0.13151000000000002,1745280000000
DENTUSDT,2021,0.35398121021926754,0.32651038021926754,0.03447083,TARGET,0.25,1617753600000,1618272000000,0.017148,0.022747,0.011549,1616544000000
DEXEUSDT,2025,0.06670307119590506,0.07160307119590506,0.0021000000000000003,TIME,0.25,1736035200000,1736553600000,17.192,21.888,12.495999999999999,1734998400000
DGBUSDT,2021,0.019400342039596615,0.010833022039596615,0.015567319999999999,TIME,0.25,1620172800000,1620691200000,0.13385,0.18264,0.08967950000000001,1618963200000
DIAUSDT,2024,-0.14052700944089241,-0.1235206094408924,-0.0100064,TIME,0.25,1728345600000,1728864000000,0.7351,0.9061,0.5640999999999999,1727827200000
DIAUSDT,2024,0.0963730379096959,0.1142291779096959,-0.010856139999999998,TIME,0.25,1729555200000,1730073600000,1.1118,1.34,0.8835999999999997,1727827200000
DMCUSDT,2025,0.31897527999999997,0.32999999999999996,-0.004024720000000001,TARGET,0.25,1751587200000,1752019200000,0.007975,0.010983,0.00534325,1750723200000
DOTUSDT,2020,-0.156953429684639,-0.15768056968463898,0.0077271399999999995,STOP,0.25,1598832000000,1598918400000,5.898,6.828,4.967999999999999,1598054400000
DRIFTUSDT,2024,0.29693337969577943,0.3004176796957794,0.0035157,TARGET,0.25,1731369600000,1731542400000,1.6041,2.086,1.1222000000000003,1731024000000
DRIFTUSDT,2024,0.11563621319563075,0.11531998319563076,0.007316229999999999,TIME,0.25,1732060800000,1732579200000,1.4282,1.7163,1.1401,1731024000000
DUSDT,2025,0.32386094,0.33,0.0008609400000000001,TARGET,0.25,1738368000000,1738540800000,0.10796,0.1485,0.0723332,1736380800000
DUSKUSDT,2022,0.16922717222877098,0.175627592228771,0.0005995800000000001,TARGET,0.25,1642550400000,1642636800000,0.9162,1.07711,0.75529,1641513600000
DYDXUSDT,2021,-0.2899536052133696,-0.2850536052133696,0.0021,STOP,0.25,1632096000000,1632614400000,14.271,18.339,10.203000000000003,1631232000000
DYDXUSDT,2021,0.013513479175142278,0.014606389175142278,0.00590709,TIME,0.25,1633132800000,1633651200000,22.319,27.875,16.762999999999998,1631232000000
DYMUSDT,2024,0.15165102739113284,0.15011182739113285,0.008539199999999999,TARGET,0.25,1708128000000,1708646400000,7.601,8.742,6.459999999999999,1707264000000
EDENUSDT,2025,0.32414592,0.32999999999999996,0.00114592,TARGET,0.25,1761609600000,1761868800000,0.1749,0.2439,0.11718300000000001,1759190400000
EDGEUSDT,2026,-0.35499514587570624,-0.35028248587570626,0.00228734,STOP,0.25,1776038400000,1776297600000,0.885,1.195,0.5929500000000001,1773878400000
EDGEUSDT,2026,-0.18111189806367767,-0.17551981806367767,0.0014079199999999998,STOP,0.25,1776643200000,1776643200000,1.2312,1.4473,1.0151000000000001,1773878400000
EIGENUSDT,2024,0.13248336100178895,0.13449016100178895,0.0049932,TIME,0.25,1731456000000,1731974400000,2.795,3.4665,2.1235,1727740800000
ENAUSDT,2024,0.18672208300704785,0.19342208300704786,0.00030000000000000003,TARGET,0.25,1712966400000,1712966400000,1.277,1.524,1.0299999999999998,1712016000000
EPTUSDT,2025,-0.22278702492709893,-0.2166918049270989,0.00090478,STOP,0.25,1746921600000,1747008000000,0.009945,0.0121,0.007790000000000002,1745193600000
ESPUSDT,2026,-0.37314471008595984,-0.35243553008595985,-0.01370918,STOP,0.25,1771632000000,1771804800000,0.0698,0.0944,0.046766,1770681600000
ESPUSDT,2026,0.006610379453583593,0.09834045945358358,-0.08473007999999999,TIME,0.25,1772150400000,1772668800000,0.13799,0.1925,0.0924533,1770681600000
ETHFIUSDT,2024,-0.20920291888708356,-0.20389926888708357,0.00169635,STOP,0.25,1711152000000,1711324800000,3.693,4.446,2.9400000000000004,1710720000000
ETHFIUSDT,2024,0.19715415269219264,0.19413700269219264,0.01001715,TIME,0.25,1711756800000,1712275200000,6.686,8.695,4.677,1710720000000
EVAAUSDT,2025,0.3173674843674844,0.3243674843674844,0.0,TARGET,0.25,1761696000000,1761955200000,10.395,13.7668,7.023199999999999,1759449600000
FARTCOINUSDT,2024,-0.3493437332002866,-0.3495036332002866,0.0071599,STOP,0.25,1735257600000,1735776000000,0.9771,1.3186,0.654657,1734652800000
FARTCOINUSDT,2025,0.23660077843397534,0.23954576843397535,0.00405501,TARGET,0.25,1736121600000,1736294400000,1.3033,1.6155,0.9910999999999999,1734652800000
FARTCOINUSDT,2025,0.32637215999999997,0.32999999999999996,0.0033721600000000008,TARGET,0.25,1737504000000,1737849600000,1.6528,2.7489,1.1073760000000001,1734652800000
FETUSDT,2023,-0.06705450117903942,-0.061135371179039416,0.0010808700000000003,TIME,0.25,1675987200000,1676505600000,0.3893,0.6092,0.260831,1673913600000
FIDAUSDT,2024,0.1737208937915807,0.18015896379158072,0.00056193,TARGET,0.25,1727654400000,1727740800000,0.3397,0.4009,0.2785,1726704000000
FILUSDT,2020,-0.12057609103092777,-0.08855670103092776,-0.02501939,TIME,0.25,1604102400000,1604620800000,29.1,37.24,20.96,1602806400000
FISUSDT,2025,0.13513782815400438,0.1401208381540044,0.00201699,TIME,0.25,1745971200000,1746489600000,0.23337,0.29777,0.16897,1745539200000
FOGOUSDT,2026,0.32178334000000003,0.33,-0.00121666,TARGET,0.25,1769731200000,1770249600000,0.03522,0.0483,0.0235974,1768003200000
FOLKSUSDT,2025,-0.30998995947204433,-0.2688246494720443,-0.03416531,STOP,0.25,1764806400000,1765238400000,11.554,14.66,8.448,1762387200000
FOLKSUSDT,2025,-0.34211293216216204,-0.22466216216216203,-0.11045076999999999,STOP,0.25,1765497600000,1765584000000,14.208,17.4,11.016000000000002,1762387200000
FOLKSUSDT,2025,0.27280068999999996,0.32999999999999996,-0.05019931,TARGET,0.25,1765929600000,1765929600000,10.73,46.998,7.189100000000001,1762387200000
FOOTBALLUSDT,2022,0.006826022932882764,0.010275562932882766,0.003550459999999999,TIME,0.25,1664755200000,1665273600000,1012.11,1239.79,784.4300000000001,1661990400000
FORMUSDT,2025,0.03895797738539166,0.04400087738539166,0.0019571,TIME,0.25,1743033600000,1743552000000,2.2795,2.6488,1.9102000000000001,1742342400000
FRAXUSDT,2026,0.0053671417134570415,0.12555682171345703,-0.11318967999999999,TIME,0.25,1769212800000,1769731200000,0.9653,1.4906,0.6467510000000001,1768435200000
FRONTUSDT,2023,0.23827100591466396,0.258950465914664,-0.013679460000000003,TIME,0.25,1695859200000,1696377600000,0.4078,0.7002,0.273226,1695340800000
FUNUSDT,2025,-0.45648542871907977,-0.41090278871907976,-0.03858264,STOP,0.25,1744156800000,1744675200000,0.006347,0.008955,0.00425249,1743379200000
FXSUSDT,2023,-0.07473545287372993,-0.06966618287372993,0.0019307300000000003,TIME,0.25,1676073600000,1676592000000,10.335,14.298,6.924450000000001,1674172800000
GALAUSDT,2021,0.17853490090172525,0.17881994090172526,0.006714960000000001,TARGET,0.25,1633478400000,1633910400000,0.10491,0.12367,0.08615,1631923200000
GALUSDT,2022,-0.0015737509428638925,0.012932939057136108,-0.00750669,TIME,0.25,1652745600000,1653264000000,5.8842,8.1398,3.9424140000000003,1651708800000
GASUSDT,2023,0.23731530679285243,0.23551625679285243,0.00879905,TIME,0.25,1699747200000,1700265600000,10.857,28.995,7.27419,1698192000000
GENIUSUSDT,2026,0.2886922844682188,0.30270610446821883,-0.00701382,TARGET,0.25,1779753600000,1780012800000,0.6356,0.828,0.44320000000000015,1776297600000
GIGGLEUSDT,2025,-0.061956986883841894,-0.0771821768838419,0.02222519,TIME,0.25,1760572800000,1761091200000,103.91,168.0,69.61970000000001,1759968000000
GIGGLEUSDT,2025,0.3239,0.33,0.0009000000000000001,TARGET,0.25,1761609600000,1761782400000,170.08,290.0,113.95360000000001,1759968000000
GIGGLEUSDT,2025,0.09714367864132824,0.10530967864132824,-0.0011660000000000002,TIME,0.25,1762560000000,1763078400000,158.39,274.0,106.12129999999999,1759968000000
GLMUSDT,2024,-0.14190397574024574,-0.15018706574024573,0.01528309,TIME,0.25,1709683200000,1710201600000,0.5613,0.7761,0.37607100000000004,1708560000000
GMTUSDT,2022,-0.4752793351227318,-0.4603435451227318,-0.007935790000000002,STOP,0.25,1647820800000,1647907200000,0.57809,0.84421,0.3873203,1647302400000
GMTUSDT,2022,-0.10726999406511274,-0.10152394406511274,0.0012539500000000002,TIME,0.25,1649116800000,1649635200000,2.16609,2.74,1.59218,1647302400000
GMTUSDT,2022,-0.24308940140706342,-0.2375878914070634,0.0014984899999999999,STOP,0.25,1650585600000,1651017600000,3.12175,3.86344,2.38006,1647302400000
GOATUSDT,2024,0.2973718101401421,0.2888270301401421,0.01554478,TIME,0.25,1731974400000,1732492800000,1.0418,1.3754,0.7082000000000002,1729728000000
GRASSUSDT,2024,0.1259873365765212,0.1195759065765212,0.013411429999999998,TIME,0.25,1733011200000,1733529600000,3.254,3.847,2.661,1731024000000
GRIFFAINUSDT,2025,0.19932023213728925,0.20393421213728927,0.00238602,TARGET,0.25,1737158400000,1737158400000,0.49006,0.59,0.39012,1735776000000
GRIFFAINUSDT,2025,-0.10773717938753184,-0.10061975938753184,-0.00011741999999999997,TIME,0.25,1738800000000,1739318400000,0.16458,0.28129,0.11026860000000001,1735776000000
GRTUSDT,2021,0.06726549838429023,0.07556549838429023,-0.0013,TIME,0.25,1611187200000,1611705600000,0.52299,0.66,0.3859799999999999,1608336000000
GTCUSDT,2021,0.0665326600895777,0.07678089008957771,-0.0032482300000000004,TIME,0.25,1625184000000,1625702400000,7.033,8.956,5.110000000000001,1623369600000
GUNUSDT,2025,-0.09661309744186049,-0.07906976744186048,-0.01054333,TIME,0.25,1744156800000,1744675200000,0.043,0.0688,0.02881,1743379200000
HAEDALUSDT,2025,-0.42561717668181026,-0.40893749668181023,-0.009679680000000001,STOP,0.25,1746662400000,1747094400000,0.131849,0.185767,0.08833883000000001,1746057600000
HAEDALUSDT,2025,0.21338419245972454,0.22140042245972455,-0.00101623,TIME,0.25,1748044800000,1748563200000,0.158595,0.2244,0.10625865000000001,1746057600000
HANAUSDT,2025,0.32448439999999995,0.32999999999999996,0.0014843999999999999,TARGET,0.25,1760054400000,1760054400000,0.05899,0.1036,0.039523300000000004,1758844800000
HANAUSDT,2025,0.004649270367824723,0.0040869403678247245,0.007562329999999999,TIME,0.25,1760745600000,1761264000000,0.05383,0.09296,0.036066100000000004,1758844800000
HEIUSDT,2025,0.11740306016399918,0.12369097016399919,0.0007120900000000002,TARGET,0.25,1742515200000,1742860800000,0.5061,0.5687,0.4435,1739404800000
HEMIUSDT,2025,-0.41423189609022576,-0.40977443609022574,0.0025425400000000003,STOP,0.25,1757030400000,1757548800000,0.035112,0.0495,0.02352504,1756425600000
HEMIUSDT,2025,0.32419999999999993,0.32999999999999996,0.0012000000000000001,TARGET,0.25,1758844800000,1759104000000,0.133737,0.194766,0.08960379,1756425600000
HIGHUSDT,2023,-0.24274111910349377,-0.23764007910349377,0.0018989599999999999,STOP,0.25,1676592000000,1676764800000,3.034,3.755,2.3129999999999997,1675728000000
HIPPOUSDT,2024,0.2917465722076707,0.2815715622076707,0.017175009999999998,TIME,0.25,1731974400000,1732492800000,0.02138,0.03044,0.0143246,1731456000000
HIVEUSDT,2025,0.07401078094308265,0.19379886094308263,-0.11278807999999997,TARGET,0.25,1736380800000,1736726400000,0.56538,0.67495,0.45580999999999994,1734912000000
HNTUSDT,2020,0.07078696884863604,0.08716977884863605,-0.009382810000000004,TIME,0.25,1602892800000,1603411200000,1.1621,1.51,0.8141999999999998,1601251200000
HOOKUSDT,2023,0.15946329020134237,0.16442953020134238,0.00203376,TARGET,0.25,1676851200000,1677283200000,2.682,3.123,2.2409999999999997,1674432000000
HOTUSDT,2021,0.20750037338593022,0.17646285338593024,0.03803752,TIME,0.25,1617753600000,1618272000000,0.022815,0.0319,0.01528605,1617062400000
HUMAUSDT,2025,0.2090320558565909,0.21507084585659092,0.0009612100000000001,TIME,0.25,1749686400000,1750204800000,0.04658,0.058666,0.034494000000000004,1748217600000
HUSDT,2025,0.28048548999999995,0.32999999999999996,-0.04251450999999999,TARGET,0.25,1751846400000,1752019200000,0.07601,0.10738,0.0509267,1750809600000
HUSDT,2025,-0.004513359971411114,-0.0006126199714111139,0.0030992600000000004,TIME,0.25,1752364800000,1752883200000,0.04897,0.09058,0.0328099,1750809600000
HUSDT,2025,0.19932689021967145,0.20621413021967147,0.0001127600000000001,TIME,0.25,1753401600000,1753920000000,0.05053,0.06869,0.0338551,1750809600000
IDOLUSDT,2025,0.12832548048192766,0.13253012048192767,0.00279536,TIME,0.25,1753142400000,1753660800000,0.01328,0.02278,0.0088976,1751587200000
IDUSDT,2023,0.1235485503127404,0.1285567803127404,0.0019917700000000003,TIME,0.25,1681948800000,1682467200000,0.7802,1.0578,0.522734,1679529600000
IMXUSDT,2022,-0.2078530335211353,-0.20201346352113528,0.0011604300000000003,STOP,0.25,1647302400000,1647648000000,1.6489,1.982,1.3158,1644537600000
INITUSDT,2025,-0.05460466326647564,-0.04880014326647564,0.0011954799999999999,TIME,0.25,1747353600000,1747872000000,1.1168,1.4508,0.7827999999999999,1744761600000
INUSDT,2025,-0.19425411697182152,-0.1883847069718215,0.0011305900000000001,DELIST,0.25,1758931200000,1759190400000,0.07559,0.132,0.050645300000000004,1754524800000
IOSTUSDT,2020,0.06434933852503379,0.07374830852503379,-0.00239897,TIME,0.25,1584921600000,1585440000000,0.002956,0.003845,0.002067,1582243200000
IOTXUSDT,2021,-0.009925681969394562,-0.0038256819693945616,0.0009000000000000001,DELIST,0.25,1632787200000,1632960000000,0.06012,0.07517,0.04507,1628726400000
IPUSDT,2025,-0.5845029190169813,-0.5567276890169812,-0.020775229999999995,TIME,0.25,1740355200000,1740873600000,3.98324,9.59949,2.6687708,1739404800000
JASMYUSDT,2022,-0.07104296118353347,-0.06174957118353346,-0.00229339,TIME,0.25,1652918400000,1653436800000,0.01166,0.01603,0.007812200000000001,1650412800000
JCTUSDT,2025,0.1234515594958753,0.1274060494958753,0.0030455100000000004,TIME,0.25,1763683200000,1764201600000,0.003273,0.00582,0.00219291,1762732800000
JTOUSDT,2024,0.16051269688874037,0.16538493688874037,0.0021277600000000002,TARGET,0.25,1705363200000,1705881600000,2.3926,2.7883,1.9968999999999997,1701993600000
KAITOUSDT,2025,0.09406730775093114,0.22193697775093116,-0.12086967000000001,TIME,0.25,1740787200000,1741305600000,1.9866,2.84,1.331022,1740009600000
KATUSDT,2026,0.30786002070175444,0.32491228070175443,-0.01005226,TARGET,0.25,1773705600000,1773878400000,0.01425,0.01888,0.00962,1772409600000
KATUSDT,2026,0.1126434357271981,0.1240755957271981,-0.00443216,DELIST,0.25,1777248000000,1777507200000,0.01217,0.03069,0.0081539,1772409600000
KAVAUSDT,2020,0.10027929128550908,0.09407294128550908,0.013206350000000002,TIME,0.25,1597795200000,1598313600000,4.3158,5.57,3.0616000000000003,1595894400000
KGENUSDT,2025,-0.10355314051928616,-0.09980659051928616,0.0032534500000000006,TIME,0.25,1760832000000,1761350400000,0.27403,0.69992,0.18360010000000002,1759795200000
KMNOUSDT,2025,0.11691626570135746,0.12217194570135748,0.00174432,TIME,0.25,1737417600000,1737936000000,0.12155,0.15974,0.08336000000000002,1734652800000
KNCUSDT,2020,-0.16962203898087166,-0.16057043898087167,-0.0020516,STOP,0.25,1594684800000,1594857600000,1.52444,1.76922,1.27966,1592784000000
KOMAUSDT,2024,0.15791965834414035,0.15896525834414035,0.0059544,TIME,0.25,1735257600000,1735776000000,0.14651,0.20283,0.0981617,1733788800000
KSMUSDT,2020,0.11606651611414673,0.13038122611414674,-0.0073147099999999994,TARGET,0.25,1603929600000,1604448000000,31.661,35.789,27.533,1602633600000
LABUSDT,2025,-0.06376004248164453,-0.06737151248164452,0.01061147,TIME,0.25,1762041600000,1762560000000,0.17025,0.50396,0.11406750000000002,1760659200000
LAYERUSDT,2025,0.15839510517549385,0.16683208517549386,-0.0014369799999999998,TARGET,0.25,1742256000000,1742342400000,1.1083,1.2932,0.9234000000000002,1739232000000
LAYERUSDT,2025,-0.16566990333487017,-0.15644690333487016,-0.002223,STOP,0.25,1743120000000,1743292800000,1.3014,1.505,1.0977999999999999,1739232000000
LIGHTUSDT,2025,0.02593728953384023,0.015546469533840227,0.01739082,TIME,0.25,1759622400000,1760140800000,0.85357,1.33422,0.5718919000000001,1758931200000
LIGHTUSDT,2025,0.03204706214673641,0.03619038214673641,0.00285668,DELIST,0.25,1761609600000,1761868800000,2.0254,2.8585,1.357018,1758931200000
LINEAUSDT,2025,-0.21392039375680585,-0.20871143375680584,0.0017910399999999998,STOP,0.25,1757980800000,1758412800000,0.02755,0.0333,0.0218,1756684800000
LISTAUSDT,2024,0.24696741405082206,0.25216741405082205,0.0017999999999999997,TARGET,0.25,1719619200000,1720051200000,0.669,0.8377,0.5003000000000001,1718841600000
LITUSDT,2021,0.18666459879066688,0.1834392487906669,0.01022535,TARGET,0.25,1616284800000,1616544000000,10.543,12.477,8.608999999999998,1613606400000
LOOMUSDT,2023,0.28407772,0.32999999999999996,-0.038922280000000004,TARGET,0.25,1697587200000,1697587200000,0.2293,0.415,0.15363100000000002,1696982400000
LOOMUSDT,2023,0.05124350890387861,0.049747048903878606,0.00849646,TIME,0.25,1698796800000,1699315200000,0.1186,0.1489,0.08829999999999999,1696982400000
LQTYUSDT,2023,0.16334886645741348,0.1683390864574135,0.00200978,TIME,0.25,1679184000000,1679702400000,2.4914,3.8659,1.6692380000000002,1678406400000
LRCUSDT,2020,0.007941597693943852,0.01169819769394385,0.0032433999999999996,TIME,0.25,1605225600000,1605744000000,0.17866,0.244,0.11970220000000002,1603065600000
LUNAUSDT,2021,0.07662862049394369,0.07313198049394369,0.01049664,TIME,0.25,1613779200000,1614297600000,6.357,8.4052,4.3088,1611792000000
LYNUSDT,2025,-0.08689428384874184,-0.08652940384874183,0.00663512,TIME,0.25,1760745600000,1761264000000,0.14862,0.21725,0.09957540000000001,1759708800000
MAGICUSDT,2023,-0.37213092999999997,-0.36718749999999994,0.0020565699999999998,STOP,0.25,1675123200000,1675296000000,1.28,1.75,0.8576,1674604800000
MAGICUSDT,2023,0.06741234533956554,0.07231234533956554,0.0021,TIME,0.25,1676851200000,1677369600000,1.8185,2.3345,1.3025000000000002,1674604800000
MANAUSDT,2021,0.18566433906812846,0.16141346906812845,0.03125087,TARGET,0.25,1617235200000,1617753600000,1.0216,1.1865,0.8567,1615766400000
MANTAUSDT,2024,0.15070691377427295,0.15590999377427295,0.0017969199999999998,TARGET,0.25,1706659200000,1707004800000,3.3731,3.899,2.8472,1705536000000
MASKUSDT,2021,0.12846408936319192,0.13350980936319193,0.00195428,TIME,0.25,1632182400000,1632700800000,9.3686,13.9791,6.276962000000001,1630022400000
MATICUSDT,2020,-0.13082229427221181,-0.12665406427221182,0.0028317700000000004,STOP,0.25,1605225600000,1605571200000,0.01587,0.01788,0.013859999999999997,1603324800000
MAVIAUSDT,2024,0.05398345051865561,0.05227194051865561,0.00871151,TIME,0.25,1710547200000,1711065600000,6.6441,9.57,4.451547000000001,1708473600000
MDTUSDT,2023,0.06739758224156692,0.07236126224156693,0.00203632,TIME,0.25,1688601600000,1689120000000,0.05514,0.0805,0.036943800000000006,1688083200000
MEMEFIUSDT,2025,0.32214084,0.33,-0.0008591600000000007,TARGET,0.25,1746748800000,1747267200000,0.002395,0.007189,0.00160465,1745539200000
MEMEUSDT,2023,0.12537250746380313,0.12985714746380314,0.0025153600000000003,TIME,0.25,1700179200000,1700697600000,0.031011,0.041227,0.020795,1698969600000
MEMEUSDT,2023,0.15799071865051903,0.15847750865051904,0.00651321,TIME,0.25,1702339200000,1702857600000,0.03468,0.04744,0.023235600000000002,1698969600000
MEUSDT,2024,0.03506711078902233,0.04116638078902233,0.00090073,TIME,0.25,1735430400000,1735948800000,3.498,4.269,2.7270000000000003,1733788800000
MEWUSDT,2024,0.031120191667880534,0.036999271667880536,0.00112092,DELIST,0.25,1722124800000,1722384000000,0.006865,0.008824,0.004905999999999999,1718582400000
MINAUSDT,2023,-0.26654242555028057,-0.26014242555028055,0.0006000000000000001,STOP,0.25,1676332800000,1676419200000,0.9268,1.1679,0.6857,1675728000000
MITOUSDT,2025,0.3248736899999999,0.3299999999999999,0.00187369,TARGET,0.25,1758326400000,1758844800000,0.24228,0.4454,0.16232760000000002,1756339200000
MMTUSDT,2025,0.19486352764377265,0.20210318764377266,-0.00023965999999999978,TIME,0.25,1764115200000,1764633600000,0.3043,0.5392,0.20388100000000003,1762214400000
MOCAUSDT,2024,0.006367078073635892,0.020381328073635893,-0.007014250000000001,TIME,0.25,1735430400000,1735948800000,0.3042,0.4887,0.20381400000000002,1734307200000
MONUSDT,2025,0.19661280062063619,0.2015128006206362,0.0021000000000000003,TIME,0.25,1762819200000,1763337600000,0.05156,0.095,0.034545200000000005,1760054400000
MONUSDT,2025,0.20477099461048492,0.21117099461048494,0.0006000000000000001,TARGET,0.25,1764288000000,1764374400000,0.04082,0.04944,0.032200000000000006,1760054400000
MOODENGUSDT,2024,0.32952162999999995,0.32999999999999996,0.00652163,TARGET,0.25,1732060800000,1732406400000,0.49624,0.70347,0.3324808,1729814400000
MORPHOUSDT,2024,0.22508298710160482,0.22927003710160482,0.0028129500000000003,TARGET,0.25,1733616000000,1733702400000,2.2371,2.75,1.7241999999999997,1732665600000
MORPHOUSDT,2024,-0.3183618922889786,-0.31199145228897857,0.0006295600000000003,STOP,0.25,1734652800000,1735084800000,2.4334,3.1926,1.6741999999999995,1732665600000
MOVEUSDT,2024,-0.3825348555598363,-0.3614254755598363,-0.01410938,STOP,0.25,1734912000000,1735084800000,0.8306,1.1308,0.556502,1733702400000
MTLUSDT,2021,0.24434725815091057,0.24044571815091056,0.010901540000000001,TARGET,0.25,1617667200000,1617753600000,5.6179,6.9687,4.267099999999999,1617148800000
MUBARAKUSDT,2025,-0.09132267129775822,-0.0846226712977582,0.00030000000000000003,DELIST,0.25,1745971200000,1745971200000,0.03167,0.04303,0.0212189,1742169600000
MUSDT,2025,0.06937022715311554,0.05999536715311554,0.01637486,TIME,0.25,1752537600000,1753056000000,0.4317,0.956,0.289239,1751846400000
MUSDT,2025,0.06872417777777778,0.07777777777777779,-0.0020536,TIME,0.25,1754611200000,1755129600000,0.459,0.5953,0.3227,1751846400000
MUUSDT,2026,-0.019931905498681443,-0.016377585498681443,0.0034456799999999996,STOP,0.25,1778457600000,1778457600000,754.69,767.05,742.3300000000002,1775520000000
MYROUSDT,2024,0.3302989389947044,0.3087568389947044,0.0285421,TARGET,0.25,1710115200000,1710547200000,0.34179,0.44732,0.23625999999999997,1709596800000
MYXUSDT,2025,0.13579110681217654,0.24839681681217657,-0.10560571000000002,TARGET,0.25,1751414400000,1751500800000,0.12943,0.16158,0.09727999999999998,1750204800000
MYXUSDT,2025,0.18696950762169223,0.16105847762169223,0.03291103,TIME,0.25,1752278400000,1752796800000,0.09183,0.1429,0.0615261,1750204800000
NEARUSDT,2020,0.023551492537313406,0.028451492537313404,0.0021,TIME,0.25,1605139200000,1605657600000,0.8576,0.9929,0.7223,1602720000000
NEARUSDT,2020,0.0180768923673248,0.023365332367324798,0.0017115600000000004,DELIST,0.25,1606348800000,1606694400000,1.1042,1.308,0.9004000000000001,1602720000000
NEIROETHUSDT,2024,0.32549102999999996,0.32999999999999996,0.00249103,TARGET,0.25,1726358400000,1726444800000,0.1498,0.2065,0.100366,1725580800000
NEIROETHUSDT,2024,0.09518195367346936,0.09795918367346937,0.004222770000000001,TIME,0.25,1727654400000,1728172800000,0.0735,0.123,0.049245,1725580800000
NEIROETHUSDT,2024,0.22827177564003862,0.23291626564003862,0.0023555100000000003,TIME,0.25,1729036800000,1729555200000,0.1039,0.1382,0.06961300000000001,1725580800000
NEIROUSDT,2024,0.13325377256931617,0.13798521256931617,0.00226856,TIME,0.25,1727308800000,1727827200000,0.001082,0.00138,0.0007840000000000002,1726444800000
NEWTUSDT,2025,-0.02531084821925001,0.06556517178074998,-0.08387602,TIME,0.25,1750982400000,1751500800000,0.3813,0.6464,0.255471,1750291200000
NEWTUSDT,2025,0.03480204551148229,0.06680584551148229,-0.0250038,DELIST,0.25,1753747200000,1753920000000,0.3832,0.7077,0.256744,1750291200000
NIGHTUSDT,2025,-0.29202389840117404,-0.25966568840117404,-0.02535821,TIME,0.25,1766534400000,1767052800000,0.07837,0.11924,0.0525079,1765324800000
NKNUSDT,2021,-0.06720855388861899,-0.05706203388861899,-0.00314652,DELIST,0.25,1622246400000,1622419200000,0.34997,0.47397,0.23447990000000002,1617926400000
NOTUSDT,2024,-0.0459817180938833,-0.0412517780938833,0.00227006,TIME,0.25,1717804800000,1718323200000,0.018981,0.029458,0.012717270000000001,1715817600000
NTRNUSDT,2023,-0.2363646307930067,-0.2316578207930067,0.00229319,STOP,0.25,1701907200000,1702339200000,0.6406,0.789,0.49219999999999986,1699920000000
NUUSDT,2021,0.12482617874140445,0.12940195874140445,0.002424219999999999,TIME,0.25,1637020800000,1637539200000,0.9598,1.2726,0.647,1634774400000
OGNUSDT,2021,0.16085786217242695,0.13118116217242695,0.036676700000000007,TIME,0.25,1618099200000,1618617600000,2.633,3.4,1.866,1617235200000
OGNUSDT,2021,0.09520518154061985,0.08576712154061986,0.016438059999999997,TIME,0.25,1620172800000,1620691200000,1.5682,2.06,1.0764,1617235200000
OGNUSDT,2021,-0.16082139515099964,-0.15472139515099964,0.0009000000000000001,DELIST,0.25,1622246400000,1622419200000,0.9404,1.4332,0.6300680000000001,1617235200000
OMGUSDT,2020,0.13358301975581438,0.12441514975581437,0.01616787,TIME,0.25,1598313600000,1598832000000,5.8562,10.0,3.9236540000000004,1593648000000
OMUSDT,2024,-0.21586448913586875,-0.21549522913586874,0.00663074,TIME,0.25,1711065600000,1711584000000,0.59528,0.9486,0.39883760000000007,1707782400000
ONDOUSDT,2024,-0.17625785445593298,-0.17306745445593297,0.0038096,STOP,0.25,1709164800000,1709164800000,0.4062,0.4765,0.33590000000000003,1705708800000
ONEUSDT,2021,-0.3484112457671508,-0.3408883757671508,-0.0005228699999999999,STOP,0.25,1616889600000,1616976000000,0.16457,0.22067,0.1102619,1616025600000
OPENUSDT,2025,0.27402111605697677,0.2883324260569768,-0.007311309999999999,TARGET,0.25,1760054400000,1760054400000,0.5511,0.71,0.3922000000000001,1757289600000
OPGUSDT,2026,0.1092640866873066,0.1141640866873066,0.0021000000000000003,TIME,0.25,1778716800000,1779235200000,0.2584,0.3447,0.17312800000000003,1776816000000
OPUSDT,2022,0.023332824897959313,0.03061224489795931,-0.00027942,TIME,0.25,1656288000000,1656806400000,0.539,0.6556,0.4224000000000001,1654041600000
OPUSDT,2022,-0.23318861401869162,-0.22663551401869161,0.0004469,STOP,0.25,1658361600000,1658448000000,0.6848,0.84,0.5296,1654041600000
ORDERUSDT,2025,-0.36692855032107763,-0.36082855032107763,0.0009000000000000001,STOP,0.25,1759536000000,1759708800000,0.35194,0.47893,0.2357998,1758844800000
ORDERUSDT,2025,0.13444917981272947,0.14218831981272947,-0.0007391399999999999,TARGET,0.25,1760486400000,1760659200000,0.24777,0.283,0.21254,1758844800000
ORDERUSDT,2025,0.1315457138436664,0.13761028384366641,0.0009354300000000002,DELIST,0.25,1761609600000,1761868800000,0.25049,0.39237,0.1678283,1758844800000
ORDIUSDT,2023,-0.0924592358952956,-0.0944094858952956,0.008950250000000002,TIME,0.25,1702339200000,1702857600000,46.722,70.0,31.30374,1699315200000
OXTUSDT,2023,0.0019300093082848689,0.007860399308284869,0.0010696100000000001,TIME,0.25,1694995200000,1695513600000,0.06361,0.08678,0.0426187,1691712000000
PENGUUSDT,2024,-0.10314770239334389,-0.09860152239334388,0.0024538200000000007,TIME,0.25,1735344000000,1735862400000,0.033894,0.043557,0.024231000000000003,1734393600000
PHAUSDT,2025,0.2602787777741094,0.2651787777741094,0.0021000000000000003,TIME,0.25,1737244800000,1737763200000,0.30289,0.40871,0.20293630000000001,1735516800000
PHBUSDT,2023,0.027638562664092668,0.03266409266409267,0.0019744700000000003,TIME,0.25,1677283200000,1677801600000,1.295,1.685,0.9049999999999998,1676505600000
PHBUSDT,2023,0.07674064175179789,0.08187350175179789,0.0018671400000000002,TIME,0.25,1679356800000,1679875200000,1.0846,1.35,0.8191999999999999,1676505600000
PIEVERSEUSDT,2025,-0.45149014627151046,-0.44359464627151046,-0.0008954999999999998,STOP,0.25,1763424000000,1763596800000,0.2615,0.3775,0.17520500000000003,1763078400000
PIEVERSEUSDT,2025,-0.6185104050443597,-0.5880861850443597,-0.023424220000000003,STOP,0.25,1764201600000,1764720000000,0.3945,0.6265,0.264315,1763078400000
PIEVERSEUSDT,2025,0.29905364999999995,0.32999999999999996,-0.023946349999999998,TARGET,0.25,1765497600000,1765497600000,0.5083,1.0221,0.340561,1763078400000
PIPPINUSDT,2025,-0.19301035003484313,-0.1877177700348431,0.00170742,TIME,0.25,1739664000000,1740182400000,0.02296,0.03516,0.015383200000000001,1737676800000
PIXELUSDT,2024,-0.26660868558212697,-0.26478917558212695,0.00518049,TIME,0.25,1710892800000,1711411200000,0.6356,1.0366,0.42585200000000006,1708300800000
PNUTUSDT,2024,0.23545516183966392,0.2343637318396639,0.00809143,TIME,0.25,1732147200000,1732665600000,1.42825,2.51311,0.9569275,1731283200000
POLYXUSDT,2023,0.15156530799676887,0.1514539579967689,0.00711135,TIME,0.25,1698796800000,1699315200000,0.2476,0.43,0.165892,1698192000000
POPCATUSDT,2024,0.1878408420129966,0.19332447201299663,0.00151637,TARGET,0.25,1724803200000,1725148800000,0.6771,0.808,0.5462,1724284800000
POPCATUSDT,2024,-0.014990676559485435,-0.013826366559485435,0.005835689999999999,DELIST,0.25,1727481600000,1727654400000,0.933,1.0864,0.7796000000000001,1724284800000
POWERUSDT,2025,-0.5927830526336527,-0.6014009826336527,0.01561793,STOP,0.25,1765411200000,1765929600000,0.20557,0.3292,0.13773190000000002,1764979200000
POWERUSDT,2026,0.30114511844822855,0.31007964844822855,-0.0019345299999999996,TARGET,0.25,1767571200000,1768003200000,0.29128,0.3816,0.20095999999999997,1764979200000
POWERUSDT,2026,0.045220518691206565,0.048261758691206566,0.0039587599999999995,DELIST,0.25,1769385600000,1769817600000,0.1956,0.234,0.15719999999999998,1764979200000
PRLUSDT,2026,-0.2841096354658384,-0.2732919254658384,-0.00381771,STOP,0.25,1775865600000,1776297600000,0.161,0.205,0.11700000000000002,1775001600000
PRLUSDT,2026,-0.16201382445434298,-0.15590200445434296,0.00088818,TIME,0.25,1776556800000,1777075200000,0.1796,0.4486,0.12033200000000001,1775001600000
PRLUSDT,2026,0.0051657188603988,0.023860398860398802,-0.011694680000000002,TIME,0.25,1777593600000,1778112000000,0.2808,0.4047,0.188136,1775001600000
PROVEUSDT,2025,0.1456785178414431,0.1756859178414431,-0.023007399999999997,TIME,0.25,1755216000000,1755734400000,1.3194,1.7448,0.8939999999999999,1754352000000
PTBUSDT,2025,-0.5555802564160403,-0.5506265664160402,0.0020463100000000004,TIME,0.25,1757548800000,1758067200000,0.0399,0.0874,0.026733,1756857600000
PTBUSDT,2025,0.31935975999999994,0.32999999999999996,-0.00364024,TARGET,0.25,1760486400000,1760486400000,0.04909,0.07878,0.032890300000000004,1756857600000
PUMPUSDT,2025,0.07238602338028169,0.0947605633802817,-0.01537454,TIME,0.25,1745452800000,1745971200000,0.08875,0.23815,0.0594625,1744416000000
PUNDIXUSDT,2025,0.08660721810397551,0.11200305810397551,-0.018395840000000004,TIME,0.25,1746489600000,1747008000000,0.5232,0.6476,0.39880000000000004,1745971200000
QUSDT,2025,0.0036667729565840962,-0.0031575170434159053,0.013824290000000001,TIME,0.25,1758412800000,1758931200000,0.02787,0.041452,0.0186729,1756771200000
QUSDT,2025,0.32454560999999993,0.32999999999999996,0.00154561,TARGET,0.25,1759968000000,1760054400000,0.024006,0.053525,0.01608402,1756771200000
RAREUSDT,2024,0.32339098420440376,0.32862484420440374,0.00176614,TARGET,0.25,1724544000000,1724976000000,0.2407,0.3198,0.16160000000000002,1723680000000
RAVEUSDT,2025,-0.08902457041623432,-0.08077943041623431,-0.001245140000000001,TIME,0.25,1766880000000,1767398400000,0.43365,0.79581,0.2905455,1765670400000
RAYSOLUSDT,2025,0.1313130063408693,0.1375841563408693,0.0007288500000000001,TARGET,0.25,1737849600000,1737936000000,7.6346,8.685,6.584199999999999,1733788800000
RAYUSDT,2021,0.1672429201962952,0.1729333701962952,0.0013095500000000003,TARGET,0.25,1631577600000,1631836800000,14.468,16.97,11.966000000000001,1629417600000
RAYUSDT,2021,0.03311195699453547,0.04371584699453547,-0.0036038900000000007,DELIST,0.25,1632528000000,1632960000000,10.065,11.775,8.354999999999999,1629417600000
RDNTUSDT,2023,0.019569372627599294,0.028119092627599294,-0.0015497199999999999,TIME,0.25,1681948800000,1682467200000,0.4232,0.4976,0.34880000000000005,1680652800000
RECALLUSDT,2025,-0.3095376621549546,-0.3023280821549546,-0.00020957999999999987,TIME,0.25,1761004800000,1761523200000,0.37198,0.624,0.2492266,1760486400000
REDUSDT,2025,0.13544904210086367,0.15241014210086368,-0.0099611,TIME,0.25,1742256000000,1742774400000,0.7178,0.912,0.5236,1741219200000
REEFUSDT,2021,-0.17853815524643682,-0.18673158524643682,0.015193430000000003,STOP,0.25,1615248000000,1615507200000,0.036764,0.043629,0.029898999999999995,1613952000000
REEFUSDT,2021,0.12481737574483975,0.10569429574483975,0.02612308,TIME,0.25,1615852800000,1616371200000,0.040163,0.059075,0.02690921,1613952000000
RENUSDT,2020,-0.0224805145506631,-0.021018644550663098,0.00553813,TIME,0.25,1605139200000,1605657600000,0.31591,0.35632,0.2755,1602547200000
RESOLVUSDT,2025,-0.24927705464063005,-0.24312438464063005,0.0008473300000000001,TIME,0.25,1752537600000,1753056000000,0.15235,0.2624,0.10207450000000001,1749513600000
REZUSDT,2024,0.06778725020256586,0.07292370020256586,0.00186355,DELIST,0.25,1716940800000,1717113600000,0.1481,0.1704,0.12580000000000002,1714435200000
RIFUSDT,2023,-0.10670277763401104,-0.09343807763401103,-0.0062647,TIME,0.25,1698796800000,1699315200000,0.1082,0.149,0.072494,1697846400000
RIVERUSDT,2025,-0.10192321557044977,-0.10128090557044976,0.006357689999999999,TIME,0.25,1761350400000,1761868800000,6.714,10.446,4.498380000000001,1760659200000
RLCUSDT,2020,-0.23151945327993476,-0.22508824327993476,0.00056879,STOP,0.25,1597190400000,1597190400000,1.4732,1.8048,1.1416000000000002,1596153600000
RLCUSDT,2020,0.049695717068225925,0.04942116706822593,0.00727455,TIME,0.25,1597708800000,1598227200000,1.7017,2.1658,1.2376,1596153600000
RNDRUSDT,2023,0.1020599154195275,0.1069475154195275,0.0021124,TIME,0.25,1676851200000,1677369600000,1.7186,2.145,1.2921999999999998,1675382400000
RNDRUSDT,2023,0.1380120400447795,0.1440406000447795,0.00097144,TIME,0.25,1679356800000,1679875200000,1.3399,1.6056,1.0742000000000003,1675382400000
ROBOUSDT,2026,-0.01651691423834708,0.02787121576165292,-0.03738813,TIME,0.25,1772668800000,1773187200000,0.04162,0.06233,0.0278854,1772150400000
RONINUSDT,2024,0.1693439175070894,0.1729827275070894,0.003361190000000001,TARGET,0.25,1710547200000,1710806400000,3.879,4.55,3.208,1707177600000
ROSEUSDT,2022,0.1305818845705327,0.1363818845705327,0.0012000000000000001,TARGET,0.25,1642377600000,1642636800000,0.52309,0.59443,0.4517500000000001,1640908800000
RSRUSDT,2020,0.25745502262626263,0.26262626262626265,0.00182876,TARGET,0.25,1603929600000,1604361600000,0.01386,0.0175,0.01022,1603065600000
RSRUSDT,2020,-0.20005800716535443,-0.19458267716535443,0.0015246700000000003,STOP,0.25,1605225600000,1605571200000,0.015875,0.018964,0.012785999999999999,1603065600000
RUNEUSDT,2020,0.1774300503012615,0.1843344003012615,9.565000000000008e-05,TARGET,0.25,1601424000000,1601596800000,0.5311,0.629,0.43320000000000003,1599177600000
RVVUSDT,2025,0.3115028855613842,0.3084863355613842,0.010016549999999999,TARGET,0.25,1761436800000,1761782400000,0.011819,0.015465,0.008173,1760745600000
RVVUSDT,2025,0.011338874275085491,0.01729338427508549,0.00104549,DELIST,0.25,1764374400000,1764460800000,0.004973,0.012,0.00333191,1760745600000
SAGAUSDT,2024,0.16394988334003258,0.16948990334003258,0.0014599799999999996,TARGET,0.25,1713830400000,1714176000000,4.1796,4.888,3.4711999999999996,1712620800000
SAHARAUSDT,2025,0.12060315135017513,0.14096168135017514,-0.01335853,DELIST,0.25,1753488000000,1753920000000,0.09421,0.16697,0.0631207,1750896000000
SAPIENUSDT,2025,0.2728405346387984,0.27906769463879844,0.0007728400000000001,TARGET,0.25,1756080000000,1756252800000,0.22439,0.28701,0.16177000000000002,1755648000000
SAPIENUSDT,2025,-0.5026159948338791,-0.49728591483387913,0.00166992,STOP,0.25,1757462400000,1757721600000,0.2137,0.31997,0.143179,1755648000000
SCRTUSDT,2024,0.21125395164030472,0.21323960164030473,0.00501435,TARGET,0.25,1733443200000,1733702400000,0.6828,0.8284,0.5371999999999999,1732147200000
SCRUSDT,2024,-0.14370149151073947,-0.13709096151073946,0.00038947000000000005,STOP,0.25,1731110400000,1731110400000,0.6937,0.7888,0.5986,1729555200000
SCUSDT,2021,-0.09240510968489626,-0.08890938968489626,0.0035042799999999994,TIME,0.25,1619136000000,1619654400000,0.034687,0.064289,0.023240290000000004,1618185600000
SENTUSDT,2025,-0.07492484752654181,-0.07002484752654181,0.0021000000000000003,TIME,0.25,1764633600000,1765152000000,0.04427,0.05217,0.03636999999999999,1763078400000
SFPUSDT,2021,-0.04021002704402519,-0.05157232704402519,0.0183623,TIME,0.25,1614902400000,1615420800000,1.8285,2.2856,1.3714,1614124800000
SFPUSDT,2021,-0.15101468527739023,-0.15827878527739023,0.014264100000000002,TIME,0.25,1616630400000,1617148800000,2.7957,3.983,1.8731190000000002,1614124800000
SKATEUSDT,2025,-0.045388542514619754,-0.040935672514619756,0.0025471300000000003,TIME,0.25,1750204800000,1750723200000,0.04275,0.052,0.03350000000000001,1749427200000
SKLUSDT,2020,-0.2181108437219399,-0.2166687337219399,0.005557890000000001,STOP,0.25,1609286400000,1609804800000,0.08063,0.0981,0.06315999999999998,1607385600000
SKLUSDT,2021,0.19003277462779622,0.19611294462779622,0.0009198300000000002,TARGET,0.25,1611187200000,1611273600000,0.13635,0.16309,0.10960999999999999,1607385600000
SKRUSDT,2026,0.14629726454927514,0.16176344454927513,-0.008466180000000002,TIME,0.25,1770940800000,1771459200000,0.023318,0.028949,0.017686999999999998,1769040000000
SKRUSDT,2026,-0.05416708300777724,-0.03888544300777724,-0.00828164,DELIST,0.25,1772150400000,1772236800000,0.020959,0.026768,0.015149999999999997,1769040000000
SNXUSDT,2020,0.15949348673223232,0.16589348673223234,0.0006000000000000001,TARGET,0.25,1600041600000,1600128000000,5.389,6.283,4.495,1597363200000
SOMIUSDT,2025,-0.1428128592661031,-0.13658153926610309,0.00076868,TIME,0.25,1757462400000,1757980800000,1.1473,1.9058,0.768691,1756080000000
SPACEUSDT,2026,0.01409547630831642,0.03640973630831642,-0.01531426,TIME,0.25,1771545600000,1772064000000,0.00986,0.015993,0.0066062000000000004,1769126400000
SPKUSDT,2025,0.032750922436666045,0.05878940243666604,-0.01903848,DELIST,0.25,1753574400000,1753920000000,0.10342,0.1884,0.0692914,1750118400000
SPXUSDT,2024,-0.129827978737197,-0.12342797873719702,0.0006000000000000001,STOP,0.25,1735257600000,1735344000000,0.7713,0.8665,0.6760999999999999,1733788800000
SPXUSDT,2025,0.16120099820019781,0.16605400820019783,0.00214699,TARGET,0.25,1736294400000,1736380800000,1.4146,1.6495,1.1797000000000002,1733788800000
SPXUSDT,2025,-0.0006789305937474404,0.005307239406252559,0.00101383,TIME,0.25,1737763200000,1738281600000,1.2059,1.7824,0.807953,1733788800000
SQDUSDT,2025,-0.02180427046484273,0.009826419535157265,-0.024630689999999997,TIME,0.25,1751673600000,1752192000000,0.16995,0.19195,0.14794999999999997,1749600000000
STABLEUSDT,2025,0.21040886302596232,0.21530886302596233,0.0021000000000000003,TIME,0.25,1762905600000,1763424000000,0.04468,0.07742,0.0299356,1762387200000
STABLEUSDT,2025,-0.0377429695518304,-0.0328429695518304,0.0021000000000000003,TIME,0.25,1764460800000,1764979200000,0.02923,0.04444,0.0195841,1762387200000
STARUSDT,2026,0.10326738666666674,0.10166666666666674,0.00860072,TIME,0.25,1779408000000,1779926400000,0.162,0.20658,0.11742,1778716800000
STBLUSDT,2025,0.13212682234617684,0.13464323234617684,0.00448359,TIME,0.25,1759276800000,1759795200000,0.35219,0.61333,0.23596730000000002,1758067200000
STBLUSDT,2025,-0.3208383906333973,-0.3147792706333973,0.0009408800000000002,TIME,0.25,1760745600000,1761264000000,0.08336,0.22228,0.055851200000000004,1758067200000
STGUSDT,2022,0.15411743954644977,0.16437284954644976,-0.00325541,TIME,0.25,1663027200000,1663545600000,0.6394,0.8852,0.428398,1661385600000
STMXUSDT,2021,0.00040108801540192623,-0.019894111984598076,0.027295200000000002,TIME,0.25,1617840000000,1618358400000,0.06233,0.09981,0.0417611,1616371200000
STORJUSDT,2020,-0.025541755573147577,-0.015832805573147576,-0.00270895,TIME,0.25,1601596800000,1602115200000,0.4737,0.5356,0.41180000000000005,1600214400000
STORJUSDT,2020,0.27232855285824625,0.27771340285824625,0.00161515,TARGET,0.25,1602720000000,1603152000000,0.5178,0.6616,0.3740000000000001,1600214400000
STOUSDT,2025,0.07271631968701957,0.07761631968701957,0.0021000000000000003,TIME,0.25,1746576000000,1747094400000,0.14314,0.21945,0.0959038,1744416000000
STRAXUSDT,2023,-0.14280058295288667,-0.09528865295288665,-0.04051193,TIME,0.25,1697673600000,1698192000000,0.7535,1.2297,0.504845,1696982400000
STRKUSDT,2024,-0.12370030893342632,-0.12452073893342631,0.00782043,STOP,0.25,1709942400000,1710115200000,2.2952,2.581,2.0094,1708387200000
STXUSDT,2023,-0.22438078791689448,-0.21514488791689446,-0.0022359,STOP,0.25,1677283200000,1677456000000,0.7316,0.889,0.5742,1676937600000
STXUSDT,2023,0.08244387516160621,0.08942213516160621,2.1739999999999978e-05,TIME,0.25,1679702400000,1680220800000,1.021,1.3089,0.7330999999999999,1676937600000
SUNUSDT,2024,-0.04515284755689307,-0.026587697556893067,-0.011565150000000001,TIME,0.25,1724716800000,1725235200000,0.031067,0.04479,0.020814890000000003,1724284800000
SUPERUSDT,2023,-0.021685596525154525,-0.019221126525154526,0.00453553,TIME,0.25,1701907200000,1702425600000,0.5983,0.7449,0.4517000000000001,1700956800000
SUSDT,2025,-0.14722271031055903,-0.14052795031055904,0.00030524,STOP,0.25,1739664000000,1739750400000,0.5152,0.5876,0.44279999999999997,1736985600000
SUSDT,2025,0.22595695533914126,0.23198506533914126,0.0009718900000000001,TARGET,0.25,1740268800000,1740700800000,0.8035,0.9899,0.6171,1736985600000
SUSHIUSDT,2020,0.20304710397497863,0.20807506397497863,0.00197204,TIME,0.25,1600214400000,1600732800000,1.7585,5.0686,1.178195,1599177600000
SWARMSUSDT,2025,0.32683879999999993,0.32999999999999996,0.0038388,TARGET,0.25,1737676800000,1737936000000,0.1409,0.2433,0.094403,1736208000000
SWARMSUSDT,2025,-0.19181877740932637,-0.18652849740932637,0.0017097199999999999,TIME,0.25,1738800000000,1739318400000,0.0386,0.0694,0.025862000000000003,1736208000000
SWARMSUSDT,2025,-0.3904007478947368,-0.38526315789473675,0.00186241,DELIST,0.25,1740441600000,1740700800000,0.0475,0.0824,0.031825,1736208000000
SXPUSDT,2020,-0.2461534734553248,-0.27253544345532477,0.03338197,TIME,0.25,1595894400000,1596412800000,1.5165,2.288,1.016055,1595289600000
SXPUSDT,2020,0.18735576401645476,0.16218399401645478,0.032171769999999995,TIME,0.25,1597536000000,1598054400000,3.3425,5.0234,2.239475,1595289600000
SXTUSDT,2025,-0.11988776113924057,-0.10506329113924057,-0.00782447,STOP,0.25,1750896000000,1751241600000,0.0711,0.07857,0.06362999999999999,1746144000000
SYRUPUSDT,2025,-0.3222683697413443,-0.3159004297413443,0.00063206,STOP,0.25,1747094400000,1747267200000,0.24666,0.32458,0.16874,1746576000000
TACUSDT,2025,0.04678301016701471,0.06263048016701471,-0.008847470000000001,TIME,0.25,1755475200000,1755993600000,0.01437,0.01744,0.011300000000000001,1752537600000
TAGUSDT,2025,0.18537738738586906,0.18788776738586907,0.00448962,TARGET,0.25,1755475200000,1755907200000,0.0010799,0.0012828,0.000877,1753401600000
TAKEUSDT,2025,-0.48870777638446705,-0.48473162638446704,0.0030238500000000002,STOP,0.25,1760140800000,1760486400000,0.22301,0.33111,0.1494167,1756857600000
TANSSIUSDT,2025,0.13184399585365855,0.13658536585365855,0.00225863,TIME,0.25,1754956800000,1755475200000,0.0574,0.08861,0.038458,1752019200000
TIAUSDT,2023,0.009934936085683209,0.01447577608568321,0.00245916,TIME,0.25,1700524800000,1701043200000,5.9755,7.4438,4.5072,1698710400000
TLMUSDT,2021,-0.18857594213932252,-0.18157594213932252,0.0,TIME,0.25,1628035200000,1628553600000,0.2627,0.3748,0.176009,1626393600000
TNSRUSDT,2024,0.23828756862367673,0.24350336862367675,0.0017841999999999997,TARGET,0.25,1714003200000,1714435200000,1.039,1.292,0.7859999999999998,1712534400000
TOKENUSDT,2023,0.11151393402482845,0.11205488402482847,0.006459050000000001,TIME,0.25,1700179200000,1700697600000,0.03061,0.0388,0.022419999999999995,1698969600000
TOKENUSDT,2023,0.024081493257918665,0.012669683257918663,0.01841181,TIME,0.25,1702166400000,1702684800000,0.0442,0.0585,0.029900000000000003,1698969600000
TONUSDT,2024,0.1527144561204266,0.15940058612042662,0.00031387000000000006,TARGET,0.25,1712966400000,1712966400000,6.6198,7.675,5.5645999999999995,1709251200000
TRADOORUSDT,2025,0.021186997699804963,0.02612085769980496,0.00206614,TIME,0.25,1758585600000,1759104000000,2.565,4.798,1.71855,1758240000000
TRADOORUSDT,2025,0.16520803063400577,0.17146974063400577,0.00073829,TIME,0.25,1760140800000,1760659200000,2.776,5.252,1.85992,1758240000000
TRBUSDT,2020,0.0201803333333334,0.0495833333333334,-0.022403000000000003,TIME,0.25,1602720000000,1603238400000,21.6,26.75,16.450000000000003,1599091200000
TRBUSDT,2020,0.1305986384794922,0.1377199984794922,-0.00012135999999999998,TARGET,0.25,1603756800000,1603843200000,26.307,29.93,22.683999999999997,1599091200000
TREEUSDT,2025,0.022340376234747265,0.029052876234747265,0.00028750000000000005,DELIST,0.25,1756598400000,1756598400000,0.3442,0.5836,0.230614,1753747200000
TRIAUSDT,2026,0.12362652868466392,0.12866168868466393,0.00196484,TIME,0.25,1771200000000,1771718400000,0.01741,0.02135,0.013469999999999996,1770336000000
TRIAUSDT,2026,-0.3830062388988261,-0.3778647288988261,0.00185849,STOP,0.25,1772582400000,1772841600000,0.01789,0.02465,0.0119863,1770336000000
TRIAUSDT,2026,0.17750013725085906,0.18384879725085906,0.0006513400000000004,TIME,0.25,1774396800000,1774915200000,0.03492,0.05174,0.0233964,1770336000000
TROYUSDT,2024,0.1949208468673718,0.1991456468673718,0.0027752000000000002,TARGET,0.25,1731283200000,1731456000000,0.004916,0.005895,0.003937,1730332800000
TRUMPUSDT,2025,0.24469208969772072,0.24896982969772075,0.0027222600000000007,TIME,0.25,1737676800000,1738195200000,34.703,79.7,23.251010000000004,1737158400000
TRUMPUSDT,2025,0.241352585067839,0.247073895067839,0.0012786899999999999,TIME,0.25,1739836800000,1740355200000,17.173,24.6,11.50591,1737158400000
TRUSTUSDT,2025,0.0777261820770129,0.1347724620770129,-0.05004628,TIME,0.25,1764201600000,1764720000000,0.1714,0.5143,0.11483800000000001,1762300800000
TRUTHUSDT,2025,-0.3419501373498776,-0.33357485734987763,-0.0013752799999999998,TIME,0.25,1760486400000,1761004800000,0.011041,0.0187,0.007397470000000001,1759276800000
TRUTHUSDT,2025,-0.36114524131135733,-0.36884426131135734,0.01469902,TIME,0.25,1762819200000,1763337600000,0.024997,0.052158,0.01674799,1759276800000
TSTUSDT,2025,0.07971675873605935,0.08550185873605935,0.0012148999999999999,TIME,0.25,1740441600000,1740960000000,0.0807,0.1426,0.054069,1739059200000
TURBOUSDT,2024,0.28807147363567936,0.2929996236356794,0.00207185,TARGET,0.25,1718150400000,1718582400000,0.005314,0.006871,0.003757,1717027200000
TURBOUSDT,2024,0.11198292391073703,0.11743186391073704,0.0015510599999999997,DELIST,0.25,1719273600000,1719705600000,0.005467,0.006899,0.0040349999999999995,1717027200000
TUSDT,2023,0.021357467408312906,0.032518337408312906,-0.00416087,TIME,0.25,1679356800000,1679875200000,0.0409,0.04884,0.032959999999999996,1675209600000
TUTUSDT,2025,0.3235236,0.33,0.0005236,TARGET,0.25,1743552000000,1743638400000,0.03442,0.056,0.0230614,1742428800000
TWTUSDT,2023,0.2309895174575353,0.2350274074575353,0.0029621100000000004,TARGET,0.25,1699488000000,1699920000000,1.4777,1.825,1.1304,1698969600000
UBUSDT,2025,0.32531884999999994,0.32999999999999996,0.0023188500000000008,TARGET,0.25,1758499200000,1758844800000,0.037834,0.058198,0.02534878,1757635200000
UBUSDT,2025,-0.026777208921584226,-0.021631938921584225,0.00185473,TIME,0.25,1759968000000,1760486400000,0.031435,0.036986,0.025883999999999997,1757635200000
UNFIUSDT,2021,-0.0031135447010592074,-0.014589594701059205,0.018476049999999997,TIME,0.25,1614816000000,1615334400000,34.271,44.155,24.387,1613692800000
UNIUSDT,2020,0.21690666284693497,0.21885577284693497,0.005050890000000001,TIME,0.25,1601337600000,1601856000000,4.2544,5.5608,2.9480000000000004,1600387200000
USELESSUSDT,2025,0.21962172480236256,0.22444343480236256,0.0021782900000000003,TIME,0.25,1756166400000,1756684800000,0.2201,0.2957,0.14746700000000001,1755216000000
USELESSUSDT,2025,-0.2361406604322766,-0.2305475504322766,0.0014068899999999996,STOP,0.25,1757462400000,1757548800000,0.2082,0.2562,0.1602,1755216000000
USUALUSDT,2024,-0.026431138145100924,-0.006077038145100925,-0.0133541,TIME,0.25,1734825600000,1735344000000,1.0696,1.65,0.7166320000000002,1734480000000
UXLINKUSDT,2024,-0.22221665843263064,-0.21429880843263063,-0.00091785,TIME,0.25,1727049600000,1727568000000,0.5455,0.748,0.365485,1726358400000
VELVETUSDT,2025,0.07843316001579767,0.07835703001579768,0.007076129999999999,TIME,0.25,1752969600000,1753488000000,0.0633,0.09662,0.042411,1752537600000
VELVETUSDT,2025,0.13528183664372528,0.1394054766437253,0.0028763600000000005,TIME,0.25,1754956800000,1755475200000,0.06829,0.118,0.045754300000000005,1752537600000
VFYUSDT,2025,0.32308084000000004,0.33,8.083999999999999e-05,TARGET,0.25,1760054400000,1760054400000,0.1111,0.17212,0.074437,1759190400000
VFYUSDT,2025,-0.18123154503401376,-0.17646258503401374,0.0022310400000000005,TIME,0.25,1760918400000,1761436800000,0.0735,0.09959,0.049245,1759190400000
VINEUSDT,2025,0.32866468,0.33,0.00566468,TARGET,0.25,1738022400000,1738281600000,0.25798,0.4755,0.1728466,1737676800000
VINEUSDT,2025,-0.5849908632496074,-0.5789638932496074,0.00097303,DELIST,0.25,1740441600000,1740700800000,0.03185,0.0544,0.021339500000000004,1737676800000
VIRTUALUSDT,2024,-0.1823496017054263,-0.17728682170542628,0.0019372200000000003,TIME,0.25,1734480000000,1734998400000,2.58,3.3308,1.8292000000000002,1733788800000
VIRTUALUSDT,2025,0.20383745851490467,0.2053035785149047,0.005533879999999999,TARGET,0.25,1735948800000,1736294400000,4.2839,5.1634,3.4044,1733788800000
VIRTUALUSDT,2025,0.20146908749819414,0.20689862749819415,0.00157046,TARGET,0.25,1737158400000,1737244800000,3.3224,4.0098,2.635,1733788800000
VVVUSDT,2025,0.2800824313597734,0.2889518413597734,-0.00186941,TIME,0.25,1739404800000,1739923200000,6.354,8.95,4.25718,1738108800000
WALUSDT,2025,-0.05102362178036239,-0.03108924178036239,-0.01293438,TIME,0.25,1743984000000,1744502400000,0.4471,0.6072,0.299557,1743033600000
WAVESUSDT,2020,-0.05590693629056415,-0.05279580629056416,0.00388887,TIME,0.25,1598054400000,1598572800000,3.2048,4.8188,2.1472160000000002,1597190400000
WCTUSDT,2025,-0.5338132893732195,-0.5193732193732195,-0.007440069999999999,STOP,0.25,1745020800000,1745107200000,0.351,0.5333,0.23517,1744675200000
WIFUSDT,2024,0.17982037057971018,0.18231884057971018,0.00450153,TARGET,0.25,1706400000000,1706572800000,0.345,0.4079,0.28209999999999996,1705536000000
WIFUSDT,2024,0.2044263716012896,0.1980118216012896,0.01341455,TIME,0.25,1708128000000,1708646400000,0.3722,0.4774,0.26699999999999996,1705536000000
XAIUSDT,2024,0.00953815166882277,0.014230271668822769,0.0023078800000000004,TIME,0.25,1705708800000,1706227200000,0.8503,1.238,0.569701,1704758400000
XAIUSDT,2024,0.11681183425007008,0.12139052425007009,0.0024213100000000003,TARGET,0.25,1709078400000,1709078400000,1.4268,1.6,1.2536,1704758400000
XANUSDT,2025,0.31779791,0.33,-0.0052020899999999995,TARGET,0.25,1759795200000,1759968000000,0.10019,0.13997,0.0671273,1759104000000
XANUSDT,2025,0.18620869640073356,0.20403484640073358,-0.01082615,DELIST,0.25,1761609600000,1761868800000,0.04362,0.05905,0.029225400000000002,1759104000000
XCNUSDT,2025,0.134440516281407,0.150251256281407,-0.008810740000000001,TIME,0.25,1745712000000,1746230400000,0.0199,0.02446,0.015340000000000003,1744329600000
XNYUSDT,2025,0.32411972999999994,0.32999999999999996,0.0011197299999999998,TARGET,0.25,1755475200000,1755561600000,0.017254,0.031,0.01156018,1755043200000
XNYUSDT,2025,0.13987120434121914,0.14272146434121913,0.00414974,TIME,0.25,1757721600000,1758240000000,0.011582,0.016891,0.007759940000000001,1755043200000
XPINUSDT,2025,0.044136273469223615,0.04867909346922361,0.0024571799999999998,DELIST,0.25,1761782400000,1761868800000,0.007457,0.010318,0.00499619,1757635200000
XPLUSDT,2025,-0.21620096430384034,-0.21130096430384032,0.0021000000000000003,TIME,0.25,1756771200000,1757289600000,0.5911,0.89,0.396037,1755820800000
XPLUSDT,2025,0.14445115115115115,0.15115115115115116,0.00030000000000000003,DELIST,0.25,1759190400000,1759190400000,1.1988,1.6917,0.8031960000000001,1755820800000
XTZUSDT,2020,0.1916789634581698,0.1929930534581698,0.00568591,TARGET,0.25,1582416000000,1582675200000,3.311,3.95,2.6719999999999997,1580947200000
YALAUSDT,2025,-0.33831044389891685,-0.33212996389891686,0.00081952,STOP,0.25,1757635200000,1757721600000,0.1385,0.1845,0.09279500000000002,1754524800000
YFIIUSDT,2020,0.3245,0.33,0.0015000000000000002,TARGET,0.25,1600214400000,1600560000000,4917.7,6970.0,3294.859,1599091200000
YFIIUSDT,2020,0.15977711112912224,0.18487982112912224,-0.018102709999999998,TARGET,0.25,1602720000000,1603152000000,2146.8,2543.7,1749.9000000000005,1599091200000
YFIUSDT,2020,0.25235631254487645,0.26110068254487645,-0.00174437,TARGET,0.25,1600300800000,1600646400000,34840.2,43937.0,25743.399999999994,1598832000000
YFIUSDT,2020,0.04178646879962965,0.048486468799629645,0.00030000000000000003,DELIST,0.25,1601424000000,1601424000000,25060.6,33800.0,16790.602,1598832000000
ZECUSDT,2020,0.032684867372708724,0.043788187372708724,-0.00410332,TIME,0.25,1584921600000,1585440000000,29.46,36.23,22.690000000000005,1580860800000
ZENUSDT,2020,0.2156635011536137,0.2175114411536137,0.00515206,TIME,0.25,1607126400000,1607644800000,11.581,16.868,7.75927,1606176000000
ZENUSDT,2020,-0.0056310547658402965,0.0006887052341597037,0.00068024,DELIST,0.25,1609286400000,1609372800000,11.616,13.331,9.901,1606176000000
ZEREBROUSDT,2025,0.32489466,0.33,0.0018946600000000003,TARGET,0.25,1737676800000,1737936000000,0.1524,0.2358,0.102108,1735776000000
ZETAUSDT,2024,0.020811803351287562,0.01960949335128756,0.00820231,TIME,0.25,1708214400000,1708732800000,2.3764,2.8768,1.876,1706832000000
ZETAUSDT,2024,0.13800872755207885,0.14366704755207885,0.0013416799999999998,TARGET,0.25,1710460800000,1710460800000,2.2754,2.6023,1.9484999999999997,1706832000000
ZKCUSDT,2025,-0.0782639699461401,-0.0650807899461401,-0.006183180000000001,TIME,0.25,1761091200000,1761609600000,0.2228,0.3426,0.14927600000000002,1757894400000
ZKPUSDT,2025,0.03172745388138576,0.04132413388138576,-0.0025966800000000014,TIME,0.25,1767052800000,1767571200000,0.13624,0.1849,0.09128080000000001,1766275200000
ZKPUSDT,2026,0.12314086115702477,0.17752066115702478,-0.04737979999999999,TIME,0.25,1768089600000,1768608000000,0.15125,0.22431,0.1013375,1766275200000
ZORAUSDT,2025,-0.3206368945688961,-0.3157131345688961,0.00207624,TIME,0.25,1754006400000,1754524800000,0.06205,0.09834,0.041573500000000006,1753401600000
ZORAUSDT,2025,0.1835742341235117,0.1910754041235117,-0.0005011699999999999,TIME,0.25,1755216000000,1755734400000,0.10331,0.14863,0.06921770000000001,1753401600000
ZORAUSDT,2025,0.27552706162790697,0.28604651162790695,-0.003519449999999999,TARGET,0.25,1756166400000,1756512000000,0.0989,0.12719,0.07061,1753401600000
ZROUSDT,2024,0.19202170539566313,0.19909884539566314,-7.713999999999998e-05,TARGET,0.25,1720051200000,1720137600000,3.551,4.258,2.8440000000000003,1718841600000
ZROUSDT,2024,0.0811915850357653,0.0872675250357653,0.0009240600000000001,TIME,0.25,1721779200000,1722297600000,4.893,5.612,4.1739999999999995,1718841600000
币安人生USDT,2025,-0.18034981617070756,-0.19202922617070756,0.01867941,TIME,0.25,1762214400000,1762732800000,0.15055,0.26277,0.1008685,1760918400000
我踏马来了USDT,2026,0.2976013199999999,0.3299999999999999,-0.025398680000000003,TARGET,0.25,1770076800000,1770422400000,0.03654,0.0658,0.024481800000000005,1768953600000
龙虾USDT,2026,-0.5760934794890512,-0.5739051094890512,0.004811630000000001,STOP,0.25,1776384000000,1776470400000,0.008768,0.0138,0.00587456,1773187200000
0GUSDT,2025,0.27717488999999995,0.32999999999999996,-0.04582511,TARGET,0.5,1758844800000,1759190400000,3.8648,7.15,2.589416,1758067200000
1000000MOGUSDT,2024,0.1615539315704954,0.16551069157049542,0.0030432400000000004,TARGET,0.5,1733788800000,1734134400000,3.4747,4.0498,2.8995999999999995,1730937600000
1000XUSDT,2024,0.05464413376743762,0.05925387376743762,0.00239026,TIME,0.5,1733788800000,1734307200000,0.22007,0.3353,0.1474469,1731456000000
1INCHUSDT,2021,-0.3638399383416011,-0.3678630483416011,0.01102311,STOP,0.5,1609632000000,1609891200000,1.0281,1.4063,0.6888270000000001,1608854400000
1INCHUSDT,2021,-0.3958226855864532,-0.39039479558645324,0.00157211,STOP,0.5,1611273600000,1611446400000,1.5679,2.18,1.0504930000000001,1608854400000
4USDT,2025,0.3256780699999999,0.3299999999999999,0.0026780700000000003,TARGET,0.5,1760659200000,1760832000000,0.1603,0.24,0.10740100000000001,1759881600000
A2ZUSDT,2025,0.1831550618181819,0.18806818181818188,0.00208688,TIME,0.5,1754956800000,1755475200000,0.00704,0.011496,0.0047168,1753833600000
ACTUSDT,2024,0.12110261264718841,0.1186132726471884,0.00948934,TIME,0.5,1733184000000,1733702400000,0.54488,0.811,0.36506960000000005,1731283200000
ACUUSDT,2026,0.004419148430932165,0.008406748430932165,0.0030124,TIME,0.5,1769385600000,1769904000000,0.17367,0.3888,0.1163589,1768953600000
AIAUSDT,2025,0.31950681,0.32999999999999996,-0.0034931899999999998,TARGET,0.5,1760054400000,1760054400000,1.297,3.87763,0.86899,1758153600000
AIAUSDT,2025,-0.5240193459127687,-0.5308861259127686,0.013866779999999999,STOP,0.5,1760572800000,1761004800000,1.0134,1.5514,0.6789780000000001,1758153600000
AIOTUSDT,2025,0.06804457546597949,0.04880475546597949,0.026239820000000004,TIME,0.5,1747008000000,1747526400000,0.39197,0.4935,0.29044,1745971200000
AIOUSDT,2025,-0.1352406701818669,-0.1472318801818669,0.018991209999999998,TIME,0.5,1758326400000,1758844800000,0.14956,0.21,0.10020520000000001,1755043200000
AIXBTUSDT,2025,0.32416195,0.32999999999999996,0.0011619500000000001,TARGET,0.5,1737763200000,1738022400000,0.65471,0.9659,0.43865570000000004,1734652800000
AKROUSDT,2021,0.35658213999999994,0.32999999999999996,0.03358214,TARGET,0.5,1613433600000,1613952000000,0.04435,0.07416,0.0297145,1611014400000
ARCUSDT,2025,-0.6303803459559753,-0.6201342959559752,-0.0032460499999999995,STOP,0.5,1738800000000,1739232000000,0.19807,0.3209,0.13270690000000002,1737072000000
ARCUSDT,2025,0.27206709999999995,0.32999999999999996,-0.050932899999999996,TARGET,0.5,1739664000000,1739836800000,0.23172,0.44,0.1552524,1737072000000
ARCUSDT,2025,-0.1580090999224242,-0.1513510699224242,0.00034197000000000003,DELIST,0.5,1740441600000,1740700800000,0.19207,0.29,0.1286869,1737072000000
ARIAUSDT,2025,-0.1394156606963646,-0.1387608806963646,0.00634522,TIME,0.5,1758326400000,1758844800000,0.15624,0.21014,0.1046808,1756857600000
ASTERUSDT,2025,0.043376050512533904,0.043110330512533906,0.007265719999999999,TIME,0.5,1758844800000,1759363200000,1.8789,2.4363,1.3215,1758240000000
AUCTIONUSDT,2023,0.09033252536430839,0.17608236536430838,-0.07874983999999999,TIME,0.5,1703289600000,1703808000000,37.88,48.75,27.010000000000005,1702598400000
AVAAIUSDT,2025,0.32411616,0.33,0.0011161600000000002,TARGET,0.5,1739577600000,1739836800000,0.04763,0.06949,0.0319121,1737072000000
AVNTUSDT,2025,0.32262708999999995,0.32999999999999996,-0.00037290999999999995,TARGET,0.5,1758844800000,1759104000000,1.5887,2.668,1.064429,1757376000000
AZTECUSDT,2026,-0.5848701798375872,-0.4371229698375871,-0.14074721,STOP,0.5,1771200000000,1771545600000,0.02155,0.03097,0.0144385,1770768000000
AZTECUSDT,2026,0.16453433606094392,0.20475659606094393,-0.033222259999999997,TIME,0.5,1771891200000,1772409600000,0.02691,0.03863,0.018029700000000003,1770768000000
BABYUSDT,2025,0.3201269999999999,0.3299999999999999,-0.002873,TARGET,0.5,1744675200000,1745020800000,0.10287,0.16754,0.06892290000000001,1743811200000
BANDUSDT,2020,0.012894325843003589,-0.010344964156996409,0.03023929,TIME,0.5,1597190400000,1597708800000,12.6245,17.9499,8.458415,1595980800000
BANKUSDT,2025,-0.27788023242638704,-0.271641602426387,0.0007613699999999998,STOP,0.5,1747526400000,1747872000000,0.063304,0.0805,0.046107999999999996,1744934400000
BASEDUSDT,2026,-0.4832931869756523,-0.4699202969756523,-0.00637289,TIME,0.5,1776556800000,1777075200000,0.09159,0.32731,0.061365300000000005,1774828800000
BBUSDT,2024,-0.31022913846845446,-0.3039838784684544,0.0007547400000000001,STOP,0.5,1717459200000,1717545600000,0.6451,0.8412,0.44900000000000007,1715558400000
BEATUSDT,2025,-1.1494376061929559,-1.143524736192956,0.00108713,STOP,0.5,1764633600000,1764979200000,0.7297,1.56413,0.48889900000000003,1762905600000
BEATUSDT,2025,-0.8253897191471528,-0.8016071891471528,-0.01678253,STOP,0.5,1765324800000,1765497600000,1.1573,2.085,0.775391,1762905600000
BEATUSDT,2025,0.30669969999999996,0.32999999999999996,-0.0163003,TARGET,0.5,1766534400000,1766707200000,2.3713,4.5,1.5887710000000002,1762905600000
BILLUSDT,2026,0.32290372999999994,0.32999999999999996,-9.627000000000003e-05,TARGET,0.5,1778976000000,1779148800000,0.14318,0.2372,0.0959306,1778112000000
BLESSUSDT,2025,0.32351086999999995,0.32999999999999996,0.0005108700000000001,TARGET,0.5,1760054400000,1760054400000,0.044123,0.076225,0.029562410000000004,1758585600000
BLESSUSDT,2025,0.32386805,0.33,0.00086805,TARGET,0.5,1760745600000,1760832000000,0.07355,0.23329,0.0492785,1758585600000
BMTUSDT,2025,0.27201311872127865,0.27872127872127866,0.0002918400000000001,TIME,0.5,1742515200000,1743033600000,0.2002,0.3224,0.134134,1742169600000
BOBUSDT,2025,0.17349258472613452,0.20500782472613452,-0.02451524,TIME,0.5,1764979200000,1765497600000,0.019809,0.029427,0.01327203,1763683200000
BROCCOLIF3BUSDT,2025,-0.336923889255774,-0.343028229255774,0.013104339999999999,STOP,0.5,1743897600000,1744329600000,0.01169,0.0157,0.0078323,1742515200000
BROCCOLIF3BUSDT,2025,0.14916802571799978,0.1440706457179998,0.012097379999999998,DELIST,0.5,1745539200000,1745971200000,0.044617,0.11749,0.02989339,1742515200000
BSBUSDT,2026,-0.3394363520373726,-0.3321836320373726,-0.00025271999999999995,DELIST,0.5,1777507200000,1777507200000,0.45809,0.94665,0.30692030000000003,1774396800000
BULLAUSDT,2025,0.002176501737593604,0.0026862717375936056,0.00649023,TIME,0.5,1755475200000,1755993600000,0.07073,0.14321,0.0473891,1751587200000
CAKEUSDT,2023,0.13974796150200522,0.14609916150200522,0.0006488000000000002,TARGET,0.5,1699401600000,1699488000000,2.1944,2.515,1.8737999999999997,1698883200000
CFXUSDT,2023,-0.15335544477054425,-0.14567769477054424,-0.00067775,TIME,0.5,1679529600000,1680048000000,0.3748,0.4888,0.26080000000000003,1676851200000
CGPTUSDT,2025,0.27419818059251966,0.2800503805925197,0.0011478,TARGET,0.5,1737072000000,1737331200000,0.36522,0.4675,0.26293999999999995,1734652800000
CHIPUSDT,2026,0.19537522524203063,0.23978748524203064,-0.037412259999999996,TIME,0.5,1777075200000,1777593600000,0.0847,0.14,0.056749,1776297600000
COAIUSDT,2025,0.18554491999999995,0.32999999999999996,-0.13745508,TARGET,0.5,1760745600000,1760832000000,12.448,20.099,8.340160000000001,1758758400000
COAIUSDT,2025,0.23627795999999995,0.32999999999999996,-0.08672204,TARGET,0.5,1761436800000,1761523200000,7.028,19.892,4.70876,1758758400000
CROSSUSDT,2025,-0.10228582587649274,-0.10012011587649274,0.00483429,TIME,0.5,1753401600000,1753920000000,0.28306,0.44894,0.1896502,1752105600000
CRVUSDT,2020,0.0436302412641084,0.0609480812641084,-0.01031784,DELIST,0.5,1604016000000,1604102400000,0.443,0.635,0.29681,1598918400000
CTSIUSDT,2021,0.12682370310088323,0.13100883310088324,0.0028148699999999997,TIME,0.5,1637020800000,1637539200000,1.0755,1.7295,0.720585,1635206400000
CUSDT,2025,0.11687176541592079,0.1237617854159208,0.00010997999999999993,TIME,0.5,1753401600000,1753920000000,0.33516,0.5487,0.2245572,1752537600000
CVCUSDT,2020,0.10691039937537296,0.11040381937537297,0.003506579999999999,TIME,0.5,1607126400000,1607644800000,0.10054,0.1405,0.06736180000000001,1605052800000
CYBERUSDT,2023,0.2627612153470868,0.2686088653470868,0.0011523500000000001,TIME,0.5,1693699200000,1694217600000,7.174,16.5,4.80658,1692576000000
DAMUSDT,2025,0.2101416316233834,0.2007149616233834,0.01642667,TIME,0.5,1758412800000,1758931200000,0.09511,0.16948,0.06372370000000001,1755475200000
DMCUSDT,2025,0.31897527999999997,0.32999999999999996,-0.004024720000000001,TARGET,0.5,1751587200000,1752019200000,0.007975,0.010983,0.00534325,1750723200000
DYDXUSDT,2021,0.013513479175142278,0.014606389175142278,0.00590709,TIME,0.5,1633132800000,1633651200000,22.319,27.875,16.762999999999998,1631232000000
EDGEUSDT,2026,-0.35499514587570624,-0.35028248587570626,0.00228734,STOP,0.5,1776038400000,1776297600000,0.885,1.195,0.5929500000000001,1773878400000
ESPUSDT,2026,0.006610379453583593,0.09834045945358358,-0.08473007999999999,TIME,0.5,1772150400000,1772668800000,0.13799,0.1925,0.0924533,1770681600000
ETHFIUSDT,2024,0.19715415269219264,0.19413700269219264,0.01001715,TIME,0.5,1711756800000,1712275200000,6.686,8.695,4.677,1710720000000
EVAAUSDT,2025,0.3173674843674844,0.3243674843674844,0.0,TARGET,0.5,1761696000000,1761955200000,10.395,13.7668,7.023199999999999,1759449600000
FARTCOINUSDT,2024,-0.3493437332002866,-0.3495036332002866,0.0071599,STOP,0.5,1735257600000,1735776000000,0.9771,1.3186,0.654657,1734652800000
FARTCOINUSDT,2025,0.23660077843397534,0.23954576843397535,0.00405501,TARGET,0.5,1736121600000,1736294400000,1.3033,1.6155,0.9910999999999999,1734652800000
FARTCOINUSDT,2025,0.32637215999999997,0.32999999999999996,0.0033721600000000008,TARGET,0.5,1737504000000,1737849600000,1.6528,2.7489,1.1073760000000001,1734652800000
FOLKSUSDT,2025,0.27280068999999996,0.32999999999999996,-0.05019931,TARGET,0.5,1765929600000,1765929600000,10.73,46.998,7.189100000000001,1762387200000
FRAXUSDT,2026,0.0053671417134570415,0.12555682171345703,-0.11318967999999999,TIME,0.5,1769212800000,1769731200000,0.9653,1.4906,0.6467510000000001,1768435200000
GALUSDT,2022,-0.0015737509428638925,0.012932939057136108,-0.00750669,TIME,0.5,1652745600000,1653264000000,5.8842,8.1398,3.9424140000000003,1651708800000
GASUSDT,2023,0.23731530679285243,0.23551625679285243,0.00879905,TIME,0.5,1699747200000,1700265600000,10.857,28.995,7.27419,1698192000000
GIGGLEUSDT,2025,0.3239,0.33,0.0009000000000000001,TARGET,0.5,1761609600000,1761782400000,170.08,290.0,113.95360000000001,1759968000000
GIGGLEUSDT,2025,0.09714367864132824,0.10530967864132824,-0.0011660000000000002,TIME,0.5,1762560000000,1763078400000,158.39,274.0,106.12129999999999,1759968000000
GLMUSDT,2024,-0.14190397574024574,-0.15018706574024573,0.01528309,TIME,0.5,1709683200000,1710201600000,0.5613,0.7761,0.37607100000000004,1708560000000
GMTUSDT,2022,-0.4752793351227318,-0.4603435451227318,-0.007935790000000002,STOP,0.5,1647820800000,1647907200000,0.57809,0.84421,0.3873203,1647302400000
GMTUSDT,2022,-0.10726999406511274,-0.10152394406511274,0.0012539500000000002,TIME,0.5,1649116800000,1649635200000,2.16609,2.74,1.59218,1647302400000
GMTUSDT,2022,-0.24308940140706342,-0.2375878914070634,0.0014984899999999999,STOP,0.5,1650585600000,1651017600000,3.12175,3.86344,2.38006,1647302400000
GRIFFAINUSDT,2025,0.19932023213728925,0.20393421213728927,0.00238602,TARGET,0.5,1737158400000,1737158400000,0.49006,0.59,0.39012,1735776000000
GRIFFAINUSDT,2025,-0.10773717938753184,-0.10061975938753184,-0.00011741999999999997,TIME,0.5,1738800000000,1739318400000,0.16458,0.28129,0.11026860000000001,1735776000000
GRTUSDT,2021,0.06726549838429023,0.07556549838429023,-0.0013,TIME,0.5,1611187200000,1611705600000,0.52299,0.66,0.3859799999999999,1608336000000
HANAUSDT,2025,0.32448439999999995,0.32999999999999996,0.0014843999999999999,TARGET,0.5,1760054400000,1760054400000,0.05899,0.1036,0.039523300000000004,1758844800000
HEMIUSDT,2025,-0.41423189609022576,-0.40977443609022574,0.0025425400000000003,STOP,0.5,1757030400000,1757548800000,0.035112,0.0495,0.02352504,1756425600000
HEMIUSDT,2025,0.32419999999999993,0.32999999999999996,0.0012000000000000001,TARGET,0.5,1758844800000,1759104000000,0.133737,0.194766,0.08960379,1756425600000
HIVEUSDT,2025,0.07401078094308265,0.19379886094308263,-0.11278807999999997,TARGET,0.5,1736380800000,1736726400000,0.56538,0.67495,0.45580999999999994,1734912000000
HUSDT,2025,0.28048548999999995,0.32999999999999996,-0.04251450999999999,TARGET,0.5,1751846400000,1752019200000,0.07601,0.10738,0.0509267,1750809600000
HUSDT,2025,-0.004513359971411114,-0.0006126199714111139,0.0030992600000000004,TIME,0.5,1752364800000,1752883200000,0.04897,0.09058,0.0328099,1750809600000
IDUSDT,2023,0.1235485503127404,0.1285567803127404,0.0019917700000000003,TIME,0.5,1681948800000,1682467200000,0.7802,1.0578,0.522734,1679529600000
INUSDT,2025,-0.19425411697182152,-0.1883847069718215,0.0011305900000000001,DELIST,0.5,1758931200000,1759190400000,0.07559,0.132,0.050645300000000004,1754524800000
IPUSDT,2025,-0.5845029190169813,-0.5567276890169812,-0.020775229999999995,TIME,0.5,1740355200000,1740873600000,3.98324,9.59949,2.6687708,1739404800000
KATUSDT,2026,0.1126434357271981,0.1240755957271981,-0.00443216,DELIST,0.5,1777248000000,1777507200000,0.01217,0.03069,0.0081539,1772409600000
KGENUSDT,2025,-0.10355314051928616,-0.09980659051928616,0.0032534500000000006,TIME,0.5,1760832000000,1761350400000,0.27403,0.69992,0.18360010000000002,1759795200000
KOMAUSDT,2024,0.15791965834414035,0.15896525834414035,0.0059544,TIME,0.5,1735257600000,1735776000000,0.14651,0.20283,0.0981617,1733788800000
LABUSDT,2025,-0.06376004248164453,-0.06737151248164452,0.01061147,TIME,0.5,1762041600000,1762560000000,0.17025,0.50396,0.11406750000000002,1760659200000
LIGHTUSDT,2025,0.02593728953384023,0.015546469533840227,0.01739082,TIME,0.5,1759622400000,1760140800000,0.85357,1.33422,0.5718919000000001,1758931200000
LUNAUSDT,2021,0.07662862049394369,0.07313198049394369,0.01049664,TIME,0.5,1613779200000,1614297600000,6.357,8.4052,4.3088,1611792000000
MASKUSDT,2021,0.12846408936319192,0.13350980936319193,0.00195428,TIME,0.5,1632182400000,1632700800000,9.3686,13.9791,6.276962000000001,1630022400000
MEMEFIUSDT,2025,0.32214084,0.33,-0.0008591600000000007,TARGET,0.5,1746748800000,1747267200000,0.002395,0.007189,0.00160465,1745539200000
MEMEUSDT,2023,0.12537250746380313,0.12985714746380314,0.0025153600000000003,TIME,0.5,1700179200000,1700697600000,0.031011,0.041227,0.020795,1698969600000
MEWUSDT,2024,0.031120191667880534,0.036999271667880536,0.00112092,DELIST,0.5,1722124800000,1722384000000,0.006865,0.008824,0.004905999999999999,1718582400000
MINAUSDT,2023,-0.26654242555028057,-0.26014242555028055,0.0006000000000000001,STOP,0.5,1676332800000,1676419200000,0.9268,1.1679,0.6857,1675728000000
MOCAUSDT,2024,0.006367078073635892,0.020381328073635893,-0.007014250000000001,TIME,0.5,1735430400000,1735948800000,0.3042,0.4887,0.20381400000000002,1734307200000
MONUSDT,2025,0.20477099461048492,0.21117099461048494,0.0006000000000000001,TARGET,0.5,1764288000000,1764374400000,0.04082,0.04944,0.032200000000000006,1760054400000
MOODENGUSDT,2024,0.32952162999999995,0.32999999999999996,0.00652163,TARGET,0.5,1732060800000,1732406400000,0.49624,0.70347,0.3324808,1729814400000
MORPHOUSDT,2024,0.22508298710160482,0.22927003710160482,0.0028129500000000003,TARGET,0.5,1733616000000,1733702400000,2.2371,2.75,1.7241999999999997,1732665600000
MOVEUSDT,2024,-0.3825348555598363,-0.3614254755598363,-0.01410938,STOP,0.5,1734912000000,1735084800000,0.8306,1.1308,0.556502,1733702400000
MUSDT,2025,0.06937022715311554,0.05999536715311554,0.01637486,TIME,0.5,1752537600000,1753056000000,0.4317,0.956,0.289239,1751846400000
MYXUSDT,2025,0.13579110681217654,0.24839681681217657,-0.10560571000000002,TARGET,0.5,1751414400000,1751500800000,0.12943,0.16158,0.09727999999999998,1750204800000
MYXUSDT,2025,0.18696950762169223,0.16105847762169223,0.03291103,TIME,0.5,1752278400000,1752796800000,0.09183,0.1429,0.0615261,1750204800000
NEIROETHUSDT,2024,0.22827177564003862,0.23291626564003862,0.0023555100000000003,TIME,0.5,1729036800000,1729555200000,0.1039,0.1382,0.06961300000000001,1725580800000
NEIROUSDT,2024,0.13325377256931617,0.13798521256931617,0.00226856,TIME,0.5,1727308800000,1727827200000,0.001082,0.00138,0.0007840000000000002,1726444800000
NEWTUSDT,2025,-0.02531084821925001,0.06556517178074998,-0.08387602,TIME,0.5,1750982400000,1751500800000,0.3813,0.6464,0.255471,1750291200000
NEWTUSDT,2025,0.03480204551148229,0.06680584551148229,-0.0250038,DELIST,0.5,1753747200000,1753920000000,0.3832,0.7077,0.256744,1750291200000
NIGHTUSDT,2025,-0.29202389840117404,-0.25966568840117404,-0.02535821,TIME,0.5,1766534400000,1767052800000,0.07837,0.11924,0.0525079,1765324800000
NOTUSDT,2024,-0.0459817180938833,-0.0412517780938833,0.00227006,TIME,0.5,1717804800000,1718323200000,0.018981,0.029458,0.012717270000000001,1715817600000
OGNUSDT,2021,0.16085786217242695,0.13118116217242695,0.036676700000000007,TIME,0.5,1618099200000,1618617600000,2.633,3.4,1.866,1617235200000
OGNUSDT,2021,-0.16082139515099964,-0.15472139515099964,0.0009000000000000001,DELIST,0.5,1622246400000,1622419200000,0.9404,1.4332,0.6300680000000001,1617235200000
OMGUSDT,2020,0.13358301975581438,0.12441514975581437,0.01616787,TIME,0.5,1598313600000,1598832000000,5.8562,10.0,3.9236540000000004,1593648000000
OMUSDT,2024,-0.21586448913586875,-0.21549522913586874,0.00663074,TIME,0.5,1711065600000,1711584000000,0.59528,0.9486,0.39883760000000007,1707782400000
ONEUSDT,2021,-0.3484112457671508,-0.3408883757671508,-0.0005228699999999999,STOP,0.5,1616889600000,1616976000000,0.16457,0.22067,0.1102619,1616025600000
OPUSDT,2022,-0.23318861401869162,-0.22663551401869161,0.0004469,STOP,0.5,1658361600000,1658448000000,0.6848,0.84,0.5296,1654041600000
ORDERUSDT,2025,-0.36692855032107763,-0.36082855032107763,0.0009000000000000001,STOP,0.5,1759536000000,1759708800000,0.35194,0.47893,0.2357998,1758844800000
ORDERUSDT,2025,0.1315457138436664,0.13761028384366641,0.0009354300000000002,DELIST,0.5,1761609600000,1761868800000,0.25049,0.39237,0.1678283,1758844800000
ORDIUSDT,2023,-0.0924592358952956,-0.0944094858952956,0.008950250000000002,TIME,0.5,1702339200000,1702857600000,46.722,70.0,31.30374,1699315200000
PIEVERSEUSDT,2025,-0.45149014627151046,-0.44359464627151046,-0.0008954999999999998,STOP,0.5,1763424000000,1763596800000,0.2615,0.3775,0.17520500000000003,1763078400000
PNUTUSDT,2024,0.23545516183966392,0.2343637318396639,0.00809143,TIME,0.5,1732147200000,1732665600000,1.42825,2.51311,0.9569275,1731283200000
PRLUSDT,2026,-0.16201382445434298,-0.15590200445434296,0.00088818,TIME,0.5,1776556800000,1777075200000,0.1796,0.4486,0.12033200000000001,1775001600000
PRLUSDT,2026,0.0051657188603988,0.023860398860398802,-0.011694680000000002,TIME,0.5,1777593600000,1778112000000,0.2808,0.4047,0.188136,1775001600000
PTBUSDT,2025,-0.5555802564160403,-0.5506265664160402,0.0020463100000000004,TIME,0.5,1757548800000,1758067200000,0.0399,0.0874,0.026733,1756857600000
PUMPUSDT,2025,0.07238602338028169,0.0947605633802817,-0.01537454,TIME,0.5,1745452800000,1745971200000,0.08875,0.23815,0.0594625,1744416000000
QUSDT,2025,0.0036667729565840962,-0.0031575170434159053,0.013824290000000001,TIME,0.5,1758412800000,1758931200000,0.02787,0.041452,0.0186729,1756771200000
RAREUSDT,2024,0.32339098420440376,0.32862484420440374,0.00176614,TARGET,0.5,1724544000000,1724976000000,0.2407,0.3198,0.16160000000000002,1723680000000
RAVEUSDT,2025,-0.08902457041623432,-0.08077943041623431,-0.001245140000000001,TIME,0.5,1766880000000,1767398400000,0.43365,0.79581,0.2905455,1765670400000
RECALLUSDT,2025,-0.3095376621549546,-0.3023280821549546,-0.00020957999999999987,TIME,0.5,1761004800000,1761523200000,0.37198,0.624,0.2492266,1760486400000
REDUSDT,2025,0.13544904210086367,0.15241014210086368,-0.0099611,TIME,0.5,1742256000000,1742774400000,0.7178,0.912,0.5236,1741219200000
RIVERUSDT,2025,-0.10192321557044977,-0.10128090557044976,0.006357689999999999,TIME,0.5,1761350400000,1761868800000,6.714,10.446,4.498380000000001,1760659200000
ROBOUSDT,2026,-0.01651691423834708,0.02787121576165292,-0.03738813,TIME,0.5,1772668800000,1773187200000,0.04162,0.06233,0.0278854,1772150400000
RSRUSDT,2020,0.25745502262626263,0.26262626262626265,0.00182876,TARGET,0.5,1603929600000,1604361600000,0.01386,0.0175,0.01022,1603065600000
SAHARAUSDT,2025,0.12060315135017513,0.14096168135017514,-0.01335853,DELIST,0.5,1753488000000,1753920000000,0.09421,0.16697,0.0631207,1750896000000
SAPIENUSDT,2025,-0.5026159948338791,-0.49728591483387913,0.00166992,STOP,0.5,1757462400000,1757721600000,0.2137,0.31997,0.143179,1755648000000
SCUSDT,2021,-0.09240510968489626,-0.08890938968489626,0.0035042799999999994,TIME,0.5,1619136000000,1619654400000,0.034687,0.064289,0.023240290000000004,1618185600000
SKRUSDT,2026,0.14629726454927514,0.16176344454927513,-0.008466180000000002,TIME,0.5,1770940800000,1771459200000,0.023318,0.028949,0.017686999999999998,1769040000000
SOMIUSDT,2025,-0.1428128592661031,-0.13658153926610309,0.00076868,TIME,0.5,1757462400000,1757980800000,1.1473,1.9058,0.768691,1756080000000
SPACEUSDT,2026,0.01409547630831642,0.03640973630831642,-0.01531426,TIME,0.5,1771545600000,1772064000000,0.00986,0.015993,0.0066062000000000004,1769126400000
SPKUSDT,2025,0.032750922436666045,0.05878940243666604,-0.01903848,DELIST,0.5,1753574400000,1753920000000,0.10342,0.1884,0.0692914,1750118400000
STBLUSDT,2025,0.13212682234617684,0.13464323234617684,0.00448359,TIME,0.5,1759276800000,1759795200000,0.35219,0.61333,0.23596730000000002,1758067200000
STOUSDT,2025,0.07271631968701957,0.07761631968701957,0.0021000000000000003,TIME,0.5,1746576000000,1747094400000,0.14314,0.21945,0.0959038,1744416000000
SUNUSDT,2024,-0.04515284755689307,-0.026587697556893067,-0.011565150000000001,TIME,0.5,1724716800000,1725235200000,0.031067,0.04479,0.020814890000000003,1724284800000
SUPERUSDT,2023,-0.021685596525154525,-0.019221126525154526,0.00453553,TIME,0.5,1701907200000,1702425600000,0.5983,0.7449,0.4517000000000001,1700956800000
SUSHIUSDT,2020,0.20304710397497863,0.20807506397497863,0.00197204,TIME,0.5,1600214400000,1600732800000,1.7585,5.0686,1.178195,1599177600000
SWARMSUSDT,2025,0.32683879999999993,0.32999999999999996,0.0038388,TARGET,0.5,1737676800000,1737936000000,0.1409,0.2433,0.094403,1736208000000
SWARMSUSDT,2025,-0.3904007478947368,-0.38526315789473675,0.00186241,DELIST,0.5,1740441600000,1740700800000,0.0475,0.0824,0.031825,1736208000000
SXPUSDT,2020,0.18735576401645476,0.16218399401645478,0.032171769999999995,TIME,0.5,1597536000000,1598054400000,3.3425,5.0234,2.239475,1595289600000
TAGUSDT,2025,0.18537738738586906,0.18788776738586907,0.00448962,TARGET,0.5,1755475200000,1755907200000,0.0010799,0.0012828,0.000877,1753401600000
TIAUSDT,2023,0.009934936085683209,0.01447577608568321,0.00245916,TIME,0.5,1700524800000,1701043200000,5.9755,7.4438,4.5072,1698710400000
TLMUSDT,2021,-0.18857594213932252,-0.18157594213932252,0.0,TIME,0.5,1628035200000,1628553600000,0.2627,0.3748,0.176009,1626393600000
TROYUSDT,2024,0.1949208468673718,0.1991456468673718,0.0027752000000000002,TARGET,0.5,1731283200000,1731456000000,0.004916,0.005895,0.003937,1730332800000
TRUSTUSDT,2025,0.0777261820770129,0.1347724620770129,-0.05004628,TIME,0.5,1764201600000,1764720000000,0.1714,0.5143,0.11483800000000001,1762300800000
TRUTHUSDT,2025,-0.36114524131135733,-0.36884426131135734,0.01469902,TIME,0.5,1762819200000,1763337600000,0.024997,0.052158,0.01674799,1759276800000
TURBOUSDT,2024,0.11198292391073703,0.11743186391073704,0.0015510599999999997,DELIST,0.5,1719273600000,1719705600000,0.005467,0.006899,0.0040349999999999995,1717027200000
TUTUSDT,2025,0.3235236,0.33,0.0005236,TARGET,0.5,1743552000000,1743638400000,0.03442,0.056,0.0230614,1742428800000
UXLINKUSDT,2024,-0.22221665843263064,-0.21429880843263063,-0.00091785,TIME,0.5,1727049600000,1727568000000,0.5455,0.748,0.365485,1726358400000
VELVETUSDT,2025,0.13528183664372528,0.1394054766437253,0.0028763600000000005,TIME,0.5,1754956800000,1755475200000,0.06829,0.118,0.045754300000000005,1752537600000
VINEUSDT,2025,0.32866468,0.33,0.00566468,TARGET,0.5,1738022400000,1738281600000,0.25798,0.4755,0.1728466,1737676800000
VVVUSDT,2025,0.2800824313597734,0.2889518413597734,-0.00186941,TIME,0.5,1739404800000,1739923200000,6.354,8.95,4.25718,1738108800000
WAVESUSDT,2020,-0.05590693629056415,-0.05279580629056416,0.00388887,TIME,0.5,1598054400000,1598572800000,3.2048,4.8188,2.1472160000000002,1597190400000
WIFUSDT,2024,0.17982037057971018,0.18231884057971018,0.00450153,TARGET,0.5,1706400000000,1706572800000,0.345,0.4079,0.28209999999999996,1705536000000
XAIUSDT,2024,0.00953815166882277,0.014230271668822769,0.0023078800000000004,TIME,0.5,1705708800000,1706227200000,0.8503,1.238,0.569701,1704758400000
XNYUSDT,2025,0.32411972999999994,0.32999999999999996,0.0011197299999999998,TARGET,0.5,1755475200000,1755561600000,0.017254,0.031,0.01156018,1755043200000
XNYUSDT,2025,0.13987120434121914,0.14272146434121913,0.00414974,TIME,0.5,1757721600000,1758240000000,0.011582,0.016891,0.007759940000000001,1755043200000
XPINUSDT,2025,0.044136273469223615,0.04867909346922361,0.0024571799999999998,DELIST,0.5,1761782400000,1761868800000,0.007457,0.010318,0.00499619,1757635200000
XPLUSDT,2025,0.14445115115115115,0.15115115115115116,0.00030000000000000003,DELIST,0.5,1759190400000,1759190400000,1.1988,1.6917,0.8031960000000001,1755820800000
YFIIUSDT,2020,0.3245,0.33,0.0015000000000000002,TARGET,0.5,1600214400000,1600560000000,4917.7,6970.0,3294.859,1599091200000
YFIIUSDT,2020,0.15977711112912224,0.18487982112912224,-0.018102709999999998,TARGET,0.5,1602720000000,1603152000000,2146.8,2543.7,1749.9000000000005,1599091200000
YFIUSDT,2020,0.25235631254487645,0.26110068254487645,-0.00174437,TARGET,0.5,1600300800000,1600646400000,34840.2,43937.0,25743.399999999994,1598832000000
ZKCUSDT,2025,-0.0782639699461401,-0.0650807899461401,-0.006183180000000001,TIME,0.5,1761091200000,1761609600000,0.2228,0.3426,0.14927600000000002,1757894400000
ZKPUSDT,2026,0.12314086115702477,0.17752066115702478,-0.04737979999999999,TIME,0.5,1768089600000,1768608000000,0.15125,0.22431,0.1013375,1766275200000
ZORAUSDT,2025,-0.3206368945688961,-0.3157131345688961,0.00207624,TIME,0.5,1754006400000,1754524800000,0.06205,0.09834,0.041573500000000006,1753401600000
我踏马来了USDT,2026,0.2976013199999999,0.3299999999999999,-0.025398680000000003,TARGET,0.5,1770076800000,1770422400000,0.03654,0.0658,0.024481800000000005,1768953600000
