funding_time_ms,funding_rate
1592380800007,"0.00010000"
1592409600000,"0.00010000"
1592438400003,"0.00010000"
1592467200001,"0.00010000"
1592496000002,"-0.00302082"
1592524800001,"0.00030796"
1592553600003,"-0.00107438"
1592582400000,"0.00077655"
1592611200000,"0.00186453"
1592640000009,"0.00117818"
1592668800006,"0.00010000"
1592697600000,"0.00010000"
1592726400000,"-0.00233150"
1592755200000,"-0.00272516"
1592784000000,"-0.00104214"
1592812800000,"0.00010000"
1592841600001,"0.00015201"
1592870400000,"0.00049369"
1592899200002,"0.00113956"
1592928000000,"0.00128773"
1592956800001,"0.00095285"
1592985600000,"0.00070370"
1593014400000,"0.00058957"
1593043200000,"0.00010000"
1593072000000,"0.00010000"
1593100800000,"0.00089598"
1593129600000,"0.00132610"
1593158400000,"0.00252340"
1593187200000,"0.00189766"
1593216000003,"0.00102886"
1593244800004,"0.00091767"
1593273600000,"0.00144133"
1593302400003,"0.00010000"
1593331200001,"-0.00200137"
1593360000000,"-0.00039833"
1593388800000,"-0.00188396"
1593417600005,"0.00010000"
1593446400000,"0.00010000"
1593475200000,"-0.00005628"
1593504000001,"0.00010000"
1593532800002,"0.00010000"
1593561600002,"0.00010000"
1593590400000,"0.00010000"
1593619200000,"0.00010000"
1593648000001,"0.00016323"
1593676800001,"0.00020140"
1593705600000,"0.00010000"
1593734400000,"0.00010000"
1593763200001,"0.00084545"
1593792000000,"0.00102484"
1593820800002,"0.00010000"
1593849600002,"0.00124142"
1593878400001,"0.00010000"
1593907200000,"0.00182108"
1593936000000,"0.00084681"
1593964800000,"0.00115666"
1593993600000,"0.00057217"
1594022400001,"0.00090269"
1594051200000,"0.00010000"
1594080000000,"0.00169208"
1594108800006,"0.00201019"
1594137600000,"0.00139557"
1594166400000,"0.00077163"
1594195200000,"0.00098663"
1594224000000,"0.00029102"
1594252800001,"0.00045001"
1594281600002,"0.00077667"
1594310400000,"0.00108471"
1594339200000,"0.00085353"
1594368000001,"0.00080567"
1594396800000,"0.00016295"
1594425600000,"0.00037521"
1594454400000,"0.00067094"
1594483200000,"0.00010000"
1594512000000,"0.00110540"
1594540800000,"0.00038295"
1594569600000,"0.00052219"
1594598400000,"0.00042738"
1594627200001,"0.00100007"
1594656000000,"0.00018322"
1594684800001,"0.00010000"
1594713600000,"0.00010000"
1594742400000,"0.00010000"
1594771200000,"0.00046216"
1594800000000,"0.00083044"
1594828800000,"0.00097304"
1594857600000,"0.00117564"
1594886400002,"-0.00047815"
1594915200001,"0.00018231"
1594944000001,"0.00109749"
1594972800000,"0.00029643"
1595001600000,"0.00010000"
1595030400003,"0.00026813"
1595059200001,"0.00028039"
1595088000000,"0.00098196"
1595116800000,"0.00112390"
1595145600000,"0.00051744"
1595174400000,"0.00010000"
1595203200000,"0.00093681"
1595232000000,"0.00104748"
1595260800001,"0.00064429"
1595289600000,"0.00010000"
1595318400001,"0.00010000"
1595347200004,"0.00017669"
1595376000000,"0.00050212"
1595404800000,"0.00010000"
1595433600000,"0.00014690"
1595462400001,"0.00010000"
1595491200000,"0.00010000"
1595520000001,"0.00057117"
1595548800000,"0.00010000"
1595577600000,"0.00061060"
1595606400000,"0.00108703"
1595635200000,"0.00124893"
1595664000001,"0.00124709"
1595692800000,"0.00109274"
1595721600000,"0.00109073"
1595750400000,"0.00243957"
1595779200000,"0.00050204"
1595808000000,"0.00010000"
1595836800000,"0.00021655"
1595865600000,"0.00010000"
1595894400000,"0.00042913"
1595923200001,"0.00077844"
1595952000000,"0.00034258"
1595980800000,"0.00027793"
1596009600000,"0.00093493"
1596038400000,"0.00091159"
1596067200000,"0.00126636"
1596096000001,"0.00119798"
1596124800000,"0.00186642"
1596153600000,"0.00078977"
1596182400001,"0.00070509"
1596211200000,"0.00145954"
1596240000005,"0.00282096"
1596268800000,"0.00183628"
1596297600001,"0.00173313"
1596326400000,"0.00242165"
1596355200001,"0.00011224"
1596384000001,"0.00010000"
1596412800000,"0.00010000"
1596441600001,"0.00010000"
1596470400000,"0.00036654"
1596499200003,"0.00031258"
1596528000000,"0.00086805"
1596556800000,"0.00044917"
1596585600000,"0.00083985"
1596614400000,"0.00069681"
1596643200000,"0.00108813"
1596672000000,"0.00057614"
1596700800007,"0.00054884"
1596729600000,"0.00136420"
1596758400001,"0.00154472"
1596787200000,"0.00188944"
1596816000000,"0.00122470"
1596844800000,"0.00039903"
1596873600000,"0.00103687"
1596902400000,"0.00068322"
1596931200000,"0.00171084"
1596960000000,"0.00144635"
1596988800000,"0.00150466"
1597017600001,"0.00182471"
1597046400000,"0.00174408"
1597075200001,"0.00272008"
1597104000001,"0.00214073"
1597132800000,"0.00167535"
1597161600001,"0.00132272"
1597190400000,"0.00047261"
1597219200000,"0.00054225"
1597248000000,"0.00100549"
1597276800002,"0.00059811"
1597305600000,"0.00183407"
1597334400000,"0.00088981"
1597363200000,"0.00091487"
1597392000000,"0.00153028"
1597420800000,"0.00252077"
1597449600000,"0.00168514"
1597478400001,"0.00069553"
1597507200001,"0.00174114"
1597536000000,"0.00053163"
1597564800000,"0.00081880"
1597593600000,"0.00097998"
1597622400000,"0.00083041"
1597651200000,"0.00095387"
1597680000000,"0.00068336"
1597708800001,"0.00106065"
1597737600008,"0.00139826"
1597766400000,"0.00036224"
1597795200000,"0.00010000"
1597824000000,"0.00010000"
1597852800000,"0.00010000"
1597881600001,"0.00010000"
1597910400000,"0.00010000"
1597939200000,"0.00037109"
1597968000000,"0.00010000"
1597996800000,"0.00022231"
1598025600017,"0.00010000"
1598054400000,"0.00010000"
1598083200000,"0.00010000"
1598112000000,"0.00010000"
1598140800000,"0.00010000"
1598169600000,"0.00010000"
1598198400000,"0.00010000"
1598227200006,"0.00010000"
1598256000001,"0.00010000"
1598284800000,"0.00016593"
1598313600000,"0.00010000"
1598342400000,"0.00010000"
1598371200000,"0.00010000"
1598400000000,"0.00010000"
1598428800008,"0.00010000"
1598457600002,"0.00013002"
1598486400000,"0.00044835"
1598515200010,"0.00018062"
1598544000000,"0.00010000"
1598572800000,"0.00010000"
1598601600001,"0.00010000"
1598630400000,"0.00010000"
1598659200002,"0.00010000"
1598688000006,"0.00028698"
1598716800003,"0.00033797"
1598745600000,"0.00089264"
1598774400000,"0.00089096"
1598803200000,"0.00060980"
1598832000000,"0.00052894"
1598860800001,"0.00023534"
1598889600001,"0.00040518"
1598918400000,"0.00045500"
1598947200000,"0.00026365"
1598976000000,"0.00075310"
1599004800000,"0.00167186"
1599033600006,"0.00136589"
1599062400000,"0.00010000"
1599091200001,"0.00010000"
1599120000004,"0.00010000"
1599148800000,"0.00010000"
1599177600005,"0.00010000"
1599206400000,"0.00010000"
1599235200006,"0.00010000"
1599264000000,"0.00010000"
1599292800004,"0.00010000"
1599321600001,"0.00010000"
1599350400004,"0.00010000"
1599379200000,"0.00010000"
1599408000000,"0.00010000"
1599436800002,"0.00010000"
1599465600004,"0.00010000"
1599494400001,"0.00010000"
1599523200007,"0.00010000"
1599552000006,"0.00010000"
1599580800014,"0.00010000"
1599609600000,"0.00010000"
1599638400000,"0.00010000"
1599667200000,"0.00010000"
1599696000000,"0.00010000"
1599724800005,"0.00010000"
1599753600000,"0.00010000"
1599782400000,"0.00010000"
1599811200008,"0.00010000"
1599840000000,"0.00010000"
1599868800008,"0.00010000"
1599897600000,"0.00010000"
1599926400008,"0.00010000"
1599955200000,"0.00010000"
1599984000000,"0.00010000"
1600012800004,"0.00010000"
1600041600003,"0.00010000"
1600070400008,"0.00010000"
1600099200000,"0.00010000"
1600128000000,"0.00010000"
1600156800010,"0.00010000"
1600185600003,"0.00010000"
1600214400014,"0.00010000"
1600243200000,"0.00010000"
1600272000001,"0.00010000"
1600300800006,"0.00010000"
1600329600012,"0.00010000"
1600358400000,"0.00010000"
1600387200001,"0.00010000"
1600416000002,"0.00010000"
1600444800002,"0.00010000"
1600473600000,"0.00010000"
1600502400005,"0.00010000"
1600531200008,"0.00010000"
1600560000002,"0.00010000"
1600588800005,"0.00010000"
1600617600005,"0.00010000"
1600646400000,"0.00010000"
1600675200001,"0.00010000"
1600704000000,"0.00010000"
1600732800001,"0.00010000"
1600761600000,"0.00010000"
1600790400004,"0.00010000"
1600819200007,"0.00010000"
1600848000001,"0.00010000"
1600876800001,"0.00010000"
1600905600000,"0.00010000"
1600934400000,"0.00010000"
1600963200000,"0.00010000"
1600992000009,"0.00010000"
1601020800045,"0.00010000"
1601049600000,"0.00010000"
1601078400000,"0.00010000"
1601107200000,"0.00010000"
1601136000005,"0.00010000"
1601164800000,"0.00010000"
1601193600000,"0.00010000"
1601222400019,"0.00010000"
1601251200001,"0.00010000"
1601280000000,"0.00010000"
1601308800002,"0.00010000"
1601337600000,"0.00010000"
1601366400000,"0.00010000"
1601395200000,"0.00010000"
1601424000005,"0.00010000"
1601452800000,"0.00010000"
1601481600000,"0.00010000"
1601510400000,"0.00010000"
1601539200000,"0.00010000"
1601568000000,"0.00010000"
1601596800011,"0.00010000"
1601625600000,"0.00010000"
1601654400005,"0.00010000"
1601683200000,"0.00010000"
1601712000001,"0.00010000"
1601740800000,"0.00010000"
1601769600000,"0.00010000"
1601798400003,"0.00010000"
1601827200001,"-0.00022415"
1601856000000,"-0.00142297"
1601884800000,"-0.00068476"
1601913600012,"-0.00038296"
1601942400000,"-0.00041969"
1601971200005,"-0.00040162"
1602000000000,"0.00010000"
1602028800000,"-0.00035798"
1602057600000,"0.00010000"
1602086400000,"0.00010000"
1602115200000,"-0.00073177"
1602144000009,"-0.00041922"
1602172800003,"-0.00032930"
1602201600001,"0.00010000"
1602230400000,"0.00010000"
1602259200004,"0.00010000"
1602288000005,"0.00010000"
1602316800000,"0.00010000"
1602345600011,"0.00010000"
1602374400002,"0.00010000"
1602403200003,"0.00010000"
1602432000004,"0.00010000"
1602460800001,"0.00010000"
1602489600000,"0.00010000"
1602518400011,"0.00010000"
1602547200003,"0.00010000"
1602576000000,"0.00010000"
1602604800001,"0.00010000"
1602633600001,"0.00010000"
1602662400000,"0.00010000"
1602691200001,"0.00010000"
1602720000000,"0.00010000"
1602748800000,"0.00010000"
1602777600000,"-0.00016295"
1602806400002,"0.00010000"
1602835200003,"0.00010000"
1602864000000,"0.00010000"
1602892800006,"-0.00052022"
1602921600007,"0.00010000"
1602950400009,"-0.00009078"
1602979200006,"0.00010000"
1603008000000,"-0.00018346"
1603036800000,"0.00007024"
1603065600000,"0.00010000"
1603094400000,"0.00010000"
1603123200000,"-0.00069413"
1603152000015,"-0.00041744"
1603180800000,"0.00010000"
1603209600008,"0.00010000"
1603238400009,"0.00010000"
1603267200004,"0.00010000"
1603296000000,"0.00010000"
1603324800000,"0.00010000"
1603353600000,"0.00010000"
1603382400004,"0.00010000"
1603411200007,"0.00010000"
1603440000000,"0.00010000"
1603468800000,"0.00010000"
1603497600000,"0.00010000"
1603526400000,"0.00031818"
1603555200008,"0.00010000"
1603584000005,"0.00010000"
1603612800014,"0.00010000"
1603641600000,"0.00010000"
1603670400004,"0.00010000"
1603699200000,"0.00010000"
1603728000000,"0.00010000"
1603756800000,"0.00010000"
1603785600000,"0.00010000"
1603814400000,"0.00010000"
1603843200000,"0.00010000"
1603872000006,"0.00004055"
1603900800001,"-0.00000770"
1603929600000,"0.00010000"
1603958400000,"0.00010000"
1603987200000,"-0.00100287"
1604016000000,"-0.00124962"
1604044800002,"-0.00008063"
1604073600002,"0.00010000"
1604102400003,"-0.00057829"
1604131200000,"-0.00039397"
1604160000000,"-0.00031123"
1604188800000,"-0.00050996"
1604217600000,"-0.00144496"
1604246400000,"-0.00049409"
1604275200000,"0.00010000"
1604304000010,"-0.00025811"
1604332800000,"-0.00015425"
1604361600000,"-0.00092078"
1604390400004,"-0.00041384"
1604419200009,"-0.00019235"
1604448000000,"0.00010000"
1604476800000,"-0.00086500"
1604505600005,"-0.00138652"
1604534400017,"-0.00041034"
1604563200001,"-0.00061871"
1604592000000,"0.00010000"
1604620800000,"-0.00001536"
1604649600001,"0.00010000"
1604678400001,"-0.00118465"
1604707200001,"-0.00017780"
1604736000000,"0.00010000"
1604764800006,"-0.00018741"
1604793600000,"-0.00095508"
1604822400000,"-0.00056860"
1604851200000,"0.00003821"
1604880000007,"-0.00078940"
1604908800001,"-0.00097635"
1604937600002,"-0.00012551"
1604966400003,"-0.00115512"
1604995200011,"-0.00005874"
1605024000000,"0.00010000"
1605052800000,"-0.00070176"
1605081600009,"-0.00004485"
1605110400003,"-0.00100302"
1605139200001,"-0.00118477"
1605168000001,"-0.00072275"
1605196800000,"-0.00078034"
1605225600000,"-0.00048531"
1605254400000,"-0.00063366"
1605283200000,"0.00010000"
1605312000005,"0.00010000"
1605340800004,"-0.00037442"
1605369600001,"0.00010000"
1605398400001,"0.00010000"
1605427200000,"0.00010000"
1605456000003,"0.00010000"
1605484800000,"-0.00134280"
1605513600010,"-0.00001284"
1605542400001,"0.00010000"
1605571200002,"0.00010000"
1605600000003,"0.00010000"
1605628800003,"0.00010000"
1605657600005,"0.00030542"
1605686400006,"0.00010000"
1605715200000,"0.00010000"
1605744000008,"0.00010000"
1605772800000,"0.00010000"
1605801600001,"0.00010000"
1605830400003,"0.00010000"
1605859200005,"0.00021201"
1605888000000,"0.00010000"
1605916800000,"0.00010000"
1605945600000,"0.00010000"
1605974400001,"0.00104015"
1606003200005,"0.00048569"
1606032000000,"0.00010000"
1606060800000,"0.00010000"
1606089600005,"0.00118847"
1606118400000,"0.00028773"
1606147200003,"0.00087591"
1606176000000,"0.00118210"
1606204800000,"0.00148976"
1606233600005,"0.00020772"
1606262400005,"0.00024090"
1606291200005,"0.00012304"
1606320000015,"0.00196839"
1606348800012,"0.00061196"
1606377600002,"0.00010000"
1606406400001,"0.00010000"
1606435200001,"0.00010000"
1606464000000,"0.00010000"
1606492800007,"0.00010000"
1606521600007,"-0.00009802"
1606550400012,"0.00010000"
1606579200000,"0.00006158"
1606608000007,"0.00010000"
1606636800000,"-0.00037432"
1606665600000,"0.00010000"
1606694400004,"0.00010000"
1606723200007,"0.00010000"
1606752000000,"0.00010000"
1606780800000,"0.00010000"
1606809600003,"0.00010000"
1606838400000,"-0.00014859"
1606867200001,"-0.00020337"
1606896000011,"-0.00028405"
1606924800005,"-0.00043174"
1606953600001,"0.00010000"
1606982400031,"0.00010000"
1607011200000,"0.00010000"
1607040000006,"0.00003560"
1607068800009,"0.00001854"
1607097600000,"0.00010000"
1607126400000,"0.00010000"
1607155200000,"-0.00101974"
1607184000000,"-0.00024929"
1607212800004,"-0.00016058"
1607241600000,"-0.00085124"
1607270400001,"0.00010000"
1607299200000,"-0.00095199"
1607328000008,"0.00010000"
1607356800000,"0.00010000"
1607385600003,"0.00010000"
1607414400003,"0.00010000"
1607443200033,"0.00010000"
1607472000000,"0.00010000"
1607500800010,"0.00010000"
1607529600000,"-0.00021012"
1607558400000,"0.00010000"
1607587200000,"0.00010000"
1607616000007,"0.00010000"
1607644800000,"0.00000061"
1607673600016,"-0.00041562"
1607702400010,"-0.00040388"
1607731200009,"0.00010000"
1607760000002,"-0.00041130"
1607788800000,"-0.00031992"
1607817600007,"-0.00077566"
1607846400000,"-0.00010169"
1607875200000,"0.00010000"
1607904000000,"0.00010000"
1607932800000,"-0.00014709"
1607961600000,"0.00010000"
1607990400006,"0.00010000"
1608019200001,"0.00010000"
1608048000000,"-0.00015464"
1608076800001,"-0.00031946"
1608105600000,"-0.00035247"
1608134400000,"0.00010000"
1608163200000,"0.00010000"
1608192000000,"0.00010000"
1608220800011,"0.00067838"
1608249600000,"0.00010000"
1608278400000,"0.00010000"
1608307200000,"0.00010000"
1608336000000,"-0.00037287"
1608364800018,"-0.00106408"
1608393600000,"-0.00025483"
1608422400001,"0.00010000"
1608451200011,"0.00010000"
1608480000023,"0.00010000"
1608508800011,"0.00010000"
1608537600000,"-0.00100903"
1608566400000,"-0.00073764"
1608595200001,"-0.00030690"
1608624000006,"0.00010000"
1608652800000,"-0.00023787"
1608681600000,"0.00002870"
1608710400000,"-0.00139135"
1608739200000,"-0.00191848"
1608768000012,"-0.00151916"
1608796800009,"-0.00020354"
1608825600001,"-0.00161752"
1608854400000,"-0.00092035"
1608883200000,"-0.00138242"
1608912000000,"-0.00054359"
1608940800009,"-0.00095876"
1608969600001,"-0.00195348"
1608998400006,"-0.00256961"
1609027200000,"-0.00065963"
1609056000000,"-0.00120158"
1609084800001,"-0.00052747"
1609113600015,"-0.00030612"
1609142400019,"-0.00095955"
1609171200000,"-0.00043615"
1609200000004,"-0.00112455"
1609228800003,"-0.00091639"
1609257600000,"-0.00017687"
1609286400001,"0.00010000"
1609315200001,"0.00005705"
1609344000012,"0.00006496"
1609372800009,"-0.00117150"
1609401600000,"-0.00018979"
1609430400010,"-0.00004397"
1609459200002,"-0.00014640"
1609488000006,"-0.00001568"
1609516800003,"0.00010000"
1609545600000,"-0.00009996"
1609574400000,"-0.00000524"
1609603200006,"0.00010000"
1609632000018,"0.00010000"
1609660800000,"0.00010000"
1609689600002,"0.00069695"
1609718400000,"0.00188412"
1609747200000,"0.00386646"
1609776000000,"0.00010000"
1609804800020,"0.00010000"
1609833600003,"0.00010000"
1609862400003,"0.00112329"
1609891200010,"0.00149165"
1609920000003,"0.00168292"
1609948800000,"0.00367697"
1609977600007,"0.00177436"
1610006400000,"0.00267229"
1610035200004,"0.00346792"
1610064000000,"0.00108336"
1610092800000,"0.00010000"
1610121600000,"0.00119740"
1610150400009,"0.00026675"
1610179200004,"0.00071847"
1610208000000,"0.00163024"
1610236800000,"0.00266911"
1610265600005,"0.00364952"
1610294400000,"0.00057144"
1610323200000,"0.00015130"
1610352000012,"0.00010000"
1610380800000,"0.00010000"
1610409600000,"0.00001058"
1610438400000,"0.00010000"
1610467200008,"0.00010000"
1610496000001,"0.00010000"
1610524800000,"0.00010000"
1610553600003,"0.00010000"
1610582400000,"0.00010000"
1610611200012,"0.00010000"
1610640000000,"0.00098218"
1610668800002,"0.00034366"
1610697600000,"0.00030671"
1610726400004,"0.00051014"
1610755200000,"0.00010000"
1610784000008,"0.00010000"
1610812800000,"0.00158297"
1610841600009,"0.00085873"
1610870400000,"0.00062245"
1610899200001,"0.00070220"
1610928000000,"0.00114996"
1610956800004,"0.00111728"
1610985600000,"0.00193389"
1611014400000,"0.00079734"
1611043200005,"0.00207769"
1611072000012,"0.00187224"
1611100800012,"0.00085860"
1611129600001,"0.00025879"
1611158400001,"0.00010000"
1611187200000,"0.00010000"
1611216000000,"0.00014749"
1611244800004,"0.00010000"
1611273600012,"0.00010000"
1611302400003,"0.00010000"
1611331200001,"0.00010000"
1611360000000,"0.00010000"
1611388800002,"0.00010000"
1611417600000,"0.00010000"
1611446400001,"0.00010000"
1611475200011,"0.00010000"
1611504000005,"0.00023841"
1611532800007,"0.00032748"
1611561600012,"0.00082849"
1611590400000,"0.00092155"
1611619200007,"0.00011478"
1611648000000,"0.00010000"
1611676800000,"0.00010000"
1611705600000,"0.00010000"
1611734400011,"0.00010000"
1611763200003,"0.00010000"
1611792000000,"0.00010000"
1611820800000,"0.00010000"
1611849600000,"0.00029163"
1611878400009,"0.00010000"
1611907200000,"0.00048984"
1611936000000,"0.00131853"
1611964800000,"0.00091951"
1611993600000,"0.00012351"
1612022400000,"0.00099098"
1612051200009,"0.00213222"
1612080000000,"0.00214336"
1612108800000,"0.00199669"
1612137600001,"0.00125534"
1612166400014,"0.00124505"
1612195200000,"0.00161318"
1612224000000,"0.00096639"
1612252800006,"0.00129972"
1612281600000,"0.00151520"
1612310400009,"0.00247576"
1612339200006,"0.00214349"
1612368000006,"0.00274953"
1612396800005,"0.00236232"
1612425600000,"0.00199052"
1612454400011,"0.00103966"
1612483200009,"0.00152956"
1612512000004,"0.00320056"
1612540800000,"0.00411359"
1612569600008,"0.00179134"
1612598400009,"0.00080396"
1612627200000,"0.00097802"
1612656000000,"0.00166146"
1612684800005,"0.00068093"
1612713600001,"0.00090023"
1612742400000,"0.00091308"
1612771200001,"0.00137197"
1612800000000,"0.00291245"
1612828800010,"0.00209251"
1612857600006,"0.00405922"
1612886400007,"0.00412332"
1612915200009,"0.00474970"
1612944000014,"0.00392804"
1612972800005,"0.00238027"
1613001600000,"0.00071992"
1613030400000,"0.00081747"
1613059200000,"0.00292838"
1613088000000,"0.00219373"
1613116800000,"0.00243607"
1613145600000,"0.00308612"
1613174400001,"0.00426342"
1613203200003,"0.00298347"
1613232000000,"0.00081149"
1613260800013,"0.00320408"
1613289600000,"0.00105679"
1613318400008,"0.00148355"
1613347200000,"0.00081196"
1613376000006,"0.00010000"
1613404800000,"0.00010000"
1613433600001,"0.00015404"
1613462400000,"0.00010000"
1613491200010,"0.00014436"
1613520000005,"0.00010000"
1613548800010,"0.00010000"
1613577600008,"0.00147080"
1613606400012,"0.00135198"
1613635200000,"0.00271097"
1613664000009,"0.00190558"
1613692800010,"0.00219697"
1613721600002,"0.00174411"
1613750400008,"0.00356519"
1613779200000,"0.00270867"
1613808000009,"0.00366247"
1613836800000,"0.00397189"
1613865600007,"0.00102040"
1613894400012,"0.00022289"
1613923200001,"0.00062823"
1613952000006,"0.00046132"
1613980800002,"0.00010000"
1614009600000,"0.00010000"
1614038400000,"0.00010000"
1614067200006,"0.00010000"
1614096000000,"0.00010000"
1614124800012,"0.00010000"
1614153600016,"0.00010000"
1614182400011,"0.00010000"
1614211200007,"0.00010000"
1614240000000,"0.00010000"
1614268800010,"0.00010000"
1614297600000,"0.00010000"
1614326400025,"0.00010000"
1614355200010,"0.00010000"
1614384000001,"0.00010000"
1614412800000,"0.00010000"
1614441600000,"0.00010000"
1614470400021,"0.00010000"
1614499200009,"0.00010000"
1614528000000,"0.00010000"
1614556800000,"0.00010000"
1614585600003,"0.00010000"
1614614400001,"0.00010000"
1614643200000,"0.00010000"
1614672000000,"0.00010000"
1614700800004,"0.00010000"
1614729600000,"0.00010000"
1614758400016,"0.00010000"
1614787200000,"0.00010000"
1614816000000,"0.00010000"
1614844800015,"0.00018454"
1614873600001,"0.00010000"
1614902400000,"0.00010000"
1614931200002,"0.00010000"
1614960000008,"0.00010000"
1614988800000,"0.00010000"
1615017600000,"0.00010000"
1615046400000,"0.00025042"
1615075200006,"0.00010000"
1615104000005,"0.00010000"
1615132800008,"0.00010000"
1615161600000,"0.00025563"
1615190400000,"0.00041005"
1615219200006,"0.00108788"
1615248000000,"0.00063368"
1615276800000,"0.00078346"
1615305600000,"0.00125141"
1615334400009,"0.00088430"
1615363200006,"0.00078980"
1615392000008,"0.00070781"
1615420800000,"0.00060037"
1615449600000,"0.00037420"
1615478400014,"0.00095214"
1615507200002,"0.00094754"
1615536000005,"0.00091436"
1615564800011,"0.00059637"
1615593600000,"0.00036928"
1615622400002,"0.00015319"
1615651200000,"0.00135269"
1615680000011,"0.00124839"
1615708800000,"0.00096082"
1615737600000,"0.00116067"
1615766400012,"0.00121157"
1615795200016,"0.00119934"
1615824000030,"0.00010000"
1615852800005,"0.00010000"
1615881600008,"0.00022349"
1615910400012,"0.00010000"
1615939200010,"0.00092482"
1615968000000,"0.00061175"
1615996800009,"0.00053703"
1616025600001,"0.00108062"
1616054400000,"0.00144614"
1616083200000,"0.00173083"
1616112000011,"0.00065618"
1616140800001,"0.00059138"
1616169600000,"0.00118205"
1616198400000,"0.00062214"
1616227200000,"0.00096498"
1616256000007,"0.00127694"
1616284800000,"0.00125575"
1616313600000,"0.00054473"
1616342400000,"0.00041460"
1616371200007,"0.00056559"
1616400000001,"0.00057256"
1616428800000,"0.00077506"
1616457600000,"0.00033203"
1616486400010,"0.00010000"
1616515200023,"0.00010000"
1616544000002,"0.00010000"
1616572800000,"0.00016830"
1616601600000,"0.00010160"
1616630400000,"0.00010000"
1616659200000,"0.00010000"
1616688000000,"0.00010000"
1616716800008,"0.00010000"
1616745600000,"0.00010000"
1616774400012,"0.00010000"
1616803200018,"0.00010000"
1616832000000,"0.00010000"
1616860800001,"0.00010000"
1616889600000,"0.00010000"
1616918400000,"0.00033930"
1616947200005,"0.00042076"
1616976000003,"0.00010000"
1617004800000,"0.00024422"
1617033600000,"0.00073210"
1617062400018,"0.00069438"
1617091200012,"0.00085496"
1617120000001,"0.00110985"
1617148800000,"0.00055237"
1617177600000,"0.00127174"
1617206400000,"0.00048567"
1617235200025,"0.00165571"
1617264000011,"0.00129840"
1617292800004,"0.00143856"
1617321600000,"0.00098416"
1617350400000,"0.00128028"
1617379200000,"0.00151469"
1617408000003,"0.00243914"
1617436800000,"0.00220662"
1617465600000,"0.00220134"
1617494400000,"0.00056533"
1617523200000,"0.00074741"
1617552000016,"0.00027410"
1617580800000,"0.00107217"
1617609600001,"0.00151934"
1617638400001,"0.00208662"
1617667200010,"0.00235599"
1617696000000,"0.00215193"
1617724800003,"0.00208631"
1617753600000,"0.00096684"
1617782400006,"0.00135819"
1617811200004,"0.00052011"
1617840000013,"0.00049831"
1617868800003,"0.00050160"
1617897600005,"0.00050275"
1617926400000,"0.00086479"
1617955200004,"0.00105024"
1617984000004,"0.00098541"
1618012800011,"0.00073286"
1618041600005,"0.00184447"
1618070400000,"0.00129586"
1618099200004,"0.00099352"
1618128000000,"0.00135183"
1618156800000,"0.00216315"
1618185600001,"0.00183157"
1618214400001,"0.00264208"
1618243200008,"0.00179321"
1618272000003,"0.00179940"
1618300800008,"0.00203107"
1618329600008,"0.00259604"
1618358400008,"0.00291353"
1618387200000,"0.00408405"
1618416000012,"0.00121331"
1618444800006,"0.00123987"
1618473600000,"0.00151793"
1618502400008,"0.00290799"
1618531200008,"0.00189445"
1618560000000,"0.00209107"
1618588800002,"0.00178900"
1618617600008,"0.00172001"
1618646400000,"0.00261831"
1618675200001,"0.00201388"
1618704000006,"0.00127631"
1618732800004,"0.00010000"
1618761600000,"0.00010000"
1618790400000,"0.00010000"
1618819200000,"0.00010000"
1618848000009,"0.00010000"
1618876800004,"0.00010000"
1618905600000,"0.00010000"
1618934400001,"0.00010000"
1618963200013,"0.00010000"
1618992000001,"0.00010000"
1619020800002,"0.00010000"
1619049600000,"0.00010000"
1619078400000,"0.00010000"
1619107200001,"0.00016750"
1619136000002,"0.00010000"
1619164800009,"0.00005526"
1619193600001,"-0.00010555"
1619222400019,"0.00010000"
1619251200001,"0.00010000"
1619280000011,"0.00010000"
1619308800000,"0.00010000"
1619337600010,"0.00010000"
1619366400000,"0.00010000"
1619395200003,"0.00010000"
1619424000002,"-0.00038306"
1619452800004,"0.00010000"
1619481600000,"0.00010000"
1619510400000,"0.00010000"
1619539200009,"0.00007502"
1619568000000,"0.00010000"
1619596800000,"0.00017384"
1619625600001,"0.00010000"
1619654400004,"0.00010000"
1619683200013,"0.00010000"
1619712000003,"0.00010000"
1619740800004,"0.00010000"
1619769600019,"0.00010000"
1619798400003,"0.00010000"
1619827200002,"0.00015509"
1619856000006,"0.00051561"
1619884800000,"0.00018080"
1619913600010,"0.00063406"
1619942400011,"0.00010000"
1619971200007,"0.00025275"
1620000000003,"0.00041780"
1620028800000,"0.00096523"
1620057600043,"0.00087128"
1620086400004,"0.00096860"
1620115200003,"0.00021882"
1620144000011,"0.00010000"
1620172800001,"0.00010000"
1620201600007,"0.00010000"
1620230400001,"0.00010000"
1620259200003,"0.00064585"
1620288000001,"0.00079331"
1620316800000,"0.00175797"
1620345600000,"0.00053694"
1620374400000,"0.00016226"
1620403200001,"0.00050625"
1620432000006,"0.00035635"
1620460800000,"0.00048913"
1620489600000,"0.00061057"
1620518400005,"0.00059583"
1620547200016,"0.00032867"
1620576000000,"0.00057956"
1620604800004,"0.00053330"
1620633600000,"0.00082602"
1620662400013,"0.00082107"
1620691200000,"0.00010000"
1620720000000,"0.00010000"
1620748800002,"0.00010000"
1620777600004,"0.00010000"
1620806400007,"0.00022380"
1620835200012,"0.00010000"
1620864000016,"0.00010000"
1620892800000,"-0.00003631"
1620921600008,"0.00005092"
1620950400007,"0.00010000"
1620979200001,"0.00010000"
1621008000004,"0.00002264"
1621036800022,"0.00010000"
1621065600014,"0.00010000"
1621094400002,"0.00010000"
1621123200000,"0.00010000"
1621152000003,"0.00010000"
1621180800002,"0.00010000"
1621209600005,"0.00010000"
1621238400001,"0.00010000"
1621267200000,"-0.00002394"
1621296000019,"0.00010000"
1621324800001,"0.00010000"
1621353600006,"0.00010000"
1621382400000,"0.00010000"
1621411200003,"0.00010000"
1621440000018,"-0.00750000"
1621468800005,"-0.00067543"
1621497600000,"-0.00100329"
1621526400005,"-0.00056703"
1621555200000,"-0.00039078"
1621584000000,"-0.00028391"
1621612800001,"0.00000555"
1621641600001,"0.00010000"
1621670400002,"0.00001671"
1621699200005,"-0.00013169"
1621728000006,"0.00010000"
1621756800004,"0.00010000"
1621785600002,"0.00009266"
1621814400007,"-0.00043686"
1621843200005,"-0.00057416"
1621872000005,"-0.00043934"
1621900800000,"-0.00041380"
1621929600014,"-0.00035179"
1621958400000,"-0.00046934"
1621987200022,"-0.00051645"
1622016000018,"-0.00070470"
1622044800004,"0.00010000"
1622073600000,"-0.00028178"
1622102400017,"-0.00042799"
1622131200000,"-0.00045076"
1622160000005,"-0.00008968"
1622188800009,"-0.00016289"
1622217600000,"-0.00059176"
1622246400006,"-0.00051460"
1622275200000,"-0.00004555"
1622304000000,"-0.00026537"
1622332800003,"-0.00041130"
1622361600004,"-0.00071666"
1622390400018,"-0.00023624"
1622419200002,"-0.00051946"
1622448000000,"-0.00035477"
1622476800000,"0.00001270"
1622505600001,"-0.00001672"
1622534400010,"0.00005458"
1622563200010,"-0.00008296"
1622592000008,"0.00010000"
1622620800000,"0.00008024"
1622649600007,"0.00010000"
1622678400019,"0.00010000"
1622707200002,"0.00005947"
1622736000003,"0.00010000"
1622764800003,"0.00010000"
1622793600006,"-0.00013302"
1622822400002,"-0.00009687"
1622851200000,"-0.00026661"
1622880000004,"-0.00026960"
1622908800020,"0.00001119"
1622937600000,"-0.00023127"
1622966400004,"-0.00024480"
1622995200000,"0.00008332"
1623024000007,"-0.00006505"
1623052800007,"-0.00001384"
1623081600003,"0.00010000"
1623110400000,"0.00010000"
1623139200000,"-0.00015309"
1623168000002,"-0.00031156"
1623196800009,"-0.00019168"
1623225600002,"-0.00028828"
1623254400000,"-0.00046294"
1623283200007,"-0.00014293"
1623312000003,"-0.00022232"
1623340800000,"-0.00008022"
1623369600010,"-0.00002588"
1623398400007,"-0.00001347"
1623427200006,"0.00010000"
1623456000005,"-0.00004060"
1623484800000,"0.00002515"
1623513600018,"-0.00028106"
1623542400002,"0.00009631"
1623571200000,"0.00003421"
1623600000003,"-0.00022827"
1623628800000,"-0.00010738"
1623657600015,"0.00010000"
1623686400000,"0.00009893"
1623715200000,"0.00009600"
1623744000000,"0.00010000"
1623772800004,"0.00010000"
1623801600004,"0.00010000"
1623830400001,"-0.00003615"
1623859200000,"0.00010000"
1623888000004,"0.00002910"
1623916800000,"0.00010000"
1623945600002,"0.00010000"
1623974400009,"0.00010000"
1624003200014,"0.00009331"
1624032000007,"0.00010000"
1624060800003,"0.00007568"
1624089600001,"0.00001145"
1624118400000,"0.00010000"
1624147200005,"0.00001510"
1624176000000,"-0.00000388"
1624204800002,"-0.00011489"
1624233600019,"0.00000139"
1624262400000,"0.00009000"
1624291200024,"-0.00009865"
1624320000008,"-0.00007194"
1624348800009,"-0.00008030"
1624377600001,"0.00010000"
1624406400003,"-0.00021752"
1624435200000,"-0.00052863"
1624464000000,"-0.00005560"
1624492800009,"-0.00015298"
1624521600018,"-0.00002115"
1624550400001,"-0.00002524"
1624579200009,"-0.00036956"
1624608000004,"-0.00016153"
1624636800000,"-0.00014849"
1624665600007,"-0.00005770"
1624694400000,"-0.00007536"
1624723200002,"-0.00022055"
1624752000005,"-0.00003544"
1624780800010,"-0.00009853"
1624809600001,"-0.00028331"
1624838400025,"-0.00027066"
1624867200017,"0.00004074"
1624896000007,"-0.00036897"
1624924800008,"-0.00008770"
1624953600000,"-0.00023618"
1624982400000,"-0.00012292"
1625011200011,"-0.00003000"
1625040000044,"0.00003415"
1625068800005,"0.00010000"
1625097600000,"-0.00004504"
1625126400004,"0.00002438"
1625155200028,"-0.00041291"
1625184000002,"0.00005357"
1625212800016,"0.00010000"
1625241600007,"-0.00014733"
1625270400008,"0.00010000"
1625299200000,"-0.00000912"
1625328000004,"-0.00006033"
1625356800012,"-0.00022568"
1625385600002,"0.00009301"
1625414400003,"0.00008800"
1625443200004,"-0.00004815"
1625472000000,"-0.00015275"
1625500800009,"-0.00035285"
1625529600008,"-0.00020573"
1625558400019,"0.00010000"
1625587200000,"-0.00003015"
1625616000007,"-0.00036881"
1625644800001,"-0.00005136"
1625673600008,"-0.00011636"
1625702400002,"0.00010000"
1625731200010,"-0.00032194"
1625760000003,"0.00008753"
1625788800000,"-0.00004338"
1625817600006,"-0.00017893"
1625846400000,"-0.00019078"
1625875200002,"-0.00011302"
1625904000000,"0.00000798"
1625932800001,"-0.00042197"
1625961600001,"-0.00043013"
1625990400025,"-0.00050759"
1626019200006,"-0.00024031"
1626048000000,"-0.00070753"
1626076800021,"-0.00043671"
1626105600000,"-0.00025408"
1626134400000,"-0.00044655"
1626163200013,"-0.00042431"
1626192000005,"-0.00031043"
1626220800000,"-0.00047069"
1626249600000,"-0.00058245"
1626278400005,"-0.00034575"
1626307200005,"-0.00068761"
1626336000001,"-0.00046810"
1626364800000,"-0.00002147"
1626393600000,"0.00006792"
1626422400000,"0.00010000"
1626451200001,"-0.00010038"
1626480000004,"0.00001713"
1626508800009,"-0.00001018"
1626537600006,"-0.00006370"
1626566400000,"-0.00037942"
1626595200001,"-0.00029011"
1626624000003,"-0.00033559"
1626652800002,"-0.00029045"
1626681600006,"-0.00000149"
1626710400006,"-0.00035030"
1626739200002,"-0.00019839"
1626768000011,"-0.00012511"
1626796800001,"-0.00019183"
1626825600022,"-0.00031807"
1626854400000,"-0.00051135"
1626883200018,"-0.00086402"
1626912000002,"-0.00002720"
1626940800006,"-0.00050119"
1626969600010,"-0.00007266"
1626998400013,"-0.00012524"
1627027200000,"-0.00045645"
1627056000005,"-0.00005021"
1627084800000,"-0.00008218"
1627113600002,"-0.00014176"
1627142400001,"0.00006699"
1627171200003,"-0.00029343"
1627200000015,"-0.00030947"
1627228800000,"-0.00015077"
1627257600000,"0.00005519"
1627286400000,"0.00010000"
1627315200000,"0.00007816"
1627344000046,"0.00010000"
1627372800014,"0.00001733"
1627401600007,"0.00010000"
1627430400000,"0.00010000"
1627459200002,"0.00010000"
1627488000005,"0.00010000"
1627516800004,"0.00010000"
1627545600000,"0.00010000"
1627574400007,"0.00010000"
1627603200004,"0.00010000"
1627632000000,"0.00010000"
1627660800000,"-0.00009831"
1627689600000,"0.00010000"
1627718400014,"0.00010000"
1627747200003,"0.00010000"
1627776000005,"0.00010000"
1627804800016,"0.00010000"
1627833600001,"0.00010000"
1627862400000,"0.00010000"
1627891200014,"0.00010000"
1627920000021,"0.00010000"
1627948800000,"0.00010000"
1627977600000,"0.00010000"
1628006400009,"0.00010000"
1628035200000,"0.00010000"
1628064000000,"0.00010000"
1628092800003,"0.00010000"
1628121600000,"0.00010000"
1628150400000,"0.00010000"
1628179200001,"0.00010000"
1628208000000,"0.00010000"
1628236800004,"0.00010000"
1628265600003,"0.00010000"
1628294400015,"0.00010800"
1628323200001,"0.00042357"
1628352000002,"0.00010314"
1628380800000,"0.00026848"
1628409600002,"0.00035246"
1628438400018,"0.00010000"
1628467200000,"0.00010000"
1628496000000,"0.00010000"
1628524800002,"0.00010000"
1628553600000,"0.00010000"
1628582400003,"0.00010000"
1628611200000,"0.00010000"
1628640000006,"0.00010000"
1628668800003,"0.00010000"
1628697600000,"0.00022378"
1628726400013,"0.00033974"
1628755200001,"0.00010000"
1628784000000,"0.00010000"
1628812800000,"0.00010000"
1628841600000,"0.00010000"
1628870400002,"0.00032064"
1628899200006,"0.00010000"
1628928000000,"0.00041498"
1628956800000,"0.00051644"
1628985600003,"0.00021387"
1629014400000,"0.00022868"
1629043200007,"0.00060357"
1629072000012,"0.00084531"
1629100800003,"0.00068974"
1629129600010,"0.00072810"
1629158400018,"0.00017548"
1629187200015,"0.00022941"
1629216000006,"0.00048765"
1629244800000,"0.00010000"
1629273600000,"0.00010000"
1629302400011,"0.00010000"
1629331200000,"0.00010000"
1629360000014,"0.00010000"
1629388800000,"0.00010000"
1629417600000,"0.00010000"
1629446400001,"0.00033203"
1629475200001,"0.00034400"
1629504000005,"0.00040375"
1629532800001,"0.00073525"
1629561600000,"0.00021945"
1629590400005,"0.00020491"
1629619200007,"0.00051367"
1629648000002,"0.00050427"
1629676800003,"0.00040402"
1629705600005,"0.00098472"
1629734400002,"0.00078575"
1629763200006,"0.00040115"
1629792000004,"0.00050120"
1629820800000,"0.00049570"
1629849600015,"0.00010000"
1629878400000,"0.00010000"
1629907200000,"0.00010000"
1629936000001,"0.00010000"
1629964800016,"0.00010000"
1629993600004,"0.00010000"
1630022400013,"0.00010000"
1630051200001,"0.00010000"
1630080000004,"0.00010000"
1630108800000,"0.00010000"
1630137600000,"0.00020101"
1630166400000,"0.00027202"
1630195200000,"0.00041040"
1630224000002,"0.00010000"
1630252800005,"0.00037217"
1630281600013,"0.00010000"
1630310400008,"0.00010000"
1630339200000,"0.00043996"
1630368000000,"0.00018073"
1630396800007,"0.00010000"
1630425600003,"0.00010000"
1630454400000,"0.00033575"
1630483200006,"0.00039547"
1630512000000,"0.00038366"
1630540800009,"0.00010000"
1630569600006,"0.00050201"
1630598400007,"0.00101038"
1630627200011,"0.00080891"
1630656000000,"0.00092273"
1630684800002,"0.00055456"
1630713600003,"0.00073678"
1630742400008,"0.00077187"
1630771200009,"0.00129788"
1630800000002,"0.00103920"
1630828800002,"0.00063651"
1630857600000,"0.00077618"
1630886400003,"0.00054560"
1630915200008,"0.00065208"
1630944000009,"0.00024927"
1630972800004,"0.00030200"
1631001600002,"0.00068729"
1631030400001,"-0.00009559"
1631059200005,"0.00010000"
1631088000000,"0.00010000"
1631116800000,"0.00010000"
1631145600006,"0.00010000"
1631174400014,"0.00010000"
1631203200002,"0.00010000"
1631232000001,"0.00010000"
1631260800018,"0.00010000"
1631289600006,"0.00010000"
1631318400000,"0.00010000"
1631347200001,"0.00010000"
1631376000000,"0.00010000"
1631404800000,"0.00010000"
1631433600002,"0.00010000"
1631462400000,"0.00010000"
1631491200000,"0.00010000"
1631520000007,"0.00010000"
1631548800005,"0.00010000"
1631577600002,"0.00010000"
1631606400000,"0.00010000"
1631635200007,"0.00010000"
1631664000012,"0.00010000"
1631692800003,"0.00010000"
1631721600006,"0.00010000"
1631750400008,"0.00010000"
1631779200005,"0.00010000"
1631808000002,"0.00010000"
1631836800000,"0.00010000"
1631865600047,"0.00010000"
1631894400013,"0.00010000"
1631923200000,"0.00010000"
1631952000010,"0.00010000"
1631980800005,"0.00010000"
1632009600006,"0.00010000"
1632038400015,"0.00010000"
1632067200007,"0.00010000"
1632096000018,"0.00010000"
1632124800000,"0.00010000"
1632153600005,"0.00010000"
1632182400005,"0.00010000"
1632211200007,"0.00010000"
1632240000000,"0.00010000"
1632268800005,"0.00010000"
1632297600006,"0.00010000"
1632326400000,"0.00010000"
1632355200003,"0.00005180"
1632384000000,"0.00010000"
1632412800007,"0.00010000"
1632441600000,"0.00010000"
1632470400017,"0.00010000"
1632499200000,"0.00010000"
1632528000007,"0.00010000"
1632556800002,"0.00010000"
1632585600004,"0.00010000"
1632614400013,"0.00000493"
1632643200000,"0.00002965"
1632672000005,"0.00010000"
1632700800000,"0.00010000"
1632729600001,"0.00010000"
1632758400000,"0.00010000"
1632787200000,"0.00010000"
1632816000014,"0.00010000"
1632844800000,"0.00010000"
1632873600000,"0.00010000"
1632902400002,"0.00010000"
1632931200000,"-0.00014704"
1632960000000,"-0.00005373"
1632988800004,"-0.00011570"
1633017600005,"-0.00000721"
1633046400012,"0.00010000"
1633075200008,"0.00010000"
1633104000000,"0.00010000"
1633132800000,"0.00010000"
1633161600002,"0.00010000"
1633190400011,"0.00010000"
1633219200019,"0.00010000"
1633248000011,"0.00010000"
1633276800004,"0.00010000"
1633305600004,"0.00010000"
1633334400000,"0.00010000"
1633363200000,"0.00010000"
1633392000007,"0.00010000"
1633420800007,"0.00010000"
1633449600004,"0.00010000"
1633478400002,"0.00010000"
1633507200000,"0.00010000"
1633536000003,"0.00010000"
1633564800007,"0.00010000"
1633593600002,"0.00010000"
1633622400000,"0.00013168"
1633651200011,"0.00010000"
1633680000003,"0.00019666"
1633708800002,"0.00040960"
1633737600006,"0.00041016"
1633766400003,"0.00020428"
1633795200000,"0.00019662"
1633824000000,"0.00037389"
1633852800008,"0.00035802"
1633881600000,"0.00028157"
1633910400002,"0.00010000"
1633939200001,"0.00010000"
1633968000006,"0.00010000"
1633996800008,"0.00010000"
1634025600013,"0.00010000"
1634054400003,"0.00010000"
1634083200003,"0.00010000"
1634112000015,"0.00010000"
1634140800000,"0.00010000"
1634169600011,"0.00010000"
1634198400017,"0.00010000"
1634227200000,"0.00022158"
1634256000005,"0.00022064"
1634284800002,"0.00049520"
1634313600005,"0.00019903"
1634342400009,"0.00037923"
1634371200000,"0.00068333"
1634400000003,"0.00052139"
1634428800001,"0.00046407"
1634457600002,"0.00066359"
1634486400002,"0.00043297"
1634515200006,"0.00010000"
1634544000004,"0.00010000"
1634572800001,"0.00013577"
1634601600002,"0.00021692"
1634630400000,"0.00021335"
1634659200000,"0.00013807"
1634688000017,"0.00011585"
1634716800004,"0.00029539"
1634745600020,"0.00053956"
1634774400000,"0.00039328"
1634803200000,"0.00061315"
1634832000008,"0.00071098"
1634860800005,"0.00030577"
1634889600005,"0.00029857"
1634918400018,"0.00045253"
1634947200005,"0.00042917"
1634976000001,"0.00014312"
1635004800004,"0.00040636"
1635033600006,"0.00055174"
1635062400012,"0.00059661"
1635091200001,"0.00060865"
1635120000012,"0.00028863"
1635148800002,"0.00064788"
1635177600022,"0.00074035"
1635206400005,"0.00036559"
1635235200016,"0.00063438"
1635264000000,"0.00078657"
1635292800004,"0.00063581"
1635321600000,"0.00082890"
1635350400002,"0.00010000"
1635379200002,"0.00010000"
1635408000000,"0.00010000"
1635436800005,"0.00010000"
1635465600000,"0.00010000"
1635494400007,"0.00010000"
1635523200001,"0.00021348"
1635552000000,"0.00024667"
1635580800001,"0.00044870"
1635609600013,"0.00026800"
1635638400008,"0.00029952"
1635667200010,"0.00049797"
1635696000001,"0.00031667"
1635724800009,"0.00037457"
1635753600014,"0.00021756"
1635782400001,"0.00035897"
1635811200000,"0.00052575"
1635840000007,"0.00053820"
1635868800010,"0.00068887"
1635897600019,"0.00064333"
1635926400000,"0.00084626"
1635955200005,"0.00040254"
1635984000006,"0.00042312"
1636012800004,"0.00080720"
1636041600004,"0.00064301"
1636070400000,"0.00045909"
1636099200013,"0.00081307"
1636128000016,"0.00029315"
1636156800010,"0.00039237"
1636185600000,"0.00046504"
1636214400007,"0.00018753"
1636243200013,"0.00026655"
1636272000005,"0.00032806"
1636300800004,"0.00064039"
1636329600001,"0.00051749"
1636358400000,"0.00069621"
1636387200000,"0.00064500"
1636416000000,"0.00067463"
1636444800014,"0.00079496"
1636473600001,"0.00043788"
1636502400000,"0.00073770"
1636531200003,"0.00049690"
1636560000001,"0.00066066"
1636588800008,"0.00010000"
1636617600012,"0.00017612"
1636646400007,"0.00019385"
1636675200000,"0.00019815"
1636704000000,"0.00015189"
1636732800004,"0.00014064"
1636761600000,"0.00024351"
1636790400004,"0.00013339"
1636819200006,"0.00022594"
1636848000010,"0.00026068"
1636876800001,"0.00037868"
1636905600000,"0.00030309"
1636934400008,"0.00014147"
1636963200000,"0.00033943"
1636992000000,"0.00030056"
1637020800000,"0.00028222"
1637049600001,"0.00010000"
1637078400018,"0.00010000"
1637107200005,"0.00010000"
1637136000007,"0.00010000"
1637164800003,"0.00010000"
1637193600017,"0.00010000"
1637222400007,"0.00010000"
1637251200011,"0.00010000"
1637280000000,"0.00010000"
1637308800000,"0.00010000"
1637337600005,"0.00010000"
1637366400012,"0.00010000"
1637395200000,"0.00010000"
1637424000007,"0.00010000"
1637452800000,"0.00010000"
1637481600006,"0.00010000"
1637510400000,"0.00010000"
1637539200004,"0.00010000"
1637568000000,"0.00010000"
1637596800000,"0.00010000"
1637625600004,"0.00010000"
1637654400010,"0.00010000"
1637683200005,"0.00010000"
1637712000001,"0.00031844"
1637740800003,"0.00027158"
1637769600010,"0.00010000"
1637798400000,"0.00010000"
1637827200010,"0.00022994"
1637856000000,"0.00046028"
1637884800000,"0.00047588"
1637913600000,"0.00010000"
1637942400016,"0.00010000"
1637971200005,"0.00010000"
1638000000008,"0.00010000"
1638028800007,"0.00010000"
1638057600018,"0.00010000"
1638086400000,"0.00010000"
1638115200004,"0.00010000"
1638144000002,"0.00010000"
1638172800004,"0.00010000"
1638201600000,"0.00010000"
1638230400000,"0.00010000"
1638259200006,"0.00010000"
1638288000000,"0.00010000"
1638316800000,"0.00010000"
1638345600000,"0.00019409"
1638374400001,"0.00022228"
1638403200000,"0.00010000"
1638432000007,"0.00010000"
1638460800008,"0.00010000"
1638489600004,"0.00010000"
1638518400002,"0.00010000"
1638547200006,"0.00010000"
1638576000006,"0.00010000"
1638604800004,"0.00010000"
1638633600000,"0.00000430"
1638662400003,"0.00001849"
1638691200008,"-0.00007432"
1638720000007,"-0.00015242"
1638748800009,"-0.00006075"
1638777600001,"0.00001131"
1638806400000,"0.00005601"
1638835200018,"-0.00004528"
1638864000000,"-0.00021372"
1638892800000,"0.00000434"
1638921600000,"0.00006216"
1638950400018,"0.00010000"
1638979200010,"0.00010000"
1639008000010,"0.00002188"
1639036800000,"0.00010000"
1639065600000,"0.00010000"
1639094400000,"0.00010000"
1639123200008,"0.00010000"
1639152000012,"-0.00005062"
1639180800009,"0.00005893"
1639209600008,"0.00000814"
1639238400000,"0.00008586"
1639267200001,"0.00010000"
1639296000015,"-0.00003824"
1639324800011,"-0.00000669"
1639353600006,"0.00010000"
1639382400019,"0.00002394"
1639411200000,"-0.00006460"
1639440000004,"0.00000212"
1639468800000,"0.00000415"
1639497600015,"0.00010000"
1639526400000,"0.00010000"
1639555200008,"0.00004973"
1639584000005,"0.00004526"
1639612800006,"0.00010000"
1639641600009,"0.00010000"
1639670400000,"0.00010000"
1639699200000,"0.00010000"
1639728000005,"0.00000729"
1639756800006,"-0.00021171"
1639785600014,"0.00003025"
1639814400012,"0.00002386"
1639843200000,"0.00010000"
1639872000031,"-0.00005112"
1639900800000,"0.00010000"
1639929600003,"0.00010000"
1639958400015,"0.00010000"
1639987200007,"0.00008454"
1640016000005,"-0.00007134"
1640044800003,"0.00003674"
1640073600012,"0.00004356"
1640102400005,"-0.00000633"
1640131200000,"-0.00028713"
1640160000001,"0.00010000"
1640188800006,"0.00010000"
1640217600011,"0.00010000"
1640246400000,"0.00010000"
1640275200000,"0.00010000"
1640304000005,"0.00010000"
1640332800000,"0.00010000"
1640361600011,"0.00010000"
1640390400000,"0.00010000"
1640419200001,"0.00010000"
1640448000005,"0.00010000"
1640476800004,"0.00010000"
1640505600002,"0.00010000"
1640534400000,"0.00010000"
1640563200002,"0.00010000"
1640592000005,"0.00010000"
1640620800000,"0.00010000"
1640649600000,"0.00010000"
1640678400012,"0.00010000"
1640707200000,"0.00010000"
1640736000006,"0.00010000"
1640764800003,"0.00010000"
1640793600004,"0.00010000"
1640822400003,"0.00010000"
1640851200001,"0.00010000"
1640880000017,"0.00010000"
1640908800006,"0.00010000"
1640937600009,"0.00010000"
1640966400000,"0.00010000"
1640995200006,"0.00002606"
1641024000009,"0.00006385"
1641052800000,"0.00007789"
1641081600028,"-0.00000487"
1641110400000,"0.00010000"
1641139200000,"0.00010000"
1641168000010,"0.00010000"
1641196800013,"0.00010000"
1641225600018,"0.00010000"
1641254400000,"0.00010000"
1641283200010,"0.00010000"
1641312000002,"0.00010000"
1641340800001,"0.00010000"
1641369600017,"0.00010000"
1641398400000,"0.00010000"
1641427200002,"0.00002947"
1641456000021,"0.00010000"
1641484800006,"0.00010000"
1641513600005,"0.00002732"
1641542400000,"0.00010000"
1641571200001,"0.00010000"
1641600000014,"0.00010000"
1641628800013,"0.00010000"
1641657600000,"0.00008718"
1641686400003,"-0.00004330"
1641715200000,"0.00010000"
1641744000000,"0.00010000"
1641772800000,"0.00010000"
1641801600010,"0.00008915"
1641830400007,"0.00010000"
1641859200013,"0.00010000"
1641888000004,"0.00010000"
1641916800000,"0.00010000"
1641945600012,"0.00001859"
1641974400015,"0.00010000"
1642003200000,"0.00005639"
1642032000007,"0.00010000"
1642060800000,"0.00010000"
1642089600014,"0.00010000"
1642118400000,"0.00010000"
1642147200006,"0.00010000"
1642176000014,"0.00010000"
1642204800000,"0.00010000"
1642233600002,"0.00010000"
1642262400000,"0.00010000"
1642291200000,"0.00010000"
1642320000017,"0.00010000"
1642348800011,"0.00010000"
1642377600005,"0.00010000"
1642406400006,"0.00005074"
1642435200012,"0.00010000"
1642464000020,"0.00010000"
1642492800000,"-0.00000279"
1642521600013,"0.00007146"
1642550400001,"0.00010000"
1642579200000,"0.00009534"
1642608000000,"-0.00019038"
1642636800015,"0.00005536"
1642665600000,"0.00010000"
1642694400000,"0.00010000"
1642723200007,"-0.00017220"
1642752000015,"-0.00001592"
1642780800000,"-0.00022464"
1642809600017,"0.00001324"
1642838400003,"-0.00083529"
1642867200021,"-0.00098132"
1642896000026,"0.00010000"
1642924800010,"-0.00001826"
1642953600009,"-0.00020803"
1642982400010,"-0.00016595"
1643011200000,"-0.00036022"
1643040000021,"-0.00012586"
1643068800000,"-0.00050781"
1643097600000,"-0.00030070"
1643126400012,"-0.00069231"
1643155200000,"-0.00021300"
1643184000001,"-0.00042684"
1643212800005,"-0.00007899"
1643241600004,"0.00008896"
1643270400004,"-0.00019702"
1643299200019,"0.00000089"
1643328000000,"-0.00010621"
1643356800000,"0.00010000"
1643385600025,"0.00010000"
1643414400017,"0.00008921"
1643443200000,"0.00006770"
1643472000013,"0.00010000"
1643500800025,"0.00009632"
1643529600009,"0.00010000"
1643558400000,"0.00010000"
1643587200000,"-0.00008213"
1643616000000,"-0.00001551"
1643644800000,"-0.00005333"
1643673600010,"-0.00001066"
1643702400000,"0.00010000"
1643731200004,"0.00010000"
1643760000004,"0.00010000"
1643788800000,"0.00005489"
1643817600002,"-0.00004490"
1643846400002,"-0.00002586"
1643875200000,"-0.00017956"
1643904000000,"-0.00021392"
1643932800018,"-0.00008679"
1643961600005,"0.00010000"
1643990400010,"0.00009370"
1644019200014,"0.00006445"
1644048000000,"0.00001575"
1644076800000,"0.00010000"
1644105600000,"0.00010000"
1644134400000,"0.00010000"
1644163200000,"0.00010000"
1644192000003,"0.00010000"
1644220800014,"0.00004722"
1644249600003,"0.00001896"
1644278400001,"0.00004154"
1644307200003,"0.00006583"
1644336000002,"0.00010000"
1644364800000,"0.00010000"
1644393600005,"0.00010000"
1644422400001,"0.00010000"
1644451200012,"0.00010000"
1644480000000,"0.00010000"
1644508800006,"0.00005740"
1644537600000,"-0.00000456"
1644566400009,"0.00010000"
1644595200015,"0.00004785"
1644624000020,"0.00004776"
1644652800001,"-0.00003439"
1644681600007,"0.00000150"
1644710400022,"-0.00002062"
1644739200001,"-0.00005585"
1644768000007,"0.00008332"
1644796800005,"-0.00000176"
1644825600013,"-0.00003868"
1644854400019,"0.00010000"
1644883200012,"0.00001837"
1644912000005,"0.00010000"
1644940800011,"0.00007766"
1644969600009,"0.00010000"
1644998400001,"0.00010000"
1645027200014,"0.00010000"
1645056000018,"0.00010000"
1645084800000,"0.00010000"
1645113600010,"0.00010000"
1645142400000,"-0.00002930"
1645171200002,"-0.00000636"
1645200000000,"-0.00000091"
1645228800007,"-0.00003709"
1645257600000,"0.00007958"
1645286400023,"0.00005924"
1645315200001,"0.00010000"
1645344000003,"0.00006483"
1645372800001,"0.00010000"
1645401600000,"0.00010000"
1645430400001,"0.00010000"
1645459200005,"-0.00005025"
1645488000005,"-0.00001643"
1645516800000,"-0.00003356"
1645545600000,"-0.00002842"
1645574400002,"-0.00006814"
1645603200005,"0.00000363"
1645632000010,"-0.00006674"
1645660800008,"-0.00013157"
1645689600003,"-0.00023637"
1645718400001,"-0.00017106"
1645747200000,"-0.00008507"
1645776000006,"-0.00021556"
1645804800001,"0.00005944"
1645833600004,"0.00010000"
1645862400004,"0.00010000"
1645891200007,"-0.00004452"
1645920000012,"-0.00019063"
1645948800000,"-0.00022831"
1645977600000,"0.00009872"
1646006400000,"-0.00009445"
1646035200001,"-0.00011296"
1646064000002,"0.00010000"
1646092800002,"0.00010000"
1646121600001,"0.00010000"
1646150400000,"0.00010000"
1646179200000,"0.00010000"
1646208000000,"0.00004379"
1646236800002,"0.00010000"
1646265600000,"0.00010000"
1646294400000,"0.00010000"
1646323200005,"0.00004228"
1646352000018,"-0.00002633"
1646380800000,"-0.00007987"
1646409600000,"0.00003772"
1646438400006,"-0.00021023"
1646467200004,"-0.00028628"
1646496000000,"-0.00003101"
1646524800004,"-0.00027400"
1646553600000,"-0.00029424"
1646582400013,"-0.00047257"
1646611200008,"-0.00053254"
1646640000006,"-0.00021845"
1646668800000,"-0.00005667"
1646697600008,"-0.00032901"
1646726400002,"-0.00012102"
1646755200000,"0.00009010"
1646784000008,"-0.00008276"
1646812800000,"0.00004270"
1646841600004,"0.00010000"
1646870400000,"0.00010000"
1646899200017,"-0.00030403"
1646928000000,"-0.00015893"
1646956800008,"0.00002836"
1646985600000,"-0.00010643"
1647014400001,"-0.00025161"
1647043200010,"-0.00033618"
1647072000001,"-0.00006497"
1647100800002,"0.00010000"
1647129600008,"0.00010000"
1647158400000,"0.00005530"
1647187200002,"-0.00009495"
1647216000014,"0.00005151"
1647244800005,"-0.00012828"
1647273600002,"-0.00010491"
1647302400008,"-0.00006500"
1647331200000,"0.00007453"
1647360000006,"-0.00007469"
1647388800013,"0.00000734"
1647417600000,"0.00010000"
1647446400008,"-0.00008902"
1647475200004,"0.00010000"
1647504000000,"0.00010000"
1647532800004,"0.00010000"
1647561600000,"0.00010000"
1647590400000,"0.00010000"
1647619200017,"0.00010000"
1647648000008,"0.00010000"
1647676800015,"0.00010000"
1647705600000,"0.00010000"
1647734400000,"0.00010000"
1647763200001,"0.00010000"
1647792000002,"0.00010000"
1647820800013,"0.00010000"
1647849600004,"0.00008552"
1647878400010,"0.00010000"
1647907200012,"0.00010000"
1647936000001,"0.00010000"
1647964800022,"0.00010000"
1647993600007,"0.00010000"
1648022400000,"0.00010000"
1648051200006,"0.00010000"
1648080000013,"0.00010000"
1648108800006,"0.00010000"
1648137600020,"0.00010000"
1648166400010,"0.00010000"
1648195200001,"0.00010000"
1648224000014,"0.00010000"
1648252800020,"0.00010000"
1648281600006,"0.00010000"
1648310400000,"-0.00228722"
1648339200004,"-0.00750000"
1648368000001,"-0.00382217"
1648396800006,"-0.00750000"
1648425600012,"-0.00081371"
1648454400007,"0.00010000"
1648483200000,"-0.00032307"
1648512000000,"-0.00006247"
1648540800015,"0.00010000"
1648569600000,"0.00010000"
1648598400000,"0.00010000"
1648627200002,"0.00010000"
1648656000028,"0.00010000"
1648684800017,"0.00010000"
1648713600000,"-0.00032453"
1648742400015,"0.00010000"
1648771200000,"0.00010000"
1648800000000,"0.00010000"
1648828800018,"0.00010000"
1648857600000,"0.00010000"
1648886400002,"0.00010000"
1648915200006,"0.00010000"
1648944000018,"0.00010000"
1648972800018,"0.00010000"
1649001600015,"0.00010000"
1649030400006,"0.00010000"
1649059200000,"0.00017669"
1649088000016,"0.00010000"
1649116800000,"0.00010000"
1649145600010,"0.00010000"
1649174400008,"0.00010000"
1649203200001,"0.00010000"
1649232000021,"0.00010000"
1649260800000,"0.00010000"
1649289600009,"0.00010000"
1649318400000,"0.00010000"
1649347200000,"0.00010000"
1649376000000,"0.00010000"
1649404800004,"0.00010000"
1649433600008,"0.00010000"
1649462400008,"0.00010000"
1649491200000,"0.00010000"
1649520000001,"0.00010000"
1649548800004,"0.00010000"
1649577600007,"0.00010000"
1649606400016,"0.00010000"
1649635200000,"0.00010000"
1649664000000,"0.00010000"
1649692800009,"0.00010000"
1649721600000,"0.00010000"
1649750400006,"0.00007670"
1649779200013,"0.00009908"
1649808000005,"0.00010000"
1649836800008,"0.00010000"
1649865600013,"0.00010000"
1649894400007,"0.00010000"
1649923200000,"0.00010000"
1649952000006,"0.00010000"
1649980800008,"0.00010000"
1650009600002,"0.00010000"
1650038400000,"0.00007886"
1650067200011,"0.00009316"
1650096000007,"0.00010000"
1650124800007,"0.00010000"
1650153600000,"0.00010000"
1650182400004,"0.00010000"
1650211200000,"0.00010000"
1650240000008,"0.00010000"
1650268800012,"-0.00002126"
1650297600000,"0.00000194"
1650326400021,"0.00007636"
1650355200031,"0.00010000"
1650384000000,"0.00010000"
1650412800025,"0.00010000"
1650441600003,"0.00010000"
1650470400000,"0.00010000"
1650499200000,"0.00010000"
1650528000000,"0.00010000"
1650556800024,"0.00010000"
1650585600008,"0.00010000"
1650614400008,"0.00010000"
1650643200008,"0.00010000"
1650672000000,"0.00010000"
1650700800000,"0.00010000"
1650729600012,"0.00010000"
1650758400004,"0.00010000"
1650787200003,"0.00010000"
1650816000000,"0.00010000"
1650844800008,"0.00007693"
1650873600018,"0.00001350"
1650902400000,"-0.00007607"
1650931200014,"0.00006675"
1650960000000,"0.00010000"
1650988800017,"-0.00003445"
1651017600012,"-0.00007509"
1651046400000,"-0.00011566"
1651075200002,"0.00010000"
1651104000000,"-0.00002516"
1651132800004,"0.00010000"
1651161600030,"-0.00004978"
1651190400000,"0.00008465"
1651219200016,"0.00004740"
1651248000010,"-0.00010603"
1651276800000,"-0.00008996"
1651305600005,"0.00004154"
1651334400015,"-0.00002847"
1651363200000,"-0.00001971"
1651392000000,"-0.00032024"
1651420800010,"-0.00025962"
1651449600018,"-0.00011305"
1651478400007,"-0.00001531"
1651507200000,"-0.00007875"
1651536000006,"-0.00002995"
1651564800000,"0.00000638"
1651593600021,"0.00002542"
1651622400007,"0.00008231"
1651651200011,"-0.00001751"
1651680000000,"-0.00029778"
1651708800005,"-0.00047450"
1651737600019,"-0.00007183"
1651766400005,"0.00010000"
1651795200005,"0.00003796"
1651824000001,"-0.00023259"
1651852800010,"-0.00031955"
1651881600004,"-0.00022601"
1651910400016,"-0.00017612"
1651939200011,"-0.00009100"
1651968000000,"-0.00009672"
1651996800007,"0.00008726"
1652025600015,"0.00010000"
1652054400000,"0.00008034"
1652083200001,"0.00001776"
1652112000000,"0.00008636"
1652140800000,"-0.00022426"
1652169600007,"-0.00018146"
1652198400008,"-0.00008841"
1652227200004,"-0.00009774"
1652256000007,"-0.00036249"
1652284800008,"-0.00019056"
1652313600014,"-0.00014611"
1652342400000,"-0.00027153"
1652371200007,"-0.00005640"
1652400000014,"-0.00042762"
1652428800001,"-0.00051311"
1652457600000,"-0.00017500"
1652486400000,"-0.00027982"
1652515200000,"0.00008814"
1652544000001,"-0.00000111"
1652572800000,"-0.00004201"
1652601600000,"-0.00001902"
1652630400000,"0.00005106"
1652659200021,"0.00008407"
1652688000013,"-0.00004304"
1652716800006,"-0.00009904"
1652745600000,"-0.00020517"
1652774400010,"-0.00011314"
1652803200023,"0.00000753"
1652832000003,"-0.00014344"
1652860800024,"0.00001280"
1652889600014,"-0.00024185"
1652918400000,"-0.00042846"
1652947200008,"-0.00044378"
1652976000015,"-0.00014905"
1653004800001,"0.00010000"
1653033600003,"-0.00009523"
1653062400012,"-0.00001587"
1653091200008,"-0.00030600"
1653120000001,"-0.00010264"
1653148800007,"-0.00000615"
1653177600003,"0.00010000"
1653206400016,"0.00003274"
1653235200000,"0.00002835"
1653264000011,"0.00006417"
1653292800000,"-0.00020401"
1653321600023,"-0.00008437"
1653350400011,"-0.00004721"
1653379200000,"-0.00011659"
1653408000009,"-0.00010538"
1653436800001,"-0.00010559"
1653465600000,"0.00001949"
1653494400015,"-0.00003811"
1653523200005,"0.00010000"
1653552000001,"-0.00010746"
1653580800000,"-0.00027128"
1653609600007,"-0.00019768"
1653638400008,"-0.00008229"
1653667200000,"0.00004841"
1653696000018,"0.00006863"
1653724800016,"-0.00027469"
1653753600013,"0.00006863"
1653782400000,"-0.00010670"
1653811200025,"-0.00030219"
1653840000002,"-0.00011759"
1653868800000,"-0.00000065"
1653897600013,"0.00010000"
1653926400005,"0.00010000"
1653955200016,"0.00010000"
1653984000000,"0.00010000"
1654012800000,"0.00005114"
1654041600000,"0.00006066"
1654070400011,"0.00010000"
1654099200000,"0.00008112"
1654128000000,"-0.00025073"
1654156800006,"-0.00021586"
1654185600021,"-0.00003088"
1654214400016,"0.00005213"
1654243200016,"-0.00023176"
1654272000012,"-0.00012381"
1654300800005,"0.00005839"
1654329600000,"0.00006997"
1654358400007,"0.00007831"
1654387200005,"0.00000316"
1654416000015,"0.00007149"
1654444800000,"0.00010000"
1654473600000,"-0.00011060"
1654502400017,"0.00008930"
1654531200000,"0.00010000"
1654560000000,"0.00010000"
1654588800011,"-0.00009583"
1654617600000,"0.00010000"
1654646400008,"0.00010000"
1654675200020,"0.00000068"
1654704000012,"0.00010000"
1654732800000,"0.00010000"
1654761600000,"0.00005961"
1654790400000,"0.00010000"
1654819200009,"-0.00004269"
1654848000000,"-0.00002446"
1654876800006,"-0.00007726"
1654905600018,"-0.00008987"
1654934400014,"0.00005345"
1654963200000,"-0.00015196"
1654992000015,"-0.00012610"
1655020800019,"-0.00036264"
1655049600010,"-0.00015349"
1655078400009,"-0.00006962"
1655107200000,"-0.00038003"
1655136000007,"-0.00026281"
1655164800013,"-0.00026442"
1655193600008,"0.00008058"
1655222400006,"0.00006893"
1655251200000,"0.00010000"
1655280000016,"-0.00033791"
1655308800008,"-0.00012289"
1655337600009,"0.00010000"
1655366400016,"0.00010000"
1655395200000,"-0.00011745"
1655424000008,"-0.00022007"
1655452800003,"0.00008522"
1655481600000,"0.00002242"
1655510400020,"0.00007749"
1655539200025,"-0.00034537"
1655568000014,"-0.00009364"
1655596800012,"0.00003171"
1655625600012,"0.00009522"
1655654400008,"0.00010000"
1655683200016,"0.00010000"
1655712000000,"0.00010000"
1655740800013,"0.00010000"
1655769600012,"0.00010000"
1655798400018,"0.00010000"
1655827200010,"0.00003701"
1655856000000,"0.00010000"
1655884800001,"0.00005956"
1655913600012,"-0.00004621"
1655942400000,"0.00010000"
1655971200000,"0.00010000"
1656000000016,"-0.00000882"
1656028800005,"0.00010000"
1656057600004,"0.00010000"
1656086400018,"0.00010000"
1656115200001,"0.00010000"
1656144000010,"0.00001408"
1656172800000,"0.00010000"
1656201600002,"0.00010000"
1656230400016,"0.00004833"
1656259200006,"0.00002971"
1656288000008,"0.00010000"
1656316800000,"0.00010000"
1656345600016,"0.00010000"
1656374400016,"0.00005402"
1656403200001,"0.00009282"
1656432000005,"0.00010000"
1656460800000,"0.00010000"
1656489600013,"0.00010000"
1656518400000,"0.00007711"
1656547200000,"0.00010000"
1656576000000,"0.00010000"
1656604800000,"-0.00017045"
1656633600001,"0.00008574"
1656662400017,"0.00005807"
1656691200005,"-0.00027686"
1656720000000,"-0.00002798"
1656748800000,"0.00010000"
1656777600008,"0.00002971"
1656806400015,"0.00010000"
1656835200004,"0.00010000"
1656864000005,"0.00010000"
1656892800021,"0.00010000"
1656921600001,"0.00006070"
1656950400000,"0.00010000"
1656979200000,"0.00010000"
1657008000000,"0.00003799"
1657036800015,"-0.00002530"
1657065600006,"0.00010000"
1657094400000,"0.00010000"
1657123200000,"0.00010000"
1657152000010,"0.00009364"
1657180800010,"-0.00002073"
1657209600011,"0.00010000"
1657238400008,"0.00010000"
1657267200009,"0.00010000"
1657296000000,"-0.00001684"
1657324800000,"-0.00006135"
1657353600000,"0.00007003"
1657382400009,"0.00010000"
1657411200001,"0.00006378"
1657440000002,"0.00008414"
1657468800001,"-0.00001755"
1657497600000,"-0.00003557"
1657526400003,"-0.00022785"
1657555200001,"-0.00022205"
1657584000000,"-0.00033957"
1657612800021,"-0.00009787"
1657641600000,"-0.00006741"
1657670400012,"0.00006535"
1657699200022,"-0.00007217"
1657728000005,"-0.00018161"
1657756800017,"0.00001798"
1657785600001,"-0.00007805"
1657814400000,"0.00001743"
1657843200004,"-0.00001471"
1657872000019,"0.00010000"
1657900800017,"0.00010000"
1657929600021,"-0.00002357"
1657958400014,"0.00010000"
1657987200005,"0.00009032"
1658016000000,"0.00007968"
1658044800003,"0.00010000"
1658073600007,"0.00010000"
1658102400001,"0.00010000"
1658131200004,"0.00010000"
1658160000019,"0.00010000"
1658188800000,"0.00010000"
1658217600000,"0.00010000"
1658246400001,"0.00010000"
1658275200004,"0.00010000"
1658304000000,"0.00010000"
1658332800003,"0.00010000"
1658361600000,"0.00010000"
1658390400018,"0.00010000"
1658419200011,"0.00010000"
1658448000014,"0.00010000"
1658476800000,"0.00010000"
1658505600000,"0.00010000"
1658534400004,"0.00010000"
1658563200002,"0.00010000"
1658592000001,"0.00010000"
1658620800000,"0.00010000"
1658649600011,"0.00010000"
1658678400000,"0.00010000"
1658707200000,"0.00010000"
1658736000014,"0.00000030"
1658764800006,"-0.00003091"
1658793600010,"0.00010000"
1658822400000,"-0.00039006"
1658851200000,"-0.00001952"
1658880000008,"0.00010000"
1658908800000,"-0.00014009"
1658937600003,"-0.00003888"
1658966400009,"0.00003717"
1658995200008,"0.00010000"
1659024000013,"0.00010000"
1659052800000,"0.00010000"
1659081600000,"0.00010000"
1659110400000,"0.00010000"
1659139200005,"0.00010000"
1659168000009,"0.00010000"
1659196800000,"0.00010000"
1659225600022,"0.00010000"
1659254400011,"0.00010000"
1659283200019,"0.00010000"
1659312000010,"0.00010000"
1659340800019,"0.00010000"
1659369600017,"0.00010000"
1659398400000,"0.00010000"
1659427200007,"0.00007801"
1659456000014,"0.00010000"
1659484800001,"0.00007229"
1659513600020,"0.00010000"
1659542400008,"0.00010000"
1659571200001,"0.00010000"
1659600000009,"0.00010000"
1659628800015,"0.00010000"
1659657600005,"0.00010000"
1659686400000,"0.00010000"
1659715200000,"0.00010000"
1659744000021,"0.00010000"
1659772800000,"0.00010000"
1659801600015,"0.00010000"
1659830400013,"0.00010000"
1659859200000,"0.00010000"
1659888000014,"0.00010000"
1659916800009,"0.00010000"
1659945600006,"0.00010000"
1659974400000,"0.00010000"
1660003200020,"0.00010000"
1660032000000,"0.00010000"
1660060800000,"0.00010000"
1660089600000,"0.00001180"
1660118400016,"0.00010000"
1660147200018,"0.00010000"
1660176000012,"0.00010000"
1660204800000,"0.00010000"
1660233600000,"0.00010000"
1660262400006,"0.00010000"
1660291200000,"0.00010000"
1660320000005,"0.00010000"
1660348800012,"0.00010000"
1660377600006,"0.00010000"
1660406400018,"0.00010000"
1660435200000,"0.00010000"
1660464000000,"0.00010000"
1660492800000,"0.00010000"
1660521600010,"0.00010000"
1660550400002,"0.00010000"
1660579200010,"0.00009618"
1660608000010,"0.00010000"
1660636800002,"0.00010000"
1660665600000,"0.00010000"
1660694400020,"0.00010000"
1660723200016,"0.00010000"
1660752000001,"0.00010000"
1660780800005,"-0.00000829"
1660809600012,"0.00008519"
1660838400013,"0.00001443"
1660867200000,"0.00010000"
1660896000000,"-0.00020677"
1660924800009,"-0.00016360"
1660953600000,"0.00004358"
1660982400005,"-0.00005216"
1661011200000,"0.00003333"
1661040000010,"0.00004894"
1661068800013,"0.00010000"
1661097600000,"0.00001346"
1661126400011,"-0.00013483"
1661155200005,"-0.00005947"
1661184000005,"-0.00006609"
1661212800000,"-0.00016982"
1661241600021,"0.00003021"
1661270400005,"-0.00001509"
1661299200017,"0.00008456"
1661328000021,"0.00010000"
1661356800000,"-0.00001871"
1661385600003,"0.00005823"
1661414400000,"0.00001680"
1661443200004,"0.00009682"
1661472000001,"0.00010000"
1661500800004,"0.00010000"
1661529600000,"0.00003941"
1661558400010,"-0.00028346"
1661587200007,"-0.00008897"
1661616000008,"0.00003206"
1661644800019,"0.00010000"
1661673600000,"0.00010000"
1661702400000,"0.00010000"
1661731200000,"0.00010000"
1661760000000,"-0.00001881"
1661788800001,"0.00010000"
1661817600001,"0.00010000"
1661846400005,"0.00010000"
1661875200010,"0.00010000"
1661904000000,"-0.00007057"
1661932800005,"-0.00000585"
1661961600013,"0.00010000"
1661990400012,"0.00003845"
1662019200000,"-0.00018590"
1662048000013,"0.00000248"
1662076800002,"-0.00003032"
1662105600013,"0.00002313"
1662134400000,"0.00010000"
1662163200000,"0.00000401"
1662192000002,"0.00010000"
1662220800007,"0.00010000"
1662249600008,"0.00010000"
1662278400009,"0.00006515"
1662307200000,"0.00010000"
1662336000015,"0.00010000"
1662364800013,"0.00010000"
1662393600007,"-0.00009635"
1662422400018,"0.00002511"
1662451200020,"0.00010000"
1662480000028,"0.00010000"
1662508800013,"-0.00034188"
1662537600022,"0.00004260"
1662566400021,"-0.00007820"
1662595200010,"0.00003529"
1662624000000,"0.00010000"
1662652800003,"0.00010000"
1662681600011,"-0.00004296"
1662710400000,"0.00010000"
1662739200000,"0.00010000"
1662768000003,"0.00010000"
1662796800000,"0.00010000"
1662825600012,"0.00010000"
1662854400009,"0.00010000"
1662883200012,"0.00010000"
1662912000005,"0.00010000"
1662940800007,"0.00010000"
1662969600013,"0.00010000"
1662998400000,"0.00010000"
1663027200004,"0.00008910"
1663056000000,"0.00010000"
1663084800000,"0.00010000"
1663113600000,"0.00010000"
1663142400000,"-0.00003944"
1663171200000,"0.00004193"
1663200000019,"0.00010000"
1663228800012,"-0.00003870"
1663257600007,"0.00010000"
1663286400000,"0.00010000"
1663315200000,"0.00003157"
1663344000000,"0.00010000"
1663372800000,"0.00010000"
1663401600012,"-0.00002386"
1663430400017,"0.00010000"
1663459200000,"0.00004077"
1663488000004,"0.00010000"
1663516800000,"0.00009878"
1663545600018,"-0.00012631"
1663574400006,"-0.00006357"
1663603200010,"-0.00000443"
1663632000007,"-0.00009616"
1663660800001,"0.00010000"
1663689600000,"0.00010000"
1663718400001,"-0.00001103"
1663747200005,"0.00010000"
1663776000000,"0.00005180"
1663804800000,"-0.00024961"
1663833600000,"-0.00043124"
1663862400011,"-0.00003135"
1663891200023,"0.00008285"
1663920000004,"0.00010000"
1663948800005,"0.00010000"
1663977600000,"0.00010000"
1664006400005,"0.00010000"
1664035200000,"0.00010000"
1664064000010,"0.00010000"
1664092800000,"0.00010000"
1664121600003,"-0.00000671"
1664150400001,"0.00010000"
1664179200006,"0.00001994"
1664208000000,"0.00010000"
1664236800026,"0.00005403"
1664265600004,"0.00010000"
1664294400006,"0.00010000"
1664323200011,"0.00008733"
1664352000000,"-0.00020622"
1664380800000,"-0.00007128"
1664409600010,"0.00010000"
1664438400000,"0.00004819"
1664467200000,"0.00010000"
1664496000006,"0.00009157"
1664524800002,"0.00006254"
1664553600007,"0.00010000"
1664582400008,"0.00004349"
1664611200011,"0.00010000"
1664640000000,"0.00010000"
1664668800000,"0.00005170"
1664697600000,"0.00010000"
1664726400006,"-0.00003174"
1664755200000,"-0.00001636"
1664784000014,"0.00002008"
1664812800010,"0.00010000"
1664841600006,"0.00010000"
1664870400004,"0.00010000"
1664899200013,"0.00010000"
1664928000000,"0.00010000"
1664956800000,"0.00010000"
1664985600012,"0.00010000"
1665014400008,"-0.00002457"
1665043200002,"0.00010000"
1665072000006,"0.00010000"
1665100800000,"-0.00000248"
1665129600000,"0.00008456"
1665158400007,"0.00009874"
1665187200010,"-0.00004084"
1665216000004,"0.00010000"
1665244800018,"0.00010000"
1665273600000,"0.00001039"
1665302400007,"0.00010000"
1665331200011,"-0.00004115"
1665360000018,"-0.00005301"
1665388800000,"0.00010000"
1665417600026,"0.00010000"
1665446400020,"0.00004260"
1665475200027,"0.00000587"
1665504000000,"0.00010000"
1665532800014,"0.00010000"
1665561600000,"0.00007353"
1665590400000,"0.00002515"
1665619200013,"-0.00001581"
1665648000016,"-0.00004449"
1665676800009,"-0.00019241"
1665705600020,"-0.00020422"
1665734400000,"0.00010000"
1665763200009,"0.00010000"
1665792000001,"0.00009952"
1665820800005,"-0.00033122"
1665849600004,"-0.00006618"
1665878400012,"-0.00014884"
1665907200000,"-0.00009014"
1665936000010,"0.00000692"
1665964800012,"0.00002733"
1665993600010,"0.00003665"
1666022400017,"-0.00001834"
1666051200010,"0.00009796"
1666080000008,"-0.00006209"
1666108800000,"0.00010000"
1666137600007,"0.00010000"
1666166400022,"0.00004502"
1666195200016,"0.00010000"
1666224000000,"0.00010000"
1666252800013,"0.00010000"
1666281600000,"0.00003729"
1666310400005,"0.00006349"
1666339200018,"-0.00001868"
1666368000000,"-0.00000162"
1666396800000,"0.00010000"
1666425600015,"0.00010000"
1666454400000,"0.00010000"
1666483200025,"-0.00000254"
1666512000000,"0.00010000"
1666540800004,"-0.00007204"
1666569600009,"0.00001534"
1666598400012,"0.00003085"
1666627200002,"0.00010000"
1666656000013,"0.00010000"
1666684800013,"0.00008797"
1666713600000,"-0.00003153"
1666742400006,"0.00010000"
1666771200013,"0.00007299"
1666800000000,"0.00006702"
1666828800009,"-0.00003940"
1666857600006,"0.00004267"
1666886400009,"0.00010000"
1666915200000,"-0.00010646"
1666944000000,"0.00007547"
1666972800007,"0.00010000"
1667001600000,"0.00009715"
1667030400003,"0.00008595"
1667059200010,"0.00010000"
1667088000000,"0.00010000"
1667116800013,"0.00010000"
1667145600009,"0.00010000"
1667174400012,"0.00010000"
1667203200000,"0.00010000"
1667232000010,"0.00010000"
1667260800000,"0.00010000"
1667289600000,"0.00010000"
1667318400000,"0.00001336"
1667347200000,"0.00008426"
1667376000000,"0.00001979"
1667404800019,"-0.00014512"
1667433600011,"0.00004839"
1667462400016,"0.00003270"
1667491200005,"0.00000062"
1667520000000,"0.00009639"
1667548800004,"0.00010000"
1667577600020,"0.00010000"
1667606400009,"0.00010000"
1667635200007,"0.00010000"
1667664000018,"0.00010000"
1667692800009,"0.00010000"
1667721600000,"0.00010000"
1667750400010,"0.00010000"
1667779200012,"0.00010000"
1667808000014,"0.00010000"
1667836800006,"0.00010000"
1667865600000,"0.00010000"
1667894400001,"-0.00006805"
1667923200005,"0.00006957"
1667952000000,"-0.00037485"
1667980800013,"-0.00010185"
1668009600004,"-0.00000341"
1668038400006,"-0.00027352"
1668067200000,"0.00003813"
1668096000015,"0.00010000"
1668124800000,"0.00010000"
1668153600015,"0.00010000"
1668182400027,"0.00010000"
1668211200007,"0.00010000"
1668240000016,"0.00002148"
1668268800000,"0.00010000"
1668297600004,"0.00010000"
1668326400000,"0.00010000"
1668355200017,"0.00008008"
1668384000000,"0.00010000"
1668412800000,"0.00010000"
1668441600000,"-0.00003919"
1668470400014,"0.00010000"
1668499200009,"0.00003597"
1668528000010,"0.00010000"
1668556800011,"0.00010000"
1668585600004,"0.00010000"
1668614400008,"0.00010000"
1668643200000,"0.00005173"
1668672000000,"0.00010000"
1668700800006,"0.00009289"
1668729600004,"0.00001595"
1668758400016,"0.00010000"
1668787200000,"0.00010000"
1668816000000,"0.00010000"
1668844800004,"-0.00007173"
1668873600024,"-0.00061866"
1668902400015,"0.00001944"
1668931200004,"-0.00006723"
1668960000000,"0.00010000"
1668988800006,"0.00010000"
1669017600015,"-0.00006447"
1669046400000,"-0.00004258"
1669075200000,"0.00006742"
1669104000000,"0.00010000"
1669132800000,"0.00010000"
1669161600000,"0.00010000"
1669190400011,"0.00010000"
1669219200014,"0.00010000"
1669248000007,"0.00010000"
1669276800014,"-0.00000297"
1669305600013,"0.00010000"
1669334400004,"0.00010000"
1669363200015,"0.00010000"
1669392000000,"0.00010000"
1669420800011,"0.00010000"
1669449600000,"0.00010000"
1669478400000,"0.00010000"
1669507200012,"0.00010000"
1669536000000,"0.00001931"
1669564800003,"0.00009675"
1669593600015,"0.00010000"
1669622400004,"0.00010000"
1669651200011,"0.00010000"
1669680000000,"0.00010000"
1669708800015,"0.00010000"
1669737600000,"0.00007859"
1669766400007,"0.00010000"
1669795200000,"0.00010000"
1669824000015,"0.00010000"
1669852800001,"0.00008711"
1669881600006,"0.00010000"
1669910400000,"0.00010000"
1669939200001,"0.00010000"
1669968000016,"0.00010000"
1669996800017,"0.00010000"
1670025600006,"0.00010000"
1670054400000,"0.00007791"
1670083200011,"0.00010000"
1670112000006,"0.00010000"
1670140800000,"0.00008348"
1670169600006,"0.00010000"
1670198400002,"0.00010000"
1670227200011,"0.00010000"
1670256000008,"-0.00004847"
1670284800014,"0.00010000"
1670313600027,"-0.00012625"
1670342400009,"-0.00001190"
1670371200000,"0.00002179"
1670400000000,"-0.00025989"
1670428800000,"-0.00016464"
1670457600006,"-0.00017766"
1670486400000,"0.00010000"
1670515200014,"0.00010000"
1670544000017,"-0.00004287"
1670572800005,"-0.00017218"
1670601600000,"0.00004689"
1670630400009,"0.00010000"
1670659200010,"0.00010000"
1670688000001,"0.00010000"
1670716800011,"0.00000094"
1670745600007,"-0.00009190"
1670774400011,"0.00010000"
1670803200000,"-0.00000198"
1670832000004,"-0.00019500"
1670860800000,"0.00010000"
1670889600000,"0.00010000"
1670918400018,"-0.00009763"
1670947200011,"0.00010000"
1670976000010,"0.00010000"
1671004800015,"0.00010000"
1671033600004,"0.00010000"
1671062400000,"0.00010000"
1671091200023,"-0.00015706"
1671120000010,"0.00010000"
1671148800016,"0.00010000"
1671177600011,"-0.00005646"
1671206400001,"-0.00000494"
1671235200001,"0.00010000"
1671264000011,"-0.00033511"
1671292800011,"-0.00011758"
1671321600008,"-0.00009155"
1671350400001,"-0.00027656"
1671379200012,"-0.00017170"
1671408000000,"-0.00018212"
1671436800000,"-0.00015612"
1671465600000,"0.00010000"
1671494400005,"-0.00007166"
1671523200016,"0.00006455"
1671552000000,"-0.00012066"
1671580800007,"0.00010000"
1671609600012,"0.00002016"
1671638400017,"0.00010000"
1671667200004,"0.00004372"
1671696000000,"-0.00005934"
1671724800001,"0.00010000"
1671753600018,"0.00010000"
1671782400000,"-0.00014620"
1671811200000,"0.00010000"
1671840000001,"-0.00012106"
1671868800007,"0.00003539"
1671897600008,"0.00010000"
1671926400000,"0.00010000"
1671955200013,"0.00001721"
1671984000000,"-0.00019308"
1672012800001,"0.00010000"
1672041600000,"-0.00006077"
1672070400005,"-0.00036122"
1672099200005,"0.00007409"
1672128000010,"0.00006718"
1672156800006,"0.00010000"
1672185600010,"0.00004002"
1672214400010,"-0.00009158"
1672243200010,"0.00003504"
1672272000011,"-0.00001050"
1672300800000,"0.00009934"
1672329600008,"0.00008743"
1672358400000,"0.00002391"
1672387200000,"-0.00004434"
1672416000000,"-0.00007764"
1672444800014,"-0.00019746"
1672473600000,"0.00010000"
1672502400000,"0.00010000"
1672531200000,"-0.00002501"
1672560000008,"0.00010000"
1672588800000,"0.00004594"
1672617600000,"-0.00004145"
1672646400008,"0.00000174"
1672675200015,"0.00000765"
1672704000003,"0.00010000"
1672732800018,"0.00007260"
1672761600000,"0.00003428"
1672790400000,"0.00010000"
1672819200016,"0.00010000"
1672848000011,"0.00010000"
1672876800009,"0.00010000"
1672905600011,"0.00010000"
1672934400000,"-0.00001832"
1672963200005,"0.00010000"
1672992000001,"0.00006900"
1673020800000,"0.00010000"
1673049600006,"0.00010000"
1673078400017,"0.00010000"
1673107200000,"-0.00003373"
1673136000015,"-0.00053339"
1673164800000,"-0.00028169"
1673193600010,"0.00010000"
1673222400003,"-0.00050174"
1673251200000,"0.00010000"
1673280000006,"0.00010000"
1673308800003,"0.00010000"
1673337600021,"0.00010000"
1673366400000,"0.00010000"
1673395200011,"0.00010000"
1673424000006,"0.00010000"
1673452800004,"0.00010000"
1673481600000,"0.00010000"
1673510400000,"0.00010000"
1673539200000,"0.00010000"
1673568000004,"0.00010000"
1673596800000,"0.00010000"
1673625600018,"0.00010000"
1673654400000,"0.00010000"
1673683200001,"0.00027420"
1673712000000,"0.00010000"
1673740800010,"0.00010000"
1673769600002,"0.00010756"
1673798400000,"0.00026241"
1673827200010,"0.00016256"
1673856000007,"0.00010000"
1673884800000,"0.00010000"
1673913600004,"0.00010000"
1673942400005,"0.00010000"
1673971200001,"0.00010000"
1674000000008,"0.00010000"
1674028800009,"0.00010000"
1674057600017,"0.00010000"
1674086400000,"0.00010000"
1674115200015,"0.00010000"
1674144000012,"0.00010000"
1674172800000,"0.00010000"
1674201600000,"0.00010000"
1674230400000,"0.00010000"
1674259200013,"0.00010000"
1674288000001,"0.00010000"
1674316800016,"0.00010000"
1674345600000,"0.00019839"
1674374400000,"0.00010000"
1674403200023,"0.00010000"
1674432000014,"0.00010000"
1674460800014,"0.00022408"
1674489600016,"0.00010000"
1674518400008,"0.00010000"
1674547200008,"0.00010000"
1674576000000,"0.00010000"
1674604800012,"0.00010000"
1674633600000,"0.00010000"
1674662400010,"0.00010000"
1674691200010,"0.00010000"
1674720000003,"0.00010000"
1674748800020,"0.00010000"
1674777600008,"0.00010000"
1674806400000,"0.00010000"
1674835200000,"0.00010000"
1674864000009,"0.00010000"
1674892800018,"0.00010000"
1674921600005,"0.00010000"
1674950400011,"0.00010000"
1674979200000,"0.00010000"
1675008000008,"0.00010000"
1675036800001,"0.00010000"
1675065600000,"0.00010000"
1675094400000,"0.00010000"
1675123200005,"0.00010000"
1675152000000,"0.00010000"
1675180800007,"0.00009447"
1675209600013,"0.00010000"
1675238400000,"0.00010000"
1675267200012,"0.00006017"
1675296000004,"0.00010000"
1675324800023,"0.00010000"
1675353600003,"0.00010000"
1675382400010,"0.00010000"
1675411200000,"0.00011070"
1675440000000,"0.00010000"
1675468800010,"0.00010000"
1675497600000,"0.00010000"
1675526400000,"0.00010000"
1675555200016,"0.00010000"
1675584000009,"0.00010000"
1675612800018,"0.00010000"
1675641600001,"0.00010000"
1675670400000,"0.00010000"
1675699200012,"0.00010000"
1675728000004,"0.00010000"
1675756800011,"0.00010000"
1675785600018,"0.00010000"
1675814400009,"0.00010000"
1675843200010,"0.00010239"
1675872000000,"0.00010000"
1675900800014,"0.00010000"
1675929600006,"0.00010000"
1675958400001,"0.00010000"
1675987200012,"0.00003304"
1676016000005,"0.00003275"
1676044800020,"0.00010000"
1676073600007,"0.00010000"
1676102400002,"0.00003521"
1676131200021,"0.00010000"
1676160000004,"0.00003493"
1676188800000,"0.00010000"
1676217600002,"0.00010000"
1676246400006,"0.00010000"
1676275200008,"0.00010000"
1676304000002,"0.00010000"
1676332800013,"0.00010000"
1676361600014,"-0.00011099"
1676390400016,"0.00009275"
1676419200011,"0.00010000"
1676448000000,"0.00010000"
1676476800005,"0.00010000"
1676505600019,"0.00010000"
1676534400000,"0.00010000"
1676563200001,"0.00010000"
1676592000003,"0.00010000"
1676620800016,"0.00010000"
1676649600000,"0.00010000"
1676678400011,"0.00010000"
1676707200000,"0.00010000"
1676736000007,"0.00010000"
1676764800019,"0.00010000"
1676793600005,"0.00010000"
1676822400003,"0.00010000"
1676851200006,"0.00010000"
1676880000008,"0.00010000"
1676908800006,"0.00010000"
1676937600001,"0.00010000"
1676966400004,"0.00010000"
1676995200011,"0.00010000"
1677024000009,"0.00010000"
1677052800010,"0.00010000"
1677081600000,"0.00010000"
1677110400006,"0.00010000"
1677139200005,"0.00010000"
1677168000002,"0.00010000"
1677196800015,"0.00010000"
1677225600011,"0.00010000"
1677254400014,"0.00010000"
1677283200015,"0.00010000"
1677312000015,"0.00010000"
1677340800015,"0.00010000"
1677369600007,"0.00010000"
1677398400012,"0.00010000"
1677427200000,"0.00010000"
1677456000011,"0.00010000"
1677484800003,"0.00010000"
1677513600000,"0.00008808"
1677542400011,"0.00010000"
1677571200018,"0.00010000"
1677600000005,"0.00010000"
1677628800016,"0.00005060"
1677657600000,"0.00010000"
1677686400008,"0.00010000"
1677715200009,"0.00010000"
1677744000013,"0.00010000"
1677772800000,"0.00010000"
1677801600000,"0.00010000"
1677830400013,"-0.00002710"
1677859200000,"0.00010000"
1677888000001,"0.00010000"
1677916800008,"-0.00002804"
1677945600012,"0.00010000"
1677974400000,"0.00005247"
1678003200000,"0.00010000"
1678032000015,"0.00003238"
1678060800007,"-0.00005736"
1678089600017,"0.00000474"
1678118400000,"-0.00003421"
1678147200009,"-0.00003749"
1678176000016,"0.00005847"
1678204800017,"0.00008539"
1678233600000,"0.00010000"
1678262400014,"-0.00005361"
1678291200021,"-0.00006692"
1678320000010,"-0.00020287"
1678348800013,"-0.00003482"
1678377600002,"0.00006965"
1678406400000,"-0.00021860"
1678435200000,"0.00001819"
1678464000005,"0.00003469"
1678492800011,"-0.00019090"
1678521600003,"-0.00021265"
1678550400011,"-0.00008043"
1678579200001,"0.00005497"
1678608000000,"0.00002837"
1678636800005,"0.00010000"
1678665600010,"0.00010000"
1678694400018,"0.00010000"
1678723200003,"0.00006442"
1678752000010,"0.00010000"
1678780800009,"-0.00018173"
1678809600010,"0.00010000"
1678838400011,"0.00010000"
1678867200000,"0.00010000"
1678896000012,"0.00010000"
1678924800004,"0.00006202"
1678953600018,"0.00010000"
1678982400005,"0.00000791"
1679011200017,"-0.00008004"
1679040000010,"0.00010000"
1679068800003,"-0.00005915"
1679097600012,"0.00010000"
1679126400000,"0.00010000"
1679155200016,"0.00010000"
1679184000013,"0.00010000"
1679212800024,"0.00010000"
1679241600000,"0.00010000"
1679270400005,"0.00010000"
1679299200012,"0.00008961"
1679328000015,"0.00005603"
1679356800006,"0.00004058"
1679385600004,"0.00010000"
1679414400003,"0.00010000"
1679443200000,"0.00010000"
1679472000003,"0.00005087"
1679500800000,"0.00010000"
1679529600016,"-0.00005072"
1679558400001,"0.00003312"
1679587200013,"-0.00009457"
1679616000013,"0.00010000"
1679644800012,"0.00010000"
1679673600027,"0.00010000"
1679702400015,"0.00010000"
1679731200011,"0.00010000"
1679760000011,"0.00010000"
1679788800000,"0.00010000"
1679817600015,"0.00010000"
1679846400000,"0.00010000"
1679875200019,"0.00010000"
1679904000009,"-0.00001251"
1679932800000,"0.00010000"
1679961600007,"-0.00006221"
1679990400000,"0.00004664"
1680019200013,"0.00010000"
1680048000010,"0.00005103"
1680076800006,"0.00005370"
1680105600014,"0.00010000"
1680134400000,"0.00010000"
1680163200000,"0.00010000"
1680192000006,"0.00010000"
1680220800003,"0.00010000"
1680249600006,"0.00010000"
1680278400011,"0.00007183"
1680307200000,"0.00010000"
1680336000000,"0.00010000"
1680364800018,"0.00009552"
1680393600013,"0.00010000"
1680422400014,"0.00010000"
1680451200001,"0.00010000"
1680480000000,"0.00000813"
1680508800013,"0.00008801"
1680537600011,"-0.00003737"
1680566400002,"0.00010000"
1680595200017,"-0.00007944"
1680624000008,"0.00006718"
1680652800000,"0.00010000"
1680681600016,"0.00010000"
1680710400004,"0.00010000"
1680739200000,"0.00010000"
1680768000011,"0.00010000"
1680796800000,"0.00010000"
1680825600006,"0.00006730"
1680854400005,"0.00004640"
1680883200000,"0.00001653"
1680912000000,"0.00010000"
1680940800014,"0.00010000"
1680969600018,"0.00010000"
1680998400013,"0.00010000"
1681027200024,"0.00008297"
1681056000010,"0.00010000"
1681084800000,"0.00002570"
1681113600010,"0.00010000"
1681142400006,"0.00007050"
1681171200008,"0.00010000"
1681200000007,"0.00010000"
1681228800016,"0.00010000"
1681257600006,"0.00010000"
1681286400008,"0.00003430"
1681315200014,"0.00010000"
1681344000027,"0.00010000"
1681372800010,"0.00010000"
1681401600000,"0.00010000"
1681430400001,"0.00010000"
1681459200008,"0.00010000"
1681488000007,"0.00010000"
1681516800007,"0.00010000"
1681545600007,"0.00010000"
1681574400011,"0.00030201"
1681603200014,"0.00012044"
1681632000007,"0.00039318"
1681660800002,"0.00010000"
1681689600017,"0.00010000"
1681718400006,"0.00021850"
1681747200000,"0.00010277"
1681776000013,"0.00010000"
1681804800017,"0.00021145"
1681833600000,"0.00026248"
1681862400022,"0.00010000"
1681891200014,"0.00010000"
1681920000000,"0.00010000"
1681948800010,"0.00010000"
1681977600012,"0.00006091"
1682006400012,"0.00003738"
1682035200009,"0.00007684"
1682064000009,"0.00002812"
1682092800003,"0.00010000"
1682121600000,"0.00010000"
1682150400000,"-0.00001170"
1682179200016,"0.00010000"
1682208000009,"0.00010000"
1682236800020,"0.00010000"
1682265600007,"0.00010000"
1682294400000,"0.00010000"
1682323200008,"0.00010000"
1682352000006,"0.00010000"
1682380800014,"0.00001167"
1682409600009,"-0.00025407"
1682438400015,"-0.00005012"
1682467200015,"-0.00030298"
1682496000013,"-0.00053264"
1682524800001,"-0.00022354"
1682553600014,"-0.00028584"
1682582400008,"-0.00033295"
1682611200005,"-0.00033377"
1682640000011,"-0.00013313"
1682668800007,"-0.00016146"
1682697600006,"0.00002297"
1682726400004,"0.00000237"
1682755200016,"-0.00000226"
1682784000001,"0.00010000"
1682812800008,"0.00010000"
1682841600000,"-0.00005375"
1682870400010,"-0.00004444"
1682899200004,"0.00005280"
1682928000008,"0.00010000"
1682956800014,"0.00010000"
1682985600015,"0.00004524"
1683014400018,"0.00010000"
1683043200000,"0.00004296"
1683072000009,"0.00009134"
1683100800003,"0.00010000"
1683129600011,"0.00010000"
1683158400000,"0.00010000"
1683187200000,"0.00010000"
1683216000011,"0.00010000"
1683244800002,"0.00010000"
1683273600000,"0.00010000"
1683302400000,"0.00010000"
1683331200009,"0.00010000"
1683360000000,"0.00010000"
1683388800000,"0.00010000"
1683417600000,"0.00010000"
1683446400000,"0.00010000"
1683475200006,"0.00010000"
1683504000000,"0.00010000"
1683532800007,"0.00010000"
1683561600015,"0.00010000"
1683590400015,"0.00010000"
1683619200000,"0.00010000"
1683648000000,"0.00010000"
1683676800007,"0.00010000"
1683705600003,"0.00010000"
1683734400000,"0.00010000"
1683763200011,"0.00010000"
1683792000000,"0.00010000"
1683820800005,"0.00010000"
1683849600020,"0.00010000"
1683878400001,"0.00010000"
1683907200010,"0.00010000"
1683936000000,"0.00010000"
1683964800000,"0.00010000"
1683993600026,"0.00010000"
1684022400029,"0.00010000"
1684051200010,"0.00010000"
1684080000008,"0.00010000"
1684108800006,"0.00010000"
1684137600005,"0.00010000"
1684166400008,"0.00010000"
1684195200021,"0.00010000"
1684224000000,"0.00010000"
1684252800000,"0.00010000"
1684281600010,"0.00010000"
1684310400000,"0.00010000"
1684339200001,"0.00010000"
1684368000000,"0.00010000"
1684396800026,"0.00010000"
1684425600019,"0.00010000"
1684454400000,"0.00010000"
1684483200002,"0.00010000"
1684512000000,"0.00010000"
1684540800005,"0.00010000"
1684569600014,"0.00010000"
1684598400020,"0.00010000"
1684627200014,"0.00010000"
1684656000001,"0.00010000"
1684684800015,"0.00010000"
1684713600028,"0.00010000"
1684742400000,"0.00010000"
1684771200012,"0.00010000"
1684800000006,"0.00010000"
1684828800014,"0.00010000"
1684857600008,"0.00010000"
1684886400000,"0.00010000"
1684915200025,"0.00010000"
1684944000008,"0.00010000"
1684972800000,"0.00010000"
1685001600025,"0.00010000"
1685030400016,"0.00010000"
1685059200000,"0.00010000"
1685088000024,"0.00010000"
1685116800012,"0.00010000"
1685145600012,"0.00010000"
1685174400018,"0.00010000"
1685203200008,"0.00010000"
1685232000017,"0.00010000"
1685260800015,"0.00010000"
1685289600000,"0.00010000"
1685318400000,"0.00010000"
1685347200020,"0.00010000"
1685376000011,"0.00010000"
1685404800003,"0.00010000"
1685433600000,"0.00010000"
1685462400003,"0.00010000"
1685491200013,"0.00010000"
1685520000000,"0.00010000"
1685548800000,"0.00010000"
1685577600008,"0.00010000"
1685606400012,"0.00010000"
1685635200000,"0.00010000"
1685664000000,"0.00010000"
1685692800006,"0.00010000"
1685721600012,"0.00010000"
1685750400000,"0.00010000"
1685779200011,"0.00010000"
1685808000003,"0.00010000"
1685836800000,"0.00010000"
1685865600000,"0.00010000"
1685894400000,"0.00010000"
1685923200005,"0.00010000"
1685952000000,"0.00010000"
1685980800000,"0.00010000"
1686009600000,"0.00010000"
1686038400009,"0.00008270"
1686067200013,"0.00010000"
1686096000000,"0.00010000"
1686124800016,"0.00010000"
1686153600000,"0.00007763"
1686182400006,"0.00010000"
1686211200000,"0.00010000"
1686240000000,"0.00010000"
1686268800000,"0.00010000"
1686297600000,"0.00010000"
1686326400000,"0.00010000"
1686355200000,"0.00010000"
1686384000000,"0.00010000"
1686412800000,"-0.00005667"
1686441600001,"-0.00023309"
1686470400000,"-0.00014119"
1686499200000,"-0.00002081"
1686528000000,"-0.00000276"
1686556800000,"0.00008213"
1686585600001,"0.00002521"
1686614400000,"0.00010000"
1686643200000,"-0.00001229"
1686672000000,"0.00010000"
1686700800000,"0.00010000"
1686729600000,"0.00008283"
1686758400000,"0.00010000"
1686787200000,"0.00001025"
1686816000000,"0.00010000"
1686844800000,"0.00010000"
1686873600000,"0.00010000"
1686902400000,"0.00010000"
1686931200000,"0.00010000"
1686960000000,"0.00010000"
1686988800000,"0.00010000"
1687017600000,"0.00010000"
1687046400000,"0.00010000"
1687075200000,"0.00010000"
1687104000000,"0.00010000"
1687132800000,"0.00010000"
1687161600000,"0.00010000"
1687190400000,"0.00008400"
1687219200001,"0.00010000"
1687248000000,"0.00000604"
1687276800000,"-0.00017985"
1687305600000,"0.00010000"
1687334400000,"0.00010000"
1687363200000,"0.00008660"
1687392000000,"0.00010000"
1687420800001,"0.00010000"
1687449600000,"0.00010000"
1687478400000,"0.00010000"
1687507200000,"0.00010000"
1687536000000,"-0.00020738"
1687564800000,"0.00010000"
1687593600000,"0.00010000"
1687622400000,"-0.00000406"
1687651200000,"-0.00015422"
1687680000000,"0.00005941"
1687708800000,"0.00008181"
1687737600000,"0.00010000"
1687766400000,"0.00010000"
1687795200000,"0.00010000"
1687824000000,"0.00010000"
1687852800000,"0.00010000"
1687881600000,"0.00010000"
1687910400000,"0.00010000"
1687939200000,"0.00010000"
1687968000000,"0.00010000"
1687996800000,"0.00010000"
1688025600000,"0.00009347"
1688054400000,"0.00010000"
1688083200000,"0.00009646"
1688112000000,"0.00010000"
1688140800001,"0.00010000"
1688169600000,"0.00010000"
1688198400000,"0.00010000"
1688227200000,"0.00010000"
1688256000000,"0.00010000"
1688284800000,"0.00010000"
1688313600001,"0.00010000"
1688342400000,"0.00010000"
1688371200000,"0.00010000"
1688400000000,"0.00010000"
1688428800001,"0.00010000"
1688457600000,"0.00010000"
1688486400000,"0.00010000"
1688515200000,"-0.00001986"
1688544000000,"-0.00010735"
1688572800000,"0.00005670"
1688601600000,"0.00008882"
1688630400000,"0.00004388"
1688659200000,"-0.00007718"
1688688000000,"-0.00017815"
1688716800000,"0.00010000"
1688745600000,"0.00010000"
1688774400000,"0.00010000"
1688803200000,"0.00010000"
1688832000000,"0.00010000"
1688860800000,"0.00010000"
1688889600000,"0.00010000"
1688918400000,"0.00010000"
1688947200000,"0.00010000"
1688976000000,"0.00010000"
1689004800000,"0.00010000"
1689033600000,"0.00010000"
1689062400000,"0.00010000"
1689091200000,"0.00009364"
1689120000000,"0.00004228"
1689148800000,"0.00010000"
1689177600000,"0.00010000"
1689206400000,"0.00010000"
1689235200000,"0.00010000"
1689264000000,"0.00010000"
1689292800000,"0.00010000"
1689321600000,"0.00010000"
1689350400000,"0.00010000"
1689379200000,"0.00010000"
1689408000000,"0.00010000"
1689436800000,"0.00010000"
1689465600001,"0.00010000"
1689494400000,"0.00010000"
1689523200000,"0.00010000"
1689552000000,"0.00010000"
1689580800000,"0.00010000"
1689609600000,"0.00010000"
1689638400000,"0.00010000"
1689667200000,"0.00010000"
1689696000000,"0.00010000"
1689724800000,"0.00010000"
1689753600000,"0.00010000"
1689782400001,"0.00010000"
1689811200000,"0.00010000"
1689840000000,"0.00010000"
1689868800000,"0.00010000"
1689897600001,"0.00010000"
1689926400000,"0.00010000"
1689955200000,"0.00010000"
1689984000000,"0.00010000"
1690012800000,"0.00010000"
1690041600000,"0.00010000"
1690070400000,"0.00010000"
1690099200000,"0.00010000"
1690128000000,"0.00010000"
1690156800000,"0.00010000"
1690185600000,"0.00010000"
1690214400000,"0.00010000"
1690243200000,"0.00010000"
1690272000000,"0.00010000"
1690300800000,"-0.00000215"
1690329600000,"0.00005949"
1690358400001,"0.00010000"
1690387200000,"0.00010000"
1690416000000,"0.00010000"
1690444800000,"0.00010000"
1690473600001,"0.00010000"
1690502400000,"0.00010000"
1690531200000,"0.00010000"
1690560000000,"0.00010000"
1690588800000,"0.00010000"
1690617600000,"0.00010000"
1690646400001,"0.00002289"
1690675200000,"0.00010000"
1690704000000,"0.00010000"
1690732800000,"0.00010000"
1690761600000,"0.00010000"
1690790400000,"0.00010000"
1690819200001,"0.00010000"
1690848000000,"0.00010000"
1690876800000,"0.00010000"
1690905600000,"0.00010000"
1690934400000,"0.00010000"
1690963200000,"0.00010000"
1690992000000,"0.00010000"
1691020800000,"0.00010000"
1691049600000,"0.00010000"
1691078400001,"0.00010000"
1691107200000,"0.00010000"
1691136000000,"0.00010000"
1691164800000,"0.00010000"
1691193600000,"0.00010000"
1691222400000,"0.00010000"
1691251200001,"0.00010000"
1691280000000,"0.00009370"
1691308800001,"0.00010000"
1691337600005,"0.00010000"
1691366400000,"0.00010000"
1691395200000,"0.00010000"
1691424000000,"0.00010000"
1691452800000,"0.00009898"
1691481600000,"0.00008748"
1691510400000,"0.00010000"
1691539200000,"-0.00000305"
1691568000000,"0.00009471"
1691596800000,"0.00004401"
1691625600001,"0.00010000"
1691654400000,"0.00001628"
1691683200000,"0.00010000"
1691712000000,"0.00010000"
1691740800000,"0.00010000"
1691769600000,"0.00010000"
1691798400000,"0.00010000"
1691827200000,"0.00010000"
1691856000000,"0.00010000"
1691884800000,"0.00010000"
1691913600000,"0.00010000"
1691942400000,"0.00010000"
1691971200001,"0.00010000"
1692000000000,"0.00010000"
1692028800000,"0.00010000"
1692057600001,"0.00010000"
1692086400000,"0.00010000"
1692115200000,"0.00010000"
1692144000000,"0.00005878"
1692172800001,"0.00010000"
1692201600000,"-0.00003153"
1692230400000,"0.00010000"
1692259200000,"0.00010000"
1692288000000,"0.00010000"
1692316800000,"-0.00009218"
1692345600000,"0.00010000"
1692374400000,"0.00010000"
1692403200000,"0.00010000"
1692432000000,"0.00010000"
1692460800000,"0.00010000"
1692489600000,"0.00010000"
1692518400000,"0.00010000"
1692547200000,"0.00010000"
1692576000000,"0.00010000"
1692604800000,"0.00006969"
1692633600000,"0.00010000"
1692662400000,"0.00010000"
1692691200000,"0.00006188"
1692720000000,"0.00010000"
1692748800000,"0.00010000"
1692777600000,"0.00010000"
1692806400000,"0.00010000"
1692835200000,"0.00010000"
1692864000000,"0.00010000"
1692892800000,"0.00006733"
1692921600000,"0.00010000"
1692950400000,"0.00010000"
1692979200000,"0.00010000"
1693008000000,"0.00010000"
1693036800000,"0.00002161"
1693065600000,"-0.00000341"
1693094400000,"-0.00000728"
1693123200000,"0.00000257"
1693152000000,"-0.00000514"
1693180800000,"0.00010000"
1693209600001,"0.00003138"
1693238400001,"0.00010000"
1693267200000,"0.00010000"
1693296000000,"0.00010000"
1693324800000,"0.00004272"
1693353600000,"0.00010000"
1693382400000,"0.00010000"
1693411200000,"0.00010000"
1693440000000,"0.00010000"
1693468800000,"0.00010000"
1693497600000,"0.00010000"
1693526400000,"0.00010000"
1693555200000,"0.00004011"
1693584000001,"0.00010000"
1693612800000,"0.00003211"
1693641600000,"0.00009953"
1693670400000,"-0.00004338"
1693699200000,"0.00007670"
1693728000000,"-0.00001841"
1693756800000,"-0.00001738"
1693785600000,"-0.00006260"
1693814400000,"0.00009008"
1693843200000,"-0.00000453"
1693872000000,"-0.00003315"
1693900800000,"0.00007595"
1693929600000,"0.00010000"
1693958400000,"0.00005619"
1693987200000,"0.00010000"
1694016000001,"0.00010000"
1694044800000,"0.00007705"
1694073600000,"0.00002218"
1694102400000,"0.00010000"
1694131200000,"0.00010000"
1694160000000,"0.00010000"
1694188800000,"0.00010000"
1694217600000,"-0.00000151"
1694246400000,"0.00010000"
1694275200000,"0.00010000"
1694304000000,"0.00010000"
1694332800000,"0.00009595"
1694361600000,"-0.00011153"
1694390400000,"-0.00026777"
1694419200000,"0.00005018"
1694448000001,"0.00010000"
1694476800000,"-0.00026426"
1694505600000,"0.00010000"
1694534400000,"-0.00003681"
1694563200000,"0.00000057"
1694592000000,"-0.00024806"
1694620800000,"0.00002489"
1694649600000,"-0.00013296"
1694678400001,"0.00006328"
1694707200000,"0.00010000"
1694736000000,"0.00002958"
1694764800000,"0.00010000"
1694793600000,"0.00010000"
1694822400000,"0.00010000"
1694851200000,"0.00010000"
1694880000000,"0.00010000"
1694908800000,"0.00010000"
1694937600000,"0.00010000"
1694966400000,"0.00010000"
1694995200000,"0.00010000"
1695024000000,"0.00010000"
1695052800000,"0.00010000"
1695081600000,"0.00010000"
1695110400001,"0.00010000"
1695139200000,"0.00010000"
1695168000000,"0.00010000"
1695196800000,"0.00010000"
1695225600000,"0.00010000"
1695254400001,"0.00010000"
1695283200000,"0.00010000"
1695312000000,"0.00010000"
1695340800000,"0.00010000"
1695369600000,"0.00010000"
1695398400000,"0.00000802"
1695427200000,"0.00009105"
1695456000000,"0.00010000"
1695484800000,"0.00010000"
1695513600000,"0.00010000"
1695542400000,"0.00010000"
1695571200000,"0.00010000"
1695600000000,"0.00010000"
1695628800000,"0.00010000"
1695657600000,"0.00010000"
1695686400000,"0.00010000"
1695715200000,"0.00010000"
1695744000000,"0.00010000"
1695772800000,"0.00010000"
1695801600001,"0.00010000"
1695830400000,"0.00010000"
1695859200000,"0.00010000"
1695888000000,"0.00010000"
1695916800000,"0.00010000"
1695945600000,"0.00010000"
1695974400000,"0.00010000"
1696003200000,"0.00010000"
1696032000000,"0.00010000"
1696060800000,"0.00010000"
1696089600000,"0.00010000"
1696118400000,"0.00004286"
1696147200000,"0.00010000"
1696176000000,"0.00010000"
1696204800000,"0.00010000"
1696233600000,"0.00010000"
1696262400000,"0.00010000"
1696291200000,"0.00010000"
1696320000000,"0.00008484"
1696348800000,"-0.00003341"
1696377600000,"0.00007382"
1696406400000,"0.00008898"
1696435200000,"0.00007205"
1696464000000,"0.00010000"
1696492800000,"0.00010000"
1696521600001,"-0.00012523"
1696550400000,"-0.00000708"
1696579200000,"0.00001958"
1696608000000,"-0.00003147"
1696636800000,"-0.00020029"
1696665600000,"0.00002224"
1696694400000,"0.00004337"
1696723200000,"0.00005177"
1696752000001,"-0.00021826"
1696780800000,"0.00008200"
1696809600000,"0.00010000"
1696838400000,"0.00010000"
1696867200000,"-0.00015188"
1696896000000,"-0.00012045"
1696924800000,"0.00009716"
1696953600000,"0.00010000"
1696982400000,"0.00010000"
1697011200000,"0.00010000"
1697040000000,"0.00010000"
1697068800000,"0.00010000"
1697097600000,"0.00010000"
1697126400000,"0.00010000"
1697155200000,"0.00010000"
1697184000000,"-0.00003970"
1697212800000,"0.00010000"
1697241600000,"-0.00002924"
1697270400000,"-0.00003737"
1697299200000,"0.00010000"
1697328000000,"0.00010000"
1697356800000,"-0.00020578"
1697385600000,"0.00010000"
1697414400000,"-0.00015318"
1697443200000,"-0.00004245"
1697472000000,"0.00007973"
1697500800000,"-0.00020252"
1697529600000,"0.00002212"
1697558400000,"0.00008208"
1697587200000,"0.00010000"
1697616000000,"-0.00005238"
1697644800000,"-0.00007855"
1697673600000,"0.00010000"
1697702400001,"-0.00020134"
1697731200000,"-0.00006932"
1697760000000,"-0.00041451"
1697788800005,"0.00006924"
1697817600000,"0.00008705"
1697846400000,"0.00006174"
1697875200000,"0.00010000"
1697904000000,"0.00010000"
1697932800000,"-0.00011187"
1697961600000,"0.00010000"
1697990400000,"0.00010000"
1698019200000,"0.00010000"
1698048000001,"0.00010000"
1698076800001,"0.00009269"
1698105600000,"0.00010000"
1698134400000,"0.00010000"
1698163200000,"0.00010000"
1698192000000,"0.00010000"
1698220800000,"0.00010000"
1698249600001,"0.00010000"
1698278400001,"0.00010000"
1698307200000,"0.00010000"
1698336000000,"0.00010000"
1698364800000,"0.00010000"
1698393600000,"0.00010000"
1698422400000,"0.00010000"
1698451200000,"0.00010000"
1698480000001,"0.00010000"
1698508800000,"0.00010000"
1698537600000,"0.00010000"
1698566400000,"0.00010000"
1698595200000,"0.00010000"
1698624000000,"0.00010000"
1698652800000,"0.00010000"
1698681600000,"0.00010000"
1698710400001,"0.00010000"
1698739200000,"0.00010000"
1698768000000,"0.00010000"
1698796800000,"0.00010000"
1698825600000,"0.00010000"
1698854400000,"0.00010000"
1698883200001,"0.00010000"
1698912000000,"0.00025068"
1698940800000,"0.00010000"
1698969600000,"0.00010000"
1698998400000,"0.00010000"
1699027200000,"0.00010000"
1699056000000,"0.00010000"
1699084800000,"0.00010000"
1699113600000,"0.00010000"
1699142400000,"0.00010000"
1699171200000,"0.00010000"
1699200000000,"0.00010000"
1699228800000,"0.00010000"
1699257600001,"0.00021703"
1699286400000,"0.00019257"
1699315200001,"0.00010000"
1699344000000,"0.00010649"
1699372800000,"0.00010000"
1699401600000,"0.00010000"
1699430400000,"0.00010000"
1699459200000,"0.00010000"
1699488000000,"0.00010000"
1699516800000,"0.00025500"
1699545600000,"0.00010000"
1699574400000,"0.00010000"
1699603200000,"0.00010000"
1699632000000,"0.00010963"
1699660800000,"0.00017681"
1699689600000,"0.00017384"
1699718400000,"0.00029786"
1699747200000,"0.00031495"
1699776000000,"0.00021204"
1699804800001,"0.00026616"
1699833600000,"0.00025429"
1699862400000,"0.00020575"
1699891200000,"0.00025342"
1699920000000,"0.00010000"
1699948800000,"0.00010000"
1699977600001,"0.00010000"
1700006400000,"0.00010000"
1700035200000,"0.00010000"
1700064000000,"0.00010000"
1700092800000,"0.00010000"
1700121600000,"0.00013592"
1700150400001,"0.00010000"
1700179200000,"0.00010000"
1700208000001,"0.00010000"
1700236800001,"0.00010000"
1700265600000,"0.00010000"
1700294400000,"0.00010000"
1700323200000,"0.00010000"
1700352000000,"0.00010000"
1700380800000,"0.00010000"
1700409600000,"0.00010000"
1700438400000,"0.00010000"
1700467200000,"0.00010000"
1700496000000,"0.00010000"
1700524800000,"0.00010000"
1700553600000,"0.00010000"
1700582400000,"0.00010000"
1700611200000,"0.00010000"
1700640000000,"0.00010000"
1700668800000,"0.00010000"
1700697600000,"0.00010000"
1700726400000,"0.00010000"
1700755200001,"0.00010000"
1700784000000,"0.00010000"
1700812800000,"0.00010000"
1700841600000,"0.00010000"
1700870400000,"0.00010000"
1700899200000,"0.00010000"
1700928000000,"0.00010000"
1700956800000,"0.00010000"
1700985600000,"0.00010000"
1701014400000,"0.00010000"
1701043200000,"0.00010000"
1701072000001,"0.00010000"
1701100800000,"0.00010000"
1701129600000,"0.00010000"
1701158400000,"0.00010000"
1701187200000,"0.00010000"
1701216000001,"0.00010000"
1701244800000,"0.00010000"
1701273600000,"0.00010000"
1701302400000,"0.00010000"
1701331200000,"0.00010000"
1701360000000,"0.00010000"
1701388800000,"0.00010000"
1701417600000,"0.00010000"
1701446400000,"0.00010000"
1701475200000,"0.00010000"
1701504000000,"0.00010000"
1701532800000,"0.00010000"
1701561600000,"0.00024006"
1701590400000,"0.00010408"
1701619200000,"0.00010000"
1701648000000,"0.00033038"
1701676800000,"0.00035336"
1701705600000,"0.00010000"
1701734400000,"0.00010000"
1701763200000,"0.00025473"
1701792000000,"0.00020123"
1701820800000,"0.00035044"
1701849600000,"0.00018843"
1701878400000,"0.00011010"
1701907200000,"0.00026414"
1701936000000,"0.00012272"
1701964800000,"0.00010000"
1701993600000,"0.00042550"
1702022400000,"0.00047775"
1702051200000,"0.00029220"
1702080000000,"0.00037840"
1702108800000,"0.00060216"
1702137600000,"0.00027873"
1702166400000,"0.00012874"
1702195200000,"0.00024271"
1702224000000,"0.00026162"
1702252800000,"0.00033305"
1702281600000,"0.00010000"
1702310400000,"0.00010000"
1702339200000,"0.00010000"
1702368000000,"0.00010000"
1702396800000,"0.00010000"
1702425600000,"0.00020319"
1702454400000,"0.00010000"
1702483200001,"0.00010000"
1702512000000,"0.00010000"
1702540800000,"0.00026399"
1702569600000,"0.00025480"
1702598400000,"0.00025597"
1702627200000,"0.00040604"
1702656000000,"0.00029411"
1702684800000,"0.00010000"
1702713600000,"0.00014474"
1702742400001,"0.00020914"
1702771200000,"0.00021841"
1702800000000,"0.00010000"
1702828800000,"0.00019378"
1702857600000,"0.00010000"
1702886400001,"0.00010000"
1702915200000,"0.00010000"
1702944000000,"0.00010000"
1702972800000,"0.00010000"
1703001600000,"0.00010000"
1703030400000,"0.00010000"
1703059200000,"0.00010000"
1703088000000,"0.00016058"
1703116800000,"0.00020267"
1703145600000,"0.00010000"
1703174400000,"0.00018872"
1703203200000,"0.00045972"
1703232000000,"0.00023171"
1703260800000,"0.00029545"
1703289600000,"0.00030583"
1703318400001,"0.00015500"
1703347200000,"0.00021588"
1703376000000,"0.00033057"
1703404800000,"0.00045072"
1703433600000,"0.00011977"
1703462400000,"0.00027025"
1703491200000,"0.00010000"
1703520000000,"0.00031433"
1703548800000,"0.00049952"
1703577600000,"0.00030059"
1703606400000,"0.00034833"
1703635200000,"0.00036152"
1703664000000,"0.00027949"
1703692800000,"0.00059579"
1703721600000,"0.00043738"
1703750400000,"0.00049161"
1703779200000,"0.00041380"
1703808000001,"0.00035225"
1703836800000,"0.00035668"
1703865600000,"0.00063313"
1703894400001,"0.00085534"
1703923200000,"0.00062359"
1703952000000,"0.00054210"
1703980800000,"0.00034605"
1704009600001,"0.00043015"
1704038400000,"0.00046919"
1704067200000,"0.00039991"
1704096000000,"0.00024338"
1704124800000,"0.00046022"
1704153600000,"0.00057078"
1704182400000,"0.00070318"
1704211200000,"0.00072038"
1704240000000,"0.00026091"
1704268800000,"0.00030636"
1704297600000,"0.00010000"
1704326400000,"0.00010000"
1704355200000,"0.00010000"
1704384000000,"0.00010000"
1704412800001,"0.00010000"
1704441600000,"0.00010000"
1704470400000,"0.00010000"
1704499200000,"0.00010000"
1704528000000,"0.00010000"
1704556800000,"0.00010000"
1704585600000,"0.00010000"
1704614400001,"0.00010000"
1704643200001,"0.00010000"
1704672000000,"0.00010000"
1704700800000,"0.00010000"
1704729600000,"0.00010000"
1704758400001,"0.00010000"
1704787200000,"0.00010000"
1704816000000,"0.00010000"
1704844800000,"0.00010000"
1704873600000,"0.00010000"
1704902400000,"0.00010000"
1704931200000,"0.00010000"
1704960000000,"0.00010000"
1704988800000,"0.00010000"
1705017600001,"0.00010000"
1705046400000,"0.00010000"
1705075200000,"0.00010000"
1705104000000,"0.00010000"
1705132800000,"0.00010000"
1705161600001,"0.00010000"
1705190400000,"0.00010000"
1705219200000,"0.00010000"
1705248000001,"0.00010000"
1705276800000,"0.00010000"
1705305600000,"0.00010000"
1705334400000,"0.00010000"
1705363200000,"0.00010000"
1705392000000,"0.00010000"
1705420800001,"0.00010000"
1705449600000,"0.00010000"
1705478400000,"0.00010000"
1705507200000,"0.00010000"
1705536000001,"0.00010000"
1705564800000,"0.00010000"
1705593600000,"0.00010000"
1705622400000,"0.00010000"
1705651200000,"0.00010000"
1705680000002,"0.00010000"
1705708800000,"0.00010000"
1705737600003,"0.00010000"
1705766400000,"0.00010000"
1705795200000,"0.00010000"
1705824000000,"0.00010000"
1705852800000,"0.00010000"
1705881600000,"0.00010000"
1705910400000,"0.00010000"
1705939200000,"0.00010000"
1705968000000,"0.00010000"
1705996800000,"0.00010000"
1706025600000,"0.00010000"
1706054400000,"0.00010000"
1706083200000,"0.00010000"
1706112000000,"0.00010000"
1706140800000,"0.00010000"
1706169600001,"0.00010000"
1706198400000,"0.00010000"
1706227200001,"0.00010000"
1706256000000,"0.00010000"
1706284800000,"0.00010000"
1706313600000,"0.00010000"
1706342400000,"0.00010000"
1706371200000,"0.00010000"
1706400000000,"0.00010000"
1706428800000,"0.00010000"
1706457600000,"0.00010000"
1706486400000,"0.00010000"
1706515200001,"0.00010000"
1706544000000,"0.00010000"
1706572800000,"0.00010000"
1706601600000,"0.00010000"
1706630400001,"0.00010000"
1706659200000,"0.00010000"
1706688000000,"0.00010000"
1706716800000,"0.00010000"
1706745600000,"0.00010000"
1706774400000,"0.00010000"
1706803200002,"0.00010000"
1706832000000,"0.00010000"
1706860800000,"0.00010000"
1706889600000,"0.00010000"
1706918400000,"0.00010000"
1706947200000,"0.00010000"
1706976000001,"0.00010000"
1707004800000,"0.00010000"
1707033600004,"0.00010000"
1707062400000,"0.00010000"
1707091200000,"0.00010000"
1707120000000,"0.00010000"
1707148800000,"0.00010000"
1707177600000,"0.00010000"
1707206400001,"0.00010000"
1707235200000,"0.00010000"
1707264000000,"0.00010000"
1707292800000,"0.00010000"
1707321600000,"0.00010000"
1707350400000,"0.00010000"
1707379200000,"0.00010000"
1707408000000,"0.00010000"
1707436800000,"0.00010000"
1707465600000,"0.00010000"
1707494400001,"0.00010000"
1707523200001,"0.00010000"
1707552000000,"0.00010000"
1707580800000,"0.00010000"
1707609600000,"0.00010000"
1707638400001,"0.00010000"
1707667200000,"0.00010000"
1707696000000,"0.00010000"
1707724800000,"0.00010000"
1707753600000,"0.00010000"
1707782400000,"0.00051637"
1707811200000,"0.00026030"
1707840000000,"0.00014235"
1707868800000,"0.00026948"
1707897600000,"0.00023498"
1707926400000,"0.00034919"
1707955200000,"0.00044426"
1707984000000,"0.00054911"
1708012800000,"0.00025883"
1708041600000,"0.00027692"
1708070400000,"0.00041596"
1708099200000,"0.00032655"
1708128000000,"0.00020985"
1708156800000,"0.00048740"
1708185600000,"0.00030163"
1708214400000,"0.00045107"
1708243200000,"0.00036540"
1708272000000,"0.00045126"
1708300800000,"0.00029336"
1708329600000,"0.00022014"
1708358400000,"0.00038189"
1708387200000,"0.00055318"
1708416000000,"0.00055134"
1708444800000,"0.00010767"
1708473600000,"0.00025047"
1708502400000,"0.00010000"
1708531200000,"0.00010000"
1708560000001,"0.00010000"
1708588800001,"0.00010000"
1708617600000,"0.00013420"
1708646400000,"0.00011970"
1708675200000,"0.00019239"
1708704000000,"0.00019609"
1708732800000,"0.00042177"
1708761600001,"0.00043060"
1708790400000,"0.00023489"
1708819200001,"0.00029793"
1708848000000,"0.00028963"
1708876800000,"0.00018687"
1708905600000,"0.00030506"
1708934400000,"0.00029810"
1708963200000,"0.00010000"
1708992000000,"0.00051906"
1709020800000,"0.00038601"
1709049600000,"0.00035408"
1709078400000,"0.00053453"
1709107200000,"0.00035874"
1709136000000,"0.00086805"
1709164800000,"0.00041202"
1709193600000,"0.00070748"
1709222400000,"0.00085707"
1709251200000,"0.00063225"
1709280000000,"0.00076944"
1709308800000,"0.00068743"
1709337600000,"0.00089572"
1709366400001,"0.00124353"
1709395200000,"0.00101272"
1709424000000,"0.00095511"
1709452800000,"0.00103269"
1709481600000,"0.00050858"
1709510400000,"0.00057902"
1709539200000,"0.00091865"
1709568000000,"0.00069221"
1709596800000,"0.00062369"
1709625600000,"0.00123149"
1709654400000,"0.00097956"
1709683200000,"0.00015443"
1709712000001,"0.00014532"
1709740800000,"0.00021837"
1709769600000,"0.00012670"
1709798400000,"0.00027565"
1709827200000,"0.00023681"
1709856000000,"0.00048777"
1709884800000,"0.00068957"
1709913600000,"0.00058265"
1709942400000,"0.00040969"
1709971200001,"0.00078841"
1710000000000,"0.00075377"
1710028800000,"0.00082580"
1710057600000,"0.00087553"
1710086400000,"0.00047423"
1710115200000,"0.00061011"
1710144000000,"0.00060096"
1710172800000,"0.00085882"
1710201600000,"0.00096629"
1710230400000,"0.00085409"
1710259200000,"0.00055759"
1710288000000,"0.00082698"
1710316800001,"0.00064663"
1710345600000,"0.00062199"
1710374400001,"0.00053949"
1710403200000,"0.00074816"
1710432000000,"0.00066927"
1710460800000,"0.00056703"
1710489600000,"0.00042395"
1710518400000,"0.00010000"
1710547200000,"0.00023610"
1710576000000,"0.00029017"
1710604800000,"0.00018000"
1710633600000,"0.00016792"
1710662400000,"0.00031614"
1710691200000,"0.00015367"
1710720000000,"0.00011310"
1710748800000,"0.00021586"
1710777600001,"0.00025120"
1710806400000,"0.00011114"
1710835200000,"0.00018880"
1710864000001,"0.00010000"
1710892800000,"0.00010000"
1710921600004,"0.00010000"
1710950400000,"0.00010000"
1710979200000,"0.00010000"
1711008000000,"0.00016026"
1711036800000,"0.00010000"
1711065600000,"0.00010000"
1711094400000,"0.00016341"
1711123200000,"0.00010000"
1711152000000,"0.00010000"
1711180800000,"0.00010000"
1711209600000,"0.00010000"
1711238400000,"0.00010000"
1711267200000,"0.00010000"
1711296000000,"0.00010000"
1711324800000,"0.00010000"
1711353600001,"0.00010669"
1711382400000,"0.00010000"
1711411200000,"0.00016257"
1711440000000,"0.00018016"
1711468800000,"0.00030483"
1711497600000,"0.00047888"
1711526400001,"0.00050353"
1711555200000,"0.00029140"
1711584000000,"0.00028017"
1711612800000,"0.00037274"
1711641600000,"0.00024745"
1711670400000,"0.00029922"
1711699200000,"0.00032315"
1711728000000,"0.00035670"
1711756800000,"0.00047012"
1711785600000,"0.00048517"
1711814400000,"0.00060469"
1711843200000,"0.00029441"
1711872000000,"0.00053855"
1711900800001,"0.00036856"
1711929600000,"0.00053108"
1711958400000,"0.00028226"
1711987200000,"0.00017815"
1712016000007,"0.00010000"
1712044800015,"0.00010000"
1712073600000,"0.00010000"
1712102400000,"0.00010000"
1712131200000,"0.00010000"
1712160000000,"0.00010000"
1712188800000,"0.00010000"
1712217600000,"0.00010000"
1712246400000,"0.00010000"
1712275200000,"0.00010000"
1712304000000,"0.00010000"
1712332800000,"0.00010000"
1712361600000,"0.00010000"
1712390400000,"0.00010000"
1712419200000,"0.00010000"
1712448000000,"0.00010000"
1712476800000,"0.00010000"
1712505600000,"0.00010000"
1712534400001,"0.00010170"
1712563200000,"0.00012625"
1712592000006,"0.00022998"
1712620800000,"0.00010000"
1712649600001,"0.00013133"
1712678400001,"0.00011652"
1712707200000,"0.00010000"
1712736000001,"0.00010000"
1712764800000,"0.00010000"
1712793600000,"0.00010000"
1712822400000,"0.00010000"
1712851200000,"0.00010000"
1712880000000,"0.00010000"
1712908800001,"0.00010000"
1712937600000,"0.00010000"
1712966400000,"0.00010000"
1712995200000,"0.00010000"
1713024000001,"0.00010000"
1713052800000,"0.00010000"
1713081600000,"0.00010000"
1713110400000,"0.00010000"
1713139200000,"0.00010000"
1713168000001,"0.00010000"
1713196800000,"0.00010000"
1713225600001,"0.00010000"
1713254400000,"0.00010000"
1713283200000,"0.00010000"
1713312000000,"0.00010000"
1713340800000,"0.00010000"
1713369600000,"0.00010000"
1713398400000,"0.00010000"
1713427200000,"0.00010000"
1713456000000,"0.00010000"
1713484800001,"0.00010000"
1713513600000,"0.00010000"
1713542400000,"0.00010000"
1713571200000,"0.00010000"
1713600000000,"0.00010000"
1713628800000,"0.00010000"
1713657600000,"0.00010000"
1713686400000,"0.00010000"
1713715200000,"0.00010000"
1713744000000,"0.00010000"
1713772800000,"0.00010000"
1713801600000,"0.00010000"
1713830400000,"0.00010000"
1713859200000,"0.00010000"
1713888000001,"0.00010000"
1713916800000,"0.00010000"
1713945600000,"-0.00003905"
1713974400000,"0.00010000"
1714003200000,"0.00002097"
1714032000000,"0.00009897"
1714060800010,"0.00010000"
1714089600001,"0.00010000"
1714118400000,"0.00009260"
1714147200000,"0.00009717"
1714176000000,"0.00005256"
1714204800001,"0.00010000"
1714233600000,"0.00010000"
1714262400000,"0.00006600"
1714291200000,"0.00003719"
1714320000000,"0.00001339"
1714348800000,"0.00010000"
1714377600000,"0.00004658"
1714406400000,"0.00002865"
1714435200000,"0.00010000"
1714464000000,"-0.00005517"
1714492800000,"0.00009323"
1714521600000,"-0.00008328"
1714550400000,"0.00010000"
1714579200000,"0.00010000"
1714608000000,"0.00010000"
1714636800000,"0.00010000"
1714665600002,"0.00010000"
1714694400000,"0.00010000"
1714723200000,"0.00010000"
1714752000000,"0.00010000"
1714780800000,"0.00010000"
1714809600000,"0.00010000"
1714838400000,"0.00010000"
1714867200000,"0.00010000"
1714896000000,"0.00010000"
1714924800000,"0.00010000"
1714953600000,"0.00010000"
1714982400000,"0.00010000"
1715011200000,"0.00010000"
1715040000000,"0.00010000"
1715068800000,"0.00010000"
1715097600000,"0.00010000"
1715126400000,"0.00010000"
1715155200000,"0.00010000"
1715184000000,"0.00010000"
1715212800000,"0.00010000"
1715241600000,"0.00010000"
1715270400000,"0.00010000"
1715299200000,"0.00010000"
1715328000000,"0.00010000"
1715356800000,"0.00010000"
1715385600000,"0.00002349"
1715414400000,"0.00010000"
1715443200000,"0.00008692"
1715472000000,"0.00010000"
1715500800000,"0.00010000"
1715529600000,"0.00010000"
1715558400001,"0.00010000"
1715587200001,"-0.00000038"
1715616000000,"0.00010000"
1715644800000,"0.00010000"
1715673600000,"0.00010000"
1715702400000,"0.00010000"
1715731200000,"0.00010000"
1715760000000,"0.00006112"
1715788800000,"0.00010000"
1715817600004,"0.00010000"
1715846400000,"0.00010000"
1715875200000,"0.00010000"
1715904000000,"0.00010000"
1715932800000,"0.00010000"
1715961600000,"0.00010000"
1715990400000,"0.00010000"
1716019200000,"0.00010000"
1716048000000,"0.00010000"
1716076800000,"0.00010000"
1716105600000,"0.00010000"
1716134400000,"0.00010000"
1716163200000,"0.00010000"
1716192000000,"0.00010000"
1716220800003,"0.00010000"
1716249600000,"0.00010000"
1716278400001,"0.00010000"
1716307200000,"0.00010000"
1716336000000,"0.00010000"
1716364800000,"0.00010000"
1716393600000,"0.00010000"
1716422400000,"0.00010000"
1716451200000,"0.00010000"
1716480000000,"0.00010000"
1716508800000,"0.00010000"
1716537600000,"0.00010000"
1716566400000,"0.00010000"
1716595200000,"0.00010000"
1716624000000,"0.00010000"
1716652800000,"0.00010000"
1716681600000,"0.00010000"
1716710400000,"0.00010000"
1716739200000,"0.00010000"
1716768000000,"0.00010000"
1716796800000,"0.00010000"
1716825600000,"0.00010000"
1716854400000,"0.00010000"
1716883200000,"0.00010000"
1716912000000,"0.00010000"
1716940800001,"0.00010000"
1716969600000,"0.00010000"
1716998400000,"0.00010000"
1717027200000,"0.00010000"
1717056000000,"0.00010000"
1717084800000,"0.00010665"
1717113600000,"0.00010000"
1717142400000,"0.00010000"
1717171200000,"0.00010000"
1717200000000,"0.00010000"
1717228800000,"0.00010000"
1717257600001,"0.00010000"
1717286400000,"0.00010000"
1717315200000,"0.00010000"
1717344000000,"0.00010000"
1717372800000,"0.00010000"
1717401600000,"0.00010000"
1717430400000,"0.00010000"
1717459200000,"0.00010000"
1717488000000,"0.00010000"
1717516800000,"0.00010000"
1717545600000,"0.00013411"
1717574400000,"0.00010000"
1717603200000,"0.00010000"
1717632000000,"0.00010000"
1717660800008,"0.00013391"
1717689600000,"0.00018407"
1717718400000,"0.00010000"
1717747200000,"0.00010000"
1717776000000,"0.00010000"
1717804800000,"0.00010000"
1717833600000,"0.00010000"
1717862400000,"0.00010000"
1717891200000,"0.00010000"
1717920000000,"0.00010000"
1717948800001,"0.00010000"
1717977600000,"0.00010000"
1718006400000,"0.00010000"
1718035200001,"0.00010000"
1718064000001,"0.00010000"
1718092800000,"0.00010000"
1718121600000,"0.00010000"
1718150400000,"0.00010000"
1718179200000,"0.00010000"
1718208000000,"0.00010000"
1718236800000,"0.00010000"
1718265600001,"0.00010000"
1718294400000,"0.00010000"
1718323200000,"0.00010000"
1718352000000,"0.00010000"
1718380800000,"0.00010000"
1718409600000,"0.00010000"
1718438400000,"0.00010000"
1718467200000,"0.00010000"
1718496000001,"0.00010000"
1718524800000,"0.00010000"
1718553600000,"0.00010000"
1718582400000,"0.00010000"
1718611200000,"0.00010000"
1718640000000,"0.00010000"
1718668800000,"0.00010000"
1718697600000,"0.00010000"
1718726400000,"0.00010000"
1718755200001,"0.00010000"
1718784000001,"0.00010000"
1718812800000,"0.00010000"
1718841600000,"0.00010000"
1718870400000,"0.00010000"
1718899200000,"0.00010000"
1718928000000,"-0.00020855"
1718956800000,"0.00003099"
1718985600000,"0.00000527"
1719014400000,"0.00010000"
1719043200000,"0.00010000"
1719072000000,"0.00010000"
1719100800000,"0.00010000"
1719129600000,"0.00010000"
1719158400000,"0.00005219"
1719187200002,"0.00005734"
1719216000000,"0.00009478"
1719244800000,"0.00010000"
1719273600000,"0.00010000"
1719302400000,"0.00010000"
1719331200000,"0.00010000"
1719360000002,"0.00010000"
1719388800000,"0.00010000"
1719417600000,"0.00010000"
1719446400000,"0.00010000"
1719475200001,"0.00010000"
1719504000000,"0.00010000"
1719532800000,"0.00010000"
1719561600000,"0.00010000"
1719590400000,"0.00010000"
1719619200001,"0.00010000"
1719648000000,"0.00010000"
1719676800000,"0.00010000"
1719705600000,"0.00005545"
1719734400000,"0.00010000"
1719763200000,"0.00008785"
1719792000000,"0.00010000"
1719820800000,"0.00010000"
1719849600001,"0.00010000"
1719878400000,"0.00001993"
1719907200000,"0.00010000"
1719936000000,"0.00010000"
1719964800000,"0.00010000"
1719993600001,"0.00010000"
1720022400000,"0.00010000"
1720051200000,"0.00010000"
1720080000000,"0.00010000"
1720108800000,"0.00010000"
1720137600000,"0.00010000"
1720166400000,"-0.00010779"
1720195200000,"0.00002526"
1720224000000,"0.00005554"
1720252800000,"0.00010000"
1720281600000,"-0.00014741"
1720310400001,"-0.00007050"
1720339200000,"0.00010000"
1720368000000,"0.00010000"
1720396800000,"-0.00005229"
1720425600000,"0.00010000"
1720454400000,"0.00010000"
1720483200000,"-0.00008512"
1720512000001,"0.00010000"
1720540800000,"0.00009102"
1720569600000,"0.00010000"
1720598400000,"0.00010000"
1720627200000,"0.00010000"
1720656000002,"-0.00003254"
1720684800002,"0.00010000"
1720713600004,"0.00005640"
1720742400000,"0.00010000"
1720771200000,"0.00010000"
1720800000000,"0.00007404"
1720828800000,"0.00010000"
1720857600000,"0.00010000"
1720886400000,"0.00010000"
1720915200000,"0.00010000"
1720944000000,"0.00010000"
1720972800000,"0.00010000"
1721001600000,"0.00010000"
1721030400000,"0.00010000"
1721059200000,"0.00010000"
1721088000000,"0.00010000"
1721116800000,"0.00010000"
1721145600000,"0.00010000"
1721174400000,"0.00010000"
1721203200001,"0.00010000"
1721232000000,"0.00010000"
1721260800000,"0.00010000"
1721289600000,"0.00010000"
1721318400000,"0.00010000"
1721347200000,"0.00010000"
1721376000000,"0.00010000"
1721404800000,"0.00010000"
1721433600001,"0.00010000"
1721462400000,"0.00010000"
1721491200000,"0.00010000"
1721520000000,"0.00010000"
1721548800000,"0.00010000"
1721577600000,"0.00010000"
1721606400000,"0.00010000"
1721635200000,"0.00010000"
1721664000000,"0.00010000"
1721692800000,"0.00010000"
1721721600000,"0.00010000"
1721750400000,"0.00010000"
1721779200000,"0.00010000"
1721808000000,"0.00010000"
1721836800000,"0.00010000"
1721865600000,"0.00010000"
1721894400000,"0.00010000"
1721923200000,"0.00010000"
1721952000000,"0.00010000"
1721980800000,"0.00010000"
1722009600000,"0.00010000"
1722038400000,"0.00010000"
1722067200000,"0.00001142"
1722096000000,"0.00010000"
1722124800000,"0.00010000"
1722153600000,"0.00010000"
1722182400001,"0.00009755"
1722211200001,"-0.00003733"
1722240000000,"0.00010000"
1722268800001,"0.00010000"
1722297600000,"0.00008269"
1722326400001,"0.00010000"
1722355200000,"0.00010000"
1722384000000,"0.00010000"
1722412800000,"0.00010000"
1722441600000,"0.00010000"
1722470400000,"0.00010000"
1722499200000,"0.00005715"
1722528000000,"0.00005412"
1722556800000,"0.00010000"
1722585600001,"0.00005275"
1722614400000,"0.00010000"
1722643200000,"0.00010000"
1722672000000,"0.00010000"
1722700800001,"-0.00017369"
1722729600000,"-0.00013136"
1722758400000,"0.00010000"
1722787200000,"-0.00010511"
1722816000000,"0.00004004"
1722844800000,"0.00002172"
1722873600000,"0.00006479"
1722902400000,"0.00010000"
1722931200000,"0.00010000"
1722960000000,"0.00010000"
1722988800000,"0.00010000"
1723017600001,"0.00010000"
1723046400000,"0.00005559"
1723075200001,"0.00009780"
1723104000000,"0.00010000"
1723132800000,"0.00010000"
1723161600000,"0.00010000"
1723190400000,"0.00010000"
1723219200000,"0.00010000"
1723248000000,"0.00010000"
1723276800000,"0.00007627"
1723305600000,"0.00010000"
1723334400000,"0.00005640"
1723363200000,"0.00010000"
1723392000001,"-0.00014038"
1723420800000,"-0.00000190"
1723449600000,"0.00007926"
1723478400000,"0.00010000"
1723507200000,"0.00010000"
1723536000000,"0.00010000"
1723564800000,"0.00010000"
1723593600000,"0.00010000"
1723622400000,"0.00010000"
1723651200000,"0.00002073"
1723680000000,"0.00010000"
1723708800000,"0.00010000"
1723737600000,"0.00010000"
1723766400000,"0.00010000"
1723795200000,"0.00010000"
1723824000000,"-0.00003067"
1723852800000,"-0.00001198"
1723881600000,"0.00000122"
1723910400000,"0.00007180"
1723939200000,"-0.00009040"
1723968000000,"0.00010000"
1723996800000,"0.00010000"
1724025600000,"0.00003021"
1724054400000,"0.00006296"
1724083200002,"0.00010000"
1724112000000,"0.00010000"
1724140800000,"0.00010000"
1724169600001,"0.00004261"
1724198400001,"0.00010000"
1724227200000,"0.00010000"
1724256000001,"0.00010000"
1724284800000,"0.00010000"
1724313600000,"0.00010000"
1724342400008,"0.00010000"
1724371200000,"0.00010000"
1724400000000,"0.00003849"
1724428800000,"0.00010000"
1724457600000,"0.00004492"
1724486400005,"-0.00022479"
1724515200000,"0.00010000"
1724544000000,"0.00010000"
1724572800000,"0.00010000"
1724601600000,"0.00010000"
1724630400000,"0.00010000"
1724659200001,"0.00010000"
1724688000000,"0.00010000"
1724716800001,"-0.00014095"
1724745600000,"-0.00005118"
1724774400000,"0.00010000"
1724803200000,"0.00005320"
1724832000000,"0.00010000"
1724860800001,"0.00010000"
1724889600000,"0.00010000"
1724918400001,"0.00010000"
1724947200000,"0.00010000"
1724976000000,"0.00003242"
1725004800000,"0.00010000"
1725033600000,"0.00008756"
1725062400000,"0.00010000"
1725091200000,"0.00010000"
1725120000000,"0.00010000"
1725148800000,"0.00010000"
1725177600001,"0.00010000"
1725206400000,"0.00007341"
1725235200001,"-0.00005063"
1725264000001,"0.00010000"
1725292800000,"0.00007622"
1725321600000,"0.00010000"
1725350400001,"0.00010000"
1725379200000,"0.00010000"
1725408000000,"0.00010000"
1725436800000,"0.00010000"
1725465600000,"0.00010000"
1725494400000,"0.00010000"
1725523200000,"0.00010000"
1725552000005,"0.00000432"
1725580800000,"-0.00012770"
1725609600001,"0.00010000"
1725638400000,"-0.00015815"
1725667200000,"-0.00019777"
1725696000000,"0.00007858"
1725724800000,"-0.00007083"
1725753600000,"0.00010000"
1725782400000,"0.00010000"
1725811200000,"0.00010000"
1725840000000,"0.00010000"
1725868800000,"0.00010000"
1725897600001,"0.00009186"
1725926400000,"0.00010000"
1725955200000,"0.00010000"
1725984000000,"0.00008789"
1726012800000,"0.00010000"
1726041600000,"-0.00005165"
1726070400000,"-0.00007166"
1726099200000,"0.00005362"
1726128000000,"0.00003212"
1726156800000,"-0.00005565"
1726185600000,"0.00000508"
1726214400001,"-0.00023037"
1726243200001,"0.00005916"
1726272000000,"0.00007628"
1726300800000,"0.00001026"
1726329600001,"-0.00003122"
1726358400000,"-0.00000699"
1726387200000,"0.00010000"
1726416000000,"0.00010000"
1726444800000,"0.00008923"
1726473600001,"-0.00006761"
1726502400000,"-0.00016844"
1726531200001,"-0.00003921"
1726560000000,"0.00010000"
1726588800000,"0.00010000"
1726617600000,"0.00010000"
1726646400000,"0.00010000"
1726675200004,"0.00010000"
1726704000000,"0.00010000"
1726732800000,"0.00010000"
1726761600001,"0.00010000"
1726790400000,"0.00010000"
1726819200001,"0.00010000"
1726848000000,"0.00010000"
1726876800001,"0.00010000"
1726905600000,"0.00010000"
1726934400000,"0.00010000"
1726963200000,"0.00010000"
1726992000000,"0.00010000"
1727020800000,"0.00010000"
1727049600000,"0.00010000"
1727078400000,"0.00010000"
1727107200000,"0.00010000"
1727136000000,"0.00010000"
1727164800000,"0.00010000"
1727193600001,"0.00010000"
1727222400000,"0.00010000"
1727251200003,"0.00010000"
1727280000000,"0.00010000"
1727308800005,"0.00010000"
1727337600000,"0.00010000"
1727366400000,"0.00010000"
1727395200000,"0.00010000"
1727424000000,"0.00010000"
1727452800000,"0.00010000"
1727481600000,"0.00010000"
1727510400001,"0.00010000"
1727539200000,"0.00010000"
1727568000001,"0.00010000"
1727596800000,"0.00010000"
1727625600000,"0.00010000"
1727654400000,"0.00010000"
1727683200001,"0.00010000"
1727712000000,"0.00010000"
1727740800000,"0.00010000"
1727769600000,"0.00010000"
1727798400001,"0.00010000"
1727827200000,"0.00008884"
1727856000000,"0.00010000"
1727884800000,"0.00004430"
1727913600000,"-0.00003930"
1727942400000,"-0.00013008"
1727971200000,"-0.00006502"
1728000000000,"0.00010000"
1728028800000,"0.00010000"
1728057600001,"0.00004584"
1728086400000,"0.00010000"
1728115200000,"0.00010000"
1728144000000,"0.00010000"
1728172800000,"0.00010000"
1728201600001,"0.00010000"
1728230400000,"0.00010000"
1728259200000,"0.00010000"
1728288000000,"0.00010000"
1728316800001,"0.00010000"
1728345600000,"0.00010000"
1728374400000,"0.00010000"
1728403200000,"0.00010000"
1728432000000,"0.00010000"
1728460800000,"0.00010000"
1728489600000,"0.00009344"
1728518400000,"0.00007105"
1728547200000,"-0.00005612"
1728576000000,"0.00010000"
1728604800000,"0.00010000"
1728633600000,"0.00010000"
1728662400001,"0.00010000"
1728691200000,"0.00010000"
1728720000001,"0.00010000"
1728748800000,"0.00010000"
1728777600000,"0.00010000"
1728806400000,"0.00010000"
1728835200000,"0.00010000"
1728864000000,"0.00010000"
1728892800000,"0.00010000"
1728921600000,"0.00010000"
1728950400000,"0.00010000"
1728979200000,"0.00010000"
1729008000000,"0.00010000"
1729036800000,"0.00010000"
1729065600001,"0.00010000"
1729094400000,"0.00010000"
1729123200000,"0.00010000"
1729152000000,"0.00010000"
1729180800001,"0.00005885"
1729209600010,"0.00010000"
1729238400001,"0.00010000"
1729267200000,"0.00010000"
1729296000000,"0.00010000"
1729324800000,"0.00010000"
1729353600000,"-0.00008203"
1729382400000,"0.00009557"
1729411200000,"-0.00009580"
1729440000000,"0.00010000"
1729468800000,"0.00010000"
1729497600000,"0.00010000"
1729526400000,"0.00010000"
1729555200000,"0.00010000"
1729584000000,"0.00010000"
1729612800000,"0.00010000"
1729641600000,"0.00010000"
1729670400000,"0.00010000"
1729699200000,"0.00010000"
1729728000000,"0.00010000"
1729756800000,"0.00010000"
1729785600000,"0.00010000"
1729814400000,"0.00010000"
1729843200000,"0.00010000"
1729872000000,"0.00010000"
1729900800000,"0.00010000"
1729929600001,"0.00008541"
1729958400000,"0.00005531"
1729987200000,"0.00010000"
1730016000000,"0.00010000"
1730044800000,"0.00010000"
1730073600000,"0.00010000"
1730102400001,"0.00010000"
1730131200000,"0.00010000"
1730160000000,"0.00010000"
1730188800000,"0.00010000"
1730217600004,"0.00010000"
1730246400000,"0.00010000"
1730275200000,"0.00010000"
1730304000013,"0.00010000"
1730332800000,"0.00010000"
1730361600000,"0.00010000"
1730390400000,"0.00010000"
1730419200000,"0.00010000"
1730448000000,"0.00010000"
1730476800000,"0.00010000"
1730505600000,"0.00010000"
1730534400000,"0.00010000"
1730563200000,"0.00010000"
1730592000000,"0.00010000"
1730620800000,"0.00010000"
1730649600000,"0.00010000"
1730678400000,"0.00010000"
1730707200000,"0.00008299"
1730736000000,"0.00010000"
1730764800000,"0.00010000"
1730793600003,"0.00010000"
1730822400001,"0.00010000"
1730851200000,"0.00010000"
1730880000000,"0.00010000"
1730908800000,"0.00010000"
1730937600000,"0.00010000"
1730966400000,"0.00010000"
1730995200000,"0.00010000"
1731024000000,"0.00010000"
1731052800000,"0.00010000"
1731081600000,"0.00010000"
1731110400000,"0.00010000"
1731139200000,"0.00076429"
1731168000000,"0.00010000"
1731196800000,"0.00010000"
1731225600000,"0.00054818"
1731254400000,"0.00027328"
1731283200001,"0.00027097"
1731312000000,"0.00010000"
1731340800000,"0.00010000"
1731369600002,"0.00010000"
1731398400000,"0.00027370"
1731427200000,"0.00010000"
1731456000000,"0.00010000"
1731484800010,"0.00010000"
1731513600000,"0.00010000"
1731542400001,"0.00010000"
1731571200000,"0.00010000"
1731600000000,"0.00010000"
1731628800000,"0.00010000"
1731657600000,"0.00010000"
1731686400000,"0.00010000"
1731715200001,"0.00010000"
1731744000001,"0.00010000"
1731772800000,"0.00010000"
1731801600000,"0.00010000"
1731830400000,"0.00010000"
1731859200001,"0.00010000"
1731888000000,"0.00010000"
1731916800000,"0.00010000"
1731945600000,"0.00010000"
1731974400000,"0.00010000"
1732003200000,"0.00010000"
1732032000000,"0.00010000"
1732060800003,"0.00010000"
1732089600000,"0.00010000"
1732118400000,"0.00010000"
1732147200001,"0.00010000"
1732176000000,"0.00010000"
1732204800001,"0.00010000"
1732233600000,"0.00010000"
1732262400000,"0.00010000"
1732291200001,"0.00010291"
1732320000000,"0.00010000"
1732348800000,"0.00017349"
1732377600000,"0.00030456"
1732406400001,"0.00018063"
1732435200000,"0.00010000"
1732464000000,"0.00010000"
1732492800000,"0.00010000"
1732521600000,"0.00010000"
1732550400000,"0.00010000"
1732579200000,"0.00010000"
1732608000000,"0.00010000"
1732636800000,"0.00010000"
1732665600000,"0.00010000"
1732694400000,"0.00010000"
1732723200001,"0.00010000"
1732752000000,"0.00023442"
1732780800000,"0.00015089"
1732809600000,"0.00010000"
1732838400000,"0.00019156"
1732867200000,"0.00010000"
1732896000000,"0.00019254"
1732924800000,"0.00021817"
1732953600000,"0.00010000"
1732982400000,"0.00010000"
1733011200000,"0.00019634"
1733040000000,"0.00010000"
1733068800000,"0.00035548"
1733097600001,"0.00031897"
1733126400001,"0.00010000"
1733155200000,"0.00010000"
1733184000000,"0.00010881"
1733212800000,"0.00010000"
1733241600000,"0.00022609"
1733270400000,"0.00015610"
1733299200000,"0.00033996"
1733328000000,"0.00045972"
1733356800001,"0.00032320"
1733385600000,"0.00055927"
1733414400000,"0.00052128"
1733443200000,"0.00031577"
1733472000000,"0.00041948"
1733500800000,"0.00010000"
1733529600000,"0.00041207"
1733558400000,"0.00036020"
1733587200000,"0.00056786"
1733616000000,"0.00048720"
1733644800000,"0.00052432"
1733673600000,"0.00035924"
1733702400000,"0.00026802"
1733731200000,"0.00028481"
1733760000001,"0.00010000"
1733788800007,"0.00010000"
1733817600000,"0.00010000"
1733846400000,"0.00010000"
1733875200000,"0.00010000"
1733904000000,"0.00010000"
1733932800001,"0.00010000"
1733961600001,"0.00010000"
1733990400000,"0.00010000"
1734019200001,"0.00010000"
1734048000000,"0.00010000"
1734076800000,"0.00010000"
1734105600001,"0.00010000"
1734134400000,"0.00010000"
1734163200000,"0.00010000"
1734192000000,"0.00010000"
1734220800000,"0.00010000"
1734249600000,"0.00010000"
1734278400000,"0.00010000"
1734307200000,"0.00010000"
1734336000001,"0.00010000"
1734364800000,"0.00010000"
1734393600000,"0.00010000"
1734422400000,"0.00010000"
1734451200000,"0.00010000"
1734480000000,"0.00010000"
1734508800000,"0.00010000"
1734537600000,"0.00010000"
1734566400000,"0.00010000"
1734595200000,"0.00010000"
1734624000000,"0.00010000"
1734652800000,"0.00009976"
1734681600001,"0.00010000"
1734710400014,"0.00010000"
1734739200000,"-0.00002749"
1734768000000,"0.00003389"
1734796800001,"0.00010000"
1734825600000,"0.00010000"
1734854400000,"-0.00002772"
1734883200000,"-0.00020026"
1734912000000,"0.00002359"
1734940800000,"-0.00012288"
1734969600001,"0.00010000"
1734998400000,"0.00010000"
1735027200000,"0.00010000"
1735056000001,"0.00010000"
1735084800001,"0.00010000"
1735113600000,"0.00010000"
1735142400000,"0.00010000"
1735171200000,"0.00006431"
1735200000000,"0.00010000"
1735228800000,"-0.00002565"
1735257600000,"0.00010000"
1735286400000,"-0.00014313"
1735315200000,"0.00002338"
1735344000001,"0.00010000"
1735372800000,"-0.00026576"
1735401600000,"0.00007570"
1735430400000,"0.00010000"
1735459200000,"0.00009930"
1735488000000,"0.00010000"
1735516800000,"-0.00000511"
1735545600001,"0.00000617"
1735574400000,"0.00010000"
1735603200000,"0.00010000"
1735632000000,"0.00010000"
1735660800000,"0.00010000"
1735689600015,"0.00010000"
1735718400000,"0.00010000"
1735747200001,"0.00010000"
1735776000000,"0.00010000"
1735804800006,"0.00010000"
1735833600000,"0.00010000"
1735862400000,"0.00010000"
1735891200000,"0.00010000"
1735920000000,"0.00010000"
1735948800000,"0.00010000"
1735977600000,"0.00010000"
1736006400000,"0.00010000"
1736035200000,"0.00010000"
1736064000000,"0.00010000"
1736092800000,"0.00010000"
1736121600000,"0.00010000"
1736150400001,"0.00010000"
1736179200000,"0.00010000"
1736208000000,"0.00010000"
1736236800000,"0.00010000"
1736265600008,"0.00010000"
1736294400001,"0.00010000"
1736323200000,"0.00010000"
1736352000000,"-0.00011261"
1736380800000,"0.00006356"
1736409600000,"-0.00020954"
1736438400000,"-0.00011655"
1736467200000,"-0.00014637"
1736496000000,"0.00006258"
1736524800000,"-0.00001154"
1736553600000,"0.00010000"
1736582400000,"0.00010000"
1736611200000,"0.00003999"
1736640000000,"0.00010000"
1736668800000,"-0.00005232"
1736697600000,"0.00002084"
1736726400000,"-0.00014009"
1736755200000,"0.00010000"
1736784000000,"0.00000240"
1736812800000,"-0.00019782"
1736841600000,"-0.00002750"
1736870400000,"-0.00004610"
1736899200000,"0.00010000"
1736928000000,"0.00010000"
1736956800000,"0.00010000"
1736985600000,"0.00010000"
1737014400000,"0.00010000"
1737043200000,"0.00010000"
1737072000004,"0.00010000"
1737100800000,"0.00010000"
1737129600008,"0.00010000"
1737158400000,"0.00010000"
1737187200007,"0.00010000"
1737216000000,"0.00010000"
1737244800000,"0.00010000"
1737273600000,"0.00010000"
1737302400000,"0.00010000"
1737331200000,"0.00010000"
1737360000009,"0.00010000"
1737388800000,"0.00010000"
1737417600000,"0.00010000"
1737446400000,"-0.00001002"
1737475200000,"0.00010000"
1737504000000,"0.00010000"
1737532800000,"0.00010000"
1737561600000,"0.00010000"
1737590400001,"0.00010000"
1737619200000,"0.00010000"
1737648000000,"0.00009297"
1737676800000,"0.00010000"
1737705600000,"0.00010000"
1737734400000,"0.00010000"
1737763200000,"0.00010000"
1737792000000,"0.00010000"
1737820800001,"0.00010000"
1737849600000,"0.00010000"
1737878400000,"0.00010000"
1737907200000,"0.00010000"
1737936000000,"0.00010000"
1737964800000,"-0.00026711"
1737993600000,"0.00010000"
1738022400000,"0.00010000"
1738051200000,"0.00010000"
1738080000000,"0.00010000"
1738108800000,"0.00010000"
1738137600000,"0.00010000"
1738166400000,"0.00010000"
1738195200000,"0.00010000"
1738224000000,"0.00010000"
1738252800000,"0.00010000"
1738281600000,"0.00010000"
1738310400000,"0.00010000"
1738339200000,"0.00010000"
1738368000000,"0.00010000"
1738396800000,"0.00010000"
1738425600000,"0.00010000"
1738454400001,"0.00010000"
1738483200000,"0.00010000"
1738512000000,"0.00009397"
1738540800000,"-0.00015468"
1738569600000,"-0.00038391"
1738598400000,"-0.00020846"
1738627200000,"0.00010000"
1738656000001,"0.00010000"
1738684800000,"-0.00026801"
1738713600001,"0.00009331"
1738742400001,"0.00006937"
1738771200000,"0.00003019"
1738800000001,"0.00008923"
1738828800001,"-0.00010064"
1738857600000,"-0.00013226"
1738886400000,"-0.00008397"
1738915200000,"0.00010000"
1738944000000,"-0.00007461"
1738972800000,"-0.00018227"
1739001600000,"0.00010000"
1739030400000,"0.00010000"
1739059200000,"0.00010000"
1739088000000,"0.00010000"
1739116800000,"0.00010000"
1739145600000,"0.00010000"
1739174400000,"-0.00003701"
1739203200000,"0.00010000"
1739232000000,"-0.00008943"
1739260800000,"0.00010000"
1739289600000,"0.00010000"
1739318400000,"-0.00008472"
1739347200000,"0.00010000"
1739376000001,"0.00010000"
1739404800001,"0.00010000"
1739433600000,"0.00010000"
1739462400001,"0.00003917"
1739491200000,"-0.00006242"
1739520000001,"0.00010000"
1739548800000,"0.00010000"
1739577600000,"0.00010000"
1739606400000,"0.00008809"
1739635200000,"0.00004368"
1739664000000,"0.00010000"
1739692800000,"0.00002911"
1739721600000,"0.00010000"
1739750400000,"-0.00001050"
1739779200000,"0.00010000"
1739808000000,"0.00010000"
1739836800000,"0.00009842"
1739865600000,"-0.00032340"
1739894400000,"-0.00024494"
1739923200000,"-0.00001233"
1739952000000,"0.00005526"
1739980800000,"-0.00012316"
1740009600000,"0.00007629"
1740038400000,"0.00002553"
1740067200000,"0.00010000"
1740096000001,"0.00008548"
1740124800000,"0.00010000"
1740153600000,"0.00010000"
1740182400000,"0.00010000"
1740211200000,"0.00010000"
1740240000000,"0.00010000"
1740268800000,"0.00010000"
1740297600000,"0.00010000"
1740326400000,"0.00010000"
1740355200000,"-0.00009140"
1740384000000,"-0.00022954"
1740412800000,"0.00006533"
1740441600000,"-0.00014197"
1740470400000,"-0.00010001"
1740499200000,"-0.00032453"
1740528000000,"-0.00015974"
1740556800000,"-0.00013039"
1740585600000,"0.00010000"
1740614400001,"-0.00006784"
1740643200000,"0.00000673"
1740672000000,"0.00001390"
1740700800001,"0.00004318"
1740729600000,"-0.00000871"
1740758400000,"0.00006346"
1740787200000,"0.00009584"
1740816000000,"0.00010000"
1740844800001,"0.00010000"
1740873600000,"0.00010000"
1740902400000,"0.00010000"
1740931200000,"0.00006716"
1740960000001,"0.00010000"
1740988800000,"-0.00000134"
1741017600000,"-0.00015217"
1741046400001,"-0.00024862"
1741075200005,"-0.00038955"
1741104000000,"-0.00020042"
1741132800000,"-0.00007630"
1741161600000,"0.00010000"
1741190400000,"0.00000088"
1741219200000,"0.00010000"
1741248000001,"0.00010000"
1741276800000,"0.00010000"
1741305600000,"0.00010000"
1741334400001,"0.00010000"
1741363200000,"0.00003611"
1741392000000,"0.00010000"
1741420800001,"-0.00006033"
1741449600001,"-0.00019171"
1741478400001,"0.00003904"
1741507200000,"-0.00018167"
1741536000000,"-0.00037989"
1741564800000,"-0.00023423"
1741593600000,"-0.00012825"
1741622400000,"-0.00023414"
1741651200000,"0.00006568"
1741680000000,"-0.00036344"
1741708800001,"0.00000678"
1741737600000,"0.00008011"
1741766400000,"0.00010000"
1741795200001,"0.00001371"
1741824000000,"0.00010000"
1741852800000,"-0.00018887"
1741881600000,"0.00010000"
1741910400000,"0.00010000"
1741939200000,"0.00010000"
1741968000000,"0.00010000"
1741996800000,"0.00010000"
1742025600000,"0.00003671"
1742054400000,"0.00005088"
1742083200000,"0.00006381"
1742112000000,"0.00009625"
1742140800000,"-0.00004497"
1742169600000,"0.00004528"
1742198400000,"0.00010000"
1742227200000,"0.00005986"
1742256000000,"0.00010000"
1742284800000,"-0.00010545"
1742313600000,"0.00003185"
1742342400000,"0.00010000"
1742371200000,"0.00010000"
1742400000000,"-0.00001176"
1742428800000,"0.00001014"
1742457600000,"-0.00004736"
1742486400000,"-0.00000108"
1742515200000,"0.00010000"
1742544000000,"0.00010000"
1742572800000,"0.00010000"
1742601600000,"0.00010000"
1742630400004,"0.00010000"
1742659200000,"0.00010000"
1742688000000,"0.00010000"
1742716800000,"0.00010000"
1742745600000,"0.00010000"
1742774400000,"0.00010000"
1742803200000,"-0.00001240"
1742832000000,"0.00010000"
1742860800001,"0.00010000"
1742889600000,"0.00004372"
1742918400000,"-0.00004847"
1742947200000,"0.00007863"
1742976000000,"0.00010000"
1743004800001,"0.00010000"
1743033600001,"0.00010000"
1743062400001,"0.00010000"
1743091200002,"0.00010000"
1743120000001,"0.00010000"
1743148800001,"0.00010000"
1743177600000,"0.00010000"
1743206400000,"0.00010000"
1743235200000,"-0.00003068"
1743264000000,"0.00008903"
1743292800000,"-0.00001834"
1743321600000,"0.00010000"
1743350400000,"0.00004323"
1743379200000,"-0.00005816"
1743408000000,"-0.00023245"
1743436800000,"0.00002479"
1743465600000,"0.00010000"
1743494400001,"0.00010000"
1743523200000,"0.00009500"
1743552000001,"0.00007141"
1743580800000,"-0.00019679"
1743609600000,"0.00009505"
1743638400000,"-0.00011342"
1743667200000,"0.00004554"
1743696000000,"-0.00000492"
1743724800000,"0.00010000"
1743753600000,"0.00010000"
1743782400000,"0.00000167"
1743811200000,"0.00010000"
1743840000000,"0.00010000"
1743868800000,"0.00010000"
1743897600000,"0.00010000"
1743926400000,"0.00009670"
1743955200002,"-0.00050648"
1743984000000,"-0.00005976"
1744012800000,"0.00010000"
1744041600000,"0.00005905"
1744070400000,"0.00010000"
1744099200000,"0.00005461"
1744128000000,"0.00010000"
1744156800000,"0.00010000"
1744185600001,"0.00010000"
1744214400000,"0.00009934"
1744243200000,"0.00010000"
1744272000000,"0.00010000"
1744300800000,"0.00010000"
1744329600001,"0.00010000"
1744358400000,"0.00006418"
1744387200000,"0.00010000"
1744416000000,"0.00010000"
1744444800001,"0.00010000"
1744473600000,"0.00005468"
1744502400000,"0.00005734"
1744531200000,"0.00010000"
1744560000000,"0.00007739"
1744588800000,"0.00010000"
1744617600000,"0.00010000"
1744646400000,"0.00010000"
1744675200000,"-0.00016426"
1744704000000,"0.00010000"
1744732800001,"0.00003900"
1744761600000,"0.00010000"
1744790400000,"-0.00025463"
1744819200000,"0.00004419"
1744848000001,"0.00004116"
1744876800000,"0.00004522"
1744905600001,"-0.00009617"
1744934400000,"0.00008910"
1744963200000,"-0.00014052"
1744992000000,"-0.00002973"
1745020800000,"-0.00003223"
1745049600000,"0.00007848"
1745078400000,"0.00010000"
1745107200000,"0.00007088"
1745136000000,"0.00010000"
1745164800000,"0.00010000"
1745193600000,"0.00010000"
1745222400005,"0.00010000"
1745251200003,"0.00010000"
1745280000008,"0.00010000"
1745308800000,"0.00010000"
1745337600000,"0.00010000"
1745366400000,"0.00010000"
1745395200002,"0.00010000"
1745424000000,"0.00010000"
1745452800000,"0.00010000"
1745481600001,"0.00010000"
1745510400001,"0.00010000"
1745539200007,"0.00010000"
1745568000002,"0.00010000"
1745596800003,"0.00010000"
1745625600002,"0.00010000"
1745654400000,"0.00010000"
1745683200002,"0.00010000"
1745712000001,"0.00010000"
1745740800000,"0.00010000"
1745769600000,"0.00010000"
1745798400001,"0.00010000"
1745827200003,"0.00010000"
1745856000005,"0.00010000"
1745884800000,"0.00010000"
1745913600000,"0.00010000"
1745942400010,"0.00010000"
1745971200001,"0.00010000"
1746000000000,"0.00010000"
1746028800003,"0.00010000"
1746057600000,"0.00010000"
1746086400000,"0.00010000"
1746115200001,"0.00010000"
1746144000000,"0.00010000"
1746172800000,"0.00010000"
1746201600003,"-0.00001155"
1746230400000,"0.00010000"
1746259200000,"-0.00000433"
1746288000000,"-0.00012714"
1746316800001,"-0.00009053"
1746345600001,"-0.00014088"
1746374400002,"0.00007695"
1746403200000,"-0.00012415"
1746432000000,"0.00010000"
1746460800006,"0.00010000"
1746489600002,"0.00002649"
1746518400005,"0.00008950"
1746547200000,"0.00008628"
1746576000002,"0.00007917"
1746604800000,"0.00010000"
1746633600006,"-0.00012156"
1746662400000,"0.00001445"
1746691200001,"0.00010000"
1746720000002,"0.00010000"
1746748800001,"0.00010000"
1746777600006,"0.00010000"
1746806400000,"0.00010000"
1746835200001,"0.00010000"
1746864000000,"0.00010000"
1746892800001,"0.00010000"
1746921600000,"0.00010000"
1746950400001,"0.00010000"
1746979200001,"0.00010000"
1747008000004,"0.00010000"
1747036800000,"0.00010000"
1747065600000,"0.00010000"
1747094400000,"0.00010000"
1747123200008,"0.00010000"
1747152000001,"0.00010000"
1747180800007,"0.00010000"
1747209600000,"0.00010000"
1747238400002,"0.00010000"
1747267200000,"0.00010000"
1747296000003,"0.00010000"
1747324800000,"0.00010000"
1747353600001,"0.00010000"
1747382400000,"0.00010000"
1747411200000,"0.00009585"
1747440000000,"0.00010000"
1747468800001,"-0.00000243"
1747497600004,"0.00010000"
1747526400000,"0.00010000"
1747555200000,"0.00003882"
1747584000000,"-0.00008553"
1747612800000,"0.00010000"
1747641600006,"-0.00007483"
1747670400010,"0.00004189"
1747699200000,"0.00010000"
1747728000002,"0.00010000"
1747756800000,"-0.00010010"
1747785600000,"0.00009743"
1747814400001,"0.00010000"
1747843200004,"0.00010000"
1747872000001,"0.00010000"
1747900800000,"0.00010000"
1747929600002,"0.00010000"
1747958400006,"0.00010000"
1747987200000,"0.00010000"
1748016000007,"0.00006159"
1748044800010,"-0.00002905"
1748073600000,"0.00002686"
1748102400003,"0.00008091"
1748131200004,"-0.00010544"
1748160000000,"0.00007461"
1748188800000,"-0.00013651"
1748217600000,"0.00007248"
1748246400000,"0.00010000"
1748275200002,"0.00002422"
1748304000003,"0.00002521"
1748332800001,"0.00010000"
1748361600005,"0.00007181"
1748390400002,"0.00010000"
1748419200003,"0.00010000"
1748448000002,"0.00010000"
1748476800000,"0.00010000"
1748505600006,"0.00010000"
1748534400000,"0.00010000"
1748563200003,"0.00000862"
1748592000003,"-0.00013497"
1748620800000,"-0.00012287"
1748649600000,"-0.00014188"
1748678400000,"0.00005826"
1748707200000,"0.00004907"
1748736000001,"-0.00018404"
1748764800002,"-0.00003858"
1748793600000,"0.00001062"
1748822400001,"0.00010000"
1748851200000,"0.00010000"
1748880000000,"0.00010000"
1748908800000,"0.00010000"
1748937600000,"0.00010000"
1748966400001,"0.00010000"
1748995200000,"0.00010000"
1749024000000,"0.00010000"
1749052800000,"0.00010000"
1749081600016,"0.00009847"
1749110400000,"0.00008985"
1749139200000,"-0.00015671"
1749168000002,"-0.00030944"
1749196800000,"0.00010000"
1749225600006,"0.00010000"
1749254400000,"0.00010000"
1749283200000,"0.00010000"
1749312000002,"0.00010000"
1749340800000,"0.00010000"
1749369600000,"0.00009217"
1749398400000,"0.00010000"
1749427200000,"0.00010000"
1749456000001,"0.00010000"
1749484800001,"0.00007520"
1749513600000,"0.00010000"
1749542400001,"0.00010000"
1749571200003,"0.00010000"
1749600000000,"0.00010000"
1749628800000,"0.00010000"
1749657600010,"0.00010000"
1749686400002,"0.00010000"
1749715200003,"0.00010000"
1749744000001,"0.00010000"
1749772800000,"-0.00002077"
1749801600001,"-0.00014779"
1749830400004,"-0.00006237"
1749859200000,"0.00010000"
1749888000000,"0.00006925"
1749916800000,"-0.00012668"
1749945600005,"0.00006245"
1749974400009,"-0.00005410"
1750003200000,"0.00010000"
1750032000000,"-0.00004817"
1750060800000,"0.00010000"
1750089600003,"0.00010000"
1750118400000,"0.00010000"
1750147200006,"0.00010000"
1750176000001,"0.00010000"
1750204800001,"-0.00008753"
1750233600001,"-0.00025033"
1750262400001,"0.00000495"
1750291200005,"0.00010000"
1750320000003,"0.00010000"
1750348800000,"-0.00010579"
1750377600000,"0.00010000"
1750406400002,"0.00010000"
1750435200001,"0.00010000"
1750464000002,"-0.00011004"
1750492800005,"0.00010000"
1750521600000,"0.00003092"
1750550400005,"-0.00018504"
1750579200000,"0.00010000"
1750608000003,"-0.00019847"
1750636800000,"0.00005362"
1750665600004,"-0.00007840"
1750694400013,"0.00007374"
1750723200003,"0.00010000"
1750752000000,"0.00010000"
1750780800000,"0.00010000"
1750809600005,"0.00010000"
1750838400000,"0.00010000"
1750867200005,"0.00010000"
1750896000000,"0.00010000"
1750924800006,"0.00010000"
1750953600007,"0.00010000"
1750982400000,"0.00010000"
1751011200000,"0.00010000"
1751040000009,"0.00010000"
1751068800001,"0.00010000"
1751097600002,"0.00001728"
1751126400000,"0.00010000"
1751155200004,"0.00010000"
1751184000001,"0.00010000"
1751212800001,"0.00002879"
1751241600000,"0.00010000"
1751270400005,"0.00010000"
1751299200002,"0.00002792"
1751328000007,"0.00010000"
1751356800002,"0.00010000"
1751385600000,"0.00008296"
1751414400001,"0.00010000"
1751443200000,"0.00010000"
1751472000003,"0.00008915"
1751500800006,"0.00010000"
1751529600003,"-0.00025511"
1751558400003,"0.00010000"
1751587200005,"0.00003203"
1751616000003,"-0.00008332"
1751644800001,"0.00010000"
1751673600004,"-0.00006865"
1751702400009,"0.00010000"
1751731200006,"0.00010000"
1751760000001,"0.00010000"
1751788800002,"0.00010000"
1751817600004,"0.00010000"
1751846400000,"0.00010000"
1751875200007,"0.00010000"
1751904000000,"0.00010000"
1751932800010,"0.00010000"
1751961600003,"0.00005116"
1751990400000,"0.00010000"
1752019200002,"0.00010000"
1752048000006,"0.00010000"
1752076800001,"0.00010000"
1752105600003,"0.00010000"
1752134400000,"0.00010000"
1752163200004,"0.00010000"
1752192000004,"0.00010000"
1752220800007,"0.00010000"
1752249600001,"0.00010000"
1752278400000,"0.00010000"
1752307200001,"0.00010000"
1752336000002,"0.00010000"
1752364800006,"0.00010000"
1752393600001,"0.00010000"
1752422400003,"0.00010000"
1752451200000,"0.00010000"
1752480000000,"0.00010000"
1752508800000,"0.00010000"
1752537600002,"0.00010000"
1752566400000,"0.00010000"
1752595200000,"0.00010000"
1752624000000,"0.00010000"
1752652800000,"0.00010000"
1752681600008,"0.00010000"
1752710400003,"0.00010000"
1752739200000,"0.00010000"
1752768000000,"0.00010000"
1752796800004,"0.00010000"
1752825600000,"0.00010000"
1752854400000,"0.00010000"
1752883200009,"0.00010000"
1752912000000,"0.00010000"
1752940800002,"0.00010000"
1752969600000,"0.00010000"
1752998400000,"0.00010000"
1753027200000,"0.00010000"
1753056000001,"0.00010000"
1753084800000,"0.00010000"
1753113600001,"0.00010000"
1753142400000,"0.00010000"
1753171200010,"0.00010000"
1753200000007,"0.00010000"
1753228800000,"0.00010000"
1753257600004,"0.00010000"
1753286400002,"0.00010000"
1753315200000,"0.00010000"
1753344000001,"0.00010000"
1753372800000,"0.00010000"
1753401600000,"0.00010000"
1753430400000,"0.00010000"
1753459200000,"0.00010000"
1753488000001,"0.00010000"
1753516800005,"0.00010000"
1753545600001,"0.00010000"
1753574400001,"0.00010000"
1753603200000,"0.00010000"
1753632000008,"0.00010000"
1753660800005,"0.00010000"
1753689600000,"0.00010000"
1753718400000,"0.00010000"
1753747200001,"-0.00002300"
1753776000000,"0.00010000"
1753804800000,"0.00010000"
1753833600011,"0.00010000"
1753862400000,"0.00010000"
1753891200008,"-0.00000120"
1753920000000,"0.00010000"
1753948800009,"0.00010000"
1753977600000,"0.00003885"
1754006400001,"-0.00008651"
1754035200003,"-0.00002654"
1754064000000,"0.00002823"
1754092800004,"0.00010000"
1754121600000,"0.00010000"
1754150400000,"0.00010000"
1754179200000,"0.00010000"
1754208000000,"0.00010000"
1754236800003,"0.00010000"
1754265600004,"-0.00006719"
1754294400000,"0.00010000"
1754323200002,"0.00010000"
1754352000000,"0.00010000"
1754380800000,"0.00010000"
1754409600000,"0.00010000"
1754438400005,"0.00010000"
1754467200000,"0.00003252"
1754496000000,"0.00010000"
1754524800003,"0.00010000"
1754553600002,"0.00010000"
1754582400002,"0.00010000"
1754611200002,"0.00010000"
1754640000004,"0.00010000"
1754668800000,"0.00010000"
1754697600005,"0.00010000"
1754726400000,"0.00010000"
1754755200007,"0.00010000"
1754784000003,"0.00010000"
1754812800005,"0.00010000"
1754841600002,"0.00010000"
1754870400000,"0.00010000"
1754899200000,"0.00010000"
1754928000000,"-0.00000830"
1754956800000,"0.00010000"
1754985600001,"0.00007384"
1755014400005,"0.00010000"
1755043200000,"0.00010000"
1755072000002,"0.00010000"
1755100800006,"0.00010000"
1755129600002,"0.00010000"
1755158400003,"0.00010000"
1755187200000,"0.00010000"
1755216000000,"0.00010000"
1755244800000,"0.00010000"
1755273600000,"0.00004829"
1755302400004,"0.00008034"
1755331200000,"0.00010000"
1755360000002,"0.00010000"
1755388800000,"0.00010000"
1755417600001,"0.00010000"
1755446400007,"0.00010000"
1755475200000,"0.00010000"
1755504000001,"-0.00015882"
1755532800002,"0.00010000"
1755561600000,"0.00010000"
1755590400001,"0.00008833"
1755619200000,"0.00010000"
1755648000000,"-0.00007188"
1755676800000,"0.00010000"
1755705600000,"0.00010000"
1755734400006,"0.00010000"
1755763200000,"0.00010000"
1755792000003,"0.00005940"
1755820800010,"0.00005966"
1755849600007,"-0.00010434"
1755878400001,"0.00009831"
1755907200004,"0.00010000"
1755936000006,"0.00010000"
1755964800000,"0.00010000"
1755993600001,"0.00010000"
1756022400002,"0.00010000"
1756051200001,"0.00010000"
1756080000000,"0.00010000"
1756108800002,"0.00010000"
1756137600002,"0.00010000"
1756166400000,"0.00001638"
1756195200000,"0.00010000"
1756224000000,"0.00010000"
1756252800003,"0.00010000"
1756281600000,"0.00010000"
1756310400009,"0.00010000"
1756339200000,"0.00010000"
1756368000005,"0.00010000"
1756396800004,"0.00010000"
1756425600000,"0.00010000"
1756454400000,"0.00010000"
1756483200005,"0.00010000"
1756512000000,"0.00010000"
1756540800002,"0.00010000"
1756569600003,"0.00010000"
1756598400016,"0.00010000"
1756627200000,"0.00010000"
1756656000001,"0.00010000"
1756684800000,"0.00007612"
1756713600000,"-0.00004211"
1756742400001,"-0.00008321"
1756771200000,"0.00004144"
1756800000005,"0.00010000"
1756828800007,"0.00010000"
1756857600006,"0.00010000"
1756886400002,"0.00010000"
1756915200002,"0.00010000"
1756944000002,"0.00010000"
1756972800000,"0.00010000"
1757001600000,"0.00010000"
1757030400001,"0.00010000"
1757059200006,"0.00010000"
1757088000000,"0.00010000"
1757116800000,"0.00010000"
1757145600005,"0.00010000"
1757174400000,"0.00010000"
1757203200000,"0.00010000"
1757232000000,"0.00010000"
1757260800000,"0.00010000"
1757289600007,"0.00010000"
1757318400000,"0.00010000"
1757347200000,"0.00010000"
1757376000000,"0.00010000"
1757404800000,"0.00010000"
1757433600000,"0.00010000"
1757462400000,"0.00010000"
1757491200002,"0.00010000"
1757520000000,"0.00010000"
1757548800000,"0.00010000"
1757577600000,"0.00010000"
1757606400001,"0.00010000"
1757635200002,"0.00010000"
1757664000001,"0.00010000"
1757692800005,"0.00010000"
1757721600005,"0.00010000"
1757750400002,"0.00010000"
1757779200000,"0.00010000"
1757808000006,"0.00010000"
1757836800000,"0.00010000"
1757865600001,"0.00010000"
1757894400006,"0.00010000"
1757923200002,"0.00010000"
1757952000001,"0.00000046"
1757980800001,"0.00010000"
1758009600000,"0.00010000"
1758038400000,"0.00010000"
1758067200001,"0.00010000"
1758096000000,"0.00010000"
1758124800003,"0.00002685"
1758153600006,"0.00010000"
1758182400002,"0.00010000"
1758211200000,"0.00010000"
1758240000000,"0.00010000"
1758268800005,"0.00010000"
1758297600000,"0.00010000"
1758326400000,"0.00010000"
1758355200000,"0.00010000"
1758384000002,"0.00010000"
1758412800000,"0.00010000"
1758441600000,"0.00010000"
1758470400000,"0.00010000"
1758499200005,"0.00010000"
1758528000003,"0.00001482"
1758556800000,"-0.00021843"
1758585600000,"0.00010000"
1758614400001,"0.00010000"
1758643200000,"-0.00000849"
1758672000003,"0.00010000"
1758700800001,"0.00010000"
1758729600002,"0.00010000"
1758758400000,"0.00010000"
1758787200001,"-0.00021879"
1758816000000,"0.00010000"
1758844800000,"0.00010000"
1758873600000,"0.00010000"
1758902400008,"-0.00006506"
1758931200000,"0.00004565"
1758960000010,"0.00010000"
1758988800003,"0.00010000"
1759017600000,"0.00010000"
1759046400000,"0.00010000"
1759075200000,"0.00010000"
1759104000000,"0.00010000"
1759132800002,"0.00010000"
1759161600001,"0.00010000"
1759190400002,"0.00010000"
1759219200005,"0.00010000"
1759248000000,"0.00003568"
1759276800000,"0.00010000"
1759305600000,"0.00010000"
1759334400000,"0.00010000"
1759363200000,"0.00010000"
1759392000013,"0.00010000"
1759420800000,"0.00010000"
1759449600006,"0.00010000"
1759478400006,"0.00010000"
1759507200000,"0.00010000"
1759536000001,"0.00010000"
1759564800000,"0.00010000"
1759593600000,"0.00010000"
1759622400000,"0.00010000"
1759651200003,"0.00010000"
1759680000009,"0.00010000"
1759708800004,"0.00010000"
1759737600002,"0.00010000"
1759766400004,"0.00010000"
1759795200000,"0.00010000"
1759824000003,"0.00010000"
1759852800000,"0.00010000"
1759881600000,"0.00010000"
1759910400006,"0.00010000"
1759939200002,"0.00010000"
1759968000001,"0.00010000"
1759996800000,"0.00010000"
1760025600000,"0.00010000"
1760054400005,"0.00010000"
1760083200002,"0.00010000"
1760112000014,"0.00010000"
1760140800000,"0.00010000"
1760169600003,"0.00010000"
1760198400000,"0.00010000"
1760227200004,"0.00010000"
1760256000002,"0.00008615"
1760284800000,"0.00009510"
1760313600003,"0.00010000"
1760342400002,"0.00010000"
1760371200003,"0.00002189"
1760400000000,"0.00010000"
1760428800000,"0.00010000"
1760457600000,"0.00010000"
1760486400006,"-0.00001638"
1760515200002,"0.00008821"
1760544000000,"0.00001330"
1760572800000,"0.00010000"
1760601600003,"-0.00000619"
1760630400002,"0.00010000"
1760659200001,"0.00010000"
1760688000005,"-0.00007056"
1760716800003,"0.00010000"
1760745600000,"0.00010000"
1760774400002,"0.00010000"
1760803200001,"0.00010000"
1760832000001,"0.00010000"
1760860800001,"0.00010000"
1760889600001,"0.00010000"
1760918400004,"-0.00004123"
1760947200001,"0.00010000"
1760976000000,"0.00010000"
1761004800009,"0.00010000"
1761033600000,"0.00008813"
1761062400000,"0.00010000"
1761091200004,"0.00010000"
1761120000000,"0.00010000"
1761148800000,"0.00010000"
1761177600000,"0.00010000"
1761206400001,"0.00010000"
1761235200004,"0.00010000"
1761264000000,"0.00010000"
1761292800000,"0.00010000"
1761321600009,"0.00010000"
1761350400000,"0.00010000"
1761379200001,"0.00010000"
1761408000001,"0.00010000"
1761436800001,"0.00008784"
1761465600001,"0.00010000"
1761494400000,"0.00010000"
1761523200000,"0.00010000"
1761552000005,"0.00010000"
1761580800000,"0.00010000"
1761609600000,"0.00010000"
1761638400000,"0.00010000"
1761667200004,"0.00010000"
1761696000004,"-0.00003701"
1761724800005,"0.00006053"
1761753600000,"0.00005649"
1761782400004,"0.00010000"
1761811200008,"0.00009015"
1761840000001,"-0.00008746"
1761868800000,"0.00010000"
1761897600008,"-0.00011715"
1761926400007,"0.00010000"
1761955200001,"0.00010000"
1761984000000,"0.00010000"
1762012800000,"0.00010000"
1762041600007,"0.00010000"
1762070400000,"0.00010000"
1762099200001,"0.00010000"
1762128000000,"0.00010000"
1762156800010,"0.00010000"
1762185600000,"0.00000816"
1762214400002,"0.00001435"
1762243200004,"0.00004913"
1762272000000,"0.00010000"
1762300800000,"0.00010000"
1762329600000,"0.00010000"
1762358400004,"0.00010000"
1762387200001,"0.00010000"
1762416000000,"0.00010000"
1762444800001,"0.00010000"
1762473600005,"0.00010000"
1762502400003,"0.00010000"
1762531200005,"0.00010000"
1762560000011,"0.00010000"
1762588800015,"0.00010000"
1762617600001,"0.00010000"
1762646400004,"0.00010000"
1762675200000,"0.00010000"
1762704000005,"0.00010000"
1762732800000,"0.00010000"
1762761600000,"0.00010000"
1762790400003,"0.00010000"
1762819200007,"0.00010000"
1762848000000,"0.00007899"
1762876800009,"0.00010000"
1762905600000,"0.00010000"
1762934400002,"-0.00002954"
1762963200000,"0.00010000"
1762992000002,"-0.00011123"
1763020800000,"0.00002090"
1763049600001,"0.00010000"
1763078400000,"-0.00000598"
1763107200000,"0.00010000"
1763136000001,"0.00010000"
1763164800005,"0.00010000"
1763193600000,"0.00010000"
1763222400001,"0.00004618"
1763251200001,"0.00010000"
1763280000000,"0.00010000"
1763308800000,"0.00003492"
1763337600003,"0.00010000"
1763366400003,"0.00010000"
1763395200000,"0.00002161"
1763424000002,"0.00007023"
1763452800004,"0.00010000"
1763481600000,"0.00010000"
1763510400000,"0.00010000"
1763539200000,"0.00007960"
1763568000008,"0.00010000"
1763596800000,"0.00009811"
1763625600000,"0.00010000"
1763654400000,"0.00010000"
1763683200001,"0.00010000"
1763712000000,"0.00010000"
1763740800001,"0.00010000"
1763769600004,"0.00010000"
1763798400000,"0.00010000"
1763827200000,"0.00010000"
1763856000000,"0.00010000"
1763884800008,"0.00010000"
1763913600003,"0.00010000"
1763942400004,"0.00010000"
1763971200000,"0.00010000"
1764000000006,"0.00010000"
1764028800000,"0.00010000"
1764057600009,"0.00010000"
1764086400007,"0.00010000"
1764115200001,"0.00010000"
1764144000001,"0.00004584"
1764172800000,"0.00000309"
1764201600013,"0.00010000"
1764230400000,"0.00010000"
1764259200004,"0.00010000"
1764288000008,"0.00010000"
1764316800000,"0.00003959"
1764345600008,"0.00010000"
1764374400000,"-0.00000603"
1764403200005,"0.00008497"
1764432000001,"0.00010000"
1764460800003,"0.00003941"
1764489600000,"0.00010000"
1764518400004,"0.00010000"
1764547200000,"0.00009785"
1764576000004,"0.00002069"
1764604800000,"0.00010000"
1764633600004,"0.00010000"
1764662400000,"0.00010000"
1764691200000,"0.00010000"
1764720000000,"0.00010000"
1764748800000,"0.00003784"
1764777600005,"0.00010000"
1764806400012,"0.00010000"
1764835200000,"0.00010000"
1764864000011,"0.00010000"
1764892800000,"0.00010000"
1764921600000,"0.00010000"
1764950400010,"-0.00022798"
1764979200001,"-0.00004651"
1765008000001,"0.00010000"
1765036800008,"0.00010000"
1765065600000,"0.00010000"
1765094400004,"0.00010000"
1765123200000,"0.00000328"
1765152000000,"-0.00008709"
1765180800000,"0.00010000"
1765209600001,"0.00010000"
1765238400001,"0.00010000"
1765267200001,"0.00010000"
1765296000007,"0.00000086"
1765324800007,"0.00010000"
1765353600002,"0.00010000"
1765382400012,"0.00010000"
1765411200001,"0.00010000"
1765440000000,"0.00007023"
1765468800000,"0.00008787"
1765497600005,"0.00003158"
1765526400007,"0.00010000"
1765555200002,"-0.00003539"
1765584000001,"0.00006843"
1765612800006,"0.00010000"
1765641600000,"0.00010000"
1765670400000,"0.00010000"
1765699200003,"0.00010000"
1765728000005,"0.00010000"
1765756800000,"-0.00027840"
1765785600000,"0.00010000"
1765814400000,"0.00010000"
1765843200002,"0.00008096"
1765872000000,"-0.00002023"
1765900800002,"0.00010000"
1765929600004,"0.00010000"
1765958400000,"0.00010000"
1765987200000,"0.00010000"
1766016000005,"0.00010000"
1766044800007,"-0.00019381"
1766073600001,"0.00005355"
1766102400000,"-0.00023725"
1766131200001,"-0.00012992"
1766160000000,"-0.00001383"
1766188800005,"-0.00004588"
1766217600000,"0.00010000"
1766246400002,"0.00002551"
1766275200000,"-0.00017033"
1766304000009,"0.00010000"
1766332800000,"-0.00024912"
1766361600000,"0.00002812"
1766390400005,"-0.00007605"
1766419200009,"0.00010000"
1766448000000,"0.00010000"
1766476800000,"0.00000439"
1766505600001,"0.00010000"
1766534400001,"0.00010000"
1766563200001,"0.00010000"
1766592000000,"0.00010000"
1766620800000,"0.00010000"
1766649600001,"0.00010000"
1766678400005,"0.00010000"
1766707200004,"0.00010000"
1766736000001,"0.00007868"
1766764800007,"0.00010000"
1766793600000,"0.00010000"
1766822400000,"0.00005416"
1766851200011,"0.00010000"
1766880000008,"0.00010000"
1766908800000,"0.00002810"
1766937600000,"-0.00008592"
1766966400016,"0.00010000"
1766995200001,"0.00010000"
1767024000000,"0.00010000"
1767052800005,"0.00010000"
1767081600001,"0.00010000"
1767110400003,"0.00010000"
1767139200004,"0.00010000"
1767168000001,"0.00000641"
1767196800001,"0.00010000"
1767225600008,"0.00010000"
1767254400002,"0.00010000"
1767283200001,"-0.00003467"
1767312000006,"0.00010000"
1767340800007,"0.00010000"
1767369600000,"0.00003173"
1767398400001,"0.00010000"
1767427200000,"-0.00004203"
1767456000000,"0.00010000"
1767484800000,"0.00000277"
1767513600000,"0.00010000"
1767542400001,"0.00010000"
1767571200000,"0.00010000"
1767600000000,"0.00010000"
1767628800000,"0.00010000"
1767657600010,"0.00010000"
1767686400000,"0.00010000"
1767715200000,"0.00010000"
1767744000001,"0.00010000"
1767772800001,"-0.00021932"
1767801600001,"-0.00030596"
1767830400001,"0.00010000"
1767859200000,"-0.00009304"
1767888000000,"0.00010000"
1767916800003,"0.00010000"
1767945600000,"0.00010000"
1767974400001,"0.00010000"
1768003200000,"0.00010000"
1768032000002,"0.00010000"
1768060800001,"0.00010000"
1768089600003,"0.00010000"
1768118400006,"0.00010000"
1768147200000,"0.00010000"
1768176000005,"0.00010000"
1768204800000,"-0.00487515"
1768233600000,"-0.00181077"
1768262400007,"-0.00254163"
1768291200009,"-0.00030444"
1768320000002,"0.00007996"
1768348800000,"0.00010000"
1768377600001,"0.00010000"
1768406400004,"0.00010000"
1768435200000,"0.00010000"
1768464000004,"0.00010000"
1768492800002,"0.00010000"
1768521600000,"0.00010000"
1768550400000,"0.00010000"
1768579200001,"0.00010000"
1768608000000,"0.00010000"
1768636800000,"0.00010000"
1768665600002,"0.00010000"
1768694400001,"0.00010000"
1768723200000,"0.00010000"
1768752000000,"0.00010000"
1768780800007,"0.00010000"
1768809600007,"0.00010000"
1768838400007,"0.00010000"
1768867200005,"0.00010000"
1768896000001,"0.00010000"
1768924800009,"0.00010000"
1768953600001,"0.00010000"
1768982400011,"0.00010000"
1769011200011,"0.00010000"
1769040000010,"0.00010000"
1769068800003,"0.00010000"
1769097600005,"0.00010000"
1769126400005,"0.00010000"
1769155200000,"0.00010000"
1769184000011,"0.00010000"
1769212800011,"0.00010000"
1769241600002,"0.00010000"
1769270400001,"0.00010000"
1769299200002,"0.00010000"
1769328000011,"0.00010000"
1769356800005,"0.00010000"
1769385600000,"0.00010000"
1769414400003,"-0.00003275"
1769443200000,"0.00010000"
1769472000002,"0.00010000"
1769500800000,"0.00010000"
1769529600000,"0.00010000"
1769558400000,"0.00010000"
1769587200000,"0.00010000"
1769616000000,"0.00010000"
1769644800000,"0.00010000"
1769673600009,"0.00010000"
1769702400000,"0.00010000"
1769731200008,"0.00010000"
1769760000000,"0.00010000"
1769788800001,"0.00010000"
1769817600000,"0.00010000"
1769846400001,"0.00007345"
1769875200009,"0.00008396"
1769904000001,"0.00010000"
1769932800004,"0.00004023"
1769961600000,"-0.00010861"
1769990400000,"0.00010000"
1770019200014,"-0.00019583"
1770048000000,"-0.02000000"
1770051600000,"-0.00254322"
1770055200000,"-0.00265649"
1770058800006,"-0.00371664"
1770062400000,"-0.00286688"
1770066000006,"-0.00403374"
1770069600000,"-0.00310045"
1770073200006,"-0.00319802"
1770076800000,"-0.00310893"
1770080400006,"-0.00299808"
1770084000000,"-0.00263880"
1770087600017,"-0.00448100"
1770091200001,"-0.00763920"
1770094800000,"-0.00579761"
1770098400000,"-0.00455767"
1770102000007,"-0.00623196"
1770105600007,"-0.00470496"
1770109200000,"-0.00477087"
1770112800000,"-0.00568639"
1770116400000,"-0.01068547"
1770120000006,"-0.00544208"
1770123600010,"-0.00465640"
1770127200002,"-0.00294475"
1770130800004,"-0.00364103"
1770134400000,"-0.00185179"
1770138000003,"-0.00454498"
1770141600006,"-0.00202459"
1770145200001,"-0.00265196"
1770148800009,"-0.00216533"
1770152400000,"-0.00126956"
1770156000000,"-0.00139028"
1770159600000,"-0.00137957"
1770163200002,"-0.00203768"
1770166800000,"-0.00247994"
1770170400000,"-0.00303596"
1770174000004,"-0.00701264"
1770177600004,"-0.00576577"
1770181200008,"-0.00430129"
1770184800000,"-0.00405489"
1770188400000,"-0.00399231"
1770192000007,"-0.00302038"
1770195600001,"-0.00289171"
1770199200000,"-0.00318037"
1770202800000,"-0.00322192"
1770206400010,"-0.00481437"
1770210000003,"-0.00433089"
1770213600011,"-0.00288923"
1770217200006,"-0.00270868"
1770220800000,"-0.00315370"
1770224400000,"-0.00329779"
1770228000000,"-0.00174237"
1770231600010,"-0.00120081"
1770235200001,"-0.00096568"
1770238800007,"-0.00106993"
1770242400008,"-0.00099857"
1770246000000,"-0.00123548"
1770249600011,"-0.00144099"
1770253200000,"-0.00246977"
1770256800001,"-0.00344304"
1770260400001,"-0.00210935"
1770264000001,"-0.00121513"
1770267600007,"-0.00119063"
1770271200003,"-0.00103659"
1770274800000,"-0.00101736"
1770278400000,"-0.00154634"
1770282000007,"-0.00138586"
1770285600011,"-0.00102264"
1770289200000,"-0.00063057"
1770292800006,"-0.00059353"
1770296400000,"-0.00046292"
1770300000003,"-0.00042370"
1770303600004,"-0.00038453"
1770307200007,"-0.00059233"
1770310800004,"-0.00049216"
1770314400000,"-0.00034291"
1770318000007,"-0.00048370"
1770321600000,"-0.00027860"
1770325200012,"-0.00032481"
1770328800006,"-0.00038253"
1770332400000,"-0.00037322"
1770336000000,"-0.00052048"
1770339600000,"-0.00037719"
1770343200000,"-0.00041099"
1770346800003,"-0.00023911"
1770350400001,"-0.00022899"
1770354000002,"-0.00018401"
1770357600006,"-0.00021191"
1770361200000,"-0.00022250"
1770364800001,"-0.00015278"
1770368400000,"-0.00019861"
1770372000000,"-0.00021697"
1770375600004,"-0.00022699"
1770379200003,"-0.00013149"
1770382800008,"-0.00008872"
1770386400000,"-0.00013595"
1770390000000,"-0.00042253"
1770393600000,"-0.00018467"
1770397200003,"-0.00010464"
1770400800000,"-0.00020310"
1770404400002,"-0.00019458"
1770408000005,"-0.00008555"
1770411600000,"-0.00015085"
1770415200007,"-0.00024066"
1770418800015,"-0.00032140"
1770422400003,"-0.00026543"
1770426000005,"-0.00021598"
1770429600000,"-0.00007088"
1770433200000,"-0.00005728"
1770436800024,"-0.00011667"
1770440400000,"-0.00002817"
1770444000000,"-0.00008183"
1770447600000,"-0.00042192"
1770451200000,"-0.00034258"
1770454800007,"-0.00024459"
1770458400004,"-0.00011729"
1770462000000,"-0.00013794"
1770465600007,"-0.00012162"
1770469200000,"-0.00017949"
1770472800000,"-0.00031679"
1770476400000,"-0.00015037"
1770480000010,"-0.00020708"
1770483600000,"-0.00024964"
1770487200000,"-0.00017472"
1770490800000,"-0.00016522"
1770494400000,"-0.00016397"
1770498000000,"-0.00018348"
1770501600001,"-0.00019735"
1770505200010,"-0.00033335"
1770508800003,"-0.00029450"
1770512400002,"-0.00038946"
1770516000012,"-0.00039785"
1770519600007,"-0.00045251"
1770523200002,"-0.00044057"
1770526800005,"-0.00039329"
1770530400000,"-0.00037586"
1770534000001,"-0.00044815"
1770537600000,"-0.00096603"
1770541200007,"-0.00122876"
1770544800000,"-0.00323780"
1770548400000,"-0.00233801"
1770552000005,"-0.00062849"
1770555600002,"-0.00123862"
1770559200000,"-0.00123632"
1770562800001,"-0.00103301"
1770566400000,"-0.00090037"
1770570000001,"-0.00093710"
1770573600000,"-0.00068806"
1770577200002,"-0.00063764"
1770580800000,"-0.00050728"
1770584400007,"-0.00061258"
1770588000000,"-0.00062942"
1770591600007,"-0.00045437"
1770595200002,"-0.00040487"
1770598800000,"-0.00209528"
1770602400015,"-0.00180135"
1770606000000,"-0.00170496"
1770609600012,"-0.00193594"
1770613200000,"-0.00228354"
1770616800006,"-0.00202302"
1770620400004,"-0.00186771"
1770624000001,"-0.00191362"
1770627600000,"-0.00183384"
1770631200000,"-0.00157019"
1770634800001,"-0.00146704"
1770638400003,"-0.00119428"
1770642000003,"-0.00112879"
1770645600003,"-0.00119686"
1770649200000,"-0.00074630"
1770652800007,"-0.00072875"
1770656400001,"-0.00081301"
1770660000000,"-0.00060062"
1770663600001,"-0.00058840"
1770667200006,"-0.00037908"
1770670800005,"-0.00045586"
1770674400005,"-0.00056511"
1770678000007,"-0.00072405"
1770681600000,"-0.00071760"
1770685200004,"-0.00104210"
1770688800013,"-0.00056456"
1770692400010,"-0.00060442"
1770696000000,"-0.00067595"
1770699600000,"-0.00060183"
1770703200002,"-0.00060069"
1770706800007,"-0.00056929"
1770710400007,"-0.00064507"
1770714000000,"-0.00055324"
1770717600007,"-0.00068916"
1770721200007,"-0.00056251"
1770724800000,"-0.00087629"
1770728400008,"-0.00090535"
1770732000000,"-0.00063972"
1770735600004,"-0.00064227"
1770739200000,"-0.00051703"
1770742800000,"-0.00047890"
1770746400000,"-0.00052907"
1770750000003,"-0.00042912"
1770753600007,"-0.00034839"
1770757200004,"-0.00026436"
1770760800007,"-0.00056770"
1770764400000,"-0.00034075"
1770768000000,"-0.00037672"
1770771600011,"-0.00025955"
1770775200007,"-0.00018249"
1770778800000,"-0.00033143"
1770782400000,"-0.00017983"
1770786000012,"-0.00022171"
1770789600009,"-0.00016440"
1770793200017,"-0.00022412"
1770796800006,"-0.00031911"
1770800400000,"-0.00016259"
1770804000002,"-0.00016134"
1770807600000,"-0.00019135"
1770811200000,"-0.00011384"
1770814800001,"-0.00022375"
1770818400003,"-0.00011658"
1770822000005,"-0.00014376"
1770825600000,"-0.00015121"
1770829200000,"-0.00013973"
1770832800000,"-0.00020960"
1770836400000,"-0.00022946"
1770840000003,"-0.00016619"
1770843600000,"-0.00013638"
1770847200003,"-0.00017643"
1770850800000,"-0.00024223"
1770854400000,"-0.00019723"
1770868800000,"-0.00066862"
1770883200001,"-0.00055107"
1770897600002,"-0.00044108"
1770912000001,"-0.00119621"
1770926400006,"-0.00031433"
1770940800007,"-0.00000837"
1770955200000,"-0.00031528"
1770969600003,"-0.00025607"
1770984000000,"-0.00001823"
1770998400005,"-0.00038179"
1771012800006,"-0.00061963"
1771027200002,"-0.00057710"
1771041600007,"-0.00032590"
1771056000004,"-0.00053369"
1771070400000,"-0.00066926"
1771084800002,"-0.00089109"
1771099200000,"-0.00136263"
1771113600000,"-0.00062909"
1771128000000,"-0.00077489"
1771142400002,"-0.00026125"
1771156800005,"-0.00047692"
1771171200000,"-0.00074090"
1771185600009,"-0.00048194"
1771200000001,"-0.00030309"
1771214400004,"-0.00042336"
1771228800003,"-0.00043442"
1771243200000,"-0.00010544"
1771257600000,"-0.00016699"
1771272000009,"-0.00013805"
1771286400008,"-0.00010643"
1771300800003,"-0.00027281"
1771315200001,"-0.00030744"
1771329600000,"-0.00027686"
1771344000002,"-0.00026072"
1771358400002,"-0.00012448"
1771372800000,"-0.00034048"
1771387200000,"-0.00035373"
1771401600000,"-0.00033228"
1771416000007,"-0.00050455"
1771430400011,"-0.00036792"
1771444800004,"-0.00057489"
1771459200013,"-0.00084606"
1771473600003,"-0.00102621"
1771488000000,"-0.00080041"
1771502400011,"-0.00092405"
1771516800003,"-0.00058075"
1771531200000,"-0.00037216"
1771545600000,"-0.00089413"
1771560000003,"-0.00074358"
1771574400000,"-0.00053238"
1771588800000,"-0.00047272"
1771603200000,"-0.00046317"
1771617600000,"-0.00016464"
1771632000004,"-0.00012473"
1771646400000,"-0.00158871"
1771660800000,"-0.00020743"
1771675200013,"-0.00022822"
1771689600005,"-0.00148522"
1771704000000,"-0.00257293"
1771718400001,"-0.00106059"
1771732800008,"-0.00094020"
1771747200004,"-0.00108866"
1771761600008,"-0.00070144"
1771776000000,"-0.00142720"
1771790400000,"-0.00070112"
1771804800001,"-0.00080555"
1771819200000,"-0.00119789"
1771833600000,"-0.00214605"
1771848000003,"-0.00030878"
1771862400000,"-0.00087165"
1771876800000,"-0.00069255"
1771891200007,"-0.00032610"
1771905600000,"-0.00032479"
1771920000000,"-0.00026443"
1771934400000,"-0.00011913"
1771948800001,"-0.00015537"
1771963200002,"-0.00045385"
1771977600001,"-0.00043068"
1771992000000,"-0.00049974"
1772006400007,"-0.00028898"
1772020800000,"0.00005000"
1772035200000,"0.00005000"
1772049600006,"0.00005000"
1772064000000,"0.00005000"
1772078400000,"0.00005000"
1772092800006,"0.00005000"
1772107200004,"-0.00031548"
1772121600002,"-0.00016836"
1772136000001,"-0.00021225"
1772150400007,"-0.00004270"
1772164800000,"-0.00011921"
1772179200000,"0.00005000"
1772193600000,"0.00005000"
1772208000001,"-0.00018491"
1772222400007,"0.00005000"
1772236800000,"0.00002238"
1772251200002,"-0.00005840"
1772265600000,"-0.00063823"
1772280000001,"-0.00058572"
1772294400004,"-0.00020358"
1772308800000,"-0.00012534"
1772323200005,"0.00005000"
1772337600000,"0.00005000"
1772352000000,"0.00005000"
1772366400000,"0.00005000"
1772380800002,"0.00005000"
1772395200001,"-0.00005714"
1772409600001,"-0.00003507"
1772424000001,"-0.00031783"
1772438400007,"0.00000138"
1772452800002,"-0.00009436"
1772467200000,"0.00005000"
1772481600000,"-0.00001231"
1772496000000,"0.00005000"
1772510400009,"0.00005000"
1772524800000,"0.00005000"
1772539200017,"-0.00008944"
1772553600007,"0.00004320"
1772568000000,"0.00005000"
1772582400001,"-0.00007794"
1772596800000,"-0.00019937"
1772611200005,"-0.00031341"
1772625600008,"-0.00009182"
1772640000000,"0.00005000"
1772654400000,"0.00005000"
1772668800000,"0.00005000"
1772683200000,"0.00005000"
1772697600000,"0.00005000"
1772712000000,"0.00005000"
1772726400004,"0.00005000"
1772740800000,"0.00005000"
1772755200001,"-0.00007730"
1772769600003,"-0.00022935"
1772784000001,"0.00005000"
1772798400005,"0.00005000"
1772812800004,"-0.00011220"
1772827200010,"-0.00027210"
1772841600001,"-0.00016790"
1772856000006,"-0.00002193"
1772870400012,"-0.00029190"
1772884800000,"-0.00006237"
1772899200001,"-0.00011937"
1772913600000,"0.00005000"
1772928000001,"-0.00024825"
1772942400010,"-0.00028107"
1772956800000,"-0.00041070"
1772971200002,"-0.00026782"
1772985600002,"-0.00006965"
1773000000000,"-0.00008856"
1773014400000,"-0.00021813"
1773028800006,"-0.00001354"
1773043200004,"0.00005000"
1773057600001,"0.00005000"
1773072000003,"0.00005000"
1773086400000,"-0.00001646"
1773100800012,"-0.00031072"
1773115200000,"-0.00006346"
1773129600002,"0.00005000"
1773144000004,"0.00005000"
1773158400001,"0.00004521"
1773172800004,"-0.00007086"
1773187200000,"0.00000203"
1773201600000,"0.00005000"
1773216000007,"0.00005000"
1773230400003,"0.00005000"
1773244800010,"0.00003017"
1773259200004,"0.00005000"
1773273600000,"0.00005000"
1773288000001,"-0.00003688"
1773302400000,"-0.00004488"
1773316800006,"0.00004877"
1773331200000,"-0.00000543"
1773345600006,"0.00005000"
1773360000006,"0.00005000"
1773374400005,"0.00005000"
1773388800001,"0.00005000"
1773403200003,"0.00005000"
1773417600000,"0.00005000"
1773432000000,"0.00001998"
1773446400001,"-0.00029041"
1773460800002,"-0.00025658"
1773475200000,"-0.00019070"
1773489600000,"-0.00006349"
1773504000007,"-0.00013430"
1773518400000,"-0.00031114"
1773532800000,"-0.00018454"
1773547200000,"-0.00010677"
1773561600000,"-0.00009381"
1773576000002,"0.00005000"
1773590400000,"0.00005000"
1773604800000,"0.00005000"
1773619200000,"0.00005000"
1773633600006,"0.00005000"
1773648000010,"0.00005000"
1773662400002,"0.00005000"
1773676800000,"0.00005000"
1773691200001,"-0.00004295"
1773705600000,"0.00005000"
1773720000008,"0.00005000"
1773734400002,"0.00005000"
1773748800012,"0.00005000"
1773763200011,"0.00005000"
1773777600000,"0.00005000"
1773792000002,"0.00005000"
1773806400000,"-0.00052657"
1773820800002,"-0.00122736"
1773835200001,"-0.00057586"
1773849600005,"-0.00014461"
1773864000008,"0.00005000"
1773878400000,"0.00005000"
1773892800000,"-0.00016434"
1773907200003,"-0.00003304"
1773921600002,"-0.00015459"
1773936000003,"-0.00005470"
1773950400000,"-0.00018581"
1773964800002,"-0.00001024"
1773979200008,"-0.00014312"
1773993600000,"-0.00006517"
1774008000000,"-0.00002339"
1774022400000,"-0.00002819"
1774036800007,"-0.00037832"
1774051200000,"0.00005000"
1774065600002,"-0.00071471"
1774080000000,"-0.00020089"
1774094400003,"-0.00060028"
1774108800014,"-0.00017940"
1774123200000,"-0.00027965"
1774137600012,"-0.00035721"
1774152000003,"0.00005000"
1774166400007,"-0.00014212"
1774180800000,"-0.00044969"
1774195200002,"-0.00028671"
1774209600000,"-0.00059224"
1774224000000,"-0.00021667"
1774238400000,"-0.00034512"
1774252800003,"-0.00020328"
1774267200000,"-0.00007882"
1774281600002,"0.00005000"
1774296000000,"-0.00017377"
1774310400000,"0.00005000"
1774324800001,"0.00005000"
1774339200000,"-0.00006856"
1774353600000,"0.00005000"
1774368000003,"-0.00004451"
1774382400000,"-0.00015733"
1774396800000,"-0.00010098"
1774411200000,"0.00005000"
1774425600000,"-0.00012097"
1774440000005,"0.00002795"
1774454400013,"0.00004953"
1774468800001,"-0.00005775"
1774483200001,"0.00005000"
1774497600002,"0.00004596"
1774512000001,"-0.00002191"
1774526400000,"-0.00027545"
1774540800000,"-0.00033408"
1774555200003,"-0.00040222"
1774569600006,"-0.00009511"
1774584000001,"0.00005000"
1774598400000,"-0.00013548"
1774612800002,"-0.00047466"
1774627200000,"-0.00015819"
1774641600000,"-0.00005769"
1774656000005,"0.00004282"
1774670400003,"-0.00014678"
1774684800005,"-0.00006052"
1774699200006,"-0.00019491"
1774713600000,"-0.00001678"
1774728000003,"0.00005000"
1774742400003,"-0.00041377"
1774756800000,"-0.00024899"
1774771200001,"-0.00005583"
1774785600000,"-0.00025536"
1774800000000,"-0.00020418"
1774814400000,"0.00005000"
1774828800000,"-0.00024126"
1774843200012,"0.00005000"
1774857600005,"0.00005000"
1774872000005,"0.00005000"
1774886400000,"0.00005000"
1774900800000,"0.00005000"
1774915200000,"0.00005000"
1774929600000,"0.00005000"
1774944000000,"0.00005000"
1774958400001,"0.00005000"
1774972800000,"0.00005000"
1774987200002,"0.00005000"
1775001600000,"0.00001556"
1775016000004,"0.00005000"
1775030400000,"0.00005000"
1775044800000,"0.00005000"
1775059200000,"0.00005000"
1775073600000,"0.00005000"
1775088000003,"0.00005000"
1775102400003,"0.00005000"
1775116800001,"0.00005000"
1775131200003,"-0.00003354"
1775145600001,"-0.00008117"
1775160000003,"0.00000965"
1775174400000,"0.00005000"
1775188800000,"0.00005000"
1775203200008,"0.00005000"
1775217600006,"0.00005000"
1775232000008,"0.00005000"
1775246400001,"0.00005000"
1775260800000,"0.00005000"
1775275200001,"0.00005000"
1775289600003,"0.00005000"
1775304000000,"0.00005000"
1775318400000,"0.00004483"
1775332800000,"0.00005000"
1775347200008,"0.00005000"
1775361600002,"-0.00008620"
1775376000000,"-0.00018911"
1775390400003,"-0.00017730"
1775404800001,"-0.00011650"
1775419200003,"-0.00008286"
1775433600004,"-0.00004991"
1775448000005,"0.00005000"
1775462400001,"0.00005000"
1775476800002,"0.00005000"
1775491200003,"0.00005000"
1775505600000,"0.00005000"
1775520000000,"-0.00005254"
1775534400003,"-0.00009679"
1775548800000,"-0.00002089"
1775563200008,"0.00005000"
1775577600000,"-0.00006841"
1775592000000,"0.00002929"
1775606400000,"0.00005000"
1775620800002,"0.00005000"
1775635200000,"0.00005000"
1775649600013,"-0.00001397"
1775664000006,"0.00005000"
1775678400005,"-0.00000613"
1775692800000,"-0.00009028"
1775707200005,"0.00005000"
1775721600010,"0.00005000"
1775736000001,"0.00005000"
1775750400001,"0.00003140"
1775764800001,"0.00005000"
1775779200000,"0.00005000"
1775793600000,"0.00000634"
1775808000005,"0.00005000"
1775822400000,"0.00005000"
1775836800000,"0.00005000"
1775851200002,"0.00005000"
1775865600000,"0.00005000"
1775880000009,"-0.00002369"
1775894400000,"0.00005000"
1775908800002,"-0.00012709"
1775923200003,"-0.00000836"
1775937600001,"0.00005000"
1775952000000,"0.00005000"
1775966400000,"-0.00009251"
1775980800000,"-0.00002058"
1775995200000,"-0.00004302"
1776009600000,"0.00000142"
1776024000013,"-0.00007145"
1776038400011,"0.00005000"
1776052800003,"0.00005000"
1776067200006,"0.00005000"
1776081600010,"0.00005000"
1776096000000,"-0.00006377"
1776110400000,"0.00002472"
1776124800005,"0.00005000"
1776139200000,"0.00005000"
1776153600003,"0.00005000"
1776168000000,"0.00004932"
1776182400001,"-0.00002330"
1776196800009,"0.00004366"
1776211200000,"0.00005000"
1776225600000,"0.00005000"
1776240000000,"0.00005000"
1776254400000,"0.00005000"
1776268800000,"0.00005000"
1776283200009,"0.00005000"
1776297600013,"0.00005000"
1776312000008,"0.00005000"
1776326400000,"0.00005000"
1776340800004,"0.00005000"
1776355200000,"0.00005000"
1776369600000,"0.00005000"
1776384000001,"0.00005000"
1776398400003,"0.00005000"
1776412800011,"0.00005000"
1776427200003,"0.00005000"
1776441600001,"0.00005000"
1776456000005,"0.00005000"
1776470400001,"0.00005000"
1776484800003,"0.00005000"
1776499200006,"0.00005000"
1776513600000,"0.00005000"
1776528000000,"0.00005000"
1776542400002,"-0.00006281"
1776556800002,"0.00005000"
1776571200000,"-0.00004801"
1776585600010,"0.00005000"
1776600000003,"0.00002845"
1776614400001,"0.00005000"
1776628800005,"0.00005000"
1776643200000,"0.00005000"
1776657600001,"0.00005000"
1776672000000,"0.00005000"
1776686400009,"0.00005000"
1776700800001,"0.00005000"
1776715200000,"0.00005000"
1776729600000,"0.00005000"
1776744000000,"0.00005000"
1776758400004,"0.00005000"
1776772800000,"0.00005000"
1776787200004,"0.00005000"
1776801600003,"0.00005000"
1776816000004,"0.00005000"
1776830400003,"0.00005000"
1776844800000,"0.00005000"
1776859200000,"0.00005000"
1776873600000,"0.00005000"
1776888000003,"0.00005000"
1776902400000,"0.00005000"
1776916800000,"0.00005000"
1776931200000,"0.00005000"
1776945600000,"0.00005000"
1776960000004,"0.00005000"
1776974400006,"0.00005000"
1776988800006,"0.00005000"
1777003200000,"0.00005000"
1777017600000,"0.00005000"
1777032000002,"0.00005000"
1777046400000,"0.00005000"
1777060800003,"0.00005000"
1777075200000,"0.00005000"
1777089600005,"0.00005000"
1777104000002,"0.00005000"
1777118400001,"0.00005000"
1777132800002,"0.00005000"
1777147200001,"0.00005000"
1777161600003,"0.00005000"
1777176000001,"0.00005000"
1777190400007,"-0.00000119"
1777204800001,"0.00005000"
1777219200004,"0.00005000"
1777233600014,"-0.00004701"
1777248000004,"0.00004952"
1777262400000,"0.00004215"
1777276800000,"0.00005000"
1777291200004,"-0.00001325"
1777305600002,"0.00005000"
1777320000000,"0.00005000"
1777334400001,"0.00005000"
1777348800006,"0.00005000"
1777363200000,"0.00005000"
1777377600000,"0.00005000"
1777392000004,"0.00005000"
1777406400001,"0.00005000"
1777420800006,"0.00005000"
1777435200003,"0.00005000"
1777449600011,"0.00005000"
1777464000000,"0.00004584"
1777478400003,"0.00005000"
1777492800004,"0.00005000"
1777507200002,"0.00005000"
1777521600000,"0.00005000"
1777536000000,"0.00005000"
1777550400000,"0.00002101"
1777564800000,"0.00005000"
1777579200002,"0.00005000"
1777593600000,"0.00003226"
1777608000003,"0.00005000"
1777622400005,"0.00005000"
1777636800000,"0.00005000"
1777651200000,"0.00005000"
1777665600009,"0.00005000"
1777680000006,"-0.00003351"
1777694400000,"-0.00001873"
1777708800000,"0.00005000"
1777723200009,"0.00005000"
1777737600010,"0.00005000"
1777752000000,"0.00005000"
1777766400005,"0.00005000"
1777780800014,"0.00005000"
1777795200003,"0.00005000"
1777809600004,"0.00005000"
1777824000000,"0.00005000"
1777838400000,"0.00005000"
1777852800000,"0.00005000"
1777867200003,"0.00005000"
1777881600000,"0.00005000"
1777896000000,"0.00005000"
1777910400003,"0.00005000"
1777924800007,"0.00005000"
1777939200000,"0.00005000"
1777953600000,"0.00005000"
1777968000011,"0.00001637"
1777982400006,"0.00000861"
1777996800000,"-0.00004532"
1778011200000,"-0.00016476"
